x (mm),altura (µm)
0.000000000,-4.810705931
0.000203500,-4.810725036
0.000406900,-4.810744131
0.000610400,-4.810763236
0.000813800,-4.810782331
0.001017300,-4.810801436
0.001220700,-4.810820531
0.001424200,-4.810839636
0.001627600,-4.814858731
0.001831100,-4.814877836
0.002034500,-4.814896931
0.002238000,-4.814916036
0.002441400,-4.814935131
0.002644900,-4.818954236
0.002848300,-4.818973331
0.003051800,-4.818992436
0.003255200,-4.819011531
0.003458700,-4.819030636
0.003662100,-4.823049732
0.003865600,-4.823068836
0.004069000,-4.823087932
0.004272500,-4.823107036
0.004475900,-4.827126132
0.004679400,-4.827145236
0.004882800,-4.827164332
0.005086300,-4.831183437
0.005289700,-4.831202532
0.005493200,-4.831221637
0.005696600,-4.831240732
0.005900100,-4.835259837
0.006103500,-4.835278932
0.006307000,-4.835298037
0.006510400,-4.835317132
0.006713900,-4.839336237
0.006917300,-4.839355332
0.007120800,-4.839374437
0.007324200,-4.839393532
0.007527700,-4.843412637
0.007731100,-4.843431732
0.007934600,-4.843450837
0.008138000,-4.843469932
0.008341500,-4.843489037
0.008544900,-4.847508133
0.008748400,-4.847527237
0.008951800,-4.847546333
0.009155300,-4.847565437
0.009358700,-4.847584533
0.009562200,-4.851603637
0.009765600,-4.851622733
0.009969100,-4.851641837
0.010172500,-4.851660933
0.010376000,-4.851680038
0.010579400,-4.851699133
0.010782900,-4.851718238
0.010986300,-4.851737333
0.011189800,-4.851756438
0.011393200,-4.851775533
0.011596700,-4.851794638
0.011800100,-4.851813733
0.012003600,-4.851832838
0.012207000,-4.851851933
0.012410500,-4.851871038
0.012613900,-4.851890133
0.012817400,-4.851909238
0.013020800,-4.851928333
0.013224300,-4.851947438
0.013427700,-4.851966533
0.013631200,-4.847985638
0.013834600,-4.848004734
0.014038100,-4.848023838
0.014241500,-4.848042934
0.014445000,-4.848062038
0.014648400,-4.844081134
0.014851900,-4.844100238
0.015055300,-4.844119334
0.015258800,-4.844138439
0.015462200,-4.840157534
0.015665700,-4.840176639
0.015869100,-4.840195734
0.016072600,-4.836214839
0.016276000,-4.836233934
0.016479500,-4.836253039
0.016682900,-4.832272134
0.016886400,-4.832291239
0.017089800,-4.832310334
0.017293300,-4.828329439
0.017496700,-4.828348534
0.017700200,-4.828367639
0.017903600,-4.824386734
0.018107100,-4.824405839
0.018310500,-4.820424934
0.018514000,-4.820444039
0.018717400,-4.816463135
0.018920900,-4.816482239
0.019124300,-4.816501335
0.019327800,-4.812520439
0.019531300,-4.812539544
0.019734700,-4.812558639
0.019938200,-4.808577744
0.020141600,-4.808596839
0.020345100,-4.804615944
0.020548500,-4.804635040
0.020752000,-4.800654144
0.020955400,-4.800673240
0.021158900,-4.800692344
0.021362300,-4.796711440
0.021565800,-4.796730544
0.021769200,-4.792749640
0.021972700,-4.792768745
0.022176100,-4.788787840
0.022379600,-4.788806945
0.022583000,-4.784826040
0.022786500,-4.784845145
0.022989900,-4.784864240
0.023193400,-4.780883345
0.023396800,-4.780902440
0.023600300,-4.776921545
0.023803700,-4.776940640
0.024007200,-4.776959745
0.024210600,-4.772978840
0.024414100,-4.772997945
0.024617500,-4.773017040
0.024821000,-4.769036145
0.025024400,-4.769055240
0.025227900,-4.769074345
0.025431300,-4.765093441
0.025634800,-4.765112545
0.025838200,-4.765131641
0.026041700,-4.761150745
0.026245100,-4.761169841
0.026448600,-4.761188945
0.026652000,-4.757208041
0.026855500,-4.757227145
0.027058900,-4.757246241
0.027262400,-4.757265346
0.027465800,-4.757284441
0.027669300,-4.753303546
0.027872700,-4.753322641
0.028076200,-4.753341746
0.028279600,-4.753360841
0.028483100,-4.749379946
0.028686500,-4.749399041
0.028890000,-4.749418146
0.029093400,-4.749437241
0.029296900,-4.749456346
0.029500300,-4.745475441
0.029703800,-4.745494546
0.029907200,-4.745513641
0.030110700,-4.745532746
0.030314100,-4.745551841
0.030517600,-4.745570946
0.030721000,-4.741590042
0.030924500,-4.741609146
0.031127900,-4.741628242
0.031331400,-4.741647346
0.031534800,-4.741666442
0.031738300,-4.741685546
0.031941700,-4.741704642
0.032145200,-4.737723747
0.032348600,-4.737742842
0.032552100,-4.737761947
0.032755500,-4.737781042
0.032959000,-4.737800147
0.033162400,-4.737819242
0.033365900,-4.737838347
0.033569300,-4.737857442
0.033772800,-4.737876547
0.033976200,-4.733895642
0.034179700,-4.733914747
0.034383100,-4.733933842
0.034586600,-4.733952947
0.034790000,-4.733972042
0.034993500,-4.733991147
0.035196900,-4.734010242
0.035400400,-4.734029347
0.035603800,-4.734048443
0.035807300,-4.730067547
0.036010700,-4.730086643
0.036214200,-4.730105747
0.036417600,-4.730124843
0.036621100,-4.730143947
0.036824500,-4.730163043
0.037028000,-4.730182147
0.037231400,-4.730201243
0.037434900,-4.730220348
0.037638300,-4.730239443
0.037841800,-4.730258548
0.038045200,-4.730277643
0.038248700,-4.730296748
0.038452100,-4.726315843
0.038655600,-4.726334948
0.038859000,-4.726354043
0.039062500,-4.726373148
0.039266000,-4.726392253
0.039469400,-4.726411348
0.039672900,-4.726430453
0.039876300,-4.726449548
0.040079800,-4.726468653
0.040283200,-4.726487748
0.040486700,-4.726506853
0.040690100,-4.726525948
0.040893600,-4.726545053
0.041097000,-4.726564148
0.041300500,-4.726583253
0.041503900,-4.722602348
0.041707400,-4.722621453
0.041910800,-4.722640548
0.042114300,-4.722659653
0.042317700,-4.722678749
0.042521200,-4.722697853
0.042724600,-4.722716949
0.042928100,-4.722736053
0.043131500,-4.722755149
0.043335000,-4.722774253
0.043538400,-4.722793349
0.043741900,-4.722812453
0.043945300,-4.718831549
0.044148800,-4.718850654
0.044352200,-4.718869749
0.044555700,-4.718888854
0.044759100,-4.718907949
0.044962600,-4.718927054
0.045166000,-4.718946149
0.045369500,-4.718965254
0.045572900,-4.718984349
0.045776400,-4.715003454
0.045979800,-4.715022549
0.046183300,-4.715041654
0.046386700,-4.715060749
0.046590200,-4.715079854
0.046793600,-4.711098949
0.046997100,-4.711118054
0.047200500,-4.711137149
0.047404000,-4.711156254
0.047607400,-4.711175350
0.047810900,-4.707194454
0.048014300,-4.707213550
0.048217800,-4.707232654
0.048421200,-4.707251750
0.048624700,-4.703270854
0.048828100,-4.703289950
0.049031600,-4.703309055
0.049235000,-4.703328150
0.049438500,-4.699347255
0.049641900,-4.699366350
0.049845400,-4.699385455
0.050048800,-4.695404550
0.050252300,-4.695423655
0.050455700,-4.695442750
0.050659200,-4.691461855
0.050862600,-4.691480950
0.051066100,-4.687500055
0.051269500,-4.687519150
0.051473000,-4.687538255
0.051676400,-4.683557350
0.051879900,-4.683576455
0.052083300,-4.683595550
0.052286800,-4.679614655
0.052490200,-4.675633750
0.052693700,-4.675652855
0.052897100,-4.671671951
0.053100600,-4.671691055
0.053304000,-4.671710151
0.053507500,-4.667729255
0.053710900,-4.663748351
0.053914400,-4.663767455
0.054117800,-4.663786551
0.054321300,-4.659805656
0.054524700,-4.655824751
0.054728200,-4.655843856
0.054931600,-4.651862951
0.055135100,-4.651882056
0.055338500,-4.647901151
0.055542000,-4.647920256
0.055745400,-4.643939351
0.055948900,-4.643958456
0.056152300,-4.639977551
0.056355800,-4.635996656
0.056559200,-4.636015751
0.056762700,-4.632034856
0.056966100,-4.628053951
0.057169600,-4.628073056
0.057373000,-4.628092151
0.057576500,-4.624111256
0.057779900,-4.620130352
0.057983400,-4.620149456
0.058186800,-4.616168552
0.058390300,-4.612187656
0.058593800,-4.612206761
0.058797200,-4.608225856
0.059000700,-4.604244961
0.059204100,-4.604264057
0.059407600,-4.600283161
0.059611000,-4.596302257
0.059814500,-4.596321361
0.060017900,-4.596340457
0.060221400,-4.592359561
0.060424800,-4.588378657
0.060628300,-4.588397761
0.060831700,-4.584416857
0.061035200,-4.580435962
0.061238600,-4.580455057
0.061442100,-4.576474162
0.061645500,-4.572493257
0.061849000,-4.572512362
0.062052400,-4.568531457
0.062255900,-4.568550562
0.062459300,-4.564569657
0.062662800,-4.560588762
0.062866200,-4.560607857
0.063069700,-4.556626962
0.063273100,-4.556646057
0.063476600,-4.552665162
0.063680000,-4.548684257
0.063883500,-4.548703362
0.064086900,-4.544722457
0.064290400,-4.540741562
0.064493800,-4.540760658
0.064697300,-4.536779762
0.064900700,-4.536798858
0.065104200,-4.532817962
0.065307600,-4.528837058
0.065511100,-4.528856162
0.065714500,-4.524875258
0.065918000,-4.520894363
0.066121400,-4.520913458
0.066324900,-4.516932563
0.066528300,-4.516951658
0.066731800,-4.512970763
0.066935200,-4.512989858
0.067138700,-4.509008963
0.067342100,-4.505028058
0.067545600,-4.505047163
0.067749000,-4.501066258
0.067952500,-4.497085363
0.068155900,-4.497104458
0.068359400,-4.493123563
0.068562800,-4.489142658
0.068766300,-4.489161763
0.068969700,-4.485180858
0.069173200,-4.481199963
0.069376600,-4.481219058
0.069580100,-4.477238163
0.069783500,-4.473257259
0.069987000,-4.473276363
0.070190400,-4.469295459
0.070393900,-4.465314563
0.070597300,-4.465333659
0.070800800,-4.461352763
0.071004200,-4.461371859
0.071207700,-4.453390964
0.071411100,-4.453410059
0.071614600,-4.449429164
0.071818000,-4.445448259
0.072021500,-4.445467364
0.072224900,-4.441486459
0.072428400,-4.437505564
0.072631800,-4.437524659
0.072835300,-4.433543764
0.073038700,-4.429562859
0.073242200,-4.425581964
0.073445600,-4.425601059
0.073649100,-4.421620164
0.073852500,-4.417639259
0.074056000,-4.413658364
0.074259400,-4.413677459
0.074462900,-4.409696564
0.074666300,-4.405715660
0.074869800,-4.401734764
0.075073200,-4.397753860
0.075276700,-4.397772964
0.075480100,-4.393792060
0.075683600,-4.389811164
0.075887000,-4.385830260
0.076090500,-4.385849364
0.076293900,-4.381868460
0.076497400,-4.377887565
0.076700800,-4.373906660
0.076904300,-4.369925765
0.077107700,-4.365944860
0.077311200,-4.361963965
0.077514600,-4.361983060
0.077718100,-4.358002165
0.077921500,-4.354021260
0.078125000,-4.350040365
0.078328500,-4.346059470
0.078531900,-4.342078565
0.078735400,-4.338097670
0.078938800,-4.338116765
0.079142300,-4.330135870
0.079345700,-4.330154965
0.079549200,-4.326174070
0.079752600,-4.322193165
0.079956100,-4.318212270
0.080159500,-4.314231365
0.080363000,-4.310250470
0.080566400,-4.306269565
0.080769900,-4.302288670
0.080973300,-4.302307765
0.081176800,-4.294326870
0.081380200,-4.290345966
0.081583700,-4.290365070
0.081787100,-4.286384166
0.081990600,-4.282403270
0.082194000,-4.278422366
0.082397500,-4.274441470
0.082600900,-4.270460566
0.082804400,-4.266479671
0.083007800,-4.262498766
0.083211300,-4.258517871
0.083414700,-4.254536966
0.083618200,-4.250556071
0.083821600,-4.246575166
0.084025100,-4.242594271
0.084228500,-4.238613366
0.084432000,-4.234632471
0.084635400,-4.230651566
0.084838900,-4.226670671
0.085042300,-4.222689766
0.085245800,-4.218708871
0.085449200,-4.214727966
0.085652700,-4.210747071
0.085856100,-4.206766166
0.086059600,-4.202785271
0.086263000,-4.198804366
0.086466500,-4.194823471
0.086669900,-4.190842567
0.086873400,-4.186861671
0.087076800,-4.182880767
0.087280300,-4.178899871
0.087483700,-4.174918967
0.087687200,-4.170938071
0.087890600,-4.166957167
0.088094100,-4.162976272
0.088297500,-4.158995367
0.088501000,-4.155014472
0.088704400,-4.151033567
0.088907900,-4.147052672
0.089111300,-4.143071767
0.089314800,-4.139090872
0.089518200,-4.135109967
0.089721700,-4.131129072
0.089925100,-4.127148167
0.090128600,-4.123167272
0.090332000,-4.119186367
0.090535500,-4.119205472
0.090738900,-4.111224567
0.090942400,-4.107243672
0.091145800,-4.107262767
0.091349300,-4.099281872
0.091552700,-4.099300968
0.091756200,-4.095320072
0.091959600,-4.087339168
0.092163100,-4.087358272
0.092366500,-4.083377368
0.092570000,-4.079396472
0.092773400,-4.075415568
0.092976900,-4.071434672
0.093180300,-4.071453768
0.093383800,-4.063472873
0.093587200,-4.063491968
0.093790700,-4.059511073
0.093994100,-4.055530168
0.094197600,-4.051549273
0.094401000,-4.047568368
0.094604500,-4.043587473
0.094807900,-4.039606568
0.095011400,-4.039625673
0.095214800,-4.035644768
0.095418300,-4.031663873
0.095621700,-4.027682968
0.095825200,-4.027702073
0.096028600,-4.019721168
0.096232100,-4.019740273
0.096435500,-4.015759368
0.096639000,-4.011778473
0.096842400,-4.007797569
0.097045900,-4.007816673
0.097249300,-4.003835769
0.097452800,-3.999854873
0.097656200,-3.995873969
0.097859700,-3.995893073
0.098063200,-3.991912178
0.098266600,-3.987931274
0.098470100,-3.983950378
0.098673500,-3.979969474
0.098877000,-3.979988578
0.099080400,-3.976007674
0.099283900,-3.976026778
0.099487300,-3.972045874
0.099690800,-3.968064978
0.099894200,-3.964084074
0.100097700,-3.960103179
0.100301100,-3.960122274
0.100504600,-3.956141379
0.100708000,-3.952160474
0.100911500,-3.952179579
0.101114900,-3.948198674
0.101318400,-3.944217779
0.101521800,-3.944236874
0.101725300,-3.940255979
0.101928700,-3.936275074
0.102132200,-3.932294179
0.102335600,-3.932313274
0.102539100,-3.928332379
0.102742500,-3.924351474
0.102946000,-3.924370579
0.103149400,-3.920389674
0.103352900,-3.916408779
0.103556300,-3.916427875
0.103759800,-3.912446979
0.103963200,-3.908466075
0.104166700,-3.904485179
0.104370100,-3.904504275
0.104573600,-3.900523379
0.104777000,-3.896542475
0.104980500,-3.896561580
0.105183900,-3.892580675
0.105387400,-3.888599780
0.105590800,-3.888618875
0.105794300,-3.884637980
0.105997700,-3.884657075
0.106201200,-3.876676180
0.106404600,-3.876695275
0.106608100,-3.872714380
0.106811500,-3.868733475
0.107015000,-3.868752580
0.107218400,-3.864771675
0.107421900,-3.860790780
0.107625300,-3.860809875
0.107828800,-3.856828980
0.108032200,-3.852848075
0.108235700,-3.848867180
0.108439100,-3.848886276
0.108642600,-3.844905380
0.108846000,-3.840924476
0.109049500,-3.840943580
0.109252900,-3.836962676
0.109456400,-3.832981780
0.109659800,-3.829000876
0.109863300,-3.829019980
0.110066700,-3.825039076
0.110270200,-3.821058181
0.110473600,-3.817077276
0.110677100,-3.817096381
0.110880500,-3.813115476
0.111084000,-3.809134581
0.111287400,-3.805153676
0.111490900,-3.801172781
0.111694300,-3.801191876
0.111897800,-3.797210981
0.112101200,-3.793230076
0.112304700,-3.789249181
0.112508100,-3.785268276
0.112711600,-3.785287381
0.112915000,-3.781306476
0.113118500,-3.777325581
0.113321900,-3.773344676
0.113525400,-3.769363781
0.113728800,-3.765382877
0.113932300,-3.765401981
0.114135700,-3.757421077
0.114339200,-3.757440181
0.114542600,-3.753459277
0.114746100,-3.749478381
0.114949500,-3.745497477
0.115153000,-3.741516582
0.115356400,-3.741535677
0.115559900,-3.733554782
0.115763300,-3.733573877
0.115966800,-3.729592982
0.116170200,-3.725612077
0.116373700,-3.721631182
0.116577100,-3.717650277
0.116780600,-3.713669382
0.116984000,-3.709688477
0.117187500,-3.705707582
0.117391000,-3.705726687
0.117594400,-3.697745782
0.117797900,-3.697764887
0.118001300,-3.693783982
0.118204800,-3.689803087
0.118408200,-3.685822182
0.118611700,-3.681841287
0.118815100,-3.677860382
0.119018600,-3.673879487
0.119222000,-3.669898582
0.119425500,-3.669917687
0.119628900,-3.661936782
0.119832400,-3.661955887
0.120035800,-3.657974982
0.120239300,-3.653994087
0.120442700,-3.650013183
0.120646200,-3.646032287
0.120849600,-3.642051383
0.121053100,-3.638070487
0.121256500,-3.638089583
0.121460000,-3.634108687
0.121663400,-3.630127783
0.121866900,-3.626146888
0.122070300,-3.622165983
0.122273800,-3.618185088
0.122477200,-3.614204183
0.122680700,-3.614223288
0.122884100,-3.610242383
0.123087600,-3.606261488
0.123291000,-3.602280583
0.123494500,-3.602299688
0.123697900,-3.594318783
0.123901400,-3.594337888
0.124104800,-3.590356983
0.124308300,-3.586376088
0.124511700,-3.586395183
0.124715200,-3.582414288
0.124918600,-3.578433383
0.125122100,-3.574452488
0.125325500,-3.574471584
0.125529000,-3.570490688
0.125732400,-3.566509784
0.125935900,-3.566528888
0.126139300,-3.562547984
0.126342800,-3.558567088
0.126546200,-3.554586184
0.126749700,-3.554605288
0.126953100,-3.550624384
0.127156600,-3.546643489
0.127360000,-3.546662584
0.127563500,-3.542681689
0.127766900,-3.538700784
0.127970400,-3.538719889
0.128173800,-3.534738984
0.128377300,-3.530758089
0.128580700,-3.530777184
0.128784200,-3.526796289
0.128987600,-3.522815384
0.129191100,-3.522834489
0.129394500,-3.522853584
0.129598000,-3.518872689
0.129801400,-3.514891784
0.130004900,-3.514910889
0.130208300,-3.510929984
0.130411800,-3.506949089
0.130615200,-3.506968185
0.130818700,-3.502987289
0.131022100,-3.499006385
0.131225600,-3.499025489
0.131429000,-3.495044585
0.131632500,-3.491063689
0.131835900,-3.491082785
0.132039400,-3.487101890
0.132242800,-3.487120985
0.132446300,-3.483140090
0.132649700,-3.483159185
0.132853200,-3.479178290
0.133056600,-3.475197385
0.133260100,-3.475216490
0.133463500,-3.471235585
0.133667000,-3.467254690
0.133870400,-3.467273785
0.134073900,-3.463292890
0.134277300,-3.463311985
0.134480800,-3.459331090
0.134684200,-3.455350185
0.134887700,-3.455369290
0.135091100,-3.451388385
0.135294600,-3.447407490
0.135498000,-3.447426585
0.135701500,-3.443445690
0.135904900,-3.439464786
0.136108400,-3.439483890
0.136311800,-3.435502986
0.136515300,-3.431522090
0.136718700,-3.431541186
0.136922200,-3.427560290
0.137125700,-3.423579395
0.137329100,-3.419598491
0.137532600,-3.419617595
0.137736000,-3.415636691
0.137939500,-3.411655795
0.138142900,-3.411674891
0.138346400,-3.407693995
0.138549800,-3.403713091
0.138753300,-3.403732196
0.138956700,-3.399751291
0.139160200,-3.395770396
0.139363600,-3.391789491
0.139567100,-3.391808596
0.139770500,-3.387827691
0.139974000,-3.383846796
0.140177400,-3.383865891
0.140380900,-3.379884996
0.140584300,-3.375904091
0.140787800,-3.375923196
0.140991200,-3.371942291
0.141194700,-3.367961396
0.141398100,-3.363980491
0.141601600,-3.363999596
0.141805000,-3.360018691
0.142008500,-3.356037796
0.142211900,-3.356056892
0.142415400,-3.352075996
0.142618800,-3.348095092
0.142822300,-3.348114196
0.143025700,-3.344133292
0.143229200,-3.340152396
0.143432600,-3.340171492
0.143636100,-3.340190596
0.143839500,-3.336209692
0.144043000,-3.332228797
0.144246400,-3.332247892
0.144449900,-3.328266997
0.144653300,-3.324286092
0.144856800,-3.324305197
0.145060200,-3.324324292
0.145263700,-3.320343397
0.145467100,-3.316362492
0.145670600,-3.316381597
0.145874000,-3.312400692
0.146077500,-3.312419797
0.146280900,-3.308438892
0.146484400,-3.308457997
0.146687800,-3.304477092
0.146891300,-3.304496197
0.147094700,-3.304515292
0.147298200,-3.300534397
0.147501600,-3.300553493
0.147705100,-3.296572597
0.147908500,-3.296591693
0.148112000,-3.296610797
0.148315400,-3.292629893
0.148518900,-3.292648997
0.148722300,-3.288668093
0.148925800,-3.288687198
0.149129200,-3.288706293
0.149332700,-3.284725398
0.149536100,-3.284744493
0.149739600,-3.284763598
0.149943000,-3.284782693
0.150146500,-3.280801798
0.150349900,-3.280820893
0.150553400,-3.280839998
0.150756800,-3.280859093
0.150960300,-3.276878198
0.151163700,-3.276897293
0.151367200,-3.276916398
0.151570600,-3.276935493
0.151774100,-3.276954598
0.151977500,-3.272973693
0.152181000,-3.272992798
0.152384400,-3.273011893
0.152587900,-3.273030998
0.152791300,-3.273050094
0.152994800,-3.273069198
0.153198200,-3.269088294
0.153401700,-3.269107398
0.153605100,-3.269126494
0.153808600,-3.269145598
0.154012000,-3.269164694
0.154215500,-3.269183799
0.154418900,-3.265202894
0.154622400,-3.265221999
0.154825800,-3.265241094
0.155029300,-3.265260199
0.155232700,-3.265279294
0.155436200,-3.265298399
0.155639600,-3.265317494
0.155843100,-3.265336599
0.156046500,-3.261355694
0.156250000,-3.261374799
0.156453500,-3.261393904
0.156656900,-3.261412999
0.156860400,-3.261432104
0.157063800,-3.261451199
0.157267300,-3.261470304
0.157470700,-3.257489399
0.157674200,-3.257508504
0.157877600,-3.257527599
0.158081100,-3.257546704
0.158284500,-3.257565799
0.158488000,-3.257584904
0.158691400,-3.257603999
0.158894900,-3.257623104
0.159098300,-3.257642199
0.159301800,-3.253661304
0.159505200,-3.253680400
0.159708700,-3.253699504
0.159912100,-3.253718600
0.160115600,-3.253737704
0.160319000,-3.253756800
0.160522500,-3.253775904
0.160725900,-3.249795000
0.160929400,-3.249814105
0.161132800,-3.249833200
0.161336300,-3.249852305
0.161539700,-3.249871400
0.161743200,-3.249890505
0.161946600,-3.245909600
0.162150100,-3.245928705
0.162353500,-3.245947800
0.162557000,-3.245966905
0.162760400,-3.245986000
0.162963900,-3.246005105
0.163167300,-3.242024200
0.163370800,-3.242043305
0.163574200,-3.242062400
0.163777700,-3.242081505
0.163981100,-3.242100600
0.164184600,-3.242119705
0.164388000,-3.238138801
0.164591500,-3.238157905
0.164794900,-3.238177001
0.164998400,-3.238196105
0.165201800,-3.238215201
0.165405300,-3.238234305
0.165608700,-3.238253401
0.165812200,-3.234272506
0.166015600,-3.234291601
0.166219100,-3.234310706
0.166422500,-3.234329801
0.166626000,-3.234348906
0.166829400,-3.234368001
0.167032900,-3.234387106
0.167236300,-3.230406201
0.167439800,-3.230425306
0.167643200,-3.230444401
0.167846700,-3.230463506
0.168050100,-3.230482601
0.168253600,-3.230501706
0.168457000,-3.230520801
0.168660500,-3.230539906
0.168863900,-3.230559001
0.169067400,-3.230578106
0.169270800,-3.226597201
0.169474300,-3.226616306
0.169677700,-3.226635402
0.169881200,-3.226654506
0.170084600,-3.226673602
0.170288100,-3.226692706
0.170491500,-3.226711802
0.170695000,-3.226730906
0.170898400,-3.226750002
0.171101900,-3.226769107
0.171305300,-3.226788202
0.171508800,-3.226807307
0.171712200,-3.226826402
0.171915700,-3.226845507
0.172119100,-3.226864602
0.172322600,-3.226883707
0.172526000,-3.226902802
0.172729500,-3.226921907
0.172932900,-3.226941002
0.173136400,-3.226960107
0.173339800,-3.226979202
0.173543300,-3.226998307
0.173746700,-3.227017402
0.173950200,-3.227036507
0.174153600,-3.227055602
0.174357100,-3.227074707
0.174560500,-3.227093803
0.174764000,-3.227112907
0.174967400,-3.227132003
0.175170900,-3.227151107
0.175374300,-3.227170203
0.175577800,-3.227189307
0.175781300,-3.227208412
0.175984700,-3.227227507
0.176188200,-3.227246612
0.176391600,-3.227265708
0.176595100,-3.227284812
0.176798500,-3.227303908
0.177002000,-3.227323012
0.177205400,-3.227342108
0.177408900,-3.227361212
0.177612300,-3.227380308
0.177815800,-3.227399413
0.178019200,-3.227418508
0.178222700,-3.227437613
0.178426100,-3.227456708
0.178629600,-3.227475813
0.178833000,-3.227494908
0.179036500,-3.227514013
0.179239900,-3.227533108
0.179443400,-3.223552213
0.179646800,-3.223571308
0.179850300,-3.223590413
0.180053700,-3.223609508
0.180257200,-3.223628613
0.180460600,-3.223647708
0.180664100,-3.223666813
0.180867500,-3.223685908
0.181071000,-3.223705013
0.181274400,-3.223724109
0.181477900,-3.219743213
0.181681300,-3.219762309
0.181884800,-3.219781413
0.182088200,-3.219800509
0.182291700,-3.219819613
0.182495100,-3.219838709
0.182698600,-3.219857813
0.182902000,-3.215876909
0.183105500,-3.215896014
0.183308900,-3.215915109
0.183512400,-3.215934214
0.183715800,-3.215953309
0.183919300,-3.215972414
0.184122700,-3.211991509
0.184326200,-3.212010614
0.184529600,-3.212029709
0.184733100,-3.212048814
0.184936500,-3.212067909
0.185140000,-3.208087014
0.185343400,-3.208106109
0.185546900,-3.208125214
0.185750300,-3.208144309
0.185953800,-3.208163414
0.186157200,-3.208182509
0.186360700,-3.204201614
0.186564100,-3.204220710
0.186767600,-3.204239814
0.186971000,-3.204258910
0.187174500,-3.204278014
0.187377900,-3.200297110
0.187581400,-3.200316214
0.187784800,-3.200335310
0.187988300,-3.200354415
0.188191700,-3.200373510
0.188395200,-3.196392615
0.188598600,-3.196411710
0.188802100,-3.196430815
0.189005500,-3.196449910
0.189209000,-3.196469015
0.189412400,-3.196488110
0.189615900,-3.196507215
0.189819300,-3.192526310
0.190022800,-3.192545415
0.190226200,-3.192564510
0.190429700,-3.192583615
0.190633100,-3.192602710
0.190836600,-3.192621815
0.191040000,-3.192640910
0.191243500,-3.192660015
0.191446900,-3.192679111
0.191650400,-3.188698215
0.191853800,-3.188717311
0.192057300,-3.188736415
0.192260700,-3.188755511
0.192464200,-3.188774615
0.192667600,-3.188793711
0.192871100,-3.188812815
0.193074500,-3.188831911
0.193278000,-3.188851016
0.193481400,-3.188870111
0.193684900,-3.188889216
0.193888300,-3.188908311
0.194091800,-3.188927416
0.194295200,-3.188946511
0.194498700,-3.188965616
0.194702100,-3.188984711
0.194905600,-3.189003816
0.195109000,-3.189022911
0.195312500,-3.189042016
0.195516000,-3.189061121
0.195719400,-3.189080216
0.195922900,-3.189099321
0.196126300,-3.189118416
0.196329800,-3.193137521
0.196533200,-3.193156616
0.196736700,-3.193175721
0.196940100,-3.193194816
0.197143600,-3.193213921
0.197347000,-3.193233016
0.197550500,-3.193252121
0.197753900,-3.193271216
0.197957400,-3.193290321
0.198160800,-3.193309417
0.198364300,-3.193328521
0.198567700,-3.193347617
0.198771200,-3.193366721
0.198974600,-3.197385817
0.199178100,-3.197404921
0.199381500,-3.197424017
0.199585000,-3.197443121
0.199788400,-3.197462217
0.199991900,-3.197481322
0.200195300,-3.197500417
0.200398800,-3.197519522
0.200602200,-3.197538617
0.200805700,-3.201557722
0.201009100,-3.201576817
0.201212600,-3.201595922
0.201416000,-3.201615017
0.201619500,-3.201634122
0.201822900,-3.201653217
0.202026400,-3.201672322
0.202229800,-3.201691417
0.202433300,-3.201710522
0.202636700,-3.201729617
0.202840200,-3.205748722
0.203043600,-3.205767817
0.203247100,-3.205786922
0.203450500,-3.205806018
0.203654000,-3.205825122
0.203857400,-3.205844218
0.204060900,-3.205863322
0.204264300,-3.205882418
0.204467800,-3.205901522
0.204671200,-3.205920618
0.204874700,-3.209939723
0.205078100,-3.209958818
0.205281600,-3.209977923
0.205485000,-3.209997018
0.205688500,-3.210016123
0.205891900,-3.210035218
0.206095400,-3.210054323
0.206298800,-3.210073418
0.206502300,-3.214092523
0.206705700,-3.214111618
0.206909200,-3.214130723
0.207112600,-3.214149818
0.207316100,-3.214168923
0.207519500,-3.214188018
0.207723000,-3.214207123
0.207926400,-3.214226218
0.208129900,-3.218245323
0.208333300,-3.218264419
0.208536800,-3.218283523
0.208740200,-3.218302619
0.208943700,-3.218321723
0.209147100,-3.218340819
0.209350600,-3.222359923
0.209554000,-3.222379019
0.209757500,-3.222398123
0.209960900,-3.222417219
0.210164400,-3.222436324
0.210367800,-3.222455419
0.210571300,-3.226474524
0.210774700,-3.226493619
0.210978200,-3.226512724
0.211181600,-3.226531819
0.211385100,-3.226550924
0.211588500,-3.226570019
0.211792000,-3.230589124
0.211995400,-3.230608219
0.212198900,-3.230627324
0.212402300,-3.230646419
0.212605800,-3.230665524
0.212809200,-3.230684619
0.213012700,-3.234703724
0.213216100,-3.234722819
0.213419600,-3.234741924
0.213623000,-3.234761020
0.213826500,-3.234780124
0.214029900,-3.234799220
0.214233400,-3.238818324
0.214436800,-3.238837420
0.214640300,-3.238856524
0.214843800,-3.238875629
0.215047200,-3.238894725
0.215250700,-3.238913829
0.215454100,-3.238932925
0.215657600,-3.238952029
0.215861000,-3.242971125
0.216064500,-3.242990229
0.216267900,-3.243009325
0.216471400,-3.243028429
0.216674800,-3.243047525
0.216878300,-3.243066630
0.217081700,-3.243085725
0.217285200,-3.243104830
0.217488600,-3.243123925
0.217692100,-3.243143030
0.217895500,-3.243162125
0.218099000,-3.243181230
0.218302400,-3.243200325
0.218505900,-3.243219430
0.218709300,-3.243238525
0.218912800,-3.243257630
0.219116200,-3.243276725
0.219319700,-3.243295830
0.219523100,-3.243314925
0.219726600,-3.243334030
0.219930000,-3.243353125
0.220133500,-3.243372230
0.220336900,-3.243391326
0.220540400,-3.243410430
0.220743800,-3.243429526
0.220947300,-3.243448630
0.221150700,-3.243467726
0.221354200,-3.243486830
0.221557600,-3.243505926
0.221761100,-3.243525031
0.221964500,-3.243544126
0.222168000,-3.243563231
0.222371400,-3.243582326
0.222574900,-3.243601431
0.222778300,-3.243620526
0.222981800,-3.243639631
0.223185200,-3.243658726
0.223388700,-3.239677831
0.223592100,-3.239696926
0.223795600,-3.239716031
0.223999000,-3.239735126
0.224202500,-3.239754231
0.224405900,-3.239773326
0.224609400,-3.239792431
0.224812800,-3.239811526
0.225016300,-3.235830631
0.225219700,-3.235849727
0.225423200,-3.235868831
0.225626600,-3.235887927
0.225830100,-3.235907031
0.226033500,-3.235926127
0.226237000,-3.235945231
0.226440400,-3.231964327
0.226643900,-3.231983431
0.226847300,-3.232002527
0.227050800,-3.232021632
0.227254200,-3.232040727
0.227457700,-3.228059832
0.227661100,-3.228078927
0.227864600,-3.228098032
0.228068000,-3.228117127
0.228271500,-3.228136232
0.228474900,-3.224155327
0.228678400,-3.224174432
0.228881800,-3.224193527
0.229085300,-3.224212632
0.229288700,-3.220231727
0.229492200,-3.220250832
0.229695600,-3.220269927
0.229899100,-3.220289032
0.230102500,-3.216308127
0.230306000,-3.216327232
0.230509400,-3.216346328
0.230712900,-3.212365432
0.230916300,-3.212384528
0.231119800,-3.212403632
0.231323200,-3.208422728
0.231526700,-3.208441832
0.231730100,-3.208460928
0.231933600,-3.204480033
0.232137000,-3.204499128
0.232340500,-3.200518233
0.232543900,-3.200537328
0.232747400,-3.200556433
0.232950800,-3.196575528
0.233154300,-3.196594633
0.233357700,-3.192613728
0.233561200,-3.192632833
0.233764600,-3.192651928
0.233968100,-3.188671033
0.234171500,-3.188690128
0.234375000,-3.184709233
0.234578500,-3.184728338
0.234781900,-3.180747433
0.234985400,-3.180766538
0.235188800,-3.176785633
0.235392300,-3.176804738
0.235595700,-3.172823833
0.235799200,-3.172842938
0.236002600,-3.168862033
0.236206100,-3.168881138
0.236409500,-3.164900233
0.236613000,-3.164919338
0.236816400,-3.160938433
0.237019900,-3.160957538
0.237223300,-3.160976634
0.237426800,-3.156995738
0.237630200,-3.153014834
0.237833700,-3.153033938
0.238037100,-3.149053034
0.238240600,-3.149072138
0.238444000,-3.145091234
0.238647500,-3.145110339
0.238850900,-3.141129434
0.239054400,-3.141148539
0.239257800,-3.137167634
0.239461300,-3.133186739
0.239664700,-3.133205834
0.239868200,-3.133224939
0.240071600,-3.129244034
0.240275100,-3.125263139
0.240478500,-3.125282234
0.240682000,-3.121301339
0.240885400,-3.121320434
0.241088900,-3.117339539
0.241292300,-3.117358634
0.241495800,-3.113377739
0.241699200,-3.109396834
0.241902700,-3.109415939
0.242106100,-3.105435034
0.242309600,-3.105454139
0.242513000,-3.101473235
0.242716500,-3.101492339
0.242919900,-3.097511435
0.243123400,-3.093530539
0.243326800,-3.093549635
0.243530300,-3.089568739
0.243733700,-3.089587835
0.243937200,-3.085606940
0.244140600,-3.081626035
0.244344100,-3.081645140
0.244547500,-3.077664235
0.244751000,-3.077683340
0.244954400,-3.073702435
0.245157900,-3.073721540
0.245361300,-3.069740635
0.245564800,-3.065759740
0.245768200,-3.065778835
0.245971700,-3.065797940
0.246175100,-3.061817035
0.246378600,-3.057836140
0.246582000,-3.057855235
0.246785500,-3.053874340
0.246988900,-3.053893435
0.247192400,-3.049912540
0.247395800,-3.049931636
0.247599300,-3.045950740
0.247802700,-3.041969836
0.248006200,-3.041988940
0.248209600,-3.038008036
0.248413100,-3.038027140
0.248616500,-3.038046236
0.248820000,-3.034065341
0.249023400,-3.030084436
0.249226900,-3.030103541
0.249430300,-3.030122636
0.249633800,-3.026141741
0.249837200,-3.026160836
0.250040700,-3.022179941
0.250244100,-3.018199036
0.250447600,-3.018218141
0.250651000,-3.018237236
0.250854500,-3.014256341
0.251057900,-3.014275436
0.251261400,-3.010294541
0.251464800,-3.010313636
0.251668300,-3.010332741
0.251871700,-3.006351836
0.252075200,-3.006370941
0.252278600,-3.002390036
0.252482100,-3.002409141
0.252685500,-3.002428237
0.252889000,-2.998447341
0.253092400,-2.998466437
0.253295900,-2.998485541
0.253499300,-2.994504637
0.253702800,-2.994523741
0.253906300,-2.994542846
0.254109700,-2.990561942
0.254313200,-2.990581046
0.254516600,-2.990600142
0.254720100,-2.986619246
0.254923500,-2.986638342
0.255127000,-2.986657446
0.255330400,-2.986676542
0.255533900,-2.982695647
0.255737300,-2.982714742
0.255940800,-2.982733847
0.256144200,-2.982752942
0.256347700,-2.978772047
0.256551100,-2.978791142
0.256754600,-2.978810247
0.256958000,-2.978829342
0.257161500,-2.974848447
0.257364900,-2.974867542
0.257568400,-2.974886647
0.257771800,-2.974905742
0.257975300,-2.974924847
0.258178700,-2.974943942
0.258382200,-2.974963047
0.258585600,-2.970982142
0.258789100,-2.971001247
0.258992500,-2.971020342
0.259196000,-2.971039447
0.259399400,-2.971058543
0.259602900,-2.971077647
0.259806300,-2.971096743
0.260009800,-2.971115847
0.260213200,-2.971134943
0.260416700,-2.971154047
0.260620100,-2.971173143
0.260823600,-2.971192248
0.261027000,-2.971211343
0.261230500,-2.971230448
0.261433900,-2.971249543
0.261637400,-2.975268648
0.261840800,-2.975287743
0.262044300,-2.975306848
0.262247700,-2.975325943
0.262451200,-2.975345048
0.262654600,-2.975364143
0.262858100,-2.979383248
0.263061500,-2.979402343
0.263265000,-2.979421448
0.263468400,-2.979440543
0.263671900,-2.983459648
0.263875300,-2.983478743
0.264078800,-2.983497848
0.264282200,-2.987516944
0.264485700,-2.987536048
0.264689100,-2.987555144
0.264892600,-2.987574248
0.265096000,-2.991593344
0.265299500,-2.991612448
0.265502900,-2.991631544
0.265706400,-2.995650648
0.265909800,-2.995669744
0.266113300,-2.999688849
0.266316700,-2.999707944
0.266520200,-3.003727049
0.266723600,-3.003746144
0.266927100,-3.003765249
0.267130500,-3.007784344
0.267334000,-3.007803449
0.267537400,-3.007822544
0.267740900,-3.011841649
0.267944300,-3.011860744
0.268147800,-3.015879849
0.268351200,-3.015898944
0.268554700,-3.015918049
0.268758100,-3.019937144
0.268961600,-3.019956249
0.269165000,-3.023975344
0.269368500,-3.023994449
0.269571900,-3.024013545
0.269775400,-3.028032649
0.269978800,-3.028051745
0.270182300,-3.028070849
0.270385700,-3.032089945
0.270589200,-3.032109049
0.270792600,-3.032128145
0.270996100,-3.032147250
0.271199500,-3.036166345
0.271403000,-3.036185450
0.271606400,-3.036204545
0.271809900,-3.036223650
0.272013300,-3.036242745
0.272216800,-3.036261850
0.272420200,-3.040280945
0.272623700,-3.040300050
0.272827100,-3.040319145
0.273030600,-3.040338250
0.273234000,-3.040357345
0.273437500,-3.040376450
0.273641000,-3.040395555
0.273844400,-3.040414650
0.274047900,-3.040433755
0.274251300,-3.040452850
0.274454800,-3.040471955
0.274658200,-3.036491050
0.274861700,-3.036510155
0.275065100,-3.036529250
0.275268600,-3.036548355
0.275472000,-3.036567450
0.275675500,-3.036586555
0.275878900,-3.032605650
0.276082400,-3.032624755
0.276285800,-3.032643851
0.276489300,-3.032662955
0.276692700,-3.028682051
0.276896200,-3.028701155
0.277099600,-3.028720251
0.277303100,-3.024739355
0.277506500,-3.024758451
0.277710000,-3.024777556
0.277913400,-3.020796651
0.278116900,-3.020815756
0.278320300,-3.020834851
0.278523800,-3.016853956
0.278727200,-3.016873051
0.278930700,-3.012892156
0.279134100,-3.012911251
0.279337600,-3.008930356
0.279541000,-3.008949451
0.279744500,-3.004968556
0.279947900,-3.004987651
0.280151400,-3.001006756
0.280354800,-3.001025851
0.280558300,-2.997044956
0.280761700,-2.997064051
0.280965200,-2.993083156
0.281168600,-2.989102252
0.281372100,-2.989121356
0.281575500,-2.985140452
0.281779000,-2.985159556
0.281982400,-2.981178652
0.282185900,-2.977197756
0.282389300,-2.977216852
0.282592800,-2.973235956
0.282796200,-2.969255052
0.282999700,-2.969274157
0.283203100,-2.965293252
0.283406600,-2.961312357
0.283610000,-2.961331452
0.283813500,-2.957350557
0.284016900,-2.953369652
0.284220400,-2.953388757
0.284423800,-2.949407852
0.284627300,-2.945426957
0.284830700,-2.945446052
0.285034200,-2.941465157
0.285237600,-2.937484252
0.285441100,-2.933503357
0.285644500,-2.933522452
0.285848000,-2.929541557
0.286051400,-2.925560652
0.286254900,-2.925579757
0.286458300,-2.921598853
0.286661800,-2.917617957
0.286865200,-2.913637053
0.287068700,-2.913656157
0.287272100,-2.905675253
0.287475600,-2.905694357
0.287679000,-2.901713453
0.287882500,-2.897732558
0.288085900,-2.897751653
0.288289400,-2.893770758
0.288492800,-2.889789853
0.288696300,-2.885808958
0.288899700,-2.885828053
0.289103200,-2.881847158
0.289306600,-2.877866253
0.289510100,-2.873885358
0.289713500,-2.873904453
0.289917000,-2.865923558
0.290120400,-2.865942653
0.290323900,-2.861961758
0.290527300,-2.861980853
0.290730800,-2.853999958
0.290934200,-2.854019053
0.291137700,-2.850038158
0.291341100,-2.846057254
0.291544600,-2.846076358
0.291748000,-2.842095454
0.291951500,-2.838114558
0.292154900,-2.834133654
0.292358400,-2.834152758
0.292561800,-2.826171854
0.292765300,-2.826190958
0.292968800,-2.822210063
0.293172200,-2.822229159
0.293375700,-2.814248263
0.293579100,-2.814267359
0.293782600,-2.810286463
0.293986000,-2.806305559
0.294189500,-2.802324663
0.294392900,-2.802343759
0.294596400,-2.798362864
0.294799800,-2.794381959
0.295003300,-2.790401064
0.295206700,-2.790420159
0.295410200,-2.786439264
0.295613600,-2.782458359
0.295817100,-2.782477464
0.296020500,-2.774496559
0.296224000,-2.774515664
0.296427400,-2.770534759
0.296630900,-2.766553864
0.296834300,-2.762572959
0.297037800,-2.762592064
0.297241200,-2.758611159
0.297444700,-2.754630264
0.297648100,-2.750649359
0.297851600,-2.750668464
0.298055000,-2.746687560
0.298258500,-2.742706664
0.298461900,-2.738725760
0.298665400,-2.734744864
0.298868800,-2.734763960
0.299072300,-2.730783064
0.299275700,-2.730802160
0.299479200,-2.722821264
0.299682600,-2.722840360
0.299886100,-2.718859465
0.300089500,-2.714878560
0.300293000,-2.710897665
0.300496400,-2.710916760
0.300699900,-2.706935865
0.300903300,-2.702954960
0.301106800,-2.702974065
0.301310200,-2.698993160
0.301513700,-2.695012265
0.301717100,-2.691031360
0.301920600,-2.691050465
0.302124000,-2.683069560
0.302327500,-2.683088665
0.302530900,-2.679107760
0.302734400,-2.675126865
0.302937800,-2.675145960
0.303141300,-2.671165065
0.303344700,-2.667184161
0.303548200,-2.663203265
0.303751600,-2.663222361
0.303955100,-2.659241465
0.304158500,-2.655260561
0.304362000,-2.655279665
0.304565400,-2.651298761
0.304768900,-2.647317866
0.304972300,-2.643336961
0.305175800,-2.643356066
0.305379200,-2.639375161
0.305582700,-2.635394266
0.305786100,-2.631413361
0.305989600,-2.631432466
0.306193000,-2.627451561
0.306396500,-2.623470666
0.306599900,-2.623489761
0.306803400,-2.615508866
0.307006800,-2.615527961
0.307210300,-2.611547066
0.307413700,-2.607566161
0.307617200,-2.607585266
0.307820600,-2.603604361
0.308024100,-2.599623466
0.308227500,-2.595642562
0.308431000,-2.595661666
0.308634400,-2.591680762
0.308837900,-2.587699866
0.309041300,-2.583718962
0.309244800,-2.583738066
0.309448200,-2.579757162
0.309651700,-2.575776266
0.309855100,-2.575795362
0.310058600,-2.571814467
0.310262000,-2.567833562
0.310465500,-2.563852667
0.310668900,-2.563871762
0.310872400,-2.555890867
0.311075800,-2.555909962
0.311279300,-2.551929067
0.311482700,-2.547948162
0.311686200,-2.547967267
0.311889600,-2.543986362
0.312093100,-2.540005467
0.312296500,-2.536024562
0.312500000,-2.536043667
0.312703500,-2.532062772
0.312906900,-2.528081867
0.313110400,-2.524100972
0.313313800,-2.524120067
0.313517300,-2.516139172
0.313720700,-2.516158267
0.313924200,-2.512177372
0.314127600,-2.508196467
0.314331100,-2.508215572
0.314534500,-2.504234667
0.314738000,-2.500253772
0.314941400,-2.496272868
0.315144900,-2.496291972
0.315348300,-2.492311068
0.315551800,-2.488330172
0.315755200,-2.484349268
0.315958700,-2.484368372
0.316162100,-2.480387468
0.316365600,-2.476406572
0.316569000,-2.476425668
0.316772500,-2.472444773
0.316975900,-2.468463868
0.317179400,-2.464482973
0.317382800,-2.464502068
0.317586300,-2.460521173
0.317789700,-2.456540268
0.317993200,-2.456559373
0.318196600,-2.452578468
0.318400100,-2.448597573
0.318603500,-2.448616668
0.318807000,-2.444635773
0.319010400,-2.440654868
0.319213900,-2.440673973
0.319417300,-2.436693068
0.319620800,-2.432712173
0.319824200,-2.432731268
0.320027700,-2.428750373
0.320231100,-2.424769469
0.320434600,-2.424788573
0.320638000,-2.420807669
0.320841500,-2.416826773
0.321044900,-2.416845869
0.321248400,-2.412864973
0.321451800,-2.412884069
0.321655300,-2.408903174
0.321858700,-2.404922269
0.322062200,-2.404941374
0.322265600,-2.400960469
0.322469100,-2.400979574
0.322672500,-2.396998669
0.322876000,-2.393017774
0.323079400,-2.393036869
0.323282900,-2.389055974
0.323486300,-2.389075069
0.323689800,-2.385094174
0.323893200,-2.385113269
0.324096700,-2.381132374
0.324300100,-2.377151469
0.324503600,-2.377170574
0.324707000,-2.373189669
0.324910500,-2.369208774
0.325113900,-2.369227869
0.325317400,-2.365246974
0.325520800,-2.365266070
0.325724300,-2.361285174
0.325927700,-2.361304270
0.326131200,-2.357323374
0.326334600,-2.353342470
0.326538100,-2.353361574
0.326741500,-2.349380670
0.326945000,-2.345399775
0.327148400,-2.345418870
0.327351900,-2.341437975
0.327555300,-2.341457070
0.327758800,-2.337476175
0.327962200,-2.333495270
0.328165700,-2.333514375
0.328369100,-2.329533470
0.328572600,-2.325552575
0.328776000,-2.325571670
0.328979500,-2.321590775
0.329182900,-2.321609870
0.329386400,-2.317628975
0.329589800,-2.317648070
0.329793300,-2.313667175
0.329996700,-2.309686270
0.330200200,-2.309705375
0.330403600,-2.305724471
0.330607100,-2.301743575
0.330810500,-2.301762671
0.331014000,-2.297781775
0.331217400,-2.297800871
0.331420900,-2.293819975
0.331624300,-2.289839071
0.331827800,-2.289858176
0.332031200,-2.285877271
0.332234700,-2.285896376
0.332438200,-2.281915480
0.332641600,-2.281934576
0.332845100,-2.277953680
0.333048500,-2.273972776
0.333252000,-2.273991880
0.333455400,-2.274010976
0.333658900,-2.270030081
0.333862300,-2.266049176
0.334065800,-2.266068281
0.334269200,-2.266087376
0.334472700,-2.262106481
0.334676100,-2.262125576
0.334879600,-2.258144681
0.335083000,-2.258163776
0.335286500,-2.254182881
0.335489900,-2.254201976
0.335693400,-2.250221081
0.335896800,-2.250240176
0.336100300,-2.250259281
0.336303700,-2.246278376
0.336507200,-2.246297481
0.336710600,-2.246316576
0.336914100,-2.242335681
0.337117500,-2.242354777
0.337321000,-2.242373881
0.337524400,-2.238392977
0.337727900,-2.238412081
0.337931300,-2.238431177
0.338134800,-2.238450281
0.338338200,-2.234469377
0.338541700,-2.234488482
0.338745100,-2.234507577
0.338948600,-2.234526682
0.339152000,-2.230545777
0.339355500,-2.230564882
0.339558900,-2.230583977
0.339762400,-2.230603082
0.339965800,-2.230622177
0.340169300,-2.226641282
0.340372700,-2.226660377
0.340576200,-2.226679482
0.340779600,-2.226698577
0.340983100,-2.226717682
0.341186500,-2.226736777
0.341390000,-2.222755882
0.341593400,-2.222774977
0.341796900,-2.222794082
0.342000300,-2.222813177
0.342203800,-2.222832282
0.342407200,-2.222851378
0.342610700,-2.222870482
0.342814100,-2.222889578
0.343017600,-2.222908682
0.343221000,-2.222927778
0.343424500,-2.218946882
0.343627900,-2.218965978
0.343831400,-2.218985083
0.344034800,-2.219004178
0.344238300,-2.219023283
0.344441700,-2.219042378
0.344645200,-2.219061483
0.344848600,-2.219080578
0.345052100,-2.219099683
0.345255500,-2.219118778
0.345459000,-2.219137883
0.345662400,-2.219156978
0.345865900,-2.219176083
0.346069300,-2.219195178
0.346272800,-2.219214283
0.346476200,-2.219233378
0.346679700,-2.219252483
0.346883100,-2.219271578
0.347086600,-2.219290683
0.347290000,-2.219309779
0.347493500,-2.219328883
0.347696900,-2.215347979
0.347900400,-2.215367083
0.348103800,-2.215386179
0.348307300,-2.215405283
0.348510700,-2.215424379
0.348714200,-2.215443483
0.348917600,-2.215462579
0.349121100,-2.215481684
0.349324500,-2.215500779
0.349528000,-2.215519884
0.349731400,-2.215538979
0.349934900,-2.215558084
0.350138300,-2.215577179
0.350341800,-2.215596284
0.350545200,-2.211615379
0.350748700,-2.211634484
0.350952100,-2.211653579
0.351155600,-2.211672684
0.351359000,-2.211691779
0.351562500,-2.211710884
0.351766000,-2.211729989
0.351969400,-2.207749084
0.352172900,-2.207768189
0.352376300,-2.207787284
0.352579800,-2.207806389
0.352783200,-2.207825484
0.352986700,-2.207844589
0.353190100,-2.203863684
0.353393600,-2.203882789
0.353597000,-2.203901884
0.353800500,-2.203920989
0.354003900,-2.199940085
0.354207400,-2.199959189
0.354410800,-2.199978285
0.354614300,-2.199997389
0.354817700,-2.196016485
0.355021200,-2.196035589
0.355224600,-2.196054685
0.355428100,-2.192073790
0.355631500,-2.192092885
0.355835000,-2.192111990
0.356038400,-2.192131085
0.356241900,-2.188150190
0.356445300,-2.188169285
0.356648800,-2.188188390
0.356852200,-2.184207485
0.357055700,-2.184226590
0.357259100,-2.180245685
0.357462600,-2.180264790
0.357666000,-2.180283885
0.357869500,-2.180302990
0.358072900,-2.176322085
0.358276400,-2.176341190
0.358479800,-2.176360285
0.358683300,-2.172379390
0.358886700,-2.172398485
0.359090200,-2.172417590
0.359293600,-2.168436686
0.359497100,-2.168455790
0.359700500,-2.164474886
0.359904000,-2.164493990
0.360107400,-2.164513086
0.360310900,-2.160532190
0.360514300,-2.160551286
0.360717800,-2.160570391
0.360921200,-2.156589486
0.361124700,-2.156608591
0.361328100,-2.156627686
0.361531600,-2.152646791
0.361735000,-2.152665886
0.361938500,-2.152684991
0.362141900,-2.148704086
0.362345400,-2.148723191
0.362548800,-2.148742286
0.362752300,-2.144761391
0.362955700,-2.144780486
0.363159200,-2.144799591
0.363362600,-2.144818686
0.363566100,-2.140837791
0.363769500,-2.140856886
0.363973000,-2.140875991
0.364176400,-2.140895087
0.364379900,-2.140914191
0.364583300,-2.136933287
0.364786800,-2.136952391
0.364990200,-2.136971487
0.365193700,-2.136990591
0.365397100,-2.137009687
0.365600600,-2.133028791
0.365804000,-2.133047887
0.366007500,-2.133066992
0.366210900,-2.133086087
0.366414400,-2.133105192
0.366617800,-2.133124287
0.366821300,-2.133143392
0.367024700,-2.133162487
0.367228200,-2.129181592
0.367431600,-2.129200687
0.367635100,-2.129219792
0.367838500,-2.129238887
0.368042000,-2.129257992
0.368245400,-2.129277087
0.368448900,-2.129296192
0.368652300,-2.129315287
0.368855800,-2.129334392
0.369059200,-2.129353487
0.369262700,-2.129372592
0.369466100,-2.129391688
0.369669600,-2.129410792
0.369873000,-2.129429888
0.370076500,-2.129448992
0.370279900,-2.129468088
0.370483400,-2.129487192
0.370686800,-2.129506288
0.370890300,-2.129525393
0.371093700,-2.129544488
0.371297200,-2.125563593
0.371500700,-2.125582697
0.371704100,-2.125601793
0.371907600,-2.125620897
0.372111000,-2.125639993
0.372314500,-2.125659097
0.372517900,-2.125678193
0.372721400,-2.125697298
0.372924800,-2.125716393
0.373128300,-2.125735498
0.373331700,-2.125754593
0.373535200,-2.125773698
0.373738600,-2.125792793
0.373942100,-2.129811898
0.374145500,-2.129830993
0.374349000,-2.129850098
0.374552400,-2.129869193
0.374755900,-2.129888298
0.374959300,-2.129907393
0.375162800,-2.129926498
0.375366200,-2.129945593
0.375569700,-2.129964698
0.375773100,-2.129983793
0.375976600,-2.130002898
0.376180000,-2.130021994
0.376383500,-2.130041098
0.376586900,-2.130060194
0.376790400,-2.130079298
0.376993800,-2.130098394
0.377197300,-2.130117498
0.377400700,-2.130136594
0.377604200,-2.130155699
0.377807600,-2.130174794
0.378011100,-2.130193899
0.378214500,-2.130212994
0.378418000,-2.130232099
0.378621400,-2.130251194
0.378824900,-2.130270299
0.379028300,-2.130289394
0.379231800,-2.130308499
0.379435200,-2.130327594
0.379638700,-2.130346699
0.379842100,-2.130365794
0.380045600,-2.130384899
0.380249000,-2.134403994
0.380452500,-2.134423099
0.380655900,-2.134442194
0.380859400,-2.134461299
0.381062800,-2.134480395
0.381266300,-2.134499499
0.381469700,-2.134518595
0.381673200,-2.134537699
0.381876600,-2.134556795
0.382080100,-2.134575899
0.382283500,-2.134594995
0.382487000,-2.138614099
0.382690400,-2.138633195
0.382893900,-2.138652300
0.383097300,-2.138671395
0.383300800,-2.138690500
0.383504200,-2.138709595
0.383707700,-2.138728700
0.383911100,-2.138747795
0.384114600,-2.142766900
0.384318000,-2.142785995
0.384521500,-2.142805100
0.384724900,-2.142824195
0.384928400,-2.142843300
0.385131800,-2.146862395
0.385335300,-2.146881500
0.385538700,-2.146900595
0.385742200,-2.146919700
0.385945600,-2.146938795
0.386149100,-2.150957900
0.386352500,-2.150976996
0.386556000,-2.150996100
0.386759400,-2.151015196
0.386962900,-2.155034300
0.387166300,-2.155053396
0.387369800,-2.155072500
0.387573200,-2.159091596
0.387776700,-2.159110701
0.387980100,-2.159129796
0.388183600,-2.159148901
0.388387000,-2.163167996
0.388590500,-2.163187101
0.388793900,-2.163206196
0.388997400,-2.167225301
0.389200800,-2.167244396
0.389404300,-2.167263501
0.389607700,-2.167282596
0.389811200,-2.171301701
0.390014600,-2.171320796
0.390218100,-2.171339901
0.390421500,-2.175358996
0.390625000,-2.175378101
0.390828500,-2.175397206
0.391031900,-2.175416301
0.391235400,-2.179435406
0.391438800,-2.179454501
0.391642300,-2.179473606
0.391845700,-2.179492701
0.392049200,-2.183511806
0.392252600,-2.183530901
0.392456100,-2.183550006
0.392659500,-2.183569101
0.392863000,-2.183588206
0.393066400,-2.187607302
0.393269900,-2.187626406
0.393473300,-2.187645502
0.393676800,-2.187664606
0.393880200,-2.187683702
0.394083700,-2.187702806
0.394287100,-2.191721902
0.394490600,-2.191741007
0.394694000,-2.191760102
0.394897500,-2.191779207
0.395100900,-2.191798302
0.395304400,-2.191817407
0.395507800,-2.191836502
0.395711300,-2.195855607
0.395914700,-2.195874702
0.396118200,-2.195893807
0.396321600,-2.195912902
0.396525100,-2.195932007
0.396728500,-2.195951102
0.396932000,-2.195970207
0.397135400,-2.195989302
0.397338900,-2.196008407
0.397542300,-2.196027502
0.397745800,-2.196046607
0.397949200,-2.196065703
0.398152700,-2.196084807
0.398356100,-2.196103903
0.398559600,-2.196123007
0.398763000,-2.196142103
0.398966500,-2.196161207
0.399169900,-2.196180303
0.399373400,-2.196199407
0.399576800,-2.196218503
0.399780300,-2.196237608
0.399983700,-2.196256703
0.400187200,-2.196275808
0.400390600,-2.196294903
0.400594100,-2.196314008
0.400797500,-2.196333103
0.401001000,-2.196352208
0.401204400,-2.196371303
0.401407900,-2.196390408
0.401611300,-2.196409503
0.401814800,-2.196428608
0.402018200,-2.196447703
0.402221700,-2.196466808
0.402425100,-2.196485903
0.402628600,-2.196505008
0.402832000,-2.196524103
0.403035500,-2.196543208
0.403238900,-2.196562304
0.403442400,-2.196581408
0.403645800,-2.196600504
0.403849300,-2.196619608
0.404052700,-2.192638704
0.404256200,-2.192657808
0.404459600,-2.192676904
0.404663100,-2.192696009
0.404866500,-2.192715104
0.405070000,-2.192734209
0.405273400,-2.192753304
0.405476900,-2.192772409
0.405680300,-2.192791504
0.405883800,-2.188810609
0.406087200,-2.188829704
0.406290700,-2.188848809
0.406494100,-2.188867904
0.406697600,-2.188887009
0.406901000,-2.188906104
0.407104500,-2.184925209
0.407307900,-2.184944304
0.407511400,-2.184963409
0.407714800,-2.184982504
0.407918300,-2.181001609
0.408121700,-2.181020704
0.408325200,-2.181039809
0.408528600,-2.181058905
0.408732100,-2.177078009
0.408935500,-2.177097105
0.409139000,-2.177116209
0.409342400,-2.177135305
0.409545900,-2.173154409
0.409749300,-2.173173505
0.409952800,-2.173192610
0.410156200,-2.169211705
0.410359700,-2.169230810
0.410563200,-2.169249914
0.410766600,-2.165269010
0.410970100,-2.165288114
0.411173500,-2.165307210
0.411377000,-2.161326315
0.411580400,-2.161345410
0.411783900,-2.161364515
0.411987300,-2.157383610
0.412190800,-2.157402715
0.412394200,-2.157421810
0.412597700,-2.153440915
0.412801100,-2.153460010
0.413004600,-2.153479115
0.413208000,-2.149498210
0.413411500,-2.149517315
0.413614900,-2.149536410
0.413818400,-2.145555515
0.414021800,-2.145574610
0.414225300,-2.145593715
0.414428700,-2.145612810
0.414632200,-2.141631915
0.414835600,-2.141651011
0.415039100,-2.141670115
0.415242500,-2.137689211
0.415446000,-2.137708315
0.415649400,-2.137727411
0.415852900,-2.133746515
0.416056300,-2.133765611
0.416259800,-2.133784715
0.416463200,-2.129803811
0.416666700,-2.129822916
0.416870100,-2.129842011
0.417073600,-2.129861116
0.417277000,-2.125880211
0.417480500,-2.125899316
0.417683900,-2.125918411
0.417887400,-2.121937516
0.418090800,-2.121956611
0.418294300,-2.121975716
0.418497700,-2.121994811
0.418701200,-2.122013916
0.418904600,-2.122033011
0.419108100,-2.118052116
0.419311500,-2.118071211
0.419515000,-2.118090316
0.419718400,-2.118109411
0.419921900,-2.118128516
0.420125300,-2.118147612
0.420328800,-2.118166716
0.420532200,-2.114185812
0.420735700,-2.114204916
0.420939100,-2.114224012
0.421142600,-2.114243116
0.421346000,-2.114262212
0.421549500,-2.114281317
0.421752900,-2.114300412
0.421956400,-2.114319517
0.422159800,-2.114338612
0.422363300,-2.114357717
0.422566700,-2.114376812
0.422770200,-2.114395917
0.422973600,-2.114415012
0.423177100,-2.114434117
0.423380500,-2.114453212
0.423584000,-2.114472317
0.423787400,-2.114491412
0.423990900,-2.114510517
0.424194300,-2.110529612
0.424397800,-2.110548717
0.424601200,-2.110567812
0.424804700,-2.110586917
0.425008100,-2.110606012
0.425211600,-2.110625117
0.425415000,-2.110644213
0.425618500,-2.110663317
0.425821900,-2.110682413
0.426025400,-2.110701517
0.426228800,-2.110720613
0.426432300,-2.110739717
0.426635700,-2.110758813
0.426839200,-2.110777918
0.427042600,-2.110797013
0.427246100,-2.110816118
0.427449500,-2.110835213
0.427653000,-2.110854318
0.427856400,-2.110873413
0.428059900,-2.110892518
0.428263300,-2.110911613
0.428466800,-2.110930718
0.428670200,-2.110949813
0.428873700,-2.110968918
0.429077100,-2.110988013
0.429280600,-2.111007118
0.429484000,-2.111026213
0.429687500,-2.111045318
0.429891000,-2.111064423
0.430094400,-2.111083518
0.430297900,-2.111102623
0.430501300,-2.107121718
0.430704800,-2.107140823
0.430908200,-2.107159918
0.431111700,-2.107179023
0.431315100,-2.107198118
0.431518600,-2.107217223
0.431722000,-2.107236318
0.431925500,-2.103255423
0.432128900,-2.103274519
0.432332400,-2.103293623
0.432535800,-2.103312719
0.432739300,-2.099331823
0.432942700,-2.099350919
0.433146200,-2.099370023
0.433349600,-2.099389119
0.433553100,-2.095408224
0.433756500,-2.095427319
0.433960000,-2.095446424
0.434163400,-2.091465519
0.434366900,-2.091484624
0.434570300,-2.091503719
0.434773800,-2.087522824
0.434977200,-2.087541919
0.435180700,-2.087561024
0.435384100,-2.083580119
0.435587600,-2.083599224
0.435791000,-2.079618319
0.435994500,-2.079637424
0.436197900,-2.075656519
0.436401400,-2.075675624
0.436604800,-2.071694719
0.436808300,-2.071713824
0.437011700,-2.067732920
0.437215200,-2.067752024
0.437418600,-2.063771120
0.437622100,-2.063790224
0.437825500,-2.059809320
0.438029000,-2.055828424
0.438232400,-2.055847520
0.438435900,-2.051866625
0.438639300,-2.051885720
0.438842800,-2.047904825
0.439046200,-2.047923920
0.439249700,-2.043943025
0.439453100,-2.039962120
0.439656600,-2.039981225
0.439860000,-2.036000320
0.440063500,-2.032019425
0.440266900,-2.032038520
0.440470400,-2.028057625
0.440673800,-2.028076720
0.440877300,-2.024095825
0.441080700,-2.024114920
0.441284200,-2.020134025
0.441487600,-2.016153120
0.441691100,-2.016172225
0.441894500,-2.012191320
0.442098000,-2.008210425
0.442301400,-2.008229521
0.442504900,-2.004248625
0.442708300,-2.004267721
0.442911800,-2.000286825
0.443115200,-1.996305921
0.443318700,-1.996325025
0.443522100,-1.992344121
0.443725600,-1.992363226
0.443929000,-1.988382321
0.444132500,-1.984401426
0.444335900,-1.984420521
0.444539400,-1.984439626
0.444742800,-1.980458721
0.444946300,-1.976477826
0.445149700,-1.976496921
0.445353200,-1.976516026
0.445556600,-1.972535121
0.445760100,-1.968554226
0.445963500,-1.968573321
0.446167000,-1.964592426
0.446370400,-1.964611521
0.446573900,-1.964630626
0.446777300,-1.960649721
0.446980800,-1.960668826
0.447184200,-1.956687922
0.447387700,-1.956707026
0.447591100,-1.952726122
0.447794600,-1.952745226
0.447998000,-1.952764322
0.448201500,-1.948783426
0.448404900,-1.948802522
0.448608400,-1.948821626
0.448811800,-1.944840722
0.449015300,-1.944859827
0.449218700,-1.944878922
0.449422200,-1.940898027
0.449625700,-1.940917131
0.449829100,-1.940936227
0.450032600,-1.936955331
0.450236000,-1.936974427
0.450439500,-1.936993532
0.450642900,-1.937012627
0.450846400,-1.933031732
0.451049800,-1.933050827
0.451253300,-1.933069932
0.451456700,-1.933089027
0.451660200,-1.929108132
0.451863600,-1.929127227
0.452067100,-1.929146332
0.452270500,-1.929165427
0.452474000,-1.929184532
0.452677400,-1.929203627
0.452880900,-1.925222732
0.453084300,-1.925241827
0.453287800,-1.925260932
0.453491200,-1.925280027
0.453694700,-1.925299132
0.453898100,-1.925318228
0.454101600,-1.921337332
0.454305000,-1.921356428
0.454508500,-1.921375532
0.454711900,-1.921394628
0.454915400,-1.921413732
0.455118800,-1.921432828
0.455322300,-1.921451932
0.455525700,-1.921471028
0.455729200,-1.917490133
0.455932600,-1.917509228
0.456136100,-1.917528333
0.456339500,-1.917547428
0.456543000,-1.917566533
0.456746400,-1.917585628
0.456949900,-1.917604733
0.457153300,-1.917623828
0.457356800,-1.917642933
0.457560200,-1.917662028
0.457763700,-1.917681133
0.457967100,-1.917700228
0.458170600,-1.913719333
0.458374000,-1.913738428
0.458577500,-1.913757533
0.458780900,-1.913776628
0.458984400,-1.913795733
0.459187800,-1.913814829
0.459391300,-1.913833933
0.459594700,-1.913853029
0.459798200,-1.913872133
0.460001600,-1.913891229
0.460205100,-1.913910333
0.460408500,-1.913929429
0.460612000,-1.913948534
0.460815400,-1.909967629
0.461018900,-1.909986734
0.461222300,-1.910005829
0.461425800,-1.910024934
0.461629200,-1.910044029
0.461832700,-1.910063134
0.462036100,-1.910082229
0.462239600,-1.910101334
0.462443000,-1.910120429
0.462646500,-1.910139534
0.462849900,-1.910158629
0.463053400,-1.910177734
0.463256800,-1.910196829
0.463460300,-1.910215934
0.463663700,-1.910235029
0.463867200,-1.910254134
0.464070600,-1.910273230
0.464274100,-1.910292334
0.464477500,-1.910311430
0.464681000,-1.910330534
0.464884400,-1.910349630
0.465087900,-1.910368734
0.465291300,-1.910387830
0.465494800,-1.910406934
0.465698200,-1.910426030
0.465901700,-1.910445135
0.466105100,-1.910464230
0.466308600,-1.910483335
0.466512000,-1.910502430
0.466715500,-1.910521535
0.466918900,-1.910540630
0.467122400,-1.910559735
0.467325800,-1.910578830
0.467529300,-1.910597935
0.467732700,-1.910617030
0.467936200,-1.910636135
0.468139600,-1.910655230
0.468343100,-1.910674335
0.468546500,-1.910693430
0.468750000,-1.910712535
0.468953500,-1.910731640
0.469156900,-1.910750735
0.469360400,-1.910769840
0.469563800,-1.910788935
0.469767300,-1.910808040
0.469970700,-1.910827135
0.470174200,-1.910846240
0.470377600,-1.910865335
0.470581100,-1.910884440
0.470784500,-1.914903536
0.470988000,-1.914922640
0.471191400,-1.914941736
0.471394900,-1.914960840
0.471598300,-1.914979936
0.471801800,-1.914999040
0.472005200,-1.915018136
0.472208700,-1.915037240
0.472412100,-1.915056336
0.472615600,-1.915075441
0.472819000,-1.915094536
0.473022500,-1.915113641
0.473225900,-1.915132736
0.473429400,-1.915151841
0.473632800,-1.915170936
0.473836300,-1.915190041
0.474039700,-1.915209136
0.474243200,-1.915228241
0.474446600,-1.915247336
0.474650100,-1.915266441
0.474853500,-1.915285536
0.475057000,-1.915304641
0.475260400,-1.915323736
0.475463900,-1.915342841
0.475667300,-1.915361936
0.475870800,-1.915381041
0.476074200,-1.915400137
0.476277700,-1.915419241
0.476481100,-1.915438337
0.476684600,-1.915457441
0.476888000,-1.915476537
0.477091500,-1.915495641
0.477294900,-1.915514737
0.477498400,-1.915533842
0.477701800,-1.915552937
0.477905300,-1.915572042
0.478108700,-1.915591137
0.478312200,-1.915610242
0.478515600,-1.911629337
0.478719100,-1.911648442
0.478922500,-1.911667537
0.479126000,-1.911686642
0.479329400,-1.911705737
0.479532900,-1.911724842
0.479736300,-1.911743937
0.479939800,-1.911763042
0.480143200,-1.911782137
0.480346700,-1.911801242
0.480550100,-1.911820337
0.480753600,-1.911839442
0.480957000,-1.911858538
0.481160500,-1.911877642
0.481363900,-1.911896738
0.481567400,-1.911915842
0.481770800,-1.911934938
0.481974300,-1.911954042
0.482177700,-1.911973138
0.482381200,-1.911992242
0.482584600,-1.912011338
0.482788100,-1.912030443
0.482991500,-1.912049538
0.483195000,-1.912068643
0.483398400,-1.912087738
0.483601900,-1.912106843
0.483805300,-1.912125938
0.484008800,-1.912145043
0.484212200,-1.912164138
0.484415700,-1.912183243
0.484619100,-1.912202338
0.484822600,-1.912221443
0.485026000,-1.912240538
0.485229500,-1.912259643
0.485432900,-1.912278738
0.485636400,-1.912297843
0.485839800,-1.912316938
0.486043300,-1.912336043
0.486246700,-1.916355139
0.486450200,-1.916374243
0.486653600,-1.916393339
0.486857100,-1.916412443
0.487060500,-1.916431539
0.487264000,-1.916450643
0.487467400,-1.916469739
0.487670900,-1.916488844
0.487874300,-1.916507939
0.488077800,-1.916527044
0.488281200,-1.916546139
0.488484700,-1.916565244
0.488688200,-1.916584348
0.488891600,-1.916603444
0.489095100,-1.916622548
0.489298500,-1.920641644
0.489502000,-1.920660749
0.489705400,-1.920679844
0.489908900,-1.920698949
0.490112300,-1.920718044
0.490315800,-1.920737149
0.490519200,-1.920756244
0.490722700,-1.920775349
0.490926100,-1.920794444
0.491129600,-1.920813549
0.491333000,-1.920832644
0.491536500,-1.920851749
0.491739900,-1.920870844
0.491943400,-1.920889949
0.492146800,-1.920909044
0.492350300,-1.920928149
0.492553700,-1.920947244
0.492757200,-1.920966349
0.492960600,-1.920985445
0.493164100,-1.921004549
0.493367500,-1.921023645
0.493571000,-1.921042749
0.493774400,-1.921061845
0.493977900,-1.921080949
0.494181300,-1.921100045
0.494384800,-1.921119150
0.494588200,-1.921138245
0.494791700,-1.921157350
0.494995100,-1.921176445
0.495198600,-1.921195550
0.495402000,-1.917214645
0.495605500,-1.917233750
0.495808900,-1.917252845
0.496012400,-1.917271950
0.496215800,-1.917291045
0.496419300,-1.917310150
0.496622700,-1.917329245
0.496826200,-1.917348350
0.497029600,-1.917367445
0.497233100,-1.917386550
0.497436500,-1.913405645
0.497640000,-1.913424750
0.497843400,-1.913443846
0.498046900,-1.913462950
0.498250300,-1.913482046
0.498453800,-1.913501150
0.498657200,-1.913520246
0.498860700,-1.913539350
0.499064100,-1.909558446
0.499267600,-1.909577550
0.499471000,-1.909596646
0.499674500,-1.909615751
0.499877900,-1.909634846
0.500081400,-1.909653951
0.500284800,-1.905673046
0.500488300,-1.905692151
0.500691700,-1.905711246
0.500895200,-1.905730351
0.501098600,-1.905749446
0.501302100,-1.905768551
0.501505500,-1.901787646
0.501709000,-1.901806751
0.501912400,-1.901825846
0.502115900,-1.901844951
0.502319300,-1.897864046
0.502522800,-1.897883151
0.502726200,-1.897902246
0.502929700,-1.897921351
0.503133100,-1.893940447
0.503336600,-1.893959551
0.503540000,-1.893978647
0.503743500,-1.893997751
0.503946900,-1.890016847
0.504150400,-1.890035951
0.504353800,-1.890055047
0.504557300,-1.890074152
0.504760700,-1.886093247
0.504964200,-1.886112352
0.505167600,-1.886131447
0.505371100,-1.882150552
0.505574500,-1.882169647
0.505778000,-1.882188752
0.505981400,-1.878207847
0.506184900,-1.878226952
0.506388300,-1.878246047
0.506591800,-1.874265152
0.506795200,-1.874284247
0.506998700,-1.874303352
0.507202100,-1.870322447
0.507405600,-1.870341552
0.507609000,-1.870360647
0.507812500,-1.866379752
0.508016000,-1.866398857
0.508219400,-1.866417952
0.508422900,-1.862437057
0.508626300,-1.862456152
0.508829800,-1.858475257
0.509033200,-1.858494352
0.509236700,-1.858513457
0.509440100,-1.854532552
0.509643600,-1.854551657
0.509847000,-1.854570753
0.510050500,-1.850589857
0.510253900,-1.850608953
0.510457400,-1.850628057
0.510660800,-1.846647153
0.510864300,-1.846666257
0.511067700,-1.842685353
0.511271200,-1.842704458
0.511474600,-1.842723553
0.511678100,-1.838742658
0.511881500,-1.838761753
0.512085000,-1.834780858
0.512288400,-1.834799953
0.512491900,-1.834819058
0.512695300,-1.830838153
0.512898800,-1.830857258
0.513102200,-1.830876353
0.513305700,-1.826895458
0.513509100,-1.826914553
0.513712600,-1.822933658
0.513916000,-1.822952753
0.514119500,-1.818971858
0.514322900,-1.818990953
0.514526400,-1.819010058
0.514729800,-1.815029153
0.514933300,-1.815048258
0.515136700,-1.811067354
0.515340200,-1.811086458
0.515543600,-1.811105554
0.515747100,-1.807124658
0.515950500,-1.807143754
0.516154000,-1.803162858
0.516357400,-1.803181954
0.516560900,-1.799201059
0.516764300,-1.799220154
0.516967800,-1.795239259
0.517171200,-1.795258354
0.517374700,-1.795277459
0.517578100,-1.791296554
0.517781600,-1.791315659
0.517985000,-1.787334754
0.518188500,-1.783353859
0.518391900,-1.783372954
0.518595400,-1.783392059
0.518798800,-1.779411154
0.519002300,-1.775430259
0.519205700,-1.775449354
0.519409200,-1.771468459
0.519612600,-1.771487554
0.519816100,-1.767506659
0.520019500,-1.767525755
0.520223000,-1.763544859
0.520426400,-1.759563955
0.520629900,-1.759583059
0.520833300,-1.755602155
0.521036800,-1.751621259
0.521240200,-1.747640355
0.521443700,-1.747659460
0.521647100,-1.743678555
0.521850600,-1.739697660
0.522054000,-1.735716755
0.522257500,-1.731735860
0.522460900,-1.731754955
0.522664400,-1.727774060
0.522867800,-1.723793155
0.523071300,-1.719812260
0.523274700,-1.715831355
0.523478200,-1.715850460
0.523681600,-1.707869555
0.523885100,-1.703888660
0.524088500,-1.703907755
0.524292000,-1.695926860
0.524495400,-1.691945955
0.524698900,-1.691965060
0.524902300,-1.683984155
0.525105800,-1.680003260
0.525309200,-1.676022356
0.525512700,-1.672041460
0.525716100,-1.668060556
0.525919600,-1.664079660
0.526123000,-1.660098756
0.526326500,-1.652117860
0.526529900,-1.648136956
0.526733400,-1.644156061
0.526936800,-1.636175156
0.527140300,-1.632194261
0.527343700,-1.628213356
0.527547200,-1.624232461
0.527750700,-1.616251565
0.527954100,-1.612270661
0.528157600,-1.608289766
0.528361000,-1.600308861
0.528564500,-1.596327966
0.528767900,-1.592347061
0.528971400,-1.584366166
0.529174800,-1.580385261
0.529378300,-1.576404366
0.529581700,-1.572423461
0.529785200,-1.564442566
0.529988600,-1.560461661
0.530192100,-1.556480766
0.530395500,-1.548499861
0.530599000,-1.544518966
0.530802400,-1.540538061
0.531005900,-1.528557166
0.531209300,-1.524576261
0.531412800,-1.520595366
0.531616200,-1.512614461
0.531819700,-1.508633566
0.532023100,-1.504652662
0.532226600,-1.500671766
0.532430000,-1.488690862
0.532633500,-1.484709966
0.532836900,-1.480729062
0.533040400,-1.472748166
0.533243800,-1.468767262
0.533447300,-1.464786367
0.533650700,-1.456805462
0.533854200,-1.452824567
0.534057600,-1.448843662
0.534261100,-1.440862767
0.534464500,-1.432881862
0.534668000,-1.428900967
0.534871400,-1.424920062
0.535074900,-1.416939167
0.535278300,-1.412958262
0.535481800,-1.408977367
0.535685200,-1.400996462
0.535888700,-1.397015567
0.536092100,-1.393034662
0.536295600,-1.389053767
0.536499000,-1.381072862
0.536702500,-1.377091967
0.536905900,-1.373111063
0.537109400,-1.365130167
0.537312800,-1.361149263
0.537516300,-1.357168367
0.537719700,-1.349187463
0.537923200,-1.345206567
0.538126600,-1.341225663
0.538330100,-1.337244767
0.538533500,-1.329263863
0.538737000,-1.325282968
0.538940400,-1.321302063
0.539143900,-1.313321168
0.539347300,-1.309340263
0.539550800,-1.305359368
0.539754200,-1.297378463
0.539957700,-1.293397568
0.540161100,-1.289416663
0.540364600,-1.281435768
0.540568000,-1.277454863
0.540771500,-1.273473968
0.540974900,-1.269493063
0.541178400,-1.265512168
0.541381800,-1.261531263
0.541585300,-1.257550368
0.541788700,-1.249569463
0.541992200,-1.245588568
0.542195600,-1.241607664
0.542399100,-1.233626768
0.542602500,-1.233645864
0.542806000,-1.229664968
0.543009400,-1.225684064
0.543212900,-1.217703168
0.543416300,-1.213722264
0.543619800,-1.209741369
0.543823200,-1.205760464
0.544026700,-1.201779569
0.544230100,-1.197798664
0.544433600,-1.189817769
0.544637000,-1.185836864
0.544840500,-1.181855969
0.545043900,-1.181875064
0.545247400,-1.173894169
0.545450800,-1.169913264
0.545654300,-1.165932369
0.545857700,-1.161951464
0.546061200,-1.157970569
0.546264600,-1.153989664
0.546468100,-1.146008769
0.546671500,-1.142027864
0.546875000,-1.142046969
0.547078500,-1.138066074
0.547281900,-1.130085169
0.547485400,-1.126104274
0.547688800,-1.126123369
0.547892300,-1.118142474
0.548095700,-1.114161569
0.548299200,-1.110180674
0.548502600,-1.106199769
0.548706100,-1.102218874
0.548909500,-1.098237970
0.549113000,-1.098257074
0.549316400,-1.090276170
0.549519900,-1.086295274
0.549723300,-1.086314370
0.549926800,-1.078333474
0.550130200,-1.074352570
0.550333700,-1.074371675
0.550537100,-1.066390770
0.550740600,-1.062409875
0.550944000,-1.062428970
0.551147500,-1.054448075
0.551350900,-1.050467170
0.551554400,-1.050486275
0.551757800,-1.046505370
0.551961300,-1.042524475
0.552164700,-1.038543570
0.552368200,-1.034562675
0.552571600,-1.030581770
0.552775100,-1.026600875
0.552978500,-1.022619970
0.553182000,-1.018639075
0.553385400,-1.014658170
0.553588900,-1.014677275
0.553792300,-1.010696371
0.553995800,-1.006715475
0.554199200,-1.002734571
0.554402700,-0.998753675
0.554606100,-0.994772771
0.554809600,-0.990791875
0.555013000,-0.990810971
0.555216500,-0.982830075
0.555419900,-0.982849171
0.555623400,-0.978868276
0.555826800,-0.978887371
0.556030300,-0.970906476
0.556233700,-0.970925571
0.556437200,-0.966944676
0.556640600,-0.962963771
0.556844100,-0.958982876
0.557047500,-0.959001971
0.557251000,-0.951021076
0.557454400,-0.951040171
0.557657900,-0.947059276
0.557861300,-0.947078371
0.558064800,-0.943097476
0.558268200,-0.939116571
0.558471700,-0.935135676
0.558675100,-0.931154771
0.558878600,-0.931173876
0.559082000,-0.927192972
0.559285500,-0.923212076
0.559488900,-0.919231172
0.559692400,-0.919250276
0.559895800,-0.915269372
0.560099300,-0.911288476
0.560302700,-0.911307572
0.560506200,-0.907326677
0.560709600,-0.903345772
0.560913100,-0.903364877
0.561116500,-0.899383972
0.561320000,-0.895403077
0.561523400,-0.895422172
0.561726900,-0.891441277
0.561930300,-0.887460372
0.562133800,-0.883479477
0.562337200,-0.883498572
0.562540700,-0.879517677
0.562744100,-0.875536772
0.562947600,-0.875555877
0.563151000,-0.875574972
0.563354500,-0.871594077
0.563557900,-0.867613172
0.563761400,-0.867632277
0.563964800,-0.863651373
0.564168300,-0.859670477
0.564371700,-0.859689573
0.564575200,-0.855708677
0.564778600,-0.851727773
0.564982100,-0.851746877
0.565185500,-0.847765973
0.565389000,-0.843785077
0.565592400,-0.843804173
0.565795900,-0.839823278
0.565999300,-0.839842373
0.566202800,-0.835861478
0.566406200,-0.835880573
0.566609700,-0.831899678
0.566813200,-0.827918782
0.567016600,-0.827937878
0.567220100,-0.823956983
0.567423500,-0.823976078
0.567627000,-0.819995183
0.567830400,-0.820014278
0.568033900,-0.816033383
0.568237300,-0.812052478
0.568440800,-0.812071583
0.568644200,-0.808090678
0.568847700,-0.808109783
0.569051100,-0.804128878
0.569254600,-0.804147983
0.569458000,-0.800167078
0.569661500,-0.796186183
0.569864900,-0.796205278
0.570068400,-0.792224383
0.570271800,-0.792243478
0.570475300,-0.788262583
0.570678700,-0.784281679
0.570882200,-0.784300783
0.571085600,-0.784319879
0.571289100,-0.780338983
0.571492500,-0.776358079
0.571696000,-0.776377183
0.571899400,-0.772396279
0.572102900,-0.772415383
0.572306300,-0.768434479
0.572509800,-0.768453584
0.572713200,-0.764472679
0.572916700,-0.760491784
0.573120100,-0.760510879
0.573323600,-0.760529984
0.573527000,-0.756549079
0.573730500,-0.752568184
0.573933900,-0.752587279
0.574137400,-0.748606384
0.574340800,-0.748625479
0.574544300,-0.744644584
0.574747700,-0.740663679
0.574951200,-0.740682784
0.575154600,-0.736701879
0.575358100,-0.736720984
0.575561500,-0.732740079
0.575765000,-0.728759184
0.575968400,-0.728778280
0.576171900,-0.724797384
0.576375300,-0.724816480
0.576578800,-0.720835584
0.576782200,-0.716854680
0.576985700,-0.716873784
0.577189100,-0.712892880
0.577392600,-0.712911985
0.577596000,-0.708931080
0.577799500,-0.704950185
0.578002900,-0.704969280
0.578206400,-0.700988385
0.578409800,-0.697007480
0.578613300,-0.697026585
0.578816700,-0.693045680
0.579020200,-0.689064785
0.579223600,-0.689083880
0.579427100,-0.685102985
0.579630500,-0.681122080
0.579834000,-0.681141185
0.580037400,-0.677160280
0.580240900,-0.673179385
0.580444300,-0.673198480
0.580647800,-0.669217585
0.580851200,-0.665236681
0.581054700,-0.665255785
0.581258100,-0.661274881
0.581461600,-0.657293985
0.581665000,-0.657313081
0.581868500,-0.653332185
0.582071900,-0.653351281
0.582275400,-0.649370385
0.582478800,-0.645389481
0.582682300,-0.641408586
0.582885700,-0.637427681
0.583089200,-0.637446786
0.583292600,-0.633465881
0.583496100,-0.629484986
0.583699500,-0.629504081
0.583903000,-0.625523186
0.584106400,-0.625542281
0.584309900,-0.621561386
0.584513300,-0.621580481
0.584716800,-0.617599586
0.584920200,-0.613618681
0.585123700,-0.613637786
0.585327100,-0.609656881
0.585530600,-0.605675986
0.585734000,-0.605695081
0.585937500,-0.605714186
0.586141000,-0.601733291
0.586344400,-0.597752386
0.586547900,-0.597771491
0.586751300,-0.597790586
0.586954800,-0.593809691
0.587158200,-0.593828786
0.587361700,-0.589847891
0.587565100,-0.589866987
0.587768600,-0.585886091
0.587972000,-0.585905187
0.588175500,-0.581924291
0.588378900,-0.581943387
0.588582400,-0.581962491
0.588785800,-0.577981587
0.588989300,-0.578000691
0.589192700,-0.578019787
0.589396200,-0.574038892
0.589599600,-0.574057987
0.589803100,-0.574077092
0.590006500,-0.570096187
0.590210000,-0.570115292
0.590413400,-0.570134387
0.590616900,-0.566153492
0.590820300,-0.566172587
0.591023800,-0.566191692
0.591227200,-0.566210787
0.591430700,-0.562229892
0.591634100,-0.562248987
0.591837600,-0.562268092
0.592041000,-0.562287187
0.592244500,-0.558306292
0.592447900,-0.558325387
0.592651400,-0.558344492
0.592854800,-0.558363588
0.593058300,-0.554382692
0.593261700,-0.554401788
0.593465200,-0.554420892
0.593668600,-0.554439988
0.593872100,-0.554459092
0.594075500,-0.550478188
0.594279000,-0.550497293
0.594482400,-0.550516388
0.594685900,-0.550535493
0.594889300,-0.550554588
0.595092800,-0.546573693
0.595296200,-0.546592788
0.595499700,-0.546611893
0.595703100,-0.546630988
0.595906600,-0.546650093
0.596110000,-0.542669188
0.596313500,-0.542688293
0.596516900,-0.542707388
0.596720400,-0.542726493
0.596923800,-0.542745588
0.597127300,-0.538764693
0.597330700,-0.538783788
0.597534200,-0.538802893
0.597737600,-0.538821988
0.597941100,-0.534841093
0.598144500,-0.534860189
0.598348000,-0.534879293
0.598551400,-0.534898389
0.598754900,-0.530917493
0.598958300,-0.530936589
0.599161800,-0.530955693
0.599365200,-0.530974789
0.599568700,-0.530993894
0.599772100,-0.527012989
0.599975600,-0.527032094
0.600179000,-0.527051189
0.600382500,-0.527070294
0.600585900,-0.523089389
0.600789400,-0.523108494
0.600992800,-0.523127589
0.601196300,-0.523146694
0.601399700,-0.523165789
0.601603200,-0.519184894
0.601806600,-0.519203989
0.602010100,-0.519223094
0.602213500,-0.519242189
0.602417000,-0.519261294
0.602620400,-0.515280389
0.602823900,-0.515299494
0.603027300,-0.515318590
0.603230800,-0.515337694
0.603434200,-0.515356790
0.603637700,-0.515375894
0.603841100,-0.511394990
0.604044600,-0.511414094
0.604248000,-0.511433190
0.604451500,-0.511452295
0.604654900,-0.511471390
0.604858400,-0.511490495
0.605061800,-0.507509590
0.605265300,-0.507528695
0.605468800,-0.507547799
0.605672200,-0.507566895
0.605875700,-0.507585999
0.606079100,-0.507605095
0.606282600,-0.507624200
0.606486000,-0.507643295
0.606689500,-0.507662400
0.606892900,-0.507681495
0.607096400,-0.507700600
0.607299800,-0.507719695
0.607503300,-0.507738800
0.607706700,-0.503757895
0.607910200,-0.503777000
0.608113600,-0.503796095
0.608317100,-0.503815200
0.608520500,-0.503834295
0.608724000,-0.503853400
0.608927400,-0.503872495
0.609130900,-0.503891600
0.609334300,-0.503910695
0.609537800,-0.507929800
0.609741200,-0.507948896
0.609944700,-0.507968000
0.610148100,-0.507987096
0.610351600,-0.508006200
0.610555000,-0.508025296
0.610758500,-0.508044400
0.610961900,-0.508063496
0.611165400,-0.508082601
0.611368800,-0.508101696
0.611572300,-0.508120801
0.611775700,-0.508139896
0.611979200,-0.512159001
0.612182600,-0.512178096
0.612386100,-0.512197201
0.612589500,-0.512216296
0.612793000,-0.512235401
0.612996400,-0.512254496
0.613199900,-0.516273601
0.613403300,-0.516292696
0.613606800,-0.516311801
0.613810200,-0.516330896
0.614013700,-0.516350001
0.614217100,-0.516369096
0.614420600,-0.520388201
0.614624000,-0.520407296
0.614827500,-0.520426401
0.615030900,-0.520445497
0.615234400,-0.524464601
0.615437800,-0.524483697
0.615641300,-0.524502801
0.615844700,-0.524521897
0.616048200,-0.528541001
0.616251600,-0.528560097
0.616455100,-0.528579202
0.616658500,-0.528598297
0.616862000,-0.532617402
0.617065400,-0.532636497
0.617268900,-0.532655602
0.617472300,-0.536674697
0.617675800,-0.536693802
0.617879200,-0.536712897
0.618082700,-0.540732002
0.618286100,-0.540751097
0.618489600,-0.540770202
0.618693000,-0.544789297
0.618896500,-0.544808402
0.619099900,-0.544827497
0.619303400,-0.548846602
0.619506800,-0.548865697
0.619710300,-0.548884802
0.619913700,-0.552903898
0.620117200,-0.552923002
0.620320600,-0.552942098
0.620524100,-0.556961202
0.620727500,-0.556980298
0.620931000,-0.560999402
0.621134400,-0.561018498
0.621337900,-0.565037602
0.621541300,-0.565056698
0.621744800,-0.565075803
0.621948200,-0.569094898
0.622151700,-0.569114003
0.622355100,-0.573133098
0.622558600,-0.573152203
0.622762000,-0.577171298
0.622965500,-0.577190403
0.623168900,-0.577209498
0.623372400,-0.581228603
0.623575800,-0.581247698
0.623779300,-0.585266803
0.623982700,-0.589285898
0.624186200,-0.589305003
0.624389600,-0.589324098
0.624593100,-0.593343203
0.624796500,-0.597362298
0.625000000,-0.597381403
0.625203500,-0.597400508
0.625406900,-0.601419603
0.625610400,-0.605438708
0.625813800,-0.605457803
0.626017300,-0.609476908
0.626220700,-0.609496003
0.626424200,-0.613515108
0.626627600,-0.613534204
0.626831100,-0.617553308
0.627034500,-0.617572404
0.627238000,-0.621591508
0.627441400,-0.625610604
0.627644900,-0.625629708
0.627848300,-0.629648804
0.628051800,-0.633667909
0.628255200,-0.633687004
0.628458700,-0.637706109
0.628662100,-0.637725204
0.628865600,-0.641744309
0.629069000,-0.641763404
0.629272500,-0.645782509
0.629475900,-0.649801604
0.629679400,-0.649820709
0.629882800,-0.653839804
0.630086300,-0.657858909
0.630289700,-0.661878004
0.630493200,-0.661897109
0.630696600,-0.665916204
0.630900100,-0.669935309
0.631103500,-0.669954404
0.631307000,-0.673973509
0.631510400,-0.677992604
0.631713900,-0.678011709
0.631917300,-0.682030805
0.632120800,-0.686049909
0.632324200,-0.690069005
0.632527700,-0.690088109
0.632731100,-0.694107205
0.632934600,-0.698126309
0.633138000,-0.698145405
0.633341500,-0.706164510
0.633544900,-0.706183605
0.633748400,-0.710202710
0.633951800,-0.710221805
0.634155300,-0.718240910
0.634358700,-0.718260005
0.634562200,-0.722279110
0.634765600,-0.726298205
0.634969100,-0.730317310
0.635172500,-0.730336405
0.635376000,-0.734355510
0.635579400,-0.738374605
0.635782900,-0.742393710
0.635986300,-0.746412805
0.636189800,-0.746431910
0.636393200,-0.750451005
0.636596700,-0.754470110
0.636800100,-0.758489206
0.637003600,-0.762508310
0.637207000,-0.762527406
0.637410500,-0.766546510
0.637613900,-0.770565606
0.637817400,-0.774584710
0.638020800,-0.778603806
0.638224300,-0.778622910
0.638427700,-0.782642006
0.638631200,-0.786661111
0.638834600,-0.790680206
0.639038100,-0.794699311
0.639241500,-0.794718406
0.639445000,-0.798737511
0.639648400,-0.802756606
0.639851900,-0.806775711
0.640055300,-0.810794806
0.640258800,-0.810813911
0.640462200,-0.814833006
0.640665700,-0.818852111
0.640869100,-0.822871206
0.641072600,-0.822890311
0.641276000,-0.826909406
0.641479500,-0.830928511
0.641682900,-0.834947606
0.641886400,-0.834966711
0.642089800,-0.838985807
0.642293300,-0.843004911
0.642496700,-0.843024007
0.642700200,-0.847043111
0.642903600,-0.851062207
0.643107100,-0.855081311
0.643310500,-0.855100407
0.643514000,-0.859119512
0.643717400,-0.863138607
0.643920900,-0.863157712
0.644124300,-0.867176807
0.644327800,-0.871195912
0.644531300,-0.871215016
0.644734700,-0.875234112
0.644938200,-0.879253216
0.645141600,-0.879272312
0.645345100,-0.883291417
0.645548500,-0.887310512
0.645752000,-0.887329617
0.645955400,-0.891348712
0.646158900,-0.895367817
0.646362300,-0.895386912
0.646565800,-0.899406017
0.646769200,-0.903425112
0.646972700,-0.903444217
0.647176100,-0.907463312
0.647379600,-0.907482417
0.647583000,-0.911501512
0.647786500,-0.915520617
0.647989900,-0.915539712
0.648193400,-0.919558817
0.648396800,-0.919577912
0.648600300,-0.923597017
0.648803700,-0.927616113
0.649007200,-0.927635217
0.649210600,-0.931654313
0.649414100,-0.931673417
0.649617500,-0.935692513
0.649821000,-0.939711617
0.650024400,-0.939730713
0.650227900,-0.943749818
0.650431300,-0.947768913
0.650634800,-0.947788018
0.650838200,-0.951807113
0.651041700,-0.955826218
0.651245100,-0.955845313
0.651448600,-0.959864418
0.651652000,-0.963883513
0.651855500,-0.963902618
0.652058900,-0.967921713
0.652262400,-0.971940818
0.652465800,-0.975959913
0.652669300,-0.975979018
0.652872700,-0.979998113
0.653076200,-0.984017218
0.653279600,-0.988036313
0.653483100,-0.988055418
0.653686500,-0.992074514
0.653890000,-0.996093618
0.654093400,-1.000112714
0.654296900,-1.004131818
0.654500300,-1.008150914
0.654703800,-1.012170018
0.654907200,-1.016189114
0.655110700,-1.020208218
0.655314100,-1.020227314
0.655517600,-1.028246419
0.655721000,-1.032265514
0.655924500,-1.036284619
0.656127900,-1.036303714
0.656331400,-1.044322819
0.656534800,-1.048341914
0.656738300,-1.052361019
0.656941700,-1.056380114
0.657145200,-1.060399219
0.657348600,-1.064418314
0.657552100,-1.072437419
0.657755500,-1.076456514
0.657959000,-1.080475619
0.658162400,-1.084494714
0.658365900,-1.092513819
0.658569300,-1.096532914
0.658772800,-1.100552019
0.658976200,-1.108571115
0.659179700,-1.116590219
0.659383100,-1.120609315
0.659586600,-1.128628419
0.659790000,-1.132647515
0.659993500,-1.140666619
0.660196900,-1.144685715
0.660400400,-1.152704820
0.660603800,-1.160723915
0.660807300,-1.164743020
0.661010700,-1.176762115
0.661214200,-1.180781220
0.661417600,-1.184800315
0.661621100,-1.196819420
0.661824500,-1.204838515
0.662028000,-1.208857620
0.662231400,-1.216876715
0.662434900,-1.228895820
0.662638300,-1.236914915
0.662841800,-1.240934020
0.663045200,-1.252953115
0.663248700,-1.260972220
0.663452100,-1.268991315
0.663655600,-1.281010420
0.663859000,-1.289029516
0.664062500,-1.293048620
0.664266000,-1.309067725
0.664469400,-1.317086820
0.664672900,-1.321105925
0.664876300,-1.329125020
0.665079800,-1.345144125
0.665283200,-1.353163220
0.665486700,-1.357182325
0.665690100,-1.373201421
0.665893600,-1.381220525
0.666097000,-1.389239621
0.666300500,-1.401258725
0.666503900,-1.409277821
0.666707400,-1.417296925
0.666910800,-1.425316021
0.667114300,-1.437335126
0.667317700,-1.445354221
0.667521200,-1.453373326
0.667724600,-1.465392421
0.667928100,-1.473411526
0.668131500,-1.477430621
0.668335000,-1.493449726
0.668538400,-1.497468821
0.668741900,-1.505487926
0.668945300,-1.509507021
0.669148800,-1.521526126
0.669352200,-1.529545221
0.669555700,-1.533564326
0.669759100,-1.545583421
0.669962600,-1.549602526
0.670166000,-1.553621621
0.670369500,-1.561640726
0.670572900,-1.565659822
0.670776400,-1.569678926
0.670979800,-1.573698022
0.671183300,-1.581717126
0.671386700,-1.585736222
0.671590200,-1.589755326
0.671793600,-1.593774422
0.671997100,-1.593793526
0.672200500,-1.597812622
0.672404000,-1.601831727
0.672607400,-1.601850822
0.672810900,-1.601869927
0.673014300,-1.601889022
0.673217800,-1.601908127
0.673421200,-1.601927222
0.673624700,-1.601946327
0.673828100,-1.601965422
0.674031600,-1.601984527
0.674235000,-1.598003622
0.674438500,-1.594022727
0.674641900,-1.594041822
0.674845400,-1.590060927
0.675048800,-1.586080022
0.675252300,-1.582099127
0.675455700,-1.578118222
0.675659200,-1.574137327
0.675862600,-1.566156423
0.676066100,-1.562175527
0.676269500,-1.558194623
0.676473000,-1.546213727
0.676676400,-1.542232823
0.676879900,-1.538251927
0.677083300,-1.526271023
0.677286800,-1.518290128
0.677490200,-1.514309223
0.677693700,-1.506328328
0.677897100,-1.494347423
0.678100600,-1.486366528
0.678304000,-1.482385623
0.678507500,-1.466404728
0.678710900,-1.458423823
0.678914400,-1.450442928
0.679117800,-1.438462023
0.679321300,-1.430481128
0.679524700,-1.422500223
0.679728200,-1.414519328
0.679931600,-1.398538423
0.680135100,-1.390557528
0.680338500,-1.382576623
0.680542000,-1.366595728
0.680745400,-1.358614823
0.680948900,-1.350633928
0.681152300,-1.334653024
0.681355800,-1.326672128
0.681559200,-1.318691224
0.681762700,-1.310710328
0.681966100,-1.294729424
0.682169600,-1.286748528
0.682373000,-1.278767624
0.682576500,-1.262786729
0.682779900,-1.254805824
0.682983400,-1.246824929
0.683186800,-1.230844024
0.683390300,-1.222863129
0.683593800,-1.218882233
0.683797200,-1.202901329
0.684000700,-1.194920434
0.684204100,-1.190939529
0.684407600,-1.182958634
0.684611000,-1.166977729
0.684814500,-1.162996834
0.685017900,-1.155015929
0.685221400,-1.143035034
0.685424800,-1.139054129
0.685628300,-1.131073234
0.685831700,-1.119092329
0.686035200,-1.115111434
0.686238600,-1.107130529
0.686442100,-1.103149634
0.686645500,-1.091168729
0.686849000,-1.087187834
0.687052400,-1.083206929
0.687255900,-1.071226034
0.687459300,-1.067245130
0.687662800,-1.063264234
0.687866200,-1.055283330
0.688069700,-1.051302434
0.688273100,-1.047321530
0.688476600,-1.043340634
0.688680000,-1.035359730
0.688883500,-1.031378834
0.689086900,-1.027397930
0.689290400,-1.019417035
0.689493800,-1.015436130
0.689697300,-1.015455235
0.689900700,-1.007474330
0.690104200,-1.003493435
0.690307600,-1.003512530
0.690511100,-0.999531635
0.690714500,-0.995550730
0.690918000,-0.991569835
0.691121400,-0.987588930
0.691324900,-0.983608035
0.691528300,-0.979627130
0.691731800,-0.979646235
0.691935200,-0.975665330
0.692138700,-0.971684435
0.692342100,-0.971703530
0.692545600,-0.967722635
0.692749000,-0.963741731
0.692952500,-0.963760835
0.693155900,-0.959779931
0.693359400,-0.955799035
0.693562800,-0.955818131
0.693766300,-0.951837235
0.693969700,-0.951856331
0.694173200,-0.947875436
0.694376600,-0.947894531
0.694580100,-0.943913636
0.694783500,-0.939932731
0.694987000,-0.939951836
0.695190400,-0.939970931
0.695393900,-0.935990036
0.695597300,-0.932009131
0.695800800,-0.932028236
0.696004200,-0.928047331
0.696207700,-0.928066436
0.696411100,-0.924085531
0.696614600,-0.920104636
0.696818000,-0.920123731
0.697021500,-0.916142836
0.697224900,-0.916161931
0.697428400,-0.912181036
0.697631800,-0.908200131
0.697835300,-0.904219236
0.698038700,-0.900238332
0.698242200,-0.900257436
0.698445600,-0.896276532
0.698649100,-0.892295636
0.698852500,-0.888314732
0.699056000,-0.884333836
0.699259400,-0.884352932
0.699462900,-0.876372037
0.699666300,-0.872391132
0.699869800,-0.868410237
0.700073200,-0.864429332
0.700276700,-0.860448437
0.700480100,-0.856467532
0.700683600,-0.848486637
0.700887000,-0.844505732
0.701090500,-0.840524837
0.701293900,-0.836543932
0.701497400,-0.828563037
0.701700800,-0.820582132
0.701904300,-0.816601237
0.702107700,-0.808620332
0.702311200,-0.800639437
0.702514600,-0.796658532
0.702718100,-0.784677637
0.702921500,-0.780696733
0.703125000,-0.776715837
0.703328500,-0.764734942
0.703531900,-0.756754037
0.703735400,-0.748773142
0.703938800,-0.744792237
0.704142300,-0.732811342
0.704345700,-0.724830437
0.704549200,-0.716849542
0.704752600,-0.704868638
0.704956100,-0.696887742
0.705159500,-0.688906838
0.705363000,-0.672925942
0.705566400,-0.668945038
0.705769900,-0.660964142
0.705973300,-0.652983238
0.706176800,-0.637002343
0.706380200,-0.629021438
0.706583700,-0.621040543
0.706787100,-0.601059638
0.706990600,-0.593078743
0.707194000,-0.585097838
0.707397500,-0.569116943
0.707600900,-0.561136038
0.707804400,-0.553155143
0.708007800,-0.541174238
0.708211300,-0.525193343
0.708414700,-0.517212438
0.708618200,-0.505231543
0.708821600,-0.489250638
0.709025100,-0.481269743
0.709228500,-0.469288838
0.709432000,-0.453307943
0.709635400,-0.441327039
0.709838900,-0.433346143
0.710042300,-0.425365239
0.710245800,-0.405384343
0.710449200,-0.397403439
0.710652700,-0.385422543
0.710856100,-0.369441639
0.711059600,-0.357460744
0.711263000,-0.349479839
0.711466500,-0.329498944
0.711669900,-0.321518039
0.711873400,-0.313537144
0.712076800,-0.293556239
0.712280300,-0.285575344
0.712483700,-0.273594439
0.712687200,-0.265613544
0.712890600,-0.245632639
0.713094100,-0.237651744
0.713297500,-0.229670839
0.713501000,-0.209689944
0.713704400,-0.201709039
0.713907900,-0.193728144
0.714111300,-0.173747239
0.714314800,-0.165766344
0.714518200,-0.157785439
0.714721700,-0.145804544
0.714925100,-0.129823640
0.715128600,-0.121842744
0.715332000,-0.113861840
0.715535500,-0.093880944
0.715738900,-0.085900040
0.715942400,-0.077919144
0.716145800,-0.057938240
0.716349300,-0.049957345
0.716552700,-0.041976440
0.716756200,-0.033995545
0.716959600,-0.018014640
0.717163100,-0.010033745
0.717366500,0.001947160
0.717570000,0.017928055
0.717773400,0.025908960
0.717976900,0.033889855
0.718180300,0.049870760
0.718383800,0.057851655
0.718587200,0.065832560
0.718790700,0.077813455
0.718994100,0.093794360
0.719197600,0.101775255
0.719401000,0.109756160
0.719604500,0.125737055
0.719807900,0.133717959
0.720011400,0.141698855
0.720214800,0.157679759
0.720418300,0.165660655
0.720621700,0.173641559
0.720825200,0.181622455
0.721028600,0.201603359
0.721232100,0.209584255
0.721435500,0.217565159
0.721639000,0.233546054
0.721842400,0.241526959
0.722045900,0.249507854
0.722249300,0.265488759
0.722452800,0.273469654
0.722656300,0.281450550
0.722859700,0.297431454
0.723063200,0.305412349
0.723266600,0.313393254
0.723470100,0.321374149
0.723673500,0.337355054
0.723877000,0.345335949
0.724080400,0.353316854
0.724283900,0.369297749
0.724487300,0.377278654
0.724690800,0.385259549
0.724894200,0.401240454
0.725097700,0.409221349
0.725301100,0.417202254
0.725504600,0.425183149
0.725708000,0.441164054
0.725911500,0.449144949
0.726114900,0.457125854
0.726318400,0.473106749
0.726521800,0.481087653
0.726725300,0.489068549
0.726928700,0.505049453
0.727132200,0.513030349
0.727335600,0.521011253
0.727539100,0.528992149
0.727742500,0.544973053
0.727946000,0.552953949
0.728149400,0.560934853
0.728352900,0.576915748
0.728556300,0.584896653
0.728759800,0.592877548
0.728963200,0.604858453
0.729166700,0.612839348
0.729370100,0.620820253
0.729573600,0.628801148
0.729777000,0.644782053
0.729980500,0.652762948
0.730183900,0.660743853
0.730387400,0.672724748
0.730590800,0.680705653
0.730794300,0.688686548
0.730997700,0.700667453
0.731201200,0.708648348
0.731404600,0.716629253
0.731608100,0.728610148
0.731811500,0.736591052
0.732015000,0.744571948
0.732218400,0.748552852
0.732421900,0.764533748
0.732625300,0.768514652
0.732828800,0.776495548
0.733032200,0.788476452
0.733235700,0.796457347
0.733439100,0.800438252
0.733642600,0.812419147
0.733846000,0.820400052
0.734049500,0.824380947
0.734252900,0.828361852
0.734456400,0.840342747
0.734659800,0.844323652
0.734863300,0.852304547
0.735066700,0.860285452
0.735270200,0.868266347
0.735473600,0.872247252
0.735677100,0.880228147
0.735880500,0.884209052
0.736084000,0.888189947
0.736287400,0.892170852
0.736490900,0.900151747
0.736694300,0.904132651
0.736897800,0.908113547
0.737101200,0.916094451
0.737304700,0.920075347
0.737508100,0.924056251
0.737711600,0.932037147
0.737915000,0.932018051
0.738118500,0.935998947
0.738321900,0.939979851
0.738525400,0.943960746
0.738728800,0.947941651
0.738932300,0.951922546
0.739135700,0.955903451
0.739339200,0.955884346
0.739542600,0.959865251
0.739746100,0.963846146
0.739949500,0.963827051
0.740153000,0.967807946
0.740356400,0.971788851
0.740559900,0.971769746
0.740763300,0.971750651
0.740966800,0.975731546
0.741170200,0.975712451
0.741373700,0.975693346
0.741577100,0.979674251
0.741780600,0.979655146
0.741984000,0.979636050
0.742187500,0.983616946
0.742391000,0.983597841
0.742594400,0.983578746
0.742797900,0.983559641
0.743001300,0.983540546
0.743204800,0.987521441
0.743408200,0.987502345
0.743611700,0.987483241
0.743815100,0.987464145
0.744018600,0.987445041
0.744222000,0.987425945
0.744425500,0.987406841
0.744628900,0.991387745
0.744832400,0.991368641
0.745035800,0.991349545
0.745239300,0.991330440
0.745442700,0.991311345
0.745646200,0.991292240
0.745849600,0.991273145
0.746053100,0.991254040
0.746256500,0.991234945
0.746460000,0.995215840
0.746663400,0.995196745
0.746866900,0.995177640
0.747070300,0.995158545
0.747273800,0.995139440
0.747477200,0.999120345
0.747680700,0.999101240
0.747884100,0.999082145
0.748087600,0.999063040
0.748291000,1.003043945
0.748494500,1.003024840
0.748697900,1.003005744
0.748901400,1.006986640
0.749104800,1.006967544
0.749308300,1.006948440
0.749511700,1.010929344
0.749715200,1.010910240
0.749918600,1.014891144
0.750122100,1.014872039
0.750325500,1.018852944
0.750529000,1.018833839
0.750732400,1.022814744
0.750935900,1.022795639
0.751139300,1.026776544
0.751342800,1.030757439
0.751546200,1.030738344
0.751749700,1.034719239
0.751953100,1.038700144
0.752156600,1.038681039
0.752360000,1.042661944
0.752563500,1.046642839
0.752766900,1.050623744
0.752970400,1.050604639
0.753173800,1.054585544
0.753377300,1.058566439
0.753580700,1.062547343
0.753784200,1.062528239
0.753987600,1.070509143
0.754191100,1.070490039
0.754394500,1.074470943
0.754598000,1.078451839
0.754801400,1.082432743
0.755004900,1.086413639
0.755208300,1.090394543
0.755411800,1.094375438
0.755615200,1.094356343
0.755818700,1.098337238
0.756022100,1.102318143
0.756225600,1.106299038
0.756429000,1.110279943
0.756632500,1.114260838
0.756835900,1.118241743
0.757039400,1.118222638
0.757242800,1.126203543
0.757446300,1.126184438
0.757649700,1.130165343
0.757853200,1.134146238
0.758056600,1.138127143
0.758260100,1.138108038
0.758463500,1.142088943
0.758667000,1.146069838
0.758870400,1.150050742
0.759073900,1.150031638
0.759277300,1.158012542
0.759480800,1.157993438
0.759684200,1.161974342
0.759887700,1.165955238
0.760091100,1.165936142
0.760294600,1.169917037
0.760498000,1.169897942
0.760701500,1.173878837
0.760904900,1.173859742
0.761108400,1.177840637
0.761311800,1.181821542
0.761515300,1.181802437
0.761718800,1.181783333
0.761922200,1.185764237
0.762125700,1.185745132
0.762329100,1.189726037
0.762532600,1.189706932
0.762736000,1.189687837
0.762939500,1.193668732
0.763142900,1.193649637
0.763346400,1.193630532
0.763549800,1.197611437
0.763753300,1.197592332
0.763956700,1.197573237
0.764160200,1.197554132
0.764363600,1.197535037
0.764567100,1.201515932
0.764770500,1.201496837
0.764974000,1.201477732
0.765177400,1.201458637
0.765380900,1.201439532
0.765584300,1.201420436
0.765787800,1.201401332
0.765991200,1.205382236
0.766194700,1.205363132
0.766398100,1.205344036
0.766601600,1.205324932
0.766805000,1.205305836
0.767008500,1.205286731
0.767211900,1.205267636
0.767415400,1.205248531
0.767618800,1.205229436
0.767822300,1.205210331
0.768025700,1.205191236
0.768229200,1.205172131
0.768432600,1.205153036
0.768636100,1.205133931
0.768839500,1.205114836
0.769043000,1.205095731
0.769246400,1.205076636
0.769449900,1.205057531
0.769653300,1.205038436
0.769856800,1.205019331
0.770060200,1.205000236
0.770263700,1.204981131
0.770467100,1.204962035
0.770670600,1.204942931
0.770874000,1.208923835
0.771077500,1.208904731
0.771280900,1.208885635
0.771484400,1.208866531
0.771687800,1.208847435
0.771891300,1.208828331
0.772094700,1.208809235
0.772298200,1.208790130
0.772501600,1.208771035
0.772705100,1.212751930
0.772908500,1.212732835
0.773112000,1.212713730
0.773315400,1.212694635
0.773518900,1.212675530
0.773722300,1.216656435
0.773925800,1.216637330
0.774129200,1.216618235
0.774332700,1.216599130
0.774536100,1.216580035
0.774739600,1.220560930
0.774943000,1.220541835
0.775146500,1.220522730
0.775349900,1.220503635
0.775553400,1.224484530
0.775756800,1.224465434
0.775960300,1.224446330
0.776163700,1.228427234
0.776367200,1.228408130
0.776570600,1.228389034
0.776774100,1.232369930
0.776977500,1.232350834
0.777181000,1.232331729
0.777384400,1.236312634
0.777587900,1.236293529
0.777791300,1.236274434
0.777994800,1.240255329
0.778198200,1.240236234
0.778401700,1.240217129
0.778605100,1.244198034
0.778808600,1.244178929
0.779012000,1.248159834
0.779215500,1.248140729
0.779418900,1.248121634
0.779622400,1.252102529
0.779825800,1.252083434
0.780029300,1.252064329
0.780232700,1.256045234
0.780436200,1.256026129
0.780639600,1.256007034
0.780843100,1.259987929
0.781046500,1.259968833
0.781250000,1.263949729
0.781453500,1.263930624
0.781656900,1.263911529
0.781860400,1.267892424
0.782063800,1.267873329
0.782267300,1.271854224
0.782470700,1.271835128
0.782674200,1.271816024
0.782877600,1.275796928
0.783081100,1.275777824
0.783284500,1.275758728
0.783488000,1.279739624
0.783691400,1.279720528
0.783894900,1.283701423
0.784098300,1.283682328
0.784301800,1.283663223
0.784505200,1.287644128
0.784708700,1.287625023
0.784912100,1.291605928
0.785115600,1.291586823
0.785319000,1.291567728
0.785522500,1.295548623
0.785725900,1.295529528
0.785929400,1.295510423
0.786132800,1.299491328
0.786336300,1.299472223
0.786539700,1.303453128
0.786743200,1.303434023
0.786946600,1.303414928
0.787150100,1.307395823
0.787353500,1.307376728
0.787557000,1.311357623
0.787760400,1.311338527
0.787963900,1.311319423
0.788167300,1.315300327
0.788370800,1.315281223
0.788574200,1.315262127
0.788777700,1.319243023
0.788981100,1.319223927
0.789184600,1.323204822
0.789388000,1.323185727
0.789591500,1.323166622
0.789794900,1.327147527
0.789998400,1.327128422
0.790201800,1.331109327
0.790405300,1.331090222
0.790608700,1.331071127
0.790812200,1.335052022
0.791015600,1.335032927
0.791219100,1.335013822
0.791422500,1.338994727
0.791626000,1.338975622
0.791829400,1.342956527
0.792032900,1.342937422
0.792236300,1.342918327
0.792439800,1.346899222
0.792643200,1.346880126
0.792846700,1.346861022
0.793050100,1.350841926
0.793253600,1.350822822
0.793457000,1.350803726
0.793660500,1.354784622
0.793863900,1.354765526
0.794067400,1.354746421
0.794270800,1.358727326
0.794474300,1.358708221
0.794677700,1.358689126
0.794881200,1.358670021
0.795084600,1.362650926
0.795288100,1.362631821
0.795491500,1.362612726
0.795695000,1.362593621
0.795898400,1.366574526
0.796101900,1.366555421
0.796305300,1.366536326
0.796508800,1.366517221
0.796712200,1.366498126
0.796915700,1.370479021
0.797119100,1.370459926
0.797322600,1.370440821
0.797526000,1.370421726
0.797729500,1.370402621
0.797932900,1.370383525
0.798136400,1.370364421
0.798339800,1.374345325
0.798543300,1.374326221
0.798746700,1.374307125
0.798950200,1.374288021
0.799153600,1.374268925
0.799357100,1.374249820
0.799560500,1.374230725
0.799764000,1.374211620
0.799967400,1.374192525
0.800170900,1.374173420
0.800374300,1.374154325
0.800577800,1.374135220
0.800781300,1.374116115
0.800984700,1.374097020
0.801188200,1.374077915
0.801391600,1.374058820
0.801595100,1.374039715
0.801798500,1.374020620
0.802002000,1.370001515
0.802205400,1.369982420
0.802408900,1.369963315
0.802612300,1.369944220
0.802815800,1.369925115
0.803019200,1.369906020
0.803222700,1.369886915
0.803426100,1.369867820
0.803629600,1.365848715
0.803833000,1.365829620
0.804036500,1.365810515
0.804239900,1.365791420
0.804443400,1.365772315
0.804646800,1.365753219
0.804850300,1.361734115
0.805053700,1.361715019
0.805257200,1.361695915
0.805460600,1.361676819
0.805664100,1.361657715
0.805867500,1.361638619
0.806071000,1.361619514
0.806274400,1.357600419
0.806477900,1.357581314
0.806681300,1.357562219
0.806884800,1.357543114
0.807088200,1.357524019
0.807291700,1.357504914
0.807495100,1.353485819
0.807698600,1.353466714
0.807902000,1.353447619
0.808105500,1.353428514
0.808308900,1.353409419
0.808512400,1.353390314
0.808715800,1.353371219
0.808919300,1.353352114
0.809122700,1.353333019
0.809326200,1.353313914
0.809529600,1.353294818
0.809733100,1.349275714
0.809936500,1.349256618
0.810140000,1.349237514
0.810343400,1.349218418
0.810546900,1.349199314
0.810750300,1.349180218
0.810953800,1.349161114
0.811157200,1.353142018
0.811360700,1.353122913
0.811564100,1.353103818
0.811767600,1.353084713
0.811971000,1.353065618
0.812174500,1.353046513
0.812377900,1.353027418
0.812581400,1.353008313
0.812784800,1.352989218
0.812988300,1.352970113
0.813191700,1.356951018
0.813395200,1.356931913
0.813598600,1.356912818
0.813802100,1.356893713
0.814005500,1.356874618
0.814209000,1.360855513
0.814412400,1.360836418
0.814615900,1.360817313
0.814819300,1.360798217
0.815022800,1.360779113
0.815226200,1.364760017
0.815429700,1.364740913
0.815633100,1.364721817
0.815836600,1.368702713
0.816040000,1.368683617
0.816243500,1.368664512
0.816446900,1.368645417
0.816650400,1.372626312
0.816853800,1.372607217
0.817057300,1.372588112
0.817260700,1.376569017
0.817464200,1.376549912
0.817667600,1.376530817
0.817871100,1.380511712
0.818074500,1.380492617
0.818278000,1.380473512
0.818481400,1.380454417
0.818684900,1.384435312
0.818888300,1.384416217
0.819091800,1.384397112
0.819295200,1.384378017
0.819498700,1.388358912
0.819702100,1.388339816
0.819905600,1.388320712
0.820109000,1.388301616
0.820312500,1.388282512
0.820516000,1.392263407
0.820719400,1.392244312
0.820922900,1.392225207
0.821126300,1.392206112
0.821329800,1.392187007
0.821533200,1.392167911
0.821736700,1.396148807
0.821940100,1.396129711
0.822143600,1.396110607
0.822347000,1.396091511
0.822550500,1.396072407
0.822753900,1.396053311
0.822957400,1.396034206
0.823160800,1.396015111
0.823364300,1.395996006
0.823567700,1.395976911
0.823771200,1.395957806
0.823974600,1.395938711
0.824178100,1.395919606
0.824381500,1.395900511
0.824585000,1.395881406
0.824788400,1.395862311
0.824991900,1.395843206
0.825195300,1.395824111
0.825398800,1.395805006
0.825602200,1.395785911
0.825805700,1.395766806
0.826009100,1.395747711
0.826212600,1.391728606
0.826416000,1.391709510
0.826619500,1.391690406
0.826822900,1.391671310
0.827026400,1.391652206
0.827229800,1.391633110
0.827433300,1.391614006
0.827636700,1.391594910
0.827840200,1.387575806
0.828043600,1.387556710
0.828247100,1.387537605
0.828450500,1.387518510
0.828654000,1.387499405
0.828857400,1.387480310
0.829060900,1.387461205
0.829264300,1.383442110
0.829467800,1.383423005
0.829671200,1.383403910
0.829874700,1.383384805
0.830078100,1.383365710
0.830281600,1.383346605
0.830485000,1.383327510
0.830688500,1.383308405
0.830891900,1.383289310
0.831095400,1.383270205
0.831298800,1.383251110
0.831502300,1.383232005
0.831705700,1.383212909
0.831909200,1.383193805
0.832112600,1.383174709
0.832316100,1.383155605
0.832519500,1.383136509
0.832723000,1.383117405
0.832926400,1.383098309
0.833129900,1.383079204
0.833333300,1.383060109
0.833536800,1.383041004
0.833740200,1.383021909
0.833943700,1.383002804
0.834147100,1.386983709
0.834350600,1.386964604
0.834554000,1.386945509
0.834757500,1.386926404
0.834960900,1.386907309
0.835164400,1.390888204
0.835367800,1.390869109
0.835571300,1.390850004
0.835774700,1.390830909
0.835978200,1.394811804
0.836181600,1.394792709
0.836385100,1.394773604
0.836588500,1.394754508
0.836792000,1.398735404
0.836995400,1.398716308
0.837198900,1.398697204
0.837402300,1.402678108
0.837605800,1.402659004
0.837809200,1.406639908
0.838012700,1.406620804
0.838216100,1.410601708
0.838419600,1.410582603
0.838623000,1.410563508
0.838826500,1.414544403
0.839029900,1.414525308
0.839233400,1.414506203
0.839436800,1.418487108
0.839640300,1.418468003
0.839843800,1.422448898
0.840047200,1.422429803
0.840250700,1.426410698
0.840454100,1.426391603
0.840657600,1.426372498
0.840861000,1.430353403
0.841064500,1.430334298
0.841267900,1.434315203
0.841471400,1.434296098
0.841674800,1.434277003
0.841878300,1.438257898
0.842081700,1.438238803
0.842285200,1.442219698
0.842488600,1.442200603
0.842692100,1.442181498
0.842895500,1.446162403
0.843099000,1.446143298
0.843302400,1.446124202
0.843505900,1.450105098
0.843709300,1.450086002
0.843912800,1.450066898
0.844116200,1.454047802
0.844319700,1.454028698
0.844523100,1.454009602
0.844726600,1.457990498
0.844930000,1.457971402
0.845133500,1.457952297
0.845336900,1.457933202
0.845540400,1.461914097
0.845743800,1.461895002
0.845947300,1.461875897
0.846150700,1.465856802
0.846354200,1.465837697
0.846557600,1.465818602
0.846761100,1.465799497
0.846964500,1.465780402
0.847168000,1.465761297
0.847371400,1.469742202
0.847574900,1.469723097
0.847778300,1.469704002
0.847981800,1.469684897
0.848185200,1.469665802
0.848388700,1.469646697
0.848592100,1.469627601
0.848795600,1.469608497
0.848999000,1.473589401
0.849202500,1.473570297
0.849405900,1.473551201
0.849609400,1.473532097
0.849812800,1.473513001
0.850016300,1.473493896
0.850219700,1.473474801
0.850423200,1.473455696
0.850626600,1.473436601
0.850830100,1.473417496
0.851033500,1.473398401
0.851237000,1.473379296
0.851440400,1.473360201
0.851643900,1.477341096
0.851847300,1.477322001
0.852050800,1.477302896
0.852254200,1.477283801
0.852457700,1.477264696
0.852661100,1.477245601
0.852864600,1.477226496
0.853068000,1.477207401
0.853271500,1.477188296
0.853474900,1.477169200
0.853678400,1.477150096
0.853881800,1.477131000
0.854085300,1.481111896
0.854288700,1.481092800
0.854492200,1.481073696
0.854695600,1.481054600
0.854899100,1.481035496
0.855102500,1.481016400
0.855306000,1.480997295
0.855509400,1.484978200
0.855712900,1.484959095
0.855916300,1.484940000
0.856119800,1.484920895
0.856323200,1.484901800
0.856526700,1.484882695
0.856730100,1.488863600
0.856933600,1.488844495
0.857137000,1.488825400
0.857340500,1.488806295
0.857543900,1.492787200
0.857747400,1.492768095
0.857950800,1.492749000
0.858154300,1.492729895
0.858357700,1.496710800
0.858561200,1.496691695
0.858764600,1.496672599
0.858968100,1.500653495
0.859171500,1.500634399
0.859375000,1.500615295
0.859578500,1.504596190
0.859781900,1.504577095
0.859985400,1.504557990
0.860188800,1.508538894
0.860392300,1.508519790
0.860595700,1.508500694
0.860799200,1.512481590
0.861002600,1.512462494
0.861206100,1.516443390
0.861409500,1.516424294
0.861613000,1.516405190
0.861816400,1.520386094
0.862019900,1.520366989
0.862223300,1.520347894
0.862426800,1.524328789
0.862630200,1.524309694
0.862833700,1.528290589
0.863037100,1.528271494
0.863240600,1.532252389
0.863444000,1.532233294
0.863647500,1.536214189
0.863850900,1.536195094
0.864054400,1.536175989
0.864257800,1.540156894
0.864461300,1.540137789
0.864664700,1.544118694
0.864868200,1.544099589
0.865071600,1.548080494
0.865275100,1.548061389
0.865478500,1.548042293
0.865682000,1.552023189
0.865885400,1.552004093
0.866088900,1.555984989
0.866292300,1.555965893
0.866495800,1.559946789
0.866699200,1.559927693
0.866902700,1.563908588
0.867106100,1.563889493
0.867309600,1.567870388
0.867513000,1.567851293
0.867716500,1.571832188
0.867919900,1.571813093
0.868123400,1.571793988
0.868326800,1.575774893
0.868530300,1.575755788
0.868733700,1.579736693
0.868937200,1.579717588
0.869140600,1.583698493
0.869344100,1.583679388
0.869547500,1.583660293
0.869751000,1.587641188
0.869954400,1.587622093
0.870157900,1.587602988
0.870361300,1.591583893
0.870564800,1.591564788
0.870768200,1.595545692
0.870971700,1.595526588
0.871175100,1.599507492
0.871378600,1.599488388
0.871582000,1.599469292
0.871785500,1.603450188
0.871988900,1.603431092
0.872192400,1.607411987
0.872395800,1.607392892
0.872599300,1.607373787
0.872802700,1.611354692
0.873006200,1.611335587
0.873209600,1.615316492
0.873413100,1.615297387
0.873616500,1.615278292
0.873820000,1.619259187
0.874023400,1.619240092
0.874226900,1.623220987
0.874430300,1.623201892
0.874633800,1.627182787
0.874837200,1.627163692
0.875040700,1.631144587
0.875244100,1.631125492
0.875447600,1.631106387
0.875651000,1.635087291
0.875854500,1.635068187
0.876057900,1.639049091
0.876261400,1.639029987
0.876464800,1.643010891
0.876668300,1.642991787
0.876871700,1.642972691
0.877075200,1.646953586
0.877278600,1.646934491
0.877482100,1.650915386
0.877685500,1.650896291
0.877889000,1.654877186
0.878092400,1.654858091
0.878295900,1.654838986
0.878499300,1.658819891
0.878702800,1.658800786
0.878906300,1.662781681
0.879109700,1.666762586
0.879313200,1.666743481
0.879516600,1.666724386
0.879720100,1.670705281
0.879923500,1.670686186
0.880127000,1.674667081
0.880330400,1.674647986
0.880533900,1.678628881
0.880737300,1.678609786
0.880940800,1.682590681
0.881144200,1.682571586
0.881347700,1.686552481
0.881551100,1.686533386
0.881754600,1.686514281
0.881958000,1.690495186
0.882161500,1.694476081
0.882364900,1.694456985
0.882568400,1.698437881
0.882771800,1.698418785
0.882975300,1.702399681
0.883178700,1.702380585
0.883382200,1.706361481
0.883585600,1.706342385
0.883789100,1.710323280
0.883992500,1.710304185
0.884196000,1.714285080
0.884399400,1.714265985
0.884602900,1.718246880
0.884806300,1.718227785
0.885009800,1.722208680
0.885213200,1.726189585
0.885416700,1.726170480
0.885620100,1.730151385
0.885823600,1.734132280
0.886027000,1.734113185
0.886230500,1.734094080
0.886433900,1.738074985
0.886637400,1.742055880
0.886840800,1.742036785
0.887044300,1.746017680
0.887247700,1.749998585
0.887451200,1.749979480
0.887654600,1.753960384
0.887858100,1.757941280
0.888061500,1.757922184
0.888265000,1.761903080
0.888468400,1.761883984
0.888671900,1.765864880
0.888875300,1.769845784
0.889078800,1.773826679
0.889282200,1.777807584
0.889485700,1.777788479
0.889689100,1.781769384
0.889892600,1.785750279
0.890096000,1.789731184
0.890299500,1.789712079
0.890502900,1.793692984
0.890706400,1.797673879
0.890909800,1.801654784
0.891113300,1.805635679
0.891316700,1.809616584
0.891520200,1.813597479
0.891723600,1.813578384
0.891927100,1.821559279
0.892130500,1.825540184
0.892334000,1.825521079
0.892537400,1.829501983
0.892740900,1.837482879
0.892944300,1.837463783
0.893147800,1.841444679
0.893351200,1.849425583
0.893554700,1.853406479
0.893758100,1.853387383
0.893961600,1.861368279
0.894165000,1.865349183
0.894368500,1.869330078
0.894571900,1.877310983
0.894775400,1.881291878
0.894978800,1.881272783
0.895182300,1.885253678
0.895385700,1.893234583
0.895589200,1.897215478
0.895792600,1.901196383
0.895996100,1.909177278
0.896199500,1.913158183
0.896403000,1.917139078
0.896606400,1.925119983
0.896809900,1.929100878
0.897013300,1.933081783
0.897216800,1.937062678
0.897420200,1.945043583
0.897623700,1.949024478
0.897827100,1.953005382
0.898030600,1.960986278
0.898234000,1.964967182
0.898437500,1.968948078
0.898641000,1.980928973
0.898844400,1.984909878
0.899047900,1.988890773
0.899251300,1.992871677
0.899454800,2.000852573
0.899658200,2.004833477
0.899861700,2.008814373
0.900065100,2.016795277
0.900268600,2.020776173
0.900472000,2.024757077
0.900675500,2.036737972
0.900878900,2.040718877
0.901082400,2.044699772
0.901285800,2.048680677
0.901489300,2.056661572
0.901692700,2.060642477
0.901896200,2.064623372
0.902099600,2.072604277
0.902303100,2.076585172
0.902506500,2.084566077
0.902710000,2.092546972
0.902913400,2.096527877
0.903116900,2.100508772
0.903320300,2.108489677
0.903523800,2.112470572
0.903727200,2.116451477
0.903930700,2.120432372
0.904134100,2.128413277
0.904337600,2.132394172
0.904541000,2.136375076
0.904744500,2.144355972
0.904947900,2.148336876
0.905151400,2.152317772
0.905354800,2.160298676
0.905558300,2.164279572
0.905761700,2.168260476
0.905965200,2.172241371
0.906168600,2.180222276
0.906372100,2.184203171
0.906575500,2.188184076
0.906779000,2.196164971
0.906982400,2.200145876
0.907185900,2.200126771
0.907389300,2.208107676
0.907592800,2.212088571
0.907796200,2.216069476
0.907999700,2.220050371
0.908203100,2.228031276
0.908406600,2.228012171
0.908610000,2.231993076
0.908813500,2.239973971
0.909016900,2.243954876
0.909220400,2.243935771
0.909423800,2.251916675
0.909627300,2.255897571
0.909830700,2.259878475
0.910034200,2.259859371
0.910237600,2.267840275
0.910441100,2.271821171
0.910644500,2.271802075
0.910848000,2.279782971
0.911051400,2.283763875
0.911254900,2.283744770
0.911458300,2.291725675
0.911661800,2.291706570
0.911865200,2.295687475
0.912068700,2.303668370
0.912272100,2.303649275
0.912475600,2.307630170
0.912679000,2.311611075
0.912882500,2.315591970
0.913085900,2.319572875
0.913289400,2.319553770
0.913492800,2.327534675
0.913696300,2.327515570
0.913899700,2.331496475
0.914103200,2.339477370
0.914306600,2.339458275
0.914510100,2.343439170
0.914713500,2.347420074
0.914917000,2.351400970
0.915120400,2.355381874
0.915323900,2.355362770
0.915527300,2.363343674
0.915730800,2.363324570
0.915934200,2.367305474
0.916137700,2.375286369
0.916341100,2.375267274
0.916544600,2.379248169
0.916748000,2.383229074
0.916951500,2.387209969
0.917154900,2.391190874
0.917358400,2.395171769
0.917561800,2.399152674
0.917765300,2.403133569
0.917968800,2.407114464
0.918172200,2.411095369
0.918375700,2.415076264
0.918579100,2.419057169
0.918782600,2.419038064
0.918986000,2.427018969
0.919189500,2.430999864
0.919392900,2.434980769
0.919596400,2.438961664
0.919799800,2.442942569
0.920003300,2.446923464
0.920206700,2.450904369
0.920410200,2.454885264
0.920613600,2.458866169
0.920817100,2.462847064
0.921020500,2.470827969
0.921224000,2.470808864
0.921427400,2.474789768
0.921630900,2.482770664
0.921834300,2.486751568
0.922037800,2.490732464
0.922241200,2.494713368
0.922444700,2.498694264
0.922648100,2.502675168
0.922851600,2.510656063
0.923055000,2.510636968
0.923258500,2.514617863
0.923461900,2.518598768
0.923665400,2.526579663
0.923868800,2.530560568
0.924072300,2.530541463
0.924275700,2.538522368
0.924479200,2.542503263
0.924682600,2.546484168
0.924886100,2.550465063
0.925089500,2.554445968
0.925293000,2.558426863
0.925496400,2.562407768
0.925699900,2.566388663
0.925903300,2.570369568
0.926106800,2.574350463
0.926310200,2.578331367
0.926513700,2.582312263
0.926717100,2.586293167
0.926920600,2.590274063
0.927124000,2.594254967
0.927327500,2.598235863
0.927530900,2.598216767
0.927734400,2.606197663
0.927937800,2.606178567
0.928141300,2.610159462
0.928344700,2.614140367
0.928548200,2.618121262
0.928751600,2.622102167
0.928955100,2.626083062
0.929158500,2.630063967
0.929362000,2.630044862
0.929565400,2.634025767
0.929768900,2.638006662
0.929972300,2.641987567
0.930175800,2.641968462
0.930379200,2.645949367
0.930582700,2.649930262
0.930786100,2.649911167
0.930989600,2.653892062
0.931193000,2.657872967
0.931396500,2.657853862
0.931599900,2.665834766
0.931803400,2.665815662
0.932006800,2.665796566
0.932210300,2.669777462
0.932413700,2.673758366
0.932617200,2.673739262
0.932820600,2.677720166
0.933024100,2.681701061
0.933227500,2.681681966
0.933431000,2.685662861
0.933634400,2.685643766
0.933837900,2.689624661
0.934041300,2.689605566
0.934244800,2.693586461
0.934448200,2.697567366
0.934651700,2.697548261
0.934855100,2.697529166
0.935058600,2.701510061
0.935262000,2.701490966
0.935465500,2.705471861
0.935668900,2.709452766
0.935872400,2.709433661
0.936075800,2.709414566
0.936279300,2.713395461
0.936482700,2.717376365
0.936686200,2.717357261
0.936889600,2.717338165
0.937093100,2.721319061
0.937296500,2.721299965
0.937500000,2.725280861
0.937703500,2.725261756
0.937906900,2.729242661
0.938110400,2.729223556
0.938313800,2.733204460
0.938517300,2.733185356
0.938720700,2.737166260
0.938924200,2.737147156
0.939127600,2.741128060
0.939331100,2.741108956
0.939534500,2.745089860
0.939738000,2.745070755
0.939941400,2.749051660
0.940144900,2.749032555
0.940348300,2.753013460
0.940551800,2.752994355
0.940755200,2.756975260
0.940958700,2.756956155
0.941162100,2.760937060
0.941365600,2.760917955
0.941569000,2.764898860
0.941772500,2.768879755
0.941975900,2.768860660
0.942179400,2.768841555
0.942382800,2.772822460
0.942586300,2.776803355
0.942789700,2.776784260
0.942993200,2.780765155
0.943196600,2.780746059
0.943400100,2.784726955
0.943603500,2.784707859
0.943807000,2.788688755
0.944010400,2.792669659
0.944213900,2.792650555
0.944417300,2.796631459
0.944620800,2.796612355
0.944824200,2.800593259
0.945027700,2.800574154
0.945231100,2.804555059
0.945434600,2.808535954
0.945638000,2.808516859
0.945841500,2.812497754
0.946044900,2.812478659
0.946248400,2.816459554
0.946451800,2.820440459
0.946655300,2.820421354
0.946858700,2.824402259
0.947062200,2.824383154
0.947265600,2.828364059
0.947469100,2.828344954
0.947672500,2.832325859
0.947876000,2.836306754
0.948079400,2.836287659
0.948282900,2.836268554
0.948486300,2.840249458
0.948689800,2.844230354
0.948893200,2.844211258
0.949096700,2.848192154
0.949300100,2.848173058
0.949503600,2.852153954
0.949707000,2.852134858
0.949910500,2.856115753
0.950113900,2.856096658
0.950317400,2.860077553
0.950520800,2.864058458
0.950724300,2.864039353
0.950927700,2.864020258
0.951131200,2.868001153
0.951334600,2.871982058
0.951538100,2.871962953
0.951741500,2.871943858
0.951945000,2.875924753
0.952148400,2.875905658
0.952351900,2.879886553
0.952555300,2.879867458
0.952758800,2.883848353
0.952962200,2.883829258
0.953165700,2.887810153
0.953369100,2.887791058
0.953572600,2.887771953
0.953776000,2.891752857
0.953979500,2.891733753
0.954182900,2.895714657
0.954386400,2.895695553
0.954589800,2.899676457
0.954793300,2.899657353
0.954996700,2.899638257
0.955200200,2.903619152
0.955403600,2.903600057
0.955607100,2.903580952
0.955810500,2.907561857
0.956014000,2.907542752
0.956217400,2.911523657
0.956420900,2.911504552
0.956624300,2.911485457
0.956827800,2.915466352
0.957031300,2.915447247
0.957234700,2.919428152
0.957438200,2.919409047
0.957641600,2.919389952
0.957845100,2.919370847
0.958048500,2.923351752
0.958252000,2.923332647
0.958455400,2.923313552
0.958658900,2.927294447
0.958862300,2.927275352
0.959065800,2.927256247
0.959269200,2.931237152
0.959472700,2.931218047
0.959676100,2.931198952
0.959879600,2.935179847
0.960083000,2.935160751
0.960286500,2.939141647
0.960489900,2.939122551
0.960693400,2.939103447
0.960896800,2.943084351
0.961100300,2.943065247
0.961303700,2.943046151
0.961507200,2.947027047
0.961710600,2.947007951
0.961914100,2.946988846
0.962117500,2.950969751
0.962321000,2.950950646
0.962524400,2.950931551
0.962727900,2.954912446
0.962931300,2.954893351
0.963134800,2.954874246
0.963338200,2.958855151
0.963541700,2.958836046
0.963745100,2.958816951
0.963948600,2.962797846
0.964152000,2.962778751
0.964355500,2.966759646
0.964558900,2.966740551
0.964762400,2.966721446
0.964965800,2.970702351
0.965169300,2.970683246
0.965372700,2.974664150
0.965576200,2.974645046
0.965779600,2.974625950
0.965983100,2.978606846
0.966186500,2.978587750
0.966390000,2.978568646
0.966593400,2.982549550
0.966796900,2.982530445
0.967000300,2.986511350
0.967203800,2.986492245
0.967407200,2.990473150
0.967610700,2.990454045
0.967814100,2.990434950
0.968017600,2.994415845
0.968221000,2.994396750
0.968424500,2.994377645
0.968627900,2.998358550
0.968831400,2.998339445
0.969034800,3.002320350
0.969238300,3.002301245
0.969441700,3.002282150
0.969645200,3.006263045
0.969848600,3.006243950
0.970052100,3.010224845
0.970255500,3.010205750
0.970459000,3.010186645
0.970662400,3.014167549
0.970865900,3.014148445
0.971069300,3.014129349
0.971272800,3.014110245
0.971476200,3.018091149
0.971679700,3.018072045
0.971883100,3.022052949
0.972086600,3.022033844
0.972290000,3.022014749
0.972493500,3.025995644
0.972696900,3.025976549
0.972900400,3.025957444
0.973103800,3.029938349
0.973307300,3.029919244
0.973510700,3.029900149
0.973714200,3.033881044
0.973917600,3.033861949
0.974121100,3.033842844
0.974324500,3.033823749
0.974528000,3.037804644
0.974731400,3.037785549
0.974934900,3.037766444
0.975138300,3.037747349
0.975341800,3.041728244
0.975545200,3.041709148
0.975748700,3.041690044
0.975952100,3.045670948
0.976155600,3.045651844
0.976359000,3.045632748
0.976562500,3.045613644
0.976766000,3.049594539
0.976969400,3.049575444
0.977172900,3.049556339
0.977376300,3.049537243
0.977579800,3.053518139
0.977783200,3.053499043
0.977986700,3.053479939
0.978190100,3.053460843
0.978393600,3.053441739
0.978597000,3.057422643
0.978800500,3.057403538
0.979003900,3.057384443
0.979207400,3.057365338
0.979410800,3.061346243
0.979614300,3.061327138
0.979817700,3.061308043
0.980021200,3.061288938
0.980224600,3.061269843
0.980428100,3.065250738
0.980631500,3.065231643
0.980835000,3.065212538
0.981038400,3.065193443
0.981241900,3.065174338
0.981445300,3.069155243
0.981648800,3.069136138
0.981852200,3.069117043
0.982055700,3.069097938
0.982259100,3.069078842
0.982462600,3.073059738
0.982666000,3.073040642
0.982869500,3.073021538
0.983072900,3.073002442
0.983276400,3.072983338
0.983479800,3.076964242
0.983683300,3.076945137
0.983886700,3.076926042
0.984090200,3.076906937
0.984293600,3.080887842
0.984497100,3.080868737
0.984700500,3.080849642
0.984904000,3.080830537
0.985107400,3.080811442
0.985310900,3.084792337
0.985514300,3.084773242
0.985717800,3.084754137
0.985921200,3.084735042
0.986124700,3.084715937
0.986328100,3.088696842
0.986531600,3.088677737
0.986735000,3.088658642
0.986938500,3.088639537
0.987141900,3.092620442
0.987345400,3.092601337
0.987548800,3.092582241
0.987752300,3.092563137
0.987955700,3.092544041
0.988159200,3.096524937
0.988362600,3.096505841
0.988566100,3.096486737
0.988769500,3.096467641
0.988973000,3.100448536
0.989176400,3.100429441
0.989379900,3.100410336
0.989583300,3.100391241
0.989786800,3.104372136
0.989990200,3.104353041
0.990193700,3.104333936
0.990397100,3.104314841
0.990600600,3.108295736
0.990804000,3.108276641
0.991007500,3.108257536
0.991210900,3.108238441
0.991414400,3.112219336
0.991617800,3.112200241
0.991821300,3.112181136
0.992024700,3.112162041
0.992228200,3.116142936
0.992431600,3.116123840
0.992635100,3.116104736
0.992838500,3.120085640
0.993042000,3.120066536
0.993245400,3.120047440
0.993448900,3.120028336
0.993652300,3.124009240
0.993855800,3.123990136
0.994059200,3.123971040
0.994262700,3.127951935
0.994466100,3.127932840
0.994669600,3.127913735
0.994873000,3.127894640
0.995076500,3.131875535
0.995279900,3.131856440
0.995483400,3.131837335
0.995686800,3.135818240
0.995890300,3.135799135
0.996093800,3.135780030
0.996297200,3.139760935
0.996500700,3.139741830
0.996704100,3.139722735
0.996907600,3.143703630
0.997111000,3.143684535
0.997314500,3.143665430
0.997517900,3.147646335
0.997721400,3.147627230
0.997924800,3.147608135
0.998128300,3.151589030
0.998331700,3.151569935
0.998535200,3.155550830
0.998738600,3.155531735
0.998942100,3.155512630
0.999145500,3.159493534
0.999349000,3.159474430
0.999552400,3.159455334
0.999755900,3.163436230
0.999959300,3.163417134
1.000162800,3.163398030
1.000366200,3.167378934
1.000569700,3.167359829
1.000773100,3.171340734
1.000976600,3.171321629
1.001180000,3.171302534
1.001383500,3.175283429
1.001586900,3.175264334
1.001790400,3.179245229
1.001993800,3.179226134
1.002197300,3.179207029
1.002400700,3.183187934
1.002604200,3.183168829
1.002807600,3.183149734
1.003011100,3.187130629
1.003214500,3.187111534
1.003418000,3.191092429
1.003621400,3.191073334
1.003824900,3.191054229
1.004028300,3.195035134
1.004231800,3.195016029
1.004435200,3.194996933
1.004638700,3.198977829
1.004842100,3.198958733
1.005045600,3.198939629
1.005249000,3.202920533
1.005452500,3.202901429
1.005655900,3.202882333
1.005859400,3.206863228
1.006062800,3.206844133
1.006266300,3.206825028
1.006469700,3.210805933
1.006673200,3.210786828
1.006876600,3.210767733
1.007080100,3.214748628
1.007283500,3.214729533
1.007487000,3.214710428
1.007690400,3.214691333
1.007893900,3.218672228
1.008097300,3.218653133
1.008300800,3.218634028
1.008504200,3.218614933
1.008707700,3.222595828
1.008911100,3.222576733
1.009114600,3.222557628
1.009318000,3.222538532
1.009521500,3.226519428
1.009724900,3.226500332
1.009928400,3.226481228
1.010131800,3.230462132
1.010335300,3.230443028
1.010538700,3.230423932
1.010742200,3.230404828
1.010945600,3.234385732
1.011149100,3.234366627
1.011352500,3.234347532
1.011556000,3.234328427
1.011759400,3.238309332
1.011962900,3.238290227
1.012166300,3.238271132
1.012369800,3.242252027
1.012573200,3.242232932
1.012776700,3.242213827
1.012980100,3.246194732
1.013183600,3.246175627
1.013387000,3.250156532
1.013590500,3.250137427
1.013793900,3.250118332
1.013997400,3.254099227
1.014200800,3.254080132
1.014404300,3.254061027
1.014607700,3.258041931
1.014811200,3.258022827
1.015014600,3.262003731
1.015218100,3.261984627
1.015421500,3.265965531
1.015625000,3.265946427
1.015828500,3.269927322
1.016031900,3.269908226
1.016235400,3.269889122
1.016438800,3.273870026
1.016642300,3.277850922
1.016845700,3.277831826
1.017049200,3.277812722
1.017252600,3.281793626
1.017456100,3.285774522
1.017659500,3.285755426
1.017863000,3.289736321
1.018066400,3.289717226
1.018269900,3.293698121
1.018473300,3.297679026
1.018676800,3.297659921
1.018880200,3.301640826
1.019083700,3.301621721
1.019287100,3.305602626
1.019490600,3.309583521
1.019694000,3.309564426
1.019897500,3.313545321
1.020100900,3.317526226
1.020304400,3.317507121
1.020507800,3.321488026
1.020711300,3.325468921
1.020914700,3.325449826
1.021118200,3.329430721
1.021321600,3.333411625
1.021525100,3.333392521
1.021728500,3.337373425
1.021932000,3.341354321
1.022135400,3.341335225
1.022338900,3.345316121
1.022542300,3.349297025
1.022745800,3.349277920
1.022949200,3.353258825
1.023152700,3.353239720
1.023356100,3.357220625
1.023559600,3.361201520
1.023763000,3.361182425
1.023966500,3.365163320
1.024169900,3.369144225
1.024373400,3.369125120
1.024576800,3.373106025
1.024780300,3.377086920
1.024983700,3.377067825
1.025187200,3.381048720
1.025390600,3.385029625
1.025594100,3.385010520
1.025797500,3.388991425
1.026001000,3.392972320
1.026204400,3.392953224
1.026407900,3.396934120
1.026611300,3.400915024
1.026814800,3.400895920
1.027018200,3.404876824
1.027221700,3.404857720
1.027425100,3.408838624
1.027628600,3.408819520
1.027832000,3.412800424
1.028035500,3.416781319
1.028238900,3.416762224
1.028442400,3.420743119
1.028645800,3.424724024
1.028849300,3.424704919
1.029052700,3.428685824
1.029256200,3.432666719
1.029459600,3.432647624
1.029663100,3.432628519
1.029866500,3.436609424
1.030070000,3.440590319
1.030273400,3.440571224
1.030476900,3.444552119
1.030680300,3.448533024
1.030883800,3.448513919
1.031087200,3.448494824
1.031290700,3.452475719
1.031494100,3.456456623
1.031697600,3.456437519
1.031901000,3.460418423
1.032104500,3.460399319
1.032307900,3.464380223
1.032511400,3.464361119
1.032714800,3.468342023
1.032918300,3.472322918
1.033121700,3.472303823
1.033325200,3.476284718
1.033528600,3.476265623
1.033732100,3.480246518
1.033935500,3.480227423
1.034139000,3.484208318
1.034342400,3.484189223
1.034545900,3.488170118
1.034749300,3.492151023
1.034952800,3.492131918
1.035156300,3.492112813
1.035359700,3.496093718
1.035563200,3.500074613
1.035766600,3.500055518
1.035970100,3.504036413
1.036173500,3.504017318
1.036377000,3.503998213
1.036580400,3.507979118
1.036783900,3.511960013
1.036987300,3.511940918
1.037190800,3.511921813
1.037394200,3.515902718
1.037597700,3.519883613
1.037801100,3.519864518
1.038004600,3.523845413
1.038208000,3.523826317
1.038411500,3.523807213
1.038614900,3.527788117
1.038818400,3.527769013
1.039021800,3.531749917
1.039225300,3.531730813
1.039428700,3.535711717
1.039632200,3.535692612
1.039835600,3.539673517
1.040039100,3.539654412
1.040242500,3.543635317
1.040446000,3.543616212
1.040649400,3.543597117
1.040852900,3.547578012
1.041056300,3.547558917
1.041259800,3.551539812
1.041463200,3.555520717
1.041666700,3.555501612
1.041870100,3.555482517
1.042073600,3.559463412
1.042277000,3.559444317
1.042480500,3.563425212
1.042683900,3.563406117
1.042887400,3.567387012
1.043090800,3.567367916
1.043294300,3.567348812
1.043497700,3.571329716
1.043701200,3.571310612
1.043904600,3.575291516
1.044108100,3.575272412
1.044311500,3.579253316
1.044515000,3.579234212
1.044718400,3.579215116
1.044921900,3.583196011
1.045125300,3.583176916
1.045328800,3.587157811
1.045532200,3.587138716
1.045735700,3.591119611
1.045939100,3.591100516
1.046142600,3.595081411
1.046346000,3.595062316
1.046549500,3.595043211
1.046752900,3.599024116
1.046956400,3.603005011
1.047159800,3.602985916
1.047363300,3.602966811
1.047566700,3.606947716
1.047770200,3.606928611
1.047973600,3.610909516
1.048177100,3.610890411
1.048380500,3.614871315
1.048584000,3.614852211
1.048787400,3.618833115
1.048990900,3.618814011
1.049194300,3.618794915
1.049397800,3.622775811
1.049601200,3.622756715
1.049804700,3.626737610
1.050008100,3.626718515
1.050211600,3.630699410
1.050415000,3.630680315
1.050618500,3.634661210
1.050821900,3.634642115
1.051025400,3.638623010
1.051228800,3.638603915
1.051432300,3.638584810
1.051635700,3.642565715
1.051839200,3.642546610
1.052042600,3.646527515
1.052246100,3.646508410
1.052449500,3.650489315
1.052653000,3.650470210
1.052856400,3.654451115
1.053059900,3.654432010
1.053263300,3.654412915
1.053466800,3.658393810
1.053670200,3.658374714
1.053873700,3.662355610
1.054077100,3.662336514
1.054280600,3.666317410
1.054484000,3.666298314
1.054687500,3.666279210
1.054891000,3.670260105
1.055094400,3.670241009
1.055297900,3.674221905
1.055501300,3.674202809
1.055704800,3.678183705
1.055908200,3.678164609
1.056111700,3.678145505
1.056315100,3.682126409
1.056518600,3.682107304
1.056722000,3.686088209
1.056925500,3.686069104
1.057128900,3.690050009
1.057332400,3.690030904
1.057535800,3.694011809
1.057739300,3.693992704
1.057942700,3.693973609
1.058146200,3.693954504
1.058349600,3.697935409
1.058553100,3.697916304
1.058756500,3.701897209
1.058960000,3.701878104
1.059163400,3.705859009
1.059366900,3.705839904
1.059570300,3.709820809
1.059773800,3.709801704
1.059977200,3.713782609
1.060180700,3.713763504
1.060384100,3.717744408
1.060587600,3.717725304
1.060791000,3.717706208
1.060994500,3.721687104
1.061197900,3.725668008
1.061401400,3.725648904
1.061604800,3.729629808
1.061808300,3.729610703
1.062011700,3.733591608
1.062215200,3.733572503
1.062418600,3.737553408
1.062622100,3.737534303
1.062825500,3.741515208
1.063029000,3.745496103
1.063232400,3.745477008
1.063435900,3.749457903
1.063639300,3.753438808
1.063842800,3.753419703
1.064046200,3.757400608
1.064249700,3.757381503
1.064453100,3.761362408
1.064656600,3.765343303
1.064860000,3.765324208
1.065063500,3.773305103
1.065266900,3.773286007
1.065470400,3.777266903
1.065673800,3.781247807
1.065877300,3.781228703
1.066080700,3.785209607
1.066284200,3.789190503
1.066487600,3.793171407
1.066691100,3.793152302
1.066894500,3.797133207
1.067098000,3.801114102
1.067301400,3.805095007
1.067504900,3.809075902
1.067708300,3.813056807
1.067911800,3.817037702
1.068115200,3.817018607
1.068318700,3.824999502
1.068522100,3.824980407
1.068725600,3.828961302
1.068929000,3.832942207
1.069132500,3.836923102
1.069335900,3.840904007
1.069539400,3.840884902
1.069742800,3.848865807
1.069946300,3.848846702
1.070149700,3.852827607
1.070353200,3.856808502
1.070556600,3.860789406
1.070760100,3.864770302
1.070963500,3.864751206
1.071167000,3.872732102
1.071370400,3.872713006
1.071573900,3.876693902
1.071777300,3.884674806
1.071980800,3.884655701
1.072184200,3.888636606
1.072387700,3.892617501
1.072591100,3.896598406
1.072794600,3.900579301
1.072998000,3.900560206
1.073201500,3.908541101
1.073404900,3.908522006
1.073608400,3.912502901
1.073811800,3.916483806
1.074015300,3.920464701
1.074218800,3.924445596
1.074422200,3.928426501
1.074625700,3.932407396
1.074829100,3.932388301
1.075032600,3.940369196
1.075236000,3.940350101
1.075439500,3.944330996
1.075642900,3.948311901
1.075846400,3.952292796
1.076049800,3.956273701
1.076253300,3.956254596
1.076456700,3.960235501
1.076660200,3.964216396
1.076863600,3.968197301
1.077067100,3.972178196
1.077270500,3.976159100
1.077474000,3.976139996
1.077677400,3.980120900
1.077880900,3.984101796
1.078084300,3.988082700
1.078287800,3.988063596
1.078491200,3.996044500
1.078694700,3.996025395
1.078898100,4.000006300
1.079101600,4.003987195
1.079305000,4.007968100
1.079508500,4.007948995
1.079711900,4.011929900
1.079915400,4.015910795
1.080118800,4.019891700
1.080322300,4.019872595
1.080525700,4.027853500
1.080729200,4.027834395
1.080932600,4.031815300
1.081136100,4.035796195
1.081339500,4.039777100
1.081543000,4.039757995
1.081746400,4.043738900
1.081949900,4.047719795
1.082153300,4.051700699
1.082356800,4.051681595
1.082560200,4.055662499
1.082763700,4.059643395
1.082967100,4.059624299
1.083170600,4.067605195
1.083374000,4.067586099
1.083577500,4.071566994
1.083780900,4.075547899
1.083984400,4.075528794
1.084187800,4.079509699
1.084391300,4.079490594
1.084594700,4.083471499
1.084798200,4.087452394
1.085001600,4.091433299
1.085205100,4.095414194
1.085408500,4.095395099
1.085612000,4.099375994
1.085815400,4.103356899
1.086018900,4.103337794
1.086222300,4.107318699
1.086425800,4.107299594
1.086629200,4.111280499
1.086832700,4.115261394
1.087036100,4.115242299
1.087239600,4.119223194
1.087443000,4.123204098
1.087646500,4.123184994
1.087849900,4.127165898
1.088053400,4.131146794
1.088256800,4.131127698
1.088460300,4.131108594
1.088663700,4.135089498
1.088867200,4.139070393
1.089070600,4.139051298
1.089274100,4.143032193
1.089477500,4.147013098
1.089681000,4.146993993
1.089884400,4.150974898
1.090087900,4.150955793
1.090291300,4.154936698
1.090494800,4.154917593
1.090698200,4.158898498
1.090901700,4.162879393
1.091105100,4.162860298
1.091308600,4.166841193
1.091512000,4.166822098
1.091715500,4.170802993
1.091918900,4.170783898
1.092122400,4.174764793
1.092325800,4.174745697
1.092529300,4.178726593
1.092732700,4.178707497
1.092936200,4.182688393
1.093139600,4.182669297
1.093343100,4.186650193
1.093546500,4.186631097
1.093750000,4.190611993
1.093953500,4.190592888
1.094156900,4.194573792
1.094360400,4.194554688
1.094563800,4.198535592
1.094767300,4.198516488
1.094970700,4.198497392
1.095174200,4.202478288
1.095377600,4.206459192
1.095581100,4.206440087
1.095784500,4.206420992
1.095988000,4.210401887
1.096191400,4.210382792
1.096394900,4.214363687
1.096598300,4.214344592
1.096801800,4.218325487
1.097005200,4.218306392
1.097208700,4.218287287
1.097412100,4.222268192
1.097615600,4.222249087
1.097819000,4.226229992
1.098022500,4.226210887
1.098225900,4.230191792
1.098429400,4.230172687
1.098632800,4.234153592
1.098836300,4.234134487
1.099039700,4.234115391
1.099243200,4.238096287
1.099446600,4.238077191
1.099650100,4.242058087
1.099853500,4.242038991
1.100057000,4.246019887
1.100260400,4.246000791
1.100463900,4.245981687
1.100667300,4.249962591
1.100870800,4.249943486
1.101074200,4.253924391
1.101277700,4.253905286
1.101481100,4.257886191
1.101684600,4.257867086
1.101888000,4.257847991
1.102091500,4.261828886
1.102294900,4.261809791
1.102498400,4.265790686
1.102701800,4.265771591
1.102905300,4.269752486
1.103108700,4.269733391
1.103312200,4.273714286
1.103515600,4.273695191
1.103719100,4.273676086
1.103922500,4.277656991
1.104126000,4.277637886
1.104329400,4.281618790
1.104532900,4.281599686
1.104736300,4.285580590
1.104939800,4.285561486
1.105143200,4.285542390
1.105346700,4.289523286
1.105550100,4.289504190
1.105753600,4.293485085
1.105957000,4.293465990
1.106160500,4.293446885
1.106363900,4.297427790
1.106567400,4.297408685
1.106770800,4.301389590
1.106974300,4.301370485
1.107177700,4.301351390
1.107381200,4.305332285
1.107584600,4.305313190
1.107788100,4.305294085
1.107991500,4.305274990
1.108195000,4.309255885
1.108398400,4.309236790
1.108601900,4.309217685
1.108805300,4.313198590
1.109008800,4.313179485
1.109212200,4.313160389
1.109415700,4.317141285
1.109619100,4.317122189
1.109822600,4.317103085
1.110026000,4.321083989
1.110229500,4.321064885
1.110432900,4.321045789
1.110636400,4.321026685
1.110839800,4.325007589
1.111043300,4.324988484
1.111246700,4.324969389
1.111450200,4.328950284
1.111653600,4.328931189
1.111857100,4.328912084
1.112060500,4.328892989
1.112264000,4.328873884
1.112467400,4.332854789
1.112670900,4.332835684
1.112874300,4.332816589
1.113077800,4.332797484
1.113281300,4.332778379
1.113484700,4.336759284
1.113688200,4.336740179
1.113891600,4.336721084
1.114095100,4.336701979
1.114298500,4.336682884
1.114502000,4.340663779
1.114705400,4.340644684
1.114908900,4.340625579
1.115112300,4.340606484
1.115315800,4.340587379
1.115519200,4.340568284
1.115722700,4.344549179
1.115926100,4.344530083
1.116129600,4.344510979
1.116333000,4.344491883
1.116536500,4.344472779
1.116739900,4.344453683
1.116943400,4.344434579
1.117146800,4.348415483
1.117350300,4.348396379
1.117553700,4.348377283
1.117757200,4.348358178
1.117960600,4.348339083
1.118164100,4.348319978
1.118367500,4.348300883
1.118571000,4.348281778
1.118774400,4.348262683
1.118977900,4.348243578
1.119181300,4.352224483
1.119384800,4.352205378
1.119588200,4.352186283
1.119791700,4.352167178
1.119995100,4.352148083
1.120198600,4.352128978
1.120402000,4.352109883
1.120605500,4.352090778
1.120808900,4.352071683
1.121012400,4.352052578
1.121215800,4.352033482
1.121419300,4.352014378
1.121622700,4.351995282
1.121826200,4.351976178
1.122029600,4.351957082
1.122233100,4.351937978
1.122436500,4.351918882
1.122640000,4.351899777
1.122843400,4.351880682
1.123046900,4.351861577
1.123250300,4.351842482
1.123453800,4.351823377
1.123657200,4.351804282
1.123860700,4.351785177
1.124064100,4.351766082
1.124267600,4.351746977
1.124471000,4.351727882
1.124674500,4.351708777
1.124877900,4.351689682
1.125081400,4.351670577
1.125284800,4.351651482
1.125488300,4.351632377
1.125691700,4.347613282
1.125895200,4.347594177
1.126098600,4.347575081
1.126302100,4.347555977
1.126505500,4.347536881
1.126709000,4.347517777
1.126912400,4.347498681
1.127115900,4.347479577
1.127319300,4.347460481
1.127522800,4.347441377
1.127726200,4.347422281
1.127929700,4.347403176
1.128133100,4.343384081
1.128336600,4.343364976
1.128540000,4.343345881
1.128743500,4.343326776
1.128946900,4.343307681
1.129150400,4.343288576
1.129353800,4.343269481
1.129557300,4.343250376
1.129760700,4.343231281
1.129964200,4.343212176
1.130167600,4.339193081
1.130371100,4.339173976
1.130574500,4.339154881
1.130778000,4.339135776
1.130981400,4.339116681
1.131184900,4.339097576
1.131388300,4.339078480
1.131591800,4.339059376
1.131795200,4.339040280
1.131998700,4.339021176
1.132202100,4.339002080
1.132405600,4.338982976
1.132609000,4.334963880
1.132812500,4.334944775
1.133016000,4.334925671
1.133219400,4.334906575
1.133422900,4.334887471
1.133626300,4.334868375
1.133829800,4.334849271
1.134033200,4.334830175
1.134236700,4.334811071
1.134440100,4.334791975
1.134643600,4.334772870
1.134847000,4.334753775
1.135050500,4.334734670
1.135253900,4.334715575
1.135457400,4.334696470
1.135660800,4.334677375
1.135864300,4.334658270
1.136067700,4.334639175
1.136271200,4.334620070
1.136474600,4.334600975
1.136678100,4.334581870
1.136881500,4.334562775
1.137085000,4.334543670
1.137288400,4.334524575
1.137491900,4.334505470
1.137695300,4.334486375
1.137898800,4.334467270
1.138102200,4.334448174
1.138305700,4.334429070
1.138509100,4.334409974
1.138712600,4.334390870
1.138916000,4.334371774
1.139119500,4.334352670
1.139322900,4.334333574
1.139526400,4.334314469
1.139729800,4.334295374
1.139933300,4.334276269
1.140136700,4.334257174
1.140340200,4.334238069
1.140543600,4.334218974
1.140747100,4.334199869
1.140950500,4.334180774
1.141154000,4.334161669
1.141357400,4.334142574
1.141560900,4.334123469
1.141764300,4.334104374
1.141967800,4.334085269
1.142171200,4.334066174
1.142374700,4.334047069
1.142578100,4.334027974
1.142781600,4.334008869
1.142985000,4.333989774
1.143188500,4.333970669
1.143391900,4.333951573
1.143595400,4.333932469
1.143798800,4.333913373
1.144002300,4.333894269
1.144205700,4.333875173
1.144409200,4.333856069
1.144612600,4.333836973
1.144816100,4.333817868
1.145019500,4.333798773
1.145223000,4.333779668
1.145426400,4.333760573
1.145629900,4.333741468
1.145833300,4.333722373
1.146036800,4.333703268
1.146240200,4.333684173
1.146443700,4.333665068
1.146647100,4.333645973
1.146850600,4.333626868
1.147054000,4.337607773
1.147257500,4.337588668
1.147460900,4.337569573
1.147664400,4.337550468
1.147867800,4.333531373
1.148071300,4.333512268
1.148274700,4.333493172
1.148478200,4.333474068
1.148681600,4.333454972
1.148885100,4.333435868
1.149088500,4.333416772
1.149292000,4.333397668
1.149495400,4.333378572
1.149698900,4.333359467
1.149902300,4.333340372
1.150105800,4.333321267
1.150309200,4.333302172
1.150512700,4.333283067
1.150716100,4.333263972
1.150919600,4.333244867
1.151123000,4.333225772
1.151326500,4.333206667
1.151529900,4.333187572
1.151733400,4.333168467
1.151936800,4.333149372
1.152140300,4.333130267
1.152343800,4.333111162
1.152547200,4.333092067
1.152750700,4.333072962
1.152954100,4.333053867
1.153157600,4.333034762
1.153361000,4.333015667
1.153564500,4.332996562
1.153767900,4.332977467
1.153971400,4.332958362
1.154174800,4.332939267
1.154378300,4.328920162
1.154581700,4.328901067
1.154785200,4.328881962
1.154988600,4.328862866
1.155192100,4.328843762
1.155395500,4.328824666
1.155599000,4.328805562
1.155802400,4.328786466
1.156005900,4.328767362
1.156209300,4.328748266
1.156412800,4.328729161
1.156616200,4.328710066
1.156819700,4.324690961
1.157023100,4.324671866
1.157226600,4.324652761
1.157430000,4.324633666
1.157633500,4.324614561
1.157836900,4.324595466
1.158040400,4.324576361
1.158243800,4.324557266
1.158447300,4.324538161
1.158650700,4.320519066
1.158854200,4.320499961
1.159057600,4.320480866
1.159261100,4.320461761
1.159464500,4.320442666
1.159668000,4.320423561
1.159871400,4.320404466
1.160074900,4.316385361
1.160278300,4.316366265
1.160481800,4.316347161
1.160685200,4.316328065
1.160888700,4.316308961
1.161092100,4.316289865
1.161295600,4.312270761
1.161499000,4.312251665
1.161702500,4.312232560
1.161905900,4.312213465
1.162109400,4.312194360
1.162312800,4.308175265
1.162516300,4.308156160
1.162719700,4.308137065
1.162923200,4.308117960
1.163126600,4.308098865
1.163330100,4.304079760
1.163533500,4.304060665
1.163737000,4.304041560
1.163940400,4.300022465
1.164143900,4.300003360
1.164347300,4.299984265
1.164550800,4.299965160
1.164754200,4.295946065
1.164957700,4.295926960
1.165161100,4.295907864
1.165364600,4.291888760
1.165568000,4.291869664
1.165771500,4.291850560
1.165974900,4.287831464
1.166178400,4.287812360
1.166381800,4.287793264
1.166585300,4.287774159
1.166788700,4.283755064
1.166992200,4.283735959
1.167195600,4.279716864
1.167399100,4.279697759
1.167602500,4.279678664
1.167806000,4.275659559
1.168009400,4.275640464
1.168212900,4.271621359
1.168416300,4.271602264
1.168619800,4.271583159
1.168823200,4.267564064
1.169026700,4.267544959
1.169230100,4.263525864
1.169433600,4.263506759
1.169637000,4.259487664
1.169840500,4.259468559
1.170043900,4.255449464
1.170247400,4.255430359
1.170450800,4.251411263
1.170654300,4.251392159
1.170857700,4.247373063
1.171061200,4.247353959
1.171264600,4.243334863
1.171468100,4.243315759
1.171671500,4.239296663
1.171875000,4.239277558
1.172078500,4.235258454
1.172281900,4.235239358
1.172485400,4.231220254
1.172688800,4.227201158
1.172892300,4.227182054
1.173095700,4.227162958
1.173299200,4.223143853
1.173502600,4.223124758
1.173706100,4.219105653
1.173909500,4.219086558
1.174113000,4.215067453
1.174316400,4.215048358
1.174519900,4.211029253
1.174723300,4.207010158
1.174926800,4.206991053
1.175130200,4.206971958
1.175333700,4.202952853
1.175537100,4.202933758
1.175740600,4.198914653
1.175944000,4.198895558
1.176147500,4.194876453
1.176350900,4.194857358
1.176554400,4.194838253
1.176757800,4.190819158
1.176961300,4.190800053
1.177164700,4.190780957
1.177368200,4.186761853
1.177571600,4.186742757
1.177775100,4.182723653
1.177978500,4.182704557
1.178182000,4.182685453
1.178385400,4.178666357
1.178588900,4.178647252
1.178792300,4.178628157
1.178995800,4.178609052
1.179199200,4.174589957
1.179402700,4.174570852
1.179606100,4.174551757
1.179809600,4.174532652
1.180013000,4.174513557
1.180216500,4.170494452
1.180419900,4.170475357
1.180623400,4.170456252
1.180826800,4.170437157
1.181030300,4.170418052
1.181233700,4.170398957
1.181437200,4.166379852
1.181640600,4.166360757
1.181844100,4.166341652
1.182047500,4.166322556
1.182251000,4.166303452
1.182454400,4.166284356
1.182657900,4.166265252
1.182861300,4.166246156
1.183064800,4.166227052
1.183268200,4.166207956
1.183471700,4.166188852
1.183675100,4.166169756
1.183878600,4.166150651
1.184082000,4.166131556
1.184285500,4.166112451
1.184488900,4.166093356
1.184692400,4.166074251
1.184895800,4.166055156
1.185099300,4.166036051
1.185302700,4.166016956
1.185506200,4.165997851
1.185709600,4.165978756
1.185913100,4.165959651
1.186116500,4.165940556
1.186320000,4.165921451
1.186523400,4.169902356
1.186726900,4.169883251
1.186930300,4.169864156
1.187133800,4.169845051
1.187337200,4.169825955
1.187540700,4.169806851
1.187744100,4.169787755
1.187947600,4.169768651
1.188151000,4.169749555
1.188354500,4.173730451
1.188557900,4.173711355
1.188761400,4.173692250
1.188964800,4.173673155
1.189168300,4.173654050
1.189371700,4.173634955
1.189575200,4.173615850
1.189778600,4.173596755
1.189982100,4.177577650
1.190185500,4.177558555
1.190389000,4.177539450
1.190592400,4.177520355
1.190795900,4.177501250
1.190999300,4.177482155
1.191202800,4.181463050
1.191406300,4.181443945
1.191609700,4.181424850
1.191813200,4.181405745
1.192016600,4.181386650
1.192220100,4.181367545
1.192423500,4.185348450
1.192627000,4.185329345
1.192830400,4.185310250
1.193033900,4.185291145
1.193237300,4.185272050
1.193440800,4.185252945
1.193644200,4.189233850
1.193847700,4.189214745
1.194051100,4.189195649
1.194254600,4.189176545
1.194458000,4.189157449
1.194661500,4.193138345
1.194864900,4.193119249
1.195068400,4.193100145
1.195271800,4.193081049
1.195475300,4.193061944
1.195678700,4.197042849
1.195882200,4.197023744
1.196085600,4.197004649
1.196289100,4.196985544
1.196492500,4.196966449
1.196696000,4.196947344
1.196899400,4.200928249
1.197102900,4.200909144
1.197306300,4.200890049
1.197509800,4.200870944
1.197713200,4.200851849
1.197916700,4.200832744
1.198120100,4.200813649
1.198323600,4.204794544
1.198527000,4.204775449
1.198730500,4.204756344
1.198933900,4.204737248
1.199137400,4.204718144
1.199340800,4.204699048
1.199544300,4.204679944
1.199747700,4.204660848
1.199951200,4.208641744
1.200154600,4.208622648
1.200358100,4.208603544
1.200561500,4.208584448
1.200765000,4.208565343
1.200968400,4.208546248
1.201171900,4.208527143
1.201375300,4.208508048
1.201578800,4.208488943
1.201782200,4.208469848
1.201985700,4.208450743
1.202189100,4.208431648
1.202392600,4.208412543
1.202596000,4.208393448
1.202799500,4.208374343
1.203002900,4.208355248
1.203206400,4.208336143
1.203409800,4.208317048
1.203613300,4.208297943
1.203816700,4.208278848
1.204020200,4.208259743
1.204223600,4.208240647
1.204427100,4.208221543
1.204630500,4.208202447
1.204834000,4.208183343
1.205037400,4.204164247
1.205240900,4.204145143
1.205444300,4.204126047
1.205647800,4.204106942
1.205851200,4.204087847
1.206054700,4.204068742
1.206258100,4.204049647
1.206461600,4.204030542
1.206665000,4.204011447
1.206868500,4.203992342
1.207071900,4.203973247
1.207275400,4.199954142
1.207478800,4.199935047
1.207682300,4.199915942
1.207885700,4.199896847
1.208089200,4.199877742
1.208292600,4.199858647
1.208496100,4.199839542
1.208699500,4.199820447
1.208903000,4.199801342
1.209106400,4.195782246
1.209309900,4.195763142
1.209513300,4.195744046
1.209716800,4.195724942
1.209920200,4.195705846
1.210123700,4.195686742
1.210327100,4.195667646
1.210530600,4.195648542
1.210734000,4.191629446
1.210937500,4.191610341
1.211141000,4.191591237
1.211344400,4.191572141
1.211547900,4.191553037
1.211751300,4.191533941
1.211954800,4.187514837
1.212158200,4.187495741
1.212361700,4.187476636
1.212565100,4.187457541
1.212768600,4.187438436
1.212972000,4.187419341
1.213175500,4.183400236
1.213378900,4.183381141
1.213582400,4.183362036
1.213785800,4.183342941
1.213989300,4.179323836
1.214192700,4.179304741
1.214396200,4.179285636
1.214599600,4.179266541
1.214803100,4.175247436
1.215006500,4.175228341
1.215210000,4.175209236
1.215413400,4.171190141
1.215616900,4.171171036
1.215820300,4.171151940
1.216023800,4.167132836
1.216227200,4.167113740
1.216430700,4.167094636
1.216634100,4.163075540
1.216837600,4.163056436
1.217041000,4.163037340
1.217244500,4.159018236
1.217447900,4.158999140
1.217651400,4.154980035
1.217854800,4.154960940
1.218058300,4.150941835
1.218261700,4.150922740
1.218465200,4.146903635
1.218668600,4.146884540
1.218872100,4.146865435
1.219075500,4.142846340
1.219279000,4.138827235
1.219482400,4.138808140
1.219685900,4.138789035
1.219889300,4.134769940
1.220092800,4.130750835
1.220296200,4.130731740
1.220499700,4.126712635
1.220703100,4.126693540
1.220906600,4.122674435
1.221110000,4.122655339
1.221313500,4.118636235
1.221516900,4.118617139
1.221720400,4.114598035
1.221923800,4.110578939
1.222127300,4.110559835
1.222330700,4.110540739
1.222534200,4.106521634
1.222737600,4.102502539
1.222941100,4.102483434
1.223144500,4.098464339
1.223348000,4.094445234
1.223551400,4.094426139
1.223754900,4.090407034
1.223958300,4.086387939
1.224161800,4.086368834
1.224365200,4.086349739
1.224568700,4.082330634
1.224772100,4.078311539
1.224975600,4.078292434
1.225179000,4.074273339
1.225382500,4.070254234
1.225585900,4.070235139
1.225789400,4.066216034
1.225992800,4.062196939
1.226196300,4.062177834
1.226399700,4.058158738
1.226603200,4.058139634
1.226806600,4.054120538
1.227010100,4.054101434
1.227213500,4.050082338
1.227417000,4.046063234
1.227620400,4.046044138
1.227823900,4.042025033
1.228027300,4.038005938
1.228230800,4.037986833
1.228434200,4.033967738
1.228637700,4.029948633
1.228841100,4.029929538
1.229044600,4.025910433
1.229248000,4.021891338
1.229451500,4.021872233
1.229654900,4.017853138
1.229858400,4.017834033
1.230061800,4.013814938
1.230265300,4.009795833
1.230468700,4.009776738
1.230672200,4.005757633
1.230875700,4.001738528
1.231079100,4.001719433
1.231282600,3.997700328
1.231486000,3.993681233
1.231689500,3.993662128
1.231892900,3.989643033
1.232096400,3.985623928
1.232299800,3.985604833
1.232503300,3.981585728
1.232706700,3.981566632
1.232910200,3.977547528
1.233113600,3.977528432
1.233317100,3.973509328
1.233520500,3.969490232
1.233724000,3.969471128
1.233927400,3.965452032
1.234130900,3.961432928
1.234334300,3.961413832
1.234537800,3.957394727
1.234741200,3.953375632
1.234944700,3.953356527
1.235148100,3.949337432
1.235351600,3.945318327
1.235555000,3.945299232
1.235758500,3.941280127
1.235961900,3.941261032
1.236165400,3.937241927
1.236368800,3.933222832
1.236572300,3.933203727
1.236775700,3.929184632
1.236979200,3.925165527
1.237182600,3.925146432
1.237386100,3.921127327
1.237589500,3.917108232
1.237793000,3.917089127
1.237996400,3.913070031
1.238199900,3.909050927
1.238403300,3.909031831
1.238606800,3.905012727
1.238810200,3.900993631
1.239013700,3.900974527
1.239217100,3.896955431
1.239420600,3.892936326
1.239624000,3.892917231
1.239827500,3.892898126
1.240030900,3.888879031
1.240234400,3.884859926
1.240437800,3.884840831
1.240641300,3.880821726
1.240844700,3.876802631
1.241048200,3.876783526
1.241251600,3.872764431
1.241455100,3.868745326
1.241658500,3.868726231
1.241862000,3.868707126
1.242065400,3.864688031
1.242268900,3.860668926
1.242472300,3.860649831
1.242675800,3.856630726
1.242879200,3.856611631
1.243082700,3.852592526
1.243286100,3.852573430
1.243489600,3.848554326
1.243693000,3.844535230
1.243896500,3.844516126
1.244099900,3.840497030
1.244303400,3.840477926
1.244506800,3.836458830
1.244710300,3.836439725
1.244913700,3.832420630
1.245117200,3.832401525
1.245320600,3.828382430
1.245524100,3.824363325
1.245727500,3.824344230
1.245931000,3.820325125
1.246134400,3.820306030
1.246337900,3.816286925
1.246541300,3.816267830
1.246744800,3.812248725
1.246948200,3.808229630
1.247151700,3.808210525
1.247355100,3.808191430
1.247558600,3.804172325
1.247762000,3.800153230
1.247965500,3.800134125
1.248168900,3.796115029
1.248372400,3.796095925
1.248575800,3.792076829
1.248779300,3.788057725
1.248982700,3.788038629
1.249186200,3.788019525
1.249389600,3.784000429
1.249593100,3.779981324
1.249796500,3.779962229
1.250000000,3.775943124
1.250203500,3.775924020
1.250406900,3.771904924
1.250610400,3.771885820
1.250813800,3.767866724
1.251017300,3.763847620
1.251220700,3.763828524
1.251424200,3.763809419
1.251627600,3.759790324
1.251831100,3.755771219
1.252034500,3.755752124
1.252238000,3.751733019
1.252441400,3.747713924
1.252644900,3.747694819
1.252848300,3.743675724
1.253051800,3.743656619
1.253255200,3.739637524
1.253458700,3.739618419
1.253662100,3.735599324
1.253865600,3.731580219
1.254069000,3.731561124
1.254272500,3.727542019
1.254475900,3.723522924
1.254679400,3.723503819
1.254882800,3.719484723
1.255086300,3.719465619
1.255289700,3.715446523
1.255493200,3.711427419
1.255696600,3.711408323
1.255900100,3.707389219
1.256103500,3.707370123
1.256307000,3.703351018
1.256510400,3.699331923
1.256713900,3.699312818
1.256917300,3.695293723
1.257120800,3.691274618
1.257324200,3.691255523
1.257527700,3.687236418
1.257731100,3.683217323
1.257934600,3.683198218
1.258138000,3.679179123
1.258341500,3.675160018
1.258544900,3.675140923
1.258748400,3.671121818
1.258951800,3.667102723
1.259155300,3.667083618
1.259358700,3.663064523
1.259562200,3.659045418
1.259765600,3.659026323
1.259969100,3.655007218
1.260172500,3.654988122
1.260376000,3.650969018
1.260579400,3.646949922
1.260782900,3.646930818
1.260986300,3.642911722
1.261189800,3.638892618
1.261393200,3.638873522
1.261596700,3.630854417
1.261800100,3.630835322
1.262003600,3.626816217
1.262207000,3.626797122
1.262410500,3.622778017
1.262613900,3.618758922
1.262817400,3.618739817
1.263020800,3.610720722
1.263224300,3.610701617
1.263427700,3.606682522
1.263631200,3.602663417
1.263834600,3.602644322
1.264038100,3.598625217
1.264241500,3.594606122
1.264445000,3.590587017
1.264648400,3.590567922
1.264851900,3.586548817
1.265055300,3.582529721
1.265258800,3.578510617
1.265462200,3.578491521
1.265665700,3.570472417
1.265869100,3.570453321
1.266072600,3.566434217
1.266276000,3.562415121
1.266479500,3.558396017
1.266682900,3.554376921
1.266886400,3.554357816
1.267089800,3.550338721
1.267293300,3.546319616
1.267496700,3.542300521
1.267700200,3.538281416
1.267903600,3.534262321
1.268107100,3.534243216
1.268310500,3.526224121
1.268514000,3.526205016
1.268717400,3.522185921
1.268920900,3.518166816
1.269124300,3.514147721
1.269327800,3.510128616
1.269531200,3.506109521
1.269734700,3.502090416
1.269938200,3.498071311
1.270141600,3.494052216
1.270345100,3.490033111
1.270548500,3.486014016
1.270752000,3.481994911
1.270955400,3.481975816
1.271158900,3.473956711
1.271362300,3.469937616
1.271565800,3.469918511
1.271769200,3.461899415
1.271972700,3.457880311
1.272176100,3.457861215
1.272379600,3.449842111
1.272583000,3.445823015
1.272786500,3.441803911
1.272989900,3.441784815
1.273193400,3.433765710
1.273396800,3.429746615
1.273600300,3.429727510
1.273803700,3.421708415
1.274007200,3.417689310
1.274210600,3.413670215
1.274414100,3.409651110
1.274617500,3.405632015
1.274821000,3.401612910
1.275024400,3.393593815
1.275227900,3.393574710
1.275431300,3.389555615
1.275634800,3.385536510
1.275838200,3.377517415
1.276041700,3.373498310
1.276245100,3.373479215
1.276448600,3.365460110
1.276652000,3.361441015
1.276855500,3.357421910
1.277058900,3.353402814
1.277262400,3.349383710
1.277465800,3.345364614
1.277669300,3.341345510
1.277872700,3.337326414
1.278076200,3.333307310
1.278279600,3.329288214
1.278483100,3.325269109
1.278686500,3.321250014
1.278890000,3.317230909
1.279093400,3.313211814
1.279296900,3.309192709
1.279500300,3.305173614
1.279703800,3.301154509
1.279907200,3.297135414
1.280110700,3.293116309
1.280314100,3.293097214
1.280517600,3.285078109
1.280721000,3.285059014
1.280924500,3.281039909
1.281127900,3.277020814
1.281331400,3.273001709
1.281534800,3.272982614
1.281738300,3.268963509
1.281941700,3.264944413
1.282145200,3.260925309
1.282348600,3.260906213
1.282552100,3.256887109
1.282755500,3.252868013
1.282959000,3.252848909
1.283162400,3.248829813
1.283365900,3.244810709
1.283569300,3.244791613
1.283772800,3.240772508
1.283976200,3.236753413
1.284179700,3.236734308
1.284383100,3.236715213
1.284586600,3.232696108
1.284790000,3.228677013
1.284993500,3.228657908
1.285196900,3.224638813
1.285400400,3.224619708
1.285603800,3.224600613
1.285807300,3.220581508
1.286010700,3.220562413
1.286214200,3.220543308
1.286417600,3.216524213
1.286621100,3.216505108
1.286824500,3.212486013
1.287028000,3.212466908
1.287231400,3.212447812
1.287434900,3.208428708
1.287638300,3.208409612
1.287841800,3.208390508
1.288045200,3.204371412
1.288248700,3.204352308
1.288452100,3.204333212
1.288655600,3.204314107
1.288859000,3.200295012
1.289062500,3.200275907
1.289266000,3.200256803
1.289469400,3.196237707
1.289672900,3.196218603
1.289876300,3.196199507
1.290079800,3.192180403
1.290283200,3.192161307
1.290486700,3.192142202
1.290690100,3.188123107
1.290893600,3.188104002
1.291097000,3.188084907
1.291300500,3.184065802
1.291503900,3.184046707
1.291707400,3.184027602
1.291910800,3.180008507
1.292114300,3.179989402
1.292317700,3.179970307
1.292521200,3.175951202
1.292724600,3.175932107
1.292928100,3.171913002
1.293131500,3.171893907
1.293335000,3.167874802
1.293538400,3.167855707
1.293741900,3.167836602
1.293945300,3.163817506
1.294148800,3.163798402
1.294352200,3.159779306
1.294555700,3.155760202
1.294759100,3.155741106
1.294962600,3.155722002
1.295166000,3.151702906
1.295369500,3.147683801
1.295572900,3.147664706
1.295776400,3.143645601
1.295979800,3.143626506
1.296183300,3.139607401
1.296386700,3.139588306
1.296590200,3.135569201
1.296793600,3.131550106
1.296997100,3.131531001
1.297200500,3.127511906
1.297404000,3.123492801
1.297607400,3.123473706
1.297810900,3.119454601
1.298014300,3.115435506
1.298217800,3.115416401
1.298421200,3.111397306
1.298624700,3.107378201
1.298828100,3.103359105
1.299031600,3.103340001
1.299235000,3.099320905
1.299438500,3.095301801
1.299641900,3.095282705
1.299845400,3.091263601
1.300048800,3.087244505
1.300252300,3.083225401
1.300455700,3.083206305
1.300659200,3.075187200
1.300862600,3.075168105
1.301066100,3.071149000
1.301269500,3.071129905
1.301473000,3.063110800
1.301676400,3.063091705
1.301879900,3.059072600
1.302083300,3.055053505
1.302286800,3.051034400
1.302490200,3.051015305
1.302693700,3.042996200
1.302897100,3.042977105
1.303100600,3.038958000
1.303304000,3.034938905
1.303507500,3.030919800
1.303710900,3.030900705
1.303914400,3.026881600
1.304117800,3.022862504
1.304321300,3.018843400
1.304524700,3.014824304
1.304728200,3.010805200
1.304931600,3.006786104
1.305135100,3.002767000
1.305338500,2.998747904
1.305542000,2.994728799
1.305745400,2.994709704
1.305948900,2.990690599
1.306152300,2.986671504
1.306355800,2.982652399
1.306559200,2.978633304
1.306762700,2.974614199
1.306966100,2.970595104
1.307169600,2.966575999
1.307373000,2.962556904
1.307576500,2.958537799
1.307779900,2.954518704
1.307983400,2.950499599
1.308186800,2.946480504
1.308390300,2.942461399
1.308593700,2.938442304
1.308797200,2.934423199
1.309000700,2.930404094
1.309204100,2.926384999
1.309407600,2.918365894
1.309611000,2.918346799
1.309814500,2.914327694
1.310017900,2.910308599
1.310221400,2.902289494
1.310424800,2.902270399
1.310628300,2.898251294
1.310831700,2.890232198
1.311035200,2.886213094
1.311238600,2.882193998
1.311442100,2.878174894
1.311645500,2.874155798
1.311849000,2.870136694
1.312052400,2.866117598
1.312255900,2.858098493
1.312459300,2.854079398
1.312662800,2.850060293
1.312866200,2.846041198
1.313069700,2.842022093
1.313273100,2.838002998
1.313476600,2.829983893
1.313680000,2.825964798
1.313883500,2.821945693
1.314086900,2.813926598
1.314290400,2.809907493
1.314493800,2.805888398
1.314697300,2.801869293
1.314900700,2.793850198
1.315104200,2.789831093
1.315307600,2.789811998
1.315511100,2.781792893
1.315714500,2.777773797
1.315918000,2.773754693
1.316121400,2.765735597
1.316324900,2.761716493
1.316528300,2.757697397
1.316731800,2.753678293
1.316935200,2.745659197
1.317138700,2.741640093
1.317342100,2.737620997
1.317545600,2.729601892
1.317749000,2.725582797
1.317952500,2.721563692
1.318155900,2.713544597
1.318359400,2.705525492
1.318562800,2.701506397
1.318766300,2.697487292
1.318969700,2.689468197
1.319173200,2.685449092
1.319376600,2.681429997
1.319580100,2.673410892
1.319783500,2.669391797
1.319987000,2.665372692
1.320190400,2.657353597
1.320393900,2.653334492
1.320597300,2.645315397
1.320800800,2.641296292
1.321004200,2.633277196
1.321207700,2.629258092
1.321411100,2.625238996
1.321614600,2.617219892
1.321818000,2.613200796
1.322021500,2.605181692
1.322224900,2.597162596
1.322428400,2.593143491
1.322631800,2.589124396
1.322835300,2.581105291
1.323038700,2.577086196
1.323242200,2.569067091
1.323445600,2.565047996
1.323649100,2.557028891
1.323852500,2.553009796
1.324056000,2.548990691
1.324259400,2.536971596
1.324462900,2.532952491
1.324666300,2.528933396
1.324869800,2.516914291
1.325073200,2.512895196
1.325276700,2.508876091
1.325480100,2.504856996
1.325683600,2.492837891
1.325887000,2.488818796
1.326090500,2.484799691
1.326293900,2.476780595
1.326497400,2.468761491
1.326700800,2.464742395
1.326904300,2.456723291
1.327107700,2.448704195
1.327311200,2.444685091
1.327514600,2.440665995
1.327718100,2.432646890
1.327921500,2.424627795
1.328125000,2.420608690
1.328328500,2.412589586
1.328531900,2.404570490
1.328735400,2.400551386
1.328938800,2.392532290
1.329142300,2.384513185
1.329345700,2.380494090
1.329549200,2.376474985
1.329752600,2.364455890
1.329956100,2.360436785
1.330159500,2.356417690
1.330363000,2.344398585
1.330566400,2.340379490
1.330769900,2.336360385
1.330973300,2.324341290
1.331176800,2.320322185
1.331380200,2.316303090
1.331583700,2.308283985
1.331787100,2.300264890
1.331990600,2.296245785
1.332194000,2.288226690
1.332397500,2.280207585
1.332600900,2.276188489
1.332804400,2.268169385
1.333007800,2.260150289
1.333211300,2.252131185
1.333414700,2.248112089
1.333618200,2.240092985
1.333821600,2.232073889
1.334025100,2.228054785
1.334228500,2.224035689
1.334432000,2.212016584
1.334635400,2.207997489
1.334838900,2.203978384
1.335042300,2.191959289
1.335245800,2.187940184
1.335449200,2.183921089
1.335652700,2.171901984
1.335856100,2.167882889
1.336059600,2.159863784
1.336263000,2.155844689
1.336466500,2.147825584
1.336669900,2.139806489
1.336873400,2.135787384
1.337076800,2.123768289
1.337280300,2.119749184
1.337483700,2.115730089
1.337687200,2.103710984
1.337890600,2.099691888
1.338094100,2.095672784
1.338297500,2.091653688
1.338501000,2.079634584
1.338704400,2.075615488
1.338907900,2.067596384
1.339111300,2.059577288
1.339314800,2.055558183
1.339518200,2.047539088
1.339721700,2.039519983
1.339925100,2.035500888
1.340128600,2.027481783
1.340332000,2.023462688
1.340535500,2.015443583
1.340738900,2.007424488
1.340942400,2.003405383
1.341145800,1.995386288
1.341349300,1.987367183
1.341552700,1.983348088
1.341756200,1.975328983
1.341959600,1.967309888
1.342163100,1.963290783
1.342366500,1.955271688
1.342570000,1.947252583
1.342773400,1.943233488
1.342976900,1.939214383
1.343180300,1.927195287
1.343383800,1.923176183
1.343587200,1.919157087
1.343790700,1.907137983
1.343994100,1.903118887
1.344197600,1.899099783
1.344401000,1.887080687
1.344604500,1.883061582
1.344807900,1.879042487
1.345011400,1.875023382
1.345214800,1.863004287
1.345418300,1.858985182
1.345621700,1.850966087
1.345825200,1.842946982
1.346028600,1.838927887
1.346232100,1.830908782
1.346435500,1.822889687
1.346639000,1.814870582
1.346842400,1.810851487
1.347045900,1.806832382
1.347249300,1.794813287
1.347452800,1.790794182
1.347656200,1.782775087
1.347859700,1.774755982
1.348063200,1.766736877
1.348266600,1.762717782
1.348470100,1.750698677
1.348673500,1.746679582
1.348877000,1.738660477
1.349080400,1.734641382
1.349283900,1.722622277
1.349487300,1.718603182
1.349690800,1.710584077
1.349894200,1.702564981
1.350097700,1.694545877
1.350301100,1.690526781
1.350504600,1.678507677
1.350708000,1.670488581
1.350911500,1.666469477
1.351114900,1.654450381
1.351318400,1.646431276
1.351521800,1.642412181
1.351725300,1.634393076
1.351928700,1.622373981
1.352132200,1.618354876
1.352335600,1.610335781
1.352539100,1.598316676
1.352742500,1.594297581
1.352946000,1.586278476
1.353149400,1.574259381
1.353352900,1.566240276
1.353556300,1.562221181
1.353759800,1.554202076
1.353963200,1.542182981
1.354166700,1.534163876
1.354370100,1.530144781
1.354573600,1.518125676
1.354777000,1.510106580
1.354980500,1.502087476
1.355183900,1.490068380
1.355387400,1.482049276
1.355590800,1.478030180
1.355794300,1.470011076
1.355997700,1.457991980
1.356201200,1.449972875
1.356404600,1.441953780
1.356608100,1.429934675
1.356811500,1.421915580
1.357015000,1.413896475
1.357218400,1.401877380
1.357421900,1.393858275
1.357625300,1.389839180
1.357828800,1.381820075
1.358032200,1.365800980
1.358235700,1.361781875
1.358439100,1.353762780
1.358642600,1.337743675
1.358846000,1.333724580
1.359049500,1.325705475
1.359252900,1.309686380
1.359456400,1.305667275
1.359659800,1.297648180
1.359863300,1.289629075
1.360066700,1.277609979
1.360270200,1.269590875
1.360473600,1.261571779
1.360677100,1.245552675
1.360880500,1.241533579
1.361084000,1.233514475
1.361287400,1.217495379
1.361490900,1.209476274
1.361694300,1.205457179
1.361897800,1.189438074
1.362101200,1.181418979
1.362304700,1.173399874
1.362508100,1.165380779
1.362711600,1.153361674
1.362915000,1.145342579
1.363118500,1.137323474
1.363321900,1.121304379
1.363525400,1.117285274
1.363728800,1.109266179
1.363932300,1.093247074
1.364135700,1.085227979
1.364339200,1.077208874
1.364542600,1.073189779
1.364746100,1.057170674
1.364949500,1.049151578
1.365153000,1.041132474
1.365356400,1.029113378
1.365559900,1.021094274
1.365763300,1.013075178
1.365966800,0.997056074
1.366170200,0.989036978
1.366373700,0.981017874
1.366577100,0.976998778
1.366780600,0.960979673
1.366984000,0.952960578
1.367187500,0.944941473
1.367391000,0.928922369
1.367594400,0.924903273
1.367797900,0.916884169
1.368001300,0.900865073
1.368204800,0.892845968
1.368408200,0.884826873
1.368611700,0.876807768
1.368815100,0.864788673
1.369018600,0.856769568
1.369222000,0.848750473
1.369425500,0.832731368
1.369628900,0.824712273
1.369832400,0.820693168
1.370035800,0.804674073
1.370239300,0.796654968
1.370442700,0.788635873
1.370646200,0.776616768
1.370849600,0.768597673
1.371053100,0.760578568
1.371256500,0.752559473
1.371460000,0.736540368
1.371663400,0.732521272
1.371866900,0.724502168
1.372070300,0.708483072
1.372273800,0.700463968
1.372477200,0.696444872
1.372680700,0.680425768
1.372884100,0.672406672
1.373087600,0.668387568
1.373291000,0.660368472
1.373494500,0.644349367
1.373697900,0.636330272
1.373901400,0.632311167
1.374104800,0.616292072
1.374308300,0.608272967
1.374511700,0.604253872
1.374715200,0.588234767
1.374918600,0.584215672
1.375122100,0.576196567
1.375325500,0.568177472
1.375529000,0.556158367
1.375732400,0.548139272
1.375935900,0.540120167
1.376139300,0.528101072
1.376342800,0.520081967
1.376546200,0.516062872
1.376749700,0.500043767
1.376953100,0.492024671
1.377156600,0.488005567
1.377360000,0.479986471
1.377563500,0.467967367
1.377766900,0.459948271
1.377970400,0.451929167
1.378173800,0.439910071
1.378377300,0.431890966
1.378580700,0.427871871
1.378784200,0.411852766
1.378987600,0.407833671
1.379191100,0.399814566
1.379394500,0.387795471
1.379598000,0.379776366
1.379801400,0.371757271
1.380004900,0.363738166
1.380208300,0.351719071
1.380411800,0.343699966
1.380615200,0.339680871
1.380818700,0.323661766
1.381022100,0.319642671
1.381225600,0.311623566
1.381429000,0.295604471
1.381632500,0.291585366
1.381835900,0.283566270
1.382039400,0.275547166
1.382242800,0.263528070
1.382446300,0.255508966
1.382649700,0.247489870
1.382853200,0.235470766
1.383056600,0.227451670
1.383260100,0.219432566
1.383463500,0.203413470
1.383667000,0.195394365
1.383870400,0.191375270
1.384073900,0.183356165
1.384277300,0.167337070
1.384480800,0.159317965
1.384684200,0.151298870
1.384887700,0.139279765
1.385091100,0.131260670
1.385294600,0.123241565
1.385498000,0.107222470
1.385701500,0.099203365
1.385904900,0.091184270
1.386108400,0.083165165
1.386311800,0.071146070
1.386515300,0.063126965
1.386718700,0.055107870
1.386922200,0.039088765
1.387125700,0.031069660
1.387329100,0.023050565
1.387532600,0.007031460
1.387736000,-0.000987635
1.387939500,-0.009006740
1.388142900,-0.017025835
1.388346400,-0.033044940
1.388549800,-0.041064036
1.388753300,-0.049083140
1.388956700,-0.065102236
1.389160200,-0.073121340
1.389363600,-0.081140436
1.389567100,-0.097159540
1.389770500,-0.105178636
1.389974000,-0.117197740
1.390177400,-0.133216836
1.390380900,-0.141235941
1.390584300,-0.149255036
1.390787800,-0.157274141
1.390991200,-0.173293236
1.391194700,-0.181312341
1.391398100,-0.189331436
1.391601600,-0.209350541
1.391805000,-0.217369636
1.392008500,-0.225388741
1.392211900,-0.241407836
1.392415400,-0.249426941
1.392618800,-0.261446036
1.392822300,-0.269465141
1.393025700,-0.285484236
1.393229200,-0.293503341
1.393432600,-0.301522436
1.393636100,-0.321541541
1.393839500,-0.329560637
1.394043000,-0.337579741
1.394246400,-0.357598837
1.394449900,-0.365617941
1.394653300,-0.373637037
1.394856800,-0.381656141
1.395060200,-0.401675237
1.395263700,-0.409694342
1.395467100,-0.417713437
1.395670600,-0.437732542
1.395874000,-0.445751637
1.396077500,-0.453770742
1.396280900,-0.473789837
1.396484400,-0.481808942
1.396687800,-0.489828037
1.396891300,-0.501847142
1.397094700,-0.517866237
1.397298200,-0.529885342
1.397501600,-0.537904437
1.397705100,-0.557923542
1.397908500,-0.565942637
1.398112000,-0.573961742
1.398315400,-0.593980837
1.398518900,-0.601999942
1.398722300,-0.614019038
1.398925800,-0.630038142
1.399129200,-0.642057238
1.399332700,-0.650076342
1.399536100,-0.658095438
1.399739600,-0.678114542
1.399943000,-0.686133638
1.400146500,-0.698152742
1.400349900,-0.714171838
1.400553400,-0.726190943
1.400756800,-0.734210038
1.400960300,-0.754229143
1.401163700,-0.762248238
1.401367200,-0.774267343
1.401570600,-0.782286438
1.401774100,-0.802305543
1.401977500,-0.810324638
1.402181000,-0.818343743
1.402384400,-0.838362838
1.402587900,-0.850381943
1.402791300,-0.858401038
1.402994800,-0.878420143
1.403198200,-0.886439238
1.403401700,-0.894458343
1.403605100,-0.906477438
1.403808600,-0.922496543
1.404012000,-0.934515639
1.404215500,-0.942534743
1.404418900,-0.958553839
1.404622400,-0.970572943
1.404825800,-0.978592039
1.405029300,-0.998611143
1.405232700,-1.006630239
1.405436200,-1.014649344
1.405639600,-1.026668439
1.405843100,-1.042687544
1.406046500,-1.050706639
1.406250000,-1.062725744
1.406453500,-1.078744848
1.406656900,-1.090763944
1.406860400,-1.098783048
1.407063800,-1.114802144
1.407267300,-1.126821249
1.407470700,-1.134840344
1.407674200,-1.142859449
1.407877600,-1.162878544
1.408081100,-1.170897649
1.408284500,-1.178916744
1.408488000,-1.198935849
1.408691400,-1.206954944
1.408894900,-1.214974049
1.409098300,-1.234993144
1.409301800,-1.243012249
1.409505200,-1.255031344
1.409708700,-1.271050449
1.409912100,-1.283069544
1.410115600,-1.291088649
1.410319000,-1.299107744
1.410522500,-1.319126849
1.410725900,-1.331145945
1.410929400,-1.339165049
1.411132800,-1.359184145
1.411336300,-1.371203249
1.411539700,-1.379222345
1.411743200,-1.399241449
1.411946600,-1.411260545
1.412150100,-1.419279650
1.412353500,-1.431298745
1.412557000,-1.451317850
1.412760400,-1.463336945
1.412963900,-1.475356050
1.413167300,-1.495375145
1.413370800,-1.507394250
1.413574200,-1.519413345
1.413777700,-1.543432450
1.413981100,-1.551451545
1.414184600,-1.563470650
1.414388000,-1.575489745
1.414591500,-1.599508850
1.414794900,-1.611527945
1.414998400,-1.623547050
1.415201800,-1.647566145
1.415405300,-1.659585250
1.415608700,-1.675604346
1.415812200,-1.699623450
1.416015600,-1.711642546
1.416219100,-1.723661650
1.416422500,-1.735680746
1.416626000,-1.763699850
1.416829400,-1.775718946
1.417032900,-1.787738050
1.417236300,-1.815757146
1.417439800,-1.827776251
1.417643200,-1.839795346
1.417846700,-1.867814451
1.418050100,-1.879833546
1.418253600,-1.895852651
1.418457000,-1.919871746
1.418660500,-1.935890851
1.418863900,-1.947909946
1.419067400,-1.959929051
1.419270800,-1.987948146
1.419474300,-1.999967251
1.419677700,-2.011986346
1.419881200,-2.040005451
1.420084600,-2.052024546
1.420288100,-2.064043651
1.420491500,-2.092062746
1.420695000,-2.104081851
1.420898400,-2.116100947
1.421101900,-2.128120051
1.421305300,-2.152139147
1.421508800,-2.164158251
1.421712200,-2.176177347
1.421915700,-2.200196451
1.422119100,-2.212215547
1.422322600,-2.224234652
1.422526000,-2.244253747
1.422729500,-2.256272852
1.422932900,-2.268291947
1.423136400,-2.276311052
1.423339800,-2.300330147
1.423543300,-2.308349252
1.423746700,-2.320368347
1.423950200,-2.336387452
1.424153600,-2.348406547
1.424357100,-2.356425652
1.424560500,-2.372444747
1.424764000,-2.380463852
1.424967400,-2.392482947
1.425170900,-2.400502052
1.425374300,-2.416521147
1.425577800,-2.420540252
1.425781200,-2.428559347
1.425984700,-2.444578452
1.426188200,-2.452597557
1.426391600,-2.456616652
1.426595100,-2.468635757
1.426798500,-2.476654852
1.427002000,-2.480673957
1.427205400,-2.492693052
1.427408900,-2.496712157
1.427612300,-2.504731253
1.427815800,-2.508750357
1.428019200,-2.516769453
1.428222700,-2.520788557
1.428426100,-2.524807653
1.428629600,-2.532826757
1.428833000,-2.536845853
1.429036500,-2.540864958
1.429239900,-2.548884053
1.429443400,-2.552903158
1.429646800,-2.556922253
1.429850300,-2.560941358
1.430053700,-2.564960453
1.430257200,-2.568979558
1.430460600,-2.568998653
1.430664100,-2.577017758
1.430867500,-2.577036853
1.431071000,-2.581055958
1.431274400,-2.585075053
1.431477900,-2.589094158
1.431681300,-2.589113253
1.431884800,-2.593132358
1.432088200,-2.597151453
1.432291700,-2.601170558
1.432495100,-2.601189653
1.432698600,-2.605208758
1.432902000,-2.609227854
1.433105500,-2.609246958
1.433308900,-2.613266054
1.433512400,-2.617285158
1.433715800,-2.617304254
1.433919300,-2.621323358
1.434122700,-2.625342454
1.434326200,-2.629361559
1.434529600,-2.629380654
1.434733100,-2.637399759
1.434936500,-2.637418854
1.435140000,-2.641437959
1.435343400,-2.645457054
1.435546900,-2.649476159
1.435750300,-2.653495254
1.435953800,-2.653514359
1.436157200,-2.661533454
1.436360700,-2.665552559
1.436564100,-2.669571654
1.436767600,-2.673590759
1.436971000,-2.677609854
1.437174500,-2.681628959
1.437377900,-2.689648054
1.437581400,-2.693667159
1.437784800,-2.697686255
1.437988300,-2.705705359
1.438191700,-2.709724455
1.438395200,-2.713743559
1.438598600,-2.717762655
1.438802100,-2.729781759
1.439005500,-2.733800855
1.439209000,-2.737819960
1.439412400,-2.745839055
1.439615900,-2.753858160
1.439819300,-2.757877255
1.440022800,-2.765896360
1.440226200,-2.773915455
1.440429700,-2.777934560
1.440633100,-2.781953655
1.440836600,-2.793972760
1.441040000,-2.801991855
1.441243500,-2.806010960
1.441446900,-2.818030055
1.441650400,-2.826049160
1.441853800,-2.830068255
1.442057300,-2.842087360
1.442260700,-2.850106455
1.442464200,-2.858125560
1.442667600,-2.862144655
1.442871100,-2.878163760
1.443074500,-2.886182856
1.443278000,-2.890201960
1.443481400,-2.906221056
1.443684900,-2.914240160
1.443888300,-2.922259256
1.444091800,-2.938278360
1.444295200,-2.946297456
1.444498700,-2.954316561
1.444702100,-2.962335656
1.444905600,-2.978354761
1.445109000,-2.986373856
1.445312500,-2.994392961
1.445516000,-3.010412065
1.445719400,-3.022431161
1.445922900,-3.030450266
1.446126300,-3.050469361
1.446329800,-3.058488466
1.446533200,-3.070507561
1.446736700,-3.090526666
1.446940100,-3.098545761
1.447143600,-3.110564866
1.447347000,-3.122583961
1.447550500,-3.142603066
1.447753900,-3.154622161
1.447957400,-3.166641266
1.448160800,-3.190660361
1.448364300,-3.202679466
1.448567700,-3.218698561
1.448771200,-3.242717666
1.448974600,-3.254736761
1.449178100,-3.266755866
1.449381500,-3.282774961
1.449585000,-3.310794066
1.449788400,-3.322813162
1.449991900,-3.338832266
1.450195300,-3.366851362
1.450398800,-3.378870466
1.450602200,-3.394889562
1.450805700,-3.422908666
1.451009100,-3.438927762
1.451212600,-3.450946867
1.451416000,-3.466965962
1.451619500,-3.494985067
1.451822900,-3.511004162
1.452026400,-3.527023267
1.452229800,-3.555042362
1.452433300,-3.571061467
1.452636700,-3.583080562
1.452840200,-3.615099667
1.453043600,-3.627118762
1.453247100,-3.643137867
1.453450500,-3.659156962
1.453654000,-3.687176067
1.453857400,-3.699195162
1.454060900,-3.715214267
1.454264300,-3.743233362
1.454467800,-3.755252467
1.454671200,-3.771271563
1.454874700,-3.795290667
1.455078100,-3.811309763
1.455281600,-3.823328867
1.455485000,-3.835347963
1.455688500,-3.859367067
1.455891900,-3.871386163
1.456095400,-3.883405267
1.456298800,-3.903424363
1.456502300,-3.915443468
1.456705700,-3.923462563
1.456909200,-3.943481668
1.457112600,-3.955500763
1.457316100,-3.963519868
1.457519500,-3.979538963
1.457723000,-3.987558068
1.457926400,-3.995577163
1.458129900,-4.003596268
1.458333300,-4.015615363
1.458536800,-4.023634468
1.458740200,-4.031653563
1.458943700,-4.039672668
1.459147100,-4.047691763
1.459350600,-4.051710868
1.459554000,-4.059729963
1.459757500,-4.063749068
1.459960900,-4.067768164
1.460164400,-4.071787268
1.460367800,-4.079806364
1.460571300,-4.079825468
1.460774700,-4.083844564
1.460978200,-4.087863668
1.461181600,-4.091882764
1.461385100,-4.091901869
1.461588500,-4.095920964
1.461792000,-4.095940069
1.461995400,-4.095959164
1.462198900,-4.099978269
1.462402300,-4.099997364
1.462605800,-4.100016469
1.462809200,-4.100035564
1.463012700,-4.100054669
1.463216100,-4.100073764
1.463419600,-4.096092869
1.463623000,-4.096111964
1.463826500,-4.096131069
1.464029900,-4.096150164
1.464233400,-4.092169269
1.464436800,-4.092188364
1.464640300,-4.092207469
1.464843700,-4.088226565
1.465047200,-4.088245669
1.465250700,-4.084264774
1.465454100,-4.084283869
1.465657600,-4.080302974
1.465861000,-4.080322069
1.466064500,-4.080341174
1.466267900,-4.076360269
1.466471400,-4.076379374
1.466674800,-4.072398470
1.466878300,-4.072417574
1.467081700,-4.068436670
1.467285200,-4.068455774
1.467488600,-4.068474870
1.467692100,-4.064493974
1.467895500,-4.064513070
1.468099000,-4.064532175
1.468302400,-4.060551270
1.468505900,-4.060570375
1.468709300,-4.060589470
1.468912800,-4.060608575
1.469116200,-4.060627670
1.469319700,-4.060646775
1.469523100,-4.056665870
1.469726600,-4.056684975
1.469930000,-4.056704070
1.470133500,-4.056723175
1.470336900,-4.056742270
1.470540400,-4.056761375
1.470743800,-4.056780470
1.470947300,-4.056799575
1.471150700,-4.060818670
1.471354200,-4.060837775
1.471557600,-4.060856871
1.471761100,-4.060875975
1.471964500,-4.064895071
1.472168000,-4.064914175
1.472371400,-4.068933271
1.472574900,-4.068952375
1.472778300,-4.068971471
1.472981800,-4.072990575
1.473185200,-4.073009671
1.473388700,-4.077028776
1.473592100,-4.077047871
1.473795600,-4.081066976
1.473999000,-4.085086071
1.474202500,-4.085105176
1.474405900,-4.093124271
1.474609400,-4.093143376
1.474812800,-4.097162471
1.475016300,-4.101181576
1.475219700,-4.105200671
1.475423200,-4.105219776
1.475626600,-4.109238871
1.475830100,-4.117257976
1.476033500,-4.117277071
1.476237000,-4.121296176
1.476440400,-4.129315271
1.476643900,-4.133334376
1.476847300,-4.137353472
1.477050800,-4.141372576
1.477254200,-4.145391672
1.477457700,-4.149410776
1.477661100,-4.153429872
1.477864600,-4.161448976
1.478068000,-4.165468072
1.478271500,-4.169487177
1.478474900,-4.173506272
1.478678400,-4.177525377
1.478881800,-4.181544472
1.479085300,-4.189563577
1.479288700,-4.193582672
1.479492200,-4.197601777
1.479695600,-4.201620872
1.479899100,-4.209639977
1.480102500,-4.213659072
1.480306000,-4.217678177
1.480509400,-4.225697272
1.480712900,-4.225716377
1.480916300,-4.229735472
1.481119800,-4.237754577
1.481323200,-4.241773672
1.481526700,-4.241792777
1.481730100,-4.245811873
1.481933600,-4.253830977
1.482137000,-4.253850073
1.482340500,-4.257869177
1.482543900,-4.261888273
1.482747400,-4.261907377
1.482950800,-4.265926473
1.483154300,-4.269945577
1.483357700,-4.269964673
1.483561200,-4.269983778
1.483764600,-4.274002873
1.483968100,-4.274021978
1.484171500,-4.274041073
1.484375000,-4.274060178
1.484578500,-4.274079282
1.484781900,-4.270098378
1.484985400,-4.270117483
1.485188800,-4.266136578
1.485392300,-4.266155683
1.485595700,-4.262174778
1.485799200,-4.258193883
1.486002600,-4.254212978
1.486206100,-4.250232083
1.486409500,-4.246251178
1.486613000,-4.238270283
1.486816400,-4.230289378
1.487019900,-4.226308483
1.487223300,-4.214327578
1.487426800,-4.206346683
1.487630200,-4.202365778
1.487833700,-4.186384883
1.488037100,-4.178403978
1.488240600,-4.170423083
1.488444000,-4.158442179
1.488647500,-4.142461283
1.488850900,-4.130480379
1.489054400,-4.118499483
1.489257800,-4.098518579
1.489461300,-4.086537683
1.489664700,-4.074556779
1.489868200,-4.046575883
1.490071600,-4.034594979
1.490275100,-4.022614084
1.490478500,-4.006633179
1.490682000,-3.978652284
1.490885400,-3.962671379
1.491088900,-3.950690484
1.491292300,-3.918709579
1.491495800,-3.902728684
1.491699200,-3.886747779
1.491902700,-3.854766884
1.492106100,-3.834785979
1.492309600,-3.818805084
1.492513000,-3.802824179
1.492716500,-3.766843284
1.492919900,-3.750862379
1.493123400,-3.734881484
1.493326800,-3.698900579
1.493530300,-3.682919684
1.493733700,-3.662938780
1.493937200,-3.630957884
1.494140600,-3.610976980
1.494344100,-3.594996084
1.494547500,-3.559015180
1.494751000,-3.543034284
1.494954400,-3.527053380
1.495157900,-3.511072485
1.495361300,-3.479091580
1.495564800,-3.463110685
1.495768200,-3.447129780
1.495971700,-3.415148885
1.496175100,-3.399167980
1.496378600,-3.387187085
1.496582000,-3.359206180
1.496785500,-3.343225285
1.496988900,-3.331244380
1.497192400,-3.315263485
1.497395800,-3.291282580
1.497599300,-3.279301685
1.497802700,-3.267320780
1.498006200,-3.243339885
1.498209600,-3.231358980
1.498413100,-3.223378085
1.498616500,-3.203397181
1.498820000,-3.191416285
1.499023400,-3.183435381
1.499226900,-3.175454485
1.499430300,-3.159473581
1.499633800,-3.151492685
1.499837200,-3.143511781
1.500040700,-3.127530885
1.500244100,-3.119549981
1.500447600,-3.115569086
1.500651000,-3.103588181
1.500854500,-3.099607286
1.501057900,-3.091626381
1.501261400,-3.087645486
1.501464800,-3.079664581
1.501668300,-3.075683686
1.501871700,-3.071702781
1.502075200,-3.063721886
1.502278600,-3.059740981
1.502482100,-3.055760086
1.502685500,-3.047779181
1.502889000,-3.043798286
1.503092400,-3.043817381
1.503295900,-3.035836486
1.503499300,-3.031855581
1.503702800,-3.031874686
1.503906200,-3.027893782
1.504109700,-3.023912886
1.504313200,-3.019931991
1.504516600,-3.019951086
1.504720100,-3.011970191
1.504923500,-3.011989286
1.505127000,-3.008008391
1.505330400,-3.004027487
1.505533900,-3.004046591
1.505737300,-3.000065687
1.505940800,-3.000084791
1.506144200,-2.996103887
1.506347700,-2.996122991
1.506551100,-2.992142087
1.506754600,-2.992161191
1.506958000,-2.988180287
1.507161500,-2.988199392
1.507364900,-2.988218487
1.507568400,-2.988237592
1.507771800,-2.988256687
1.507975300,-2.988275792
1.508178700,-2.988294887
1.508382200,-2.988313992
1.508585600,-2.992333087
1.508789100,-2.992352192
1.508992500,-2.996371287
1.509196000,-3.000390392
1.509399400,-3.004409487
1.509602900,-3.008428592
1.509806300,-3.012447687
1.510009800,-3.016466792
1.510213200,-3.024485887
1.510416700,-3.028504992
1.510620100,-3.032524088
1.510823600,-3.048543192
1.511027000,-3.052562288
1.511230500,-3.060581392
1.511433900,-3.076600488
1.511637400,-3.084619592
1.511840800,-3.092638688
1.512044300,-3.104657793
1.512247700,-3.124676888
1.512451200,-3.136695993
1.512654600,-3.148715088
1.512858100,-3.172734193
1.513061500,-3.184753288
1.513265000,-3.200772393
1.513468400,-3.228791488
1.513671900,-3.244810593
1.513875300,-3.260829688
1.514078800,-3.292848793
1.514282200,-3.308867888
1.514485700,-3.328886993
1.514689100,-3.344906088
1.514892600,-3.384925193
1.515096000,-3.404944288
1.515299500,-3.424963393
1.515502900,-3.464982488
1.515706400,-3.485001593
1.515909800,-3.505020689
1.516113300,-3.549039793
1.516316700,-3.573058889
1.516520200,-3.593077993
1.516723600,-3.617097089
1.516927100,-3.665116193
1.517130500,-3.689135289
1.517334000,-3.713154394
1.517537400,-3.761173489
1.517740900,-3.785192594
1.517944300,-3.809211689
1.518147800,-3.857230794
1.518351200,-3.881249889
1.518554700,-3.905268994
1.518758100,-3.929288089
1.518961600,-3.981307194
1.519165000,-4.005326289
1.519368500,-4.029345394
1.519571900,-4.081364489
1.519775400,-4.105383594
1.519978800,-4.129402689
1.520182300,-4.177421794
1.520385700,-4.201440889
1.520589200,-4.225459994
1.520792600,-4.249479090
1.520996100,-4.293498194
1.521199500,-4.317517290
1.521403000,-4.341536394
1.521606400,-4.385555490
1.521809900,-4.409574594
1.522013300,-4.429593690
1.522216800,-4.473612795
1.522420200,-4.493631890
1.522623700,-4.513650995
1.522827100,-4.553670090
1.523030600,-4.573689195
1.523234000,-4.593708290
1.523437500,-4.613727395
1.523641000,-4.649746499
1.523844400,-4.669765595
1.524047900,-4.685784700
1.524251300,-4.721803795
1.524454800,-4.737822900
1.524658200,-4.753841995
1.524861700,-4.785861100
1.525065100,-4.801880195
1.525268600,-4.813899300
1.525472000,-4.829918395
1.525675500,-4.857937500
1.525878900,-4.869956595
1.526082400,-4.885975700
1.526285800,-4.909994795
1.526489300,-4.922013900
1.526692700,-4.934032995
1.526896200,-4.958052100
1.527099600,-4.966071195
1.527303100,-4.978090300
1.527506500,-4.990109396
1.527710000,-5.010128500
1.527913400,-5.018147596
1.528116900,-5.026166700
1.528320300,-5.046185796
1.528523800,-5.054204900
1.528727200,-5.062223996
1.528930700,-5.078243101
1.529134100,-5.082262196
1.529337600,-5.090281301
1.529541000,-5.098300396
1.529744500,-5.110319501
1.529947900,-5.118338596
1.530151400,-5.122357701
1.530354800,-5.134376796
1.530558300,-5.138395901
1.530761700,-5.142414996
1.530965200,-5.154434101
1.531168600,-5.158453196
1.531372100,-5.162472301
1.531575500,-5.166491396
1.531779000,-5.174510501
1.531982400,-5.178529596
1.532185900,-5.178548701
1.532389300,-5.186567796
1.532592800,-5.190586901
1.532796200,-5.190605997
1.532999700,-5.194625101
1.533203100,-5.198644197
1.533406600,-5.198663301
1.533610000,-5.202682397
1.533813500,-5.202701501
1.534016900,-5.206720597
1.534220400,-5.206739702
1.534423800,-5.206758797
1.534627300,-5.206777902
1.534830700,-5.206796997
1.535034200,-5.206816102
1.535237600,-5.206835197
1.535441100,-5.206854302
1.535644500,-5.206873397
1.535848000,-5.206892502
1.536051400,-5.206911597
1.536254900,-5.202930702
1.536458300,-5.202949797
1.536661800,-5.198968902
1.536865200,-5.198987997
1.537068700,-5.195007102
1.537272100,-5.191026197
1.537475600,-5.191045302
1.537679000,-5.187064398
1.537882500,-5.183083502
1.538085900,-5.179102598
1.538289400,-5.179121702
1.538492800,-5.171140798
1.538696300,-5.167159902
1.538899700,-5.163178998
1.539103200,-5.159198102
1.539306600,-5.155217198
1.539510100,-5.151236303
1.539713500,-5.143255398
1.539917000,-5.139274503
1.540120400,-5.135293598
1.540323900,-5.127312703
1.540527300,-5.119331798
1.540730800,-5.115350903
1.540934200,-5.111369998
1.541137700,-5.099389103
1.541341100,-5.095408198
1.541544600,-5.087427303
1.541748000,-5.079446398
1.541951500,-5.071465503
1.542154900,-5.067484598
1.542358400,-5.055503703
1.542561800,-5.047522798
1.542765300,-5.043541903
1.542968700,-5.035560999
1.543172200,-5.023580103
1.543375700,-5.015599208
1.543579100,-5.011618303
1.543782600,-4.995637408
1.543986000,-4.991656503
1.544189500,-4.983675608
1.544392900,-4.967694704
1.544596400,-4.963713808
1.544799800,-4.955732904
1.545003300,-4.947752008
1.545206700,-4.931771104
1.545410200,-4.923790208
1.545613600,-4.915809304
1.545817100,-4.903828409
1.546020500,-4.895847504
1.546224000,-4.887866609
1.546427400,-4.871885704
1.546630900,-4.863904809
1.546834300,-4.855923904
1.547037800,-4.847943009
1.547241200,-4.831962104
1.547444700,-4.823981209
1.547648100,-4.816000304
1.547851600,-4.800019409
1.548055000,-4.792038504
1.548258500,-4.784057609
1.548461900,-4.764076704
1.548665400,-4.756095809
1.548868800,-4.748114904
1.549072300,-4.740134009
1.549275700,-4.724153104
1.549479200,-4.716172209
1.549682600,-4.708191305
1.549886100,-4.688210409
1.550089500,-4.680229505
1.550293000,-4.672248609
1.550496400,-4.656267705
1.550699900,-4.644286809
1.550903300,-4.636305905
1.551106800,-4.620325010
1.551310200,-4.612344105
1.551513700,-4.604363210
1.551717100,-4.592382305
1.551920600,-4.576401410
1.552124000,-4.568420505
1.552327500,-4.556439610
1.552530900,-4.540458705
1.552734400,-4.532477810
1.552937800,-4.524496905
1.553141300,-4.504516010
1.553344700,-4.496535105
1.553548200,-4.488554210
1.553751600,-4.476573305
1.553955100,-4.460592410
1.554158500,-4.448611505
1.554362000,-4.440630610
1.554565400,-4.424649706
1.554768900,-4.412668810
1.554972300,-4.404687906
1.555175800,-4.384707010
1.555379200,-4.376726106
1.555582700,-4.368745210
1.555786100,-4.360764306
1.555989600,-4.340783410
1.556193000,-4.332802506
1.556396500,-4.320821611
1.556599900,-4.304840706
1.556803400,-4.292859811
1.557006800,-4.284878906
1.557210300,-4.264898011
1.557413700,-4.256917106
1.557617200,-4.244936211
1.557820600,-4.236955306
1.558024100,-4.216974411
1.558227500,-4.208993506
1.558431000,-4.197012611
1.558634400,-4.181031706
1.558837900,-4.169050811
1.559041300,-4.161069906
1.559244800,-4.141089011
1.559448200,-4.129108106
1.559651700,-4.121127211
1.559855100,-4.113146307
1.560058600,-4.093165411
1.560262000,-4.081184507
1.560465500,-4.073203611
1.560668900,-4.053222707
1.560872400,-4.045241811
1.561075800,-4.033260907
1.561279300,-4.013280012
1.561482700,-4.005299107
1.561686200,-3.993318212
1.561889600,-3.973337307
1.562093100,-3.965356412
1.562296500,-3.957375507
1.562500000,-3.945394612
1.562703500,-3.925413716
1.562906900,-3.917432812
1.563110400,-3.909451917
1.563313800,-3.889471012
1.563517300,-3.877490117
1.563720700,-3.869509212
1.563924200,-3.849528317
1.564127600,-3.841547412
1.564331100,-3.833566517
1.564534500,-3.821585612
1.564738000,-3.805604717
1.564941400,-3.793623812
1.565144900,-3.785642917
1.565348300,-3.765662012
1.565551800,-3.757681117
1.565755200,-3.749700212
1.565958700,-3.729719317
1.566162100,-3.721738412
1.566365600,-3.713757517
1.566569000,-3.705776613
1.566772500,-3.685795717
1.566975900,-3.677814813
1.567179400,-3.669833917
1.567382800,-3.649853013
1.567586300,-3.641872117
1.567789700,-3.633891213
1.567993200,-3.617910318
1.568196600,-3.609929413
1.568400100,-3.601948518
1.568603500,-3.593967613
1.568807000,-3.577986718
1.569010400,-3.570005813
1.569213900,-3.562024918
1.569417300,-3.546044013
1.569620800,-3.538063118
1.569824200,-3.530082213
1.570027700,-3.514101318
1.570231100,-3.506120413
1.570434600,-3.498139518
1.570638000,-3.486158613
1.570841500,-3.478177718
1.571044900,-3.470196813
1.571248400,-3.462215918
1.571451800,-3.450235014
1.571655300,-3.442254118
1.571858700,-3.434273214
1.572062200,-3.422292318
1.572265600,-3.414311414
1.572469100,-3.406330518
1.572672500,-3.394349614
1.572876000,-3.386368718
1.573079400,-3.382387814
1.573282900,-3.374406919
1.573486300,-3.362426014
1.573689800,-3.358445119
1.573893200,-3.350464214
1.574096700,-3.338483319
1.574300100,-3.330502414
1.574503600,-3.326521519
1.574707000,-3.314540614
1.574910500,-3.306559719
1.575113900,-3.302578814
1.575317400,-3.298597919
1.575520800,-3.286617014
1.575724300,-3.278636119
1.575927700,-3.274655214
1.576131200,-3.262674319
1.576334600,-3.258693414
1.576538100,-3.250712519
1.576741500,-3.242731615
1.576945000,-3.234750719
1.577148400,-3.230769815
1.577351900,-3.226788919
1.577555300,-3.214808015
1.577758800,-3.210827119
1.577962200,-3.206846215
1.578165700,-3.194865320
1.578369100,-3.190884415
1.578572600,-3.186903520
1.578776000,-3.174922615
1.578979500,-3.170941720
1.579182900,-3.166960815
1.579386400,-3.162979920
1.579589800,-3.150999015
1.579793300,-3.147018120
1.579996700,-3.143037215
1.580200200,-3.135056320
1.580403600,-3.131075415
1.580607100,-3.123094520
1.580810500,-3.115113615
1.581014000,-3.111132720
1.581217400,-3.107151815
1.581420900,-3.099170920
1.581624300,-3.095190016
1.581827800,-3.091209120
1.582031200,-3.083228216
1.582234700,-3.075247320
1.582438200,-3.071266425
1.582641600,-3.067285520
1.582845100,-3.059304625
1.583048500,-3.055323720
1.583252000,-3.051342825
1.583455400,-3.043361921
1.583658900,-3.039381025
1.583862300,-3.035400121
1.584065800,-3.031419225
1.584269200,-3.023438321
1.584472700,-3.019457425
1.584676100,-3.015476521
1.584879600,-3.007495626
1.585083000,-3.003514721
1.585286500,-2.999533826
1.585489900,-2.991552921
1.585693400,-2.987572026
1.585896800,-2.983591121
1.586100300,-2.979610226
1.586303700,-2.971629321
1.586507200,-2.967648426
1.586710600,-2.963667521
1.586914100,-2.955686626
1.587117500,-2.951705721
1.587321000,-2.947724826
1.587524400,-2.943743921
1.587727900,-2.939763026
1.587931300,-2.935782121
1.588134800,-2.931801226
1.588338200,-2.923820322
1.588541700,-2.919839426
1.588745100,-2.915858522
1.588948600,-2.911877626
1.589152000,-2.907896722
1.589355500,-2.903915826
1.589558900,-2.895934922
1.589762400,-2.895954026
1.589965800,-2.891973122
1.590169300,-2.883992227
1.590372700,-2.880011322
1.590576200,-2.876030427
1.590779600,-2.876049522
1.590983100,-2.868068627
1.591186500,-2.864087722
1.591390000,-2.860106827
1.591593400,-2.856125922
1.591796900,-2.852145027
1.592000300,-2.848164122
1.592203800,-2.844183227
1.592407200,-2.840202322
1.592610700,-2.836221427
1.592814100,-2.836240522
1.593017600,-2.828259627
1.593221000,-2.824278722
1.593424500,-2.824297827
1.593627900,-2.816316923
1.593831400,-2.816336027
1.594034800,-2.812355123
1.594238300,-2.804374227
1.594441700,-2.804393323
1.594645200,-2.800412427
1.594848600,-2.796431523
1.595052100,-2.792450628
1.595255500,-2.788469723
1.595459000,-2.788488828
1.595662400,-2.780507923
1.595865900,-2.776527028
1.596069300,-2.776546123
1.596272800,-2.768565228
1.596476200,-2.768584323
1.596679700,-2.764603428
1.596883100,-2.760622523
1.597086600,-2.756641628
1.597290000,-2.752660723
1.597493500,-2.752679828
1.597696900,-2.744698923
1.597900400,-2.744718028
1.598103800,-2.740737123
1.598307300,-2.736756228
1.598510700,-2.732775323
1.598714200,-2.732794428
1.598917600,-2.724813524
1.599121100,-2.724832628
1.599324500,-2.720851724
1.599528000,-2.716870828
1.599731400,-2.712889924
1.599934900,-2.708909028
1.600138300,-2.708928124
1.600341800,-2.700947229
1.600545200,-2.700966324
1.600748700,-2.696985429
1.600952100,-2.693004524
1.601155600,-2.689023629
1.601359000,-2.689042724
1.601562500,-2.685061829
1.601766000,-2.681080934
1.601969400,-2.677100029
1.602172900,-2.673119134
1.602376300,-2.669138229
1.602579800,-2.669157334
1.602783200,-2.665176429
1.602986700,-2.661195534
1.603190100,-2.657214629
1.603393600,-2.657233734
1.603597000,-2.653252829
1.603800500,-2.649271934
1.604003900,-2.645291029
1.604207400,-2.645310134
1.604410800,-2.637329229
1.604614300,-2.637348334
1.604817700,-2.633367429
1.605021200,-2.629386534
1.605224600,-2.625405630
1.605428100,-2.625424734
1.605631500,-2.621443830
1.605835000,-2.617462934
1.606038400,-2.617482030
1.606241900,-2.613501134
1.606445300,-2.609520230
1.606648800,-2.605539334
1.606852200,-2.605558430
1.607055700,-2.601577535
1.607259100,-2.597596630
1.607462600,-2.597615735
1.607666000,-2.593634830
1.607869500,-2.589653935
1.608072900,-2.585673030
1.608276400,-2.585692135
1.608479800,-2.581711230
1.608683300,-2.577730335
1.608886700,-2.577749430
1.609090200,-2.573768535
1.609293600,-2.569787630
1.609497100,-2.569806735
1.609700500,-2.565825830
1.609904000,-2.565844935
1.610107400,-2.561864030
1.610310900,-2.561883135
1.610514300,-2.557902231
1.610717800,-2.553921335
1.610921200,-2.553940431
1.611124700,-2.549959535
1.611328100,-2.549978631
1.611531600,-2.545997735
1.611735000,-2.542016831
1.611938500,-2.542035936
1.612141900,-2.538055031
1.612345400,-2.538074136
1.612548800,-2.534093231
1.612752300,-2.534112336
1.612955700,-2.530131431
1.613159200,-2.530150536
1.613362600,-2.526169631
1.613566100,-2.526188736
1.613769500,-2.522207831
1.613973000,-2.522226936
1.614176400,-2.518246031
1.614379900,-2.518265136
1.614583300,-2.514284231
1.614786800,-2.514303336
1.614990200,-2.514322431
1.615193700,-2.510341536
1.615397100,-2.506360631
1.615600600,-2.506379736
1.615804000,-2.502398832
1.616007500,-2.502417936
1.616210900,-2.502437032
1.616414400,-2.498456136
1.616617800,-2.498475232
1.616821300,-2.494494336
1.617024700,-2.494513432
1.617228200,-2.490532537
1.617431600,-2.490551632
1.617635100,-2.490570737
1.617838500,-2.486589832
1.618042000,-2.486608937
1.618245400,-2.482628032
1.618448900,-2.482647137
1.618652300,-2.478666232
1.618855800,-2.478685337
1.619059200,-2.478704432
1.619262700,-2.474723537
1.619466100,-2.474742632
1.619669600,-2.470761737
1.619873000,-2.470780832
1.620076500,-2.466799937
1.620279900,-2.466819032
1.620483400,-2.462838137
1.620686800,-2.462857233
1.620890300,-2.462876337
1.621093700,-2.458895433
1.621297200,-2.454914537
1.621500700,-2.454933642
1.621704100,-2.454952737
1.621907600,-2.450971842
1.622111000,-2.450990937
1.622314500,-2.447010042
1.622517900,-2.447029138
1.622721400,-2.443048242
1.622924800,-2.443067338
1.623128300,-2.443086442
1.623331700,-2.439105538
1.623535200,-2.435124642
1.623738600,-2.435143738
1.623942100,-2.431162843
1.624145500,-2.431181938
1.624349000,-2.431201043
1.624552400,-2.427220138
1.624755900,-2.427239243
1.624959300,-2.423258338
1.625162800,-2.423277443
1.625366200,-2.419296538
1.625569700,-2.419315643
1.625773100,-2.415334738
1.625976600,-2.415353843
1.626180000,-2.411372938
1.626383500,-2.411392043
1.626586900,-2.407411138
1.626790400,-2.407430243
1.626993800,-2.407449338
1.627197300,-2.403468443
1.627400700,-2.403487539
1.627604200,-2.399506643
1.627807600,-2.399525739
1.628011100,-2.395544843
1.628214500,-2.395563939
1.628418000,-2.395583043
1.628621400,-2.391602139
1.628824900,-2.391621244
1.629028300,-2.391640339
1.629231800,-2.387659444
1.629435200,-2.387678539
1.629638700,-2.387697644
1.629842100,-2.383716739
1.630045600,-2.383735844
1.630249000,-2.383754939
1.630452500,-2.379774044
1.630655900,-2.379793139
1.630859400,-2.379812244
1.631062800,-2.375831339
1.631266300,-2.375850444
1.631469700,-2.375869539
1.631673200,-2.375888644
1.631876600,-2.375907739
1.632080100,-2.371926844
1.632283500,-2.371945939
1.632487000,-2.371965044
1.632690400,-2.371984140
1.632893900,-2.368003244
1.633097300,-2.368022340
1.633300800,-2.368041444
1.633504200,-2.368060540
1.633707700,-2.368079644
1.633911100,-2.368098740
1.634114600,-2.368117845
1.634318000,-2.368136940
1.634521500,-2.368156045
1.634724900,-2.364175140
1.634928400,-2.364194245
1.635131800,-2.364213340
1.635335300,-2.364232445
1.635538700,-2.364251540
1.635742200,-2.364270645
1.635945600,-2.364289740
1.636149100,-2.364308845
1.636352500,-2.364327940
1.636556000,-2.364347045
1.636759400,-2.364366140
1.636962900,-2.364385245
1.637166300,-2.364404340
1.637369800,-2.364423445
1.637573200,-2.364442541
1.637776700,-2.364461645
1.637980100,-2.364480741
1.638183600,-2.364499845
1.638387000,-2.364518941
1.638590500,-2.364538045
1.638793900,-2.364557141
1.638997400,-2.364576245
1.639200800,-2.364595341
1.639404300,-2.368614446
1.639607700,-2.368633541
1.639811200,-2.368652646
1.640014600,-2.368671741
1.640218100,-2.368690846
1.640421500,-2.368709941
1.640625000,-2.368729046
1.640828500,-2.368748151
1.641031900,-2.368767246
1.641235400,-2.368786351
1.641438800,-2.368805446
1.641642300,-2.368824551
1.641845700,-2.368843646
1.642049200,-2.372862751
1.642252600,-2.372881846
1.642456100,-2.372900951
1.642659500,-2.372920046
1.642863000,-2.372939151
1.643066400,-2.372958246
1.643269900,-2.372977351
1.643473300,-2.372996446
1.643676800,-2.373015551
1.643880200,-2.373034646
1.644083700,-2.373053751
1.644287100,-2.377072847
1.644490600,-2.377091951
1.644694000,-2.377111047
1.644897500,-2.377130151
1.645100900,-2.377149247
1.645304400,-2.377168351
1.645507800,-2.377187447
1.645711300,-2.377206551
1.645914700,-2.377225647
1.646118200,-2.377244752
1.646321600,-2.377263847
1.646525100,-2.377282952
1.646728500,-2.377302047
1.646932000,-2.381321152
1.647135400,-2.381340247
1.647338900,-2.381359352
1.647542300,-2.381378447
1.647745800,-2.381397552
1.647949200,-2.381416647
1.648152700,-2.381435752
1.648356100,-2.381454847
1.648559600,-2.381473952
1.648763000,-2.381493047
1.648966500,-2.381512152
1.649169900,-2.381531247
1.649373400,-2.381550352
1.649576800,-2.385569448
1.649780300,-2.385588552
1.649983700,-2.385607648
1.650187200,-2.385626752
1.650390600,-2.385645848
1.650594100,-2.385664952
1.650797500,-2.385684048
1.651001000,-2.385703153
1.651204400,-2.385722248
1.651407900,-2.385741353
1.651611300,-2.385760448
1.651814800,-2.385779553
1.652018200,-2.385798648
1.652221700,-2.385817753
1.652425100,-2.385836848
1.652628600,-2.385855953
1.652832000,-2.385875048
1.653035500,-2.385894153
1.653238900,-2.385913248
1.653442400,-2.385932353
1.653645800,-2.385951448
1.653849300,-2.385970553
1.654052700,-2.385989648
1.654256200,-2.390008753
1.654459600,-2.390027849
1.654663100,-2.390046953
1.654866500,-2.390066049
1.655070000,-2.390085153
1.655273400,-2.390104249
1.655476900,-2.390123353
1.655680300,-2.390142449
1.655883800,-2.390161553
1.656087200,-2.390180649
1.656290700,-2.390199754
1.656494100,-2.390218849
1.656697600,-2.390237954
1.656901000,-2.390257049
1.657104500,-2.390276154
1.657307900,-2.390295249
1.657511400,-2.390314354
1.657714800,-2.390333449
1.657918300,-2.390352554
1.658121700,-2.390371649
1.658325200,-2.390390754
1.658528600,-2.390409849
1.658732100,-2.390428954
1.658935500,-2.390448049
1.659139000,-2.390467154
1.659342400,-2.390486249
1.659545900,-2.390505354
1.659749300,-2.390524450
1.659952800,-2.390543554
1.660156200,-2.390562650
1.660359700,-2.390581754
1.660563200,-2.390600859
1.660766600,-2.390619954
1.660970100,-2.390639059
1.661173500,-2.390658155
1.661377000,-2.390677259
1.661580400,-2.390696355
1.661783900,-2.390715459
1.661987300,-2.390734555
1.662190800,-2.390753659
1.662394200,-2.390772755
1.662597700,-2.386791859
1.662801100,-2.386810955
1.663004600,-2.386830060
1.663208000,-2.386849155
1.663411500,-2.386868260
1.663614900,-2.386887355
1.663818400,-2.386906460
1.664021800,-2.386925555
1.664225300,-2.386944660
1.664428700,-2.382963755
1.664632200,-2.382982860
1.664835600,-2.383001955
1.665039100,-2.383021060
1.665242500,-2.383040155
1.665446000,-2.383059260
1.665649400,-2.379078355
1.665852900,-2.379097460
1.666056300,-2.379116555
1.666259800,-2.379135660
1.666463200,-2.375154756
1.666666700,-2.375173860
1.666870100,-2.375192956
1.667073600,-2.375212060
1.667277000,-2.371231156
1.667480500,-2.371250260
1.667683900,-2.371269356
1.667887400,-2.371288461
1.668090800,-2.367307556
1.668294300,-2.367326661
1.668497700,-2.367345756
1.668701200,-2.367364861
1.668904600,-2.363383956
1.669108100,-2.363403061
1.669311500,-2.363422156
1.669515000,-2.359441261
1.669718400,-2.359460356
1.669921900,-2.359479461
1.670125300,-2.355498556
1.670328800,-2.355517661
1.670532200,-2.355536756
1.670735700,-2.355555861
1.670939100,-2.351574956
1.671142600,-2.351594061
1.671346000,-2.351613157
1.671549500,-2.347632261
1.671752900,-2.347651357
1.671956400,-2.347670461
1.672159800,-2.343689557
1.672363300,-2.343708661
1.672566700,-2.343727757
1.672770200,-2.339746861
1.672973600,-2.339765957
1.673177100,-2.339785062
1.673380500,-2.335804157
1.673584000,-2.335823262
1.673787400,-2.335842357
1.673990900,-2.331861462
1.674194300,-2.331880557
1.674397800,-2.331899662
1.674601200,-2.327918757
1.674804700,-2.327937862
1.675008100,-2.327956957
1.675211600,-2.323976062
1.675415000,-2.323995157
1.675618500,-2.324014262
1.675821900,-2.320033357
1.676025400,-2.320052462
1.676228800,-2.320071557
1.676432300,-2.316090662
1.676635700,-2.316109758
1.676839200,-2.316128862
1.677042600,-2.312147958
1.677246100,-2.312167062
1.677449500,-2.312186158
1.677653000,-2.312205262
1.677856400,-2.308224358
1.678059900,-2.308243463
1.678263300,-2.308262558
1.678466800,-2.304281663
1.678670200,-2.304300758
1.678873700,-2.304319863
1.679077100,-2.300338958
1.679280600,-2.300358063
1.679484000,-2.300377158
1.679687500,-2.296396263
1.679891000,-2.296415368
1.680094400,-2.296434463
1.680297900,-2.292453568
1.680501300,-2.292472663
1.680704800,-2.292491768
1.680908200,-2.288510863
1.681111700,-2.288529968
1.681315100,-2.288549063
1.681518600,-2.284568168
1.681722000,-2.284587263
1.681925500,-2.284606368
1.682128900,-2.284625463
1.682332400,-2.280644568
1.682535800,-2.280663663
1.682739300,-2.280682768
1.682942700,-2.276701863
1.683146200,-2.276720968
1.683349600,-2.276740064
1.683553100,-2.272759168
1.683756500,-2.272778264
1.683960000,-2.272797368
1.684163400,-2.272816464
1.684366900,-2.268835568
1.684570300,-2.268854664
1.684773800,-2.268873769
1.684977200,-2.268892864
1.685180700,-2.264911969
1.685384100,-2.264931064
1.685587600,-2.264950169
1.685791000,-2.260969264
1.685994500,-2.260988369
1.686197900,-2.261007464
1.686401400,-2.261026569
1.686604800,-2.261045664
1.686808300,-2.257064769
1.687011700,-2.257083864
1.687215200,-2.257102969
1.687418600,-2.257122064
1.687622100,-2.257141169
1.687825500,-2.257160264
1.688029000,-2.253179369
1.688232400,-2.253198465
1.688435900,-2.253217569
1.688639300,-2.253236665
1.688842800,-2.253255769
1.689046200,-2.253274865
1.689249700,-2.253293969
1.689453100,-2.253313065
1.689656600,-2.249332169
1.689860000,-2.249351265
1.690063500,-2.249370370
1.690266900,-2.249389465
1.690470400,-2.249408570
1.690673800,-2.249427665
1.690877300,-2.249446770
1.691080700,-2.249465865
1.691284200,-2.249484970
1.691487600,-2.249504065
1.691691100,-2.249523170
1.691894500,-2.249542265
1.692098000,-2.249561370
1.692301400,-2.249580465
1.692504900,-2.249599570
1.692708300,-2.249618665
1.692911800,-2.249637770
1.693115200,-2.249656865
1.693318700,-2.245675970
1.693522100,-2.245695066
1.693725600,-2.245714170
1.693929000,-2.245733266
1.694132500,-2.245752370
1.694335900,-2.245771466
1.694539400,-2.245790570
1.694742800,-2.245809666
1.694946300,-2.245828771
1.695149700,-2.245847866
1.695353200,-2.245866971
1.695556600,-2.245886066
1.695760100,-2.245905171
1.695963500,-2.245924266
1.696167000,-2.245943371
1.696370400,-2.245962466
1.696573900,-2.245981571
1.696777300,-2.246000666
1.696980800,-2.246019771
1.697184200,-2.246038866
1.697387700,-2.246057971
1.697591100,-2.246077066
1.697794600,-2.246096171
1.697998000,-2.246115266
1.698201500,-2.246134371
1.698404900,-2.246153466
1.698608400,-2.246172571
1.698811800,-2.246191667
1.699015300,-2.242210771
1.699218700,-2.242229867
1.699422200,-2.242248971
1.699625700,-2.242268076
1.699829100,-2.242287171
1.700032600,-2.242306276
1.700236000,-2.242325372
1.700439500,-2.242344476
1.700642900,-2.242363572
1.700846400,-2.242382676
1.701049800,-2.242401772
1.701253300,-2.238420876
1.701456700,-2.238439972
1.701660200,-2.238459077
1.701863600,-2.238478172
1.702067100,-2.238497277
1.702270500,-2.238516372
1.702474000,-2.238535477
1.702677400,-2.238554572
1.702880900,-2.234573677
1.703084300,-2.234592772
1.703287800,-2.234611877
1.703491200,-2.234630972
1.703694700,-2.234650077
1.703898100,-2.234669172
1.704101600,-2.234688277
1.704305000,-2.230707372
1.704508500,-2.230726477
1.704711900,-2.230745572
1.704915400,-2.230764677
1.705118800,-2.230783772
1.705322300,-2.226802877
1.705525700,-2.226821973
1.705729200,-2.226841077
1.705932600,-2.226860173
1.706136100,-2.226879277
1.706339500,-2.226898373
1.706543000,-2.226917477
1.706746400,-2.222936573
1.706949900,-2.222955678
1.707153300,-2.222974773
1.707356800,-2.222993878
1.707560200,-2.223012973
1.707763700,-2.223032078
1.707967100,-2.219051173
1.708170600,-2.219070278
1.708374000,-2.219089373
1.708577500,-2.219108478
1.708780900,-2.219127573
1.708984400,-2.219146678
1.709187800,-2.219165773
1.709391300,-2.215184878
1.709594700,-2.215203973
1.709798200,-2.215223078
1.710001600,-2.215242173
1.710205100,-2.215261278
1.710408500,-2.215280374
1.710612000,-2.215299478
1.710815400,-2.215318574
1.711018900,-2.215337678
1.711222300,-2.211356774
1.711425800,-2.211375878
1.711629200,-2.211394974
1.711832700,-2.211414079
1.712036100,-2.211433174
1.712239600,-2.211452279
1.712443000,-2.211471374
1.712646500,-2.211490479
1.712849900,-2.211509574
1.713053400,-2.211528679
1.713256800,-2.211547774
1.713460300,-2.211566879
1.713663700,-2.211585974
1.713867200,-2.211605079
1.714070600,-2.211624174
1.714274100,-2.211643279
1.714477500,-2.211662374
1.714681000,-2.211681479
1.714884400,-2.211700574
1.715087900,-2.211719679
1.715291300,-2.211738774
1.715494800,-2.211757879
1.715698200,-2.215776975
1.715901700,-2.215796079
1.716105100,-2.215815175
1.716308600,-2.215834279
1.716512000,-2.215853375
1.716715500,-2.215872479
1.716918900,-2.215891575
1.717122400,-2.215910680
1.717325800,-2.215929775
1.717529300,-2.215948880
1.717732700,-2.219967975
1.717936200,-2.219987080
1.718139600,-2.220006175
1.718343100,-2.220025280
1.718546500,-2.220044375
1.718750000,-2.220063480
1.718953500,-2.220082585
1.719156900,-2.220101680
1.719360400,-2.220120785
1.719563800,-2.224139880
1.719767300,-2.224158985
1.719970700,-2.224178080
1.720174200,-2.224197185
1.720377600,-2.224216280
1.720581100,-2.224235385
1.720784500,-2.224254480
1.720988000,-2.228273585
1.721191400,-2.228292680
1.721394900,-2.228311785
1.721598300,-2.228330880
1.721801800,-2.228349985
1.722005200,-2.228369080
1.722208700,-2.228388185
1.722412100,-2.228407281
1.722615600,-2.228426385
1.722819000,-2.232445481
1.723022500,-2.232464585
1.723225900,-2.232483681
1.723429400,-2.232502785
1.723632800,-2.232521881
1.723836300,-2.232540986
1.724039700,-2.232560081
1.724243200,-2.232579186
1.724446600,-2.232598281
1.724650100,-2.232617386
1.724853500,-2.232636481
1.725057000,-2.232655586
1.725260400,-2.232674681
1.725463900,-2.232693786
1.725667300,-2.232712881
1.725870800,-2.232731986
1.726074200,-2.236751081
1.726277700,-2.236770186
1.726481100,-2.236789281
1.726684600,-2.236808386
1.726888000,-2.236827481
1.727091500,-2.236846586
1.727294900,-2.236865682
1.727498400,-2.232884786
1.727701800,-2.232903882
1.727905300,-2.232922986
1.728108700,-2.232942082
1.728312200,-2.232961186
1.728515600,-2.232980282
1.728719100,-2.232999386
1.728922500,-2.233018482
1.729126000,-2.233037587
1.729329400,-2.233056682
1.729532900,-2.233075787
1.729736300,-2.233094882
1.729939800,-2.233113987
1.730143200,-2.233133082
1.730346700,-2.233152187
1.730550100,-2.229171282
1.730753600,-2.229190387
1.730957000,-2.229209482
1.731160500,-2.229228587
1.731363900,-2.229247682
1.731567400,-2.229266787
1.731770800,-2.229285882
1.731974300,-2.229304987
1.732177700,-2.225324082
1.732381200,-2.225343187
1.732584600,-2.225362283
1.732788100,-2.225381387
1.732991500,-2.225400483
1.733195000,-2.225419587
1.733398400,-2.225438683
1.733601900,-2.221457787
1.733805300,-2.221476883
1.734008800,-2.221495988
1.734212200,-2.221515083
1.734415700,-2.221534188
1.734619100,-2.217553283
1.734822600,-2.217572388
1.735026000,-2.217591483
1.735229500,-2.217610588
1.735432900,-2.217629683
1.735636400,-2.213648788
1.735839800,-2.213667883
1.736043300,-2.213686988
1.736246700,-2.213706083
1.736450200,-2.213725188
1.736653600,-2.209744283
1.736857100,-2.209763388
1.737060500,-2.209782483
1.737264000,-2.209801588
1.737467400,-2.209820684
1.737670900,-2.205839788
1.737874300,-2.205858884
1.738077800,-2.205877988
1.738281200,-2.205897084
1.738484700,-2.201916188
1.738688200,-2.201935293
1.738891600,-2.201954388
1.739095100,-2.197973493
1.739298500,-2.197992589
1.739502000,-2.198011693
1.739705400,-2.198030789
1.739908900,-2.194049893
1.740112300,-2.194068989
1.740315800,-2.194088093
1.740519200,-2.190107189
1.740722700,-2.190126294
1.740926100,-2.190145389
1.741129600,-2.186164494
1.741333000,-2.186183589
1.741536500,-2.186202694
1.741739900,-2.182221789
1.741943400,-2.182240894
1.742146800,-2.182259989
1.742350300,-2.178279094
1.742553700,-2.178298189
1.742757200,-2.174317294
1.742960600,-2.174336389
1.743164100,-2.170355494
1.743367500,-2.170374589
1.743571000,-2.170393694
1.743774400,-2.166412789
1.743977900,-2.166431894
1.744181300,-2.162450990
1.744384800,-2.162470094
1.744588200,-2.158489190
1.744791700,-2.158508294
1.744995100,-2.154527390
1.745198600,-2.154546494
1.745402000,-2.150565590
1.745605500,-2.150584694
1.745808900,-2.146603790
1.746012400,-2.142622895
1.746215800,-2.142641990
1.746419300,-2.138661095
1.746622700,-2.138680190
1.746826200,-2.134699295
1.747029600,-2.134718390
1.747233100,-2.130737495
1.747436500,-2.126756590
1.747640000,-2.126775695
1.747843400,-2.122794790
1.748046900,-2.118813895
1.748250300,-2.118832990
1.748453800,-2.114852095
1.748657200,-2.110871190
1.748860700,-2.110890295
1.749064100,-2.106909390
1.749267600,-2.102928495
1.749471000,-2.102947591
1.749674500,-2.098966695
1.749877900,-2.094985791
1.750081400,-2.095004895
1.750284800,-2.091023991
1.750488300,-2.087043095
1.750691700,-2.087062191
1.750895200,-2.083081296
1.751098600,-2.079100391
1.751302100,-2.075119496
1.751505500,-2.075138591
1.751709000,-2.071157696
1.751912400,-2.067176791
1.752115900,-2.067195896
1.752319300,-2.063214991
1.752522800,-2.059234096
1.752726200,-2.059253191
1.752929700,-2.055272296
1.753133100,-2.051291391
1.753336600,-2.047310496
1.753540000,-2.047329591
1.753743500,-2.043348696
1.753946900,-2.039367791
1.754150400,-2.039386896
1.754353800,-2.035405992
1.754557300,-2.031425096
1.754760700,-2.031444192
1.754964200,-2.027463296
1.755167600,-2.023482392
1.755371100,-2.023501496
1.755574500,-2.019520592
1.755778000,-2.019539696
1.755981400,-2.015558792
1.756184900,-2.011577897
1.756388300,-2.011596992
1.756591800,-2.007616097
1.756795200,-2.003635192
1.756998700,-2.003654297
1.757202100,-1.999673392
1.757405600,-1.995692497
1.757609000,-1.995711592
1.757812500,-1.991730697
1.758016000,-1.987749802
1.758219400,-1.987768897
1.758422900,-1.983788002
1.758626300,-1.979807097
1.758829800,-1.979826202
1.759033200,-1.975845297
1.759236700,-1.975864402
1.759440100,-1.971883497
1.759643600,-1.971902602
1.759847000,-1.967921697
1.760050500,-1.963940802
1.760253900,-1.963959897
1.760457400,-1.959979002
1.760660800,-1.955998097
1.760864300,-1.956017202
1.761067700,-1.952036298
1.761271200,-1.948055402
1.761474600,-1.948074498
1.761678100,-1.944093602
1.761881500,-1.940112698
1.762085000,-1.940131802
1.762288400,-1.936150898
1.762491900,-1.936170002
1.762695300,-1.932189098
1.762898800,-1.928208203
1.763102200,-1.928227298
1.763305700,-1.924246403
1.763509100,-1.920265498
1.763712600,-1.920284603
1.763916000,-1.916303698
1.764119500,-1.912322803
1.764322900,-1.912341898
1.764526400,-1.908361003
1.764729800,-1.904380098
1.764933300,-1.904399203
1.765136700,-1.900418298
1.765340200,-1.896437403
1.765543600,-1.896456498
1.765747100,-1.892475603
1.765950500,-1.888494698
1.766154000,-1.888513803
1.766357400,-1.884532899
1.766560900,-1.884552003
1.766764300,-1.880571099
1.766967800,-1.876590203
1.767171200,-1.876609299
1.767374700,-1.872628403
1.767578100,-1.868647499
1.767781600,-1.868666604
1.767985000,-1.864685699
1.768188500,-1.860704804
1.768391900,-1.860723899
1.768595400,-1.856743004
1.768798800,-1.852762099
1.769002300,-1.852781204
1.769205700,-1.848800299
1.769409200,-1.844819404
1.769612600,-1.844838499
1.769816100,-1.840857604
1.770019500,-1.840876699
1.770223000,-1.836895804
1.770426400,-1.836914899
1.770629900,-1.832934004
1.770833300,-1.828953099
1.771036800,-1.828972204
1.771240200,-1.824991300
1.771443700,-1.821010404
1.771647100,-1.821029500
1.771850600,-1.821048604
1.772054000,-1.817067700
1.772257500,-1.813086804
1.772460900,-1.813105900
1.772664400,-1.809125004
1.772867800,-1.805144100
1.773071300,-1.805163205
1.773274700,-1.801182300
1.773478200,-1.801201405
1.773681600,-1.797220500
1.773885100,-1.797239605
1.774088500,-1.793258700
1.774292000,-1.789277805
1.774495400,-1.789296900
1.774698900,-1.785316005
1.774902300,-1.781335100
1.775105800,-1.781354205
1.775309200,-1.781373300
1.775512700,-1.777392405
1.775716100,-1.773411500
1.775919600,-1.773430605
1.776123000,-1.769449700
1.776326500,-1.765468805
1.776529900,-1.765487901
1.776733400,-1.761507005
1.776936800,-1.761526101
1.777140300,-1.757545205
1.777343700,-1.757564301
1.777547200,-1.753583405
1.777750700,-1.749602510
1.777954100,-1.749621606
1.778157600,-1.745640710
1.778361000,-1.741659806
1.778564500,-1.741678910
1.778767900,-1.737698006
1.778971400,-1.733717110
1.779174800,-1.733736206
1.779378300,-1.729755310
1.779581700,-1.725774406
1.779785200,-1.725793511
1.779988600,-1.721812606
1.780192100,-1.721831711
1.780395500,-1.717850806
1.780599000,-1.717869911
1.780802400,-1.713889006
1.781005900,-1.709908111
1.781209300,-1.709927206
1.781412800,-1.705946311
1.781616200,-1.701965406
1.781819700,-1.701984511
1.782023100,-1.698003606
1.782226600,-1.694022711
1.782430000,-1.694041806
1.782633500,-1.694060911
1.782836900,-1.690080006
1.783040400,-1.686099111
1.783243800,-1.686118207
1.783447300,-1.682137311
1.783650700,-1.678156407
1.783854200,-1.678175511
1.784057600,-1.678194607
1.784261100,-1.674213711
1.784464500,-1.670232807
1.784668000,-1.670251912
1.784871400,-1.666271007
1.785074900,-1.666290112
1.785278300,-1.662309207
1.785481800,-1.658328312
1.785685200,-1.658347407
1.785888700,-1.658366512
1.786092100,-1.654385607
1.786295600,-1.654404712
1.786499000,-1.650423807
1.786702500,-1.650442912
1.786905900,-1.646462007
1.787109400,-1.646481112
1.787312800,-1.642500207
1.787516300,-1.642519312
1.787719700,-1.638538407
1.787923200,-1.638557512
1.788126600,-1.638576607
1.788330100,-1.634595712
1.788533500,-1.634614808
1.788737000,-1.630633912
1.788940400,-1.630653008
1.789143900,-1.626672112
1.789347300,-1.626691208
1.789550800,-1.622710312
1.789754200,-1.622729408
1.789957700,-1.622748513
1.790161100,-1.618767608
1.790364600,-1.618786713
1.790568000,-1.618805808
1.790771500,-1.614824913
1.790974900,-1.614844008
1.791178400,-1.610863113
1.791381800,-1.610882208
1.791585300,-1.610901313
1.791788700,-1.606920408
1.791992200,-1.606939513
1.792195600,-1.606958608
1.792399100,-1.602977713
1.792602500,-1.602996808
1.792806000,-1.603015913
1.793009400,-1.599035008
1.793212900,-1.599054113
1.793416300,-1.599073209
1.793619800,-1.595092313
1.793823200,-1.595111409
1.794026700,-1.591130513
1.794230100,-1.591149609
1.794433600,-1.591168713
1.794637000,-1.587187809
1.794840500,-1.587206914
1.795043900,-1.583226009
1.795247400,-1.583245114
1.795450800,-1.583264209
1.795654300,-1.579283314
1.795857700,-1.579302409
1.796061200,-1.579321514
1.796264600,-1.575340609
1.796468100,-1.575359714
1.796671500,-1.575378809
1.796875000,-1.571397914
1.797078500,-1.571417019
1.797281900,-1.567436114
1.797485400,-1.567455219
1.797688800,-1.563474314
1.797892300,-1.563493419
1.798095700,-1.563512514
1.798299200,-1.559531619
1.798502600,-1.559550714
1.798706100,-1.559569819
1.798909500,-1.555588914
1.799113000,-1.555608019
1.799316400,-1.555627114
1.799519900,-1.551646219
1.799723300,-1.551665314
1.799926800,-1.547684419
1.800130200,-1.547703515
1.800333700,-1.543722619
1.800537100,-1.543741715
1.800740600,-1.543760819
1.800944000,-1.539779915
1.801147500,-1.539799019
1.801350900,-1.539818115
1.801554400,-1.535837220
1.801757800,-1.535856315
1.801961300,-1.535875420
1.802164700,-1.531894515
1.802368200,-1.531913620
1.802571600,-1.531932715
1.802775100,-1.527951820
1.802978500,-1.527970915
1.803182000,-1.523990020
1.803385400,-1.524009115
1.803588900,-1.524028220
1.803792300,-1.520047315
1.803995800,-1.520066420
1.804199200,-1.520085515
1.804402700,-1.516104620
1.804606100,-1.516123715
1.804809600,-1.516142820
1.805013000,-1.512161915
1.805216500,-1.512181020
1.805419900,-1.512200116
1.805623400,-1.512219220
1.805826800,-1.508238316
1.806030300,-1.508257420
1.806233700,-1.508276516
1.806437200,-1.508295620
1.806640600,-1.504314716
1.806844100,-1.504333821
1.807047500,-1.504352916
1.807251000,-1.504372021
1.807454400,-1.500391116
1.807657900,-1.500410221
1.807861300,-1.500429316
1.808064800,-1.500448421
1.808268200,-1.496467516
1.808471700,-1.496486621
1.808675100,-1.496505716
1.808878600,-1.496524821
1.809082000,-1.492543916
1.809285500,-1.492563021
1.809488900,-1.492582116
1.809692400,-1.492601221
1.809895800,-1.492620316
1.810099300,-1.488639421
1.810302700,-1.488658517
1.810506200,-1.488677621
1.810709600,-1.488696717
1.810913100,-1.488715821
1.811116500,-1.484734917
1.811320000,-1.484754021
1.811523400,-1.484773117
1.811726900,-1.484792221
1.811930300,-1.484811317
1.812133800,-1.484830422
1.812337200,-1.484849517
1.812540700,-1.480868622
1.812744100,-1.480887717
1.812947600,-1.480906822
1.813151000,-1.480925917
1.813354500,-1.480945022
1.813557900,-1.480964117
1.813761400,-1.476983222
1.813964800,-1.477002317
1.814168300,-1.477021422
1.814371700,-1.477040517
1.814575200,-1.477059622
1.814778600,-1.477078717
1.814982100,-1.477097822
1.815185500,-1.473116917
1.815389000,-1.473136022
1.815592400,-1.473155118
1.815795900,-1.473174222
1.815999300,-1.473193318
1.816202800,-1.473212422
1.816406200,-1.473231518
1.816609700,-1.469250622
1.816813200,-1.469269727
1.817016600,-1.469288823
1.817220100,-1.469307927
1.817423500,-1.469327023
1.817627000,-1.469346127
1.817830400,-1.469365223
1.818033900,-1.469384327
1.818237300,-1.469403423
1.818440800,-1.469422528
1.818644200,-1.465441623
1.818847700,-1.465460728
1.819051100,-1.465479823
1.819254600,-1.465498928
1.819458000,-1.465518023
1.819661500,-1.465537128
1.819864900,-1.465556223
1.820068400,-1.465575328
1.820271800,-1.465594423
1.820475300,-1.465613528
1.820678700,-1.465632623
1.820882200,-1.465651728
1.821085600,-1.465670823
1.821289100,-1.465689928
1.821492500,-1.465709023
1.821696000,-1.465728128
1.821899400,-1.465747223
1.822102900,-1.465766328
1.822306300,-1.465785424
1.822509800,-1.465804528
1.822713200,-1.465823624
1.822916700,-1.465842728
1.823120100,-1.465861824
1.823323600,-1.465880928
1.823527000,-1.465900024
1.823730500,-1.465919129
1.823933900,-1.465938224
1.824137400,-1.465957329
1.824340800,-1.465976424
1.824544300,-1.465995529
1.824747700,-1.466014624
1.824951200,-1.466033729
1.825154600,-1.466052824
1.825358100,-1.466071929
1.825561500,-1.466091024
1.825765000,-1.466110129
1.825968400,-1.466129224
1.826171900,-1.466148329
1.826375300,-1.466167424
1.826578800,-1.466186529
1.826782200,-1.466205624
1.826985700,-1.470224729
1.827189100,-1.470243825
1.827392600,-1.470262929
1.827596000,-1.470282025
1.827799500,-1.470301129
1.828002900,-1.470320225
1.828206400,-1.470339329
1.828409800,-1.470358425
1.828613300,-1.470377529
1.828816700,-1.470396625
1.829020200,-1.474415730
1.829223600,-1.474434825
1.829427100,-1.474453930
1.829630500,-1.474473025
1.829834000,-1.474492130
1.830037400,-1.474511225
1.830240900,-1.474530330
1.830444300,-1.478549425
1.830647800,-1.478568530
1.830851200,-1.478587625
1.831054700,-1.478606730
1.831258100,-1.478625825
1.831461600,-1.478644930
1.831665000,-1.482664025
1.831868500,-1.482683130
1.832071900,-1.482702225
1.832275400,-1.482721330
1.832478800,-1.482740426
1.832682300,-1.486759530
1.832885700,-1.486778626
1.833089200,-1.486797730
1.833292600,-1.486816826
1.833496100,-1.486835930
1.833699500,-1.490855026
1.833903000,-1.490874131
1.834106400,-1.490893226
1.834309900,-1.490912331
1.834513300,-1.490931426
1.834716800,-1.494950531
1.834920200,-1.494969626
1.835123700,-1.494988731
1.835327100,-1.495007826
1.835530600,-1.495026931
1.835734000,-1.499046026
1.835937500,-1.499065131
1.836141000,-1.499084236
1.836344400,-1.499103331
1.836547900,-1.499122436
1.836751300,-1.503141531
1.836954800,-1.503160636
1.837158200,-1.503179731
1.837361700,-1.503198836
1.837565100,-1.503217931
1.837768600,-1.507237036
1.837972000,-1.507256131
1.838175500,-1.507275236
1.838378900,-1.507294331
1.838582400,-1.507313436
1.838785800,-1.507332531
1.838989300,-1.511351636
1.839192700,-1.511370732
1.839396200,-1.511389836
1.839599600,-1.511408932
1.839803100,-1.511428036
1.840006500,-1.511447132
1.840210000,-1.511466236
1.840413400,-1.515485332
1.840616900,-1.515504437
1.840820300,-1.515523532
1.841023800,-1.515542637
1.841227200,-1.515561732
1.841430700,-1.515580837
1.841634100,-1.515599932
1.841837600,-1.515619037
1.842041000,-1.515638132
1.842244500,-1.519657237
1.842447900,-1.519676332
1.842651400,-1.519695437
1.842854800,-1.519714532
1.843058300,-1.519733637
1.843261700,-1.519752732
1.843465200,-1.519771837
1.843668600,-1.519790932
1.843872100,-1.519810037
1.844075500,-1.519829133
1.844279000,-1.519848237
1.844482400,-1.519867333
1.844685900,-1.519886437
1.844889300,-1.519905533
1.845092800,-1.519924637
1.845296200,-1.519943733
1.845499700,-1.519962837
1.845703100,-1.519981933
1.845906600,-1.520001038
1.846110000,-1.520020133
1.846313500,-1.520039238
1.846516900,-1.520058333
1.846720400,-1.516077438
1.846923800,-1.516096533
1.847127300,-1.516115638
1.847330700,-1.516134733
1.847534200,-1.516153838
1.847737600,-1.516172933
1.847941100,-1.516192038
1.848144500,-1.516211133
1.848348000,-1.516230238
1.848551400,-1.516249333
1.848754900,-1.512268438
1.848958300,-1.512287533
1.849161800,-1.512306638
1.849365200,-1.512325734
1.849568700,-1.512344838
1.849772100,-1.512363934
1.849975600,-1.512383038
1.850179000,-1.508402134
1.850382500,-1.508421238
1.850585900,-1.508440334
1.850789400,-1.508459439
1.850992800,-1.508478534
1.851196300,-1.508497639
1.851399700,-1.508516734
1.851603200,-1.504535839
1.851806600,-1.504554934
1.852010100,-1.504574039
1.852213500,-1.504593134
1.852417000,-1.504612239
1.852620400,-1.504631334
1.852823900,-1.500650439
1.853027300,-1.500669534
1.853230800,-1.500688639
1.853434200,-1.500707734
1.853637700,-1.500726839
1.853841100,-1.500745934
1.854044600,-1.496765039
1.854248000,-1.496784135
1.854451500,-1.496803239
1.854654900,-1.496822335
1.854858400,-1.496841439
1.855061800,-1.496860535
1.855265300,-1.492879639
1.855468700,-1.492898735
1.855672200,-1.492917839
1.855875700,-1.492936944
1.856079100,-1.492956040
1.856282600,-1.492975144
1.856486000,-1.488994240
1.856689500,-1.489013344
1.856892900,-1.489032440
1.857096400,-1.489051544
1.857299800,-1.489070640
1.857503300,-1.485089745
1.857706700,-1.485108840
1.857910200,-1.485127945
1.858113600,-1.485147040
1.858317100,-1.485166145
1.858520500,-1.485185240
1.858724000,-1.485204345
1.858927400,-1.481223440
1.859130900,-1.481242545
1.859334300,-1.481261640
1.859537800,-1.481280745
1.859741200,-1.481299840
1.859944700,-1.477318945
1.860148100,-1.477338040
1.860351600,-1.477357145
1.860555000,-1.477376240
1.860758500,-1.477395345
1.860961900,-1.473414441
1.861165400,-1.473433545
1.861368800,-1.473452641
1.861572300,-1.473471745
1.861775700,-1.473490841
1.861979200,-1.469509945
1.862182600,-1.469529041
1.862386100,-1.469548145
1.862589500,-1.469567241
1.862793000,-1.465586346
1.862996400,-1.465605441
1.863199900,-1.465624546
1.863403300,-1.465643641
1.863606800,-1.461662746
1.863810200,-1.461681841
1.864013700,-1.461700946
1.864217100,-1.461720041
1.864420600,-1.457739146
1.864624000,-1.457758241
1.864827500,-1.457777346
1.865030900,-1.453796441
1.865234400,-1.453815546
1.865437800,-1.453834641
1.865641300,-1.449853746
1.865844700,-1.449872841
1.866048200,-1.449891946
1.866251600,-1.445911042
1.866455100,-1.445930146
1.866658500,-1.445949242
1.866862000,-1.441968346
1.867065400,-1.441987442
1.867268900,-1.438006546
1.867472300,-1.438025642
1.867675800,-1.434044747
1.867879200,-1.434063842
1.868082700,-1.434082947
1.868286100,-1.430102042
1.868489600,-1.430121147
1.868693000,-1.426140242
1.868896500,-1.426159347
1.869099900,-1.422178442
1.869303400,-1.422197547
1.869506800,-1.418216642
1.869710300,-1.418235747
1.869913700,-1.414254842
1.870117200,-1.414273947
1.870320600,-1.410293042
1.870524100,-1.406312147
1.870727500,-1.406331242
1.870931000,-1.406350347
1.871134400,-1.402369442
1.871337900,-1.398388547
1.871541300,-1.398407643
1.871744800,-1.394426747
1.871948200,-1.390445843
1.872151700,-1.390464947
1.872355100,-1.386484043
1.872558600,-1.382503147
1.872762000,-1.382522243
1.872965500,-1.378541348
1.873168900,-1.374560443
1.873372400,-1.374579548
1.873575800,-1.370598643
1.873779300,-1.366617748
1.873982700,-1.366636843
1.874186200,-1.362655948
1.874389600,-1.358675043
1.874593100,-1.358694148
1.874796500,-1.354713243
1.875000000,-1.354732348
1.875203500,-1.346751453
1.875406900,-1.346770548
1.875610400,-1.342789653
1.875813800,-1.338808748
1.876017300,-1.338827853
1.876220700,-1.334846948
1.876424200,-1.330866053
1.876627600,-1.326885148
1.876831100,-1.326904253
1.877034500,-1.322923348
1.877238000,-1.318942453
1.877441400,-1.318961548
1.877644900,-1.314980653
1.877848300,-1.310999749
1.878051800,-1.307018853
1.878255200,-1.307037949
1.878458700,-1.303057053
1.878662100,-1.299076149
1.878865600,-1.295095253
1.879069000,-1.291114349
1.879272500,-1.291133453
1.879475900,-1.287152549
1.879679400,-1.287171654
1.879882800,-1.279190749
1.880086300,-1.279209854
1.880289700,-1.275228949
1.880493200,-1.271248054
1.880696600,-1.271267149
1.880900100,-1.267286254
1.881103500,-1.263305349
1.881307000,-1.259324454
1.881510400,-1.259343549
1.881713900,-1.255362654
1.881917300,-1.251381749
1.882120800,-1.251400854
1.882324200,-1.247419949
1.882527700,-1.243439054
1.882731100,-1.239458149
1.882934600,-1.239477254
1.883138000,-1.235496350
1.883341500,-1.231515454
1.883544900,-1.231534550
1.883748400,-1.227553654
1.883951800,-1.223572750
1.884155300,-1.223591854
1.884358700,-1.219610950
1.884562200,-1.215630055
1.884765600,-1.215649150
1.884969100,-1.211668255
1.885172500,-1.207687350
1.885376000,-1.203706455
1.885579400,-1.203725550
1.885782900,-1.199744655
1.885986300,-1.195763750
1.886189800,-1.195782855
1.886393200,-1.191801950
1.886596700,-1.187821055
1.886800100,-1.187840150
1.887003600,-1.183859255
1.887207000,-1.179878350
1.887410500,-1.179897455
1.887613900,-1.175916550
1.887817400,-1.171935655
1.888020800,-1.171954750
1.888224300,-1.167973855
1.888427700,-1.167992951
1.888631200,-1.164012055
1.888834600,-1.160031151
1.889038100,-1.160050255
1.889241500,-1.156069351
1.889445000,-1.152088455
1.889648400,-1.152107551
1.889851900,-1.148126656
1.890055300,-1.144145751
1.890258800,-1.144164856
1.890462200,-1.140183951
1.890665700,-1.136203056
1.890869100,-1.132222151
1.891072600,-1.132241256
1.891276000,-1.128260351
1.891479500,-1.124279456
1.891682900,-1.124298551
1.891886400,-1.116317656
1.892089800,-1.116336751
1.892293300,-1.112355856
1.892496700,-1.112374951
1.892700200,-1.108394056
1.892903600,-1.104413151
1.893107100,-1.100432256
1.893310500,-1.096451352
1.893514000,-1.096470456
1.893717400,-1.092489552
1.893920900,-1.088508656
1.894124300,-1.084527752
1.894327800,-1.080546856
1.894531200,-1.076565952
1.894734700,-1.072585056
1.894938200,-1.072604161
1.895141600,-1.068623257
1.895345100,-1.064642361
1.895548500,-1.060661457
1.895752000,-1.060680561
1.895955400,-1.052699657
1.896158900,-1.052718761
1.896362300,-1.048737857
1.896565800,-1.040756962
1.896769200,-1.040776057
1.896972700,-1.036795162
1.897176100,-1.032814257
1.897379600,-1.028833362
1.897583000,-1.024852457
1.897786500,-1.024871562
1.897989900,-1.016890657
1.898193400,-1.012909762
1.898396800,-1.012928857
1.898600300,-1.004947962
1.898803700,-1.004967057
1.899007200,-1.000986162
1.899210600,-0.997005257
1.899414100,-0.993024362
1.899617500,-0.989043457
1.899821000,-0.985062562
1.900024400,-0.981081658
1.900227900,-0.977100762
1.900431300,-0.977119858
1.900634800,-0.969138962
1.900838200,-0.965158058
1.901041700,-0.965177162
1.901245100,-0.961196258
1.901448600,-0.957215363
1.901652000,-0.953234458
1.901855500,-0.949253563
1.902058900,-0.945272658
1.902262400,-0.941291763
1.902465800,-0.937310858
1.902669300,-0.933329963
1.902872700,-0.929349058
1.903076200,-0.929368163
1.903279600,-0.925387258
1.903483100,-0.921406363
1.903686500,-0.917425458
1.903890000,-0.913444563
1.904093400,-0.909463658
1.904296900,-0.905482763
1.904500300,-0.901501858
1.904703800,-0.897520963
1.904907200,-0.893540058
1.905110700,-0.893559163
1.905314100,-0.885578259
1.905517600,-0.885597363
1.905721000,-0.881616459
1.905924500,-0.877635563
1.906127900,-0.873654659
1.906331400,-0.869673763
1.906534800,-0.865692859
1.906738300,-0.861711964
1.906941700,-0.857731059
1.907145200,-0.857750164
1.907348600,-0.849769259
1.907552100,-0.849788364
1.907755500,-0.845807459
1.907959000,-0.841826564
1.908162400,-0.837845659
1.908365900,-0.833864764
1.908569300,-0.829883859
1.908772800,-0.825902964
1.908976200,-0.821922059
1.909179700,-0.821941164
1.909383100,-0.813960259
1.909586600,-0.813979364
1.909790000,-0.809998459
1.909993500,-0.806017564
1.910196900,-0.802036660
1.910400400,-0.798055764
1.910603800,-0.794074860
1.910807300,-0.790093964
1.911010700,-0.786113060
1.911214200,-0.786132164
1.911417600,-0.778151260
1.911621100,-0.778170364
1.911824500,-0.774189460
1.912028000,-0.770208565
1.912231400,-0.766227660
1.912434900,-0.762246765
1.912638300,-0.758265860
1.912841800,-0.754284965
1.913045200,-0.750304060
1.913248700,-0.750323165
1.913452100,-0.742342260
1.913655600,-0.742361365
1.913859000,-0.738380460
1.914062500,-0.734399565
1.914266000,-0.730418670
1.914469400,-0.726437765
1.914672900,-0.722456870
1.914876300,-0.718475965
1.915079800,-0.714495070
1.915283200,-0.714514165
1.915486700,-0.706533270
1.915690100,-0.706552365
1.915893600,-0.702571470
1.916097000,-0.698590565
1.916300500,-0.694609670
1.916503900,-0.690628765
1.916707400,-0.690647870
1.916910800,-0.682666966
1.917114300,-0.678686070
1.917317700,-0.678705166
1.917521200,-0.670724270
1.917724600,-0.670743366
1.917928100,-0.666762470
1.918131500,-0.662781566
1.918335000,-0.658800670
1.918538400,-0.654819766
1.918741900,-0.654838871
1.918945300,-0.646857966
1.919148800,-0.646877071
1.919352200,-0.642896166
1.919555700,-0.634915271
1.919759100,-0.634934366
1.919962600,-0.630953471
1.920166000,-0.626972566
1.920369500,-0.622991671
1.920572900,-0.619010766
1.920776400,-0.619029871
1.920979800,-0.611048966
1.921183300,-0.611068071
1.921386700,-0.607087166
1.921590200,-0.603106271
1.921793600,-0.599125366
1.921997100,-0.595144471
1.922200500,-0.591163567
1.922404000,-0.587182671
1.922607400,-0.587201767
1.922810900,-0.583220871
1.923014300,-0.579239967
1.923217800,-0.575259071
1.923421200,-0.571278167
1.923624700,-0.567297272
1.923828100,-0.563316367
1.924031600,-0.563335472
1.924235000,-0.555354567
1.924438500,-0.555373672
1.924641900,-0.551392767
1.924845400,-0.547411872
1.925048800,-0.543430967
1.925252300,-0.539450072
1.925455700,-0.539469167
1.925659200,-0.531488272
1.925862600,-0.531507367
1.926066100,-0.527526472
1.926269500,-0.523545567
1.926473000,-0.519564672
1.926676400,-0.515583767
1.926879900,-0.511602872
1.927083300,-0.507621968
1.927286800,-0.507641072
1.927490200,-0.503660168
1.927693700,-0.499679272
1.927897100,-0.495698368
1.928100600,-0.491717472
1.928304000,-0.487736568
1.928507500,-0.483755672
1.928710900,-0.483774768
1.928914400,-0.475793873
1.929117800,-0.475812968
1.929321300,-0.471832073
1.929524700,-0.467851168
1.929728200,-0.463870273
1.929931600,-0.459889368
1.930135100,-0.459908473
1.930338500,-0.451927568
1.930542000,-0.451946673
1.930745400,-0.447965768
1.930948900,-0.443984873
1.931152300,-0.440003968
1.931355800,-0.436023073
1.931559200,-0.436042168
1.931762700,-0.428061273
1.931966100,-0.428080368
1.932169600,-0.424099473
1.932373000,-0.420118569
1.932576500,-0.416137673
1.932779900,-0.412156769
1.932983400,-0.408175873
1.933186800,-0.404194969
1.933390300,-0.404214073
1.933593700,-0.396233169
1.933797200,-0.396252274
1.934000700,-0.392271378
1.934204100,-0.392290474
1.934407600,-0.384309578
1.934611000,-0.384328674
1.934814500,-0.380347778
1.935017900,-0.376366874
1.935221400,-0.372385978
1.935424800,-0.368405074
1.935628300,-0.364424179
1.935831700,-0.360443274
1.936035200,-0.360462379
1.936238600,-0.356481474
1.936442100,-0.352500579
1.936645500,-0.348519674
1.936849000,-0.344538779
1.937052400,-0.340557874
1.937255900,-0.336576979
1.937459300,-0.336596074
1.937662800,-0.328615179
1.937866200,-0.328634274
1.938069700,-0.324653379
1.938273100,-0.324672474
1.938476600,-0.316691579
1.938680000,-0.316710674
1.938883500,-0.312729779
1.939086900,-0.308748875
1.939290400,-0.304767979
1.939493800,-0.300787075
1.939697300,-0.296806179
1.939900700,-0.292825275
1.940104200,-0.292844379
1.940307600,-0.288863475
1.940511100,-0.284882580
1.940714500,-0.280901675
1.940918000,-0.276920780
1.941121400,-0.272939875
1.941324900,-0.272958980
1.941528300,-0.268978075
1.941731800,-0.264997180
1.941935200,-0.261016275
1.942138700,-0.257035380
1.942342100,-0.253054475
1.942545600,-0.249073580
1.942749000,-0.249092675
1.942952500,-0.245111780
1.943155900,-0.237130875
1.943359400,-0.237149980
1.943562800,-0.233169075
1.943766300,-0.229188180
1.943969700,-0.225207276
1.944173200,-0.221226380
1.944376600,-0.217245476
1.944580100,-0.213264580
1.944783500,-0.209283676
1.944987000,-0.209302780
1.945190400,-0.201321876
1.945393900,-0.197340980
1.945597300,-0.197360076
1.945800800,-0.189379181
1.946004200,-0.185398276
1.946207700,-0.185417381
1.946411100,-0.177436476
1.946614600,-0.173455581
1.946818000,-0.173474676
1.947021500,-0.169493781
1.947224900,-0.161512876
1.947428400,-0.157531981
1.947631800,-0.157551076
1.947835300,-0.149570181
1.948038700,-0.145589276
1.948242200,-0.141608381
1.948445600,-0.137627476
1.948649100,-0.133646581
1.948852500,-0.129665676
1.949056000,-0.125684781
1.949259400,-0.117703877
1.949462900,-0.113722981
1.949666300,-0.113742077
1.949869800,-0.105761181
1.950073200,-0.101780277
1.950276700,-0.097799381
1.950480100,-0.089818477
1.950683600,-0.085837582
1.950887000,-0.085856677
1.951090500,-0.081875782
1.951293900,-0.073894877
1.951497400,-0.069913982
1.951700800,-0.065933077
1.951904300,-0.057952182
1.952107700,-0.053971277
1.952311200,-0.053990382
1.952514600,-0.046009477
1.952718100,-0.042028582
1.952921500,-0.038047677
1.953125000,-0.030066782
1.953328500,-0.026085887
1.953531900,-0.022104982
1.953735400,-0.022124087
1.953938800,-0.014143182
1.954142300,-0.010162287
1.954345700,-0.006181382
1.954549200,0.001799513
1.954752600,0.005780418
1.954956100,0.005761313
1.955159500,0.013742218
1.955363000,0.017723113
1.955566400,0.021704018
1.955769900,0.025684913
1.955973300,0.029665817
1.956176800,0.033646713
1.956380200,0.037627617
1.956583700,0.045608513
1.956787100,0.049589417
1.956990600,0.053570313
1.957194000,0.057551217
1.957397500,0.061532112
1.957600900,0.065513017
1.957804400,0.069493912
1.958007800,0.073474817
1.958211300,0.077455712
1.958414700,0.081436617
1.958618200,0.085417512
1.958821600,0.089398417
1.959025100,0.093379312
1.959228500,0.101360217
1.959432000,0.101341112
1.959635400,0.105322017
1.959838900,0.109302912
1.960042300,0.113283817
1.960245800,0.117264712
1.960449200,0.121245617
1.960652700,0.125226512
1.960856100,0.129207416
1.961059600,0.133188312
1.961263000,0.137169216
1.961466500,0.141150112
1.961669900,0.145131016
1.961873400,0.149111912
1.962076800,0.153092816
1.962280300,0.157073712
1.962483700,0.161054616
1.962687200,0.165035511
1.962890600,0.169016416
1.963094100,0.172997311
1.963297500,0.176978216
1.963501000,0.180959111
1.963704400,0.180940016
1.963907900,0.188920911
1.964111300,0.192901816
1.964314800,0.192882711
1.964518200,0.196863616
1.964721700,0.200844511
1.964925100,0.204825416
1.965128600,0.208806311
1.965332000,0.212787216
1.965535500,0.216768111
1.965738900,0.220749016
1.965942400,0.224729911
1.966145800,0.228710815
1.966349300,0.228691711
1.966552700,0.232672615
1.966756200,0.240653511
1.966959600,0.240634415
1.967163100,0.244615311
1.967366500,0.248596215
1.967570000,0.252577110
1.967773400,0.256558015
1.967976900,0.260538910
1.968180300,0.264519815
1.968383800,0.268500710
1.968587200,0.268481615
1.968790700,0.276462510
1.968994100,0.280443415
1.969197600,0.280424310
1.969401000,0.288405215
1.969604500,0.292386110
1.969807900,0.292367015
1.970011400,0.300347910
1.970214800,0.300328815
1.970418300,0.304309710
1.970621700,0.312290615
1.970825200,0.312271510
1.971028600,0.316252415
1.971232100,0.320233310
1.971435500,0.324214214
1.971639000,0.328195110
1.971842400,0.332176014
1.972045900,0.336156910
1.972249300,0.340137814
1.972452800,0.344118710
1.972656200,0.348099614
1.972859700,0.352080509
1.973063200,0.356061405
1.973266600,0.360042309
1.973470100,0.364023205
1.973673500,0.368004109
1.973877000,0.371985005
1.974080400,0.375965909
1.974283900,0.379946804
1.974487300,0.383927709
1.974690800,0.387908604
1.974894200,0.391889509
1.975097700,0.395870404
1.975301100,0.395851309
1.975504600,0.403832204
1.975708000,0.407813109
1.975911500,0.407794004
1.976114900,0.415774909
1.976318400,0.419755804
1.976521800,0.419736709
1.976725300,0.427717604
1.976928700,0.431698509
1.977132200,0.431679404
1.977335600,0.435660309
1.977539100,0.443641204
1.977742500,0.443622109
1.977946000,0.447603004
1.978149400,0.451583908
1.978352900,0.455564804
1.978556300,0.459545708
1.978759800,0.463526604
1.978963200,0.467507508
1.979166700,0.471488404
1.979370100,0.475469308
1.979573600,0.479450203
1.979777000,0.483431108
1.979980500,0.483412003
1.980183900,0.491392908
1.980387400,0.495373803
1.980590800,0.495354708
1.980794300,0.503335603
1.980997700,0.503316508
1.981201200,0.507297403
1.981404600,0.515278308
1.981608100,0.515259203
1.981811500,0.519240108
1.982015000,0.523221003
1.982218400,0.527201908
1.982421900,0.531182803
1.982625300,0.535163708
1.982828800,0.539144603
1.983032200,0.543125507
1.983235700,0.543106403
1.983439100,0.551087307
1.983642600,0.551068203
1.983846000,0.555049107
1.984049500,0.559030003
1.984252900,0.563010907
1.984456400,0.566991802
1.984659800,0.570972707
1.984863300,0.574953602
1.985066700,0.578934507
1.985270200,0.578915402
1.985473600,0.586896307
1.985677100,0.586877202
1.985880500,0.590858107
1.986084000,0.594839002
1.986287400,0.598819907
1.986490900,0.602800802
1.986694300,0.602781707
1.986897800,0.610762602
1.987101200,0.614743507
1.987304700,0.614724402
1.987508100,0.622705307
1.987711600,0.622686202
1.987915000,0.626667107
1.988118500,0.630648002
1.988321900,0.634628906
1.988525400,0.638609802
1.988728800,0.638590706
1.988932300,0.646571602
1.989135700,0.646552506
1.989339200,0.650533402
1.989542600,0.654514306
1.989746100,0.658495201
1.989949500,0.662476106
1.990153000,0.666457001
1.990356400,0.670437906
1.990559900,0.670418801
1.990763300,0.674399706
1.990966800,0.678380601
1.991170200,0.682361506
1.991373700,0.686342401
1.991577100,0.690323306
1.991780600,0.694304201
1.991984000,0.694285106
1.992187500,0.702266001
1.992391000,0.702246896
1.992594400,0.706227801
1.992797900,0.706208696
1.993001300,0.714189601
1.993204800,0.714170496
1.993408200,0.718151401
1.993611700,0.722132296
1.993815100,0.726113201
1.994018600,0.726094096
1.994222000,0.734075001
1.994425500,0.734055896
1.994628900,0.738036801
1.994832400,0.742017696
1.995035800,0.745998600
1.995239300,0.745979496
1.995442700,0.749960400
1.995646200,0.753941296
1.995849600,0.757922200
1.996053100,0.757903096
1.996256500,0.765884000
1.996460000,0.765864895
1.996663400,0.769845800
1.996866900,0.769826695
1.997070300,0.777807600
1.997273800,0.777788495
1.997477200,0.781769400
1.997680700,0.785750295
1.997884100,0.789731200
1.998087600,0.789712095
1.998291000,0.793693000
1.998494500,0.797673895
1.998697900,0.801654800
1.998901400,0.801635695
1.999104800,0.805616600
1.999308300,0.809597495
1.999511700,0.809578400
1.999715200,0.813559295
1.999918600,0.817540199
2.000122100,0.821521095
2.000325500,0.825501999
2.000529000,0.825482895
2.000732400,0.829463799
2.000935900,0.833444695
2.001139300,0.833425599
2.001342800,0.837406495
2.001546200,0.841387399
2.001749700,0.845368294
2.001953100,0.845349199
2.002156600,0.849330094
2.002360000,0.853310999
2.002563500,0.853291894
2.002766900,0.857272799
2.002970400,0.861253694
2.003173800,0.861234599
2.003377300,0.865215494
2.003580700,0.865196399
2.003784200,0.869177294
2.003987600,0.873158199
2.004191100,0.873139094
2.004394500,0.877119999
2.004598000,0.881100894
2.004801400,0.881081799
2.005004900,0.885062694
2.005208300,0.889043598
2.005411800,0.889024494
2.005615200,0.893005398
2.005818700,0.896986294
2.006022100,0.896967198
2.006225600,0.900948094
2.006429000,0.904928998
2.006632500,0.904909893
2.006835900,0.908890798
2.007039400,0.912871693
2.007242800,0.912852598
2.007446300,0.916833493
2.007649700,0.916814398
2.007853200,0.920795293
2.008056600,0.920776198
2.008260100,0.924757093
2.008463500,0.928737998
2.008667000,0.928718893
2.008870400,0.932699798
2.009073900,0.936680693
2.009277300,0.936661598
2.009480800,0.936642493
2.009684200,0.940623398
2.009887700,0.944604293
2.010091100,0.944585197
2.010294600,0.948566093
2.010498000,0.948546997
2.010701500,0.952527893
2.010904900,0.952508797
2.011108400,0.956489693
2.011311800,0.956470597
2.011515300,0.960451493
2.011718700,0.964432397
2.011922200,0.964413292
2.012125700,0.964394188
2.012329100,0.968375092
2.012532600,0.972355988
2.012736000,0.972336892
2.012939500,0.972317788
2.013142900,0.976298692
2.013346400,0.976279587
2.013549800,0.980260492
2.013753300,0.984241387
2.013956700,0.984222292
2.014160200,0.984203187
2.014363600,0.988184092
2.014567100,0.988164987
2.014770500,0.992145892
2.014974000,0.992126787
2.015177400,0.996107692
2.015380900,0.996088587
2.015584300,0.996069492
2.015787800,1.000050387
2.015991200,1.000031292
2.016194700,1.004012187
2.016398100,1.003993092
2.016601600,1.007973987
2.016805000,1.007954891
2.017008500,1.007935787
2.017211900,1.011916691
2.017415400,1.011897587
2.017618800,1.015878491
2.017822300,1.015859387
2.018025700,1.019840291
2.018229200,1.019821187
2.018432600,1.023802091
2.018636100,1.023782986
2.018839500,1.023763891
2.019043000,1.027744786
2.019246400,1.027725691
2.019449900,1.031706586
2.019653300,1.031687491
2.019856800,1.035668386
2.020060200,1.035649291
2.020263700,1.035630186
2.020467100,1.039611091
2.020670600,1.039591986
2.020874000,1.043572891
2.021077500,1.043553786
2.021280900,1.043534691
2.021484400,1.047515586
2.021687800,1.047496491
2.021891300,1.051477386
2.022094700,1.051458290
2.022298200,1.051439186
2.022501600,1.055420090
2.022705100,1.055400986
2.022908500,1.059381890
2.023112000,1.059362786
2.023315400,1.063343690
2.023518900,1.063324585
2.023722300,1.063305490
2.023925800,1.067286385
2.024129200,1.067267290
2.024332700,1.071248185
2.024536100,1.071229090
2.024739600,1.075209985
2.024943000,1.075190890
2.025146500,1.075171785
2.025349900,1.079152690
2.025553400,1.079133585
2.025756800,1.083114490
2.025960300,1.083095385
2.026163700,1.087076290
2.026367200,1.087057185
2.026570600,1.091038090
2.026774100,1.091018985
2.026977500,1.094999889
2.027181000,1.094980785
2.027384400,1.098961689
2.027587900,1.098942585
2.027791300,1.098923489
2.027994800,1.102904385
2.028198200,1.102885289
2.028401700,1.106866185
2.028605100,1.106847089
2.028808600,1.110827984
2.029012000,1.110808889
2.029215500,1.114789784
2.029418900,1.114770689
2.029622400,1.114751584
2.029825800,1.118732489
2.030029300,1.118713384
2.030232700,1.122694289
2.030436200,1.122675184
2.030639600,1.126656089
2.030843100,1.126636984
2.031046500,1.126617889
2.031250000,1.130598784
2.031453500,1.130579679
2.031656900,1.130560584
2.031860400,1.134541479
2.032063800,1.134522384
2.032267300,1.138503279
2.032470700,1.138484184
2.032674200,1.142465079
2.032877600,1.142445984
2.033081100,1.142426879
2.033284500,1.146407784
2.033488000,1.146388679
2.033691400,1.146369583
2.033894900,1.150350479
2.034098300,1.150331383
2.034301800,1.154312279
2.034505200,1.154293183
2.034708700,1.154274079
2.034912100,1.158254983
2.035115600,1.158235879
2.035319000,1.158216783
2.035522500,1.162197678
2.035725900,1.162178583
2.035929400,1.162159478
2.036132800,1.166140383
2.036336300,1.166121278
2.036539700,1.166102183
2.036743200,1.170083078
2.036946600,1.170063983
2.037150100,1.170044878
2.037353500,1.174025783
2.037557000,1.174006678
2.037760400,1.173987583
2.037963900,1.177968478
2.038167300,1.177949383
2.038370800,1.177930278
2.038574200,1.181911183
2.038777700,1.181892078
2.038981100,1.185872982
2.039184600,1.185853878
2.039388000,1.185834782
2.039591500,1.189815678
2.039794900,1.189796582
2.039998400,1.189777478
2.040201800,1.193758382
2.040405300,1.193739277
2.040608700,1.193720182
2.040812200,1.197701077
2.041015600,1.197681982
2.041219100,1.197662877
2.041422500,1.201643782
2.041626000,1.201624677
2.041829400,1.201605582
2.042032900,1.205586477
2.042236300,1.205567382
2.042439800,1.205548277
2.042643200,1.205529182
2.042846700,1.209510077
2.043050100,1.209490982
2.043253600,1.209471877
2.043457000,1.213452782
2.043660500,1.213433677
2.043863900,1.213414581
2.044067400,1.217395477
2.044270800,1.217376381
2.044474300,1.217357277
2.044677700,1.221338181
2.044881200,1.221319077
2.045084600,1.225299981
2.045288100,1.225280877
2.045491500,1.225261781
2.045695000,1.229242676
2.045898400,1.229223581
2.046101900,1.229204476
2.046305300,1.233185381
2.046508800,1.233166276
2.046712200,1.233147181
2.046915700,1.237128076
2.047119100,1.237108981
2.047322600,1.237089876
2.047526000,1.241070781
2.047729500,1.241051676
2.047932900,1.245032581
2.048136400,1.245013476
2.048339800,1.244994381
2.048543300,1.248975276
2.048746700,1.248956181
2.048950200,1.248937076
2.049153600,1.252917980
2.049357100,1.252898876
2.049560500,1.256879780
2.049764000,1.256860676
2.049967400,1.256841580
2.050170900,1.260822476
2.050374300,1.260803380
2.050577800,1.260784275
2.050781200,1.264765180
2.050984700,1.264746075
2.051188200,1.264726971
2.051391600,1.268707875
2.051595100,1.268688771
2.051798500,1.272669675
2.052002000,1.272650571
2.052205400,1.272631475
2.052408900,1.276612370
2.052612300,1.276593275
2.052815800,1.276574170
2.053019200,1.280555075
2.053222700,1.280535970
2.053426100,1.280516875
2.053629600,1.284497770
2.053833000,1.284478675
2.054036500,1.284459570
2.054239900,1.288440475
2.054443400,1.288421370
2.054646800,1.288402275
2.054850300,1.292383170
2.055053700,1.292364075
2.055257200,1.292344970
2.055460600,1.292325875
2.055664100,1.296306770
2.055867500,1.296287674
2.056071000,1.296268570
2.056274400,1.300249474
2.056477900,1.300230370
2.056681300,1.300211274
2.056884800,1.304192170
2.057088200,1.304173074
2.057291700,1.304153969
2.057495100,1.308134874
2.057698600,1.308115769
2.057902000,1.308096674
2.058105500,1.308077569
2.058308900,1.312058474
2.058512400,1.312039369
2.058715800,1.312020274
2.058919300,1.316001169
2.059122700,1.315982074
2.059326200,1.315962969
2.059529600,1.319943874
2.059733100,1.319924769
2.059936500,1.319905674
2.060140000,1.319886569
2.060343400,1.323867474
2.060546900,1.323848369
2.060750300,1.323829274
2.060953800,1.327810169
2.061157200,1.327791073
2.061360700,1.327771969
2.061564100,1.327752873
2.061767600,1.331733769
2.061971000,1.331714673
2.062174500,1.331695569
2.062377900,1.335676473
2.062581400,1.335657368
2.062784800,1.335638273
2.062988300,1.335619168
2.063191700,1.339600073
2.063395200,1.339580968
2.063598600,1.339561873
2.063802100,1.343542768
2.064005500,1.343523673
2.064209000,1.343504568
2.064412400,1.343485473
2.064615900,1.347466368
2.064819300,1.347447273
2.065022800,1.347428168
2.065226200,1.351409073
2.065429700,1.351389968
2.065633100,1.351370873
2.065836600,1.355351768
2.066040000,1.355332672
2.066243500,1.355313568
2.066446900,1.359294472
2.066650400,1.359275368
2.066853800,1.359256272
2.067057300,1.363237168
2.067260700,1.363218072
2.067464200,1.363198967
2.067667600,1.367179872
2.067871100,1.367160767
2.068074500,1.367141672
2.068278000,1.371122567
2.068481400,1.371103472
2.068684900,1.371084367
2.068888300,1.375065272
2.069091800,1.375046167
2.069295200,1.379027072
2.069498700,1.379007967
2.069702100,1.382988872
2.069905600,1.382969767
2.070109000,1.382950672
2.070312500,1.386931567
2.070516000,1.386912462
2.070719400,1.390893367
2.070922900,1.390874262
2.071126300,1.394855167
2.071329800,1.394836062
2.071533200,1.394816967
2.071736700,1.398797862
2.071940100,1.398778767
2.072143600,1.402759662
2.072347000,1.402740567
2.072550500,1.406721462
2.072753900,1.406702366
2.072957400,1.410683262
2.073160800,1.410664166
2.073364300,1.414645062
2.073567700,1.414625966
2.073771200,1.418606862
2.073974600,1.418587766
2.074178100,1.422568661
2.074381500,1.426549566
2.074585000,1.426530461
2.074788400,1.426511366
2.074991900,1.430492261
2.075195300,1.434473166
2.075398800,1.434454061
2.075602200,1.438434966
2.075805700,1.438415861
2.076009100,1.442396766
2.076212600,1.442377661
2.076416000,1.446358566
2.076619500,1.450339461
2.076822900,1.450320366
2.077026400,1.454301261
2.077229800,1.454282166
2.077433300,1.458263061
2.077636700,1.458243966
2.077840200,1.462224861
2.078043600,1.466205765
2.078247100,1.466186661
2.078450500,1.470167565
2.078654000,1.474148461
2.078857400,1.474129365
2.079060900,1.478110261
2.079264300,1.478091165
2.079467800,1.482072060
2.079671200,1.482052965
2.079874700,1.486033860
2.080078100,1.490014765
2.080281600,1.489995660
2.080485000,1.493976565
2.080688500,1.497957460
2.080891900,1.497938365
2.081095400,1.501919260
2.081298800,1.505900165
2.081502300,1.505881060
2.081705700,1.509861965
2.081909200,1.513842860
2.082112600,1.513823765
2.082316100,1.517804660
2.082519500,1.521785565
2.082723000,1.521766460
2.082926400,1.525747364
2.083129900,1.529728260
2.083333300,1.529709164
2.083536800,1.533690060
2.083740200,1.533670964
2.083943700,1.537651860
2.084147100,1.541632764
2.084350600,1.541613660
2.084554000,1.545594564
2.084757500,1.549575459
2.084960900,1.553556364
2.085164400,1.557537259
2.085367800,1.557518164
2.085571300,1.561499059
2.085774700,1.565479964
2.085978200,1.565460859
2.086181600,1.569441764
2.086385100,1.569422659
2.086588500,1.577403564
2.086792000,1.577384459
2.086995400,1.581365364
2.087198900,1.585346259
2.087402300,1.585327164
2.087605800,1.589308059
2.087809200,1.593288964
2.088012700,1.597269859
2.088216100,1.597250763
2.088419600,1.601231659
2.088623000,1.605212563
2.088826500,1.609193459
2.089029900,1.609174363
2.089233400,1.617155259
2.089436800,1.617136163
2.089640300,1.621117058
2.089843700,1.625097963
2.090047200,1.629078858
2.090250700,1.629059754
2.090454100,1.633040658
2.090657600,1.637021554
2.090861000,1.641002458
2.091064500,1.640983353
2.091267900,1.644964258
2.091471400,1.648945153
2.091674800,1.652926058
2.091878300,1.656906953
2.092081700,1.656887858
2.092285200,1.660868753
2.092488600,1.660849658
2.092692100,1.668830553
2.092895500,1.668811458
2.093099000,1.672792353
2.093302400,1.676773258
2.093505900,1.680754153
2.093709300,1.680735058
2.093912800,1.684715953
2.094116200,1.688696858
2.094319700,1.688677753
2.094523100,1.692658658
2.094726600,1.696639553
2.094930000,1.700620457
2.095133500,1.700601353
2.095336900,1.704582257
2.095540400,1.708563153
2.095743800,1.712544057
2.095947300,1.716524953
2.096150700,1.716505857
2.096354200,1.720486752
2.096557600,1.724467657
2.096761100,1.724448552
2.096964500,1.728429457
2.097168000,1.728410352
2.097371400,1.736391257
2.097574900,1.736372152
2.097778300,1.740353057
2.097981800,1.744333952
2.098185200,1.744314857
2.098388700,1.748295752
2.098592100,1.752276657
2.098795600,1.752257552
2.098999000,1.756238457
2.099202500,1.760219352
2.099405900,1.764200257
2.099609400,1.764181152
2.099812800,1.768162056
2.100016300,1.772142952
2.100219700,1.772123856
2.100423200,1.776104752
2.100626600,1.780085656
2.100830100,1.784066552
2.101033500,1.784047456
2.101237000,1.788028352
2.101440400,1.792009256
2.101643900,1.791990151
2.101847300,1.795971056
2.102050800,1.799951951
2.102254200,1.803932856
2.102457700,1.803913751
2.102661100,1.807894656
2.102864600,1.811875551
2.103068000,1.815856456
2.103271500,1.815837351
2.103474900,1.819818256
2.103678400,1.823799151
2.103881800,1.827780056
2.104085300,1.831760951
2.104288700,1.831741856
2.104492200,1.835722751
2.104695600,1.839703656
2.104899100,1.843684551
2.105102500,1.847665455
2.105306000,1.851646351
2.105509400,1.855627255
2.105712900,1.855608151
2.105916300,1.859589055
2.106119800,1.863569951
2.106323200,1.867550855
2.106526700,1.871531750
2.106730100,1.875512655
2.106933600,1.879493550
2.107137000,1.879474455
2.107340500,1.887455350
2.107543900,1.887436255
2.107747400,1.891417150
2.107950800,1.895398055
2.108154300,1.899378950
2.108357700,1.903359855
2.108561200,1.907340750
2.108764600,1.911321655
2.108968100,1.915302550
2.109171500,1.919283455
2.109375000,1.923264350
2.109578500,1.927245245
2.109781900,1.931226150
2.109985400,1.935207045
2.110188800,1.939187950
2.110392300,1.943168845
2.110595700,1.947149750
2.110799200,1.951130645
2.111002600,1.955111550
2.111206100,1.959092445
2.111409500,1.967073350
2.111613000,1.967054245
2.111816400,1.971035149
2.112019900,1.975016045
2.112223300,1.982996949
2.112426800,1.986977845
2.112630200,1.986958749
2.112833700,1.994939645
2.113037100,1.998920549
2.113240600,2.002901444
2.113444000,2.006882349
2.113647500,2.010863244
2.113850900,2.014844149
2.114054400,2.022825044
2.114257800,2.026805949
2.114461300,2.030786844
2.114664700,2.030767749
2.114868200,2.038748644
2.115071600,2.042729549
2.115275100,2.046710444
2.115478500,2.054691349
2.115682000,2.058672244
2.115885400,2.058653149
2.116088900,2.066634044
2.116292300,2.070614949
2.116495800,2.074595844
2.116699200,2.078576748
2.116902700,2.086557644
2.117106100,2.090538548
2.117309600,2.090519444
2.117513000,2.098500348
2.117716500,2.102481244
2.117919900,2.106462148
2.118123400,2.114443044
2.118326800,2.118423948
2.118530300,2.122404843
2.118733700,2.126385748
2.118937200,2.130366643
2.119140600,2.134347548
2.119344100,2.138328443
2.119547500,2.146309348
2.119751000,2.150290243
2.119954400,2.154271148
2.120157900,2.158252043
2.120361300,2.162232948
2.120564800,2.166213843
2.120768200,2.170194748
2.120971700,2.178175643
2.121175100,2.182156548
2.121378600,2.186137443
2.121582000,2.194118348
2.121785500,2.194099243
2.121988900,2.198080147
2.122192400,2.206061043
2.122395800,2.210041947
2.122599300,2.214022843
2.122802700,2.218003747
2.123006200,2.225984643
2.123209600,2.229965547
2.123413100,2.233946442
2.123616500,2.237927347
2.123820000,2.241908242
2.124023400,2.245889147
2.124226900,2.253870042
2.124430300,2.257850947
2.124633800,2.261831842
2.124837200,2.269812747
2.125040700,2.273793642
2.125244100,2.277774547
2.125447600,2.281755442
2.125651000,2.289736347
2.125854500,2.293717242
2.126057900,2.297698147
2.126261400,2.301679042
2.126464800,2.305659947
2.126668300,2.309640842
2.126871700,2.317621746
2.127075200,2.321602642
2.127278600,2.325583546
2.127482100,2.329564442
2.127685500,2.337545346
2.127889000,2.341526242
2.128092400,2.345507146
2.128295900,2.353488042
2.128499300,2.357468946
2.128702800,2.361449841
2.128906200,2.369430746
2.129109700,2.373411641
2.129313200,2.377392537
2.129516600,2.381373441
2.129720100,2.389354337
2.129923500,2.393335241
2.130127000,2.397316136
2.130330400,2.405297041
2.130533900,2.409277936
2.130737300,2.413258841
2.130940800,2.421239736
2.131144200,2.425220641
2.131347700,2.429201536
2.131551100,2.433182441
2.131754600,2.441163336
2.131958000,2.445144241
2.132161500,2.449125136
2.132364900,2.453106041
2.132568400,2.457086936
2.132771800,2.461067841
2.132975300,2.469048736
2.133178700,2.473029641
2.133382200,2.477010536
2.133585600,2.484991440
2.133789100,2.488972336
2.133992500,2.492953240
2.134196000,2.496934136
2.134399400,2.504915040
2.134602900,2.508895936
2.134806300,2.512876840
2.135009800,2.520857736
2.135213200,2.524838640
2.135416700,2.528819535
2.135620100,2.536800440
2.135823600,2.540781335
2.136027000,2.544762240
2.136230500,2.548743135
2.136433900,2.556724040
2.136637400,2.560704935
2.136840800,2.564685840
2.137044300,2.568666735
2.137247700,2.572647640
2.137451200,2.576628535
2.137654600,2.584609440
2.137858100,2.588590335
2.138061500,2.592571240
2.138265000,2.596552135
2.138468400,2.604533040
2.138671900,2.608513935
2.138875300,2.612494839
2.139078800,2.620475735
2.139282200,2.624456639
2.139485700,2.628437535
2.139689100,2.636418439
2.139892600,2.640399335
2.140096000,2.644380239
2.140299500,2.648361134
2.140502900,2.656342039
2.140706400,2.660322934
2.140909800,2.664303839
2.141113300,2.672284734
2.141316700,2.676265639
2.141520200,2.680246534
2.141723600,2.692227439
2.141927100,2.696208334
2.142130500,2.700189239
2.142334000,2.708170134
2.142537400,2.712151039
2.142740900,2.716131934
2.142944300,2.720112839
2.143147800,2.728093734
2.143351200,2.732074639
2.143554700,2.736055534
2.143758100,2.744036439
2.143961600,2.748017334
2.144165000,2.751998238
2.144368500,2.759979134
2.144571900,2.763960038
2.144775400,2.767940934
2.144978800,2.771921838
2.145182300,2.779902734
2.145385700,2.783883638
2.145589200,2.787864533
2.145792600,2.795845438
2.145996100,2.799826333
2.146199500,2.803807238
2.146403000,2.811788133
2.146606400,2.815769038
2.146809900,2.819749933
2.147013300,2.823730838
2.147216800,2.831711733
2.147420200,2.831692638
2.147623700,2.835673533
2.147827100,2.843654438
2.148030600,2.847635333
2.148234000,2.851616238
2.148437500,2.859597133
2.148641000,2.863578028
2.148844400,2.867558933
2.149047900,2.871539828
2.149251300,2.879520733
2.149454800,2.883501628
2.149658200,2.887482533
2.149861700,2.891463428
2.150065100,2.895444333
2.150268600,2.899425228
2.150472000,2.907406132
2.150675500,2.911387028
2.150878900,2.915367932
2.151082400,2.919348828
2.151285800,2.927329732
2.151489300,2.927310628
2.151692700,2.931291532
2.151896200,2.939272428
2.152099600,2.943253332
2.152303100,2.947234227
2.152506500,2.955215132
2.152710000,2.955196027
2.152913400,2.959176932
2.153116900,2.967157827
2.153320300,2.971138732
2.153523800,2.975119627
2.153727200,2.975100532
2.153930700,2.983081427
2.154134100,2.987062332
2.154337600,2.991043227
2.154541000,2.995024132
2.154744500,2.999005027
2.154947900,3.002985932
2.155151400,3.010966827
2.155354800,3.014947732
2.155558300,3.014928627
2.155761700,3.018909531
2.155965200,3.026890427
2.156168600,3.030871331
2.156372100,3.034852227
2.156575500,3.038833131
2.156779000,3.042814027
2.156982400,3.046794931
2.157185900,3.054775826
2.157389300,3.054756731
2.157592800,3.058737626
2.157796200,3.062718531
2.157999700,3.070699426
2.158203100,3.070680331
2.158406600,3.074661226
2.158610000,3.082642131
2.158813500,3.086623026
2.159016900,3.086603931
2.159220400,3.094584826
2.159423800,3.098565731
2.159627300,3.102546626
2.159830700,3.102527531
2.160034200,3.110508426
2.160237600,3.114489331
2.160441100,3.118470226
2.160644500,3.122451131
2.160848000,3.126432026
2.161051400,3.130412930
2.161254900,3.138393826
2.161458300,3.138374730
2.161661800,3.142355626
2.161865200,3.150336530
2.162068700,3.154317426
2.162272100,3.158298330
2.162475600,3.158279225
2.162679000,3.166260130
2.162882500,3.170241025
2.163085900,3.174221930
2.163289400,3.178202825
2.163492800,3.182183730
2.163696300,3.186164625
2.163899700,3.194145530
2.164103200,3.194126425
2.164306600,3.198107330
2.164510100,3.202088225
2.164713500,3.210069130
2.164917000,3.210050025
2.165120400,3.214030930
2.165323900,3.222011825
2.165527300,3.225992730
2.165730800,3.229973625
2.165934200,3.233954529
2.166137700,3.237935425
2.166341100,3.241916329
2.166544600,3.245897225
2.166748000,3.249878129
2.166951500,3.253859025
2.167154900,3.257839929
2.167358400,3.261820825
2.167561800,3.265801729
2.167765300,3.269782624
2.167968700,3.277763529
2.168172200,3.277744424
2.168375700,3.281725320
2.168579100,3.285706224
2.168782600,3.293687120
2.168986000,3.293668024
2.169189500,3.297648919
2.169392900,3.305629824
2.169596400,3.309610719
2.169799800,3.309591624
2.170003300,3.317572519
2.170206700,3.321553424
2.170410200,3.321534319
2.170613600,3.325515224
2.170817100,3.333496119
2.171020500,3.337477024
2.171224000,3.337457919
2.171427400,3.345438824
2.171630900,3.349419719
2.171834300,3.349400624
2.172037800,3.357381519
2.172241200,3.361362424
2.172444700,3.361343319
2.172648100,3.369324223
2.172851600,3.369305119
2.173055000,3.373286023
2.173258500,3.377266919
2.173461900,3.381247823
2.173665400,3.385228719
2.173868800,3.389209623
2.174072300,3.393190518
2.174275700,3.397171423
2.174479200,3.401152318
2.174682600,3.405133223
2.174886100,3.409114118
2.175089500,3.413095023
2.175293000,3.413075918
2.175496400,3.421056823
2.175699900,3.421037718
2.175903300,3.425018623
2.176106800,3.428999518
2.176310200,3.432980423
2.176513700,3.436961318
2.176717100,3.440942223
2.176920600,3.444923118
2.177124000,3.448904023
2.177327500,3.448884918
2.177530900,3.456865823
2.177734400,3.456846718
2.177937800,3.460827622
2.178141300,3.468808518
2.178344700,3.468789422
2.178548200,3.472770318
2.178751600,3.476751222
2.178955100,3.480732118
2.179158500,3.484713022
2.179362000,3.488693917
2.179565400,3.492674822
2.179768900,3.496655717
2.179972300,3.496636622
2.180175800,3.504617517
2.180379200,3.508598422
2.180582700,3.508579317
2.180786100,3.516560222
2.180989600,3.516541117
2.181193000,3.520522022
2.181396500,3.528502917
2.181599900,3.528483822
2.181803400,3.532464717
2.182006800,3.536445622
2.182210300,3.540426517
2.182413700,3.544407422
2.182617200,3.548388317
2.182820600,3.556369221
2.183024100,3.556350117
2.183227500,3.560331021
2.183431000,3.568311917
2.183634400,3.568292821
2.183837900,3.572273717
2.184041300,3.576254621
2.184244800,3.584235517
2.184448200,3.588216421
2.184651700,3.588197316
2.184855100,3.596178221
2.185058600,3.600159116
2.185262000,3.604140021
2.185465500,3.608120916
2.185668900,3.612101821
2.185872400,3.616082716
2.186075800,3.620063621
2.186279300,3.624044516
2.186482700,3.628025421
2.186686200,3.632006316
2.186889600,3.639987221
2.187093100,3.643968116
2.187296500,3.647949021
2.187500000,3.651929916
2.187703500,3.655910811
2.187906900,3.659891716
2.188110400,3.663872611
2.188313800,3.671853516
2.188517300,3.671834411
2.188720700,3.675815316
2.188924200,3.683796211
2.189127600,3.687777116
2.189331100,3.691758011
2.189534500,3.699738915
2.189738000,3.699719811
2.189941400,3.703700715
2.190144900,3.711681611
2.190348300,3.715662515
2.190551800,3.719643411
2.190755200,3.723624315
2.190958700,3.727605211
2.191162100,3.731586115
2.191365600,3.735567010
2.191569000,3.743547915
2.191772500,3.747528810
2.191975900,3.747509715
2.192179400,3.755490610
2.192382800,3.759471515
2.192586300,3.763452410
2.192789700,3.763433315
2.192993200,3.771414210
2.193196600,3.775395115
2.193400100,3.779376010
2.193603500,3.783356915
2.193807000,3.787337810
2.194010400,3.791318715
2.194213900,3.795299610
2.194417300,3.799280515
2.194620800,3.803261410
2.194824200,3.807242314
2.195027700,3.811223210
2.195231100,3.815204114
2.195434600,3.819185010
2.195638000,3.823165914
2.195841500,3.827146810
2.196044900,3.831127714
2.196248400,3.835108609
2.196451800,3.839089514
2.196655300,3.843070409
2.196858700,3.843051314
2.197062200,3.851032209
2.197265600,3.851013114
2.197469100,3.854994009
2.197672500,3.858974914
2.197876000,3.862955809
2.198079400,3.866936714
2.198282900,3.870917609
2.198486300,3.874898514
2.198689800,3.874879409
2.198893200,3.878860314
2.199096700,3.882841209
2.199300100,3.886822114
2.199503600,3.890803009
2.199707000,3.894783913
2.199910500,3.898764809
2.200113900,3.898745713
2.200317400,3.902726609
2.200520800,3.906707513
2.200724300,3.910688409
2.200927700,3.914669313
2.201131200,3.914650209
2.201334600,3.918631113
2.201538100,3.922612008
2.201741500,3.926592913
2.201945000,3.926573808
2.202148400,3.930554713
2.202351900,3.934535608
2.202555300,3.938516513
2.202758800,3.938497408
2.202962200,3.946478313
2.203165700,3.946459208
2.203369100,3.950440113
2.203572600,3.950421008
2.203776000,3.958401913
2.203979500,3.958382808
2.204182900,3.962363713
2.204386400,3.966344608
2.204589800,3.966325513
2.204793300,3.970306408
2.204996700,3.974287312
2.205200200,3.978268208
2.205403600,3.978249112
2.205607100,3.982230008
2.205810500,3.986210912
2.206014000,3.990191808
2.206217400,3.990172712
2.206420900,3.998153607
2.206624300,3.998134512
2.206827800,4.002115407
2.207031200,4.006096312
2.207234700,4.010077207
2.207438200,4.010058103
2.207641600,4.014039007
2.207845100,4.018019903
2.208048500,4.022000807
2.208252000,4.021981702
2.208455400,4.029962607
2.208658900,4.029943502
2.208862300,4.033924407
2.209065800,4.037905302
2.209269200,4.041886207
2.209472700,4.041867102
2.209676100,4.045848007
2.209879600,4.049828902
2.210083000,4.053809807
2.210286500,4.053790702
2.210489900,4.057771607
2.210693400,4.061752502
2.210896800,4.065733407
2.211100300,4.069714302
2.211303700,4.069695207
2.211507200,4.073676102
2.211710600,4.077657006
2.211914100,4.081637902
2.212117500,4.081618806
2.212321000,4.085599702
2.212524400,4.089580606
2.212727900,4.093561502
2.212931300,4.093542406
2.213134800,4.097523301
2.213338200,4.101504206
2.213541700,4.105485101
2.213745100,4.109466006
2.213948600,4.109446901
2.214152000,4.113427806
2.214355500,4.113408701
2.214558900,4.117389606
2.214762400,4.121370501
2.214965800,4.121351406
2.215169300,4.125332301
2.215372700,4.129313206
2.215576200,4.129294101
2.215779600,4.133275006
2.215983100,4.137255901
2.216186500,4.137236806
2.216390000,4.141217701
2.216593400,4.145198605
2.216796900,4.145179501
2.217000300,4.149160405
2.217203800,4.153141301
2.217407200,4.153122205
2.217610700,4.153103101
2.217814100,4.157084005
2.218017600,4.161064901
2.218221000,4.161045805
2.218424500,4.165026700
2.218627900,4.165007605
2.218831400,4.168988500
2.219034800,4.168969405
2.219238300,4.172950300
2.219441700,4.176931205
2.219645200,4.176912100
2.219848600,4.180893005
2.220052100,4.180873900
2.220255500,4.180854805
2.220459000,4.184835700
2.220662400,4.188816605
2.220865900,4.188797500
2.221069300,4.188778405
2.221272800,4.192759300
2.221476200,4.192740205
2.221679700,4.196721100
2.221883100,4.196702004
2.222086600,4.200682900
2.222290000,4.200663804
2.222493500,4.204644700
2.222696900,4.204625604
2.222900400,4.208606500
2.223103800,4.208587404
2.223307300,4.212568299
2.223510700,4.212549204
2.223714200,4.212530099
2.223917600,4.216511004
2.224121100,4.216491899
2.224324500,4.220472804
2.224528000,4.220453699
2.224731400,4.224434604
2.224934900,4.224415499
2.225138300,4.224396404
2.225341800,4.228377299
2.225545200,4.228358204
2.225748700,4.228339099
2.225952100,4.232320004
2.226155600,4.232300899
2.226359000,4.236281804
2.226562500,4.236262699
2.226766000,4.236243594
2.226969400,4.240224499
2.227172900,4.240205394
2.227376300,4.244186299
2.227579800,4.244167194
2.227783200,4.244148099
2.227986700,4.248128994
2.228190100,4.248109899
2.228393600,4.248090794
2.228597000,4.252071698
2.228800500,4.252052594
2.229003900,4.256033498
2.229207400,4.256014394
2.229410800,4.255995298
2.229614300,4.259976194
2.229817700,4.259957098
2.230021200,4.259937993
2.230224600,4.263918898
2.230428100,4.263899793
2.230631500,4.267880698
2.230835000,4.267861593
2.231038400,4.267842498
2.231241900,4.271823393
2.231445300,4.271804298
2.231648800,4.271785193
2.231852200,4.271766098
2.232055700,4.275746993
2.232259100,4.275727898
2.232462600,4.279708793
2.232666000,4.279689698
2.232869500,4.279670593
2.233072900,4.283651498
2.233276400,4.283632393
2.233479800,4.283613297
2.233683300,4.287594193
2.233886700,4.287575097
2.234090200,4.287555993
2.234293600,4.291536897
2.234497100,4.291517793
2.234700500,4.291498697
2.234904000,4.295479593
2.235107400,4.295460497
2.235310900,4.295441392
2.235514300,4.299422297
2.235717800,4.299403192
2.235921200,4.299384097
2.236124700,4.303364992
2.236328100,4.303345897
2.236531600,4.303326792
2.236735000,4.307307697
2.236938500,4.307288592
2.237141900,4.307269497
2.237345400,4.311250392
2.237548800,4.311231297
2.237752300,4.311212192
2.237955700,4.315193097
2.238159200,4.315173992
2.238362600,4.315154897
2.238566100,4.319135792
2.238769500,4.319116696
2.238973000,4.319097592
2.239176400,4.323078496
2.239379900,4.323059392
2.239583300,4.323040296
2.239786800,4.327021192
2.239990200,4.327002096
2.240193700,4.326982991
2.240397100,4.330963896
2.240600600,4.330944791
2.240804000,4.330925696
2.241007500,4.334906591
2.241210900,4.334887496
2.241414400,4.334868391
2.241617800,4.338849296
2.241821300,4.338830191
2.242024700,4.338811096
2.242228200,4.342791991
2.242431600,4.342772896
2.242635100,4.342753791
2.242838500,4.346734696
2.243042000,4.346715591
2.243245400,4.346696496
2.243448900,4.350677391
2.243652300,4.350658296
2.243855800,4.350639191
2.244059200,4.354620095
2.244262700,4.354600991
2.244466100,4.354581895
2.244669600,4.358562791
2.244873000,4.358543695
2.245076500,4.358524591
2.245279900,4.362505495
2.245483400,4.362486390
2.245686800,4.362467295
2.245890300,4.366448190
2.246093700,4.366429095
2.246297200,4.370409990
2.246500700,4.370390886
2.246704100,4.370371790
2.246907600,4.374352685
2.247111000,4.374333590
2.247314500,4.374314485
2.247517900,4.378295390
2.247721400,4.378276285
2.247924800,4.378257190
2.248128300,4.382238085
2.248331700,4.382218990
2.248535200,4.386199885
2.248738600,4.386180790
2.248942100,4.386161685
2.249145500,4.390142590
2.249349000,4.390123485
2.249552400,4.394104390
2.249755900,4.394085285
2.249959300,4.394066190
2.250162800,4.398047085
2.250366200,4.398027990
2.250569700,4.398008885
2.250773100,4.401989789
2.250976600,4.401970685
2.251180000,4.405951589
2.251383500,4.405932485
2.251586900,4.409913389
2.251790400,4.409894285
2.251993800,4.409875189
2.252197300,4.413856084
2.252400700,4.413836989
2.252604200,4.413817884
2.252807600,4.417798789
2.253011100,4.417779684
2.253214500,4.421760589
2.253418000,4.421741484
2.253621400,4.421722389
2.253824900,4.425703284
2.254028300,4.425684189
2.254231800,4.429665084
2.254435200,4.429645989
2.254638700,4.429626884
2.254842100,4.433607789
2.255045600,4.433588684
2.255249000,4.433569589
2.255452500,4.437550484
2.255655900,4.437531388
2.255859400,4.437512284
2.256062800,4.441493188
2.256266300,4.441474084
2.256469700,4.445454988
2.256673200,4.445435884
2.256876600,4.445416788
2.257080100,4.449397683
2.257283500,4.449378588
2.257487000,4.453359483
2.257690400,4.453340388
2.257893900,4.453321283
2.258097300,4.453302188
2.258300800,4.457283083
2.258504200,4.457263988
2.258707700,4.457244883
2.258911100,4.461225788
2.259114600,4.461206683
2.259318000,4.461187588
2.259521500,4.465168483
2.259724900,4.465149388
2.259928400,4.465130283
2.260131800,4.469111188
2.260335300,4.469092083
2.260538700,4.469072988
2.260742200,4.473053883
2.260945600,4.473034787
2.261149100,4.473015683
2.261352500,4.476996587
2.261556000,4.476977483
2.261759400,4.476958387
2.261962900,4.480939283
2.262166300,4.480920187
2.262369800,4.480901082
2.262573200,4.484881987
2.262776700,4.484862882
2.262980100,4.484843787
2.263183600,4.488824682
2.263387000,4.488805587
2.263590500,4.488786482
2.263793900,4.492767387
2.263997400,4.492748282
2.264200800,4.492729187
2.264404300,4.496710082
2.264607700,4.496690987
2.264811200,4.496671882
2.265014600,4.500652787
2.265218100,4.500633682
2.265421500,4.500614587
2.265625000,4.504595482
2.265828500,4.504576377
2.266031900,4.504557282
2.266235400,4.504538177
2.266438800,4.508519082
2.266642300,4.508499977
2.266845700,4.508480882
2.267049200,4.512461777
2.267252600,4.512442682
2.267456100,4.512423577
2.267659500,4.516404481
2.267863000,4.516385377
2.268066400,4.516366281
2.268269900,4.516347177
2.268473300,4.520328081
2.268676800,4.520308977
2.268880200,4.520289881
2.269083700,4.524270776
2.269287100,4.524251681
2.269490600,4.524232576
2.269694000,4.528213481
2.269897500,4.528194376
2.270100900,4.528175281
2.270304400,4.528156176
2.270507800,4.532137081
2.270711300,4.532117976
2.270914700,4.532098881
2.271118200,4.532079776
2.271321600,4.536060681
2.271525100,4.536041576
2.271728500,4.536022481
2.271932000,4.536003376
2.272135400,4.539984281
2.272338900,4.539965176
2.272542300,4.539946080
2.272745800,4.539926976
2.272949200,4.543907880
2.273152700,4.543888776
2.273356100,4.543869680
2.273559600,4.543850576
2.273763000,4.547831480
2.273966500,4.547812376
2.274169900,4.547793280
2.274373400,4.547774175
2.274576800,4.551755080
2.274780300,4.551735975
2.274983700,4.551716880
2.275187200,4.551697775
2.275390600,4.551678680
2.275594100,4.551659575
2.275797500,4.555640480
2.276001000,4.555621375
2.276204400,4.555602280
2.276407900,4.555583175
2.276611300,4.555564080
2.276814800,4.555544975
2.277018200,4.559525880
2.277221700,4.559506775
2.277425100,4.559487680
2.277628600,4.559468575
2.277832000,4.559449479
2.278035500,4.559430375
2.278238900,4.559411279
2.278442400,4.559392175
2.278645800,4.559373079
2.278849300,4.563353975
2.279052700,4.563334879
2.279256200,4.563315774
2.279459600,4.563296679
2.279663100,4.563277574
2.279866500,4.563258479
2.280070000,4.563239374
2.280273400,4.563220279
2.280476900,4.563201174
2.280680300,4.563182079
2.280883800,4.563162974
2.281087200,4.563143879
2.281290700,4.563124774
2.281494100,4.563105679
2.281697600,4.563086574
2.281901000,4.563067479
2.282104500,4.563048374
2.282307900,4.563029279
2.282511400,4.563010174
2.282714800,4.562991078
2.282918300,4.562971974
2.283121700,4.562952878
2.283325200,4.562933774
2.283528600,4.562914678
2.283732100,4.562895574
2.283935500,4.562876478
2.284139000,4.562857374
2.284342400,4.562838278
2.284545900,4.562819173
2.284749300,4.562800078
2.284952800,4.562780973
2.285156200,4.562761878
2.285359700,4.562742773
2.285563200,4.562723669
2.285766600,4.562704573
2.285970100,4.562685468
2.286173500,4.562666373
2.286377000,4.562647268
2.286580400,4.562628173
2.286783900,4.562609068
2.286987300,4.558589973
2.287190800,4.558570868
2.287394200,4.558551773
2.287597700,4.558532668
2.287801100,4.558513573
2.288004600,4.558494468
2.288208000,4.558475373
2.288411500,4.558456268
2.288614900,4.558437173
2.288818400,4.554418068
2.289021800,4.554398973
2.289225300,4.554379868
2.289428700,4.554360772
2.289632200,4.554341668
2.289835600,4.554322572
2.290039100,4.554303468
2.290242500,4.550284372
2.290446000,4.550265268
2.290649400,4.550246172
2.290852900,4.550227068
2.291056300,4.550207972
2.291259800,4.546188867
2.291463200,4.546169772
2.291666700,4.546150667
2.291870100,4.546131572
2.292073600,4.546112467
2.292277000,4.546093372
2.292480500,4.546074267
2.292683900,4.542055172
2.292887400,4.542036067
2.293090800,4.542016972
2.293294300,4.541997867
2.293497700,4.537978772
2.293701200,4.537959667
2.293904600,4.537940572
2.294108100,4.537921467
2.294311500,4.537902372
2.294515000,4.533883267
2.294718400,4.533864171
2.294921900,4.533845067
2.295125300,4.533825971
2.295328800,4.529806867
2.295532200,4.529787771
2.295735700,4.529768667
2.295939100,4.529749571
2.296142600,4.529730466
2.296346000,4.525711371
2.296549500,4.525692266
2.296752900,4.525673171
2.296956400,4.525654066
2.297159800,4.525634971
2.297363300,4.521615866
2.297566700,4.521596771
2.297770200,4.521577666
2.297973600,4.521558571
2.298177100,4.517539466
2.298380500,4.517520371
2.298584000,4.517501266
2.298787400,4.517482171
2.298990900,4.517463066
2.299194300,4.513443971
2.299397800,4.513424866
2.299601200,4.513405770
2.299804700,4.513386666
2.300008100,4.509367570
2.300211600,4.509348466
2.300415000,4.509329370
2.300618500,4.509310266
2.300821900,4.509291170
2.301025400,4.505272066
2.301228800,4.505252970
2.301432300,4.505233865
2.301635700,4.505214770
2.301839200,4.505195665
2.302042600,4.501176570
2.302246100,4.501157465
2.302449500,4.501138370
2.302653000,4.501119265
2.302856400,4.497100170
2.303059900,4.497081065
2.303263300,4.497061970
2.303466800,4.497042865
2.303670200,4.497023770
2.303873700,4.497004665
2.304077100,4.492985570
2.304280600,4.492966465
2.304484000,4.492947370
2.304687500,4.492928265
2.304891000,4.488909160
2.305094400,4.488890065
2.305297900,4.488870960
2.305501300,4.488851865
2.305704800,4.488832760
2.305908200,4.484813665
2.306111700,4.484794560
2.306315100,4.484775464
2.306518600,4.484756360
2.306722000,4.480737264
2.306925500,4.480718160
2.307128900,4.480699064
2.307332400,4.480679960
2.307535800,4.480660864
2.307739300,4.476641760
2.307942700,4.476622664
2.308146200,4.476603559
2.308349600,4.476584464
2.308553100,4.476565359
2.308756500,4.472546264
2.308960000,4.472527159
2.309163400,4.472508064
2.309366900,4.468488959
2.309570300,4.468469864
2.309773800,4.468450759
2.309977200,4.468431664
2.310180700,4.468412559
2.310384100,4.464393464
2.310587600,4.464374359
2.310791000,4.464355264
2.310994500,4.464336159
2.311197900,4.460317064
2.311401400,4.460297959
2.311604800,4.460278863
2.311808300,4.460259759
2.312011700,4.456240663
2.312215200,4.456221559
2.312418600,4.456202463
2.312622100,4.452183359
2.312825500,4.452164263
2.313029000,4.452145158
2.313232400,4.452126063
2.313435900,4.448106958
2.313639300,4.448087863
2.313842800,4.448068758
2.314046200,4.444049663
2.314249700,4.444030558
2.314453100,4.440011463
2.314656600,4.439992358
2.314860000,4.439973263
2.315063500,4.435954158
2.315266900,4.435935063
2.315470400,4.435915958
2.315673800,4.431896863
2.315877300,4.431877758
2.316080700,4.427858663
2.316284200,4.427839558
2.316487600,4.427820462
2.316691100,4.423801358
2.316894500,4.423782262
2.317098000,4.419763158
2.317301400,4.419744062
2.317504900,4.415724958
2.317708300,4.415705862
2.317911800,4.415686758
2.318115200,4.411667662
2.318318700,4.407648557
2.318522100,4.407629462
2.318725600,4.407610357
2.318929000,4.403591262
2.319132500,4.403572157
2.319335900,4.399553062
2.319539400,4.395533957
2.319742800,4.395514862
2.319946300,4.391495757
2.320149700,4.391476662
2.320353200,4.387457557
2.320556600,4.387438462
2.320760100,4.383419357
2.320963500,4.379400262
2.321167000,4.379381157
2.321370400,4.375362062
2.321573900,4.371342957
2.321777300,4.371323861
2.321980800,4.367304757
2.322184200,4.363285661
2.322387700,4.363266557
2.322591100,4.359247461
2.322794600,4.359228357
2.322998000,4.355209261
2.323201500,4.351190156
2.323404900,4.351171061
2.323608400,4.347151956
2.323811800,4.343132861
2.324015300,4.343113756
2.324218700,4.339094661
2.324422200,4.335075556
2.324625700,4.335056452
2.324829100,4.327037356
2.325032600,4.327018251
2.325236000,4.322999156
2.325439500,4.322980051
2.325642900,4.318960956
2.325846400,4.314941851
2.326049800,4.310922756
2.326253300,4.306903651
2.326456700,4.306884556
2.326660200,4.302865451
2.326863600,4.298846356
2.327067100,4.294827251
2.327270500,4.294808156
2.327474000,4.290789051
2.327677400,4.286769956
2.327880900,4.282750851
2.328084300,4.282731756
2.328287800,4.274712651
2.328491200,4.274693555
2.328694700,4.270674451
2.328898100,4.266655355
2.329101600,4.262636251
2.329305000,4.258617155
2.329508500,4.258598051
2.329711900,4.254578955
2.329915400,4.250559850
2.330118800,4.246540755
2.330322300,4.242521650
2.330525700,4.238502555
2.330729200,4.234483450
2.330932600,4.230464355
2.331136100,4.226445250
2.331339500,4.226426155
2.331543000,4.222407050
2.331746400,4.214387955
2.331949900,4.214368850
2.332153300,4.210349755
2.332356800,4.206330650
2.332560200,4.202311555
2.332763700,4.198292450
2.332967100,4.194273355
2.333170600,4.190254250
2.333374000,4.186235155
2.333577500,4.182216050
2.333780900,4.178196954
2.333984400,4.174177850
2.334187800,4.170158754
2.334391300,4.166139650
2.334594700,4.162120554
2.334798200,4.158101450
2.335001600,4.150082354
2.335205100,4.150063249
2.335408500,4.146044154
2.335612000,4.138025049
2.335815400,4.134005954
2.336018900,4.129986849
2.336222300,4.129967754
2.336425800,4.121948649
2.336629200,4.117929554
2.336832700,4.113910449
2.337036100,4.109891354
2.337239600,4.105872249
2.337443000,4.101853154
2.337646500,4.093834049
2.337849900,4.089814954
2.338053400,4.085795849
2.338256800,4.081776754
2.338460300,4.077757649
2.338663700,4.073738553
2.338867200,4.069719449
2.339070600,4.061700353
2.339274100,4.057681249
2.339477500,4.053662153
2.339681000,4.045643049
2.339884400,4.045623953
2.340087900,4.041604848
2.340291300,4.037585753
2.340494800,4.029566648
2.340698200,4.025547553
2.340901700,4.021528448
2.341105100,4.013509353
2.341308600,4.009490248
2.341512000,4.005471153
2.341715500,4.001452048
2.341918900,3.997432953
2.342122400,3.993413848
2.342325800,3.989394753
2.342529300,3.981375648
2.342732700,3.977356553
2.342936200,3.973337448
2.343139600,3.965318353
2.343343100,3.961299248
2.343546500,3.957280153
2.343750000,3.949261048
2.343953500,3.945241943
2.344156900,3.941222848
2.344360400,3.933203743
2.344563800,3.929184648
2.344767300,3.929165543
2.344970700,3.925146448
2.345174200,3.917127343
2.345377600,3.913108247
2.345581100,3.909089143
2.345784500,3.901070047
2.345988000,3.897050943
2.346191400,3.893031847
2.346394900,3.885012743
2.346598300,3.880993647
2.346801800,3.876974542
2.347005200,3.872955447
2.347208700,3.864936342
2.347412100,3.860917247
2.347615600,3.856898142
2.347819000,3.848879047
2.348022500,3.844859942
2.348225900,3.840840847
2.348429400,3.832821742
2.348632800,3.828802647
2.348836300,3.820783542
2.349039700,3.816764447
2.349243200,3.808745342
2.349446600,3.804726247
2.349650100,3.800707142
2.349853500,3.792688047
2.350057000,3.788668942
2.350260400,3.784649847
2.350463900,3.776630742
2.350667300,3.768611646
2.350870800,3.764592542
2.351074200,3.760573446
2.351277700,3.752554342
2.351481100,3.748535246
2.351684600,3.744516142
2.351888000,3.732497046
2.352091500,3.728477941
2.352294900,3.724458846
2.352498400,3.716439741
2.352701800,3.708420646
2.352905300,3.704401541
2.353108700,3.696382446
2.353312200,3.692363341
2.353515600,3.688344246
2.353719100,3.680325141
2.353922500,3.672306046
2.354126000,3.668286941
2.354329400,3.664267846
2.354532900,3.652248741
2.354736300,3.648229646
2.354939800,3.644210541
2.355143200,3.632191446
2.355346700,3.628172341
2.355550100,3.624153245
2.355753600,3.620134141
2.355957000,3.608115045
2.356160500,3.604095941
2.356363900,3.600076845
2.356567400,3.588057741
2.356770800,3.584038645
2.356974300,3.580019541
2.357177700,3.572000445
2.357381200,3.563981340
2.357584600,3.559962245
2.357788100,3.555943140
2.357991500,3.547924045
2.358195000,3.543904940
2.358398400,3.535885845
2.358601900,3.527866740
2.358805300,3.523847645
2.359008800,3.519828540
2.359212200,3.511809445
2.359415700,3.503790340
2.359619100,3.499771245
2.359822600,3.495752140
2.360026000,3.487733045
2.360229500,3.483713940
2.360432900,3.479694845
2.360636400,3.471675740
2.360839800,3.467656644
2.361043300,3.463637540
2.361246700,3.455618444
2.361450200,3.451599340
2.361653600,3.447580244
2.361857100,3.439561140
2.362060500,3.435542044
2.362264000,3.431522939
2.362467400,3.427503844
2.362670900,3.423484739
2.362874300,3.419465644
2.363077800,3.415446539
2.363281200,3.407427444
2.363484700,3.403408339
2.363688200,3.403389234
2.363891600,3.395370139
2.364095100,3.391351034
2.364298500,3.391331939
2.364502000,3.387312834
2.364705400,3.383293739
2.364908900,3.379274634
2.365112300,3.375255539
2.365315800,3.371236434
2.365519200,3.371217339
2.365722700,3.367198234
2.365926100,3.363179139
2.366129600,3.363160034
2.366333000,3.359140939
2.366536500,3.359121834
2.366739900,3.355102739
2.366943400,3.351083634
2.367146800,3.351064539
2.367350300,3.347045434
2.367553700,3.347026338
2.367757200,3.347007234
2.367960600,3.342988138
2.368164100,3.342969034
2.368367500,3.338949938
2.368571000,3.338930834
2.368774400,3.338911738
2.368977900,3.334892633
2.369181300,3.334873538
2.369384800,3.334854433
2.369588200,3.334835338
2.369791700,3.330816233
2.369995100,3.330797138
2.370198600,3.330778033
2.370402000,3.330758938
2.370605500,3.330739833
2.370808900,3.326720738
2.371012400,3.326701633
2.371215800,3.326682538
2.371419300,3.326663433
2.371622700,3.322644338
2.371826200,3.322625233
2.372029600,3.322606138
2.372233100,3.322587033
2.372436500,3.322567937
2.372640000,3.318548833
2.372843400,3.318529737
2.373046900,3.318510633
2.373250300,3.318491537
2.373453800,3.314472433
2.373657200,3.314453337
2.373860700,3.314434233
2.374064100,3.310415137
2.374267600,3.310396032
2.374471000,3.306376937
2.374674500,3.306357832
2.374877900,3.302338737
2.375081400,3.302319632
2.375284800,3.298300537
2.375488300,3.298281432
2.375691700,3.294262337
2.375895200,3.294243232
2.376098600,3.290224137
2.376302100,3.286205032
2.376505500,3.286185937
2.376709000,3.278166832
2.376912400,3.278147737
2.377115900,3.274128632
2.377319300,3.274109537
2.377522800,3.266090432
2.377726200,3.266071336
2.377929700,3.262052232
2.378133100,3.258033136
2.378336600,3.254014032
2.378540000,3.249994936
2.378743500,3.241975832
2.378946900,3.241956736
2.379150400,3.237937631
2.379353800,3.233918536
2.379557300,3.225899431
2.379760700,3.225880336
2.379964200,3.221861231
2.380167600,3.213842136
2.380371100,3.209823031
2.380574500,3.205803936
2.380778000,3.201784831
2.380981400,3.197765736
2.381184900,3.193746631
2.381388300,3.185727536
2.381591800,3.181708431
2.381795200,3.177689336
2.381998700,3.173670231
2.382202100,3.169651136
2.382405600,3.165632031
2.382609000,3.161612935
2.382812500,3.153593831
2.383016000,3.149574726
2.383219400,3.149555631
2.383422900,3.141536526
2.383626300,3.137517431
2.383829800,3.133498326
2.384033200,3.133479231
2.384236700,3.125460126
2.384440100,3.121441030
2.384643600,3.121421926
2.384847000,3.113402830
2.385050500,3.109383726
2.385253900,3.109364630
2.385457400,3.101345526
2.385660800,3.101326430
2.385864300,3.097307325
2.386067700,3.097288230
2.386271200,3.089269125
2.386474600,3.089250030
2.386678100,3.085230925
2.386881500,3.081211830
2.387085000,3.081192725
2.387288400,3.077173630
2.387491900,3.073154525
2.387695300,3.073135430
2.387898800,3.073116325
2.388102200,3.069097230
2.388305700,3.065078125
2.388509100,3.065059030
2.388712600,3.065039925
2.388916000,3.061020830
2.389119500,3.061001725
2.389322900,3.056982629
2.389526400,3.056963525
2.389729800,3.056944429
2.389933300,3.052925325
2.390136700,3.052906229
2.390340200,3.052887125
2.390543600,3.052868029
2.390747100,3.048848925
2.390950500,3.048829829
2.391154000,3.048810724
2.391357400,3.048791629
2.391560900,3.044772524
2.391764300,3.044753429
2.391967800,3.044734324
2.392171200,3.044715229
2.392374700,3.044696124
2.392578100,3.044677029
2.392781600,3.040657924
2.392985000,3.040638829
2.393188500,3.040619724
2.393391900,3.040600629
2.393595400,3.040581524
2.393798800,3.036562429
2.394002300,3.036543324
2.394205700,3.036524229
2.394409200,3.036505124
2.394612600,3.036486028
2.394816100,3.036466924
2.395019500,3.032447828
2.395223000,3.032428724
2.395426400,3.032409628
2.395629900,3.028390524
2.395833300,3.028371428
2.396036800,3.028352323
2.396240200,3.024333228
2.396443700,3.024314123
2.396647100,3.024295028
2.396850600,3.024275923
2.397054000,3.020256828
2.397257500,3.020237723
2.397460900,3.016218628
2.397664400,3.016199523
2.397867800,3.012180428
2.398071300,3.012161323
2.398274700,3.008142228
2.398478200,3.008123123
2.398681600,3.008104028
2.398885100,3.004084923
2.399088500,3.000065828
2.399292000,3.000046723
2.399495400,2.996027627
2.399698900,2.992008523
2.399902300,2.991989427
2.400105800,2.987970323
2.400309200,2.983951227
2.400512700,2.983932123
2.400716100,2.979913027
2.400919600,2.975893923
2.401123000,2.975874827
2.401326500,2.971855722
2.401529900,2.967836627
2.401733400,2.963817522
2.401936800,2.959798427
2.402140300,2.959779322
2.402343800,2.951760218
2.402547200,2.951741122
2.402750700,2.947722017
2.402954100,2.943702922
2.403157600,2.939683817
2.403361000,2.935664722
2.403564500,2.935645617
2.403767900,2.927626522
2.403971400,2.923607417
2.404174800,2.923588322
2.404378300,2.915569217
2.404581700,2.911550122
2.404785200,2.911531017
2.404988600,2.903511922
2.405192100,2.899492817
2.405395500,2.899473722
2.405599000,2.895454617
2.405802400,2.887435522
2.406005900,2.887416417
2.406209300,2.883397321
2.406412800,2.875378217
2.406616200,2.875359121
2.406819700,2.871340017
2.407023100,2.863320921
2.407226600,2.859301817
2.407430000,2.859282721
2.407633500,2.855263617
2.407836900,2.847244521
2.408040400,2.847225416
2.408243800,2.843206321
2.408447300,2.835187216
2.408650700,2.835168121
2.408854200,2.831149016
2.409057600,2.827129921
2.409261100,2.823110816
2.409464500,2.819091721
2.409668000,2.815072616
2.409871400,2.811053521
2.410074900,2.807034416
2.410278300,2.807015321
2.410481800,2.798996216
2.410685200,2.794977121
2.410888700,2.794958016
2.411092100,2.786938921
2.411295600,2.786919816
2.411499000,2.782900720
2.411702500,2.778881616
2.411905900,2.774862520
2.412109400,2.770843416
2.412312800,2.770824320
2.412516300,2.762805216
2.412719700,2.758786120
2.412923200,2.758767015
2.413126600,2.750747920
2.413330100,2.750728815
2.413533500,2.746709720
2.413737000,2.742690615
2.413940400,2.738671520
2.414143900,2.734652415
2.414347300,2.734633320
2.414550800,2.726614215
2.414754200,2.726595120
2.414957700,2.722576015
2.415161100,2.714556920
2.415364600,2.714537815
2.415568000,2.710518720
2.415771500,2.702499615
2.415974900,2.702480520
2.416178400,2.698461415
2.416381800,2.694442320
2.416585300,2.690423215
2.416788700,2.686404119
2.416992200,2.682385015
2.417195600,2.678365919
2.417399100,2.674346815
2.417602500,2.670327719
2.417806000,2.662308615
2.418009400,2.662289519
2.418212900,2.658270414
2.418416300,2.654251319
2.418619800,2.646232214
2.418823200,2.642213119
2.419026700,2.638194014
2.419230100,2.634174919
2.419433600,2.630155814
2.419637000,2.626136719
2.419840500,2.618117614
2.420043900,2.614098519
2.420247400,2.614079414
2.420450800,2.606060319
2.420654300,2.602041214
2.420857700,2.598022119
2.421061200,2.594003014
2.421264600,2.585983919
2.421468100,2.581964814
2.421671500,2.577945718
2.421875000,2.573926614
2.422078500,2.569907509
2.422281900,2.565888414
2.422485400,2.557869309
2.422688800,2.553850214
2.422892300,2.549831109
2.423095700,2.545812013
2.423299200,2.537792909
2.423502600,2.533773813
2.423706100,2.529754709
2.423909500,2.525735613
2.424113000,2.521716509
2.424316400,2.517697413
2.424519900,2.509678309
2.424723300,2.505659213
2.424926800,2.501640108
2.425130200,2.497621013
2.425333700,2.489601908
2.425537100,2.485582813
2.425740600,2.481563708
2.425944000,2.477544613
2.426147500,2.473525508
2.426350900,2.469506413
2.426554400,2.461487308
2.426757800,2.457468213
2.426961300,2.453449108
2.427164700,2.449430013
2.427368200,2.441410908
2.427571600,2.437391813
2.427775100,2.433372708
2.427978500,2.429353613
2.428182000,2.425334508
2.428385400,2.421315412
2.428588900,2.413296308
2.428792300,2.409277212
2.428995800,2.405258108
2.429199200,2.397239012
2.429402700,2.393219908
2.429606100,2.389200812
2.429809600,2.385181707
2.430013000,2.377162612
2.430216500,2.373143507
2.430419900,2.373124412
2.430623400,2.365105307
2.430826800,2.361086212
2.431030300,2.357067107
2.431233700,2.349048012
2.431437200,2.345028907
2.431640600,2.341009812
2.431844100,2.336990707
2.432047500,2.324971612
2.432251000,2.320952507
2.432454400,2.316933412
2.432657900,2.308914307
2.432861300,2.304895212
2.433064800,2.300876107
2.433268200,2.292857012
2.433471700,2.288837907
2.433675100,2.284818811
2.433878600,2.280799707
2.434082000,2.268780611
2.434285500,2.264761507
2.434488900,2.260742411
2.434692400,2.252723307
2.434895800,2.244704211
2.435099300,2.240685106
2.435302700,2.232666011
2.435506200,2.228646906
2.435709600,2.220627811
2.435913100,2.216608706
2.436116500,2.208589611
2.436320000,2.200570506
2.436523400,2.196551411
2.436726900,2.188532306
2.436930300,2.180513211
2.437133800,2.176494106
2.437337200,2.164475011
2.437540700,2.160455906
2.437744100,2.156436811
2.437947600,2.144417706
2.438151000,2.140398611
2.438354500,2.132379506
2.438557900,2.128360410
2.438761400,2.116341306
2.438964800,2.112322210
2.439168300,2.108303106
2.439371700,2.096284010
2.439575200,2.092264906
2.439778600,2.084245810
2.439982100,2.076226706
2.440185500,2.072207610
2.440389000,2.064188505
2.440592400,2.060169410
2.440795900,2.048150305
2.440999300,2.044131210
2.441202800,2.040112105
2.441406300,2.028093001
2.441609700,2.024073905
2.441813200,2.020054800
2.442016600,2.008035705
2.442220100,2.004016600
2.442423500,1.999997505
2.442627000,1.995978400
2.442830400,1.987959305
2.443033900,1.979940200
2.443237300,1.975921105
2.443440800,1.967902000
2.443644200,1.963882905
2.443847700,1.959863800
2.444051100,1.951844705
2.444254600,1.947825600
2.444458000,1.943806505
2.444661500,1.939787400
2.444864900,1.931768305
2.445068400,1.927749200
2.445271800,1.923730104
2.445475300,1.919711000
2.445678700,1.915691904
2.445882200,1.911672800
2.446085600,1.903653704
2.446289100,1.903634600
2.446492500,1.899615504
2.446696000,1.895596399
2.446899400,1.891577304
2.447102900,1.887558199
2.447306300,1.887539104
2.447509800,1.879519999
2.447713200,1.879500904
2.447916700,1.875481799
2.448120100,1.871462704
2.448323600,1.871443599
2.448527000,1.867424504
2.448730500,1.863405399
2.448933900,1.863386304
2.449137400,1.859367199
2.449340800,1.859348104
2.449544300,1.855328999
2.449747700,1.851309904
2.449951200,1.851290799
2.450154600,1.847271704
2.450358100,1.847252599
2.450561500,1.847233503
2.450765000,1.843214399
2.450968400,1.843195303
2.451171900,1.839176199
2.451375300,1.839157103
2.451578800,1.835137999
2.451782200,1.835118903
2.451985700,1.835099798
2.452189100,1.831080703
2.452392600,1.831061598
2.452596000,1.827042503
2.452799500,1.827023398
2.453002900,1.827004303
2.453206400,1.822985198
2.453409800,1.822966103
2.453613300,1.818946998
2.453816700,1.818927903
2.454020200,1.818908798
2.454223600,1.814889703
2.454427100,1.814870598
2.454630500,1.810851503
2.454834000,1.810832398
2.455037400,1.806813303
2.455240900,1.806794198
2.455444300,1.806775102
2.455647800,1.802755998
2.455851200,1.798736902
2.456054700,1.798717798
2.456258100,1.794698702
2.456461600,1.794679598
2.456665000,1.790660502
2.456868500,1.790641398
2.457071900,1.786622302
2.457275400,1.786603197
2.457478800,1.782584102
2.457682300,1.778564997
2.457885700,1.778545902
2.458089200,1.774526797
2.458292600,1.770507702
2.458496100,1.770488597
2.458699500,1.766469502
2.458903000,1.762450397
2.459106400,1.758431302
2.459309900,1.758412197
2.459513300,1.754393102
2.459716800,1.750373997
2.459920200,1.746354902
2.460123700,1.746335797
2.460327100,1.738316702
2.460530600,1.738297597
2.460734000,1.734278501
2.460937500,1.730259397
2.461141000,1.726240292
2.461344400,1.722221197
2.461547900,1.718202092
2.461751300,1.714182997
2.461954800,1.714163892
2.462158200,1.710144796
2.462361700,1.702125692
2.462565100,1.702106596
2.462768600,1.698087492
2.462972000,1.690068396
2.463175500,1.686049292
2.463378900,1.686030196
2.463582400,1.678011091
2.463785800,1.673991996
2.463989300,1.669972891
2.464192700,1.665953796
2.464396200,1.661934691
2.464599600,1.657915596
2.464803100,1.653896491
2.465006500,1.645877396
2.465210000,1.641858291
2.465413400,1.641839196
2.465616900,1.633820091
2.465820300,1.629800996
2.466023800,1.625781891
2.466227200,1.621762796
2.466430700,1.613743691
2.466634100,1.609724596
2.466837600,1.609705491
2.467041000,1.601686396
2.467244500,1.597667291
2.467447900,1.593648195
2.467651400,1.585629091
2.467854800,1.581609995
2.468058300,1.577590891
2.468261700,1.573571795
2.468465200,1.569552691
2.468668600,1.565533595
2.468872100,1.561514490
2.469075500,1.553495395
2.469279000,1.549476290
2.469482400,1.545457195
2.469685900,1.541438090
2.469889300,1.537418995
2.470092800,1.533399890
2.470296200,1.525380795
2.470499700,1.525361690
2.470703100,1.521342595
2.470906600,1.517323490
2.471110000,1.509304395
2.471313500,1.509285290
2.471516900,1.505266195
2.471720400,1.497247090
2.471923800,1.497227995
2.472127300,1.493208890
2.472330700,1.485189794
2.472534200,1.485170690
2.472737600,1.481151594
2.472941100,1.477132490
2.473144500,1.473113394
2.473348000,1.473094290
2.473551400,1.469075194
2.473754900,1.465056090
2.473958300,1.461036994
2.474161800,1.461017889
2.474365200,1.456998794
2.474568700,1.452979689
2.474772100,1.452960594
2.474975600,1.452941489
2.475179000,1.448922394
2.475382500,1.444903289
2.475585900,1.444884194
2.475789400,1.444865089
2.475992800,1.440845994
2.476196300,1.440826889
2.476399700,1.440807794
2.476603200,1.436788689
2.476806600,1.436769594
2.477010100,1.436750489
2.477213500,1.436731394
2.477417000,1.436712289
2.477620400,1.436693193
2.477823900,1.436674089
2.478027300,1.436654993
2.478230800,1.436635889
2.478434200,1.436616793
2.478637700,1.436597689
2.478841100,1.436578593
2.479044600,1.436559488
2.479248000,1.436540393
2.479451500,1.436521288
2.479654900,1.436502193
2.479858400,1.440483088
2.480061800,1.440463993
2.480265300,1.440444888
2.480468800,1.444425784
2.480672200,1.444406688
2.480875700,1.444387583
2.481079100,1.448368488
2.481282600,1.448349383
2.481486000,1.452330288
2.481689500,1.452311183
2.481892900,1.456292088
2.482096400,1.456272983
2.482299800,1.456253888
2.482503300,1.460234783
2.482706700,1.460215688
2.482910200,1.464196583
2.483113600,1.468177488
2.483317100,1.468158383
2.483520500,1.472139288
2.483724000,1.472120183
2.483927400,1.476101088
2.484130900,1.476081983
2.484334300,1.480062887
2.484537800,1.484043783
2.484741200,1.484024687
2.484944700,1.488005583
2.485148100,1.491986487
2.485351600,1.491967383
2.485555000,1.495948287
2.485758500,1.499929182
2.485961900,1.499910087
2.486165400,1.503890982
2.486368800,1.503871887
2.486572300,1.507852782
2.486775700,1.507833687
2.486979200,1.511814582
2.487182600,1.515795487
2.487386100,1.515776382
2.487589500,1.519757287
2.487793000,1.523738182
2.487996400,1.523719087
2.488199900,1.527699982
2.488403300,1.527680887
2.488606800,1.531661782
2.488810200,1.535642687
2.489013700,1.535623582
2.489217100,1.539604486
2.489420600,1.543585382
2.489624000,1.543566286
2.489827500,1.547547182
2.490030900,1.551528086
2.490234400,1.551508982
2.490437800,1.555489886
2.490641300,1.559470782
2.490844700,1.559451686
2.491048200,1.563432581
2.491251600,1.567413486
2.491455100,1.567394381
2.491658500,1.571375286
2.491862000,1.575356181
2.492065400,1.575337086
2.492268900,1.579317981
2.492472300,1.579298886
2.492675800,1.583279781
2.492879200,1.587260686
2.493082700,1.587241581
2.493286100,1.591222486
2.493489600,1.591203381
2.493693000,1.595184286
2.493896500,1.599165181
2.494099900,1.599146086
2.494303400,1.603126981
2.494506800,1.603107885
2.494710300,1.607088781
2.494913700,1.611069685
2.495117200,1.611050581
2.495320600,1.615031485
2.495524100,1.619012381
2.495727500,1.618993285
2.495931000,1.622974180
2.496134400,1.626955085
2.496337900,1.626935980
2.496541300,1.630916885
2.496744800,1.634897780
2.496948200,1.634878685
2.497151700,1.634859580
2.497355100,1.638840485
2.497558600,1.642821380
2.497762000,1.642802285
2.497965500,1.646783180
2.498168900,1.650764085
2.498372400,1.650744980
2.498575800,1.654725885
2.498779300,1.654706780
2.498982700,1.658687685
2.499186200,1.658668580
2.499389600,1.662649485
2.499593100,1.666630380
2.499796500,1.666611284
2.500000000,1.670592180
2.500203500,1.670573075
2.500406900,1.674553980
2.500610400,1.678534875
2.500813800,1.678515780
2.501017300,1.678496675
2.501220700,1.682477579
2.501424200,1.686458475
2.501627600,1.686439379
2.501831100,1.686420275
2.502034500,1.690401179
2.502238000,1.694382075
2.502441400,1.694362979
2.502644900,1.698343874
2.502848300,1.698324779
2.503051800,1.702305674
2.503255200,1.702286579
2.503458700,1.706267474
2.503662100,1.706248379
2.503865600,1.710229274
2.504069000,1.714210179
2.504272500,1.714191074
2.504475900,1.714171979
2.504679400,1.718152874
2.504882800,1.722133779
2.505086300,1.722114674
2.505289700,1.726095579
2.505493200,1.726076474
2.505696600,1.730057379
2.505900100,1.730038274
2.506103500,1.734019178
2.506307000,1.734000074
2.506510400,1.737980978
2.506713900,1.741961874
2.506917300,1.741942778
2.507120800,1.745923674
2.507324200,1.745904578
2.507527700,1.749885474
2.507731100,1.749866378
2.507934600,1.753847273
2.508138000,1.757828178
2.508341500,1.757809073
2.508544900,1.761789978
2.508748400,1.761770873
2.508951800,1.765751778
2.509155300,1.765732673
2.509358700,1.769713578
2.509562200,1.773694473
2.509765600,1.773675378
2.509969100,1.777656273
2.510172500,1.781637178
2.510376000,1.781618073
2.510579400,1.785598978
2.510782900,1.789579873
2.510986300,1.789560778
2.511189800,1.793541673
2.511393200,1.797522577
2.511596700,1.797503473
2.511800100,1.801484377
2.512003600,1.801465273
2.512207000,1.805446177
2.512410500,1.809427073
2.512613900,1.809407977
2.512817400,1.813388872
2.513020800,1.817369777
2.513224300,1.821350672
2.513427700,1.825331577
2.513631200,1.825312472
2.513834600,1.829293377
2.514038100,1.829274272
2.514241500,1.833255177
2.514445000,1.837236072
2.514648400,1.837216977
2.514851900,1.841197872
2.515055300,1.845178777
2.515258800,1.845159672
2.515462200,1.853140577
2.515665700,1.853121472
2.515869100,1.857102377
2.516072600,1.861083272
2.516276000,1.861064177
2.516479500,1.865045072
2.516682900,1.865025976
2.516886400,1.869006872
2.517089800,1.872987776
2.517293300,1.876968672
2.517496700,1.880949576
2.517700200,1.880930472
2.517903600,1.884911376
2.518107100,1.888892271
2.518310500,1.888873176
2.518514000,1.892854071
2.518717400,1.892834976
2.518920900,1.900815871
2.519124300,1.900796776
2.519327800,1.904777671
2.519531300,1.908758566
2.519734700,1.908739471
2.519938200,1.912720366
2.520141600,1.916701271
2.520345100,1.920682166
2.520548500,1.920663071
2.520752000,1.924643966
2.520955400,1.928624871
2.521158900,1.932605766
2.521362300,1.932586671
2.521565800,1.940567566
2.521769200,1.940548471
2.521972700,1.944529366
2.522176100,1.948510271
2.522379600,1.952491166
2.522583000,1.952472071
2.522786500,1.956452966
2.522989900,1.960433871
2.523193400,1.964414766
2.523396800,1.964395670
2.523600300,1.972376566
2.523803700,1.972357470
2.524007200,1.976338366
2.524210600,1.980319270
2.524414100,1.984300166
2.524617500,1.984281070
2.524821000,1.992261965
2.525024400,1.992242870
2.525227900,1.996223765
2.525431300,2.000204670
2.525634800,2.004185565
2.525838200,2.008166470
2.526041700,2.008147365
2.526245100,2.016128270
2.526448600,2.016109165
2.526652000,2.020090070
2.526855500,2.024070965
2.527058900,2.028051870
2.527262400,2.032032765
2.527465800,2.032013670
2.527669300,2.039994565
2.527872700,2.039975470
2.528076200,2.043956365
2.528279600,2.047937269
2.528483100,2.051918165
2.528686500,2.051899069
2.528890000,2.059879965
2.529093400,2.059860869
2.529296900,2.063841765
2.529500300,2.063822669
2.529703800,2.071803564
2.529907200,2.071784469
2.530110700,2.075765364
2.530314100,2.079746269
2.530517600,2.083727164
2.530721000,2.083708069
2.530924500,2.091688964
2.531127900,2.091669869
2.531331400,2.095650764
2.531534800,2.095631669
2.531738300,2.099612564
2.531941700,2.103593469
2.532145200,2.107574364
2.532348600,2.111555269
2.532552100,2.111536164
2.532755500,2.115517069
2.532959000,2.119497964
2.533162400,2.119478869
2.533365900,2.123459764
2.533569300,2.127440668
2.533772800,2.127421564
2.533976200,2.131402468
2.534179700,2.131383364
2.534383100,2.135364268
2.534586600,2.139345164
2.534790000,2.139326068
2.534993500,2.143306963
2.535196900,2.147287868
2.535400400,2.147268763
2.535603800,2.151249668
2.535807300,2.155230563
2.536010700,2.155211468
2.536214200,2.159192363
2.536417600,2.163173268
2.536621100,2.163154163
2.536824500,2.167135068
2.537028000,2.171115963
2.537231400,2.171096868
2.537434900,2.175077763
2.537638300,2.179058668
2.537841800,2.179039563
2.538045200,2.179020468
2.538248700,2.183001363
2.538452100,2.186982267
2.538655600,2.186963163
2.538859000,2.190944067
2.539062500,2.194924963
2.539266000,2.194905858
2.539469400,2.194886763
2.539672900,2.198867658
2.539876300,2.202848563
2.540079800,2.202829458
2.540283200,2.206810362
2.540486700,2.206791258
2.540690100,2.210772162
2.540893600,2.210753058
2.541097000,2.214733962
2.541300500,2.218714858
2.541503900,2.218695762
2.541707400,2.222676657
2.541910800,2.222657562
2.542114300,2.226638457
2.542317700,2.226619362
2.542521200,2.230600257
2.542724600,2.230581162
2.542928100,2.230562057
2.543131500,2.234542962
2.543335000,2.238523857
2.543538400,2.238504762
2.543741900,2.242485657
2.543945300,2.242466562
2.544148800,2.242447457
2.544352200,2.246428362
2.544555700,2.246409257
2.544759100,2.250390162
2.544962600,2.250371057
2.545166000,2.254351961
2.545369500,2.254332857
2.545572900,2.254313761
2.545776400,2.258294657
2.545979800,2.258275561
2.546183300,2.258256457
2.546386700,2.262237361
2.546590200,2.262218256
2.546793600,2.266199161
2.546997100,2.266180056
2.547200500,2.266160961
2.547404000,2.270141856
2.547607400,2.270122761
2.547810900,2.270103656
2.548014300,2.270084561
2.548217800,2.274065456
2.548421200,2.274046361
2.548624700,2.274027256
2.548828100,2.274008161
2.549031600,2.277989056
2.549235000,2.277969961
2.549438500,2.277950856
2.549641900,2.277931761
2.549845400,2.281912656
2.550048800,2.281893561
2.550252300,2.281874456
2.550455700,2.281855360
2.550659200,2.281836256
2.550862600,2.285817160
2.551066100,2.285798056
2.551269500,2.285778960
2.551473000,2.285759856
2.551676400,2.285740760
2.551879900,2.285721655
2.552083300,2.285702560
2.552286800,2.289683455
2.552490200,2.289664360
2.552693700,2.289645255
2.552897100,2.289626160
2.553100600,2.289607055
2.553304000,2.289587960
2.553507500,2.289568855
2.553710900,2.289549760
2.553914400,2.293530655
2.554117800,2.293511560
2.554321300,2.293492455
2.554524700,2.293473360
2.554728200,2.293454255
2.554931600,2.293435160
2.555135100,2.293416055
2.555338500,2.293396959
2.555542000,2.293377855
2.555745400,2.293358759
2.555948900,2.293339655
2.556152300,2.297320559
2.556355800,2.297301455
2.556559200,2.297282359
2.556762700,2.297263255
2.556966100,2.297244159
2.557169600,2.297225054
2.557373000,2.297205959
2.557576500,2.297186854
2.557779900,2.297167759
2.557983400,2.297148654
2.558186800,2.297129559
2.558390300,2.297110454
2.558593800,2.297091349
2.558797200,2.301072254
2.559000700,2.301053149
2.559204100,2.301034054
2.559407600,2.301014949
2.559611000,2.300995854
2.559814500,2.300976749
2.560017900,2.300957654
2.560221400,2.300938549
2.560424800,2.300919454
2.560628300,2.300900349
2.560831700,2.300881254
2.561035200,2.300862149
2.561238600,2.300843054
2.561442100,2.300823949
2.561645500,2.300804854
2.561849000,2.300785749
2.562052400,2.300766653
2.562255900,2.300747549
2.562459300,2.300728453
2.562662800,2.300709349
2.562866200,2.300690253
2.563069700,2.300671149
2.563273100,2.300652053
2.563476600,2.300632949
2.563680000,2.300613853
2.563883500,2.300594748
2.564086900,2.300575653
2.564290400,2.300556548
2.564493800,2.300537453
2.564697300,2.300518348
2.564900700,2.300499253
2.565104200,2.300480148
2.565307600,2.300461053
2.565511100,2.300441948
2.565714500,2.300422853
2.565918000,2.300403748
2.566121400,2.300384653
2.566324900,2.300365548
2.566528300,2.296346453
2.566731800,2.296327348
2.566935200,2.296308253
2.567138700,2.296289148
2.567342100,2.296270052
2.567545600,2.296250948
2.567749000,2.292231852
2.567952500,2.292212748
2.568155900,2.292193652
2.568359400,2.292174548
2.568562800,2.292155452
2.568766300,2.288136347
2.568969700,2.288117252
2.569173200,2.288098147
2.569376600,2.284079052
2.569580100,2.284059947
2.569783500,2.284040852
2.569987000,2.284021747
2.570190400,2.280002652
2.570393900,2.279983547
2.570597300,2.279964452
2.570800800,2.275945347
2.571004200,2.275926252
2.571207700,2.275907147
2.571411100,2.271888052
2.571614600,2.271868947
2.571818000,2.271849852
2.572021500,2.267830747
2.572224900,2.267811651
2.572428400,2.267792547
2.572631800,2.263773451
2.572835300,2.263754347
2.573038700,2.259735251
2.573242200,2.259716147
2.573445600,2.255697051
2.573649100,2.255677947
2.573852500,2.255658851
2.574056000,2.251639746
2.574259400,2.251620651
2.574462900,2.251601546
2.574666300,2.247582451
2.574869800,2.247563346
2.575073200,2.243544251
2.575276700,2.243525146
2.575480100,2.239506051
2.575683600,2.239486946
2.575887000,2.239467851
2.576090500,2.235448746
2.576293900,2.235429651
2.576497400,2.231410546
2.576700800,2.231391451
2.576904300,2.227372346
2.577107700,2.227353251
2.577311200,2.227334146
2.577514600,2.223315050
2.577718100,2.223295946
2.577921500,2.219276850
2.578125000,2.219257746
2.578328500,2.215238641
2.578531900,2.215219546
2.578735400,2.211200441
2.578938800,2.211181345
2.579142300,2.211162241
2.579345700,2.207143145
2.579549200,2.207124041
2.579752600,2.203104945
2.579956100,2.203085841
2.580159500,2.199066745
2.580363000,2.199047641
2.580566400,2.199028545
2.580769900,2.195009440
2.580973300,2.190990345
2.581176800,2.190971240
2.581380200,2.186952145
2.581583700,2.186933040
2.581787100,2.186913945
2.581990600,2.182894840
2.582194000,2.182875745
2.582397500,2.178856640
2.582600900,2.178837545
2.582804400,2.174818440
2.583007800,2.174799345
2.583211300,2.170780240
2.583414700,2.170761145
2.583618200,2.166742040
2.583821600,2.166722945
2.584025100,2.162703840
2.584228500,2.162684744
2.584432000,2.158665640
2.584635400,2.158646544
2.584838900,2.154627440
2.585042300,2.154608344
2.585245800,2.150589240
2.585449200,2.146570144
2.585652700,2.146551039
2.585856100,2.142531944
2.586059600,2.142512839
2.586263000,2.138493744
2.586466500,2.138474639
2.586669900,2.134455544
2.586873400,2.130436439
2.587076800,2.130417344
2.587280300,2.126398239
2.587483700,2.122379144
2.587687200,2.122360039
2.587890600,2.118340944
2.588094100,2.118321839
2.588297500,2.114302744
2.588501000,2.110283639
2.588704400,2.110264544
2.588907900,2.106245439
2.589111300,2.102226343
2.589314800,2.102207239
2.589518200,2.098188143
2.589721700,2.094169039
2.589925100,2.090149943
2.590128600,2.090130839
2.590332000,2.086111743
2.590535500,2.082092639
2.590738900,2.082073543
2.590942400,2.074054438
2.591145800,2.074035343
2.591349300,2.070016238
2.591552700,2.065997143
2.591756200,2.061978038
2.591959600,2.061958943
2.592163100,2.053939838
2.592366500,2.053920743
2.592570000,2.049901638
2.592773400,2.045882543
2.592976900,2.041863438
2.593180300,2.037844343
2.593383800,2.037825238
2.593587200,2.029806143
2.593790700,2.029787038
2.593994100,2.025767943
2.594197600,2.021748838
2.594401000,2.017729742
2.594604500,2.013710638
2.594807900,2.013691542
2.595011400,2.005672438
2.595214800,2.005653342
2.595418300,2.001634238
2.595621700,1.993615142
2.595825200,1.993596037
2.596028600,1.989576942
2.596232100,1.981557837
2.596435500,1.981538742
2.596639000,1.977519637
2.596842400,1.973500542
2.597045900,1.969481437
2.597249300,1.965462342
2.597452800,1.961443237
2.597656300,1.957424132
2.597859700,1.953405037
2.598063200,1.949385932
2.598266600,1.945366837
2.598470100,1.941347732
2.598673500,1.937328637
2.598877000,1.937309532
2.599080400,1.929290437
2.599283900,1.929271332
2.599487300,1.925252237
2.599690800,1.917233132
2.599894200,1.917214037
2.600097700,1.913194932
2.600301100,1.905175837
2.600504600,1.905156732
2.600708000,1.901137637
2.600911500,1.897118532
2.601114900,1.893099436
2.601318400,1.889080332
2.601521800,1.885061236
2.601725300,1.881042132
2.601928700,1.877023036
2.602132200,1.877003932
2.602335600,1.868984836
2.602539100,1.864965731
2.602742500,1.864946636
2.602946000,1.856927531
2.603149400,1.856908436
2.603352900,1.852889331
2.603556300,1.848870236
2.603759800,1.844851131
2.603963200,1.840832036
2.604166700,1.840812931
2.604370100,1.832793836
2.604573600,1.832774731
2.604777000,1.828755636
2.604980500,1.824736531
2.605183900,1.820717436
2.605387400,1.816698331
2.605590800,1.816679236
2.605794300,1.808660131
2.605997700,1.808641036
2.606201200,1.804621931
2.606404600,1.800602835
2.606608100,1.796583731
2.606811500,1.796564635
2.607015000,1.788545531
2.607218400,1.788526435
2.607421900,1.784507331
2.607625300,1.780488235
2.607828800,1.776469130
2.608032200,1.772450035
2.608235700,1.772430930
2.608439100,1.764411835
2.608642600,1.764392730
2.608846000,1.760373635
2.609049500,1.756354530
2.609252900,1.752335435
2.609456400,1.752316330
2.609659800,1.744297235
2.609863300,1.744278130
2.610066700,1.740259035
2.610270200,1.736239930
2.610473600,1.732220835
2.610677100,1.728201730
2.610880500,1.728182635
2.611084000,1.720163530
2.611287400,1.716144434
2.611490900,1.716125330
2.611694300,1.708106234
2.611897800,1.708087130
2.612101200,1.704068034
2.612304700,1.700048930
2.612508100,1.696029834
2.612711600,1.692010729
2.612915000,1.691991634
2.613118500,1.683972529
2.613321900,1.683953434
2.613525400,1.679934329
2.613728800,1.671915234
2.613932300,1.671896129
2.614135700,1.667877034
2.614339200,1.663857929
2.614542600,1.659838834
2.614746100,1.655819729
2.614949500,1.651800634
2.615153000,1.647781529
2.615356400,1.643762434
2.615559900,1.643743329
2.615763300,1.635724234
2.615966800,1.635705129
2.616170200,1.631686034
2.616373700,1.627666929
2.616577100,1.623647833
2.616780600,1.619628729
2.616984000,1.615609633
2.617187500,1.611590529
2.617391000,1.607571424
2.617594400,1.603552329
2.617797900,1.599533224
2.618001300,1.595514128
2.618204800,1.595495024
2.618408200,1.591475928
2.618611700,1.587456824
2.618815100,1.583437728
2.619018600,1.579418624
2.619222000,1.575399528
2.619425500,1.571380423
2.619628900,1.571361328
2.619832400,1.563342223
2.620035800,1.563323128
2.620239300,1.559304023
2.620442700,1.555284928
2.620646200,1.551265823
2.620849600,1.547246728
2.621053100,1.547227623
2.621256500,1.539208528
2.621460000,1.539189423
2.621663400,1.535170328
2.621866900,1.531151223
2.622070300,1.527132128
2.622273800,1.523113023
2.622477200,1.519093928
2.622680700,1.519074823
2.622884100,1.515055728
2.623087600,1.511036623
2.623291000,1.507017527
2.623494500,1.506998423
2.623697900,1.502979327
2.623901400,1.498960223
2.624104800,1.494941127
2.624308300,1.494922023
2.624511700,1.490902927
2.624715200,1.486883822
2.624918600,1.486864727
2.625122100,1.482845622
2.625325500,1.478826527
2.625529000,1.474807422
2.625732400,1.474788327
2.625935900,1.470769222
2.626139300,1.466750127
2.626342800,1.466731022
2.626546200,1.462711927
2.626749700,1.458692822
2.626953100,1.458673727
2.627156600,1.454654622
2.627360000,1.450635527
2.627563500,1.450616422
2.627766900,1.450597327
2.627970400,1.446578222
2.628173800,1.442559126
2.628377300,1.442540022
2.628580700,1.438520926
2.628784200,1.438501822
2.628987600,1.434482726
2.629191100,1.430463622
2.629394500,1.430444526
2.629598000,1.426425421
2.629801400,1.426406326
2.630004900,1.422387221
2.630208300,1.422368126
2.630411800,1.418349021
2.630615200,1.418329926
2.630818700,1.414310821
2.631022100,1.414291726
2.631225600,1.410272621
2.631429000,1.410253526
2.631632500,1.406234421
2.631835900,1.406215326
2.632039400,1.402196221
2.632242800,1.402177126
2.632446300,1.402158021
2.632649700,1.398138926
2.632853200,1.398119821
2.633056600,1.394100726
2.633260100,1.390081621
2.633463500,1.390062525
2.633667000,1.390043421
2.633870400,1.386024325
2.634073900,1.386005221
2.634277300,1.381986125
2.634480800,1.381967021
2.634684200,1.377947925
2.634887700,1.377928820
2.635091100,1.373909725
2.635294600,1.373890620
2.635498000,1.369871525
2.635701500,1.369852420
2.635904900,1.365833325
2.636108400,1.365814220
2.636311800,1.361795125
2.636515300,1.361776020
2.636718800,1.357756915
2.636922200,1.357737820
2.637125700,1.353718715
2.637329100,1.349699620
2.637532600,1.349680515
2.637736000,1.349661420
2.637939500,1.345642315
2.638142900,1.341623220
2.638346400,1.341604115
2.638549800,1.341585020
2.638753300,1.337565915
2.638956700,1.333546820
2.639160200,1.333527715
2.639363600,1.329508620
2.639567100,1.329489515
2.639770500,1.325470420
2.639974000,1.321451315
2.640177400,1.321432219
2.640380900,1.321413115
2.640584300,1.317394019
2.640787800,1.313374915
2.640991200,1.313355819
2.641194700,1.309336715
2.641398100,1.309317619
2.641601600,1.305298514
2.641805000,1.305279419
2.642008500,1.301260314
2.642211900,1.297241219
2.642415400,1.297222114
2.642618800,1.297203019
2.642822300,1.293183914
2.643025700,1.289164819
2.643229200,1.289145714
2.643432600,1.285126619
2.643636100,1.281107514
2.643839500,1.281088419
2.644043000,1.277069314
2.644246400,1.277050219
2.644449900,1.273031114
2.644653300,1.273012019
2.644856800,1.268992914
2.645060200,1.264973818
2.645263700,1.264954714
2.645467100,1.260935618
2.645670600,1.260916514
2.645874000,1.256897418
2.646077500,1.252878314
2.646280900,1.252859218
2.646484400,1.248840114
2.646687800,1.248821018
2.646891300,1.244801913
2.647094700,1.240782818
2.647298200,1.240763713
2.647501600,1.236744618
2.647705100,1.232725513
2.647908500,1.228706418
2.648112000,1.224687313
2.648315400,1.224668218
2.648518900,1.220649113
2.648722300,1.216630018
2.648925800,1.216610913
2.649129200,1.212591818
2.649332700,1.208572713
2.649536100,1.204553618
2.649739600,1.204534513
2.649943000,1.200515418
2.650146500,1.196496313
2.650349900,1.192477217
2.650553400,1.192458113
2.650756800,1.184439017
2.650960300,1.184419913
2.651163700,1.180400817
2.651367200,1.176381713
2.651570600,1.172362617
2.651774100,1.168343512
2.651977500,1.168324417
2.652181000,1.160305312
2.652384400,1.160286217
2.652587900,1.156267112
2.652791300,1.152248017
2.652994800,1.148228912
2.653198200,1.144209817
2.653401700,1.144190712
2.653605100,1.136171617
2.653808600,1.136152512
2.654012000,1.132133417
2.654215500,1.128114312
2.654418900,1.124095217
2.654622400,1.120076112
2.654825800,1.116057017
2.655029300,1.112037912
2.655232700,1.112018816
2.655436200,1.107999712
2.655639600,1.103980616
2.655843100,1.099961512
2.656046500,1.095942416
2.656250000,1.091923312
2.656453500,1.091904207
2.656656900,1.087885112
2.656860400,1.083866007
2.657063800,1.079846911
2.657267300,1.075827807
2.657470700,1.071808711
2.657674200,1.071789607
2.657877600,1.067770511
2.658081100,1.067751407
2.658284500,1.059732311
2.658488000,1.059713206
2.658691400,1.055694111
2.658894900,1.051675006
2.659098300,1.051655911
2.659301800,1.047636806
2.659505200,1.047617711
2.659708700,1.043598606
2.659912100,1.043579511
2.660115600,1.039560406
2.660319000,1.035541311
2.660522500,1.035522206
2.660725900,1.035503111
2.660929400,1.031484006
2.661132800,1.031464911
2.661336300,1.027445806
2.661539700,1.027426711
2.661743200,1.027407606
2.661946600,1.023388510
2.662150100,1.023369406
2.662353500,1.023350310
2.662557000,1.019331206
2.662760400,1.019312110
2.662963900,1.019293006
2.663167300,1.019273910
2.663370800,1.019254806
2.663574200,1.019235710
2.663777700,1.015216605
2.663981100,1.015197510
2.664184600,1.015178405
2.664388000,1.015159310
2.664591500,1.015140205
2.664794900,1.015121110
2.664998400,1.019102005
2.665201800,1.019082910
2.665405300,1.019063805
2.665608700,1.019044710
2.665812200,1.019025605
2.666015600,1.019006510
2.666219100,1.018987405
2.666422500,1.022968310
2.666626000,1.022949205
2.666829400,1.022930110
2.667032900,1.026911005
2.667236300,1.026891909
2.667439800,1.030872805
2.667643200,1.030853709
2.667846700,1.034834605
2.668050100,1.034815509
2.668253600,1.038796405
2.668457000,1.038777309
2.668660500,1.042758204
2.668863900,1.042739109
2.669067400,1.046720004
2.669270800,1.046700909
2.669474300,1.050681804
2.669677700,1.054662709
2.669881200,1.054643604
2.670084600,1.058624509
2.670288100,1.062605404
2.670491500,1.066586309
2.670695000,1.066567204
2.670898400,1.070548109
2.671101900,1.074529004
2.671305300,1.074509909
2.671508800,1.078490804
2.671712200,1.082471709
2.671915700,1.086452604
2.672119100,1.090433508
2.672322600,1.094414404
2.672526000,1.094395308
2.672729500,1.098376204
2.672932900,1.102357108
2.673136400,1.106338004
2.673339800,1.110318908
2.673543300,1.110299804
2.673746700,1.118280708
2.673950200,1.118261603
2.674153600,1.122242508
2.674357100,1.126223403
2.674560500,1.130204308
2.674764000,1.134185203
2.674967400,1.134166108
2.675170900,1.142147003
2.675374300,1.142127908
2.675577800,1.146108803
2.675781300,1.150089698
2.675984700,1.154070603
2.676188200,1.154051498
2.676391600,1.162032403
2.676595100,1.162013298
2.676798500,1.165994203
2.677002000,1.169975098
2.677205400,1.173956003
2.677408900,1.173936898
2.677612300,1.177917803
2.677815800,1.181898698
2.678019200,1.185879603
2.678222700,1.185860498
2.678426100,1.189841403
2.678629600,1.193822298
2.678833000,1.197803202
2.679036500,1.201784098
2.679239900,1.201765002
2.679443400,1.205745898
2.679646800,1.205726802
2.679850300,1.209707698
2.680053700,1.213688602
2.680257200,1.213669498
2.680460600,1.217650402
2.680664100,1.221631297
2.680867500,1.221612202
2.681071000,1.225593097
2.681274400,1.229574002
2.681477900,1.229554897
2.681681300,1.233535802
2.681884800,1.237516697
2.682088200,1.237497602
2.682291700,1.241478497
2.682495100,1.245459402
2.682698600,1.245440297
2.682902000,1.249421202
2.683105500,1.253402097
2.683308900,1.253383002
2.683512400,1.257363897
2.683715800,1.257344802
2.683919300,1.261325697
2.684122700,1.265306601
2.684326200,1.265287497
2.684529600,1.269268401
2.684733100,1.269249297
2.684936500,1.273230201
2.685140000,1.277211097
2.685343400,1.277192001
2.685546900,1.281172896
2.685750300,1.281153801
2.685953800,1.285134696
2.686157200,1.289115601
2.686360700,1.289096496
2.686564100,1.293077401
2.686767600,1.297058296
2.686971000,1.297039201
2.687174500,1.301020096
2.687377900,1.305001001
2.687581400,1.304981896
2.687784800,1.308962801
2.687988300,1.312943696
2.688191700,1.312924601
2.688395200,1.316905496
2.688598600,1.316886401
2.688802100,1.320867296
2.689005500,1.320848201
2.689209000,1.324829096
2.689412400,1.328810000
2.689615900,1.328790896
2.689819300,1.332771800
2.690022800,1.336752696
2.690226200,1.336733600
2.690429700,1.340714496
2.690633100,1.344695400
2.690836600,1.344676295
2.691040000,1.348657200
2.691243500,1.352638095
2.691446900,1.352619000
2.691650400,1.352599895
2.691853800,1.356580800
2.692057300,1.360561695
2.692260700,1.360542600
2.692464200,1.364523495
2.692667600,1.364504400
2.692871100,1.368485295
2.693074500,1.368466200
2.693278000,1.372447095
2.693481400,1.372428000
2.693684900,1.376408895
2.693888300,1.380389800
2.694091800,1.380370695
2.694295200,1.380351599
2.694498700,1.384332495
2.694702100,1.384313399
2.694905600,1.388294295
2.695109000,1.388275199
2.695312500,1.392256095
2.695516000,1.392236990
2.695719400,1.392217894
2.695922900,1.396198790
2.696126300,1.396179694
2.696329800,1.400160590
2.696533200,1.400141494
2.696736700,1.400122390
2.696940100,1.404103294
2.697143600,1.404084190
2.697347000,1.404065094
2.697550500,1.408045989
2.697753900,1.408026894
2.697957400,1.408007789
2.698160800,1.407988694
2.698364300,1.411969589
2.698567700,1.411950494
2.698771200,1.411931389
2.698974600,1.411912294
2.699178100,1.415893189
2.699381500,1.415874094
2.699585000,1.415854989
2.699788400,1.415835894
2.699991900,1.415816789
2.700195300,1.419797694
2.700398800,1.419778589
2.700602200,1.419759494
2.700805700,1.419740389
2.701009100,1.419721293
2.701212600,1.419702189
2.701416000,1.419683093
2.701619500,1.419663989
2.701822900,1.423644893
2.702026400,1.423625789
2.702229800,1.423606693
2.702433300,1.423587588
2.702636700,1.423568493
2.702840200,1.423549388
2.703043600,1.423530293
2.703247100,1.423511188
2.703450500,1.423492093
2.703654000,1.423472988
2.703857400,1.423453893
2.704060900,1.423434788
2.704264300,1.423415693
2.704467800,1.423396588
2.704671200,1.423377493
2.704874700,1.423358388
2.705078100,1.423339293
2.705281600,1.423320188
2.705485000,1.423301093
2.705688500,1.423281988
2.705891900,1.423262893
2.706095400,1.419243788
2.706298800,1.419224692
2.706502300,1.419205588
2.706705700,1.419186492
2.706909200,1.419167388
2.707112600,1.419148292
2.707316100,1.419129188
2.707519500,1.419110092
2.707723000,1.419090987
2.707926400,1.419071892
2.708129900,1.415052787
2.708333300,1.415033692
2.708536800,1.415014587
2.708740200,1.414995492
2.708943700,1.414976387
2.709147100,1.414957292
2.709350600,1.410938187
2.709554000,1.410919092
2.709757500,1.410899987
2.709960900,1.410880892
2.710164400,1.410861787
2.710367800,1.406842692
2.710571300,1.406823587
2.710774700,1.406804492
2.710978200,1.406785387
2.711181600,1.406766291
2.711385100,1.402747187
2.711588500,1.402728091
2.711792000,1.402708987
2.711995400,1.402689891
2.712198900,1.398670787
2.712402300,1.398651691
2.712605800,1.398632586
2.712809200,1.394613491
2.713012700,1.394594386
2.713216100,1.394575291
2.713419600,1.390556186
2.713623000,1.390537091
2.713826500,1.390517986
2.714029900,1.390498891
2.714233400,1.386479786
2.714436800,1.386460691
2.714640300,1.386441586
2.714843800,1.382422481
2.715047200,1.382403386
2.715250700,1.378384281
2.715454100,1.378365186
2.715657600,1.374346081
2.715861000,1.374326986
2.716064500,1.370307881
2.716267900,1.370288786
2.716471400,1.370269681
2.716674800,1.366250586
2.716878300,1.366231481
2.717081700,1.362212386
2.717285200,1.362193281
2.717488600,1.358174186
2.717692100,1.358155081
2.717895500,1.354135985
2.718099000,1.350116881
2.718302400,1.350097785
2.718505900,1.350078681
2.718709300,1.346059585
2.718912800,1.342040481
2.719116200,1.342021385
2.719319700,1.338002280
2.719523100,1.333983185
2.719726600,1.333964080
2.719930000,1.329944985
2.720133500,1.325925880
2.720336900,1.325906785
2.720540400,1.321887680
2.720743800,1.321868585
2.720947300,1.313849480
2.721150700,1.313830385
2.721354200,1.309811280
2.721557600,1.305792185
2.721761100,1.301773080
2.721964500,1.301753985
2.722168000,1.293734880
2.722371400,1.293715785
2.722574900,1.289696680
2.722778300,1.289677585
2.722981800,1.281658480
2.723185200,1.277639384
2.723388700,1.277620280
2.723592100,1.269601184
2.723795600,1.269582080
2.723999000,1.265562984
2.724202500,1.257543880
2.724405900,1.257524784
2.724609400,1.253505679
2.724812800,1.245486584
2.725016300,1.241467479
2.725219700,1.241448384
2.725423200,1.237429279
2.725626600,1.229410184
2.725830100,1.225391079
2.726033500,1.225371984
2.726237000,1.217352879
2.726440400,1.213333784
2.726643900,1.209314679
2.726847300,1.201295584
2.727050800,1.197276479
2.727254200,1.197257384
2.727457700,1.193238279
2.727661100,1.185219184
2.727864600,1.181200079
2.728068000,1.177180983
2.728271500,1.169161879
2.728474900,1.165142783
2.728678400,1.161123679
2.728881800,1.153104583
2.729085300,1.149085479
2.729288700,1.145066383
2.729492200,1.141047279
2.729695600,1.133028183
2.729899100,1.129009078
2.730102500,1.120989983
2.730306000,1.112970878
2.730509400,1.108951783
2.730712900,1.104932678
2.730916300,1.096913583
2.731119800,1.092894478
2.731323200,1.084875383
2.731526700,1.080856278
2.731730100,1.072837183
2.731933600,1.068818078
2.732137000,1.064798983
2.732340500,1.052779878
2.732543900,1.048760783
2.732747400,1.044741678
2.732950800,1.032722583
2.733154300,1.028703478
2.733357700,1.024684382
2.733561200,1.012665278
2.733764600,1.008646182
2.733968100,1.000627078
2.734171500,0.996607982
2.734375000,0.984588878
2.734578500,0.980569773
2.734781900,0.972550677
2.734985400,0.964531573
2.735188800,0.956512477
2.735392300,0.952493373
2.735595700,0.940474277
2.735799200,0.936455173
2.736002600,0.928436077
2.736206100,0.924416972
2.736409500,0.912397877
2.736613000,0.904378772
2.736816400,0.900359677
2.737019900,0.888340572
2.737223300,0.880321477
2.737426800,0.876302372
2.737630200,0.864283277
2.737833700,0.856264172
2.738037100,0.852245077
2.738240600,0.844225972
2.738444000,0.832206877
2.738647500,0.824187772
2.738850900,0.820168677
2.739054400,0.804149572
2.739257800,0.800130477
2.739461300,0.792111372
2.739664700,0.780092277
2.739868200,0.772073172
2.740071600,0.768054076
2.740275100,0.760034972
2.740478500,0.748015876
2.740682000,0.739996772
2.740885400,0.731977676
2.741088900,0.719958572
2.741292300,0.711939476
2.741495800,0.707920371
2.741699200,0.691901276
2.741902700,0.687882171
2.742106100,0.679863076
2.742309600,0.671843971
2.742513000,0.659824876
2.742716500,0.651805771
2.742919900,0.643786676
2.743123400,0.631767571
2.743326800,0.623748476
2.743530300,0.615729371
2.743733700,0.603710276
2.743937200,0.595691171
2.744140600,0.587672076
2.744344100,0.575652971
2.744547500,0.567633876
2.744751000,0.559614771
2.744954400,0.555595675
2.745157900,0.539576571
2.745361300,0.531557475
2.745564800,0.527538371
2.745768200,0.511519275
2.745971700,0.503500171
2.746175100,0.499481075
2.746378600,0.483461971
2.746582000,0.475442875
2.746785500,0.467423770
2.746988900,0.463404675
2.747192400,0.447385570
2.747395800,0.439366475
2.747599300,0.431347370
2.747802700,0.419328275
2.748006200,0.411309170
2.748209600,0.403290075
2.748413100,0.391270970
2.748616500,0.383251875
2.748820000,0.375232770
2.749023400,0.367213675
2.749226900,0.355194570
2.749430300,0.347175475
2.749633800,0.339156370
2.749837200,0.323137275
2.750040700,0.315118170
2.750244100,0.311099074
2.750447600,0.295079970
2.750651000,0.287060874
2.750854500,0.279041770
2.751057900,0.271022674
2.751261400,0.259003570
2.751464800,0.250984474
2.751668300,0.242965369
2.751871700,0.226946274
2.752075200,0.218927169
2.752278600,0.210908074
2.752482100,0.198888969
2.752685500,0.190869874
2.752889000,0.182850769
2.753092400,0.166831674
2.753295900,0.158812569
2.753499300,0.150793474
2.753702800,0.142774369
2.753906300,0.126755264
2.754109700,0.122736169
2.754313200,0.114717064
2.754516600,0.098697969
2.754720100,0.090678864
2.754923500,0.082659769
2.755127000,0.066640664
2.755330400,0.058621569
2.755533900,0.050602464
2.755737300,0.042583369
2.755940800,0.026564264
2.756144200,0.018545169
2.756347700,0.010526064
2.756551100,-0.005493031
2.756754600,-0.013512136
2.756958000,-0.021531232
2.757161500,-0.037550336
2.757364900,-0.045569432
2.757568400,-0.053588536
2.757771800,-0.061607632
2.757975300,-0.077626736
2.758178700,-0.085645832
2.758382200,-0.093664937
2.758585600,-0.113684032
2.758789100,-0.121703137
2.758992500,-0.129722232
2.759196000,-0.145741337
2.759399400,-0.153760432
2.759602900,-0.161779537
2.759806300,-0.169798632
2.760009800,-0.185817737
2.760213200,-0.197836832
2.760416700,-0.205855937
2.760620100,-0.221875032
2.760823600,-0.229894137
2.761027000,-0.237913232
2.761230500,-0.253932337
2.761433900,-0.265951432
2.761637400,-0.273970537
2.761840800,-0.281989633
2.762044300,-0.298008737
2.762247700,-0.306027833
2.762451200,-0.318046937
2.762654600,-0.334066033
2.762858100,-0.342085137
2.763061500,-0.350104233
2.763265000,-0.370123337
2.763468400,-0.378142433
2.763671900,-0.386161538
2.763875300,-0.406180633
2.764078800,-0.414199738
2.764282200,-0.422218833
2.764485700,-0.430237938
2.764689100,-0.450257033
2.764892600,-0.458276138
2.765096000,-0.466295233
2.765299500,-0.486314338
2.765502900,-0.494333433
2.765706400,-0.502352538
2.765909800,-0.522371633
2.766113300,-0.530390738
2.766316700,-0.538409833
2.766520200,-0.550428938
2.766723600,-0.566448033
2.766927100,-0.578467138
2.767130500,-0.586486234
2.767334000,-0.606505338
2.767537400,-0.614524434
2.767740900,-0.622543538
2.767944300,-0.642562634
2.768147800,-0.650581738
2.768351200,-0.662600834
2.768554700,-0.670619939
2.768758100,-0.690639034
2.768961600,-0.698658139
2.769165000,-0.706677234
2.769368500,-0.726696339
2.769571900,-0.738715434
2.769775400,-0.746734539
2.769978800,-0.766753634
2.770182300,-0.774772739
2.770385700,-0.782791834
2.770589200,-0.794810939
2.770792600,-0.814830034
2.770996100,-0.822849139
2.771199500,-0.830868234
2.771403000,-0.850887339
2.771606400,-0.862906434
2.771809900,-0.870925539
2.772013300,-0.890944634
2.772216800,-0.898963739
2.772420200,-0.906982835
2.772623700,-0.927001939
2.772827100,-0.939021035
2.773030600,-0.947040139
2.773234000,-0.955059235
2.773437500,-0.975078339
2.773641000,-0.983097444
2.773844400,-0.991116540
2.774047900,-1.011135644
2.774251300,-1.019154740
2.774454800,-1.027173844
2.774658200,-1.047192940
2.774861700,-1.055212044
2.775065100,-1.063231140
2.775268600,-1.071250245
2.775472000,-1.087269340
2.775675500,-1.095288445
2.775878900,-1.107307540
2.776082400,-1.123326645
2.776285800,-1.131345740
2.776489300,-1.139364845
2.776692700,-1.151383940
2.776896200,-1.159403045
2.777099600,-1.167422140
2.777303100,-1.175441245
2.777506500,-1.187460340
2.777710000,-1.195479445
2.777913400,-1.203498540
2.778116900,-1.215517645
2.778320300,-1.223536740
2.778523800,-1.227555845
2.778727200,-1.239574941
2.778930700,-1.247594045
2.779134100,-1.251613141
2.779337600,-1.255632245
2.779541000,-1.267651341
2.779744500,-1.271670445
2.779947900,-1.275689541
2.780151400,-1.287708645
2.780354800,-1.291727741
2.780558300,-1.295746846
2.780761700,-1.303765941
2.780965200,-1.307785046
2.781168600,-1.311804141
2.781372100,-1.315823246
2.781575500,-1.319842341
2.781779000,-1.323861446
2.781982400,-1.327880541
2.782185900,-1.331899646
2.782389300,-1.335918741
2.782592800,-1.335937846
2.782796200,-1.339956941
2.782999700,-1.343976046
2.783203100,-1.343995141
2.783406600,-1.348014246
2.783610000,-1.352033341
2.783813500,-1.352052446
2.784016900,-1.352071542
2.784220400,-1.356090646
2.784423800,-1.356109742
2.784627300,-1.356128846
2.784830700,-1.356147942
2.785034200,-1.356167046
2.785237600,-1.356186142
2.785441100,-1.360205247
2.785644500,-1.360224342
2.785848000,-1.360243447
2.786051400,-1.360262542
2.786254900,-1.356281647
2.786458300,-1.356300742
2.786661800,-1.356319847
2.786865200,-1.356338942
2.787068700,-1.356358047
2.787272100,-1.356377142
2.787475600,-1.352396247
2.787679000,-1.352415342
2.787882500,-1.352434447
2.788085900,-1.352453542
2.788289400,-1.348472647
2.788492800,-1.348491742
2.788696300,-1.348510847
2.788899700,-1.344529942
2.789103200,-1.344549047
2.789306600,-1.340568143
2.789510100,-1.340587247
2.789713500,-1.336606343
2.789917000,-1.336625447
2.790120400,-1.336644543
2.790323900,-1.332663647
2.790527300,-1.332682743
2.790730800,-1.328701848
2.790934200,-1.328720943
2.791137700,-1.324740048
2.791341100,-1.324759143
2.791544600,-1.320778248
2.791748000,-1.320797343
2.791951500,-1.316816448
2.792154900,-1.316835543
2.792358400,-1.312854648
2.792561800,-1.312873743
2.792765300,-1.308892848
2.792968800,-1.308911953
2.793172200,-1.304931048
2.793375700,-1.304950153
2.793579100,-1.300969248
2.793782600,-1.300988353
2.793986000,-1.297007448
2.794189500,-1.293026553
2.794392900,-1.293045648
2.794596400,-1.293064753
2.794799800,-1.289083848
2.795003300,-1.285102953
2.795206700,-1.285122048
2.795410200,-1.285141153
2.795613600,-1.281160249
2.795817100,-1.277179353
2.796020500,-1.277198449
2.796224000,-1.273217553
2.796427400,-1.273236649
2.796630900,-1.269255753
2.796834300,-1.269274849
2.797037800,-1.265293953
2.797241200,-1.265313049
2.797444700,-1.261332154
2.797648100,-1.261351249
2.797851600,-1.257370354
2.798055000,-1.257389449
2.798258500,-1.253408554
2.798461900,-1.253427649
2.798665400,-1.249446754
2.798868800,-1.249465849
2.799072300,-1.245484954
2.799275700,-1.245504049
2.799479200,-1.241523154
2.799682600,-1.241542249
2.799886100,-1.237561354
2.800089500,-1.237580449
2.800293000,-1.233599554
2.800496400,-1.233618649
2.800699900,-1.229637754
2.800903300,-1.229656850
2.801106800,-1.225675954
2.801310200,-1.225695050
2.801513700,-1.225714154
2.801717100,-1.221733250
2.801920600,-1.221752354
2.802124000,-1.217771450
2.802327500,-1.217790555
2.802530900,-1.213809650
2.802734400,-1.213828755
2.802937800,-1.209847850
2.803141300,-1.209866955
2.803344700,-1.209886050
2.803548200,-1.205905155
2.803751600,-1.205924250
2.803955100,-1.201943355
2.804158500,-1.201962450
2.804362000,-1.201981555
2.804565400,-1.198000650
2.804768900,-1.198019755
2.804972300,-1.194038850
2.805175800,-1.194057955
2.805379200,-1.194077050
2.805582700,-1.194096155
2.805786100,-1.190115250
2.805989600,-1.190134355
2.806193000,-1.186153451
2.806396500,-1.186172555
2.806599900,-1.186191651
2.806803400,-1.182210755
2.807006800,-1.182229851
2.807210300,-1.182248955
2.807413700,-1.178268051
2.807617200,-1.178287156
2.807820600,-1.178306251
2.808024100,-1.174325356
2.808227500,-1.174344451
2.808431000,-1.174363556
2.808634400,-1.170382651
2.808837900,-1.170401756
2.809041300,-1.170420851
2.809244800,-1.166439956
2.809448200,-1.166459051
2.809651700,-1.166478156
2.809855100,-1.166497251
2.810058600,-1.162516356
2.810262000,-1.162535451
2.810465500,-1.162554556
2.810668900,-1.162573651
2.810872400,-1.158592756
2.811075800,-1.158611852
2.811279300,-1.158630956
2.811482700,-1.154650052
2.811686200,-1.154669156
2.811889600,-1.154688252
2.812093100,-1.154707356
2.812296500,-1.150726452
2.812500000,-1.150745556
2.812703500,-1.150764661
2.812906900,-1.150783757
2.813110400,-1.146802861
2.813313800,-1.146821957
2.813517300,-1.146841061
2.813720700,-1.142860157
2.813924200,-1.142879261
2.814127600,-1.142898357
2.814331100,-1.142917462
2.814534500,-1.142936557
2.814738000,-1.138955662
2.814941400,-1.138974757
2.815144900,-1.138993862
2.815348300,-1.139012957
2.815551800,-1.139032062
2.815755200,-1.135051157
2.815958700,-1.135070262
2.816162100,-1.135089357
2.816365600,-1.135108462
2.816569000,-1.131127557
2.816772500,-1.131146662
2.816975900,-1.131165757
2.817179400,-1.131184862
2.817382800,-1.131203957
2.817586300,-1.131223062
2.817789700,-1.127242158
2.817993200,-1.127261262
2.818196600,-1.127280358
2.818400100,-1.127299462
2.818603500,-1.127318558
2.818807000,-1.127337662
2.819010400,-1.127356758
2.819213900,-1.127375863
2.819417300,-1.127394958
2.819620800,-1.123414063
2.819824200,-1.123433158
2.820027700,-1.123452263
2.820231100,-1.123471358
2.820434600,-1.123490463
2.820638000,-1.123509558
2.820841500,-1.123528663
2.821044900,-1.123547758
2.821248400,-1.123566863
2.821451800,-1.123585958
2.821655300,-1.123605063
2.821858700,-1.123624158
2.822062200,-1.123643263
2.822265600,-1.123662358
2.822469100,-1.123681463
2.822672500,-1.123700558
2.822876000,-1.123719663
2.823079400,-1.123738759
2.823282900,-1.123757863
2.823486300,-1.123776959
2.823689800,-1.123796063
2.823893200,-1.123815159
2.824096700,-1.123834263
2.824300100,-1.123853359
2.824503600,-1.123872464
2.824707000,-1.119891559
2.824910500,-1.119910664
2.825113900,-1.119929759
2.825317400,-1.119948864
2.825520800,-1.119967959
2.825724300,-1.119987064
2.825927700,-1.120006159
2.826131200,-1.120025264
2.826334600,-1.120044359
2.826538100,-1.116063464
2.826741500,-1.116082559
2.826945000,-1.116101664
2.827148400,-1.116120759
2.827351900,-1.112139864
2.827555300,-1.112158959
2.827758800,-1.112178064
2.827962200,-1.108197160
2.828165700,-1.108216264
2.828369100,-1.108235360
2.828572600,-1.104254464
2.828776000,-1.104273560
2.828979500,-1.100292664
2.829182900,-1.100311760
2.829386400,-1.096330864
2.829589800,-1.096349960
2.829793300,-1.092369065
2.829996700,-1.088388160
2.830200200,-1.088407265
2.830403600,-1.084426360
2.830607100,-1.080445465
2.830810500,-1.080464560
2.831014000,-1.076483665
2.831217400,-1.072502760
2.831420900,-1.072521865
2.831624300,-1.068540960
2.831827800,-1.064560065
2.832031300,-1.060579170
2.832234700,-1.060598265
2.832438200,-1.056617370
2.832641600,-1.052636465
2.832845100,-1.048655570
2.833048500,-1.044674665
2.833252000,-1.040693770
2.833455400,-1.036712865
2.833658900,-1.032731970
2.833862300,-1.032751065
2.834065800,-1.024770170
2.834269200,-1.020789265
2.834472700,-1.016808370
2.834676100,-1.012827466
2.834879600,-1.008846570
2.835083000,-1.004865666
2.835286500,-1.000884770
2.835489900,-0.996903866
2.835693400,-0.992922970
2.835896800,-0.988942066
2.836100300,-0.984961170
2.836303700,-0.980980266
2.836507200,-0.976999371
2.836710600,-0.969018466
2.836914100,-0.965037571
2.837117500,-0.961056666
2.837321000,-0.957075771
2.837524400,-0.953094866
2.837727900,-0.949113971
2.837931300,-0.945133066
2.838134800,-0.937152171
2.838338200,-0.933171266
2.838541700,-0.933190371
2.838745100,-0.925209466
2.838948600,-0.921228571
2.839152000,-0.917247666
2.839355500,-0.909266771
2.839558900,-0.905285866
2.839762400,-0.901304971
2.839965800,-0.897324067
2.840169300,-0.893343171
2.840372700,-0.889362267
2.840576200,-0.885381371
2.840779600,-0.877400467
2.840983100,-0.873419571
2.841186500,-0.869438667
2.841390000,-0.861457772
2.841593400,-0.857476867
2.841796900,-0.853495972
2.842000300,-0.845515067
2.842203800,-0.841534172
2.842407200,-0.837553267
2.842610700,-0.833572372
2.842814100,-0.825591467
2.843017600,-0.821610572
2.843221000,-0.817629667
2.843424500,-0.809648772
2.843627900,-0.805667867
2.843831400,-0.801686972
2.844034800,-0.797706067
2.844238300,-0.793725172
2.844441700,-0.789744267
2.844645200,-0.785763372
2.844848600,-0.777782468
2.845052100,-0.773801572
2.845255500,-0.769820668
2.845459000,-0.761839772
2.845662400,-0.757858868
2.845865900,-0.753877972
2.846069300,-0.745897068
2.846272800,-0.741916172
2.846476200,-0.737935268
2.846679700,-0.733954373
2.846883100,-0.725973468
2.847086600,-0.721992573
2.847290000,-0.718011668
2.847493500,-0.714030773
2.847696900,-0.710049868
2.847900400,-0.706068973
2.848103800,-0.698088068
2.848307300,-0.694107173
2.848510700,-0.690126268
2.848714200,-0.686145373
2.848917600,-0.682164468
2.849121100,-0.678183573
2.849324500,-0.674202668
2.849528000,-0.666221773
2.849731400,-0.666240868
2.849934900,-0.662259973
2.850138300,-0.654279069
2.850341800,-0.654298173
2.850545200,-0.650317269
2.850748700,-0.642336373
2.850952100,-0.642355469
2.851155600,-0.638374573
2.851359000,-0.634393669
2.851562500,-0.630412774
2.851766000,-0.626431878
2.851969400,-0.626450974
2.852172900,-0.618470078
2.852376300,-0.618489174
2.852579800,-0.614508278
2.852783200,-0.610527374
2.852986700,-0.606546478
2.853190100,-0.602565574
2.853393600,-0.602584679
2.853597000,-0.598603774
2.853800500,-0.594622879
2.854003900,-0.594641974
2.854207400,-0.586661079
2.854410800,-0.586680174
2.854614300,-0.582699279
2.854817700,-0.578718374
2.855021200,-0.578737479
2.855224600,-0.574756574
2.855428100,-0.574775679
2.855631500,-0.570794774
2.855835000,-0.566813879
2.856038400,-0.566832974
2.856241900,-0.562852079
2.856445300,-0.558871174
2.856648800,-0.558890279
2.856852200,-0.554909375
2.857055700,-0.550928479
2.857259100,-0.550947575
2.857462600,-0.550966679
2.857666000,-0.546985775
2.857869500,-0.543004879
2.858072900,-0.543023975
2.858276400,-0.539043080
2.858479800,-0.535062175
2.858683300,-0.535081280
2.858886700,-0.531100375
2.859090200,-0.531119480
2.859293600,-0.527138575
2.859497100,-0.523157680
2.859700500,-0.523176775
2.859904000,-0.523195880
2.860107400,-0.519214975
2.860310900,-0.515234080
2.860514300,-0.515253175
2.860717800,-0.511272280
2.860921200,-0.511291375
2.861124700,-0.507310480
2.861328100,-0.507329575
2.861531600,-0.503348680
2.861735000,-0.503367776
2.861938500,-0.499386880
2.862141900,-0.499405976
2.862345400,-0.495425080
2.862548800,-0.495444176
2.862752300,-0.491463280
2.862955700,-0.487482376
2.863159200,-0.487501480
2.863362600,-0.487520576
2.863566100,-0.483539681
2.863769500,-0.479558776
2.863973000,-0.479577881
2.864176400,-0.479596976
2.864379900,-0.475616081
2.864583300,-0.471635176
2.864786800,-0.471654281
2.864990200,-0.467673376
2.865193700,-0.467692481
2.865397100,-0.467711576
2.865600600,-0.463730681
2.865804000,-0.459749776
2.866007500,-0.459768881
2.866210900,-0.459787976
2.866414400,-0.455807081
2.866617800,-0.455826176
2.866821300,-0.451845281
2.867024700,-0.451864377
2.867228200,-0.447883481
2.867431600,-0.447902577
2.867635100,-0.443921681
2.867838500,-0.443940777
2.868042000,-0.443959881
2.868245400,-0.439978977
2.868448900,-0.439998082
2.868652300,-0.436017177
2.868855800,-0.436036282
2.869059200,-0.432055377
2.869262700,-0.432074482
2.869466100,-0.432093577
2.869669600,-0.428112682
2.869873000,-0.428131777
2.870076500,-0.428150882
2.870279900,-0.424169977
2.870483400,-0.424189082
2.870686800,-0.420208177
2.870890300,-0.420227282
2.871093800,-0.420246387
2.871297200,-0.416265482
2.871500700,-0.416284587
2.871704100,-0.416303682
2.871907600,-0.412322787
2.872111000,-0.412341882
2.872314500,-0.412360987
2.872517900,-0.408380082
2.872721400,-0.408399187
2.872924800,-0.408418282
2.873128300,-0.404437387
2.873331700,-0.404456482
2.873535200,-0.404475587
2.873738600,-0.400494683
2.873942100,-0.400513787
2.874145500,-0.400532883
2.874349000,-0.400551987
2.874552400,-0.396571083
2.874755900,-0.396590187
2.874959300,-0.396609283
2.875162800,-0.396628388
2.875366200,-0.392647483
2.875569700,-0.392666588
2.875773100,-0.392685683
2.875976600,-0.392704788
2.876180000,-0.392723883
2.876383500,-0.388742988
2.876586900,-0.388762083
2.876790400,-0.388781188
2.876993800,-0.388800283
2.877197300,-0.384819388
2.877400700,-0.384838483
2.877604200,-0.384857588
2.877807600,-0.384876683
2.878011100,-0.384895788
2.878214500,-0.384914883
2.878418000,-0.380933988
2.878621400,-0.380953084
2.878824900,-0.380972188
2.879028300,-0.380991284
2.879231800,-0.381010388
2.879435200,-0.381029484
2.879638700,-0.381048588
2.879842100,-0.381067684
2.880045600,-0.381086788
2.880249000,-0.381105884
2.880452500,-0.377124989
2.880655900,-0.377144084
2.880859400,-0.377163189
2.881062800,-0.377182284
2.881266300,-0.377201389
2.881469700,-0.377220484
2.881673200,-0.377239589
2.881876600,-0.377258684
2.882080100,-0.377277789
2.882283500,-0.377296884
2.882487000,-0.377315989
2.882690400,-0.377335084
2.882893900,-0.377354189
2.883097300,-0.377373284
2.883300800,-0.377392389
2.883504200,-0.377411484
2.883707700,-0.377430589
2.883911100,-0.377449685
2.884114600,-0.381468789
2.884318000,-0.381487885
2.884521500,-0.381506989
2.884724900,-0.381526085
2.884928400,-0.381545189
2.885131800,-0.381564285
2.885335300,-0.381583390
2.885538700,-0.381602485
2.885742200,-0.381621590
2.885945600,-0.381640685
2.886149100,-0.381659790
2.886352500,-0.385678885
2.886556000,-0.385697990
2.886759400,-0.385717085
2.886962900,-0.385736190
2.887166300,-0.385755285
2.887369800,-0.385774390
2.887573200,-0.385793485
2.887776700,-0.389812590
2.887980100,-0.389831685
2.888183600,-0.389850790
2.888387000,-0.389869885
2.888590500,-0.389888990
2.888793900,-0.389908085
2.888997400,-0.389927190
2.889200800,-0.393946286
2.889404300,-0.393965390
2.889607700,-0.393984486
2.889811200,-0.394003590
2.890014600,-0.394022686
2.890218100,-0.394041790
2.890421500,-0.398060886
2.890625000,-0.398079991
2.890828500,-0.398099095
2.891031900,-0.398118191
2.891235400,-0.398137295
2.891438800,-0.402156391
2.891642300,-0.402175495
2.891845700,-0.402194591
2.892049200,-0.402213696
2.892252600,-0.402232791
2.892456100,-0.402251896
2.892659500,-0.406270991
2.892863000,-0.406290096
2.893066400,-0.406309191
2.893269900,-0.406328296
2.893473300,-0.406347391
2.893676800,-0.410366496
2.893880200,-0.410385591
2.894083700,-0.410404696
2.894287100,-0.410423791
2.894490600,-0.410442896
2.894694000,-0.414461991
2.894897500,-0.414481096
2.895100900,-0.414500191
2.895304400,-0.414519296
2.895507800,-0.414538391
2.895711300,-0.418557496
2.895914700,-0.418576592
2.896118200,-0.418595696
2.896321600,-0.418614792
2.896525100,-0.422633896
2.896728500,-0.422652992
2.896932000,-0.422672096
2.897135400,-0.422691192
2.897338900,-0.422710297
2.897542300,-0.422729392
2.897745800,-0.422748497
2.897949200,-0.426767592
2.898152700,-0.426786697
2.898356100,-0.426805792
2.898559600,-0.426824897
2.898763000,-0.426843992
2.898966500,-0.426863097
2.899169900,-0.430882192
2.899373400,-0.430901297
2.899576800,-0.430920392
2.899780300,-0.430939497
2.899983700,-0.430958592
2.900187200,-0.430977697
2.900390600,-0.430996792
2.900594100,-0.431015897
2.900797500,-0.431034993
2.901001000,-0.431054097
2.901204400,-0.431073193
2.901407900,-0.435092297
2.901611300,-0.435111393
2.901814800,-0.435130497
2.902018200,-0.435149593
2.902221700,-0.435168698
2.902425100,-0.435187793
2.902628600,-0.435206898
2.902832000,-0.435225993
2.903035500,-0.435245098
2.903238900,-0.435264193
2.903442400,-0.435283298
2.903645800,-0.435302393
2.903849300,-0.435321498
2.904052700,-0.431340593
2.904256200,-0.431359698
2.904459600,-0.431378793
2.904663100,-0.431397898
2.904866500,-0.431416993
2.905070000,-0.431436098
2.905273400,-0.431455193
2.905476900,-0.431474298
2.905680300,-0.431493393
2.905883800,-0.431512498
2.906087200,-0.431531594
2.906290700,-0.431550698
2.906494100,-0.431569794
2.906697600,-0.427588898
2.906901000,-0.427607994
2.907104500,-0.427627098
2.907307900,-0.427646194
2.907511400,-0.427665299
2.907714800,-0.427684394
2.907918300,-0.427703499
2.908121700,-0.427722594
2.908325200,-0.427741699
2.908528600,-0.427760794
2.908732100,-0.423779899
2.908935500,-0.423798994
2.909139000,-0.423818099
2.909342400,-0.423837194
2.909545900,-0.423856299
2.909749300,-0.423875394
2.909952800,-0.423894499
2.910156300,-0.423913604
2.910359700,-0.423932699
2.910563200,-0.423951804
2.910766600,-0.423970899
2.910970100,-0.423990004
2.911173500,-0.424009099
2.911377000,-0.424028204
2.911580400,-0.424047299
2.911783900,-0.424066404
2.911987300,-0.424085499
2.912190800,-0.420104604
2.912394200,-0.420123699
2.912597700,-0.420142804
2.912801100,-0.420161900
2.913004600,-0.420181004
2.913208000,-0.420200100
2.913411500,-0.420219204
2.913614900,-0.420238300
2.913818400,-0.420257404
2.914021800,-0.420276500
2.914225300,-0.420295605
2.914428700,-0.424314700
2.914632200,-0.424333805
2.914835600,-0.424352900
2.915039100,-0.424372005
2.915242500,-0.424391100
2.915446000,-0.424410205
2.915649400,-0.424429300
2.915852900,-0.424448405
2.916056300,-0.424467500
2.916259800,-0.424486605
2.916463200,-0.424505700
2.916666700,-0.424524805
2.916870100,-0.424543900
2.917073600,-0.424563005
2.917277000,-0.424582100
2.917480500,-0.424601205
2.917683900,-0.424620301
2.917887400,-0.424639405
2.918090800,-0.428658501
2.918294300,-0.428677605
2.918497700,-0.428696701
2.918701200,-0.428715805
2.918904600,-0.428734901
2.919108100,-0.428754005
2.919311500,-0.428773101
2.919515000,-0.428792206
2.919718400,-0.428811301
2.919921900,-0.432830406
2.920125300,-0.432849501
2.920328800,-0.432868606
2.920532200,-0.432887701
2.920735700,-0.432906806
2.920939100,-0.432925901
2.921142600,-0.432945006
2.921346000,-0.432964101
2.921549500,-0.436983206
2.921752900,-0.437002301
2.921956400,-0.437021406
2.922159800,-0.437040501
2.922363300,-0.437059606
2.922566700,-0.437078701
2.922770200,-0.437097806
2.922973600,-0.441116902
2.923177100,-0.441136006
2.923380500,-0.441155102
2.923584000,-0.441174206
2.923787400,-0.441193302
2.923990900,-0.441212406
2.924194300,-0.445231502
2.924397800,-0.445250607
2.924601200,-0.445269702
2.924804700,-0.445288807
2.925008100,-0.445307902
2.925211600,-0.449327007
2.925415000,-0.449346102
2.925618500,-0.449365207
2.925821900,-0.449384302
2.926025400,-0.449403407
2.926228800,-0.449422502
2.926432300,-0.453441607
2.926635700,-0.453460702
2.926839200,-0.453479807
2.927042600,-0.453498902
2.927246100,-0.453518007
2.927449500,-0.453537102
2.927653000,-0.457556207
2.927856400,-0.457575303
2.928059900,-0.457594407
2.928263300,-0.457613503
2.928466800,-0.457632607
2.928670200,-0.457651703
2.928873700,-0.461670807
2.929077100,-0.461689903
2.929280600,-0.461709007
2.929484000,-0.461728103
2.929687500,-0.461747208
2.929891000,-0.465766312
2.930094400,-0.465785408
2.930297900,-0.465804512
2.930501300,-0.465823608
2.930704800,-0.465842712
2.930908200,-0.469861808
2.931111700,-0.469880913
2.931315100,-0.469900008
2.931518600,-0.469919113
2.931722000,-0.469938208
2.931925500,-0.473957313
2.932128900,-0.473976408
2.932332400,-0.473995513
2.932535800,-0.474014608
2.932739300,-0.474033713
2.932942700,-0.478052808
2.933146200,-0.478071913
2.933349600,-0.478091008
2.933553100,-0.478110113
2.933756500,-0.482129208
2.933960000,-0.482148313
2.934163400,-0.482167408
2.934366900,-0.486186513
2.934570300,-0.486205609
2.934773800,-0.486224713
2.934977200,-0.486243809
2.935180700,-0.490262913
2.935384100,-0.490282009
2.935587600,-0.490301113
2.935791000,-0.494320209
2.935994500,-0.494339313
2.936197900,-0.494358409
2.936401400,-0.498377514
2.936604800,-0.498396609
2.936808300,-0.498415714
2.937011700,-0.502434809
2.937215200,-0.502453914
2.937418600,-0.502473009
2.937622100,-0.506492114
2.937825500,-0.506511209
2.938029000,-0.506530314
2.938232400,-0.506549409
2.938435900,-0.510568514
2.938639300,-0.510587609
2.938842800,-0.514606714
2.939046200,-0.514625809
2.939249700,-0.514644914
2.939453100,-0.518664009
2.939656600,-0.518683114
2.939860000,-0.522702210
2.940063500,-0.522721314
2.940266900,-0.522740410
2.940470400,-0.526759514
2.940673800,-0.526778610
2.940877300,-0.530797714
2.941080700,-0.530816810
2.941284200,-0.530835915
2.941487600,-0.534855010
2.941691100,-0.534874115
2.941894500,-0.538893210
2.942098000,-0.538912315
2.942301400,-0.538931410
2.942504900,-0.542950515
2.942708300,-0.542969610
2.942911800,-0.546988715
2.943115200,-0.547007810
2.943318700,-0.551026915
2.943522100,-0.551046010
2.943725600,-0.555065115
2.943929000,-0.555084210
2.944132500,-0.555103315
2.944335900,-0.559122410
2.944539400,-0.559141515
2.944742800,-0.563160611
2.944946300,-0.563179715
2.945149700,-0.567198811
2.945353200,-0.567217915
2.945556600,-0.567237011
2.945760100,-0.571256115
2.945963500,-0.571275211
2.946167000,-0.575294315
2.946370400,-0.579313411
2.946573900,-0.579332516
2.946777300,-0.579351611
2.946980800,-0.583370716
2.947184200,-0.583389811
2.947387700,-0.587408916
2.947591100,-0.587428011
2.947794600,-0.591447116
2.947998000,-0.591466211
2.948201500,-0.595485316
2.948404900,-0.595504411
2.948608400,-0.599523516
2.948811800,-0.599542611
2.949015300,-0.599561716
2.949218800,-0.603580821
2.949422200,-0.607599916
2.949625700,-0.607619021
2.949829100,-0.611638116
2.950032600,-0.611657221
2.950236000,-0.615676316
2.950439500,-0.615695421
2.950642900,-0.619714516
2.950846400,-0.619733621
2.951049800,-0.623752716
2.951253300,-0.623771821
2.951456700,-0.627790917
2.951660200,-0.627810021
2.951863600,-0.631829117
2.952067100,-0.631848221
2.952270500,-0.635867317
2.952474000,-0.639886421
2.952677400,-0.639905517
2.952880900,-0.639924621
2.953084300,-0.643943717
2.953287800,-0.647962822
2.953491200,-0.647981917
2.953694700,-0.648001022
2.953898100,-0.652020117
2.954101600,-0.656039222
2.954305000,-0.656058317
2.954508500,-0.660077422
2.954711900,-0.660096517
2.954915400,-0.664115622
2.955118800,-0.668134717
2.955322300,-0.668153822
2.955525700,-0.668172917
2.955729200,-0.672192022
2.955932600,-0.676211117
2.956136100,-0.676230222
2.956339500,-0.680249317
2.956543000,-0.680268422
2.956746400,-0.684287518
2.956949900,-0.684306622
2.957153300,-0.688325718
2.957356800,-0.688344822
2.957560200,-0.692363918
2.957763700,-0.692383022
2.957967100,-0.696402118
2.958170600,-0.700421223
2.958374000,-0.700440318
2.958577500,-0.704459423
2.958780900,-0.704478518
2.958984400,-0.708497623
2.959187800,-0.708516718
2.959391300,-0.712535823
2.959594700,-0.712554918
2.959798200,-0.716574023
2.960001600,-0.716593118
2.960205100,-0.720612223
2.960408500,-0.720631318
2.960612000,-0.724650423
2.960815400,-0.724669518
2.961018900,-0.728688623
2.961222300,-0.732707718
2.961425800,-0.732726823
2.961629200,-0.732745919
2.961832700,-0.736765023
2.962036100,-0.740784119
2.962239600,-0.740803223
2.962443000,-0.740822319
2.962646500,-0.744841423
2.962849900,-0.748860519
2.963053400,-0.748879623
2.963256800,-0.752898719
2.963460300,-0.752917824
2.963663700,-0.756936919
2.963867200,-0.760956024
2.964070600,-0.760975119
2.964274100,-0.760994224
2.964477500,-0.765013319
2.964681000,-0.769032424
2.964884400,-0.769051519
2.965087900,-0.773070624
2.965291300,-0.773089719
2.965494800,-0.777108824
2.965698200,-0.777127919
2.965901700,-0.781147024
2.966105100,-0.785166119
2.966308600,-0.785185224
2.966512000,-0.785204319
2.966715500,-0.789223424
2.966918900,-0.793242520
2.967122400,-0.793261624
2.967325800,-0.797280720
2.967529300,-0.797299824
2.967732700,-0.801318920
2.967936200,-0.805338024
2.968139600,-0.805357120
2.968343100,-0.809376225
2.968546500,-0.809395320
2.968750000,-0.813414425
2.968953500,-0.813433529
2.969156900,-0.817452625
2.969360400,-0.821471729
2.969563800,-0.821490825
2.969767300,-0.821509929
2.969970700,-0.825529025
2.970174200,-0.829548130
2.970377600,-0.829567225
2.970581100,-0.833586330
2.970784500,-0.833605425
2.970988000,-0.837624530
2.971191400,-0.837643625
2.971394900,-0.841662730
2.971598300,-0.841681825
2.971801800,-0.845700930
2.972005200,-0.849720025
2.972208700,-0.849739130
2.972412100,-0.849758225
2.972615600,-0.853777330
2.972819000,-0.857796425
2.973022500,-0.857815530
2.973225900,-0.857834625
2.973429400,-0.861853730
2.973632800,-0.861872826
2.973836300,-0.865891930
2.974039700,-0.869911026
2.974243200,-0.869930130
2.974446600,-0.869949226
2.974650100,-0.873968330
2.974853500,-0.873987426
2.975057000,-0.878006531
2.975260400,-0.878025626
2.975463900,-0.882044731
2.975667300,-0.882063826
2.975870800,-0.882082931
2.976074200,-0.886102026
2.976277700,-0.886121131
2.976481100,-0.886140226
2.976684600,-0.890159331
2.976888000,-0.890178426
2.977091500,-0.890197531
2.977294900,-0.894216626
2.977498400,-0.894235731
2.977701800,-0.894254826
2.977905300,-0.898273931
2.978108700,-0.898293026
2.978312200,-0.898312131
2.978515600,-0.898331226
2.978719100,-0.902350331
2.978922500,-0.902369427
2.979126000,-0.902388531
2.979329400,-0.902407627
2.979532900,-0.906426731
2.979736300,-0.906445827
2.979939800,-0.906464931
2.980143200,-0.906484027
2.980346700,-0.906503132
2.980550100,-0.906522227
2.980753600,-0.910541332
2.980957000,-0.910560427
2.981160500,-0.910579532
2.981363900,-0.910598627
2.981567400,-0.910617732
2.981770800,-0.910636827
2.981974300,-0.910655932
2.982177700,-0.914675027
2.982381200,-0.914694132
2.982584600,-0.914713227
2.982788100,-0.914732332
2.982991500,-0.914751427
2.983195000,-0.914770532
2.983398400,-0.914789627
2.983601900,-0.914808732
2.983805300,-0.914827828
2.984008800,-0.914846932
2.984212200,-0.914866028
2.984415700,-0.914885132
2.984619100,-0.914904228
2.984822600,-0.914923332
2.985026000,-0.914942428
2.985229500,-0.914961533
2.985432900,-0.914980628
2.985636400,-0.914999733
2.985839800,-0.915018828
2.986043300,-0.915037933
2.986246700,-0.915057028
2.986450200,-0.915076133
2.986653600,-0.915095228
2.986857100,-0.915114333
2.987060500,-0.915133428
2.987264000,-0.915152533
2.987467400,-0.915171628
2.987670900,-0.915190733
2.987874300,-0.915209828
2.988077800,-0.915228933
2.988281300,-0.915248038
2.988484700,-0.915267133
2.988688200,-0.915286238
2.988891600,-0.915305333
2.989095100,-0.915324438
2.989298500,-0.911343533
2.989502000,-0.911362638
2.989705400,-0.911381733
2.989908900,-0.911400838
2.990112300,-0.911419933
2.990315800,-0.911439038
2.990519200,-0.911458134
2.990722700,-0.911477238
2.990926100,-0.911496334
2.991129600,-0.911515438
2.991333000,-0.907534534
2.991536500,-0.907553638
2.991739900,-0.907572734
2.991943400,-0.907591839
2.992146800,-0.907610934
2.992350300,-0.907630039
2.992553700,-0.907649134
2.992757200,-0.903668239
2.992960600,-0.903687334
2.993164100,-0.903706439
2.993367500,-0.903725534
2.993571000,-0.903744639
2.993774400,-0.899763734
2.993977900,-0.899782839
2.994181300,-0.899801934
2.994384800,-0.899821039
2.994588200,-0.899840134
2.994791700,-0.899859239
2.994995100,-0.895878334
2.995198600,-0.895897439
2.995402000,-0.895916534
2.995605500,-0.895935639
2.995808900,-0.895954735
2.996012400,-0.895973839
2.996215800,-0.891992935
2.996419300,-0.892012039
2.996622700,-0.892031135
2.996826200,-0.892050239
2.997029600,-0.892069335
2.997233100,-0.888088440
2.997436500,-0.888107535
2.997640000,-0.888126640
2.997843400,-0.888145735
2.998046900,-0.888164840
2.998250300,-0.884183935
2.998453800,-0.884203040
2.998657200,-0.884222135
2.998860700,-0.884241240
2.999064100,-0.884260335
2.999267600,-0.880279440
2.999471000,-0.880298535
2.999674500,-0.880317640
2.999877900,-0.880336735
3.000081400,-0.880355840
3.000284800,-0.876374935
3.000488300,-0.876394040
3.000691700,-0.876413136
3.000895200,-0.876432240
3.001098600,-0.876451336
3.001302100,-0.872470440
3.001505500,-0.872489536
3.001709000,-0.872508640
3.001912400,-0.872527736
3.002115900,-0.872546840
3.002319300,-0.868565936
3.002522800,-0.868585041
3.002726200,-0.868604136
3.002929700,-0.868623241
3.003133100,-0.864642336
3.003336600,-0.864661441
3.003540000,-0.864680536
3.003743500,-0.864699641
3.003946900,-0.864718736
3.004150400,-0.860737841
3.004353800,-0.860756936
3.004557300,-0.860776041
3.004760700,-0.860795136
3.004964200,-0.856814241
3.005167600,-0.856833336
3.005371100,-0.856852441
3.005574500,-0.856871536
3.005778000,-0.852890641
3.005981400,-0.852909737
3.006184900,-0.852928841
3.006388300,-0.852947937
3.006591800,-0.852967041
3.006795200,-0.848986137
3.006998700,-0.849005241
3.007202100,-0.849024337
3.007405600,-0.849043442
3.007609000,-0.845062537
3.007812500,-0.845081642
3.008016000,-0.845100746
3.008219400,-0.845119842
3.008422900,-0.841138946
3.008626300,-0.841158042
3.008829800,-0.841177147
3.009033200,-0.841196242
3.009236700,-0.837215347
3.009440100,-0.837234442
3.009643600,-0.837253547
3.009847000,-0.837272642
3.010050500,-0.833291747
3.010253900,-0.833310842
3.010457400,-0.833329947
3.010660800,-0.833349042
3.010864300,-0.833368147
3.011067700,-0.829387242
3.011271200,-0.829406347
3.011474600,-0.829425442
3.011678100,-0.829444547
3.011881500,-0.829463642
3.012085000,-0.825482747
3.012288400,-0.825501842
3.012491900,-0.825520947
3.012695300,-0.825540043
3.012898800,-0.825559147
3.013102200,-0.821578243
3.013305700,-0.821597347
3.013509100,-0.821616443
3.013712600,-0.821635547
3.013916000,-0.821654643
3.014119500,-0.821673748
3.014322900,-0.817692843
3.014526400,-0.817711948
3.014729800,-0.817731043
3.014933300,-0.817750148
3.015136700,-0.817769243
3.015340200,-0.817788348
3.015543600,-0.813807443
3.015747100,-0.813826548
3.015950500,-0.813845643
3.016154000,-0.813864748
3.016357400,-0.813883843
3.016560900,-0.813902948
3.016764300,-0.813922043
3.016967800,-0.809941148
3.017171200,-0.809960243
3.017374700,-0.809979348
3.017578100,-0.809998444
3.017781600,-0.810017548
3.017985000,-0.810036644
3.018188500,-0.810055748
3.018391900,-0.810074844
3.018595400,-0.806093948
3.018798800,-0.806113044
3.019002300,-0.806132148
3.019205700,-0.806151244
3.019409200,-0.806170349
3.019612600,-0.806189444
3.019816100,-0.806208549
3.020019500,-0.802227644
3.020223000,-0.802246749
3.020426400,-0.802265844
3.020629900,-0.802284949
3.020833300,-0.802304044
3.021036800,-0.802323149
3.021240200,-0.802342244
3.021443700,-0.802361349
3.021647100,-0.798380444
3.021850600,-0.798399549
3.022054000,-0.798418644
3.022257500,-0.798437749
3.022460900,-0.798456844
3.022664400,-0.798475949
3.022867800,-0.798495045
3.023071300,-0.794514149
3.023274700,-0.794533245
3.023478200,-0.794552349
3.023681600,-0.794571445
3.023885100,-0.794590549
3.024088500,-0.794609645
3.024292000,-0.794628750
3.024495400,-0.790647845
3.024698900,-0.790666950
3.024902300,-0.790686045
3.025105800,-0.790705150
3.025309200,-0.790724245
3.025512700,-0.790743350
3.025716100,-0.786762445
3.025919600,-0.786781550
3.026123000,-0.786800645
3.026326500,-0.786819750
3.026529900,-0.786838845
3.026733400,-0.782857950
3.026936800,-0.782877045
3.027140300,-0.782896150
3.027343800,-0.782915255
3.027547200,-0.782934350
3.027750700,-0.782953455
3.027954100,-0.778972550
3.028157600,-0.778991655
3.028361000,-0.779010750
3.028564500,-0.779029855
3.028767900,-0.779048950
3.028971400,-0.775068055
3.029174800,-0.775087150
3.029378300,-0.775106255
3.029581700,-0.775125351
3.029785200,-0.775144455
3.029988600,-0.771163551
3.030192100,-0.771182655
3.030395500,-0.771201751
3.030599000,-0.771220855
3.030802400,-0.767239951
3.031005900,-0.767259056
3.031209300,-0.767278151
3.031412800,-0.767297256
3.031616200,-0.767316351
3.031819700,-0.763335456
3.032023100,-0.763354551
3.032226600,-0.763373656
3.032430000,-0.763392751
3.032633500,-0.759411856
3.032836900,-0.759430951
3.033040400,-0.759450056
3.033243800,-0.759469151
3.033447300,-0.755488256
3.033650700,-0.755507351
3.033854200,-0.755526456
3.034057600,-0.755545551
3.034261100,-0.751564656
3.034464500,-0.751583752
3.034668000,-0.751602856
3.034871400,-0.751621952
3.035074900,-0.747641056
3.035278300,-0.747660152
3.035481800,-0.747679256
3.035685200,-0.747698352
3.035888700,-0.743717456
3.036092100,-0.743736552
3.036295600,-0.743755657
3.036499000,-0.743774752
3.036702500,-0.739793857
3.036905900,-0.739812952
3.037109400,-0.739832057
3.037312800,-0.735851152
3.037516300,-0.735870257
3.037719700,-0.735889352
3.037923200,-0.735908457
3.038126600,-0.731927552
3.038330100,-0.731946657
3.038533500,-0.731965752
3.038737000,-0.727984857
3.038940400,-0.728003952
3.039143900,-0.728023057
3.039347300,-0.724042152
3.039550800,-0.724061257
3.039754200,-0.724080353
3.039957700,-0.724099457
3.040161100,-0.720118553
3.040364600,-0.720137657
3.040568000,-0.720156753
3.040771500,-0.716175857
3.040974900,-0.716194953
3.041178400,-0.716214058
3.041381800,-0.712233153
3.041585300,-0.712252258
3.041788700,-0.712271353
3.041992200,-0.708290458
3.042195600,-0.708309553
3.042399100,-0.708328658
3.042602500,-0.708347753
3.042806000,-0.704366858
3.043009400,-0.704385953
3.043212900,-0.704405058
3.043416300,-0.700424153
3.043619800,-0.700443258
3.043823200,-0.700462353
3.044026700,-0.696481458
3.044230100,-0.696500553
3.044433600,-0.692519658
3.044637000,-0.692538754
3.044840500,-0.692557858
3.045043900,-0.688576954
3.045247400,-0.688596058
3.045450800,-0.684615154
3.045654300,-0.684634258
3.045857700,-0.684653354
3.046061200,-0.680672458
3.046264600,-0.680691554
3.046468100,-0.680710659
3.046671500,-0.676729754
3.046875000,-0.676748859
3.047078500,-0.676767963
3.047281900,-0.672787059
3.047485400,-0.672806163
3.047688800,-0.668825259
3.047892300,-0.668844364
3.048095700,-0.668863459
3.048299200,-0.664882564
3.048502600,-0.664901659
3.048706100,-0.660920764
3.048909500,-0.660939859
3.049113000,-0.660958964
3.049316400,-0.660978059
3.049519900,-0.656997164
3.049723300,-0.657016259
3.049926800,-0.657035364
3.050130200,-0.653054459
3.050333700,-0.653073564
3.050537100,-0.649092659
3.050740600,-0.649111764
3.050944000,-0.649130859
3.051147500,-0.645149964
3.051350900,-0.645169060
3.051554400,-0.645188164
3.051757800,-0.641207260
3.051961300,-0.641226364
3.052164700,-0.641245460
3.052368200,-0.641264564
3.052571600,-0.637283660
3.052775100,-0.637302764
3.052978500,-0.637321860
3.053182000,-0.637340965
3.053385400,-0.633360060
3.053588900,-0.633379165
3.053792300,-0.633398260
3.053995800,-0.629417365
3.054199200,-0.629436460
3.054402700,-0.629455565
3.054606100,-0.629474660
3.054809600,-0.625493765
3.055013000,-0.625512860
3.055216500,-0.625531965
3.055419900,-0.625551060
3.055623400,-0.625570165
3.055826800,-0.621589260
3.056030300,-0.621608365
3.056233700,-0.621627460
3.056437200,-0.621646565
3.056640600,-0.621665661
3.056844100,-0.617684765
3.057047500,-0.617703861
3.057251000,-0.617722965
3.057454400,-0.617742061
3.057657900,-0.617761165
3.057861300,-0.613780261
3.058064800,-0.613799366
3.058268200,-0.613818461
3.058471700,-0.613837566
3.058675100,-0.613856661
3.058878600,-0.613875766
3.059082000,-0.609894861
3.059285500,-0.609913966
3.059488900,-0.609933061
3.059692400,-0.609952166
3.059895800,-0.609971261
3.060099300,-0.609990366
3.060302700,-0.610009461
3.060506200,-0.606028566
3.060709600,-0.606047661
3.060913100,-0.606066766
3.061116500,-0.606085861
3.061320000,-0.606104966
3.061523400,-0.606124061
3.061726900,-0.606143166
3.061930300,-0.602162262
3.062133800,-0.602181366
3.062337200,-0.602200462
3.062540700,-0.602219566
3.062744100,-0.602238662
3.062947600,-0.602257766
3.063151000,-0.602276862
3.063354500,-0.602295967
3.063557900,-0.598315062
3.063761400,-0.598334167
3.063964800,-0.598353262
3.064168300,-0.598372367
3.064371700,-0.598391462
3.064575200,-0.598410567
3.064778600,-0.598429662
3.064982100,-0.598448767
3.065185500,-0.594467862
3.065389000,-0.594486967
3.065592400,-0.594506062
3.065795900,-0.594525167
3.065999300,-0.594544262
3.066202800,-0.594563367
3.066406300,-0.594582472
3.066609700,-0.594601567
3.066813200,-0.594620672
3.067016600,-0.590639767
3.067220100,-0.590658872
3.067423500,-0.590677967
3.067627000,-0.590697072
3.067830400,-0.590716167
3.068033900,-0.590735272
3.068237300,-0.590754368
3.068440800,-0.590773472
3.068644200,-0.586792568
3.068847700,-0.586811672
3.069051100,-0.586830768
3.069254600,-0.586849872
3.069458000,-0.586868968
3.069661500,-0.586888072
3.069864900,-0.586907168
3.070068400,-0.586926273
3.070271800,-0.582945368
3.070475300,-0.582964473
3.070678700,-0.582983568
3.070882200,-0.583002673
3.071085600,-0.583021768
3.071289100,-0.583040873
3.071492500,-0.583059968
3.071696000,-0.579079073
3.071899400,-0.579098168
3.072102900,-0.579117273
3.072306300,-0.579136368
3.072509800,-0.579155473
3.072713200,-0.579174568
3.072916700,-0.579193673
3.073120100,-0.575212768
3.073323600,-0.575231873
3.073527000,-0.575250969
3.073730500,-0.575270073
3.073933900,-0.575289169
3.074137400,-0.575308273
3.074340800,-0.571327369
3.074544300,-0.571346473
3.074747700,-0.571365569
3.074951200,-0.571384674
3.075154600,-0.571403769
3.075358100,-0.571422874
3.075561500,-0.567441969
3.075765000,-0.567461074
3.075968400,-0.567480169
3.076171900,-0.567499274
3.076375300,-0.567518369
3.076578800,-0.563537474
3.076782200,-0.563556569
3.076985700,-0.563575674
3.077189100,-0.563594769
3.077392600,-0.563613874
3.077596000,-0.563632969
3.077799500,-0.559652074
3.078002900,-0.559671169
3.078206400,-0.559690274
3.078409800,-0.559709369
3.078613300,-0.559728474
3.078816700,-0.559747570
3.079020200,-0.555766674
3.079223600,-0.555785770
3.079427100,-0.555804874
3.079630500,-0.555823970
3.079834000,-0.555843074
3.080037400,-0.551862170
3.080240900,-0.551881275
3.080444300,-0.551900370
3.080647800,-0.551919475
3.080851200,-0.551938570
3.081054700,-0.551957675
3.081258100,-0.551976770
3.081461600,-0.547995875
3.081665000,-0.548014970
3.081868500,-0.548034075
3.082071900,-0.548053170
3.082275400,-0.548072275
3.082478800,-0.548091370
3.082682300,-0.548110475
3.082885700,-0.548129570
3.083089200,-0.548148675
3.083292600,-0.544167770
3.083496100,-0.544186875
3.083699500,-0.544205971
3.083903000,-0.544225075
3.084106400,-0.544244171
3.084309900,-0.544263275
3.084513300,-0.544282371
3.084716800,-0.544301475
3.084920200,-0.544320571
3.085123700,-0.544339675
3.085327100,-0.544358771
3.085530600,-0.544377876
3.085734000,-0.544396971
3.085937500,-0.544416076
3.086141000,-0.544435180
3.086344400,-0.544454276
3.086547900,-0.544473380
3.086751300,-0.544492476
3.086954800,-0.544511581
3.087158200,-0.544530676
3.087361700,-0.544549781
3.087565100,-0.544568876
3.087768600,-0.544587981
3.087972000,-0.544607076
3.088175500,-0.544626181
3.088378900,-0.544645276
3.088582400,-0.544664381
3.088785800,-0.544683476
3.088989300,-0.544702581
3.089192700,-0.544721676
3.089396200,-0.544740781
3.089599600,-0.544759876
3.089803100,-0.544778981
3.090006500,-0.544798076
3.090210000,-0.544817181
3.090413400,-0.544836277
3.090616900,-0.544855381
3.090820300,-0.544874477
3.091023800,-0.544893581
3.091227200,-0.544912677
3.091430700,-0.544931781
3.091634100,-0.544950877
3.091837600,-0.544969982
3.092041000,-0.544989077
3.092244500,-0.545008182
3.092447900,-0.545027277
3.092651400,-0.545046382
3.092854800,-0.545065477
3.093058300,-0.545084582
3.093261700,-0.545103677
3.093465200,-0.545122782
3.093668600,-0.545141877
3.093872100,-0.545160982
3.094075500,-0.545180077
3.094279000,-0.545199182
3.094482400,-0.545218277
3.094685900,-0.549237382
3.094889300,-0.549256477
3.095092800,-0.549275582
3.095296200,-0.549294677
3.095499700,-0.549313782
3.095703100,-0.549332878
3.095906600,-0.549351982
3.096110000,-0.549371078
3.096313500,-0.549390182
3.096516900,-0.549409278
3.096720400,-0.549428382
3.096923800,-0.549447478
3.097127300,-0.549466583
3.097330700,-0.549485678
3.097534200,-0.549504783
3.097737600,-0.549523878
3.097941100,-0.549542983
3.098144500,-0.553562078
3.098348000,-0.553581183
3.098551400,-0.553600278
3.098754900,-0.553619383
3.098958300,-0.553638478
3.099161800,-0.553657583
3.099365200,-0.553676678
3.099568700,-0.553695783
3.099772100,-0.553714878
3.099975600,-0.557733983
3.100179000,-0.557753078
3.100382500,-0.557772183
3.100585900,-0.557791279
3.100789400,-0.557810383
3.100992800,-0.561829479
3.101196300,-0.561848583
3.101399700,-0.561867679
3.101603200,-0.561886783
3.101806600,-0.565905879
3.102010100,-0.565924983
3.102213500,-0.565944079
3.102417000,-0.565963184
3.102620400,-0.569982279
3.102823900,-0.570001384
3.103027300,-0.570020479
3.103230800,-0.574039584
3.103434200,-0.574058679
3.103637700,-0.574077784
3.103841100,-0.578096879
3.104044600,-0.578115984
3.104248000,-0.582135079
3.104451500,-0.582154184
3.104654900,-0.582173279
3.104858400,-0.586192384
3.105061800,-0.586211479
3.105265300,-0.586230584
3.105468800,-0.590249689
3.105672200,-0.590268784
3.105875700,-0.594287889
3.106079100,-0.594306984
3.106282600,-0.598326089
3.106486000,-0.598345184
3.106689500,-0.602364289
3.106892900,-0.602383384
3.107096400,-0.602402489
3.107299800,-0.606421585
3.107503300,-0.606440689
3.107706700,-0.610459785
3.107910200,-0.610478889
3.108113600,-0.614497985
3.108317100,-0.614517089
3.108520500,-0.614536185
3.108724000,-0.618555289
3.108927400,-0.618574385
3.109130900,-0.622593490
3.109334300,-0.622612585
3.109537800,-0.626631690
3.109741200,-0.626650785
3.109944700,-0.626669890
3.110148100,-0.630688985
3.110351600,-0.630708090
3.110555000,-0.630727185
3.110758500,-0.634746290
3.110961900,-0.634765385
3.111165400,-0.634784490
3.111368800,-0.638803585
3.111572300,-0.638822690
3.111775700,-0.638841785
3.111979200,-0.638860890
3.112182600,-0.642879985
3.112386100,-0.642899090
3.112589500,-0.642918186
3.112793000,-0.646937290
3.112996400,-0.646956386
3.113199900,-0.646975490
3.113403300,-0.646994586
3.113606800,-0.647013690
3.113810200,-0.651032786
3.114013700,-0.651051891
3.114217100,-0.651070986
3.114420600,-0.651090091
3.114624000,-0.651109186
3.114827500,-0.651128291
3.115030900,-0.655147386
3.115234400,-0.655166491
3.115437800,-0.655185586
3.115641300,-0.655204691
3.115844700,-0.655223786
3.116048200,-0.655242891
3.116251600,-0.655261986
3.116455100,-0.659281091
3.116658500,-0.659300186
3.116862000,-0.659319291
3.117065400,-0.659338386
3.117268900,-0.659357491
3.117472300,-0.659376587
3.117675800,-0.659395691
3.117879200,-0.663414787
3.118082700,-0.663433891
3.118286100,-0.663452987
3.118489600,-0.663472091
3.118693000,-0.663491187
3.118896500,-0.663510291
3.119099900,-0.667529387
3.119303400,-0.667548492
3.119506800,-0.667567587
3.119710300,-0.667586692
3.119913700,-0.667605787
3.120117200,-0.671624892
3.120320600,-0.671643987
3.120524100,-0.671663092
3.120727500,-0.671682187
3.120931000,-0.675701292
3.121134400,-0.675720387
3.121337900,-0.675739492
3.121541300,-0.675758587
3.121744800,-0.679777692
3.121948200,-0.679796787
3.122151700,-0.679815892
3.122355100,-0.683834987
3.122558600,-0.683854092
3.122762000,-0.683873188
3.122965500,-0.687892292
3.123168900,-0.687911388
3.123372400,-0.687930492
3.123575800,-0.691949588
3.123779300,-0.691968692
3.123982700,-0.691987788
3.124186200,-0.696006893
3.124389600,-0.696025988
3.124593100,-0.700045093
3.124796500,-0.700064188
3.125000000,-0.704083293
3.125203500,-0.704102397
3.125406900,-0.704121493
3.125610400,-0.708140597
3.125813800,-0.708159693
3.126017300,-0.712178798
3.126220700,-0.716197893
3.126424200,-0.716216998
3.126627600,-0.716236093
3.126831100,-0.720255198
3.127034500,-0.724274293
3.127238000,-0.724293398
3.127441400,-0.724312493
3.127644900,-0.728331598
3.127848300,-0.732350693
3.128051800,-0.732369798
3.128255200,-0.736388893
3.128458700,-0.740407998
3.128662100,-0.740427093
3.128865600,-0.744446198
3.129069000,-0.748465293
3.129272500,-0.748484398
3.129475900,-0.752503494
3.129679400,-0.756522598
3.129882800,-0.756541694
3.130086300,-0.760560798
3.130289700,-0.764579894
3.130493200,-0.764598998
3.130696600,-0.768618094
3.130900100,-0.772637199
3.131103500,-0.772656294
3.131307000,-0.776675399
3.131510400,-0.780694494
3.131713900,-0.784713599
3.131917300,-0.784732694
3.132120800,-0.788751799
3.132324200,-0.792770894
3.132527700,-0.796789999
3.132731100,-0.800809094
3.132934600,-0.804828199
3.133138000,-0.804847294
3.133341500,-0.808866399
3.133544900,-0.812885494
3.133748400,-0.816904599
3.133951800,-0.820923694
3.134155300,-0.820942799
3.134358700,-0.828961895
3.134562200,-0.832980999
3.134765600,-0.833000095
3.134969100,-0.841019199
3.135172500,-0.841038295
3.135376000,-0.845057399
3.135579400,-0.849076495
3.135782900,-0.853095599
3.135986300,-0.857114695
3.136189800,-0.861133800
3.136393200,-0.865152895
3.136596700,-0.869172000
3.136800100,-0.869191095
3.137003600,-0.877210200
3.137207000,-0.881229295
3.137410500,-0.881248400
3.137613900,-0.889267495
3.137817400,-0.893286600
3.138020800,-0.893305695
3.138224300,-0.897324800
3.138427700,-0.901343895
3.138631200,-0.905363000
3.138834600,-0.909382095
3.139038100,-0.913401200
3.139241500,-0.917420295
3.139445000,-0.921439400
3.139648400,-0.925458496
3.139851900,-0.929477600
3.140055300,-0.933496696
3.140258800,-0.937515800
3.140462200,-0.941534896
3.140665700,-0.945554000
3.140869100,-0.945573096
3.141072600,-0.953592201
3.141276000,-0.957611296
3.141479500,-0.957630401
3.141682900,-0.965649496
3.141886400,-0.965668601
3.142089800,-0.969687696
3.142293300,-0.973706801
3.142496700,-0.977725896
3.142700200,-0.981745001
3.142903600,-0.981764096
3.143107100,-0.989783201
3.143310500,-0.989802296
3.143514000,-0.993821401
3.143717400,-0.997840496
3.143920900,-1.001859601
3.144124300,-1.005878696
3.144327800,-1.009897801
3.144531300,-1.009916906
3.144734700,-1.013936001
3.144938200,-1.017955106
3.145141600,-1.021974201
3.145345100,-1.025993306
3.145548500,-1.026012401
3.145752000,-1.030031506
3.145955400,-1.034050601
3.146158900,-1.034069706
3.146362300,-1.042088802
3.146565800,-1.042107906
3.146769200,-1.046127002
3.146972700,-1.046146106
3.147176100,-1.050165202
3.147379600,-1.054184306
3.147583000,-1.054203402
3.147786500,-1.058222507
3.147989900,-1.062241602
3.148193400,-1.062260707
3.148396800,-1.066279802
3.148600300,-1.070298907
3.148803700,-1.070318002
3.149007200,-1.074337107
3.149210600,-1.078356202
3.149414100,-1.078375307
3.149617500,-1.082394402
3.149821000,-1.086413507
3.150024400,-1.086432602
3.150227900,-1.090451707
3.150431300,-1.094470802
3.150634800,-1.094489907
3.150838200,-1.098509002
3.151041700,-1.098528107
3.151245100,-1.102547203
3.151448600,-1.106566307
3.151652000,-1.106585403
3.151855500,-1.110604507
3.152058900,-1.114623603
3.152262400,-1.114642707
3.152465800,-1.118661803
3.152669300,-1.122680907
3.152872700,-1.122700003
3.153076200,-1.126719108
3.153279600,-1.130738203
3.153483100,-1.130757308
3.153686500,-1.134776403
3.153890000,-1.138795508
3.154093400,-1.138814603
3.154296900,-1.142833708
3.154500300,-1.146852803
3.154703800,-1.146871908
3.154907200,-1.150891003
3.155110700,-1.154910108
3.155314100,-1.158929203
3.155517600,-1.158948308
3.155721000,-1.162967403
3.155924500,-1.166986508
3.156127900,-1.171005603
3.156331400,-1.171024708
3.156534800,-1.179043804
3.156738300,-1.179062908
3.156941700,-1.183082004
3.157145200,-1.187101108
3.157348600,-1.191120204
3.157552100,-1.195139308
3.157755500,-1.195158404
3.157959000,-1.203177509
3.158162400,-1.203196604
3.158365900,-1.207215709
3.158569300,-1.211234804
3.158772800,-1.215253909
3.158976200,-1.219273004
3.159179700,-1.223292109
3.159383100,-1.227311204
3.159586600,-1.231330309
3.159790000,-1.235349404
3.159993500,-1.239368509
3.160196900,-1.243387604
3.160400400,-1.247406709
3.160603800,-1.251425804
3.160807300,-1.255444909
3.161010700,-1.259464004
3.161214200,-1.267483109
3.161417600,-1.271502204
3.161621100,-1.271521309
3.161824500,-1.275540405
3.162028000,-1.283559509
3.162231400,-1.287578605
3.162434900,-1.291597709
3.162638300,-1.295616805
3.162841800,-1.299635909
3.163045200,-1.303655005
3.163248700,-1.311674110
3.163452100,-1.315693205
3.163655600,-1.319712310
3.163859000,-1.323731405
3.164062500,-1.327750510
3.164266000,-1.331769614
3.164469400,-1.335788710
3.164672900,-1.343807815
3.164876300,-1.347826910
3.165079800,-1.351846015
3.165283200,-1.359865110
3.165486700,-1.363884215
3.165690100,-1.367903310
3.165893600,-1.375922415
3.166097000,-1.379941510
3.166300500,-1.379960615
3.166503900,-1.383979710
3.166707400,-1.391998815
3.166910800,-1.396017910
3.167114300,-1.400037015
3.167317700,-1.408056110
3.167521200,-1.412075215
3.167724600,-1.416094310
3.167928100,-1.424113415
3.168131500,-1.428132510
3.168335000,-1.432151615
3.168538400,-1.436170711
3.168741900,-1.444189815
3.168945300,-1.448208911
3.169148800,-1.452228015
3.169352200,-1.464247111
3.169555700,-1.468266215
3.169759100,-1.472285311
3.169962600,-1.480304416
3.170166000,-1.484323511
3.170369500,-1.488342616
3.170572900,-1.492361711
3.170776400,-1.500380816
3.170979800,-1.504399911
3.171183300,-1.508419016
3.171386700,-1.516438111
3.171590200,-1.520457216
3.171793600,-1.528476311
3.171997100,-1.536495416
3.172200500,-1.540514511
3.172404000,-1.544533616
3.172607400,-1.552552711
3.172810900,-1.556571816
3.173014300,-1.560590911
3.173217800,-1.564610016
3.173421200,-1.576629112
3.173624700,-1.580648216
3.173828100,-1.584667312
3.174031600,-1.592686416
3.174235000,-1.596705512
3.174438500,-1.600724616
3.174641900,-1.608743712
3.174845400,-1.616762817
3.175048800,-1.620781912
3.175252300,-1.624801017
3.175455700,-1.632820112
3.175659200,-1.636839217
3.175862600,-1.640858312
3.176066100,-1.648877417
3.176269500,-1.652896512
3.176473000,-1.656915617
3.176676400,-1.668934712
3.176879900,-1.672953817
3.177083300,-1.676972912
3.177286800,-1.680992017
3.177490200,-1.689011112
3.177693700,-1.693030217
3.177897100,-1.697049312
3.178100600,-1.705068417
3.178304000,-1.709087512
3.178507500,-1.709106617
3.178710900,-1.717125713
3.178914400,-1.721144817
3.179117800,-1.725163913
3.179321300,-1.729183017
3.179524700,-1.737202113
3.179728200,-1.741221217
3.179931600,-1.741240313
3.180135100,-1.749259418
3.180338500,-1.753278513
3.180542000,-1.753297618
3.180745400,-1.761316713
3.180948900,-1.765335818
3.181152300,-1.765354913
3.181355800,-1.769374018
3.181559200,-1.773393113
3.181762700,-1.777412218
3.181966100,-1.781431313
3.182169600,-1.785450418
3.182373000,-1.785469513
3.182576500,-1.789488618
3.182779900,-1.793507713
3.182983400,-1.793526818
3.183186800,-1.797545913
3.183390300,-1.801565018
3.183593800,-1.801584123
3.183797200,-1.805603218
3.184000700,-1.805622323
3.184204100,-1.809641418
3.184407600,-1.809660523
3.184611000,-1.809679618
3.184814500,-1.813698723
3.185017900,-1.813717818
3.185221400,-1.817736923
3.185424800,-1.817756019
3.185628300,-1.817775123
3.185831700,-1.821794219
3.186035200,-1.821813323
3.186238600,-1.821832419
3.186442100,-1.821851523
3.186645500,-1.825870619
3.186849000,-1.825889724
3.187052400,-1.825908819
3.187255900,-1.825927924
3.187459300,-1.825947019
3.187662800,-1.829966124
3.187866200,-1.829985219
3.188069700,-1.830004324
3.188273100,-1.830023419
3.188476600,-1.830042524
3.188680000,-1.830061619
3.188883500,-1.830080724
3.189086900,-1.830099819
3.189290400,-1.830118924
3.189493800,-1.834138019
3.189697300,-1.834157124
3.189900700,-1.834176219
3.190104200,-1.834195324
3.190307600,-1.834214420
3.190511100,-1.834233524
3.190714500,-1.834252620
3.190918000,-1.834271724
3.191121400,-1.834290820
3.191324900,-1.834309924
3.191528300,-1.834329020
3.191731800,-1.834348124
3.191935200,-1.834367220
3.192138700,-1.834386325
3.192342100,-1.834405420
3.192545600,-1.834424525
3.192749000,-1.834443620
3.192952500,-1.834462725
3.193155900,-1.834481820
3.193359400,-1.834500925
3.193562800,-1.834520020
3.193766300,-1.834539125
3.193969700,-1.834558220
3.194173200,-1.834577325
3.194376600,-1.834596420
3.194580100,-1.834615525
3.194783500,-1.834634620
3.194987000,-1.834653725
3.195190400,-1.834672820
3.195393900,-1.834691925
3.195597300,-1.830711021
3.195800800,-1.830730125
3.196004200,-1.830749221
3.196207700,-1.830768325
3.196411100,-1.830787421
3.196614600,-1.826806525
3.196818000,-1.826825621
3.197021500,-1.826844726
3.197224900,-1.826863821
3.197428400,-1.822882926
3.197631800,-1.822902021
3.197835300,-1.822921126
3.198038700,-1.818940221
3.198242200,-1.818959326
3.198445600,-1.818978421
3.198649100,-1.814997526
3.198852500,-1.815016621
3.199056000,-1.811035726
3.199259400,-1.811054821
3.199462900,-1.811073926
3.199666300,-1.807093021
3.199869800,-1.803112126
3.200073200,-1.803131221
3.200276700,-1.799150326
3.200480100,-1.799169422
3.200683600,-1.795188526
3.200887000,-1.791207622
3.201090500,-1.791226726
3.201293900,-1.787245822
3.201497400,-1.787264926
3.201700800,-1.779284022
3.201904300,-1.779303126
3.202107700,-1.775322222
3.202311200,-1.771341327
3.202514600,-1.771360422
3.202718100,-1.767379527
3.202921500,-1.763398622
3.203125000,-1.759417727
3.203328500,-1.755436831
3.203531900,-1.755455927
3.203735400,-1.747475032
3.203938800,-1.747494127
3.204142300,-1.743513232
3.204345700,-1.739532327
3.204549200,-1.735551432
3.204752600,-1.731570527
3.204956100,-1.727589632
3.205159500,-1.723608727
3.205363000,-1.723627832
3.205566400,-1.719646927
3.205769900,-1.715666032
3.205973300,-1.711685127
3.206176800,-1.707704232
3.206380200,-1.703723327
3.206583700,-1.699742432
3.206787100,-1.695761527
3.206990600,-1.691780632
3.207194000,-1.687799728
3.207397500,-1.687818832
3.207600900,-1.683837928
3.207804400,-1.675857032
3.208007800,-1.675876128
3.208211300,-1.671895232
3.208414700,-1.667914328
3.208618200,-1.663933432
3.208821600,-1.659952528
3.209025100,-1.655971633
3.209228500,-1.651990728
3.209432000,-1.652009833
3.209635400,-1.648028928
3.209838900,-1.644048033
3.210042300,-1.640067128
3.210245800,-1.640086233
3.210449200,-1.632105328
3.210652700,-1.632124433
3.210856100,-1.628143528
3.211059600,-1.624162633
3.211263000,-1.620181728
3.211466500,-1.620200833
3.211669900,-1.612219928
3.211873400,-1.612239033
3.212076800,-1.608258128
3.212280300,-1.608277233
3.212483700,-1.604296329
3.212687200,-1.600315433
3.212890600,-1.596334529
3.213094100,-1.592353633
3.213297500,-1.592372729
3.213501000,-1.588391833
3.213704400,-1.584410929
3.213907900,-1.580430034
3.214111300,-1.580449129
3.214314800,-1.576468234
3.214518200,-1.572487329
3.214721700,-1.572506434
3.214925100,-1.568525529
3.215128600,-1.564544634
3.215332000,-1.564563729
3.215535500,-1.560582834
3.215738900,-1.556601929
3.215942400,-1.556621034
3.216145800,-1.552640129
3.216349300,-1.552659234
3.216552700,-1.548678329
3.216756200,-1.544697434
3.216959600,-1.544716529
3.217163100,-1.540735634
3.217366500,-1.536754730
3.217570000,-1.536773834
3.217773400,-1.532792930
3.217976900,-1.528812034
3.218180300,-1.528831130
3.218383800,-1.524850234
3.218587200,-1.520869330
3.218790700,-1.520888434
3.218994100,-1.516907530
3.219197600,-1.512926635
3.219401000,-1.512945730
3.219604500,-1.508964835
3.219807900,-1.504983930
3.220011400,-1.501003035
3.220214800,-1.501022130
3.220418300,-1.497041235
3.220621700,-1.493060330
3.220825200,-1.493079435
3.221028600,-1.489098530
3.221232100,-1.485117635
3.221435500,-1.485136730
3.221639000,-1.481155835
3.221842400,-1.477174930
3.222045900,-1.473194035
3.222249300,-1.473213130
3.222452800,-1.469232235
3.222656300,-1.465251340
3.222859700,-1.465270435
3.223063200,-1.461289540
3.223266600,-1.457308635
3.223470100,-1.453327740
3.223673500,-1.453346835
3.223877000,-1.445365940
3.224080400,-1.445385036
3.224283900,-1.441404140
3.224487300,-1.437423236
3.224690800,-1.433442340
3.224894200,-1.433461436
3.225097700,-1.429480540
3.225301100,-1.425499636
3.225504600,-1.421518740
3.225708000,-1.417537836
3.225911500,-1.413556941
3.226114900,-1.409576036
3.226318400,-1.409595141
3.226521800,-1.401614236
3.226725300,-1.401633341
3.226928700,-1.397652436
3.227132200,-1.393671541
3.227335600,-1.389690636
3.227539100,-1.385709741
3.227742500,-1.385728836
3.227946000,-1.377747941
3.228149400,-1.377767036
3.228352900,-1.373786141
3.228556300,-1.369805236
3.228759800,-1.365824341
3.228963200,-1.361843436
3.229166700,-1.361862541
3.229370100,-1.353881637
3.229573600,-1.349900741
3.229777000,-1.349919837
3.229980500,-1.341938941
3.230183900,-1.341958037
3.230387400,-1.337977141
3.230590800,-1.333996237
3.230794300,-1.330015342
3.230997700,-1.326034437
3.231201200,-1.322053542
3.231404600,-1.318072637
3.231608100,-1.314091742
3.231811500,-1.314110837
3.232015000,-1.306129942
3.232218400,-1.306149037
3.232421900,-1.302168142
3.232625300,-1.298187237
3.232828800,-1.294206342
3.233032200,-1.294225437
3.233235700,-1.286244542
3.233439100,-1.286263637
3.233642600,-1.282282742
3.233846000,-1.278301837
3.234049500,-1.274320942
3.234252900,-1.270340038
3.234456400,-1.270359142
3.234659800,-1.266378238
3.234863300,-1.262397342
3.235066700,-1.258416438
3.235270200,-1.254435542
3.235473600,-1.254454638
3.235677100,-1.250473742
3.235880500,-1.246492838
3.236084000,-1.242511943
3.236287400,-1.242531038
3.236490900,-1.238550143
3.236694300,-1.234569238
3.236897800,-1.230588343
3.237101200,-1.230607438
3.237304700,-1.226626543
3.237508100,-1.222645638
3.237711600,-1.222664743
3.237915000,-1.218683838
3.238118500,-1.214702943
3.238321900,-1.210722038
3.238525400,-1.210741143
3.238728800,-1.206760238
3.238932300,-1.202779343
3.239135700,-1.202798438
3.239339200,-1.198817543
3.239542600,-1.194836639
3.239746100,-1.194855743
3.239949500,-1.186874839
3.240153000,-1.186893943
3.240356400,-1.182913039
3.240559900,-1.182932143
3.240763300,-1.178951239
3.240966800,-1.174970344
3.241170200,-1.174989439
3.241373700,-1.171008544
3.241577100,-1.167027639
3.241780600,-1.167046744
3.241984000,-1.163065839
3.242187500,-1.159084944
3.242391000,-1.159104048
3.242594400,-1.155123144
3.242797900,-1.151142249
3.243001300,-1.151161344
3.243204800,-1.147180449
3.243408200,-1.143199544
3.243611700,-1.143218649
3.243815100,-1.139237744
3.244018600,-1.135256849
3.244222000,-1.135275944
3.244425500,-1.131295049
3.244628900,-1.131314144
3.244832400,-1.127333249
3.245035800,-1.123352344
3.245239300,-1.123371449
3.245442700,-1.119390544
3.245646200,-1.115409649
3.245849600,-1.115428744
3.246053100,-1.111447849
3.246256500,-1.107466945
3.246460000,-1.107486049
3.246663400,-1.103505145
3.246866900,-1.099524249
3.247070300,-1.099543345
3.247273800,-1.095562449
3.247477200,-1.091581545
3.247680700,-1.091600650
3.247884100,-1.087619745
3.248087600,-1.083638850
3.248291000,-1.083657945
3.248494500,-1.079677050
3.248697900,-1.075696145
3.248901400,-1.075715250
3.249104800,-1.075734345
3.249308300,-1.071753450
3.249511700,-1.067772545
3.249715200,-1.067791650
3.249918600,-1.063810745
3.250122100,-1.059829850
3.250325500,-1.059848945
3.250529000,-1.055868050
3.250732400,-1.055887145
3.250935900,-1.051906250
3.251139300,-1.051925345
3.251342800,-1.047944450
3.251546200,-1.043963546
3.251749700,-1.043982650
3.251953100,-1.040001746
3.252156600,-1.036020850
3.252360000,-1.036039946
3.252563500,-1.036059050
3.252766900,-1.032078146
3.252970400,-1.028097251
3.253173800,-1.028116346
3.253377300,-1.024135451
3.253580700,-1.024154546
3.253784200,-1.020173651
3.253987600,-1.020192746
3.254191100,-1.016211851
3.254394500,-1.012230946
3.254598000,-1.012250051
3.254801400,-1.008269146
3.255004900,-1.008288251
3.255208300,-1.004307346
3.255411800,-1.004326451
3.255615200,-1.000345546
3.255818700,-0.996364651
3.256022100,-0.996383746
3.256225600,-0.992402851
3.256429000,-0.992421947
3.256632500,-0.988441051
3.256835900,-0.984460147
3.257039400,-0.984479251
3.257242800,-0.984498347
3.257446300,-0.980517451
3.257649700,-0.976536547
3.257853200,-0.976555652
3.258056600,-0.976574747
3.258260100,-0.972593852
3.258463500,-0.968612947
3.258667000,-0.968632052
3.258870400,-0.964651147
3.259073900,-0.964670252
3.259277300,-0.960689347
3.259480800,-0.956708452
3.259684200,-0.956727547
3.259887700,-0.956746652
3.260091100,-0.952765747
3.260294600,-0.948784852
3.260498000,-0.948803947
3.260701500,-0.948823052
3.260904900,-0.944842147
3.261108400,-0.944861252
3.261311800,-0.940880347
3.261515300,-0.936899452
3.261718800,-0.936918557
3.261922200,-0.936937652
3.262125700,-0.932956757
3.262329100,-0.932975852
3.262532600,-0.928994957
3.262736000,-0.929014052
3.262939500,-0.925033157
3.263142900,-0.925052253
3.263346400,-0.921071357
3.263549800,-0.921090453
3.263753300,-0.917109557
3.263956700,-0.917128653
3.264160200,-0.917147757
3.264363600,-0.913166853
3.264567100,-0.913185958
3.264770500,-0.909205053
3.264974000,-0.909224158
3.265177400,-0.905243253
3.265380900,-0.905262358
3.265584300,-0.901281453
3.265787800,-0.901300558
3.265991200,-0.901319653
3.266194700,-0.897338758
3.266398100,-0.897357853
3.266601600,-0.893376958
3.266805000,-0.893396053
3.267008500,-0.889415158
3.267211900,-0.889434253
3.267415400,-0.889453358
3.267618800,-0.885472453
3.267822300,-0.885491558
3.268025700,-0.881510653
3.268229200,-0.881529758
3.268432600,-0.877548854
3.268636100,-0.877567958
3.268839500,-0.877587054
3.269043000,-0.873606158
3.269246400,-0.873625254
3.269449900,-0.869644358
3.269653300,-0.869663454
3.269856800,-0.865682559
3.270060200,-0.865701654
3.270263700,-0.861720759
3.270467100,-0.861739854
3.270670600,-0.861758959
3.270874000,-0.857778054
3.271077500,-0.857797159
3.271280900,-0.853816254
3.271484400,-0.853835359
3.271687800,-0.849854454
3.271891300,-0.849873559
3.272094700,-0.849892654
3.272298200,-0.845911759
3.272501600,-0.845930854
3.272705100,-0.841949959
3.272908500,-0.841969054
3.273112000,-0.837988159
3.273315400,-0.838007255
3.273518900,-0.838026359
3.273722300,-0.834045455
3.273925800,-0.830064559
3.274129200,-0.830083655
3.274332700,-0.826102759
3.274536100,-0.826121855
3.274739600,-0.826140959
3.274943000,-0.822160055
3.275146500,-0.818179160
3.275349900,-0.818198255
3.275553400,-0.818217360
3.275756800,-0.814236455
3.275960300,-0.814255560
3.276163700,-0.810274655
3.276367200,-0.806293760
3.276570600,-0.806312855
3.276774100,-0.806331960
3.276977500,-0.802351055
3.277181000,-0.798370160
3.277384400,-0.798389255
3.277587900,-0.798408360
3.277791300,-0.794427455
3.277994800,-0.790446560
3.278198200,-0.790465655
3.278401700,-0.786484760
3.278605100,-0.786503856
3.278808600,-0.782522960
3.279012000,-0.782542056
3.279215500,-0.778561160
3.279418900,-0.778580256
3.279622400,-0.774599360
3.279825800,-0.774618456
3.280029300,-0.770637561
3.280232700,-0.770656656
3.280436200,-0.766675761
3.280639600,-0.762694856
3.280843100,-0.762713961
3.281046500,-0.758733056
3.281250000,-0.758752161
3.281453500,-0.754771266
3.281656900,-0.754790361
3.281860400,-0.750809466
3.282063800,-0.750828561
3.282267300,-0.746847666
3.282470700,-0.742866761
3.282674200,-0.742885866
3.282877600,-0.738904961
3.283081100,-0.738924066
3.283284500,-0.734943161
3.283488000,-0.734962266
3.283691400,-0.730981361
3.283894900,-0.727000466
3.284098300,-0.727019561
3.284301800,-0.727038666
3.284505200,-0.723057761
3.284708700,-0.719076866
3.284912100,-0.719095961
3.285115600,-0.715115066
3.285319000,-0.715134162
3.285522500,-0.711153266
3.285725900,-0.711172362
3.285929400,-0.707191466
3.286132800,-0.707210562
3.286336300,-0.703229666
3.286539700,-0.699248762
3.286743200,-0.699267867
3.286946600,-0.699286962
3.287150100,-0.695306067
3.287353500,-0.691325162
3.287557000,-0.691344267
3.287760400,-0.687363362
3.287963900,-0.687382467
3.288167300,-0.683401562
3.288370800,-0.683420667
3.288574200,-0.679439762
3.288777700,-0.679458867
3.288981100,-0.675477962
3.289184600,-0.675497067
3.289388000,-0.671516162
3.289591500,-0.671535267
3.289794900,-0.667554362
3.289998400,-0.667573467
3.290201800,-0.663592563
3.290405300,-0.663611667
3.290608700,-0.659630763
3.290812200,-0.659649867
3.291015600,-0.659668963
3.291219100,-0.655688067
3.291422500,-0.655707163
3.291626000,-0.651726267
3.291829400,-0.651745363
3.292032900,-0.647764468
3.292236300,-0.647783563
3.292439800,-0.647802668
3.292643200,-0.643821763
3.292846700,-0.643840868
3.293050100,-0.639859963
3.293253600,-0.639879068
3.293457000,-0.635898163
3.293660500,-0.635917268
3.293863900,-0.631936363
3.294067400,-0.631955468
3.294270800,-0.631974563
3.294474300,-0.631993668
3.294677700,-0.628012763
3.294881200,-0.628031868
3.295084600,-0.628050963
3.295288100,-0.624070068
3.295491500,-0.624089164
3.295695000,-0.624108268
3.295898400,-0.620127364
3.296101900,-0.620146468
3.296305300,-0.620165564
3.296508800,-0.616184668
3.296712200,-0.616203764
3.296915700,-0.616222869
3.297119100,-0.616241964
3.297322600,-0.612261069
3.297526000,-0.612280164
3.297729500,-0.612299269
3.297932900,-0.608318364
3.298136400,-0.608337469
3.298339800,-0.608356564
3.298543300,-0.608375669
3.298746700,-0.608394764
3.298950200,-0.604413869
3.299153600,-0.604432964
3.299357100,-0.604452069
3.299560500,-0.604471164
3.299764000,-0.604490269
3.299967400,-0.600509364
3.300170900,-0.600528469
3.300374300,-0.600547565
3.300577800,-0.600566669
3.300781300,-0.600585774
3.300984700,-0.600604869
3.301188200,-0.600623974
3.301391600,-0.596643069
3.301595100,-0.596662174
3.301798500,-0.596681269
3.302002000,-0.596700374
3.302205400,-0.596719470
3.302408900,-0.596738574
3.302612300,-0.596757670
3.302815800,-0.592776774
3.303019200,-0.592795870
3.303222700,-0.592814974
3.303426100,-0.592834070
3.303629600,-0.592853175
3.303833000,-0.592872270
3.304036500,-0.592891375
3.304239900,-0.592910470
3.304443400,-0.592929575
3.304646800,-0.592948670
3.304850300,-0.588967775
3.305053700,-0.588986870
3.305257200,-0.589005975
3.305460600,-0.589025070
3.305664100,-0.589044175
3.305867500,-0.589063270
3.306071000,-0.589082375
3.306274400,-0.589101470
3.306477900,-0.589120575
3.306681300,-0.589139670
3.306884800,-0.589158775
3.307088200,-0.589177871
3.307291700,-0.585196975
3.307495100,-0.585216071
3.307698600,-0.585235175
3.307902000,-0.585254271
3.308105500,-0.585273375
3.308308900,-0.585292471
3.308512400,-0.585311575
3.308715800,-0.585330671
3.308919300,-0.585349776
3.309122700,-0.585368871
3.309326200,-0.585387976
3.309529600,-0.585407071
3.309733100,-0.585426176
3.309936500,-0.585445271
3.310140000,-0.581464376
3.310343400,-0.581483471
3.310546900,-0.581502576
3.310750300,-0.581521671
3.310953800,-0.581540776
3.311157200,-0.581559871
3.311360700,-0.581578976
3.311564100,-0.581598071
3.311767600,-0.581617176
3.311971000,-0.581636271
3.312174500,-0.581655376
3.312377900,-0.581674472
3.312581400,-0.581693576
3.312784800,-0.581712672
3.312988300,-0.581731776
3.313191700,-0.577750872
3.313395200,-0.577769976
3.313598600,-0.577789072
3.313802100,-0.577808177
3.314005500,-0.577827272
3.314209000,-0.577846377
3.314412400,-0.577865472
3.314615900,-0.577884577
3.314819300,-0.577903672
3.315022800,-0.577922777
3.315226200,-0.577941872
3.315429700,-0.577960977
3.315633100,-0.577980072
3.315836600,-0.577999177
3.316040000,-0.578018272
3.316243500,-0.578037377
3.316446900,-0.578056472
3.316650400,-0.578075577
3.316853800,-0.578094672
3.317057300,-0.578113777
3.317260700,-0.578132873
3.317464200,-0.578151977
3.317667600,-0.578171073
3.317871100,-0.578190177
3.318074500,-0.578209273
3.318278000,-0.578228377
3.318481400,-0.578247473
3.318684900,-0.578266577
3.318888300,-0.578285673
3.319091800,-0.578304778
3.319295200,-0.578323873
3.319498700,-0.578342978
3.319702100,-0.578362073
3.319905600,-0.578381178
3.320109000,-0.578400273
3.320312500,-0.578419378
3.320516000,-0.578438483
3.320719400,-0.578457578
3.320922900,-0.578476683
3.321126300,-0.578495778
3.321329800,-0.578514883
3.321533200,-0.578533978
3.321736700,-0.578553083
3.321940100,-0.578572178
3.322143600,-0.578591283
3.322347000,-0.578610378
3.322550500,-0.578629483
3.322753900,-0.578648578
3.322957400,-0.582667683
3.323160800,-0.582686778
3.323364300,-0.582705883
3.323567700,-0.582724978
3.323771200,-0.582744083
3.323974600,-0.582763179
3.324178100,-0.582782283
3.324381500,-0.582801379
3.324585000,-0.582820483
3.324788400,-0.582839579
3.324991900,-0.582858683
3.325195300,-0.586877779
3.325398800,-0.586896883
3.325602200,-0.586915979
3.325805700,-0.586935084
3.326009100,-0.586954179
3.326212600,-0.586973284
3.326416000,-0.586992379
3.326619500,-0.587011484
3.326822900,-0.591030579
3.327026400,-0.591049684
3.327229800,-0.591068779
3.327433300,-0.591087884
3.327636700,-0.591106979
3.327840200,-0.591126084
3.328043600,-0.591145179
3.328247100,-0.595164284
3.328450500,-0.595183379
3.328654000,-0.595202484
3.328857400,-0.595221579
3.329060900,-0.595240684
3.329264300,-0.595259780
3.329467800,-0.599278884
3.329671200,-0.599297980
3.329874700,-0.599317084
3.330078100,-0.599336180
3.330281600,-0.599355284
3.330485000,-0.603374380
3.330688500,-0.603393485
3.330891900,-0.603412580
3.331095400,-0.603431685
3.331298800,-0.603450780
3.331502300,-0.607469885
3.331705700,-0.607488980
3.331909200,-0.607508085
3.332112600,-0.607527180
3.332316100,-0.611546285
3.332519500,-0.611565380
3.332723000,-0.611584485
3.332926400,-0.611603580
3.333129900,-0.615622685
3.333333300,-0.615641780
3.333536800,-0.615660885
3.333740200,-0.615679980
3.333943700,-0.619699085
3.334147100,-0.619718180
3.334350600,-0.619737285
3.334554000,-0.619756381
3.334757500,-0.623775485
3.334960900,-0.623794581
3.335164400,-0.623813685
3.335367800,-0.623832781
3.335571300,-0.627851885
3.335774700,-0.627870981
3.335978200,-0.627890086
3.336181600,-0.627909181
3.336385100,-0.631928286
3.336588500,-0.631947381
3.336792000,-0.631966486
3.336995400,-0.635985581
3.337198900,-0.636004686
3.337402300,-0.636023781
3.337605800,-0.640042886
3.337809200,-0.640061981
3.338012700,-0.640081086
3.338216100,-0.644100181
3.338419600,-0.644119286
3.338623000,-0.644138381
3.338826500,-0.648157486
3.339029900,-0.648176581
3.339233400,-0.648195686
3.339436800,-0.652214782
3.339640300,-0.652233886
3.339843800,-0.652252991
3.340047200,-0.656272086
3.340250700,-0.656291191
3.340454100,-0.660310286
3.340657600,-0.660329391
3.340861000,-0.660348487
3.341064500,-0.664367591
3.341267900,-0.664386687
3.341471400,-0.664405791
3.341674800,-0.668424887
3.341878300,-0.668443991
3.342081700,-0.668463087
3.342285200,-0.672482191
3.342488600,-0.672501287
3.342692100,-0.676520392
3.342895500,-0.676539487
3.343099000,-0.676558592
3.343302400,-0.680577687
3.343505900,-0.680596792
3.343709300,-0.684615887
3.343912800,-0.684634992
3.344116200,-0.684654087
3.344319700,-0.688673192
3.344523100,-0.688692287
3.344726600,-0.688711392
3.344930000,-0.692730487
3.345133500,-0.692749592
3.345336900,-0.696768687
3.345540400,-0.696787792
3.345743800,-0.700806887
3.345947300,-0.700825992
3.346150700,-0.700845088
3.346354200,-0.704864192
3.346557600,-0.704883288
3.346761100,-0.704902392
3.346964500,-0.708921488
3.347168000,-0.708940592
3.347371400,-0.712959688
3.347574900,-0.712978793
3.347778300,-0.712997888
3.347981800,-0.717016993
3.348185200,-0.717036088
3.348388700,-0.721055193
3.348592100,-0.721074288
3.348795600,-0.721093393
3.348999000,-0.721112488
3.349202500,-0.725131593
3.349405900,-0.725150688
3.349609400,-0.729169793
3.349812800,-0.729188888
3.350016300,-0.729207993
3.350219700,-0.733227088
3.350423200,-0.733246193
3.350626600,-0.733265288
3.350830100,-0.737284393
3.351033500,-0.737303488
3.351237000,-0.737322593
3.351440400,-0.741341689
3.351643900,-0.741360793
3.351847300,-0.741379889
3.352050800,-0.745398993
3.352254200,-0.745418089
3.352457700,-0.745437193
3.352661100,-0.749456289
3.352864600,-0.749475394
3.353068000,-0.749494489
3.353271500,-0.749513594
3.353474900,-0.753532689
3.353678400,-0.753551794
3.353881800,-0.753570889
3.354085300,-0.753589994
3.354288700,-0.757609089
3.354492200,-0.757628194
3.354695600,-0.757647289
3.354899100,-0.757666394
3.355102500,-0.761685489
3.355306000,-0.761704594
3.355509400,-0.761723689
3.355712900,-0.761742794
3.355916300,-0.765761889
3.356119800,-0.765780994
3.356323200,-0.765800090
3.356526700,-0.765819194
3.356730100,-0.765838290
3.356933600,-0.765857394
3.357137000,-0.765876490
3.357340500,-0.769895594
3.357543900,-0.769914690
3.357747400,-0.769933794
3.357950800,-0.769952890
3.358154300,-0.769971995
3.358357700,-0.769991090
3.358561200,-0.770010195
3.358764600,-0.770029290
3.358968100,-0.770048395
3.359171500,-0.770067490
3.359375000,-0.770086595
3.359578500,-0.770105700
3.359781900,-0.770124795
3.359985400,-0.770143900
3.360188800,-0.774162995
3.360392300,-0.774182100
3.360595700,-0.774201195
3.360799200,-0.770220300
3.361002600,-0.770239395
3.361206100,-0.770258500
3.361409500,-0.770277595
3.361613000,-0.770296700
3.361816400,-0.770315795
3.362019900,-0.770334900
3.362223300,-0.770353995
3.362426800,-0.770373100
3.362630200,-0.770392195
3.362833700,-0.770411300
3.363037100,-0.770430396
3.363240600,-0.770449500
3.363444000,-0.770468596
3.363647500,-0.770487700
3.363850900,-0.770506796
3.364054400,-0.770525900
3.364257800,-0.770544996
3.364461300,-0.770564101
3.364664700,-0.766583196
3.364868200,-0.766602301
3.365071600,-0.766621396
3.365275100,-0.766640501
3.365478500,-0.766659596
3.365682000,-0.766678701
3.365885400,-0.762697796
3.366088900,-0.762716901
3.366292300,-0.762735996
3.366495800,-0.762755101
3.366699200,-0.762774196
3.366902700,-0.758793301
3.367106100,-0.758812396
3.367309600,-0.758831501
3.367513000,-0.758850596
3.367716500,-0.754869701
3.367919900,-0.754888796
3.368123400,-0.754907901
3.368326800,-0.750926997
3.368530300,-0.750946101
3.368733700,-0.750965197
3.368937200,-0.746984301
3.369140600,-0.747003397
3.369344100,-0.743022501
3.369547500,-0.743041597
3.369751000,-0.743060702
3.369954400,-0.739079797
3.370157900,-0.739098902
3.370361300,-0.739117997
3.370564800,-0.735137102
3.370768200,-0.731156197
3.370971700,-0.731175302
3.371175100,-0.731194397
3.371378600,-0.727213502
3.371582000,-0.723232597
3.371785500,-0.723251702
3.371988900,-0.719270797
3.372192400,-0.715289902
3.372395800,-0.715308997
3.372599300,-0.711328102
3.372802700,-0.707347197
3.373006200,-0.707366302
3.373209600,-0.703385398
3.373413100,-0.699404502
3.373616500,-0.695423598
3.373820000,-0.695442702
3.374023400,-0.691461798
3.374226900,-0.687480902
3.374430300,-0.687499998
3.374633800,-0.683519102
3.374837200,-0.679538198
3.375040700,-0.679557303
3.375244100,-0.675576398
3.375447600,-0.671595503
3.375651000,-0.671614598
3.375854500,-0.667633703
3.376057900,-0.663652798
3.376261400,-0.663671903
3.376464800,-0.659690998
3.376668300,-0.655710103
3.376871700,-0.655729198
3.377075200,-0.651748303
3.377278600,-0.651767398
3.377482100,-0.647786503
3.377685500,-0.647805598
3.377889000,-0.643824703
3.378092400,-0.643843798
3.378295900,-0.639862903
3.378499300,-0.639881999
3.378702800,-0.635901103
3.378906300,-0.635920208
3.379109700,-0.631939303
3.379313200,-0.631958408
3.379516600,-0.627977503
3.379720100,-0.627996608
3.379923500,-0.628015704
3.380127000,-0.628034808
3.380330400,-0.624053904
3.380533900,-0.624073008
3.380737300,-0.624092104
3.380940800,-0.624111208
3.381144200,-0.624130304
3.381347700,-0.624149408
3.381551100,-0.624168504
3.381754600,-0.624187609
3.381958000,-0.624206704
3.382161500,-0.624225809
3.382364900,-0.624244904
3.382568400,-0.624264009
3.382771800,-0.624283104
3.382975300,-0.624302209
3.383178700,-0.624321304
3.383382200,-0.624340409
3.383585600,-0.624359504
3.383789100,-0.624378609
3.383992500,-0.624397704
3.384196000,-0.624416809
3.384399400,-0.624435904
3.384602900,-0.624455009
3.384806300,-0.624474104
3.385009800,-0.624493209
3.385213200,-0.624512305
3.385416700,-0.624531409
3.385620100,-0.624550505
3.385823600,-0.624569609
3.386027000,-0.624588705
3.386230500,-0.624607809
3.386433900,-0.624626905
3.386637400,-0.624646010
3.386840800,-0.624665105
3.387044300,-0.624684210
3.387247700,-0.624703305
3.387451200,-0.624722410
3.387654600,-0.624741505
3.387858100,-0.624760610
3.388061500,-0.624779705
3.388265000,-0.624798810
3.388468400,-0.624817905
3.388671900,-0.624837010
3.388875300,-0.624856105
3.389078800,-0.624875210
3.389282200,-0.620894305
3.389485700,-0.620913410
3.389689100,-0.620932505
3.389892600,-0.620951610
3.390096000,-0.620970706
3.390299500,-0.616989810
3.390502900,-0.617008906
3.390706400,-0.617028010
3.390909800,-0.617047106
3.391113300,-0.613066210
3.391316700,-0.613085306
3.391520200,-0.613104410
3.391723600,-0.609123506
3.391927100,-0.609142611
3.392130500,-0.609161706
3.392334000,-0.605180811
3.392537400,-0.605199906
3.392740900,-0.605219011
3.392944300,-0.601238106
3.393147800,-0.601257211
3.393351200,-0.601276306
3.393554700,-0.597295411
3.393758100,-0.597314506
3.393961600,-0.597333611
3.394165000,-0.593352706
3.394368500,-0.593371811
3.394571900,-0.593390906
3.394775400,-0.589410011
3.394978800,-0.589429106
3.395182300,-0.589448211
3.395385700,-0.585467307
3.395589200,-0.585486411
3.395792600,-0.585505507
3.395996100,-0.581524611
3.396199500,-0.581543707
3.396403000,-0.581562811
3.396606400,-0.577581907
3.396809900,-0.577601012
3.397013300,-0.577620107
3.397216800,-0.573639212
3.397420200,-0.573658307
3.397623700,-0.573677412
3.397827100,-0.569696507
3.398030600,-0.569715612
3.398234000,-0.569734707
3.398437500,-0.569753812
3.398641000,-0.565772917
3.398844400,-0.565792012
3.399047900,-0.565811117
3.399251300,-0.565830212
3.399454800,-0.565849317
3.399658200,-0.565868412
3.399861700,-0.561887517
3.400065100,-0.561906612
3.400268600,-0.561925717
3.400472000,-0.561944812
3.400675500,-0.561963917
3.400878900,-0.561983012
3.401082400,-0.562002117
3.401285800,-0.562021212
3.401489300,-0.562040317
3.401692700,-0.562059412
3.401896200,-0.562078517
3.402099600,-0.562097613
3.402303100,-0.562116717
3.402506500,-0.562135813
3.402710000,-0.562154917
3.402913400,-0.562174013
3.403116900,-0.562193117
3.403320300,-0.566212213
3.403523800,-0.566231318
3.403727200,-0.566250413
3.403930700,-0.566269518
3.404134100,-0.566288613
3.404337600,-0.566307718
3.404541000,-0.566326813
3.404744500,-0.566345918
3.404947900,-0.570365013
3.405151400,-0.570384118
3.405354800,-0.570403213
3.405558300,-0.570422318
3.405761700,-0.570441413
3.405965200,-0.570460518
3.406168600,-0.570479613
3.406372100,-0.574498718
3.406575500,-0.574517813
3.406779000,-0.574536918
3.406982400,-0.574556014
3.407185900,-0.574575118
3.407389300,-0.574594214
3.407592800,-0.578613318
3.407796200,-0.578632414
3.407999700,-0.578651518
3.408203100,-0.578670614
3.408406600,-0.578689718
3.408610000,-0.578708814
3.408813500,-0.578727919
3.409016900,-0.578747014
3.409220400,-0.578766119
3.409423800,-0.578785214
3.409627300,-0.578804319
3.409830700,-0.578823414
3.410034200,-0.578842519
3.410237600,-0.578861614
3.410441100,-0.578880719
3.410644500,-0.574899814
3.410848000,-0.574918919
3.411051400,-0.574938014
3.411254900,-0.574957119
3.411458300,-0.574976214
3.411661800,-0.570995319
3.411865200,-0.571014414
3.412068700,-0.571033519
3.412272100,-0.567052615
3.412475600,-0.567071719
3.412679000,-0.563090815
3.412882500,-0.563109919
3.413085900,-0.559129015
3.413289400,-0.559148119
3.413492800,-0.555167215
3.413696300,-0.555186320
3.413899700,-0.551205415
3.414103200,-0.551224520
3.414306600,-0.547243615
3.414510100,-0.543262720
3.414713500,-0.543281815
3.414917000,-0.539300920
3.415120400,-0.535320015
3.415323900,-0.531339120
3.415527300,-0.531358215
3.415730800,-0.523377320
3.415934200,-0.523396415
3.416137700,-0.519415520
3.416341100,-0.515434615
3.416544600,-0.511453720
3.416748000,-0.507472815
3.416951500,-0.503491920
3.417154900,-0.499511015
3.417358400,-0.495530120
3.417561800,-0.491549216
3.417765300,-0.487568320
3.417968800,-0.483587425
3.418172200,-0.479606520
3.418375700,-0.475625625
3.418579100,-0.471644720
3.418782600,-0.467663825
3.418986000,-0.463682921
3.419189500,-0.459702025
3.419392900,-0.455721121
3.419596400,-0.451740225
3.419799800,-0.443759321
3.420003300,-0.439778425
3.420206700,-0.439797521
3.420410200,-0.431816626
3.420613600,-0.427835721
3.420817100,-0.423854826
3.421020500,-0.419873921
3.421224000,-0.415893026
3.421427400,-0.411912121
3.421630900,-0.407931226
3.421834300,-0.399950321
3.422037800,-0.395969426
3.422241200,-0.395988521
3.422444700,-0.388007626
3.422648100,-0.384026721
3.422851600,-0.380045826
3.423055000,-0.376064921
3.423258500,-0.372084026
3.423461900,-0.368103121
3.423665400,-0.364122226
3.423868800,-0.356141322
3.424072300,-0.356160426
3.424275700,-0.352179522
3.424479200,-0.344198626
3.424682600,-0.344217722
3.424886100,-0.340236826
3.425089500,-0.336255922
3.425293000,-0.328275026
3.425496400,-0.328294122
3.425699900,-0.324313227
3.425903300,-0.316332322
3.426106800,-0.316351427
3.426310200,-0.312370522
3.426513700,-0.304389627
3.426717100,-0.300408722
3.426920600,-0.300427827
3.427124000,-0.296446922
3.427327500,-0.288466027
3.427530900,-0.288485122
3.427734400,-0.284504227
3.427937800,-0.276523322
3.428141300,-0.276542427
3.428344700,-0.272561522
3.428548200,-0.264580627
3.428751600,-0.264599722
3.428955100,-0.260618827
3.429158500,-0.256637923
3.429362000,-0.252657027
3.429565400,-0.248676123
3.429768900,-0.244695227
3.429972300,-0.240714323
3.430175800,-0.236733427
3.430379200,-0.232752523
3.430582700,-0.228771628
3.430786100,-0.224790723
3.430989600,-0.220809828
3.431193000,-0.216828923
3.431396500,-0.212848028
3.431599900,-0.208867123
3.431803400,-0.204886228
3.432006800,-0.200905323
3.432210300,-0.196924428
3.432413700,-0.192943523
3.432617200,-0.188962628
3.432820600,-0.184981723
3.433024100,-0.181000828
3.433227500,-0.177019923
3.433431000,-0.173039028
3.433634400,-0.169058123
3.433837900,-0.169077228
3.434041300,-0.161096323
3.434244800,-0.157115428
3.434448200,-0.157134524
3.434651700,-0.149153628
3.434855100,-0.145172724
3.435058600,-0.141191828
3.435262000,-0.137210924
3.435465500,-0.133230028
3.435668900,-0.129249124
3.435872400,-0.129268229
3.436075800,-0.121287324
3.436279300,-0.117306429
3.436482700,-0.113325524
3.436686200,-0.109344629
3.436889600,-0.105363724
3.437093100,-0.101382829
3.437296500,-0.097401924
3.437500000,-0.093421029
3.437703500,-0.089440134
3.437906900,-0.089459229
3.438110400,-0.081478334
3.438313800,-0.077497429
3.438517300,-0.077516534
3.438720700,-0.069535629
3.438924200,-0.065554734
3.439127600,-0.061573829
3.439331100,-0.057592934
3.439534500,-0.053612029
3.439738000,-0.049631134
3.439941400,-0.045650229
3.440144900,-0.041669334
3.440348300,-0.041688429
3.440551800,-0.037707534
3.440755200,-0.029726629
3.440958700,-0.029745734
3.441162100,-0.025764830
3.441365600,-0.017783934
3.441569000,-0.017803030
3.441772500,-0.013822134
3.441975900,-0.009841230
3.442179400,-0.005860334
3.442382800,-0.001879430
3.442586300,0.002101465
3.442789700,0.006082370
3.442993200,0.010063265
3.443196600,0.010044170
3.443400100,0.018025065
3.443603500,0.018005970
3.443807000,0.021986865
3.444010400,0.025967770
3.444213900,0.029948665
3.444417300,0.033929570
3.444620800,0.033910465
3.444824200,0.041891370
3.445027700,0.041872265
3.445231100,0.045853170
3.445434600,0.049834065
3.445638000,0.053814970
3.445841500,0.057795865
3.446044900,0.061776769
3.446248400,0.061757665
3.446451800,0.065738569
3.446655300,0.069719465
3.446858700,0.073700369
3.447062200,0.077681265
3.447265600,0.077662169
3.447469100,0.085643064
3.447672500,0.085623969
3.447876000,0.089604864
3.448079400,0.093585769
3.448282900,0.097566664
3.448486300,0.097547569
3.448689800,0.101528464
3.448893200,0.105509369
3.449096700,0.109490264
3.449300100,0.109471169
3.449503600,0.117452064
3.449707000,0.117432969
3.449910500,0.121413864
3.450113900,0.125394769
3.450317400,0.129375664
3.450520800,0.129356569
3.450724300,0.137337464
3.450927700,0.137318369
3.451131200,0.141299264
3.451334600,0.145280168
3.451538100,0.149261064
3.451741500,0.153241968
3.451945000,0.153222864
3.452148400,0.161203768
3.452351900,0.161184664
3.452555300,0.165165568
3.452758800,0.173146463
3.452962200,0.173127368
3.453165700,0.177108263
3.453369100,0.181089168
3.453572600,0.185070063
3.453776000,0.189050968
3.453979500,0.193031863
3.454182900,0.201012768
3.454386400,0.200993663
3.454589800,0.204974568
3.454793300,0.212955463
3.454996700,0.216936368
3.455200200,0.220917263
3.455403600,0.224898168
3.455607100,0.228879063
3.455810500,0.232859968
3.456014000,0.236840863
3.456217400,0.244821767
3.456420900,0.248802663
3.456624300,0.252783567
3.456827800,0.260764463
3.457031300,0.264745358
3.457234700,0.268726263
3.457438200,0.272707158
3.457641600,0.280688063
3.457845100,0.284668958
3.458048500,0.288649862
3.458252000,0.296630758
3.458455400,0.300611662
3.458658900,0.304592558
3.458862300,0.312573462
3.459065800,0.316554358
3.459269200,0.320535262
3.459472700,0.332516157
3.459676100,0.336497062
3.459879600,0.340477957
3.460083000,0.344458862
3.460286500,0.352439757
3.460489900,0.356420662
3.460693400,0.360401557
3.460896800,0.372382462
3.461100300,0.376363357
3.461303700,0.380344262
3.461507200,0.388325157
3.461710600,0.392306062
3.461914100,0.396286957
3.462117500,0.404267862
3.462321000,0.412248757
3.462524400,0.416229662
3.462727900,0.420210557
3.462931300,0.428191461
3.463134800,0.432172357
3.463338200,0.436153261
3.463541700,0.444134157
3.463745100,0.448115061
3.463948600,0.452095957
3.464152000,0.456076861
3.464355500,0.464057757
3.464558900,0.468038661
3.464762400,0.472019556
3.464965800,0.480000461
3.465169300,0.483981356
3.465372700,0.487962261
3.465576200,0.495943156
3.465779600,0.499924061
3.465983100,0.503904956
3.466186500,0.507885861
3.466390000,0.515866756
3.466593400,0.519847661
3.466796900,0.519828556
3.467000300,0.527809461
3.467203800,0.531790356
3.467407200,0.535771261
3.467610700,0.543752156
3.467814100,0.543733061
3.468017600,0.547713956
3.468221000,0.555694860
3.468424500,0.559675756
3.468627900,0.559656660
3.468831400,0.563637556
3.469034800,0.571618460
3.469238300,0.571599356
3.469441700,0.575580260
3.469645200,0.583561155
3.469848600,0.583542060
3.470052100,0.587522955
3.470255500,0.591503860
3.470459000,0.595484755
3.470662400,0.599465660
3.470865900,0.603446555
3.471069300,0.607427460
3.471272800,0.611408355
3.471476200,0.611389260
3.471679700,0.619370155
3.471883100,0.623351060
3.472086600,0.623331955
3.472290000,0.631312860
3.472493500,0.631293755
3.472696900,0.635274660
3.472900400,0.639255555
3.473103800,0.643236459
3.473307300,0.647217355
3.473510700,0.647198259
3.473714200,0.655179155
3.473917600,0.659160059
3.474121100,0.659140955
3.474324500,0.667121859
3.474528000,0.667102755
3.474731400,0.671083659
3.474934900,0.675064554
3.475138300,0.679045459
3.475341800,0.683026354
3.475545200,0.687007259
3.475748700,0.690988154
3.475952100,0.694969059
3.476155600,0.698949954
3.476359000,0.702930859
3.476562500,0.706911754
3.476766000,0.706892649
3.476969400,0.710873554
3.477172900,0.718854449
3.477376300,0.718835354
3.477579800,0.722816249
3.477783200,0.726797154
3.477986700,0.730778049
3.478190100,0.734758954
3.478393600,0.738739849
3.478597000,0.742720754
3.478800500,0.746701649
3.479003900,0.750682554
3.479207400,0.754663449
3.479410800,0.758644354
3.479614300,0.758625249
3.479817700,0.766606153
3.480021200,0.770587049
3.480224600,0.770567953
3.480428100,0.778548849
3.480631500,0.782529753
3.480835000,0.782510649
3.481038400,0.790491553
3.481241900,0.790472449
3.481445300,0.794453353
3.481648800,0.798434248
3.481852200,0.802415153
3.482055700,0.806396048
3.482259100,0.810376953
3.482462600,0.814357848
3.482666000,0.818338753
3.482869500,0.818319648
3.483072900,0.826300553
3.483276400,0.826281448
3.483479800,0.830262353
3.483683300,0.834243248
3.483886700,0.838224153
3.484090200,0.842205048
3.484293600,0.842185953
3.484497100,0.850166848
3.484700500,0.850147753
3.484904000,0.854128648
3.485107400,0.858109552
3.485310900,0.862090448
3.485514300,0.866071352
3.485717800,0.866052248
3.485921200,0.870033152
3.486124700,0.874014048
3.486328100,0.877994952
3.486531600,0.881975847
3.486735000,0.881956752
3.486938500,0.885937647
3.487141900,0.889918552
3.487345400,0.893899447
3.487548800,0.893880352
3.487752300,0.897861247
3.487955700,0.901842152
3.488159200,0.905823047
3.488362600,0.905803952
3.488566100,0.909784847
3.488769500,0.913765752
3.488973000,0.913746647
3.489176400,0.921727552
3.489379900,0.921708447
3.489583300,0.925689352
3.489786800,0.929670247
3.489990200,0.929651151
3.490193700,0.933632047
3.490397100,0.933612951
3.490600600,0.937593847
3.490804000,0.941574751
3.491007500,0.941555647
3.491210900,0.945536551
3.491414400,0.949517447
3.491617800,0.949498351
3.491821300,0.953479246
3.492024700,0.957460151
3.492228200,0.957441046
3.492431600,0.961421951
3.492635100,0.965402846
3.492838500,0.969383751
3.493042000,0.969364646
3.493245400,0.973345551
3.493448900,0.977326446
3.493652300,0.977307351
3.493855800,0.981288246
3.494059200,0.985269151
3.494262700,0.985250046
3.494466100,0.989230951
3.494669600,0.993211846
3.494873000,0.993192751
3.495076500,0.997173646
3.495279900,1.001154550
3.495483400,1.001135446
3.495686800,1.005116350
3.495890300,1.009097246
3.496093800,1.009078141
3.496297200,1.013059046
3.496500700,1.013039941
3.496704100,1.021020845
3.496907600,1.021001741
3.497111000,1.024982645
3.497314500,1.028963541
3.497517900,1.028944445
3.497721400,1.032925341
3.497924800,1.036906245
3.498128300,1.036887141
3.498331700,1.040868045
3.498535200,1.044848940
3.498738600,1.048829845
3.498942100,1.048810740
3.499145500,1.052791645
3.499349000,1.056772540
3.499552400,1.056753445
3.499755900,1.060734340
3.499959300,1.064715245
3.500162800,1.068696140
3.500366200,1.068677045
3.500569700,1.072657940
3.500773100,1.076638845
3.500976600,1.076619740
3.501180000,1.080600645
3.501383500,1.084581540
3.501586900,1.088562445
3.501790400,1.088543340
3.501993800,1.092524244
3.502197300,1.096505140
3.502400700,1.100486044
3.502604200,1.104466940
3.502807600,1.104447844
3.503011100,1.108428740
3.503214500,1.108409644
3.503418000,1.116390539
3.503621400,1.116371444
3.503824900,1.120352339
3.504028300,1.124333244
3.504231800,1.124314139
3.504435200,1.128295044
3.504638700,1.132275939
3.504842100,1.136256844
3.505045600,1.136237739
3.505249000,1.140218644
3.505452500,1.144199539
3.505655900,1.144180444
3.505859400,1.148161339
3.506062800,1.152142244
3.506266300,1.152123139
3.506469700,1.156104044
3.506673200,1.160084939
3.506876600,1.160065843
3.507080100,1.164046739
3.507283500,1.168027643
3.507487000,1.168008539
3.507690400,1.171989443
3.507893900,1.171970339
3.508097300,1.175951243
3.508300800,1.179932139
3.508504200,1.179913043
3.508707700,1.183893938
3.508911100,1.183874843
3.509114600,1.187855738
3.509318000,1.191836643
3.509521500,1.191817538
3.509724900,1.195798443
3.509928400,1.195779338
3.510131800,1.199760243
3.510335300,1.199741138
3.510538700,1.203722043
3.510742200,1.207702938
3.510945600,1.207683843
3.511149100,1.207664738
3.511352500,1.211645643
3.511556000,1.211626538
3.511759400,1.215607443
3.511962900,1.215588338
3.512166300,1.219569242
3.512369800,1.219550138
3.512573200,1.223531042
3.512776700,1.223511938
3.512980100,1.227492842
3.513183600,1.227473738
3.513387000,1.231454642
3.513590500,1.231435537
3.513793900,1.235416442
3.513997400,1.235397337
3.514200800,1.239378242
3.514404300,1.239359137
3.514607700,1.239340042
3.514811200,1.243320937
3.515014600,1.243301842
3.515218100,1.247282737
3.515421500,1.247263642
3.515625000,1.251244537
3.515828500,1.251225432
3.516031900,1.255206337
3.516235400,1.255187232
3.516438800,1.255168137
3.516642300,1.259149032
3.516845700,1.259129937
3.517049200,1.263110832
3.517252600,1.263091737
3.517456100,1.267072632
3.517659500,1.267053537
3.517863000,1.271034432
3.518066400,1.271015337
3.518269900,1.274996232
3.518473300,1.274977137
3.518676800,1.274958032
3.518880200,1.278938936
3.519083700,1.278919832
3.519287100,1.282900736
3.519490600,1.282881632
3.519694000,1.286862536
3.519897500,1.286843432
3.520100900,1.290824336
3.520304400,1.290805231
3.520507800,1.294786136
3.520711300,1.294767031
3.520914700,1.298747936
3.521118200,1.298728831
3.521321600,1.298709736
3.521525100,1.302690631
3.521728500,1.302671536
3.521932000,1.306652431
3.522135400,1.306633336
3.522338900,1.310614231
3.522542300,1.310595136
3.522745800,1.314576031
3.522949200,1.314556936
3.523152700,1.318537831
3.523356100,1.318518736
3.523559600,1.322499631
3.523763000,1.322480536
3.523966500,1.322461431
3.524169900,1.326442335
3.524373400,1.326423231
3.524576800,1.330404135
3.524780300,1.330385031
3.524983700,1.334365935
3.525187200,1.334346831
3.525390600,1.334327735
3.525594100,1.338308630
3.525797500,1.338289535
3.526001000,1.342270430
3.526204400,1.342251335
3.526407900,1.342232230
3.526611300,1.346213135
3.526814800,1.346194030
3.527018200,1.350174935
3.527221700,1.350155830
3.527425100,1.350136735
3.527628600,1.354117630
3.527832000,1.354098535
3.528035500,1.354079430
3.528238900,1.358060335
3.528442400,1.358041230
3.528645800,1.358022135
3.528849300,1.362003030
3.529052700,1.361983934
3.529256200,1.361964830
3.529459600,1.361945734
3.529663100,1.365926630
3.529866500,1.365907534
3.530070000,1.365888430
3.530273400,1.365869334
3.530476900,1.369850229
3.530680300,1.369831134
3.530883800,1.369812029
3.531087200,1.369792934
3.531290700,1.373773829
3.531494100,1.373754734
3.531697600,1.373735629
3.531901000,1.373716534
3.532104500,1.373697429
3.532307900,1.377678334
3.532511400,1.377659229
3.532714800,1.377640134
3.532918300,1.377621029
3.533121700,1.377601934
3.533325200,1.381582829
3.533528600,1.381563734
3.533732100,1.381544629
3.533935500,1.381525534
3.534139000,1.381506429
3.534342400,1.385487333
3.534545900,1.385468229
3.534749300,1.385449133
3.534952800,1.385430029
3.535156300,1.385410924
3.535359700,1.385391829
3.535563200,1.389372724
3.535766600,1.389353628
3.535970100,1.389334524
3.536173500,1.389315428
3.536377000,1.389296324
3.536580400,1.389277228
3.536783900,1.389258124
3.536987300,1.393239028
3.537190800,1.393219923
3.537394200,1.393200828
3.537597700,1.393181723
3.537801100,1.393162628
3.538004600,1.397143523
3.538208000,1.397124428
3.538411500,1.397105323
3.538614900,1.397086228
3.538818400,1.397067123
3.539021800,1.397048028
3.539225300,1.401028923
3.539428700,1.401009828
3.539632200,1.400990723
3.539835600,1.400971628
3.540039100,1.400952523
3.540242500,1.400933428
3.540446000,1.404914323
3.540649400,1.404895228
3.540852900,1.404876123
3.541056300,1.404857027
3.541259800,1.404837923
3.541463200,1.404818827
3.541666700,1.408799723
3.541870100,1.408780627
3.542073600,1.408761523
3.542277000,1.408742427
3.542480500,1.408723322
3.542683900,1.412704227
3.542887400,1.412685122
3.543090800,1.412666027
3.543294300,1.412646922
3.543497700,1.412627827
3.543701200,1.412608722
3.543904600,1.416589627
3.544108100,1.416570522
3.544311500,1.416551427
3.544515000,1.416532322
3.544718400,1.416513227
3.544921900,1.416494122
3.545125300,1.416475027
3.545328800,1.420455922
3.545532200,1.420436827
3.545735700,1.420417722
3.545939100,1.420398626
3.546142600,1.420379522
3.546346000,1.420360426
3.546549500,1.420341322
3.546752900,1.420322226
3.546956400,1.420303122
3.547159800,1.420284026
3.547363300,1.424264922
3.547566700,1.424245826
3.547770200,1.424226721
3.547973600,1.424207626
3.548177100,1.424188521
3.548380500,1.424169426
3.548584000,1.424150321
3.548787400,1.424131226
3.548990900,1.424112121
3.549194300,1.424093026
3.549397800,1.424073921
3.549601200,1.424054826
3.549804700,1.424035721
3.550008100,1.424016626
3.550211600,1.423997521
3.550415000,1.423978426
3.550618500,1.423959321
3.550821900,1.423940226
3.551025400,1.427921121
3.551228800,1.427902025
3.551432300,1.427882921
3.551635700,1.427863825
3.551839200,1.427844721
3.552042600,1.427825625
3.552246100,1.427806521
3.552449500,1.427787425
3.552653000,1.427768320
3.552856400,1.427749225
3.553059900,1.427730120
3.553263300,1.427711025
3.553466800,1.427691920
3.553670200,1.427672825
3.553873700,1.427653720
3.554077100,1.427634625
3.554280600,1.427615520
3.554484000,1.427596425
3.554687500,1.427577320
3.554891000,1.427558215
3.555094400,1.427539120
3.555297900,1.427520015
3.555501300,1.427500920
3.555704800,1.427481815
3.555908200,1.427462720
3.556111700,1.427443615
3.556315100,1.427424520
3.556518600,1.427405415
3.556722000,1.427386320
3.556925500,1.427367215
3.557128900,1.427348120
3.557332400,1.427329015
3.557535800,1.427309920
3.557739300,1.427290815
3.557942700,1.427271719
3.558146200,1.427252615
3.558349600,1.427233519
3.558553100,1.427214415
3.558756500,1.427195319
3.558960000,1.427176215
3.559163400,1.427157119
3.559366900,1.427138014
3.559570300,1.427118919
3.559773800,1.427099814
3.559977200,1.427080719
3.560180700,1.427061614
3.560384100,1.427042519
3.560587600,1.427023414
3.560791000,1.427004319
3.560994500,1.426985214
3.561197900,1.422966119
3.561401400,1.422947014
3.561604800,1.422927919
3.561808300,1.422908814
3.562011700,1.422889719
3.562215200,1.422870614
3.562418600,1.422851519
3.562622100,1.422832414
3.562825500,1.418813318
3.563029000,1.418794214
3.563232400,1.418775118
3.563435900,1.418756014
3.563639300,1.418736918
3.563842800,1.418717814
3.564046200,1.414698718
3.564249700,1.414679614
3.564453100,1.414660518
3.564656600,1.414641413
3.564860000,1.414622318
3.565063500,1.410603213
3.565266900,1.410584118
3.565470400,1.410565013
3.565673800,1.410545918
3.565877300,1.406526813
3.566080700,1.406507718
3.566284200,1.406488613
3.566487600,1.406469518
3.566691100,1.402450413
3.566894500,1.402431318
3.567098000,1.402412213
3.567301400,1.398393118
3.567504900,1.398374013
3.567708300,1.398354918
3.567911800,1.398335813
3.568115200,1.394316717
3.568318700,1.394297613
3.568522100,1.394278517
3.568725600,1.390259413
3.568929000,1.390240317
3.569132500,1.390221213
3.569335900,1.386202117
3.569539400,1.386183012
3.569742800,1.386163917
3.569946300,1.382144812
3.570149700,1.382125717
3.570353200,1.378106612
3.570556600,1.378087517
3.570760100,1.378068412
3.570963500,1.374049317
3.571167000,1.374030212
3.571370400,1.370011117
3.571573900,1.369992012
3.571777300,1.369972917
3.571980800,1.365953812
3.572184200,1.365934717
3.572387700,1.365915612
3.572591100,1.365896517
3.572794600,1.361877412
3.572998000,1.361858316
3.573201500,1.361839212
3.573404900,1.357820116
3.573608400,1.357801012
3.573811800,1.357781916
3.574015300,1.353762812
3.574218800,1.353743707
3.574422200,1.353724612
3.574625700,1.349705507
3.574829100,1.349686411
3.575032600,1.349667307
3.575236000,1.349648211
3.575439500,1.345629107
3.575642900,1.345610011
3.575846400,1.345590907
3.576049800,1.341571811
3.576253300,1.341552706
3.576456700,1.341533611
3.576660200,1.341514506
3.576863600,1.341495411
3.577067100,1.337476306
3.577270500,1.337457211
3.577474000,1.337438106
3.577677400,1.337419011
3.577880900,1.337399906
3.578084300,1.337380811
3.578287800,1.337361706
3.578491200,1.337342611
3.578694700,1.337323506
3.578898100,1.337304411
3.579101600,1.337285306
3.579305000,1.337266211
3.579508500,1.337247106
3.579711900,1.333228010
3.579915400,1.333208906
3.580118800,1.333189810
3.580322300,1.333170706
3.580525700,1.333151610
3.580729200,1.333132506
3.580932600,1.333113410
3.581136100,1.329094306
3.581339500,1.329075210
3.581543000,1.329056105
3.581746400,1.329037010
3.581949900,1.329017905
3.582153300,1.324998810
3.582356800,1.324979705
3.582560200,1.324960610
3.582763700,1.320941505
3.582967100,1.320922410
3.583170600,1.320903305
3.583374000,1.316884210
3.583577500,1.316865105
3.583780900,1.316846010
3.583984400,1.312826905
3.584187800,1.312807810
3.584391300,1.308788705
3.584594700,1.308769610
3.584798200,1.304750505
3.585001600,1.304731409
3.585205100,1.300712305
3.585408500,1.296693209
3.585612000,1.296674105
3.585815400,1.292655009
3.586018900,1.288635905
3.586222300,1.284616809
3.586425800,1.284597704
3.586629200,1.280578609
3.586832700,1.272559504
3.587036100,1.272540409
3.587239600,1.268521304
3.587443000,1.260502209
3.587646500,1.260483104
3.587849900,1.256464009
3.588053400,1.252444904
3.588256800,1.244425809
3.588460300,1.244406704
3.588663700,1.240387609
3.588867200,1.232368504
3.589070600,1.228349409
3.589274100,1.224330304
3.589477500,1.220311209
3.589681000,1.216292104
3.589884400,1.212273008
3.590087900,1.208253904
3.590291300,1.204234808
3.590494800,1.200215704
3.590698200,1.196196608
3.590901700,1.188177504
3.591105100,1.184158408
3.591308600,1.180139304
3.591512000,1.176120208
3.591715500,1.172101103
3.591918900,1.168082008
3.592122400,1.164062903
3.592325800,1.160043808
3.592529300,1.156024703
3.592732700,1.152005608
3.592936200,1.147986503
3.593139600,1.143967408
3.593343100,1.143948303
3.593546500,1.135929208
3.593750000,1.135910103
3.593953500,1.131890998
3.594156900,1.127871903
3.594360400,1.123852798
3.594563800,1.119833703
3.594767300,1.119814598
3.594970700,1.115795503
3.595174200,1.111776398
3.595377600,1.111757303
3.595581100,1.107738198
3.595784500,1.107719103
3.595988000,1.103699998
3.596191400,1.099680903
3.596394900,1.099661798
3.596598300,1.099642702
3.596801800,1.095623598
3.597005200,1.095604502
3.597208700,1.091585398
3.597412100,1.091566302
3.597615600,1.091547198
3.597819000,1.087528102
3.598022500,1.087508998
3.598225900,1.087489902
3.598429400,1.083470797
3.598632800,1.083451702
3.598836300,1.083432597
3.599039700,1.083413502
3.599243200,1.083394397
3.599446600,1.079375302
3.599650100,1.079356197
3.599853500,1.079337102
3.600057000,1.079317997
3.600260400,1.079298902
3.600463900,1.075279797
3.600667300,1.075260702
3.600870800,1.075241597
3.601074200,1.075222502
3.601277700,1.075203397
3.601481100,1.071184302
3.601684600,1.071165197
3.601888000,1.071146101
3.602091500,1.071126997
3.602294900,1.067107901
3.602498400,1.067088797
3.602701800,1.067069701
3.602905300,1.063050597
3.603108700,1.063031501
3.603312200,1.063012396
3.603515600,1.058993301
3.603719100,1.058974196
3.603922500,1.054955101
3.604126000,1.054935996
3.604329400,1.050916901
3.604532900,1.050897796
3.604736300,1.046878701
3.604939800,1.042859596
3.605143200,1.042840501
3.605346700,1.038821396
3.605550100,1.038802301
3.605753600,1.034783196
3.605957000,1.030764101
3.606160500,1.030744996
3.606363900,1.026725901
3.606567400,1.022706796
3.606770800,1.022687701
3.606974300,1.014668596
3.607177700,1.014649500
3.607381200,1.010630396
3.607584600,1.006611300
3.607788100,1.002592196
3.607991500,0.998573100
3.608195000,0.994553996
3.608398400,0.990534900
3.608601900,0.986515795
3.608805300,0.982496700
3.609008800,0.978477595
3.609212200,0.974458500
3.609415700,0.970439395
3.609619100,0.966420300
3.609822600,0.962401195
3.610026000,0.958382100
3.610229500,0.954362995
3.610432900,0.946343900
3.610636400,0.946324795
3.610839800,0.942305700
3.611043300,0.934286595
3.611246700,0.930267500
3.611450200,0.930248395
3.611653600,0.922229300
3.611857100,0.922210195
3.612060500,0.918191099
3.612264000,0.914171995
3.612467400,0.910152899
3.612670900,0.906133795
3.612874300,0.902114699
3.613077800,0.898095595
3.613281300,0.898076490
3.613484700,0.894057394
3.613688200,0.890038290
3.613891600,0.886019194
3.614095100,0.886000090
3.614298500,0.881980994
3.614502000,0.877961890
3.614705400,0.877942794
3.614908900,0.877923690
3.615112300,0.873904594
3.615315800,0.873885489
3.615519200,0.869866394
3.615722700,0.869847289
3.615926100,0.869828194
3.616129600,0.865809089
3.616333000,0.865789994
3.616536500,0.865770889
3.616739900,0.865751794
3.616943400,0.865732689
3.617146800,0.865713594
3.617350300,0.865694489
3.617553700,0.865675394
3.617757200,0.865656289
3.617960600,0.865637194
3.618164100,0.869618089
3.618367500,0.869598994
3.618571000,0.869579889
3.618774400,0.869560793
3.618977900,0.873541689
3.619181300,0.873522593
3.619384800,0.877503489
3.619588200,0.877484393
3.619791700,0.881465289
3.619995100,0.881446193
3.620198600,0.885427088
3.620402000,0.885407993
3.620605500,0.889388888
3.620808900,0.893369793
3.621012400,0.893350688
3.621215800,0.897331593
3.621419300,0.901312488
3.621622700,0.901293393
3.621826200,0.905274288
3.622029600,0.909255193
3.622233100,0.909236088
3.622436500,0.917216993
3.622640000,0.917197888
3.622843400,0.921178793
3.623046900,0.921159688
3.623250300,0.929140593
3.623453800,0.929121488
3.623657200,0.933102393
3.623860700,0.937083288
3.624064100,0.941064192
3.624267600,0.941045088
3.624471000,0.945025992
3.624674500,0.949006888
3.624877900,0.948987792
3.625081400,0.952968688
3.625284800,0.956949592
3.625488300,0.960930487
3.625691700,0.960911392
3.625895200,0.964892287
3.626098600,0.968873192
3.626302100,0.968854087
3.626505500,0.972834992
3.626709000,0.976815887
3.626912400,0.976796792
3.627115900,0.980777687
3.627319300,0.984758592
3.627522800,0.984739487
3.627726200,0.988720392
3.627929700,0.988701287
3.628133100,0.992682192
3.628336600,0.992663087
3.628540000,0.996643992
3.628743500,0.996624887
3.628946900,1.000605791
3.629150400,1.000586687
3.629353800,1.004567591
3.629557300,1.004548487
3.629760700,1.004529391
3.629964200,1.008510287
3.630167600,1.008491191
3.630371100,1.008472087
3.630574500,1.012452991
3.630778000,1.012433886
3.630981400,1.012414791
3.631184900,1.016395686
3.631388300,1.016376591
3.631591800,1.016357486
3.631795200,1.020338391
3.631998700,1.020319286
3.632202100,1.020300191
3.632405600,1.024281086
3.632609000,1.024261991
3.632812500,1.024242886
3.633016000,1.028223781
3.633219400,1.028204686
3.633422900,1.028185581
3.633626300,1.032166486
3.633829800,1.032147381
3.634033200,1.032128286
3.634236700,1.032109181
3.634440100,1.036090086
3.634643600,1.036070981
3.634847000,1.036051886
3.635050500,1.040032781
3.635253900,1.040013686
3.635457400,1.043994581
3.635660800,1.043975485
3.635864300,1.043956381
3.636067700,1.047937285
3.636271200,1.047918181
3.636474600,1.047899085
3.636678100,1.051879981
3.636881500,1.051860885
3.637085000,1.055841780
3.637288400,1.055822685
3.637491900,1.059803580
3.637695300,1.059784485
3.637898800,1.059765380
3.638102200,1.063746285
3.638305700,1.067727180
3.638509100,1.067708085
3.638712600,1.071688980
3.638916000,1.071669885
3.639119500,1.075650780
3.639322900,1.079631685
3.639526400,1.079612580
3.639729800,1.079593485
3.639933300,1.083574380
3.640136700,1.087555285
3.640340200,1.087536180
3.640543600,1.091517085
3.640747100,1.095497980
3.640950500,1.095478884
3.641154000,1.095459780
3.641357400,1.099440684
3.641560900,1.103421580
3.641764300,1.103402484
3.641967800,1.107383380
3.642171200,1.111364284
3.642374700,1.111345179
3.642578100,1.115326084
3.642781600,1.119306979
3.642985000,1.119287884
3.643188500,1.123268779
3.643391900,1.123249684
3.643595400,1.127230579
3.643798800,1.127211484
3.644002300,1.131192379
3.644205700,1.135173284
3.644409200,1.135154179
3.644612600,1.135135084
3.644816100,1.139115979
3.645019500,1.143096884
3.645223000,1.143077779
3.645426400,1.147058684
3.645629900,1.147039579
3.645833300,1.151020483
3.646036800,1.151001379
3.646240200,1.154982283
3.646443700,1.154963179
3.646647100,1.154944083
3.646850600,1.158924979
3.647054000,1.158905883
3.647257500,1.158886779
3.647460900,1.162867683
3.647664400,1.162848578
3.647867800,1.162829483
3.648071300,1.166810378
3.648274700,1.166791283
3.648478200,1.166772178
3.648681600,1.170753083
3.648885100,1.170733978
3.649088500,1.170714883
3.649292000,1.170695778
3.649495400,1.174676683
3.649698900,1.174657578
3.649902300,1.174638483
3.650105800,1.174619378
3.650309200,1.174600283
3.650512700,1.174581178
3.650716100,1.174562083
3.650919600,1.174542978
3.651123000,1.178523882
3.651326500,1.178504778
3.651529900,1.178485682
3.651733400,1.178466578
3.651936800,1.178447482
3.652140300,1.178428378
3.652343800,1.178409273
3.652547200,1.178390177
3.652750700,1.178371073
3.652954100,1.178351977
3.653157600,1.178332873
3.653361000,1.178313777
3.653564500,1.178294673
3.653767900,1.178275577
3.653971400,1.178256473
3.654174800,1.178237377
3.654378300,1.178218272
3.654581700,1.178199177
3.654785200,1.178180072
3.654988600,1.178160977
3.655192100,1.178141872
3.655395500,1.178122777
3.655599000,1.178103672
3.655802400,1.178084577
3.656005900,1.178065472
3.656209300,1.178046377
3.656412800,1.178027272
3.656616200,1.178008177
3.656819700,1.177989072
3.657023100,1.177969977
3.657226600,1.177950872
3.657430000,1.177931777
3.657633500,1.177912672
3.657836900,1.177893576
3.658040400,1.177874472
3.658243800,1.177855376
3.658447300,1.181836272
3.658650700,1.181817176
3.658854200,1.181798072
3.659057600,1.181778976
3.659261100,1.181759871
3.659464500,1.181740776
3.659668000,1.181721671
3.659871400,1.181702576
3.660074900,1.181683471
3.660278300,1.185664376
3.660481800,1.185645271
3.660685200,1.185626176
3.660888700,1.185607071
3.661092100,1.185587976
3.661295600,1.185568871
3.661499000,1.189549776
3.661702500,1.189530671
3.661905900,1.189511576
3.662109400,1.189492471
3.662312800,1.189473376
3.662516300,1.193454271
3.662719700,1.193435175
3.662923200,1.193416071
3.663126600,1.193396975
3.663330100,1.193377871
3.663533500,1.193358775
3.663737000,1.197339671
3.663940400,1.197320575
3.664143900,1.197301471
3.664347300,1.197282375
3.664550800,1.197263270
3.664754200,1.197244175
3.664957700,1.197225070
3.665161100,1.197205975
3.665364600,1.197186870
3.665568000,1.201167775
3.665771500,1.201148670
3.665974900,1.201129575
3.666178400,1.201110470
3.666381800,1.201091375
3.666585300,1.201072270
3.666788700,1.201053175
3.666992200,1.201034070
3.667195600,1.201014975
3.667399100,1.200995870
3.667602500,1.196976775
3.667806000,1.196957670
3.668009400,1.196938574
3.668212900,1.196919470
3.668416300,1.196900374
3.668619800,1.196881270
3.668823200,1.192862174
3.669026700,1.192843070
3.669230100,1.192823974
3.669433600,1.192804869
3.669637000,1.188785774
3.669840500,1.188766669
3.670043900,1.188747574
3.670247400,1.184728469
3.670450800,1.184709374
3.670654300,1.184690269
3.670857700,1.180671174
3.671061200,1.180652069
3.671264600,1.176632974
3.671468100,1.176613869
3.671671500,1.172594774
3.671875000,1.172575669
3.672078500,1.172556564
3.672281900,1.168537469
3.672485400,1.164518364
3.672688800,1.164499269
3.672892300,1.160480164
3.673095700,1.160461069
3.673299200,1.156441964
3.673502600,1.156422869
3.673706100,1.152403764
3.673909500,1.148384669
3.674113000,1.148365564
3.674316400,1.144346469
3.674519900,1.140327364
3.674723300,1.140308268
3.674926800,1.140289164
3.675130200,1.136270068
3.675333700,1.132250964
3.675537100,1.132231868
3.675740600,1.128212764
3.675944000,1.124193668
3.676147500,1.124174563
3.676350900,1.120155468
3.676554400,1.116136363
3.676757800,1.116117268
3.676961300,1.112098163
3.677164700,1.108079068
3.677368200,1.108059963
3.677571600,1.104040868
3.677775100,1.100021763
3.677978500,1.100002668
3.678182000,1.099983563
3.678385400,1.095964468
3.678588900,1.091945363
3.678792300,1.091926268
3.678995800,1.087907163
3.679199200,1.083888068
3.679402700,1.083868963
3.679606100,1.083849867
3.679809600,1.079830763
3.680013000,1.075811667
3.680216500,1.075792563
3.680419900,1.071773467
3.680623400,1.071754363
3.680826800,1.067735267
3.681030300,1.063716163
3.681233700,1.063697067
3.681437200,1.063677962
3.681640600,1.059658867
3.681844100,1.059639762
3.682047500,1.055620667
3.682251000,1.055601562
3.682454400,1.051582467
3.682657900,1.051563362
3.682861300,1.047544267
3.683064800,1.047525162
3.683268200,1.043506067
3.683471700,1.043486962
3.683675100,1.043467867
3.683878600,1.039448762
3.684082000,1.039429667
3.684285500,1.035410562
3.684488900,1.035391467
3.684692400,1.031372362
3.684895800,1.031353266
3.685099300,1.027334162
3.685302700,1.027315066
3.685506200,1.027295962
3.685709600,1.023276866
3.685913100,1.023257762
3.686116500,1.019238666
3.686320000,1.019219561
3.686523400,1.015200466
3.686726900,1.015181361
3.686930300,1.015162266
3.687133800,1.011143161
3.687337200,1.007124066
3.687540700,1.007104961
3.687744100,1.003085866
3.687947600,1.003066761
3.688151000,1.003047666
3.688354500,0.999028561
3.688557900,0.999009466
3.688761400,0.994990361
3.688964800,0.994971266
3.689168300,0.990952161
3.689371700,0.990933066
3.689575200,0.986913961
3.689778600,0.986894866
3.689982100,0.982875761
3.690185500,0.982856665
3.690389000,0.982837561
3.690592400,0.978818465
3.690795900,0.974799361
3.690999300,0.974780265
3.691202800,0.970761161
3.691406300,0.970742056
3.691609700,0.966722960
3.691813200,0.962703856
3.692016600,0.962684760
3.692220100,0.958665656
3.692423500,0.958646560
3.692627000,0.954627456
3.692830400,0.954608360
3.693033900,0.950589255
3.693237300,0.946570160
3.693440800,0.946551055
3.693644200,0.942531960
3.693847700,0.938512855
3.694051100,0.938493760
3.694254600,0.934474655
3.694458000,0.934455560
3.694661500,0.930436455
3.694864900,0.926417360
3.695068400,0.926398255
3.695271800,0.922379160
3.695475300,0.918360055
3.695678700,0.918340960
3.695882200,0.914321855
3.696085600,0.910302760
3.696289100,0.906283655
3.696492500,0.906264559
3.696696000,0.902245455
3.696899400,0.898226359
3.697102900,0.898207255
3.697306300,0.894188159
3.697509800,0.890169055
3.697713200,0.890149959
3.697916700,0.882130855
3.698120100,0.882111759
3.698323600,0.878092654
3.698527000,0.874073559
3.698730500,0.874054454
3.698933900,0.870035359
3.699137400,0.870016254
3.699340800,0.861997159
3.699544300,0.861978054
3.699747700,0.857958959
3.699951200,0.853939854
3.700154600,0.853920759
3.700358100,0.849901654
3.700561500,0.845882559
3.700765000,0.845863454
3.700968400,0.841844359
3.701171900,0.841825254
3.701375300,0.837806159
3.701578800,0.833787054
3.701782200,0.833767958
3.701985700,0.829748854
3.702189100,0.825729758
3.702392600,0.825710654
3.702596000,0.821691558
3.702799500,0.817672454
3.703002900,0.817653358
3.703206400,0.817634253
3.703409800,0.813615158
3.703613300,0.809596053
3.703816700,0.809576958
3.704020200,0.805557853
3.704223600,0.801538758
3.704427100,0.801519653
3.704630500,0.797500558
3.704834000,0.797481453
3.705037400,0.793462358
3.705240900,0.793443253
3.705444300,0.789424158
3.705647800,0.789405053
3.705851200,0.785385958
3.706054700,0.781366853
3.706258100,0.781347758
3.706461600,0.781328653
3.706665000,0.777309558
3.706868500,0.773290453
3.707071900,0.773271357
3.707275400,0.769252253
3.707478800,0.769233157
3.707682300,0.765214053
3.707885700,0.765194957
3.708089200,0.761175853
3.708292600,0.761156757
3.708496100,0.757137652
3.708699500,0.757118557
3.708903000,0.753099452
3.709106400,0.753080357
3.709309900,0.749061252
3.709513300,0.745042157
3.709716800,0.745023052
3.709920200,0.741003957
3.710123700,0.740984852
3.710327100,0.736965757
3.710530600,0.736946652
3.710734000,0.732927557
3.710937500,0.728908452
3.711141000,0.728889347
3.711344400,0.724870252
3.711547900,0.720851147
3.711751300,0.716832052
3.711954800,0.716812947
3.712158200,0.712793852
3.712361700,0.708774747
3.712565100,0.708755652
3.712768600,0.704736547
3.712972000,0.700717452
3.713175500,0.696698347
3.713378900,0.692679252
3.713582400,0.692660147
3.713785800,0.688641051
3.713989300,0.684621947
3.714192700,0.680602851
3.714396200,0.680583747
3.714599600,0.676564651
3.714803100,0.672545547
3.715006500,0.668526451
3.715210000,0.664507346
3.715413400,0.660488251
3.715616900,0.656469146
3.715820300,0.656450051
3.716023800,0.648430946
3.716227200,0.648411851
3.716430700,0.644392746
3.716634100,0.640373651
3.716837600,0.636354546
3.717041000,0.632335451
3.717244500,0.632316346
3.717447900,0.624297251
3.717651400,0.620278146
3.717854800,0.620259051
3.718058300,0.612239946
3.718261700,0.612220851
3.718465200,0.608201746
3.718668600,0.604182650
3.718872100,0.600163546
3.719075500,0.596144450
3.719279000,0.596125346
3.719482400,0.588106250
3.719685900,0.588087146
3.719889300,0.584068050
3.720092800,0.580048945
3.720296200,0.576029850
3.720499700,0.576010745
3.720703100,0.571991650
3.720906600,0.567972545
3.721110000,0.563953450
3.721313500,0.563934345
3.721516900,0.559915250
3.721720400,0.555896145
3.721923800,0.555877050
3.722127300,0.547857945
3.722330700,0.547838850
3.722534200,0.543819745
3.722737600,0.543800650
3.722941100,0.539781545
3.723144500,0.535762450
3.723348000,0.535743345
3.723551400,0.531724250
3.723754900,0.531705145
3.723958300,0.527686049
3.724161800,0.523666945
3.724365200,0.523647849
3.724568700,0.519628745
3.724772100,0.519609649
3.724975600,0.515590545
3.725179000,0.515571449
3.725382500,0.511552344
3.725585900,0.511533249
3.725789400,0.507514144
3.725992800,0.507495049
3.726196300,0.503475944
3.726399700,0.503456849
3.726603200,0.503437744
3.726806600,0.499418649
3.727010100,0.499399544
3.727213500,0.495380449
3.727417000,0.495361344
3.727620400,0.491342249
3.727823900,0.491323144
3.728027300,0.491304049
3.728230800,0.487284944
3.728434200,0.487265849
3.728637700,0.487246744
3.728841100,0.483227648
3.729044600,0.483208544
3.729248000,0.483189448
3.729451500,0.479170344
3.729654900,0.479151248
3.729858400,0.475132144
3.730061800,0.475113048
3.730265300,0.475093944
3.730468800,0.471074839
3.730672200,0.471055743
3.730875700,0.467036639
3.731079100,0.467017543
3.731282600,0.466998439
3.731486000,0.466979343
3.731689500,0.462960239
3.731892900,0.462941143
3.732096400,0.462922038
3.732299800,0.458902943
3.732503300,0.458883838
3.732706700,0.454864743
3.732910200,0.454845638
3.733113600,0.450826543
3.733317100,0.450807438
3.733520500,0.450788343
3.733724000,0.446769238
3.733927400,0.446750143
3.734130900,0.446731038
3.734334300,0.442711943
3.734537800,0.442692838
3.734741200,0.438673743
3.734944700,0.438654638
3.735148100,0.434635543
3.735351600,0.434616438
3.735555000,0.434597342
3.735758500,0.430578238
3.735961900,0.430559142
3.736165400,0.430540038
3.736368800,0.426520942
3.736572300,0.426501838
3.736775700,0.422482742
3.736979200,0.422463638
3.737182600,0.418444542
3.737386100,0.418425437
3.737589500,0.414406342
3.737793000,0.414387237
3.737996400,0.414368142
3.738199900,0.410349037
3.738403300,0.410329942
3.738606800,0.410310837
3.738810200,0.406291742
3.739013700,0.406272637
3.739217100,0.402253542
3.739420600,0.402234437
3.739624000,0.402215342
3.739827500,0.398196237
3.740030900,0.398177142
3.740234400,0.398158037
3.740437800,0.394138942
3.740641300,0.394119837
3.740844700,0.394100741
3.741048200,0.390081637
3.741251600,0.390062541
3.741455100,0.390043437
3.741658500,0.386024341
3.741862000,0.386005237
3.742065400,0.385986141
3.742268900,0.381967036
3.742472300,0.381947941
3.742675800,0.381928836
3.742879200,0.381909741
3.743082700,0.377890636
3.743286100,0.377871541
3.743489600,0.377852436
3.743693000,0.377833341
3.743896500,0.373814236
3.744099900,0.373795141
3.744303400,0.373776036
3.744506800,0.373756941
3.744710300,0.373737836
3.744913700,0.373718741
3.745117200,0.369699636
3.745320600,0.369680541
3.745524100,0.369661436
3.745727500,0.369642340
3.745931000,0.369623236
3.746134400,0.369604140
3.746337900,0.369585036
3.746541300,0.365565940
3.746744800,0.365546836
3.746948200,0.365527740
3.747151700,0.365508636
3.747355100,0.365489540
3.747558600,0.365470435
3.747762000,0.365451340
3.747965500,0.365432235
3.748168900,0.365413140
3.748372400,0.365394035
3.748575800,0.365374940
3.748779300,0.365355835
3.748982700,0.365336740
3.749186200,0.365317635
3.749389600,0.365298540
3.749593100,0.365279435
3.749796500,0.365260340
3.750000000,0.365241235
3.750203500,0.365222130
3.750406900,0.365203035
3.750610400,0.365183930
3.750813800,0.365164835
3.751017300,0.365145730
3.751220700,0.365126635
3.751424200,0.365107530
3.751627600,0.365088435
3.751831100,0.365069330
3.752034500,0.365050235
3.752238000,0.365031130
3.752441400,0.365012034
3.752644900,0.364992930
3.752848300,0.364973834
3.753051800,0.364954730
3.753255200,0.364935634
3.753458700,0.364916530
3.753662100,0.368897434
3.753865600,0.368878330
3.754069000,0.368859234
3.754272500,0.368840129
3.754475900,0.368821034
3.754679400,0.368801929
3.754882800,0.368782834
3.755086300,0.368763729
3.755289700,0.368744634
3.755493200,0.372725529
3.755696600,0.372706434
3.755900100,0.372687329
3.756103500,0.372668234
3.756307000,0.372649129
3.756510400,0.372630034
3.756713900,0.372610929
3.756917300,0.372591834
3.757120800,0.376572729
3.757324200,0.376553634
3.757527700,0.376534529
3.757731100,0.376515433
3.757934600,0.376496329
3.758138000,0.380477233
3.758341500,0.380458129
3.758544900,0.380439033
3.758748400,0.380419929
3.758951800,0.380400833
3.759155300,0.380381728
3.759358700,0.384362633
3.759562200,0.384343528
3.759765600,0.384324433
3.759969100,0.384305328
3.760172500,0.384286233
3.760376000,0.384267128
3.760579400,0.388248033
3.760782900,0.388228928
3.760986300,0.388209833
3.761189800,0.388190728
3.761393200,0.392171633
3.761596700,0.392152528
3.761800100,0.392133433
3.762003600,0.392114328
3.762207000,0.392095233
3.762410500,0.396076128
3.762613900,0.396057032
3.762817400,0.396037928
3.763020800,0.396018832
3.763224300,0.399999728
3.763427700,0.399980632
3.763631200,0.399961528
3.763834600,0.399942432
3.764038100,0.403923328
3.764241500,0.403904232
3.764445000,0.403885127
3.764648400,0.403866032
3.764851900,0.407846927
3.765055300,0.407827832
3.765258800,0.407808727
3.765462200,0.407789632
3.765665700,0.411770527
3.765869100,0.411751432
3.766072600,0.411732327
3.766276000,0.411713232
3.766479500,0.415694127
3.766682900,0.415675032
3.766886400,0.415655927
3.767089800,0.415636832
3.767293300,0.419617727
3.767496700,0.419598632
3.767700200,0.419579527
3.767903600,0.423560431
3.768107100,0.423541327
3.768310500,0.423522231
3.768514000,0.423503127
3.768717400,0.427484031
3.768920900,0.427464927
3.769124300,0.427445831
3.769327800,0.431426726
3.769531300,0.431407622
3.769734700,0.431388526
3.769938200,0.435369422
3.770141600,0.435350326
3.770345100,0.435331222
3.770548500,0.439312126
3.770752000,0.439293022
3.770955400,0.439273926
3.771158900,0.443254821
3.771362300,0.443235726
3.771565800,0.443216621
3.771769200,0.447197526
3.771972700,0.447178421
3.772176100,0.451159326
3.772379600,0.451140221
3.772583000,0.451121126
3.772786500,0.455102021
3.772989900,0.455082926
3.773193400,0.455063821
3.773396800,0.459044726
3.773600300,0.459025621
3.773803700,0.459006526
3.774007200,0.462987421
3.774210600,0.462968326
3.774414100,0.466949221
3.774617500,0.466930125
3.774821000,0.470911021
3.775024400,0.470891925
3.775227900,0.470872821
3.775431300,0.474853725
3.775634800,0.478834621
3.775838200,0.478815525
3.776041700,0.482796420
3.776245100,0.482777325
3.776448600,0.486758220
3.776652000,0.490739125
3.776855500,0.490720020
3.777058900,0.494700925
3.777262400,0.494681820
3.777465800,0.498662725
3.777669300,0.502643620
3.777872700,0.502624525
3.778076200,0.506605420
3.778279600,0.510586325
3.778483100,0.510567220
3.778686500,0.518548125
3.778890000,0.518529020
3.779093400,0.522509925
3.779296900,0.526490820
3.779500300,0.530471724
3.779703800,0.534452620
3.779907200,0.534433524
3.780110700,0.542414420
3.780314100,0.546395324
3.780517600,0.550376220
3.780721000,0.554357124
3.780924500,0.558338020
3.781127900,0.562318924
3.781331400,0.566299819
3.781534800,0.574280724
3.781738300,0.578261619
3.781941700,0.582242524
3.782145200,0.590223419
3.782348600,0.594204324
3.782552100,0.598185219
3.782755500,0.606166124
3.782959000,0.610147019
3.783162400,0.614127924
3.783365900,0.622108819
3.783569300,0.626089724
3.783772800,0.634070619
3.783976200,0.638051524
3.784179700,0.646032419
3.784383100,0.650013324
3.784586600,0.657994219
3.784790000,0.665975123
3.784993500,0.673956019
3.785196900,0.677936923
3.785400400,0.689917819
3.785603800,0.693898723
3.785807300,0.697879619
3.786010700,0.705860523
3.786214200,0.713841418
3.786417600,0.721822323
3.786621100,0.725803218
3.786824500,0.737784123
3.787028000,0.741765018
3.787231400,0.749745923
3.787434900,0.761726818
3.787638300,0.765707723
3.787841800,0.773688618
3.788045200,0.777669523
3.788248700,0.789650418
3.788452100,0.797631323
3.788655600,0.801612218
3.788859000,0.813593123
3.789062500,0.821574018
3.789266000,0.825554913
3.789469400,0.837535818
3.789672900,0.845516713
3.789876300,0.849497618
3.790079800,0.857478513
3.790283200,0.869459418
3.790486700,0.873440313
3.790690100,0.881421218
3.790893600,0.893402113
3.791097000,0.901383018
3.791300500,0.905363913
3.791503900,0.917344817
3.791707400,0.925325713
3.791910800,0.929306617
3.792114300,0.937287513
3.792317700,0.949268417
3.792521200,0.957249313
3.792724600,0.961230217
3.792928100,0.973211112
3.793131500,0.981192017
3.793335000,0.985172912
3.793538400,0.997153817
3.793741900,1.005134712
3.793945300,1.013115617
3.794148800,1.025096512
3.794352200,1.029077417
3.794555700,1.037058312
3.794759100,1.041039217
3.794962600,1.053020112
3.795166000,1.061001017
3.795369500,1.064981912
3.795572900,1.076962817
3.795776400,1.084943712
3.795979800,1.088924617
3.796183300,1.100905512
3.796386700,1.108886417
3.796590200,1.112867312
3.796793600,1.120848216
3.796997100,1.132829112
3.797200500,1.136810016
3.797404000,1.144790912
3.797607400,1.152771816
3.797810900,1.160752712
3.798014300,1.164733616
3.798217800,1.176714511
3.798421200,1.184695416
3.798624700,1.188676311
3.798828100,1.192657216
3.799031600,1.204638111
3.799235000,1.208619016
3.799438500,1.216599911
3.799641900,1.228580816
3.799845400,1.232561711
3.800048800,1.236542616
3.800252300,1.248523511
3.800455700,1.252504416
3.800659200,1.256485311
3.800862600,1.264466216
3.801066100,1.272447111
3.801269500,1.280428016
3.801473000,1.284408911
3.801676400,1.292389815
3.801879900,1.300370711
3.802083300,1.304351615
3.802286800,1.312332511
3.802490200,1.320313415
3.802693700,1.324294311
3.802897100,1.332275215
3.803100600,1.336256110
3.803304000,1.344237015
3.803507500,1.348217910
3.803710900,1.356198815
3.803914400,1.360179710
3.804117800,1.368160615
3.804321300,1.376141510
3.804524700,1.380122415
3.804728200,1.384103310
3.804931600,1.396084215
3.805135100,1.400065110
3.805338500,1.404046015
3.805542000,1.408026910
3.805745400,1.416007815
3.805948900,1.419988710
3.806152300,1.423969615
3.806355800,1.435950510
3.806559200,1.439931415
3.806762700,1.443912310
3.806966100,1.451893214
3.807169600,1.455874110
3.807373000,1.463855014
3.807576500,1.467835910
3.807779900,1.475816814
3.807983400,1.479797710
3.808186800,1.483778614
3.808390300,1.491759509
3.808593800,1.499740405
3.808797200,1.503721309
3.809000700,1.511702205
3.809204100,1.515683109
3.809407600,1.519664005
3.809611000,1.523644909
3.809814500,1.535625804
3.810017900,1.539606709
3.810221400,1.543587604
3.810424800,1.551568509
3.810628300,1.555549404
3.810831700,1.559530309
3.811035200,1.571511204
3.811238600,1.575492109
3.811442100,1.579473004
3.811645500,1.587453909
3.811849000,1.591434804
3.812052400,1.599415709
3.812255900,1.603396604
3.812459300,1.611377509
3.812662800,1.615358404
3.812866200,1.619339309
3.813069700,1.627320204
3.813273100,1.635301109
3.813476600,1.639282004
3.813680000,1.647262908
3.813883500,1.651243804
3.814086900,1.655224708
3.814290400,1.659205604
3.814493800,1.671186508
3.814697300,1.675167404
3.814900700,1.679148308
3.815104200,1.687129203
3.815307600,1.691110108
3.815511100,1.695091003
3.815714500,1.703071908
3.815918000,1.711052803
3.816121400,1.715033708
3.816324900,1.719014603
3.816528300,1.726995508
3.816731800,1.730976403
3.816935200,1.734957308
3.817138700,1.742938203
3.817342100,1.746919108
3.817545600,1.750900003
3.817749000,1.758880908
3.817952500,1.762861803
3.818155900,1.766842708
3.818359400,1.770823603
3.818562800,1.778804507
3.818766300,1.782785403
3.818969700,1.786766307
3.819173200,1.794747203
3.819376600,1.798728107
3.819580100,1.802709003
3.819783500,1.810689907
3.819987000,1.814670803
3.820190400,1.818651707
3.820393900,1.822632602
3.820597300,1.830613507
3.820800800,1.834594402
3.821004200,1.838575307
3.821207700,1.842556202
3.821411100,1.846537107
3.821614600,1.850518002
3.821818000,1.858498907
3.822021500,1.862479802
3.822224900,1.866460707
3.822428400,1.874441602
3.822631800,1.878422507
3.822835300,1.878403402
3.823038700,1.882384307
3.823242200,1.890365202
3.823445600,1.894346107
3.823649100,1.898327002
3.823852500,1.902307906
3.824056000,1.906288802
3.824259400,1.910269706
3.824462900,1.918250602
3.824666300,1.922231506
3.824869800,1.926212402
3.825073200,1.926193306
3.825276700,1.934174201
3.825480100,1.938155106
3.825683600,1.942136001
3.825887000,1.950116906
3.826090500,1.950097801
3.826293900,1.954078706
3.826497400,1.962059601
3.826700800,1.966040506
3.826904300,1.970021401
3.827107700,1.970002306
3.827311200,1.977983201
3.827514600,1.981964106
3.827718100,1.985945001
3.827921500,1.993925906
3.828125000,1.993906801
3.828328500,1.997887696
3.828531900,2.005868601
3.828735400,2.009849496
3.828938800,2.013830401
3.829142300,2.017811296
3.829345700,2.021792201
3.829549200,2.025773096
3.829752600,2.029754001
3.829956100,2.037734896
3.830159500,2.041715801
3.830363000,2.041696696
3.830566400,2.049677600
3.830769900,2.053658496
3.830973300,2.057639400
3.831176800,2.065620296
3.831380200,2.069601200
3.831583700,2.069582096
3.831787100,2.073563000
3.831990600,2.081543895
3.832194000,2.085524800
3.832397500,2.089505695
3.832600900,2.097486600
3.832804400,2.097467495
3.833007800,2.101448400
3.833211300,2.109429295
3.833414700,2.113410200
3.833618200,2.117391095
3.833821600,2.121372000
3.834025100,2.129352895
3.834228500,2.129333800
3.834432000,2.133314695
3.834635400,2.141295600
3.834838900,2.145276495
3.835042300,2.149257400
3.835245800,2.157238295
3.835449200,2.157219199
3.835652700,2.161200095
3.835856100,2.165180999
3.836059600,2.173161895
3.836263000,2.177142799
3.836466500,2.181123695
3.836669900,2.185104599
3.836873400,2.189085495
3.837076800,2.193066399
3.837280300,2.201047294
3.837483700,2.205028199
3.837687200,2.205009094
3.837890600,2.208989999
3.838094100,2.216970894
3.838297500,2.220951799
3.838501000,2.224932694
3.838704400,2.228913599
3.838907900,2.232894494
3.839111300,2.236875399
3.839314800,2.240856294
3.839518200,2.244837199
3.839721700,2.248818094
3.839925100,2.252798999
3.840128600,2.256779894
3.840332000,2.260760799
3.840535500,2.264741694
3.840738900,2.268722598
3.840942400,2.272703494
3.841145800,2.276684398
3.841349300,2.280665294
3.841552700,2.284646198
3.841756200,2.284627094
3.841959600,2.292607998
3.842163100,2.292588893
3.842366500,2.296569798
3.842570000,2.300550693
3.842773400,2.304531598
3.842976900,2.308512493
3.843180300,2.312493398
3.843383800,2.316474293
3.843587200,2.316455198
3.843790700,2.320436093
3.843994100,2.324416998
3.844197600,2.328397893
3.844401000,2.332378798
3.844604500,2.332359693
3.844807900,2.340340598
3.845011400,2.340321493
3.845214800,2.344302398
3.845418300,2.348283293
3.845621700,2.352264197
3.845825200,2.352245093
3.846028600,2.360225997
3.846232100,2.360206893
3.846435500,2.364187797
3.846639000,2.364168693
3.846842400,2.372149597
3.847045900,2.372130493
3.847249300,2.376111397
3.847452800,2.380092292
3.847656300,2.384073188
3.847859700,2.384054092
3.848063200,2.388034988
3.848266600,2.392015892
3.848470100,2.395996788
3.848673500,2.395977692
3.848877000,2.403958587
3.849080400,2.403939492
3.849283900,2.407920387
3.849487300,2.411901292
3.849690800,2.415882187
3.849894200,2.415863092
3.850097700,2.423843987
3.850301100,2.423824892
3.850504600,2.427805787
3.850708000,2.431786692
3.850911500,2.435767587
3.851114900,2.435748492
3.851318400,2.439729387
3.851521800,2.443710292
3.851725300,2.447691187
3.851928700,2.451672092
3.852132200,2.455652987
3.852335600,2.459633891
3.852539100,2.463614787
3.852742500,2.467595691
3.852946000,2.471576587
3.853149400,2.471557491
3.853352900,2.475538387
3.853556300,2.479519291
3.853759800,2.483500187
3.853963200,2.487481091
3.854166700,2.491461986
3.854370100,2.495442891
3.854573600,2.499423786
3.854777000,2.503404691
3.854980500,2.507385586
3.855183900,2.511366491
3.855387400,2.511347386
3.855590800,2.519328291
3.855794300,2.523309186
3.855997700,2.523290091
3.856201200,2.531270986
3.856404600,2.535251891
3.856608100,2.535232786
3.856811500,2.543213691
3.857015000,2.547194586
3.857218400,2.551175491
3.857421900,2.551156386
3.857625300,2.559137290
3.857828800,2.563118186
3.858032200,2.563099090
3.858235700,2.571079986
3.858439100,2.575060890
3.858642600,2.575041786
3.858846000,2.583022690
3.859049500,2.587003585
3.859252900,2.586984490
3.859456400,2.594965385
3.859659800,2.598946290
3.859863300,2.602927185
3.860066700,2.602908090
3.860270200,2.610888985
3.860473600,2.614869890
3.860677100,2.614850785
3.860880500,2.622831690
3.861084000,2.626812585
3.861287400,2.626793490
3.861490900,2.634774385
3.861694300,2.638755290
3.861897800,2.638736185
3.862101200,2.642717090
3.862304700,2.650697985
3.862508100,2.650678889
3.862711600,2.654659785
3.862915000,2.662640689
3.863118500,2.662621585
3.863321900,2.666602489
3.863525400,2.674583385
3.863728800,2.674564289
3.863932300,2.678545185
3.864135700,2.682526089
3.864339200,2.686506984
3.864542600,2.690487889
3.864746100,2.694468784
3.864949500,2.698449689
3.865153000,2.702430584
3.865356400,2.702411489
3.865559900,2.710392384
3.865763300,2.714373289
3.865966800,2.714354184
3.866170200,2.718335089
3.866373700,2.722315984
3.866577100,2.726296889
3.866780600,2.730277784
3.866984000,2.734258689
3.867187500,2.738239584
3.867391000,2.742220479
3.867594400,2.746201384
3.867797900,2.750182279
3.868001300,2.754163184
3.868204800,2.754144079
3.868408200,2.762124984
3.868611700,2.762105879
3.868815100,2.766086784
3.869018600,2.770067679
3.869222000,2.774048583
3.869425500,2.778029479
3.869628900,2.782010383
3.869832400,2.785991279
3.870035800,2.789972183
3.870239300,2.793953079
3.870442700,2.797933983
3.870646200,2.797914879
3.870849600,2.801895783
3.871053100,2.805876678
3.871256500,2.809857583
3.871460000,2.813838478
3.871663400,2.817819383
3.871866900,2.821800278
3.872070300,2.825781183
3.872273800,2.829762078
3.872477200,2.833742983
3.872680700,2.833723878
3.872884100,2.837704783
3.873087600,2.841685678
3.873291000,2.845666583
3.873494500,2.849647478
3.873697900,2.853628383
3.873901400,2.857609278
3.874104800,2.857590183
3.874308300,2.861571078
3.874511700,2.865551982
3.874715200,2.869532878
3.874918600,2.869513782
3.875122100,2.877494678
3.875325500,2.877475582
3.875529000,2.881456478
3.875732400,2.885437382
3.875935900,2.889418277
3.876139300,2.893399182
3.876342800,2.897380077
3.876546200,2.897360982
3.876749700,2.901341877
3.876953100,2.905322782
3.877156600,2.909303677
3.877360000,2.909284582
3.877563500,2.913265477
3.877766900,2.917246382
3.877970400,2.921227277
3.878173800,2.921208182
3.878377300,2.929189077
3.878580700,2.929169982
3.878784200,2.933150877
3.878987600,2.937131782
3.879191100,2.937112677
3.879394500,2.941093582
3.879598000,2.945074477
3.879801400,2.949055381
3.880004900,2.949036277
3.880208300,2.953017181
3.880411800,2.956998077
3.880615200,2.960978981
3.880818700,2.960959877
3.881022100,2.964940781
3.881225600,2.968921676
3.881429000,2.968902581
3.881632500,2.972883476
3.881835900,2.976864381
3.882039400,2.976845276
3.882242800,2.980826181
3.882446300,2.984807076
3.882649700,2.984787981
3.882853200,2.988768876
3.883056600,2.992749781
3.883260100,2.992730676
3.883463500,2.996711581
3.883667000,2.996692476
3.883870400,3.000673381
3.884073900,3.004654276
3.884277300,3.004635181
3.884480800,3.008616076
3.884684200,3.012596980
3.884887700,3.012577876
3.885091100,3.016558780
3.885294600,3.020539676
3.885498000,3.020520580
3.885701500,3.020501476
3.885904900,3.024482380
3.886108400,3.028463275
3.886311800,3.028444180
3.886515300,3.032425075
3.886718800,3.036405971
3.886922200,3.036386875
3.887125700,3.040367771
3.887329100,3.040348675
3.887532600,3.044329571
3.887736000,3.048310475
3.887939500,3.048291370
3.888142900,3.052272275
3.888346400,3.052253170
3.888549800,3.056234075
3.888753300,3.056214970
3.888956700,3.060195875
3.889160200,3.064176770
3.889363600,3.064157675
3.889567100,3.068138570
3.889770500,3.072119475
3.889974000,3.072100370
3.890177400,3.076081275
3.890380900,3.076062170
3.890584300,3.080043075
3.890787800,3.080023970
3.890991200,3.084004875
3.891194700,3.087985770
3.891398100,3.087966674
3.891601600,3.091947570
3.891805000,3.095928474
3.892008500,3.095909370
3.892211900,3.095890274
3.892415400,3.099871170
3.892618800,3.103852074
3.892822300,3.103832969
3.893025700,3.107813874
3.893229200,3.111794769
3.893432600,3.111775674
3.893636100,3.115756569
3.893839500,3.119737474
3.894043000,3.119718369
3.894246400,3.123699274
3.894449900,3.123680169
3.894653300,3.127661074
3.894856800,3.131641969
3.895060200,3.131622874
3.895263700,3.135603769
3.895467100,3.139584674
3.895670600,3.139565569
3.895874000,3.143546474
3.896077500,3.143527369
3.896280900,3.147508274
3.896484400,3.147489169
3.896687800,3.151470073
3.896891300,3.155450969
3.897094700,3.155431873
3.897298200,3.159412769
3.897501600,3.163393673
3.897705100,3.163374569
3.897908500,3.167355473
3.898112000,3.171336368
3.898315400,3.171317273
3.898518900,3.175298168
3.898722300,3.179279073
3.898925800,3.179259968
3.899129200,3.179240873
3.899332700,3.183221768
3.899536100,3.187202673
3.899739600,3.187183568
3.899943000,3.191164473
3.900146500,3.195145368
3.900349900,3.195126273
3.900553400,3.199107168
3.900756800,3.199088073
3.900960300,3.203068968
3.901163700,3.203049873
3.901367200,3.207030768
3.901570600,3.211011672
3.901774100,3.210992568
3.901977500,3.214973472
3.902181000,3.214954368
3.902384400,3.218935272
3.902587900,3.218916168
3.902791300,3.222897072
3.902994800,3.222877968
3.903198200,3.226858872
3.903401700,3.226839767
3.903605100,3.230820672
3.903808600,3.230801567
3.904012000,3.234782472
3.904215500,3.234763367
3.904418900,3.238744272
3.904622400,3.238725167
3.904825800,3.242706072
3.905029300,3.242686967
3.905232700,3.242667872
3.905436200,3.246648767
3.905639600,3.246629672
3.905843100,3.250610567
3.906046500,3.254591472
3.906250000,3.254572367
3.906453500,3.254553262
3.906656900,3.258534167
3.906860400,3.258515062
3.907063800,3.262495967
3.907267300,3.262476862
3.907470700,3.266457767
3.907674200,3.266438662
3.907877600,3.266419567
3.908081100,3.270400462
3.908284500,3.270381366
3.908488000,3.274362262
3.908691400,3.274343166
3.908894900,3.278324062
3.909098300,3.278304966
3.909301800,3.282285862
3.909505200,3.282266766
3.909708700,3.282247661
3.909912100,3.286228566
3.910115600,3.290209461
3.910319000,3.290190366
3.910522500,3.290171261
3.910725900,3.294152166
3.910929400,3.294133061
3.911132800,3.298113966
3.911336300,3.298094861
3.911539700,3.302075766
3.911743200,3.302056661
3.911946600,3.302037566
3.912150100,3.306018461
3.912353500,3.305999366
3.912557000,3.309980261
3.912760400,3.309961166
3.912963900,3.313942061
3.913167300,3.313922966
3.913370800,3.317903861
3.913574200,3.317884765
3.913777700,3.317865661
3.913981100,3.321846565
3.914184600,3.321827461
3.914388000,3.325808365
3.914591500,3.325789261
3.914794900,3.329770165
3.914998400,3.329751060
3.915201800,3.329731965
3.915405300,3.333712860
3.915608700,3.333693765
3.915812200,3.333674660
3.916015600,3.337655565
3.916219100,3.337636460
3.916422500,3.341617365
3.916626000,3.341598260
3.916829400,3.345579165
3.917032900,3.345560060
3.917236300,3.345540965
3.917439800,3.349521860
3.917643200,3.349502765
3.917846700,3.349483660
3.918050100,3.353464565
3.918253600,3.353445460
3.918457000,3.353426364
3.918660500,3.357407260
3.918863900,3.357388164
3.919067400,3.361369060
3.919270800,3.361349964
3.919474300,3.361330860
3.919677700,3.365311764
3.919881200,3.365292660
3.920084600,3.365273564
3.920288100,3.369254459
3.920491500,3.369235364
3.920695000,3.369216259
3.920898400,3.373197164
3.921101900,3.373178059
3.921305300,3.373158964
3.921508800,3.373139859
3.921712200,3.377120764
3.921915700,3.377101659
3.922119100,3.377082564
3.922322600,3.381063459
3.922526000,3.381044364
3.922729500,3.381025259
3.922932900,3.385006164
3.923136400,3.384987059
3.923339800,3.384967964
3.923543300,3.384948859
3.923746700,3.388929763
3.923950200,3.388910659
3.924153600,3.388891563
3.924357100,3.388872459
3.924560500,3.392853363
3.924764000,3.392834259
3.924967400,3.392815163
3.925170900,3.392796058
3.925374300,3.396776963
3.925577800,3.396757858
3.925781300,3.396738754
3.925984700,3.396719658
3.926188200,3.400700554
3.926391600,3.400681458
3.926595100,3.400662353
3.926798500,3.400643258
3.927002000,3.404624153
3.927205400,3.404605058
3.927408900,3.404585953
3.927612300,3.404566858
3.927815800,3.404547753
3.928019200,3.408528658
3.928222700,3.408509553
3.928426100,3.408490458
3.928629600,3.408471353
3.928833000,3.408452258
3.929036500,3.412433153
3.929239900,3.412414058
3.929443400,3.412394953
3.929646800,3.412375858
3.929850300,3.412356753
3.930053700,3.412337658
3.930257200,3.416318553
3.930460600,3.416299457
3.930664100,3.416280353
3.930867500,3.416261257
3.931071000,3.416242153
3.931274400,3.416223057
3.931477900,3.416203953
3.931681300,3.420184857
3.931884800,3.420165752
3.932088200,3.420146657
3.932291700,3.420127552
3.932495100,3.420108457
3.932698600,3.420089352
3.932902000,3.424070257
3.933105500,3.424051152
3.933308900,3.424032057
3.933512400,3.424012952
3.933715800,3.423993857
3.933919300,3.423974752
3.934122700,3.423955657
3.934326200,3.423936552
3.934529600,3.427917457
3.934733100,3.427898352
3.934936500,3.427879257
3.935140000,3.427860152
3.935343400,3.427841056
3.935546900,3.427821952
3.935750300,3.427802856
3.935953800,3.427783752
3.936157200,3.431764656
3.936360700,3.431745552
3.936564100,3.431726456
3.936767600,3.431707352
3.936971000,3.431688256
3.937174500,3.431669151
3.937377900,3.431650056
3.937581400,3.435630951
3.937784800,3.435611856
3.937988300,3.435592751
3.938191700,3.435573656
3.938395200,3.435554551
3.938598600,3.435535456
3.938802100,3.435516351
3.939005500,3.439497256
3.939209000,3.439478151
3.939412400,3.439459056
3.939615900,3.439439951
3.939819300,3.439420856
3.940022800,3.439401751
3.940226200,3.439382656
3.940429700,3.439363551
3.940633100,3.439344455
3.940836600,3.443325351
3.941040000,3.443306255
3.941243500,3.443287151
3.941446900,3.443268055
3.941650400,3.443248951
3.941853800,3.443229855
3.942057300,3.443210750
3.942260700,3.443191655
3.942464200,3.447172550
3.942667600,3.447153455
3.942871100,3.447134350
3.943074500,3.447115255
3.943278000,3.447096150
3.943481400,3.447077055
3.943684900,3.447057950
3.943888300,3.447038855
3.944091800,3.447019750
3.944295200,3.447000655
3.944498700,3.450981550
3.944702100,3.450962455
3.944905600,3.450943350
3.945109000,3.450924255
3.945312500,3.450905150
3.945516000,3.450886045
3.945719400,3.450866950
3.945922900,3.450847845
3.946126300,3.450828750
3.946329800,3.450809645
3.946533200,3.450790550
3.946736700,3.450771445
3.946940100,3.450752350
3.947143600,3.450733245
3.947347000,3.450714149
3.947550500,3.450695045
3.947753900,3.450675949
3.947957400,3.450656845
3.948160800,3.450637749
3.948364300,3.450618645
3.948567700,3.450599549
3.948771200,3.450580444
3.948974600,3.450561349
3.949178100,3.450542244
3.949381500,3.454523149
3.949585000,3.454504044
3.949788400,3.454484949
3.949991900,3.454465844
3.950195300,3.454446749
3.950398800,3.454427644
3.950602200,3.454408549
3.950805700,3.454389444
3.951009100,3.454370349
3.951212600,3.454351244
3.951416000,3.454332149
3.951619500,3.454313044
3.951822900,3.454293949
3.952026400,3.454274844
3.952229800,3.454255748
3.952433300,3.450236644
3.952636700,3.450217548
3.952840200,3.450198444
3.953043600,3.450179348
3.953247100,3.450160244
3.953450500,3.450141148
3.953654000,3.450122044
3.953857400,3.450102948
3.954060900,3.450083843
3.954264300,3.450064748
3.954467800,3.450045643
3.954671200,3.450026548
3.954874700,3.450007443
3.955078100,3.449988348
3.955281600,3.449969243
3.955485000,3.449950148
3.955688500,3.449931043
3.955891900,3.449911948
3.956095400,3.449892843
3.956298800,3.449873748
3.956502300,3.449854643
3.956705700,3.449835548
3.956909200,3.449816443
3.957112600,3.449797348
3.957316100,3.449778243
3.957519500,3.449759147
3.957723000,3.449740043
3.957926400,3.449720947
3.958129900,3.449701843
3.958333300,3.449682747
3.958536800,3.449663643
3.958740200,3.449644547
3.958943700,3.449625442
3.959147100,3.445606347
3.959350600,3.445587242
3.959554000,3.445568147
3.959757500,3.445549042
3.959960900,3.445529947
3.960164400,3.445510842
3.960367800,3.445491747
3.960571300,3.445472642
3.960774700,3.445453547
3.960978200,3.445434442
3.961181600,3.445415347
3.961385100,3.445396242
3.961588500,3.445377147
3.961792000,3.445358042
3.961995400,3.445338947
3.962198900,3.445319842
3.962402300,3.445300747
3.962605800,3.445281642
3.962809200,3.445262546
3.963012700,3.445243442
3.963216100,3.445224346
3.963419600,3.445205242
3.963623000,3.445186146
3.963826500,3.445167042
3.964029900,3.445147946
3.964233400,3.449128841
3.964436800,3.449109746
3.964640300,3.449090641
3.964843800,3.449071537
3.965047200,3.449052441
3.965250700,3.449033337
3.965454100,3.449014241
3.965657600,3.448995136
3.965861000,3.448976041
3.966064500,3.452956936
3.966267900,3.452937841
3.966471400,3.452918736
3.966674800,3.452899641
3.966878300,3.452880536
3.967081700,3.452861441
3.967285200,3.456842336
3.967488600,3.456823241
3.967692100,3.456804136
3.967895500,3.460785041
3.968099000,3.460765936
3.968302400,3.460746841
3.968505900,3.460727736
3.968709300,3.464708641
3.968912800,3.464689536
3.969116200,3.464670440
3.969319700,3.468651336
3.969523100,3.468632240
3.969726600,3.468613136
3.969930000,3.472594040
3.970133500,3.472574936
3.970336900,3.472555840
3.970540400,3.476536736
3.970743800,3.476517640
3.970947300,3.480498535
3.971150700,3.480479440
3.971354200,3.484460335
3.971557600,3.484441240
3.971761100,3.484422135
3.971964500,3.488403040
3.972168000,3.488383935
3.972371400,3.492364840
3.972574900,3.492345735
3.972778300,3.496326640
3.972981800,3.496307535
3.973185200,3.500288440
3.973388700,3.500269335
3.973592100,3.504250240
3.973795600,3.504231135
3.973999000,3.508212040
3.974202500,3.508192935
3.974405900,3.512173839
3.974609400,3.512154735
3.974812800,3.516135639
3.975016300,3.516116535
3.975219700,3.520097439
3.975423200,3.520078335
3.975626600,3.524059239
3.975830100,3.524040134
3.976033500,3.528021039
3.976237000,3.528001934
3.976440400,3.531982839
3.976643900,3.531963734
3.976847300,3.535944639
3.977050800,3.535925534
3.977254200,3.539906439
3.977457700,3.539887334
3.977661100,3.543868239
3.977864600,3.543849134
3.978068000,3.547830039
3.978271500,3.547810934
3.978474900,3.551791839
3.978678400,3.555772734
3.978881800,3.555753639
3.979085300,3.555734534
3.979288700,3.559715439
3.979492200,3.563696334
3.979695600,3.563677238
3.979899100,3.563658134
3.980102500,3.567639038
3.980306000,3.571619934
3.980509400,3.571600838
3.980712900,3.575581734
3.980916300,3.575562638
3.981119800,3.579543533
3.981323200,3.579524438
3.981526700,3.583505333
3.981730100,3.583486238
3.981933600,3.587467133
3.982137000,3.587448038
3.982340500,3.591428933
3.982543900,3.591409838
3.982747400,3.595390733
3.982950800,3.595371638
3.983154300,3.599352533
3.983357700,3.603333438
3.983561200,3.603314333
3.983764600,3.607295238
3.983968100,3.607276133
3.984171500,3.611257038
3.984375000,3.611237933
3.984578500,3.615218828
3.984781900,3.615199733
3.984985400,3.619180628
3.985188800,3.619161533
3.985392300,3.623142428
3.985595700,3.627123333
3.985799200,3.627104228
3.986002600,3.631085133
3.986206100,3.631066028
3.986409500,3.635046932
3.986613000,3.635027828
3.986816400,3.639008732
3.987019900,3.642989628
3.987223300,3.642970532
3.987426800,3.646951428
3.987630200,3.650932332
3.987833700,3.650913227
3.988037100,3.650894132
3.988240600,3.654875027
3.988444000,3.658855932
3.988647500,3.658836827
3.988850900,3.662817732
3.989054400,3.666798627
3.989257800,3.666779532
3.989461300,3.670760427
3.989664700,3.670741332
3.989868200,3.674722227
3.990071600,3.674703132
3.990275100,3.678684027
3.990478500,3.682664932
3.990682000,3.682645827
3.990885400,3.686626732
3.991088900,3.686607627
3.991292300,3.690588531
3.991495800,3.694569427
3.991699200,3.694550331
3.991902700,3.698531227
3.992106100,3.698512131
3.992309600,3.702493027
3.992513000,3.702473931
3.992716500,3.706454826
3.992919900,3.710435731
3.993123400,3.710416626
3.993326800,3.714397531
3.993530300,3.714378426
3.993733700,3.718359331
3.993937200,3.718340226
3.994140600,3.722321131
3.994344100,3.722302026
3.994547500,3.726282931
3.994751000,3.726263826
3.994954400,3.730244731
3.995157900,3.734225626
3.995361300,3.734206531
3.995564800,3.738187426
3.995768200,3.738168331
3.995971700,3.742149226
3.996175100,3.742130131
3.996378600,3.746111026
3.996582000,3.746091930
3.996785500,3.750072826
3.996988900,3.750053730
3.997192400,3.754034626
3.997395800,3.754015530
3.997599300,3.757996426
3.997802700,3.757977330
3.998006200,3.761958225
3.998209600,3.765939130
3.998413100,3.765920025
3.998616500,3.769900930
3.998820000,3.769881825
3.999023400,3.773862730
3.999226900,3.773843625
3.999430300,3.777824530
3.999633800,3.781805425
3.999837200,3.781786330
4.000040700,3.781767225
4.000244100,3.785748130
4.000447600,3.789729025
4.000651000,3.789709930
4.000854500,3.793690825
4.001057900,3.797671730
4.001261400,3.797652625
4.001464800,3.801633529
4.001668300,3.805614425
4.001871700,3.805595329
4.002075200,3.809576225
4.002278600,3.809557129
4.002482100,3.813538025
4.002685500,3.813518929
4.002889000,3.817499825
4.003092400,3.821480729
4.003295900,3.825461624
4.003499300,3.825442529
4.003702800,3.829423424
4.003906300,3.833404320
4.004109700,3.833385224
4.004313200,3.837366120
4.004516600,3.841347024
4.004720100,3.841327919
4.004923500,3.845308824
4.005127000,3.849289719
4.005330400,3.853270624
4.005533900,3.853251519
4.005737300,3.857232424
4.005940800,3.861213319
4.006144200,3.861194224
4.006347700,3.869175119
4.006551100,3.869156024
4.006754600,3.873136919
4.006958000,3.877117824
4.007161500,3.877098719
4.007364900,3.881079624
4.007568400,3.885060519
4.007771800,3.889041424
4.007975300,3.889022319
4.008178700,3.893003223
4.008382200,3.896984119
4.008585600,3.900965023
4.008789100,3.904945919
4.008992500,3.908926823
4.009196000,3.908907719
4.009399400,3.912888623
4.009602900,3.916869518
4.009806300,3.920850423
4.010009800,3.924831318
4.010213200,3.924812223
4.010416700,3.932793118
4.010620100,3.932774023
4.010823600,3.936754918
4.011027000,3.940735823
4.011230500,3.944716718
4.011433900,3.944697623
4.011637400,3.952678518
4.011840800,3.952659423
4.012044300,3.956640318
4.012247700,3.960621223
4.012451200,3.964602118
4.012654600,3.968583023
4.012858100,3.968563918
4.013061500,3.976544823
4.013265000,3.976525718
4.013468400,3.980506622
4.013671900,3.984487518
4.013875300,3.988468422
4.014078800,3.988449318
4.014282200,3.992430222
4.014485700,3.996411118
4.014689100,4.000392022
4.014892600,4.004372917
4.015096000,4.008353822
4.015299500,4.008334717
4.015502900,4.012315622
4.015706400,4.016296517
4.015909800,4.020277422
4.016113300,4.024258317
4.016316700,4.024239222
4.016520200,4.028220117
4.016723600,4.032201022
4.016927100,4.036181917
4.017130500,4.040162822
4.017334000,4.040143717
4.017537400,4.044124622
4.017740900,4.048105517
4.017944300,4.052086422
4.018147800,4.052067317
4.018351200,4.056048221
4.018554700,4.060029117
4.018758100,4.060010021
4.018961600,4.063990917
4.019165000,4.067971821
4.019368500,4.071952717
4.019571900,4.071933621
4.019775400,4.075914517
4.019978800,4.079895421
4.020182300,4.079876316
4.020385700,4.083857221
4.020589200,4.087838116
4.020792600,4.087819021
4.020996100,4.091799916
4.021199500,4.095780821
4.021403000,4.095761716
4.021606400,4.099742621
4.021809900,4.103723516
4.022013300,4.103704421
4.022216800,4.107685316
4.022420200,4.111666221
4.022623700,4.111647116
4.022827100,4.115628021
4.023030600,4.115608916
4.023234000,4.119589821
4.023437500,4.123570716
4.023641000,4.123551611
4.023844400,4.127532516
4.024047900,4.131513411
4.024251300,4.131494316
4.024454800,4.135475211
4.024658200,4.139456116
4.024861700,4.139437011
4.025065100,4.143417915
4.025268600,4.147398811
4.025472000,4.147379715
4.025675500,4.151360611
4.025878900,4.155341515
4.026082400,4.155322411
4.026285800,4.159303315
4.026489300,4.163284211
4.026692700,4.167265115
4.026896200,4.167246010
4.027099600,4.171226915
4.027303100,4.175207810
4.027506500,4.175188715
4.027710000,4.179169610
4.027913400,4.183150515
4.028116900,4.183131410
4.028320300,4.187112315
4.028523800,4.191093210
4.028727200,4.191074115
4.028930700,4.195055010
4.029134100,4.195035915
4.029337600,4.199016810
4.029541000,4.202997715
4.029744500,4.202978610
4.029947900,4.206959515
4.030151400,4.210940410
4.030354800,4.214921314
4.030558300,4.218902210
4.030761700,4.218883114
4.030965200,4.222864010
4.031168600,4.226844914
4.031372100,4.226825810
4.031575500,4.230806714
4.031779000,4.230787609
4.031982400,4.234768514
4.032185900,4.238749409
4.032389300,4.238730314
4.032592800,4.242711209
4.032796200,4.246692114
4.032999700,4.246673009
4.033203100,4.250653914
4.033406600,4.254634809
4.033610000,4.254615714
4.033813500,4.258596609
4.034016900,4.258577514
4.034220400,4.262558409
4.034423800,4.262539314
4.034627300,4.266520209
4.034830700,4.270501114
4.035034200,4.270482009
4.035237600,4.274462913
4.035441100,4.278443809
4.035644500,4.278424713
4.035848000,4.278405609
4.036051400,4.282386513
4.036254900,4.286367409
4.036458300,4.286348313
4.036661800,4.290329209
4.036865200,4.290310113
4.037068700,4.294291008
4.037272100,4.298271913
4.037475600,4.298252808
4.037679000,4.298233713
4.037882500,4.302214608
4.038085900,4.306195513
4.038289400,4.306176408
4.038492800,4.306157313
4.038696300,4.310138208
4.038899700,4.310119113
4.039103200,4.314100008
4.039306600,4.318080913
4.039510100,4.318061808
4.039713500,4.318042713
4.039917000,4.322023608
4.040120400,4.322004513
4.040323900,4.325985408
4.040527300,4.325966312
4.040730800,4.329947208
4.040934200,4.329928112
4.041137700,4.329909008
4.041341100,4.333889912
4.041544600,4.333870808
4.041748000,4.337851712
4.041951500,4.337832607
4.042154900,4.341813512
4.042358400,4.341794407
4.042561800,4.341775312
4.042765300,4.345756207
4.042968800,4.345737103
4.043172200,4.349718007
4.043375700,4.349698903
4.043579100,4.353679807
4.043782600,4.353660702
4.043986000,4.357641607
4.044189500,4.357622502
4.044392900,4.357603407
4.044596400,4.357584302
4.044799800,4.361565207
4.045003300,4.361546102
4.045206700,4.365527007
4.045410200,4.365507902
4.045613600,4.365488807
4.045817100,4.369469702
4.046020500,4.369450607
4.046224000,4.373431502
4.046427400,4.373412407
4.046630900,4.373393302
4.046834300,4.377374207
4.047037800,4.377355102
4.047241200,4.377336006
4.047444700,4.381316902
4.047648100,4.381297806
4.047851600,4.381278702
4.048055000,4.385259606
4.048258500,4.385240502
4.048461900,4.385221406
4.048665400,4.385202301
4.048868800,4.389183206
4.049072300,4.389164101
4.049275700,4.389145006
4.049479200,4.393125901
4.049682600,4.393106806
4.049886100,4.393087701
4.050089500,4.397068606
4.050293000,4.397049501
4.050496400,4.397030406
4.050699900,4.397011301
4.050903300,4.396992206
4.051106800,4.400973101
4.051310200,4.400954006
4.051513700,4.400934901
4.051717100,4.400915806
4.051920600,4.400896701
4.052124000,4.404877605
4.052327500,4.404858501
4.052530900,4.404839405
4.052734400,4.404820301
4.052937800,4.404801205
4.053141300,4.408782101
4.053344700,4.408763005
4.053548200,4.408743901
4.053751600,4.408724805
4.053955100,4.408705700
4.054158500,4.408686605
4.054362000,4.408667500
4.054565400,4.408648405
4.054768900,4.412629300
4.054972300,4.412610205
4.055175800,4.412591100
4.055379200,4.412572005
4.055582700,4.412552900
4.055786100,4.412533805
4.055989600,4.412514700
4.056193000,4.412495605
4.056396500,4.412476500
4.056599900,4.412457405
4.056803400,4.412438300
4.057006800,4.412419205
4.057210300,4.412400100
4.057413700,4.412381004
4.057617200,4.412361900
4.057820600,4.412342804
4.058024100,4.412323700
4.058227500,4.412304604
4.058431000,4.412285500
4.058634400,4.412266404
4.058837900,4.412247299
4.059041300,4.412228204
4.059244800,4.412209099
4.059448200,4.412190004
4.059651700,4.412170899
4.059855100,4.412151804
4.060058600,4.412132699
4.060262000,4.412113604
4.060465500,4.412094499
4.060668900,4.412075404
4.060872400,4.408056299
4.061075800,4.408037204
4.061279300,4.408018099
4.061482700,4.407999004
4.061686200,4.407979899
4.061889600,4.407960804
4.062093100,4.407941699
4.062296500,4.403922604
4.062500000,4.403903499
4.062703500,4.403884394
4.062906900,4.403865299
4.063110400,4.403846194
4.063313800,4.399827099
4.063517300,4.399807994
4.063720700,4.399788899
4.063924200,4.399769794
4.064127600,4.395750698
4.064331100,4.395731594
4.064534500,4.395712498
4.064738000,4.395693394
4.064941400,4.391674298
4.065144900,4.391655194
4.065348300,4.391636098
4.065551800,4.387616993
4.065755200,4.387597898
4.065958700,4.383578793
4.066162100,4.383559698
4.066365600,4.383540593
4.066569000,4.379521498
4.066772500,4.379502393
4.066975900,4.375483298
4.067179400,4.375464193
4.067382800,4.371445098
4.067586300,4.371425993
4.067789700,4.367406898
4.067993200,4.367387793
4.068196600,4.367368698
4.068400100,4.363349593
4.068603500,4.359330498
4.068807000,4.359311393
4.069010400,4.355292298
4.069213900,4.355273193
4.069417300,4.351254097
4.069620800,4.347234993
4.069824200,4.347215897
4.070027700,4.347196793
4.070231100,4.343177697
4.070434600,4.339158593
4.070638000,4.339139497
4.070841500,4.335120392
4.071044900,4.331101297
4.071248400,4.331082192
4.071451800,4.327063097
4.071655300,4.323043992
4.071858700,4.323024897
4.072062200,4.319005792
4.072265600,4.318986697
4.072469100,4.314967592
4.072672500,4.314948497
4.072876000,4.310929392
4.073079400,4.306910297
4.073282900,4.306891192
4.073486300,4.302872097
4.073689800,4.298852992
4.073893200,4.298833897
4.074096700,4.298814792
4.074300100,4.294795696
4.074503600,4.290776592
4.074707000,4.290757496
4.074910500,4.286738392
4.075113900,4.286719296
4.075317400,4.282700192
4.075520800,4.282681096
4.075724300,4.278661991
4.075927700,4.278642896
4.076131200,4.274623791
4.076334600,4.274604696
4.076538100,4.270585591
4.076741500,4.270566496
4.076945000,4.266547391
4.077148400,4.266528296
4.077351900,4.266509191
4.077555300,4.262490096
4.077758800,4.262470991
4.077962200,4.258451896
4.078165700,4.258432791
4.078369100,4.254413696
4.078572600,4.254394591
4.078776000,4.254375496
4.078979500,4.254356391
4.079182900,4.250337296
4.079386400,4.250318191
4.079589800,4.250299095
4.079793300,4.250279991
4.079996700,4.246260895
4.080200200,4.246241791
4.080403600,4.246222695
4.080607100,4.246203591
4.080810500,4.246184495
4.081014000,4.242165390
4.081217400,4.242146295
4.081420900,4.242127190
4.081624300,4.242108095
4.081827800,4.242088990
4.082031300,4.242069886
4.082234700,4.242050790
4.082438200,4.238031685
4.082641600,4.238012590
4.082845100,4.237993485
4.083048500,4.237974390
4.083252000,4.237955285
4.083455400,4.237936190
4.083658900,4.237917085
4.083862300,4.237897990
4.084065800,4.237878885
4.084269200,4.237859790
4.084472700,4.233840685
4.084676100,4.233821590
4.084879600,4.233802485
4.085083000,4.233783390
4.085286500,4.233764285
4.085489900,4.233745190
4.085693400,4.233726085
4.085896800,4.233706990
4.086100300,4.233687885
4.086303700,4.233668789
4.086507200,4.233649685
4.086710600,4.233630589
4.086914100,4.233611485
4.087117500,4.233592389
4.087321000,4.233573285
4.087524400,4.233554189
4.087727900,4.233535084
4.087931300,4.229515989
4.088134800,4.229496884
4.088338200,4.229477789
4.088541700,4.229458684
4.088745100,4.229439589
4.088948600,4.229420484
4.089152000,4.229401389
4.089355500,4.229382284
4.089558900,4.229363189
4.089762400,4.225344084
4.089965800,4.225324989
4.090169300,4.225305884
4.090372700,4.225286789
4.090576200,4.225267684
4.090779600,4.225248589
4.090983100,4.225229484
4.091186500,4.221210388
4.091390000,4.221191284
4.091593400,4.221172188
4.091796900,4.221153084
4.092000300,4.221133988
4.092203800,4.217114884
4.092407200,4.217095788
4.092610700,4.217076683
4.092814100,4.217057588
4.093017600,4.217038483
4.093221000,4.213019388
4.093424500,4.213000283
4.093627900,4.212981188
4.093831400,4.208962083
4.094034800,4.208942988
4.094238300,4.208923883
4.094441700,4.208904788
4.094645200,4.204885683
4.094848600,4.204866588
4.095052100,4.200847483
4.095255500,4.200828388
4.095459000,4.200809283
4.095662400,4.196790188
4.095865900,4.196771083
4.096069300,4.192751988
4.096272800,4.192732883
4.096476200,4.192713787
4.096679700,4.188694683
4.096883100,4.188675587
4.097086600,4.184656483
4.097290000,4.184637387
4.097493500,4.180618283
4.097696900,4.180599187
4.097900400,4.176580082
4.098103800,4.172560987
4.098307300,4.172541882
4.098510700,4.168522787
4.098714200,4.168503682
4.098917600,4.164484587
4.099121100,4.164465482
4.099324500,4.160446387
4.099528000,4.156427282
4.099731400,4.156408187
4.099934900,4.152389082
4.100138300,4.148369987
4.100341800,4.148350882
4.100545200,4.144331787
4.100748700,4.140312682
4.100952100,4.140293587
4.101155600,4.136274482
4.101359000,4.132255386
4.101562500,4.128236282
4.101766000,4.128217177
4.101969400,4.120198082
4.102172900,4.120178977
4.102376300,4.116159882
4.102579800,4.112140777
4.102783200,4.108121682
4.102986700,4.108102577
4.103190100,4.104083481
4.103393600,4.100064377
4.103597000,4.096045281
4.103800500,4.092026177
4.104003900,4.088007081
4.104207400,4.083987977
4.104410800,4.079968881
4.104614300,4.075949776
4.104817700,4.071930681
4.105021200,4.067911576
4.105224600,4.067892481
4.105428100,4.059873376
4.105631500,4.055854281
4.105835000,4.055835176
4.106038400,4.047816081
4.106241900,4.043796976
4.106445300,4.039777881
4.106648800,4.035758776
4.106852200,4.031739681
4.107055700,4.027720576
4.107259100,4.023701481
4.107462600,4.019682376
4.107666000,4.015663281
4.107869500,4.011644176
4.108072900,4.007625080
4.108276400,4.003605976
4.108479800,3.999586880
4.108683300,3.991567776
4.108886700,3.987548680
4.109090200,3.983529576
4.109293600,3.979510480
4.109497100,3.975491376
4.109700500,3.971472280
4.109904000,3.967453175
4.110107400,3.959434080
4.110310900,3.955414975
4.110514300,3.955395880
4.110717800,3.947376775
4.110921200,3.943357680
4.111124700,3.939338575
4.111328100,3.931319480
4.111531600,3.927300375
4.111735000,3.923281280
4.111938500,3.919262175
4.112141900,3.915243080
4.112345400,3.911223975
4.112548800,3.907204880
4.112752300,3.899185775
4.112955700,3.895166680
4.113159200,3.891147575
4.113362600,3.883128479
4.113566100,3.879109375
4.113769500,3.875090279
4.113973000,3.871071175
4.114176400,3.863052079
4.114379900,3.859032975
4.114583300,3.859013879
4.114786800,3.850994774
4.114990200,3.846975679
4.115193700,3.842956574
4.115397100,3.834937479
4.115600600,3.830918374
4.115804000,3.826899279
4.116007500,3.822880174
4.116210900,3.814861079
4.116414400,3.810841974
4.116617800,3.806822879
4.116821300,3.798803774
4.117024700,3.794784679
4.117228200,3.790765574
4.117431600,3.782746479
4.117635100,3.778727374
4.117838500,3.774708279
4.118042000,3.766689174
4.118245400,3.758670078
4.118448900,3.754650974
4.118652300,3.750631878
4.118855800,3.742612774
4.119059200,3.738593678
4.119262700,3.734574574
4.119466100,3.726555478
4.119669600,3.722536374
4.119873000,3.718517278
4.120076500,3.710498173
4.120279900,3.706479078
4.120483400,3.702459973
4.120686800,3.698440878
4.120890300,3.686421773
4.121093800,3.682402669
4.121297200,3.678383573
4.121500700,3.670364468
4.121704100,3.666345373
4.121907600,3.662326268
4.122111000,3.654307173
4.122314500,3.650288068
4.122517900,3.646268973
4.122721400,3.638249868
4.122924800,3.630230773
4.123128300,3.626211668
4.123331700,3.622192573
4.123535200,3.614173468
4.123738600,3.606154373
4.123942100,3.602135268
4.124145500,3.594116173
4.124349000,3.590097068
4.124552400,3.586077973
4.124755900,3.582058868
4.124959300,3.570039772
4.125162800,3.566020668
4.125366200,3.562001572
4.125569700,3.549982468
4.125773100,3.545963372
4.125976600,3.541944268
4.126180000,3.533925172
4.126383500,3.525906068
4.126586900,3.521886972
4.126790400,3.513867867
4.126993800,3.509848772
4.127197300,3.501829667
4.127400700,3.497810572
4.127604200,3.489791467
4.127807600,3.481772372
4.128011100,3.477753267
4.128214500,3.469734172
4.128418000,3.461715067
4.128621400,3.457695972
4.128824900,3.449676867
4.129028300,3.441657772
4.129231800,3.437638667
4.129435200,3.433619572
4.129638700,3.421600467
4.129842100,3.417581372
4.130045600,3.413562267
4.130249000,3.401543171
4.130452500,3.397524067
4.130655900,3.393504971
4.130859400,3.381485867
4.131062800,3.377466771
4.131266300,3.373447667
4.131469700,3.365428571
4.131673200,3.357409466
4.131876600,3.353390371
4.132080100,3.345371266
4.132283500,3.337352171
4.132487000,3.333333066
4.132690400,3.325313971
4.132893900,3.317294866
4.133097300,3.313275771
4.133300800,3.305256666
4.133504200,3.301237571
4.133707700,3.293218466
4.133911100,3.289199371
4.134114600,3.281180266
4.134318000,3.273161171
4.134521500,3.269142066
4.134724900,3.265122971
4.134928400,3.257103866
4.135131800,3.249084770
4.135335300,3.245065666
4.135538700,3.237046570
4.135742200,3.233027466
4.135945600,3.229008370
4.136149100,3.224989266
4.136352500,3.212970170
4.136556000,3.208951066
4.136759400,3.204931970
4.136962900,3.196912865
4.137166300,3.192893770
4.137369800,3.188874665
4.137573200,3.180855570
4.137776700,3.176836465
4.137980100,3.172817370
4.138183600,3.168798265
4.138387000,3.156779170
4.138590500,3.152760065
4.138793900,3.148740970
4.138997400,3.140721865
4.139200800,3.136702770
4.139404300,3.132683665
4.139607700,3.124664570
4.139811200,3.120645465
4.140014600,3.116626370
4.140218100,3.112607265
4.140421500,3.104588169
4.140625000,3.096569065
4.140828500,3.092549960
4.141031900,3.084530865
4.141235400,3.080511760
4.141438800,3.076492665
4.141642300,3.068473560
4.141845700,3.060454464
4.142049200,3.056435360
4.142252600,3.052416264
4.142456100,3.044397160
4.142659500,3.040378064
4.142863000,3.032358960
4.143066400,3.024339864
4.143269900,3.020320760
4.143473300,3.016301664
4.143676800,3.004282559
4.143880200,3.000263464
4.144083700,2.992244359
4.144287100,2.988225264
4.144490600,2.976206159
4.144694000,2.972187064
4.144897500,2.968167959
4.145100900,2.956148864
4.145304400,2.952129759
4.145507800,2.944110664
4.145711300,2.932091559
4.145914700,2.928072464
4.146118200,2.920053359
4.146321600,2.908034264
4.146525100,2.904015159
4.146728500,2.895996064
4.146932000,2.891976959
4.147135400,2.879957863
4.147338900,2.871938759
4.147542300,2.867919663
4.147745800,2.851900559
4.147949200,2.847881463
4.148152700,2.839862359
4.148356100,2.827843263
4.148559600,2.819824158
4.148763000,2.815805063
4.148966500,2.807785958
4.149169900,2.791766863
4.149373400,2.787747758
4.149576800,2.779728663
4.149780300,2.763709558
4.149983700,2.759690463
4.150187200,2.751671358
4.150390600,2.735652263
4.150594100,2.727633158
4.150797500,2.719614063
4.151001000,2.715594958
4.151204400,2.699575863
4.151407900,2.691556758
4.151611300,2.683537663
4.151814800,2.667518558
4.152018200,2.659499463
4.152221700,2.651480358
4.152425100,2.635461262
4.152628600,2.631442158
4.152832000,2.623423062
4.153035500,2.615403958
4.153238900,2.599384862
4.153442400,2.591365758
4.153645800,2.583346662
4.153849300,2.567327557
4.154052700,2.559308462
4.154256200,2.551289357
4.154459600,2.531270262
4.154663100,2.523251157
4.154866500,2.515232062
4.155070000,2.499212957
4.155273400,2.491193862
4.155476900,2.483174757
4.155680300,2.475155662
4.155883800,2.459136557
4.156087200,2.451117462
4.156290700,2.443098357
4.156494100,2.423079262
4.156697600,2.415060157
4.156901000,2.407041062
4.157104500,2.391021957
4.157307900,2.383002861
4.157511400,2.374983757
4.157714800,2.362964661
4.157918300,2.346945557
4.158121700,2.338926461
4.158325200,2.330907357
4.158528600,2.310888261
4.158732100,2.302869156
4.158935500,2.294850061
4.159139000,2.278830956
4.159342400,2.266811861
4.159545900,2.258792756
4.159749300,2.250773661
4.159952800,2.234754556
4.160156300,2.222735452
4.160359700,2.214716356
4.160563200,2.198697251
4.160766600,2.186678156
4.160970100,2.178659051
4.161173500,2.158639956
4.161377000,2.150620851
4.161580400,2.142601756
4.161783900,2.130582651
4.161987300,2.114563556
4.162190800,2.102544451
4.162394200,2.094525356
4.162597700,2.074506251
4.162801100,2.066487156
4.163004600,2.058468051
4.163208000,2.038448956
4.163411500,2.026429851
4.163614900,2.018410756
4.163818400,2.006391651
4.164021800,1.986372555
4.164225300,1.978353451
4.164428700,1.966334355
4.164632200,1.946315251
4.164835600,1.938296155
4.165039100,1.926277051
4.165242500,1.906257955
4.165446000,1.898238850
4.165649400,1.886219755
4.165852900,1.866200650
4.166056300,1.854181555
4.166259800,1.842162450
4.166463200,1.834143355
4.166666700,1.810124250
4.166870100,1.802105155
4.167073600,1.790086050
4.167277000,1.766066955
4.167480500,1.758047850
4.167683900,1.746028755
4.167887400,1.722009650
4.168090800,1.709990555
4.168294300,1.701971450
4.168497700,1.689952355
4.168701200,1.665933250
4.168904600,1.653914155
4.169108100,1.641895050
4.169311500,1.617875954
4.169515000,1.605856850
4.169718400,1.593837754
4.169921900,1.573818650
4.170125300,1.561799554
4.170328800,1.549780450
4.170532200,1.537761354
4.170735700,1.509742249
4.170939100,1.497723154
4.171142600,1.485704049
4.171346000,1.461684954
4.171549500,1.449665849
4.171752900,1.437646754
4.171956400,1.413627649
4.172159800,1.401608554
4.172363300,1.385589449
4.172566700,1.373570354
4.172770200,1.349551249
4.172973600,1.337532154
4.173177100,1.325513049
4.173380500,1.297493954
4.173584000,1.285474849
4.173787400,1.273455754
4.173990900,1.245436649
4.174194300,1.233417553
4.174397800,1.221398449
4.174601200,1.197379353
4.174804700,1.181360249
4.175008100,1.169341153
4.175211600,1.157322049
4.175415000,1.129302953
4.175618500,1.117283848
4.175821900,1.105264753
4.176025400,1.081245648
4.176228800,1.065226553
4.176432300,1.053207448
4.176635700,1.029188353
4.176839200,1.017169248
4.177042600,1.001150153
4.177246100,0.989131048
4.177449500,0.965111953
4.177653000,0.953092848
4.177856400,0.941073753
4.178059900,0.917054648
4.178263300,0.901035553
4.178466800,0.889016448
4.178670200,0.864997353
4.178873700,0.852978248
4.179077100,0.840959153
4.179280600,0.828940048
4.179484000,0.808920952
4.179687500,0.796901848
4.179891000,0.784882743
4.180094400,0.760863648
4.180297900,0.752844543
4.180501300,0.740825448
4.180704800,0.720806343
4.180908200,0.708787247
4.181111700,0.696768143
4.181315100,0.688749047
4.181518600,0.668729943
4.181722000,0.656710847
4.181925500,0.648691743
4.182128900,0.628672647
4.182332400,0.620653542
4.182535800,0.612634447
4.182739300,0.596615342
4.182942700,0.588596247
4.183146200,0.580577142
4.183349600,0.564558047
4.183553100,0.556538942
4.183756500,0.548519847
4.183960000,0.544500742
4.184163400,0.528481647
4.184366900,0.524462542
4.184570300,0.516443447
4.184773800,0.504424342
4.184977200,0.500405247
4.185180700,0.496386142
4.185384100,0.488367047
4.185587600,0.484347942
4.185791000,0.480328847
4.185994500,0.476309742
4.186197900,0.468290646
4.186401400,0.464271542
4.186604800,0.464252446
4.186808300,0.460233342
4.187011700,0.456214246
4.187215200,0.456195142
4.187418600,0.452176046
4.187622100,0.452156941
4.187825500,0.452137846
4.188029000,0.452118741
4.188232400,0.452099646
4.188435900,0.452080541
4.188639300,0.452061446
4.188842800,0.456042341
4.189046200,0.456023246
4.189249700,0.460004141
4.189453100,0.463985046
4.189656600,0.467965941
4.189860000,0.467946846
4.190063500,0.471927741
4.190266900,0.479908646
4.190470400,0.483889541
4.190673800,0.487870446
4.190877300,0.495851341
4.191080700,0.499832245
4.191284200,0.503813141
4.191487600,0.515794045
4.191691100,0.519774941
4.191894500,0.527755845
4.192098000,0.531736741
4.192301400,0.543717645
4.192504900,0.551698541
4.192708300,0.555679445
4.192911800,0.571660340
4.193115200,0.575641245
4.193318700,0.583622140
4.193522100,0.595603045
4.193725600,0.603583940
4.193929000,0.611564845
4.194132500,0.627545740
4.194335900,0.631526645
4.194539400,0.639507540
4.194742800,0.647488445
4.194946300,0.663469340
4.195149700,0.671450245
4.195353200,0.675431140
4.195556600,0.691412045
4.195760100,0.699392940
4.195963500,0.707373845
4.196167000,0.719354740
4.196370400,0.727335644
4.196573900,0.735316540
4.196777300,0.739297444
4.196980800,0.755278340
4.197184200,0.759259244
4.197387700,0.767240140
4.197591100,0.779221044
4.197794600,0.783201939
4.197998000,0.791182844
4.198201500,0.803163739
4.198404900,0.807144644
4.198608400,0.811125539
4.198811800,0.819106444
4.199015300,0.827087339
4.199218800,0.831068234
4.199422200,0.835049139
4.199625700,0.843030034
4.199829100,0.847010939
4.200032600,0.850991834
4.200236000,0.858972739
4.200439500,0.862953634
4.200642900,0.862934539
4.200846400,0.866915434
4.201049800,0.870896339
4.201253300,0.874877234
4.201456700,0.874858139
4.201660200,0.878839034
4.201863600,0.878819939
4.202067100,0.878800834
4.202270500,0.882781739
4.202474000,0.882762634
4.202677400,0.882743539
4.202880900,0.882724434
4.203084300,0.882705338
4.203287800,0.882686234
4.203491200,0.882667138
4.203694700,0.878648034
4.203898100,0.878628938
4.204101600,0.878609834
4.204305000,0.874590738
4.204508500,0.874571633
4.204711900,0.870552538
4.204915400,0.866533433
4.205118800,0.866514338
4.205322300,0.862495233
4.205525700,0.858476138
4.205729200,0.854457033
4.205932600,0.850437938
4.206136100,0.846418833
4.206339500,0.842399738
4.206543000,0.838380633
4.206746400,0.834361538
4.206949900,0.826342433
4.207153300,0.822323338
4.207356800,0.818304233
4.207560200,0.814285138
4.207763700,0.806266033
4.207967100,0.802246937
4.208170600,0.798227833
4.208374000,0.790208737
4.208577500,0.786189633
4.208780900,0.782170537
4.208984400,0.770151433
4.209187800,0.766132337
4.209391300,0.762113233
4.209594700,0.758094137
4.209798200,0.746075032
4.210001600,0.742055937
4.210205100,0.734036832
4.210408500,0.726017737
4.210612000,0.717998632
4.210815400,0.713979537
4.211018900,0.701960432
4.211222300,0.697941337
4.211425800,0.689922232
4.211629200,0.685903137
4.211832700,0.673884032
4.212036100,0.665864937
4.212239600,0.661845832
4.212443000,0.645826737
4.212646500,0.641807632
4.212849900,0.633788537
4.213053400,0.621769432
4.213256800,0.613750336
4.213460300,0.605731232
4.213663700,0.593712136
4.213867200,0.585693032
4.214070600,0.577673936
4.214274100,0.573654832
4.214477500,0.557635736
4.214681000,0.549616631
4.214884400,0.541597536
4.215087900,0.525578431
4.215291300,0.521559336
4.215494800,0.513540231
4.215698200,0.497521136
4.215901700,0.489502031
4.216105100,0.481482936
4.216308600,0.469463831
4.216512000,0.453444736
4.216715500,0.445425631
4.216918900,0.437406536
4.217122400,0.421387431
4.217325800,0.413368336
4.217529300,0.401349231
4.217732700,0.385330136
4.217936200,0.377311031
4.218139600,0.365291935
4.218343100,0.357272831
4.218546500,0.337253735
4.218750000,0.329234631
4.218953500,0.321215526
4.219156900,0.301196431
4.219360400,0.293177326
4.219563800,0.281158231
4.219767300,0.261139126
4.219970700,0.253120030
4.220174200,0.245100926
4.220377600,0.233081830
4.220581100,0.213062726
4.220784500,0.205043630
4.220988000,0.193024526
4.221191400,0.173005430
4.221394900,0.164986325
4.221598300,0.152967230
4.221801800,0.132948125
4.222005200,0.120929030
4.222208700,0.112909925
4.222412100,0.092890830
4.222615600,0.080871725
4.222819000,0.068852630
4.223022500,0.060833525
4.223225900,0.040814430
4.223429400,0.028795325
4.223632800,0.016776230
4.223836300,-0.003242875
4.224039700,-0.011261970
4.224243200,-0.023281075
4.224446600,-0.043300170
4.224650100,-0.055319275
4.224853500,-0.067338371
4.225057000,-0.075357475
4.225260400,-0.095376571
4.225463900,-0.107395675
4.225667300,-0.119414771
4.225870800,-0.139433875
4.226074200,-0.151452971
4.226277700,-0.159472075
4.226481100,-0.179491171
4.226684600,-0.191510276
4.226888000,-0.203529371
4.227091500,-0.211548476
4.227294900,-0.235567571
4.227498400,-0.243586676
4.227701800,-0.255605771
4.227905300,-0.275624876
4.228108700,-0.287643971
4.228312200,-0.295663076
4.228515600,-0.319682171
4.228719100,-0.327701276
4.228922500,-0.339720371
4.229126000,-0.347739476
4.229329400,-0.371758571
4.229532900,-0.379777676
4.229736300,-0.391796771
4.229939800,-0.411815876
4.230143200,-0.423834972
4.230346700,-0.431854076
4.230550100,-0.451873172
4.230753600,-0.463892276
4.230957000,-0.471911372
4.231160500,-0.495930476
4.231363900,-0.503949572
4.231567400,-0.515968677
4.231770800,-0.523987772
4.231974300,-0.544006877
4.232177700,-0.556025972
4.232381200,-0.568045077
4.232584600,-0.588064172
4.232788100,-0.596083277
4.232991500,-0.608102372
4.233195000,-0.628121477
4.233398400,-0.636140572
4.233601900,-0.648159677
4.233805300,-0.656178772
4.234008800,-0.676197877
4.234212200,-0.688216972
4.234415700,-0.696236077
4.234619100,-0.716255172
4.234822600,-0.728274277
4.235026000,-0.736293373
4.235229500,-0.756312477
4.235432900,-0.768331573
4.235636400,-0.776350677
4.235839800,-0.788369773
4.236043300,-0.808388877
4.236246700,-0.816407973
4.236450200,-0.828427077
4.236653600,-0.848446173
4.236857100,-0.856465278
4.237060500,-0.864484373
4.237264000,-0.884503478
4.237467400,-0.896522573
4.237670900,-0.904541678
4.237874300,-0.912560773
4.238077800,-0.932579878
4.238281300,-0.944598983
4.238484700,-0.952618078
4.238688200,-0.972637183
4.238891600,-0.980656278
4.239095100,-0.988675383
4.239298500,-1.008694478
4.239502000,-1.016713583
4.239705400,-1.024732678
4.239908900,-1.036751783
4.240112300,-1.052770878
4.240315800,-1.060789983
4.240519200,-1.072809078
4.240722700,-1.088828183
4.240926100,-1.096847278
4.241129600,-1.104866383
4.241333000,-1.124885478
4.241536500,-1.132904583
4.241739900,-1.140923679
4.241943400,-1.156942783
4.242146800,-1.164961879
4.242350300,-1.172980983
4.242553700,-1.181000079
4.242757200,-1.197019183
4.242960600,-1.205038279
4.243164100,-1.213057383
4.243367500,-1.229076479
4.243571000,-1.237095584
4.243774400,-1.245114679
4.243977900,-1.261133784
4.244181300,-1.269152879
4.244384800,-1.273171984
4.244588200,-1.281191079
4.244791700,-1.297210184
4.244995100,-1.305229279
4.245198600,-1.309248384
4.245402000,-1.325267479
4.245605500,-1.333286584
4.245808900,-1.341305679
4.246012400,-1.353324784
4.246215800,-1.361343879
4.246419300,-1.365362984
4.246622700,-1.373382079
4.246826200,-1.385401184
4.247029600,-1.393420280
4.247233100,-1.401439384
4.247436500,-1.413458480
4.247640000,-1.421477584
4.247843400,-1.425496680
4.248046900,-1.441515784
4.248250300,-1.445534880
4.248453800,-1.453553985
4.248657200,-1.457573080
4.248860700,-1.469592185
4.249064100,-1.477611280
4.249267600,-1.485630385
4.249471000,-1.497649480
4.249674500,-1.501668585
4.249877900,-1.509687680
4.250081400,-1.521706785
4.250284800,-1.525725880
4.250488300,-1.533744985
4.250691700,-1.545764080
4.250895200,-1.549783185
4.251098600,-1.557802280
4.251302100,-1.565821385
4.251505500,-1.577840480
4.251709000,-1.581859585
4.251912400,-1.589878680
4.252115900,-1.601897785
4.252319300,-1.605916881
4.252522800,-1.613935985
4.252726200,-1.625955081
4.252929700,-1.629974185
4.253133100,-1.637993281
4.253336600,-1.642012385
4.253540000,-1.654031481
4.253743500,-1.662050586
4.253946900,-1.666069681
4.254150400,-1.678088786
4.254353800,-1.686107881
4.254557300,-1.690126986
4.254760700,-1.702146081
4.254964200,-1.710165186
4.255167600,-1.714184281
4.255371100,-1.718203386
4.255574500,-1.730222481
4.255778000,-1.738241586
4.255981400,-1.742260681
4.256184900,-1.754279786
4.256388300,-1.762298881
4.256591800,-1.766317986
4.256795200,-1.778337081
4.256998700,-1.782356186
4.257202100,-1.790375282
4.257405600,-1.794394386
4.257609000,-1.806413482
4.257812500,-1.810432586
4.258016000,-1.814451691
4.258219400,-1.826470786
4.258422900,-1.830489891
4.258626300,-1.838508987
4.258829800,-1.846528091
4.259033200,-1.850547187
4.259236700,-1.854566291
4.259440100,-1.862585387
4.259643600,-1.870604491
4.259847000,-1.874623587
4.260050500,-1.878642691
4.260253900,-1.890661787
4.260457400,-1.894680892
4.260660800,-1.898699987
4.260864300,-1.906719092
4.261067700,-1.910738187
4.261271200,-1.914757292
4.261474600,-1.922776387
4.261678100,-1.926795492
4.261881500,-1.930814587
4.262085000,-1.934833692
4.262288400,-1.938852787
4.262491900,-1.942871892
4.262695300,-1.946890987
4.262898800,-1.954910092
4.263102200,-1.958929187
4.263305700,-1.958948292
4.263509100,-1.966967387
4.263712600,-1.970986492
4.263916000,-1.971005588
4.264119500,-1.975024692
4.264322900,-1.979043788
4.264526400,-1.983062892
4.264729800,-1.983081988
4.264933300,-1.991101092
4.265136700,-1.991120188
4.265340200,-1.995139293
4.265543600,-1.995158388
4.265747100,-1.999177493
4.265950500,-1.999196588
4.266154000,-2.003215693
4.266357400,-2.003234788
4.266560900,-2.007253893
4.266764300,-2.007272988
4.266967800,-2.011292093
4.267171200,-2.011311188
4.267374700,-2.011330293
4.267578100,-2.011349388
4.267781600,-2.011368493
4.267985000,-2.015387588
4.268188500,-2.015406693
4.268391900,-2.015425788
4.268595400,-2.015444893
4.268798800,-2.015463988
4.269002300,-2.015483093
4.269205700,-2.011502189
4.269409200,-2.011521293
4.269612600,-2.011540389
4.269816100,-2.011559493
4.270019500,-2.007578589
4.270223000,-2.007597693
4.270426400,-2.003616789
4.270629900,-2.003635894
4.270833300,-2.003654989
4.271036800,-1.999674094
4.271240200,-1.995693189
4.271443700,-1.991712294
4.271647100,-1.987731389
4.271850600,-1.987750494
4.272054000,-1.983769589
4.272257500,-1.979788694
4.272460900,-1.975807789
4.272664400,-1.971826894
4.272867800,-1.967845989
4.273071300,-1.963865094
4.273274700,-1.959884189
4.273478200,-1.955903294
4.273681600,-1.947922389
4.273885100,-1.943941494
4.274088500,-1.939960590
4.274292000,-1.931979694
4.274495400,-1.927998790
4.274698900,-1.924017894
4.274902300,-1.920036990
4.275105800,-1.912056094
4.275309200,-1.904075190
4.275512700,-1.900094294
4.275716100,-1.892113390
4.275919600,-1.888132495
4.276123000,-1.884151590
4.276326500,-1.872170695
4.276529900,-1.868189790
4.276733400,-1.864208895
4.276936800,-1.860227990
4.277140300,-1.852247095
4.277343800,-1.844266200
4.277547200,-1.840285295
4.277750700,-1.832304400
4.277954100,-1.828323495
4.278157600,-1.824342600
4.278361000,-1.812361695
4.278564500,-1.808380800
4.278767900,-1.804399895
4.278971400,-1.796419000
4.279174800,-1.792438095
4.279378300,-1.788457200
4.279581700,-1.784476295
4.279785200,-1.776495400
4.279988600,-1.772514495
4.280192100,-1.768533600
4.280395500,-1.760552695
4.280599000,-1.756571800
4.280802400,-1.752590896
4.281005900,-1.744610000
4.281209300,-1.740629096
4.281412800,-1.736648200
4.281616200,-1.732667296
4.281819700,-1.724686400
4.282023100,-1.720705496
4.282226600,-1.716724601
4.282430000,-1.708743696
4.282633500,-1.704762801
4.282836900,-1.700781896
4.283040400,-1.692801001
4.283243800,-1.688820096
4.283447300,-1.684839201
4.283650700,-1.680858296
4.283854200,-1.672877401
4.284057600,-1.668896496
4.284261100,-1.664915601
4.284464500,-1.656934696
4.284668000,-1.648953801
4.284871400,-1.644972896
4.285074900,-1.636992001
4.285278300,-1.629011096
4.285481800,-1.625030201
4.285685200,-1.621049296
4.285888700,-1.609068401
4.286092100,-1.605087497
4.286295600,-1.597106601
4.286499000,-1.585125697
4.286702500,-1.577144801
4.286905900,-1.573163897
4.287109400,-1.561183001
4.287312800,-1.553202097
4.287516300,-1.545221202
4.287719700,-1.537240297
4.287923200,-1.521259402
4.288126600,-1.517278497
4.288330100,-1.509297602
4.288533500,-1.489316697
4.288737000,-1.481335802
4.288940400,-1.473354897
4.289143900,-1.457374002
4.289347300,-1.449393097
4.289550800,-1.437412202
4.289754200,-1.421431297
4.289957700,-1.409450402
4.290161100,-1.401469497
4.290364600,-1.389488602
4.290568000,-1.369507697
4.290771500,-1.361526802
4.290974900,-1.349545898
4.291178400,-1.329565002
4.291381800,-1.321584098
4.291585300,-1.309603202
4.291788700,-1.289622298
4.291992200,-1.277641402
4.292195600,-1.265660498
4.292399100,-1.257679602
4.292602500,-1.233698698
4.292806000,-1.221717803
4.293009400,-1.213736898
4.293212900,-1.189756003
4.293416300,-1.177775098
4.293619800,-1.169794203
4.293823200,-1.145813298
4.294026700,-1.133832403
4.294230100,-1.121851498
4.294433600,-1.113870603
4.294637000,-1.089889698
4.294840500,-1.077908803
4.295043900,-1.065927898
4.295247400,-1.045947003
4.295450800,-1.033966098
4.295654300,-1.021985203
4.295857700,-1.002004298
4.296061200,-0.990023403
4.296264600,-0.978042499
4.296468100,-0.966061603
4.296671500,-0.946080699
4.296875000,-0.934099803
4.297078500,-0.922118908
4.297281900,-0.902138003
4.297485400,-0.890157108
4.297688800,-0.882176204
4.297892300,-0.858195308
4.298095700,-0.850214404
4.298299200,-0.838233508
4.298502600,-0.818252604
4.298706100,-0.806271708
4.298909500,-0.798290804
4.299113000,-0.786309908
4.299316400,-0.766329004
4.299519900,-0.754348109
4.299723300,-0.746367204
4.299926800,-0.726386309
4.300130200,-0.714405404
4.300333700,-0.706424509
4.300537100,-0.686443604
4.300740600,-0.674462709
4.300944000,-0.666481804
4.301147500,-0.654500909
4.301350900,-0.634520004
4.301554400,-0.626539109
4.301757800,-0.614558204
4.301961300,-0.598577309
4.302164700,-0.586596404
4.302368200,-0.578615509
4.302571600,-0.558634604
4.302775100,-0.550653709
4.302978500,-0.538672805
4.303182000,-0.530691909
4.303385400,-0.510711005
4.303588900,-0.502730109
4.303792300,-0.494749205
4.303995800,-0.474768309
4.304199200,-0.466787405
4.304402700,-0.454806510
4.304606100,-0.438825605
4.304809600,-0.430844710
4.305013000,-0.418863805
4.305216500,-0.410882910
4.305419900,-0.394902005
4.305623400,-0.386921110
4.305826800,-0.374940205
4.306030300,-0.358959310
4.306233700,-0.350978405
4.306437200,-0.342997510
4.306640600,-0.327016605
4.306844100,-0.319035710
4.307047500,-0.307054805
4.307251000,-0.291073910
4.307454400,-0.283093005
4.307657900,-0.275112110
4.307861300,-0.267131206
4.308064800,-0.251150310
4.308268200,-0.243169406
4.308471700,-0.235188510
4.308675100,-0.223207606
4.308878600,-0.215226710
4.309082000,-0.207245806
4.309285500,-0.191264910
4.309488900,-0.183284006
4.309692400,-0.175303111
4.309895800,-0.171322206
4.310099300,-0.155341311
4.310302700,-0.147360406
4.310506200,-0.139379511
4.310709600,-0.127398606
4.310913100,-0.119417711
4.311116500,-0.115436806
4.311320000,-0.099455911
4.311523400,-0.095475006
4.311726900,-0.087494111
4.311930300,-0.079513206
4.312133800,-0.067532311
4.312337200,-0.063551406
4.312540700,-0.055570511
4.312744100,-0.043589606
4.312947600,-0.039608711
4.313151000,-0.031627807
4.313354500,-0.019646911
4.313557900,-0.015666007
4.313761400,-0.011685111
4.313964800,-0.003704207
4.314168300,0.008276689
4.314371700,0.012257593
4.314575200,0.016238488
4.314778600,0.028219393
4.314982100,0.032200288
4.315185500,0.036181193
4.315389000,0.048162088
4.315592400,0.052142993
4.315795900,0.056123888
4.315999300,0.060104793
4.316202800,0.072085688
4.316406300,0.076066583
4.316609700,0.080047488
4.316813200,0.088028383
4.317016600,0.092009288
4.317220100,0.099990183
4.317423500,0.107971088
4.317627000,0.111951983
4.317830400,0.115932888
4.318033900,0.123913783
4.318237300,0.127894688
4.318440800,0.131875583
4.318644200,0.135856488
4.318847700,0.143837383
4.319051100,0.147818288
4.319254600,0.151799183
4.319458000,0.155780088
4.319661500,0.159760983
4.319864900,0.163741887
4.320068400,0.171722783
4.320271800,0.175703687
4.320475300,0.179684583
4.320678700,0.183665487
4.320882200,0.187646383
4.321085600,0.191627287
4.321289100,0.195608182
4.321492500,0.203589087
4.321696000,0.203569982
4.321899400,0.207550887
4.322102900,0.215531782
4.322306300,0.219512687
4.322509800,0.219493582
4.322713200,0.223474487
4.322916700,0.231455382
4.323120100,0.231436287
4.323323600,0.235417182
4.323527000,0.239398087
4.323730500,0.243378982
4.323933900,0.247359887
4.324137400,0.251340782
4.324340800,0.255321687
4.324544300,0.259302582
4.324747700,0.259283486
4.324951200,0.267264382
4.325154600,0.267245286
4.325358100,0.271226182
4.325561500,0.275207086
4.325765000,0.279187982
4.325968400,0.279168886
4.326171900,0.287149782
4.326375300,0.287130686
4.326578800,0.291111581
4.326782200,0.295092486
4.326985700,0.299073381
4.327189100,0.299054286
4.327392600,0.303035181
4.327596000,0.307016086
4.327799500,0.310996981
4.328002900,0.310977886
4.328206400,0.314958781
4.328409800,0.318939686
4.328613300,0.318920581
4.328816700,0.326901486
4.329020200,0.326882381
4.329223600,0.330863286
4.329427100,0.330844181
4.329630500,0.334825086
4.329834000,0.338805981
4.330037400,0.338786885
4.330240900,0.346767781
4.330444300,0.346748685
4.330647800,0.350729581
4.330851200,0.354710485
4.331054700,0.354691381
4.331258100,0.358672285
4.331461600,0.358653180
4.331665000,0.362634085
4.331868500,0.366614980
4.332071900,0.366595885
4.332275400,0.370576780
4.332478800,0.374557685
4.332682300,0.378538580
4.332885700,0.382519485
4.333089200,0.382500380
4.333292600,0.386481285
4.333496100,0.386462180
4.333699500,0.390443085
4.333903000,0.394423980
4.334106400,0.394404885
4.334309900,0.398385780
4.334513300,0.402366685
4.334716800,0.402347580
4.334920200,0.410328485
4.335123700,0.410309380
4.335327100,0.414290284
4.335530600,0.414271180
4.335734000,0.418252084
4.335937500,0.422232980
4.336141000,0.422213875
4.336344400,0.430194780
4.336547900,0.430175675
4.336751300,0.434156579
4.336954800,0.438137475
4.337158200,0.438118379
4.337361700,0.442099275
4.337565100,0.446080179
4.337768600,0.450061075
4.337972000,0.450041979
4.338175500,0.454022874
4.338378900,0.458003779
4.338582400,0.461984674
4.338785800,0.465965579
4.338989300,0.469946474
4.339192700,0.473927379
4.339396200,0.473908274
4.339599600,0.481889179
4.339803100,0.481870074
4.340006500,0.485850979
4.340210000,0.489831874
4.340413400,0.493812779
4.340616900,0.497793674
4.340820300,0.501774579
4.341023800,0.509755474
4.341227200,0.509736379
4.341430700,0.513717274
4.341634100,0.521698178
4.341837600,0.525679074
4.342041000,0.525659978
4.342244500,0.529640874
4.342447900,0.537621778
4.342651400,0.541602674
4.342854800,0.545583578
4.343058300,0.553564474
4.343261700,0.557545378
4.343465200,0.561526273
4.343668600,0.569507178
4.343872100,0.573488073
4.344075500,0.577468978
4.344279000,0.581449873
4.344482400,0.589430778
4.344685900,0.593411673
4.344889300,0.597392578
4.345092800,0.605373473
4.345296200,0.609354378
4.345499700,0.613335273
4.345703100,0.621316178
4.345906600,0.625297073
4.346110000,0.629277978
4.346313500,0.637258873
4.346516900,0.645239778
4.346720400,0.649220673
4.346923800,0.653201577
4.347127300,0.661182473
4.347330700,0.665163377
4.347534200,0.669144273
4.347737600,0.681125177
4.347941100,0.685106073
4.348144500,0.689086977
4.348348000,0.697067872
4.348551400,0.701048777
4.348754900,0.705029672
4.348958300,0.709010577
4.349161800,0.716991472
4.349365200,0.720972377
4.349568700,0.728953272
4.349772100,0.736934177
4.349975600,0.740915072
4.350179000,0.744895977
4.350382500,0.752876872
4.350585900,0.756857777
4.350789400,0.760838672
4.350992800,0.764819577
4.351196300,0.772800472
4.351399700,0.776781377
4.351603200,0.780762272
4.351806600,0.784743177
4.352010100,0.788724072
4.352213500,0.792704976
4.352417000,0.800685872
4.352620400,0.804666776
4.352823900,0.808647672
4.353027300,0.812628576
4.353230800,0.816609472
4.353434200,0.820590376
4.353637700,0.824571271
4.353841100,0.828552176
4.354044600,0.832533071
4.354248000,0.836513976
4.354451500,0.840494871
4.354654900,0.844475776
4.354858400,0.848456671
4.355061800,0.852437576
4.355265300,0.856418471
4.355468800,0.856399366
4.355672200,0.860380271
4.355875700,0.864361166
4.356079100,0.868342071
4.356282600,0.868322966
4.356486000,0.876303871
4.356689500,0.876284766
4.356892900,0.880265671
4.357096400,0.884246566
4.357299800,0.888227471
4.357503300,0.888208366
4.357706700,0.892189271
4.357910200,0.896170166
4.358113600,0.900151071
4.358317100,0.900131966
4.358520500,0.908112871
4.358724000,0.908093766
4.358927400,0.912074670
4.359130900,0.916055566
4.359334300,0.920036470
4.359537800,0.920017366
4.359741200,0.923998270
4.359944700,0.927979166
4.360148100,0.931960070
4.360351600,0.935940965
4.360555000,0.939921870
4.360758500,0.943902765
4.360961900,0.947883670
4.361165400,0.951864565
4.361368800,0.955845470
4.361572300,0.959826365
4.361775700,0.963807270
4.361979200,0.971788165
4.362182600,0.971769070
4.362386100,0.975749965
4.362589500,0.983730870
4.362793000,0.987711765
4.362996400,0.991692670
4.363199900,0.999673565
4.363403300,1.003654470
4.363606800,1.007635365
4.363810200,1.011616269
4.364013700,1.019597165
4.364217100,1.023578069
4.364420600,1.031558965
4.364624000,1.039539869
4.364827500,1.043520765
4.365030900,1.047501669
4.365234400,1.059482564
4.365437800,1.063463469
4.365641300,1.067444364
4.365844700,1.079425269
4.366048200,1.083406164
4.366251600,1.091387069
4.366455100,1.095367964
4.366658500,1.107348869
4.366862000,1.111329764
4.367065400,1.115310669
4.367268900,1.127291564
4.367472300,1.135272469
4.367675800,1.139253364
4.367879200,1.151234269
4.368082700,1.155215164
4.368286100,1.163196069
4.368489600,1.167176964
4.368693000,1.179157869
4.368896500,1.187138764
4.369099900,1.191119668
4.369303400,1.203100564
4.369506800,1.211081468
4.369710300,1.215062364
4.369913700,1.227043268
4.370117200,1.231024164
4.370320600,1.239005068
4.370524100,1.242985963
4.370727500,1.254966868
4.370931000,1.262947763
4.371134400,1.266928668
4.371337900,1.278909563
4.371541300,1.286890468
4.371744800,1.290871363
4.371948200,1.302852268
4.372151700,1.306833163
4.372355100,1.314814068
4.372558600,1.318794963
4.372762000,1.330775868
4.372965500,1.334756763
4.373168900,1.338737668
4.373372400,1.350718563
4.373575800,1.354699468
4.373779300,1.362680363
4.373982700,1.370661267
4.374186200,1.374642163
4.374389600,1.382623067
4.374593100,1.390603963
4.374796500,1.394584867
4.375000000,1.402565763
4.375203500,1.406546658
4.375406900,1.414527563
4.375610400,1.418508458
4.375813800,1.422489362
4.376017300,1.434470258
4.376220700,1.438451162
4.376424200,1.442432058
4.376627600,1.450412962
4.376831100,1.454393858
4.377034500,1.458374762
4.377238000,1.462355657
4.377441400,1.470336562
4.377644900,1.474317457
4.377848300,1.478298362
4.378051800,1.486279257
4.378255200,1.490260162
4.378458700,1.494241057
4.378662100,1.502221962
4.378865600,1.506202857
4.379069000,1.510183762
4.379272500,1.514164657
4.379475900,1.518145562
4.379679400,1.522126457
4.379882800,1.526107362
4.380086300,1.534088257
4.380289700,1.538069162
4.380493200,1.542050057
4.380696600,1.550030961
4.380900100,1.550011857
4.381103500,1.553992761
4.381307000,1.557973657
4.381510400,1.565954561
4.381713900,1.569935457
4.381917300,1.569916361
4.382120800,1.577897257
4.382324200,1.581878161
4.382527700,1.585859056
4.382731100,1.589839961
4.382934600,1.593820856
4.383138000,1.597801761
4.383341500,1.601782656
4.383544900,1.605763561
4.383748400,1.609744456
4.383951800,1.613725361
4.384155300,1.621706256
4.384358700,1.621687161
4.384562200,1.625668056
4.384765600,1.633648961
4.384969100,1.637629856
4.385172500,1.637610761
4.385376000,1.645591656
4.385579400,1.649572561
4.385782900,1.653553456
4.385986300,1.653534360
4.386189800,1.661515256
4.386393200,1.665496160
4.386596700,1.669477056
4.386800100,1.673457960
4.387003600,1.677438856
4.387207000,1.681419760
4.387410500,1.685400655
4.387613900,1.689381560
4.387817400,1.693362455
4.388020800,1.697343360
4.388224300,1.701324255
4.388427700,1.705305160
4.388631200,1.709286055
4.388834600,1.717266960
4.389038100,1.721247855
4.389241500,1.721228760
4.389445000,1.729209655
4.389648400,1.733190560
4.389851900,1.737171455
4.390055300,1.737152360
4.390258800,1.745133255
4.390462200,1.749114160
4.390665700,1.753095055
4.390869100,1.757075959
4.391072600,1.761056855
4.391276000,1.765037759
4.391479500,1.769018655
4.391682900,1.772999559
4.391886400,1.776980455
4.392089800,1.780961359
4.392293300,1.784942255
4.392496700,1.788923159
4.392700200,1.792904054
4.392903600,1.800884959
4.393107100,1.800865854
4.393310500,1.804846759
4.393514000,1.812827654
4.393717400,1.816808559
4.393920900,1.816789454
4.394124300,1.824770359
4.394327800,1.828751254
4.394531300,1.832732149
4.394734700,1.832713054
4.394938200,1.840693949
4.395141600,1.844674854
4.395345100,1.844655749
4.395548500,1.852636654
4.395752000,1.856617549
4.395955400,1.860598454
4.396158900,1.864579349
4.396362300,1.868560254
4.396565800,1.872541149
4.396769200,1.872522054
4.396972700,1.880502949
4.397176100,1.884483854
4.397379600,1.884464749
4.397583000,1.892445653
4.397786500,1.896426549
4.397989900,1.896407453
4.398193400,1.904388349
4.398396800,1.904369253
4.398600300,1.908350149
4.398803700,1.912331053
4.399007200,1.916311949
4.399210600,1.920292853
4.399414100,1.924273748
4.399617500,1.928254653
4.399821000,1.932235548
4.400024400,1.932216453
4.400227900,1.940197348
4.400431300,1.944178253
4.400634800,1.944159148
4.400838200,1.948140053
4.401041700,1.952120948
4.401245100,1.956101853
4.401448600,1.956082748
4.401652000,1.964063653
4.401855500,1.964044548
4.402058900,1.968025453
4.402262400,1.972006348
4.402465800,1.975987253
4.402669300,1.979968148
4.402872700,1.983949052
4.403076200,1.983929948
4.403279600,1.987910852
4.403483100,1.991891748
4.403686500,1.995872652
4.403890000,1.995853548
4.404093400,1.999834452
4.404296900,2.003815347
4.404500300,2.007796252
4.404703800,2.007777147
4.404907200,2.015758052
4.405110700,2.015738947
4.405314100,2.019719852
4.405517600,2.019700747
4.405721000,2.023681652
4.405924500,2.027662547
4.406127900,2.027643452
4.406331400,2.035624347
4.406534800,2.035605252
4.406738300,2.039586147
4.406941700,2.043567052
4.407145200,2.043547947
4.407348600,2.047528852
4.407552100,2.047509747
4.407755500,2.051490651
4.407959000,2.055471547
4.408162400,2.059452451
4.408365900,2.063433347
4.408569300,2.063414251
4.408772800,2.067395147
4.408976200,2.071376051
4.409179700,2.071356947
4.409383100,2.075337851
4.409586600,2.075318746
4.409790000,2.083299651
4.409993500,2.083280546
4.410196900,2.087261451
4.410400400,2.091242346
4.410603800,2.091223251
4.410807300,2.095204146
4.411010700,2.099185051
4.411214200,2.099165946
4.411417600,2.103146851
4.411621100,2.107127746
4.411824500,2.111108651
4.412028000,2.111089546
4.412231400,2.115070451
4.412434900,2.119051346
4.412638300,2.119032251
4.412841800,2.123013146
4.413045200,2.126994050
4.413248700,2.130974946
4.413452100,2.130955850
4.413655600,2.134936746
4.413859000,2.138917650
4.414062500,2.138898546
4.414266000,2.142879441
4.414469400,2.146860345
4.414672900,2.150841241
4.414876300,2.150822145
4.415079800,2.154803041
4.415283200,2.158783945
4.415486700,2.158764841
4.415690100,2.166745745
4.415893600,2.166726641
4.416097000,2.170707545
4.416300500,2.170688440
4.416503900,2.174669345
4.416707400,2.178650240
4.416910800,2.178631145
4.417114300,2.182612040
4.417317700,2.186592945
4.417521200,2.190573840
4.417724600,2.194554745
4.417928100,2.194535640
4.418131500,2.198516545
4.418335000,2.198497440
4.418538400,2.202478345
4.418741900,2.206459240
4.418945300,2.206440145
4.419148800,2.214421040
4.419352200,2.214401945
4.419555700,2.218382840
4.419759100,2.222363744
4.419962600,2.222344640
4.420166000,2.226325544
4.420369500,2.226306440
4.420572900,2.230287344
4.420776400,2.234268240
4.420979800,2.234249144
4.421183300,2.238230039
4.421386700,2.242210944
4.421590200,2.242191839
4.421793600,2.246172744
4.421997100,2.250153639
4.422200500,2.250134544
4.422404000,2.254115439
4.422607400,2.258096344
4.422810900,2.258077239
4.423014300,2.262058144
4.423217800,2.266039039
4.423421200,2.266019944
4.423624700,2.270000839
4.423828100,2.273981744
4.424031600,2.273962639
4.424235000,2.277943544
4.424438500,2.281924439
4.424641900,2.281905343
4.424845400,2.285886239
4.425048800,2.285867143
4.425252300,2.289848039
4.425455700,2.293828943
4.425659200,2.293809839
4.425862600,2.297790743
4.426066100,2.301771639
4.426269500,2.301752543
4.426473000,2.305733438
4.426676400,2.305714343
4.426879900,2.309695238
4.427083300,2.309676143
4.427286800,2.313657038
4.427490200,2.317637943
4.427693700,2.317618838
4.427897100,2.321599743
4.428100600,2.325580638
4.428304000,2.325561543
4.428507500,2.329542438
4.428710900,2.329523343
4.428914400,2.333504238
4.429117800,2.333485143
4.429321300,2.337466038
4.429524700,2.341446943
4.429728200,2.341427838
4.429931600,2.345408742
4.430135100,2.345389638
4.430338500,2.349370542
4.430542000,2.353351438
4.430745400,2.353332342
4.430948900,2.357313238
4.431152300,2.357294142
4.431355800,2.361275037
4.431559200,2.361255942
4.431762700,2.365236837
4.431966100,2.365217742
4.432169600,2.369198637
4.432373000,2.369179542
4.432576500,2.373160437
4.432779900,2.373141342
4.432983400,2.377122237
4.433186800,2.377103142
4.433390300,2.381084037
4.433593800,2.381064932
4.433797200,2.381045837
4.434000700,2.385026732
4.434204100,2.385007637
4.434407600,2.388988532
4.434611000,2.388969437
4.434814500,2.388950332
4.435017900,2.392931237
4.435221400,2.392912132
4.435424800,2.396893037
4.435628300,2.396873932
4.435831700,2.396854837
4.436035200,2.400835732
4.436238600,2.400816637
4.436442100,2.400797532
4.436645500,2.404778436
4.436849000,2.404759332
4.437052400,2.404740236
4.437255900,2.408721132
4.437459300,2.408702036
4.437662800,2.408682932
4.437866200,2.412663836
4.438069700,2.412644731
4.438273100,2.412625636
4.438476600,2.416606531
4.438680000,2.416587436
4.438883500,2.416568331
4.439086900,2.420549236
4.439290400,2.420530131
4.439493800,2.420511036
4.439697300,2.424491931
4.439900700,2.424472836
4.440104200,2.424453731
4.440307600,2.428434636
4.440511100,2.428415531
4.440714500,2.428396436
4.440918000,2.432377331
4.441121400,2.432358236
4.441324900,2.432339131
4.441528300,2.432320036
4.441731800,2.436300931
4.441935200,2.436281835
4.442138700,2.436262731
4.442342100,2.440243635
4.442545600,2.440224531
4.442749000,2.444205435
4.442952500,2.444186331
4.443155900,2.444167235
4.443359400,2.448148130
4.443562800,2.448129035
4.443766300,2.448109930
4.443969700,2.452090835
4.444173200,2.452071730
4.444376600,2.452052635
4.444580100,2.456033530
4.444783500,2.456014435
4.444987000,2.455995330
4.445190400,2.459976235
4.445393900,2.459957130
4.445597300,2.463938035
4.445800800,2.463918930
4.446004200,2.463899835
4.446207700,2.467880730
4.446411100,2.467861635
4.446614600,2.467842530
4.446818000,2.471823434
4.447021500,2.471804330
4.447224900,2.471785234
4.447428400,2.475766130
4.447631800,2.475747034
4.447835300,2.479727930
4.448038700,2.479708834
4.448242200,2.483689729
4.448445600,2.483670634
4.448649100,2.483651529
4.448852500,2.487632434
4.449056000,2.487613329
4.449259400,2.487594234
4.449462900,2.491575129
4.449666300,2.491556034
4.449869800,2.495536929
4.450073200,2.495517834
4.450276700,2.499498729
4.450480100,2.499479634
4.450683600,2.503460529
4.450887000,2.503441434
4.451090500,2.503422329
4.451293900,2.503403234
4.451497400,2.507384129
4.451700800,2.507365034
4.451904300,2.511345929
4.452107700,2.511326833
4.452311200,2.515307729
4.452514600,2.515288633
4.452718100,2.515269529
4.452921500,2.519250433
4.453125000,2.519231329
4.453328500,2.519212224
4.453531900,2.523193128
4.453735400,2.523174024
4.453938800,2.523154928
4.454142300,2.527135824
4.454345700,2.527116728
4.454549200,2.531097624
4.454752600,2.531078528
4.454956100,2.531059423
4.455159500,2.535040328
4.455363000,2.535021223
4.455566400,2.535002128
4.455769900,2.538983023
4.455973300,2.538963928
4.456176800,2.538944823
4.456380200,2.542925728
4.456583700,2.542906623
4.456787100,2.542887528
4.456990600,2.542868423
4.457194000,2.546849328
4.457397500,2.546830223
4.457600900,2.546811128
4.457804400,2.550792023
4.458007800,2.550772928
4.458211300,2.550753823
4.458414700,2.550734728
4.458618200,2.554715623
4.458821600,2.554696527
4.459025100,2.554677423
4.459228500,2.558658327
4.459432000,2.558639223
4.459635400,2.558620127
4.459838900,2.558601023
4.460042300,2.562581927
4.460245800,2.562562822
4.460449200,2.562543727
4.460652700,2.562524622
4.460856100,2.566505527
4.461059600,2.566486422
4.461263000,2.566467327
4.461466500,2.566448222
4.461669900,2.570429127
4.461873400,2.570410022
4.462076800,2.570390927
4.462280300,2.570371822
4.462483700,2.570352727
4.462687200,2.574333622
4.462890600,2.574314527
4.463094100,2.574295422
4.463297500,2.574276327
4.463501000,2.578257222
4.463704400,2.578238126
4.463907900,2.578219022
4.464111300,2.578199926
4.464314800,2.578180822
4.464518200,2.578161726
4.464721700,2.582142622
4.464925100,2.582123526
4.465128600,2.582104422
4.465332000,2.582085326
4.465535500,2.582066221
4.465738900,2.586047126
4.465942400,2.586028021
4.466145800,2.586008926
4.466349300,2.585989821
4.466552700,2.585970726
4.466756200,2.585951621
4.466959600,2.589932526
4.467163100,2.589913421
4.467366500,2.589894326
4.467570000,2.589875221
4.467773400,2.589856126
4.467976900,2.589837021
4.468180300,2.589817926
4.468383800,2.593798821
4.468587200,2.593779726
4.468790700,2.593760621
4.468994100,2.593741525
4.469197600,2.593722421
4.469401000,2.593703325
4.469604500,2.597684221
4.469807900,2.597665125
4.470011400,2.597646021
4.470214800,2.597626925
4.470418300,2.597607820
4.470621700,2.597588725
4.470825200,2.601569620
4.471028600,2.601550525
4.471232100,2.601531420
4.471435500,2.601512325
4.471639000,2.601493220
4.471842400,2.601474125
4.472045900,2.605455020
4.472249300,2.605435925
4.472452800,2.605416820
4.472656300,2.605397715
4.472859700,2.605378620
4.473063200,2.609359515
4.473266600,2.609340420
4.473470100,2.609321315
4.473673500,2.609302220
4.473877000,2.609283115
4.474080400,2.609264020
4.474283900,2.613244915
4.474487300,2.613225820
4.474690800,2.613206715
4.474894200,2.613187620
4.475097700,2.617168515
4.475301100,2.617149420
4.475504600,2.617130315
4.475708000,2.617111219
4.475911500,2.621092115
4.476114900,2.621073019
4.476318400,2.621053915
4.476521800,2.625034819
4.476725300,2.625015715
4.476928700,2.624996619
4.477132200,2.624977514
4.477335600,2.628958419
4.477539100,2.628939314
4.477742500,2.628920219
4.477946000,2.628901114
4.478149400,2.632882019
4.478352900,2.632862914
4.478556300,2.632843819
4.478759800,2.636824714
4.478963200,2.636805619
4.479166700,2.636786514
4.479370100,2.640767419
4.479573600,2.640748314
4.479777000,2.640729219
4.479980500,2.640710114
4.480183900,2.644691019
4.480387400,2.644671914
4.480590800,2.644652818
4.480794300,2.648633714
4.480997700,2.648614618
4.481201200,2.648595514
4.481404600,2.652576418
4.481608100,2.652557314
4.481811500,2.652538218
4.482015000,2.656519114
4.482218400,2.656500018
4.482421900,2.656480913
4.482625300,2.660461818
4.482828800,2.660442713
4.483032200,2.660423618
4.483235700,2.664404513
4.483439100,2.664385418
4.483642600,2.664366313
4.483846000,2.664347218
4.484049500,2.668328113
4.484252900,2.668309018
4.484456400,2.668289913
4.484659800,2.672270818
4.484863300,2.672251713
4.485066700,2.672232618
4.485270200,2.672213513
4.485473600,2.676194418
4.485677100,2.676175313
4.485880500,2.676156217
4.486084000,2.676137113
4.486287400,2.680118017
4.486490900,2.680098913
4.486694300,2.680079817
4.486897800,2.680060713
4.487101200,2.684041617
4.487304700,2.684022512
4.487508100,2.684003417
4.487711600,2.683984312
4.487915000,2.683965217
4.488118500,2.687946112
4.488321900,2.687927017
4.488525400,2.687907912
4.488728800,2.687888817
4.488932300,2.687869712
4.489135700,2.691850617
4.489339200,2.691831512
4.489542600,2.691812417
4.489746100,2.691793312
4.489949500,2.691774217
4.490153000,2.691755112
4.490356400,2.695736017
4.490559900,2.695716912
4.490763300,2.695697816
4.490966800,2.695678712
4.491170200,2.695659616
4.491373700,2.695640512
4.491577100,2.695621416
4.491780600,2.699602312
4.491984000,2.699583216
4.492187500,2.699564112
4.492391000,2.699545007
4.492594400,2.699525911
4.492797900,2.699506807
4.493001300,2.699487711
4.493204800,2.703468607
4.493408200,2.703449511
4.493611700,2.703430407
4.493815100,2.703411311
4.494018600,2.703392206
4.494222000,2.703373111
4.494425500,2.703354006
4.494628900,2.703334911
4.494832400,2.703315806
4.495035800,2.703296711
4.495239300,2.707277606
4.495442700,2.707258511
4.495646200,2.707239406
4.495849600,2.707220311
4.496053100,2.707201206
4.496256500,2.707182111
4.496460000,2.707163006
4.496663400,2.707143911
4.496866900,2.707124806
4.497070300,2.707105711
4.497273800,2.711086606
4.497477200,2.711067510
4.497680700,2.711048406
4.497884100,2.711029310
4.498087600,2.711010206
4.498291000,2.710991110
4.498494500,2.710972006
4.498697900,2.710952910
4.498901400,2.710933806
4.499104800,2.710914710
4.499308300,2.710895605
4.499511700,2.710876510
4.499715200,2.714857405
4.499918600,2.714838310
4.500122100,2.714819205
4.500325500,2.714800110
4.500529000,2.714781005
4.500732400,2.714761910
4.500935900,2.714742805
4.501139300,2.714723710
4.501342800,2.714704605
4.501546200,2.714685510
4.501749700,2.714666405
4.501953100,2.714647310
4.502156600,2.714628205
4.502360000,2.718609110
4.502563500,2.718590005
4.502766900,2.718570909
4.502970400,2.718551805
4.503173800,2.718532709
4.503377300,2.718513605
4.503580700,2.718494509
4.503784200,2.718475405
4.503987600,2.718456309
4.504191100,2.718437204
4.504394500,2.718418109
4.504598000,2.718399004
4.504801400,2.718379909
4.505004900,2.718360804
4.505208300,2.718341709
4.505411800,2.718322604
4.505615200,2.718303509
4.505818700,2.718284404
4.506022100,2.718265309
4.506225600,2.718246204
4.506429000,2.718227109
4.506632500,2.718208004
4.506835900,2.718188909
4.507039400,2.718169804
4.507242800,2.718150709
4.507446300,2.718131604
4.507649700,2.718112508
4.507853200,2.718093404
4.508056600,2.718074308
4.508260100,2.718055204
4.508463500,2.718036108
4.508667000,2.718017004
4.508870400,2.717997908
4.509073900,2.717978804
4.509277300,2.717959708
4.509480800,2.717940603
4.509684200,2.717921508
4.509887700,2.717902403
4.510091100,2.717883308
4.510294600,2.717864203
4.510498000,2.717845108
4.510701500,2.717826003
4.510904900,2.713806908
4.511108400,2.713787803
4.511311800,2.713768708
4.511515300,2.713749603
4.511718800,2.713730498
4.511922200,2.713711403
4.512125700,2.713692298
4.512329100,2.713673203
4.512532600,2.713654098
4.512736000,2.713635003
4.512939500,2.709615898
4.513142900,2.709596803
4.513346400,2.709577698
4.513549800,2.709558603
4.513753300,2.709539498
4.513956700,2.709520403
4.514160200,2.709501298
4.514363600,2.709482202
4.514567100,2.705463098
4.514770500,2.705444002
4.514974000,2.705424898
4.515177400,2.705405802
4.515380900,2.705386698
4.515584300,2.705367602
4.515787800,2.705348498
4.515991200,2.701329402
4.516194700,2.701310297
4.516398100,2.701291202
4.516601600,2.701272097
4.516805000,2.701253002
4.517008500,2.701233897
4.517211900,2.697214802
4.517415400,2.697195697
4.517618800,2.697176602
4.517822300,2.697157497
4.518025700,2.697138402
4.518229200,2.693119297
4.518432600,2.693100202
4.518636100,2.693081097
4.518839500,2.693062002
4.519043000,2.693042897
4.519246400,2.693023802
4.519449900,2.689004697
4.519653300,2.688985601
4.519856800,2.688966497
4.520060200,2.688947401
4.520263700,2.688928297
4.520467100,2.684909201
4.520670600,2.684890097
4.520874000,2.684871001
4.521077500,2.684851896
4.521280900,2.684832801
4.521484400,2.680813696
4.521687800,2.680794601
4.521891300,2.680775496
4.522094700,2.680756401
4.522298200,2.680737296
4.522501600,2.676718201
4.522705100,2.676699096
4.522908500,2.676680001
4.523112000,2.676660896
4.523315400,2.676641801
4.523518900,2.672622696
4.523722300,2.672603601
4.523925800,2.672584496
4.524129200,2.672565401
4.524332700,2.668546296
4.524536100,2.668527201
4.524739600,2.668508096
4.524943000,2.668489000
4.525146500,2.664469896
4.525349900,2.664450800
4.525553400,2.664431696
4.525756800,2.664412600
4.525960300,2.660393496
4.526163700,2.660374400
4.526367200,2.660355295
4.526570600,2.660336200
4.526774100,2.656317095
4.526977500,2.656298000
4.527181000,2.656278895
4.527384400,2.656259800
4.527587900,2.652240695
4.527791300,2.652221600
4.527994800,2.652202495
4.528198200,2.648183400
4.528401700,2.648164295
4.528605100,2.648145200
4.528808600,2.644126095
4.529012000,2.644107000
4.529215500,2.644087895
4.529418900,2.640068800
4.529622400,2.640049695
4.529825800,2.640030599
4.530029300,2.636011495
4.530232700,2.635992399
4.530436200,2.635973295
4.530639600,2.631954199
4.530843100,2.631935095
4.531046500,2.631915999
4.531250000,2.627896894
4.531453500,2.627877790
4.531656900,2.623858694
4.531860400,2.623839590
4.532063800,2.623820494
4.532267300,2.619801390
4.532470700,2.619782294
4.532674200,2.619763190
4.532877600,2.615744094
4.533081100,2.615724989
4.533284500,2.611705894
4.533488000,2.611686789
4.533691400,2.611667694
4.533894900,2.607648589
4.534098300,2.607629494
4.534301800,2.603610389
4.534505200,2.603591294
4.534708700,2.603572189
4.534912100,2.599553094
4.535115600,2.599533989
4.535319000,2.595514894
4.535522500,2.595495789
4.535725900,2.595476694
4.535929400,2.591457589
4.536132800,2.591438494
4.536336300,2.587419389
4.536539700,2.587400293
4.536743200,2.587381189
4.536946600,2.583362093
4.537150100,2.583342989
4.537353500,2.579323893
4.537557000,2.579304789
4.537760400,2.575285693
4.537963900,2.575266588
4.538167300,2.575247493
4.538370800,2.571228388
4.538574200,2.571209293
4.538777700,2.567190188
4.538981100,2.567171093
4.539184600,2.563151988
4.539388000,2.563132893
4.539591500,2.559113788
4.539794900,2.559094693
4.539998400,2.559075588
4.540201800,2.555056493
4.540405300,2.555037388
4.540608700,2.551018293
4.540812200,2.550999188
4.541015600,2.546980093
4.541219100,2.546960988
4.541422500,2.546941893
4.541626000,2.542922788
4.541829400,2.542903692
4.542032900,2.538884588
4.542236300,2.538865492
4.542439800,2.534846388
4.542643200,2.534827292
4.542846700,2.530808188
4.543050100,2.530789092
4.543253600,2.526769987
4.543457000,2.526750892
4.543660500,2.522731787
4.543863900,2.522712692
4.544067400,2.518693587
4.544270800,2.518674492
4.544474300,2.514655387
4.544677700,2.514636292
4.544881200,2.514617187
4.545084600,2.510598092
4.545288100,2.506578987
4.545491500,2.506559892
4.545695000,2.502540787
4.545898400,2.502521692
4.546101900,2.498502587
4.546305300,2.498483492
4.546508800,2.494464387
4.546712200,2.494445291
4.546915700,2.490426187
4.547119100,2.490407091
4.547322600,2.486387987
4.547526000,2.486368891
4.547729500,2.482349787
4.547932900,2.482330691
4.548136400,2.478311587
4.548339800,2.474292491
4.548543300,2.474273386
4.548746700,2.474254291
4.548950200,2.470235186
4.549153600,2.466216091
4.549357100,2.466196986
4.549560500,2.466177891
4.549764000,2.462158786
4.549967400,2.458139691
4.550170900,2.458120586
4.550374300,2.454101491
4.550577800,2.454082386
4.550781300,2.454063281
4.550984700,2.450044186
4.551188200,2.446025081
4.551391600,2.446005986
4.551595100,2.445986881
4.551798500,2.441967786
4.552002000,2.437948681
4.552205400,2.437929586
4.552408900,2.433910481
4.552612300,2.433891386
4.552815800,2.433872281
4.553019200,2.429853186
4.553222700,2.425834081
4.553426100,2.425814985
4.553629600,2.425795881
4.553833000,2.421776785
4.554036500,2.421757681
4.554239900,2.417738585
4.554443400,2.417719481
4.554646800,2.413700385
4.554850300,2.413681280
4.555053700,2.413662185
4.555257200,2.409643080
4.555460600,2.409623985
4.555664100,2.405604880
4.555867500,2.405585785
4.556071000,2.401566680
4.556274400,2.401547585
4.556477900,2.397528480
4.556681300,2.397509385
4.556884800,2.397490280
4.557088200,2.393471185
4.557291700,2.393452080
4.557495100,2.389432985
4.557698600,2.389413880
4.557902000,2.385394785
4.558105500,2.385375680
4.558308900,2.385356585
4.558512400,2.381337480
4.558715800,2.381318384
4.558919300,2.381299280
4.559122700,2.377280184
4.559326200,2.377261080
4.559529600,2.373241984
4.559733100,2.373222880
4.559936500,2.369203784
4.560140000,2.369184679
4.560343400,2.369165584
4.560546900,2.365146479
4.560750300,2.365127384
4.560953800,2.361108279
4.561157200,2.361089184
4.561360700,2.357070079
4.561564100,2.357050984
4.561767600,2.357031879
4.561971000,2.353012784
4.562174500,2.352993679
4.562377900,2.348974584
4.562581400,2.348955479
4.562784800,2.344936384
4.562988300,2.344917279
4.563191700,2.340898184
4.563395200,2.340879079
4.563598600,2.336859983
4.563802100,2.336840879
4.564005500,2.332821783
4.564209000,2.332802679
4.564412400,2.328783583
4.564615900,2.324764479
4.564819300,2.324745383
4.565022800,2.324726279
4.565226200,2.320707183
4.565429700,2.316688078
4.565633100,2.316668983
4.565836600,2.312649878
4.566040000,2.312630783
4.566243500,2.308611678
4.566446900,2.308592583
4.566650400,2.304573478
4.566853800,2.300554383
4.567057300,2.300535278
4.567260700,2.296516183
4.567464200,2.296497078
4.567667600,2.292477983
4.567871100,2.288458878
4.568074500,2.288439783
4.568278000,2.284420678
4.568481400,2.284401583
4.568684900,2.280382478
4.568888300,2.276363382
4.569091800,2.276344278
4.569295200,2.272325182
4.569498700,2.268306078
4.569702100,2.268286982
4.569905600,2.264267878
4.570109000,2.260248782
4.570312500,2.260229677
4.570516000,2.256210573
4.570719400,2.252191477
4.570922900,2.252172373
4.571126300,2.248153277
4.571329800,2.244134173
4.571533200,2.244115077
4.571736700,2.240095973
4.571940100,2.236076877
4.572143600,2.236057772
4.572347000,2.232038677
4.572550500,2.232019572
4.572753900,2.228000477
4.572957400,2.223981372
4.573160800,2.219962277
4.573364300,2.215943172
4.573567700,2.215924077
4.573771200,2.211904972
4.573974600,2.207885877
4.574178100,2.207866772
4.574381500,2.203847677
4.574585000,2.199828572
4.574788400,2.199809477
4.574991900,2.195790372
4.575195300,2.195771277
4.575398800,2.191752172
4.575602200,2.187733076
4.575805700,2.183713972
4.576009100,2.179694876
4.576212600,2.179675772
4.576416000,2.175656676
4.576619500,2.171637572
4.576822900,2.171618476
4.577026400,2.167599371
4.577229800,2.167580276
4.577433300,2.163561171
4.577636700,2.159542076
4.577840200,2.159522971
4.578043600,2.155503876
4.578247100,2.151484771
4.578450500,2.151465676
4.578654000,2.147446571
4.578857400,2.143427476
4.579060900,2.143408371
4.579264300,2.139389276
4.579467800,2.135370171
4.579671200,2.135351076
4.579874700,2.131331971
4.580078100,2.127312876
4.580281600,2.123293771
4.580485000,2.123274675
4.580688500,2.119255571
4.580891900,2.115236475
4.581095400,2.115217371
4.581298800,2.111198275
4.581502300,2.107179171
4.581705700,2.107160075
4.581909200,2.103140971
4.582112600,2.103121875
4.582316100,2.099102770
4.582519500,2.099083675
4.582723000,2.095064570
4.582926400,2.091045475
4.583129900,2.091026370
4.583333300,2.087007275
4.583536800,2.082988170
4.583740200,2.082969075
4.583943700,2.078949970
4.584147100,2.074930875
4.584350600,2.074911770
4.584554000,2.070892675
4.584757500,2.066873570
4.584960900,2.066854475
4.585164400,2.062835370
4.585367800,2.058816275
4.585571300,2.058797170
4.585774700,2.054778074
4.585978200,2.054758970
4.586181600,2.050739874
4.586385100,2.046720770
4.586588500,2.046701674
4.586792000,2.042682570
4.586995400,2.038663474
4.587198900,2.038644369
4.587402300,2.034625274
4.587605800,2.030606169
4.587809200,2.030587074
4.588012700,2.026567969
4.588216100,2.022548874
4.588419600,2.018529769
4.588623000,2.018510674
4.588826500,2.014491569
4.589029900,2.010472474
4.589233400,2.010453369
4.589436800,2.006434274
4.589640300,2.002415169
4.589843800,2.002396064
4.590047200,1.998376969
4.590250700,1.994357864
4.590454100,1.990338769
4.590657600,1.990319664
4.590861000,1.986300569
4.591064500,1.982281464
4.591267900,1.978262369
4.591471400,1.974243264
4.591674800,1.974224169
4.591878300,1.970205064
4.592081700,1.966185969
4.592285200,1.962166864
4.592488600,1.958147768
4.592692100,1.958128664
4.592895500,1.954109568
4.593099000,1.950090464
4.593302400,1.946071368
4.593505900,1.942052264
4.593709300,1.938033168
4.593912800,1.938014063
4.594116200,1.929994968
4.594319700,1.929975863
4.594523100,1.925956768
4.594726600,1.921937663
4.594930000,1.917918568
4.595133500,1.913899463
4.595336900,1.913880368
4.595540400,1.905861263
4.595743800,1.905842168
4.595947300,1.901823063
4.596150700,1.897803968
4.596354200,1.893784863
4.596557600,1.889765768
4.596761100,1.889746663
4.596964500,1.881727568
4.597168000,1.881708463
4.597371400,1.877689367
4.597574900,1.873670263
4.597778300,1.869651167
4.597981800,1.865632063
4.598185200,1.861612967
4.598388700,1.857593863
4.598592100,1.853574767
4.598795600,1.853555663
4.598999000,1.845536567
4.599202500,1.841517462
4.599405900,1.841498367
4.599609400,1.833479262
4.599812800,1.833460167
4.600016300,1.829441062
4.600219700,1.821421967
4.600423200,1.821402862
4.600626600,1.817383767
4.600830100,1.813364662
4.601033500,1.809345567
4.601237000,1.805326462
4.601440400,1.801307367
4.601643900,1.797288262
4.601847300,1.793269167
4.602050800,1.789250062
4.602254200,1.785230967
4.602457700,1.781211862
4.602661100,1.777192766
4.602864600,1.773173662
4.603068000,1.769154566
4.603271500,1.765135462
4.603474900,1.765116366
4.603678400,1.757097262
4.603881800,1.753078166
4.604085300,1.753059061
4.604288700,1.745039966
4.604492200,1.741020861
4.604695600,1.741001766
4.604899100,1.732982661
4.605102500,1.728963566
4.605306000,1.728944461
4.605509400,1.724925366
4.605712900,1.716906261
4.605916300,1.716887166
4.606119800,1.712868061
4.606323200,1.704848966
4.606526700,1.700829861
4.606730100,1.700810766
4.606933600,1.692791661
4.607137000,1.688772566
4.607340500,1.684753461
4.607543900,1.684734366
4.607747400,1.676715261
4.607950800,1.672696165
4.608154300,1.672677061
4.608357700,1.664657965
4.608561200,1.660638861
4.608764600,1.656619765
4.608968100,1.652600661
4.609171500,1.648581565
4.609375000,1.644562460
4.609578500,1.640543356
4.609781900,1.636524260
4.609985400,1.632505156
4.610188800,1.628486060
4.610392300,1.624466956
4.610595700,1.620447860
4.610799200,1.616428755
4.611002600,1.608409660
4.611206100,1.608390555
4.611409500,1.604371460
4.611613000,1.600352355
4.611816400,1.592333260
4.612019900,1.588314155
4.612223300,1.588295060
4.612426800,1.580275955
4.612630200,1.576256860
4.612833700,1.572237755
4.613037100,1.568218660
4.613240600,1.564199555
4.613444000,1.560180460
4.613647500,1.556161355
4.613850900,1.552142260
4.614054400,1.548123155
4.614257800,1.544104059
4.614461300,1.536084955
4.614664700,1.536065859
4.614868200,1.532046755
4.615071600,1.524027659
4.615275100,1.520008555
4.615478500,1.515989459
4.615682000,1.511970355
4.615885400,1.507951259
4.616088900,1.503932154
4.616292300,1.499913059
4.616495800,1.495893954
4.616699200,1.491874859
4.616902700,1.487855754
4.617106100,1.479836659
4.617309600,1.479817554
4.617513000,1.475798459
4.617716500,1.467779354
4.617919900,1.463760259
4.618123400,1.459741154
4.618326800,1.459722059
4.618530300,1.451702954
4.618733700,1.447683859
4.618937200,1.443664754
4.619140600,1.439645659
4.619344100,1.435626554
4.619547500,1.431607458
4.619751000,1.423588354
4.619954400,1.419569258
4.620157900,1.419550154
4.620361300,1.415531058
4.620564800,1.407511954
4.620768200,1.403492858
4.620971700,1.399473753
4.621175100,1.395454658
4.621378600,1.391435553
4.621582000,1.387416458
4.621785500,1.379397353
4.621988900,1.379378258
4.622192400,1.375359153
4.622395800,1.367340058
4.622599300,1.363320953
4.622802700,1.359301858
4.623006200,1.359282753
4.623209600,1.351263658
4.623413100,1.347244553
4.623616500,1.343225458
4.623820000,1.339206353
4.624023400,1.335187258
4.624226900,1.331168153
4.624430300,1.323149058
4.624633800,1.323129953
4.624837200,1.319110857
4.625040700,1.315091753
4.625244100,1.307072657
4.625447600,1.307053553
4.625651000,1.303034457
4.625854500,1.295015353
4.626057900,1.290996257
4.626261400,1.290977152
4.626464800,1.282958057
4.626668300,1.278938952
4.626871700,1.274919857
4.627075200,1.274900752
4.627278600,1.266881657
4.627482100,1.262862552
4.627685500,1.258843457
4.627889000,1.254824352
4.628092400,1.250805257
4.628295900,1.246786152
4.628499300,1.242767057
4.628702800,1.238747952
4.628906300,1.234728847
4.629109700,1.230709752
4.629313200,1.226690647
4.629516600,1.222671552
4.629720100,1.218652447
4.629923500,1.214633352
4.630127000,1.210614247
4.630330400,1.206595152
4.630533900,1.202576047
4.630737300,1.198556952
4.630940800,1.194537847
4.631144200,1.190518752
4.631347700,1.186499647
4.631551100,1.182480551
4.631754600,1.178461447
4.631958000,1.174442351
4.632161500,1.170423247
4.632364900,1.166404151
4.632568400,1.158385047
4.632771800,1.158365951
4.632975300,1.154346846
4.633178700,1.146327751
4.633382200,1.142308646
4.633585600,1.142289551
4.633789100,1.138270446
4.633992500,1.130251351
4.634196000,1.130232246
4.634399400,1.126213151
4.634602900,1.118194046
4.634806300,1.118174951
4.635009800,1.114155846
4.635213200,1.106136751
4.635416700,1.102117646
4.635620100,1.102098551
4.635823600,1.098079446
4.636027000,1.090060351
4.636230500,1.090041246
4.636433900,1.086022150
4.636637400,1.078003046
4.636840800,1.073983950
4.637044300,1.073964846
4.637247700,1.065945750
4.637451200,1.061926646
4.637654600,1.061907550
4.637858100,1.057888445
4.638061500,1.049869350
4.638265000,1.045850245
4.638468400,1.045831150
4.638671900,1.037812045
4.638875300,1.033792950
4.639078800,1.033773845
4.639282200,1.025754750
4.639485700,1.021735645
4.639689100,1.017716550
4.639892600,1.017697445
4.640096000,1.009678350
4.640299500,1.005659245
4.640502900,1.005640150
4.640706400,0.997621045
4.640909800,0.993601950
4.641113300,0.989582845
4.641316700,0.985563750
4.641520200,0.981544645
4.641723600,0.977525549
4.641927100,0.973506445
4.642130500,0.969487349
4.642334000,0.965468245
4.642537400,0.961449149
4.642740900,0.957430045
4.642944300,0.953410949
4.643147800,0.949391844
4.643351200,0.945372749
4.643554700,0.941353644
4.643758100,0.937334549
4.643961600,0.929315444
4.644165000,0.925296349
4.644368500,0.925277244
4.644571900,0.921258149
4.644775400,0.913239044
4.644978800,0.909219949
4.645182300,0.905200844
4.645385700,0.901181749
4.645589200,0.897162644
4.645792600,0.893143549
4.645996100,0.885124444
4.646199500,0.881105349
4.646403000,0.881086244
4.646606400,0.877067148
4.646809900,0.869048044
4.647013300,0.865028948
4.647216800,0.861009844
4.647420200,0.852990748
4.647623700,0.852971644
4.647827100,0.848952548
4.648030600,0.840933444
4.648234000,0.836914348
4.648437500,0.832895243
4.648641000,0.828876139
4.648844400,0.820857043
4.649047900,0.816837939
4.649251300,0.812818843
4.649454800,0.804799739
4.649658200,0.800780643
4.649861700,0.796761538
4.650065100,0.792742443
4.650268600,0.788723338
4.650472000,0.784704243
4.650675500,0.776685138
4.650878900,0.772666043
4.651082400,0.768646938
4.651285800,0.764627843
4.651489300,0.756608738
4.651692700,0.752589643
4.651896200,0.748570538
4.652099600,0.740551443
4.652303100,0.736532338
4.652506500,0.732513243
4.652710000,0.724494138
4.652913400,0.716475043
4.653116900,0.712455938
4.653320300,0.708436842
4.653523800,0.700417738
4.653727200,0.696398642
4.653930700,0.692379538
4.654134100,0.684360442
4.654337600,0.680341338
4.654541000,0.676322242
4.654744500,0.668303138
4.654947900,0.664284042
4.655151400,0.656264937
4.655354800,0.652245842
4.655558300,0.644226737
4.655761700,0.640207642
4.655965200,0.636188537
4.656168600,0.628169442
4.656372100,0.624150337
4.656575500,0.616131242
4.656779000,0.608112137
4.656982400,0.604093042
4.657185900,0.600073937
4.657389300,0.596054842
4.657592800,0.588035737
4.657796200,0.580016642
4.657999700,0.575997537
4.658203100,0.567978442
4.658406600,0.563959337
4.658610000,0.559940241
4.658813500,0.547921137
4.659016900,0.543902041
4.659220400,0.539882937
4.659423800,0.535863841
4.659627300,0.527844737
4.659830700,0.519825641
4.660034200,0.515806536
4.660237600,0.507787441
4.660441100,0.503768336
4.660644500,0.495749241
4.660848000,0.487730136
4.661051400,0.483711041
4.661254900,0.479691936
4.661458300,0.467672841
4.661661800,0.463653736
4.661865200,0.459634641
4.662068700,0.455615536
4.662272100,0.447596441
4.662475600,0.439577336
4.662679000,0.435558241
4.662882500,0.427539136
4.663085900,0.423520041
4.663289400,0.419500936
4.663492800,0.407481840
4.663696300,0.403462736
4.663899700,0.399443640
4.664103200,0.395424536
4.664306600,0.383405440
4.664510100,0.379386336
4.664713500,0.375367240
4.664917000,0.367348136
4.665120400,0.359329040
4.665323900,0.355309935
4.665527300,0.347290840
4.665730800,0.343271735
4.665934200,0.339252640
4.666137700,0.331233535
4.666341100,0.323214440
4.666544600,0.319195335
4.666748000,0.315176240
4.666951500,0.303157135
4.667154900,0.299138040
4.667358400,0.295118935
4.667561800,0.283099840
4.667765300,0.279080735
4.667968800,0.275061630
4.668172200,0.271042535
4.668375700,0.259023430
4.668579100,0.255004335
4.668782600,0.250985230
4.668986000,0.242966135
4.669189500,0.234947030
4.669392900,0.230927935
4.669596400,0.222908830
4.669799800,0.214889735
4.670003300,0.210870630
4.670206700,0.202851534
4.670410200,0.194832430
4.670613600,0.190813334
4.670817100,0.186794230
4.671020500,0.174775134
4.671224000,0.170756030
4.671427400,0.166736934
4.671630900,0.154717830
4.671834300,0.150698734
4.672037800,0.142679629
4.672241200,0.134660534
4.672444700,0.130641429
4.672648100,0.122622334
4.672851600,0.118603229
4.673055000,0.106584134
4.673258500,0.102565029
4.673461900,0.094545934
4.673665400,0.086526829
4.673868800,0.078507734
4.674072300,0.074488629
4.674275700,0.062469534
4.674479200,0.058450429
4.674682600,0.050431334
4.674886100,0.046412229
4.675089500,0.034393134
4.675293000,0.030374029
4.675496400,0.022354933
4.675699900,0.010335829
4.675903300,0.006316733
4.676106800,-0.001702371
4.676310200,-0.013721467
4.676513700,-0.017740571
4.676717100,-0.025759667
4.676920600,-0.029778772
4.677124000,-0.041797867
4.677327500,-0.049816972
4.677530900,-0.053836067
4.677734400,-0.065855172
4.677937800,-0.073874267
4.678141300,-0.077893372
4.678344700,-0.089912467
4.678548200,-0.097931572
4.678751600,-0.101950667
4.678955100,-0.109969772
4.679158500,-0.121988867
4.679362000,-0.130007972
4.679565400,-0.134027067
4.679768900,-0.146046172
4.679972300,-0.154065267
4.680175800,-0.162084372
4.680379200,-0.174103468
4.680582700,-0.178122572
4.680786100,-0.186141668
4.680989600,-0.198160772
4.681193000,-0.206179868
4.681396500,-0.214198972
4.681599900,-0.218218068
4.681803400,-0.234237172
4.682006800,-0.238256268
4.682210300,-0.246275373
4.682413700,-0.258294468
4.682617200,-0.266313573
4.682820600,-0.274332668
4.683024100,-0.286351773
4.683227500,-0.294370868
4.683431000,-0.298389973
4.683634400,-0.306409068
4.683837900,-0.318428173
4.684041300,-0.326447268
4.684244800,-0.334466373
4.684448200,-0.346485468
4.684651700,-0.354504573
4.684855100,-0.362523668
4.685058600,-0.374542773
4.685262000,-0.382561868
4.685465500,-0.390580973
4.685668900,-0.394600069
4.685872400,-0.410619173
4.686075800,-0.418638269
4.686279300,-0.422657373
4.686482700,-0.438676469
4.686686200,-0.446695573
4.686889600,-0.450714669
4.687093100,-0.466733774
4.687296500,-0.474752869
4.687500000,-0.478771974
4.687703500,-0.486791078
4.687906900,-0.502810174
4.688110400,-0.510829278
4.688313800,-0.514848374
4.688517300,-0.530867478
4.688720700,-0.538886574
4.688924200,-0.546905679
4.689127600,-0.558924774
4.689331100,-0.566943879
4.689534500,-0.574962974
4.689738000,-0.586982079
4.689941400,-0.595001174
4.690144900,-0.603020279
4.690348300,-0.611039374
4.690551800,-0.627058479
4.690755200,-0.631077574
4.690958700,-0.639096679
4.691162100,-0.655115774
4.691365600,-0.663134879
4.691569000,-0.667153974
4.691772500,-0.683173079
4.691975900,-0.691192174
4.692179400,-0.699211279
4.692382800,-0.707230375
4.692586300,-0.719249479
4.692789700,-0.727268575
4.692993200,-0.735287679
4.693196600,-0.751306775
4.693400100,-0.759325879
4.693603500,-0.767344975
4.693807000,-0.779364080
4.694010400,-0.787383175
4.694213900,-0.795402280
4.694417300,-0.803421375
4.694620800,-0.819440480
4.694824200,-0.823459575
4.695027700,-0.831478680
4.695231100,-0.847497775
4.695434600,-0.855516880
4.695638000,-0.863535975
4.695841500,-0.879555080
4.696044900,-0.887574175
4.696248400,-0.895593280
4.696451800,-0.899612375
4.696655300,-0.915631480
4.696858700,-0.923650575
4.697062200,-0.931669680
4.697265600,-0.947688776
4.697469100,-0.955707880
4.697672500,-0.963726976
4.697876000,-0.979746080
4.698079400,-0.987765176
4.698282900,-0.991784280
4.698486300,-1.007803376
4.698689800,-1.015822480
4.698893200,-1.023841576
4.699096700,-1.031860681
4.699300100,-1.047879776
4.699503600,-1.055898881
4.699707000,-1.063917976
4.699910500,-1.079937081
4.700113900,-1.087956176
4.700317400,-1.095975281
4.700520800,-1.111994376
4.700724300,-1.120013481
4.700927700,-1.128032576
4.701131200,-1.136051681
4.701334600,-1.152070776
4.701538100,-1.160089881
4.701741500,-1.168108976
4.701945000,-1.184128081
4.702148400,-1.192147176
4.702351900,-1.200166281
4.702555300,-1.216185377
4.702758800,-1.224204481
4.702962200,-1.232223577
4.703165700,-1.240242681
4.703369100,-1.256261777
4.703572600,-1.264280881
4.703776000,-1.272299977
4.703979500,-1.288319082
4.704182900,-1.296338177
4.704386400,-1.304357282
4.704589800,-1.324376377
4.704793300,-1.332395482
4.704996700,-1.340414577
4.705200200,-1.348433682
4.705403600,-1.364452777
4.705607100,-1.372471882
4.705810500,-1.380490977
4.706014000,-1.396510082
4.706217400,-1.404529177
4.706420900,-1.412548282
4.706624300,-1.432567377
4.706827800,-1.440586482
4.707031300,-1.448605587
4.707234700,-1.456624682
4.707438200,-1.472643787
4.707641600,-1.480662882
4.707845100,-1.488681987
4.708048500,-1.508701082
4.708252000,-1.516720187
4.708455400,-1.524739282
4.708658900,-1.540758387
4.708862300,-1.548777482
4.709065800,-1.556796587
4.709269200,-1.576815683
4.709472700,-1.584834787
4.709676100,-1.592853883
4.709879600,-1.600872987
4.710083000,-1.616892083
4.710286500,-1.624911187
4.710489900,-1.636930283
4.710693400,-1.652949388
4.710896800,-1.660968483
4.711100300,-1.668987588
4.711303700,-1.689006683
4.711507200,-1.697025788
4.711710600,-1.705044883
4.711914100,-1.713063988
4.712117500,-1.733083083
4.712321000,-1.741102188
4.712524400,-1.749121283
4.712727900,-1.765140388
4.712931300,-1.777159483
4.713134800,-1.785178588
4.713338200,-1.801197683
4.713541700,-1.813216788
4.713745100,-1.821235883
4.713948600,-1.829254988
4.714152000,-1.845274083
4.714355500,-1.857293188
4.714558900,-1.865312284
4.714762400,-1.881331388
4.714965800,-1.893350484
4.715169300,-1.901369588
4.715372700,-1.921388684
4.715576200,-1.929407788
4.715779600,-1.937426884
4.715983100,-1.945445989
4.716186500,-1.965465084
4.716390000,-1.973484189
4.716593400,-1.981503284
4.716796900,-2.001522389
4.717000300,-2.009541484
4.717203800,-2.021560589
4.717407200,-2.037579684
4.717610700,-2.049598789
4.717814100,-2.057617884
4.718017600,-2.077636989
4.718221000,-2.085656084
4.718424500,-2.093675189
4.718627900,-2.105694284
4.718831400,-2.121713389
4.719034800,-2.133732484
4.719238300,-2.141751589
4.719441700,-2.161770685
4.719645200,-2.169789789
4.719848600,-2.177808885
4.720052100,-2.197827989
4.720255500,-2.205847085
4.720459000,-2.217866189
4.720662400,-2.225885285
4.720865900,-2.245904390
4.721069300,-2.253923485
4.721272800,-2.265942590
4.721476200,-2.281961685
4.721679700,-2.293980790
4.721883100,-2.301999885
4.722086600,-2.322018990
4.722290000,-2.330038085
4.722493500,-2.342057190
4.722696900,-2.350076285
4.722900400,-2.370095390
4.723103800,-2.378114485
4.723307300,-2.390133590
4.723510700,-2.406152685
4.723714200,-2.418171790
4.723917600,-2.426190885
4.724121100,-2.446209990
4.724324500,-2.454229085
4.724528000,-2.466248190
4.724731400,-2.474267286
4.724934900,-2.494286390
4.725138300,-2.502305486
4.725341800,-2.514324590
4.725545200,-2.534343686
4.725748700,-2.542362790
4.725952100,-2.550381886
4.726155600,-2.570400991
4.726359000,-2.578420086
4.726562500,-2.590439191
4.726766000,-2.598458295
4.726969400,-2.618477391
4.727172900,-2.626496495
4.727376300,-2.638515591
4.727579800,-2.654534696
4.727783200,-2.666553791
4.727986700,-2.674572896
4.728190100,-2.694591991
4.728393600,-2.702611096
4.728597000,-2.710630191
4.728800500,-2.730649296
4.729003900,-2.738668391
4.729207400,-2.750687496
4.729410800,-2.758706591
4.729614300,-2.778725696
4.729817700,-2.786744791
4.730021200,-2.794763896
4.730224600,-2.814782991
4.730428100,-2.822802096
4.730631500,-2.830821191
4.730835000,-2.850840296
4.731038400,-2.858859391
4.731241900,-2.866878496
4.731445300,-2.874897592
4.731648800,-2.894916696
4.731852200,-2.902935792
4.732055700,-2.910954896
4.732259100,-2.926973992
4.732462600,-2.938993096
4.732666000,-2.947012192
4.732869500,-2.963031297
4.733072900,-2.971050392
4.733276400,-2.979069497
4.733479800,-2.987088592
4.733683300,-3.007107697
4.733886700,-3.015126792
4.734090200,-3.023145897
4.734293600,-3.039164992
4.734497100,-3.047184097
4.734700500,-3.055203192
4.734904000,-3.075222297
4.735107400,-3.083241392
4.735310900,-3.091260497
4.735514300,-3.099279592
4.735717800,-3.115298697
4.735921200,-3.123317792
4.736124700,-3.131336897
4.736328100,-3.151355993
4.736531600,-3.159375097
4.736735000,-3.167394193
4.736938500,-3.183413297
4.737141900,-3.191432393
4.737345400,-3.199451497
4.737548800,-3.219470593
4.737752300,-3.227489697
4.737955700,-3.235508793
4.738159200,-3.243527898
4.738362600,-3.259546993
4.738566100,-3.267566098
4.738769500,-3.279585193
4.738973000,-3.295604298
4.739176400,-3.303623393
4.739379900,-3.311642498
4.739583300,-3.331661593
4.739786800,-3.339680698
4.739990200,-3.347699793
4.740193700,-3.355718898
4.740397100,-3.375737993
4.740600600,-3.383757098
4.740804000,-3.391776193
4.741007500,-3.407795298
4.741210900,-3.419814393
4.741414400,-3.427833498
4.741617800,-3.443852594
4.741821300,-3.455871698
4.742024700,-3.463890794
4.742228200,-3.471909898
4.742431600,-3.491928994
4.742635100,-3.499948098
4.742838500,-3.507967194
4.743042000,-3.527986299
4.743245400,-3.536005394
4.743448900,-3.544024499
4.743652300,-3.564043594
4.743855800,-3.572062699
4.744059200,-3.584081794
4.744262700,-3.592100899
4.744466100,-3.612119994
4.744669600,-3.620139099
4.744873000,-3.628158194
4.745076500,-3.648177299
4.745279900,-3.656196394
4.745483400,-3.668215499
4.745686800,-3.684234594
4.745890300,-3.696253699
4.746093800,-3.704272804
4.746297200,-3.724291899
4.746500700,-3.732311004
4.746704100,-3.740330099
4.746907600,-3.752349204
4.747111000,-3.768368299
4.747314500,-3.780387404
4.747517900,-3.788406499
4.747721400,-3.808425604
4.747924800,-3.816444699
4.748128300,-3.828463804
4.748331700,-3.844482900
4.748535200,-3.856502004
4.748738600,-3.864521100
4.748942100,-3.872540204
4.749145500,-3.892559300
4.749349000,-3.904578404
4.749552400,-3.912597500
4.749755900,-3.932616605
4.749959300,-3.940635700
4.750162800,-3.948654805
4.750366200,-3.968673900
4.750569700,-3.976693005
4.750773100,-3.988712100
4.750976600,-3.996731205
4.751180000,-4.016750300
4.751383500,-4.024769405
4.751586900,-4.036788500
4.751790400,-4.052807605
4.751993800,-4.064826700
4.752197300,-4.072845805
4.752400700,-4.092864900
4.752604200,-4.100884005
4.752807600,-4.112903100
4.753011100,-4.120922205
4.753214500,-4.140941301
4.753418000,-4.148960405
4.753621400,-4.156979501
4.753824900,-4.176998605
4.754028300,-4.185017701
4.754231800,-4.197036805
4.754435200,-4.213055901
4.754638700,-4.225075005
4.754842100,-4.233094101
4.755045600,-4.245113206
4.755249000,-4.261132301
4.755452500,-4.273151406
4.755655900,-4.281170501
4.755859400,-4.301189606
4.756062800,-4.309208701
4.756266300,-4.317227806
4.756469700,-4.337246901
4.756673200,-4.345266006
4.756876600,-4.357285101
4.757080100,-4.373304206
4.757283500,-4.385323301
4.757487000,-4.393342406
4.757690400,-4.401361501
4.757893900,-4.421380606
4.758097300,-4.429399701
4.758300800,-4.441418806
4.758504200,-4.457437902
4.758707700,-4.469457006
4.758911100,-4.477476102
4.759114600,-4.497495206
4.759318000,-4.505514302
4.759521500,-4.513533406
4.759724900,-4.525552502
4.759928400,-4.541571607
4.760131800,-4.553590702
4.760335300,-4.561609807
4.760538700,-4.581628902
4.760742200,-4.589648007
4.760945600,-4.597667102
4.761149100,-4.617686207
4.761352500,-4.629705302
4.761556000,-4.637724407
4.761759400,-4.645743502
4.761962900,-4.665762607
4.762166300,-4.673781702
4.762369800,-4.685800807
4.762573200,-4.701819902
4.762776700,-4.713839007
4.762980100,-4.721858102
4.763183600,-4.741877207
4.763387000,-4.749896303
4.763590500,-4.761915407
4.763793900,-4.769934503
4.763997400,-4.789953607
4.764200800,-4.797972703
4.764404300,-4.809991807
4.764607700,-4.830010903
4.764811200,-4.838030007
4.765014600,-4.850049103
4.765218100,-4.866068208
4.765421500,-4.878087303
4.765625000,-4.886106408
4.765828500,-4.906125512
4.766031900,-4.918144608
4.766235400,-4.926163712
4.766438800,-4.934182808
4.766642300,-4.954201913
4.766845700,-4.966221008
4.767049200,-4.974240113
4.767252600,-4.994259208
4.767456100,-5.006278313
4.767659500,-5.014297408
4.767863000,-5.034316513
4.768066400,-5.046335608
4.768269900,-5.054354713
4.768473300,-5.066373808
4.768676800,-5.086392913
4.768880200,-5.094412008
4.769083700,-5.106431113
4.769287100,-5.126450208
4.769490600,-5.134469313
4.769694000,-5.146488408
4.769897500,-5.166507513
4.770100900,-5.174526609
4.770304400,-5.186545713
4.770507800,-5.194564809
4.770711300,-5.214583913
4.770914700,-5.226603009
4.771118200,-5.234622113
4.771321600,-5.254641209
4.771525100,-5.266660313
4.771728500,-5.274679409
4.771932000,-5.294698514
4.772135400,-5.306717609
4.772338900,-5.314736714
4.772542300,-5.326755809
4.772745800,-5.346774914
4.772949200,-5.354794009
4.773152700,-5.366813114
4.773356100,-5.386832209
4.773559600,-5.394851314
4.773763000,-5.406870409
4.773966500,-5.426889514
4.774169900,-5.434908609
4.774373400,-5.446927714
4.774576800,-5.462946809
4.774780300,-5.474965914
4.774983700,-5.482985009
4.775187200,-5.495004114
4.775390600,-5.511023210
4.775594100,-5.523042314
4.775797500,-5.531061410
4.776001000,-5.551080514
4.776204400,-5.559099610
4.776407900,-5.571118714
4.776611300,-5.587137810
4.776814800,-5.599156915
4.777018200,-5.607176010
4.777221700,-5.615195115
4.777425100,-5.635214210
4.777628600,-5.643233315
4.777832000,-5.651252410
4.778035500,-5.671271515
4.778238900,-5.679290610
4.778442400,-5.687309715
4.778645800,-5.707328810
4.778849300,-5.715347915
4.779052700,-5.723367010
4.779256200,-5.731386115
4.779459600,-5.751405210
4.779663100,-5.759424315
4.779866500,-5.767443410
4.780070000,-5.783462515
4.780273400,-5.791481611
4.780476900,-5.799500715
4.780680300,-5.815519811
4.780883800,-5.823538915
4.781087200,-5.831558011
4.781290700,-5.839577115
4.781494100,-5.855596211
4.781697600,-5.863615315
4.781901000,-5.871634411
4.782104500,-5.887653516
4.782307900,-5.895672611
4.782511400,-5.899691716
4.782714800,-5.915710811
4.782918300,-5.923729916
4.783121700,-5.931749011
4.783325200,-5.939768116
4.783528600,-5.951787211
4.783732100,-5.959806316
4.783935500,-5.967825411
4.784139000,-5.979844516
4.784342400,-5.987863611
4.784545900,-5.995882716
4.784749300,-6.007901811
4.784952800,-6.015920916
4.785156300,-6.023940021
4.785359700,-6.035959116
4.785563200,-6.043978221
4.785766600,-6.047997316
4.785970100,-6.056016421
4.786173500,-6.068035516
4.786377000,-6.076054621
4.786580400,-6.084073716
4.786783900,-6.096092821
4.786987300,-6.104111917
4.787190800,-6.108131021
4.787394200,-6.124150117
4.787597700,-6.128169221
4.787801100,-6.136188317
4.788004600,-6.140207421
4.788208000,-6.156226517
4.788411500,-6.160245621
4.788614900,-6.168264717
4.788818400,-6.180283822
4.789021800,-6.188302917
4.789225300,-6.196322022
4.789428700,-6.208341117
4.789632200,-6.212360222
4.789835600,-6.220379317
4.790039100,-6.228398422
4.790242500,-6.240417517
4.790446000,-6.248436622
4.790649400,-6.252455717
4.790852900,-6.268474822
4.791056300,-6.272493917
4.791259800,-6.280513022
4.791463200,-6.296532117
4.791666700,-6.300551222
4.791870100,-6.308570317
4.792073600,-6.316589422
4.792277000,-6.328608518
4.792480500,-6.336627622
4.792683900,-6.344646718
4.792887400,-6.356665822
4.793090800,-6.364684918
4.793294300,-6.372704022
4.793497700,-6.384723118
4.793701200,-6.392742223
4.793904600,-6.400761318
4.794108100,-6.416780423
4.794311500,-6.420799518
4.794515000,-6.428818623
4.794718400,-6.436837718
4.794921900,-6.452856823
4.795125300,-6.460875918
4.795328800,-6.468895023
4.795532200,-6.480914118
4.795735700,-6.488933223
4.795939100,-6.496952318
4.796142600,-6.512971423
4.796346000,-6.520990518
4.796549500,-6.529009623
4.796752900,-6.537028718
4.796956400,-6.553047823
4.797159800,-6.561066918
4.797363300,-6.569086023
4.797566700,-6.585105119
4.797770200,-6.593124223
4.797973600,-6.601143319
4.798177100,-6.617162423
4.798380500,-6.625181519
4.798584000,-6.633200623
4.798787400,-6.641219719
4.798990900,-6.661238824
4.799194300,-6.669257919
4.799397800,-6.677277024
4.799601200,-6.693296119
4.799804700,-6.701315224
4.800008100,-6.713334319
4.800211600,-6.729353424
4.800415000,-6.737372519
4.800618500,-6.745391624
4.800821900,-6.757410719
4.801025400,-6.773429824
4.801228800,-6.781448919
4.801432300,-6.793468024
4.801635700,-6.809487119
4.801839200,-6.817506224
4.802042600,-6.829525319
4.802246100,-6.845544424
4.802449500,-6.857563520
4.802653000,-6.865582624
4.802856400,-6.873601720
4.803059900,-6.893620824
4.803263300,-6.901639920
4.803466800,-6.913659024
4.803670200,-6.933678120
4.803873700,-6.941697225
4.804077100,-6.949716320
4.804280600,-6.969735425
4.804484000,-6.981754520
4.804687500,-6.989773625
4.804891000,-7.009792729
4.805094400,-7.021811825
4.805297900,-7.029830929
4.805501300,-7.041850025
4.805704800,-7.061869130
4.805908200,-7.069888225
4.806111700,-7.081907330
4.806315100,-7.101926425
4.806518600,-7.109945530
4.806722000,-7.121964625
4.806925500,-7.141983730
4.807128900,-7.150002825
4.807332400,-7.162021930
4.807535800,-7.174041025
4.807739300,-7.194060130
4.807942700,-7.202079225
4.808146200,-7.214098330
4.808349600,-7.234117425
4.808553100,-7.246136530
4.808756500,-7.254155625
4.808960000,-7.278174730
4.809163400,-7.286193826
4.809366900,-7.298212930
4.809570300,-7.310232026
4.809773800,-7.330251130
4.809977200,-7.342270226
4.810180700,-7.350289330
4.810384100,-7.374308426
4.810587600,-7.382327531
4.810791000,-7.394346626
4.810994500,-7.414365731
4.811197900,-7.426384826
4.811401400,-7.438403931
4.811604800,-7.450423026
4.811808300,-7.470442131
4.812011700,-7.482461226
4.812215200,-7.490480331
4.812418600,-7.514499426
4.812622100,-7.526518531
4.812825500,-7.534537626
4.813029000,-7.558556731
4.813232400,-7.566575826
4.813435900,-7.578594931
4.813639300,-7.602614026
4.813842800,-7.610633131
4.814046200,-7.622652226
4.814249700,-7.634671331
4.814453100,-7.654690427
4.814656600,-7.666709531
4.814860000,-7.678728627
4.815063500,-7.698747731
4.815266900,-7.710766827
4.815470400,-7.722785931
4.815673800,-7.742805027
4.815877300,-7.754824132
4.816080700,-7.766843227
4.816284200,-7.778862332
4.816487600,-7.798881427
4.816691100,-7.810900532
4.816894500,-7.818919627
4.817098000,-7.842938732
4.817301400,-7.854957827
4.817504900,-7.862976932
4.817708300,-7.886996027
4.817911800,-7.895015132
4.818115200,-7.907034227
4.818318700,-7.919053332
4.818522100,-7.939072427
4.818725600,-7.951091532
4.818929000,-7.959110627
4.819132500,-7.979129732
4.819335900,-7.991148828
4.819539400,-8.003167932
4.819742800,-8.023187028
4.819946300,-8.031206132
4.820149700,-8.043225228
4.820353200,-8.051244332
4.820556600,-8.071263428
4.820760100,-8.083282532
4.820963500,-8.091301628
4.821167000,-8.111320733
4.821370400,-8.123339828
4.821573900,-8.131358933
4.821777300,-8.151378028
4.821980800,-8.159397133
4.822184200,-8.167416228
4.822387700,-8.187435333
4.822591100,-8.195454428
4.822794600,-8.203473533
4.822998000,-8.211492628
4.823201500,-8.231511733
4.823404900,-8.239530828
4.823608400,-8.247549933
4.823811800,-8.263569028
4.824015300,-8.271588133
4.824218700,-8.279607228
4.824422200,-8.291626333
4.824625700,-8.299645438
4.824829100,-8.307664533
4.825032600,-8.315683638
4.825236000,-8.327702733
4.825439500,-8.335721838
4.825642900,-8.343740933
4.825846400,-8.355760038
4.826049800,-8.359779134
4.826253300,-8.367798238
4.826456700,-8.379817334
4.826660200,-8.383836438
4.826863600,-8.387855534
4.827067100,-8.395874638
4.827270500,-8.403893734
4.827474000,-8.407912839
4.827677400,-8.415931934
4.827880900,-8.423951039
4.828084300,-8.427970134
4.828287800,-8.431989239
4.828491200,-8.440008334
4.828694700,-8.444027439
4.828898100,-8.448046534
4.829101600,-8.448065639
4.829305000,-8.456084734
4.829508500,-8.460103839
4.829711900,-8.460122934
4.829915400,-8.468142039
4.830118800,-8.468161134
4.830322300,-8.472180239
4.830525700,-8.476199334
4.830729200,-8.476218439
4.830932600,-8.480237534
4.831136100,-8.480256639
4.831339500,-8.484275735
4.831543000,-8.484294839
4.831746400,-8.484313935
4.831949900,-8.488333039
4.832153300,-8.488352135
4.832356800,-8.488371239
4.832560200,-8.488390335
4.832763700,-8.488409440
4.832967100,-8.488428535
4.833170600,-8.488447640
4.833374000,-8.488466735
4.833577500,-8.488485840
4.833780900,-8.488504935
4.833984400,-8.488524040
4.834187800,-8.488543135
4.834391300,-8.488562240
4.834594700,-8.488581335
4.834798200,-8.484600440
4.835001600,-8.484619535
4.835205100,-8.484638640
4.835408500,-8.484657735
4.835612000,-8.480676840
4.835815400,-8.480695935
4.836018900,-8.480715040
4.836222300,-8.476734136
4.836425800,-8.476753240
4.836629200,-8.476772336
4.836832700,-8.472791440
4.837036100,-8.472810536
4.837239600,-8.472829640
4.837443000,-8.468848736
4.837646500,-8.468867840
4.837849900,-8.468886936
4.838053400,-8.464906041
4.838256800,-8.464925136
4.838460300,-8.464944241
4.838663700,-8.460963336
4.838867200,-8.460982441
4.839070600,-8.457001536
4.839274100,-8.457020641
4.839477500,-8.457039736
4.839681000,-8.453058841
4.839884400,-8.453077936
4.840087900,-8.453097041
4.840291300,-8.453116136
4.840494800,-8.449135241
4.840698200,-8.449154336
4.840901700,-8.449173441
4.841105100,-8.449192536
4.841308600,-8.445211641
4.841512000,-8.445230737
4.841715500,-8.445249841
4.841918900,-8.445268937
4.842122400,-8.441288041
4.842325800,-8.441307137
4.842529300,-8.441326241
4.842732700,-8.441345337
4.842936200,-8.441364442
4.843139600,-8.441383537
4.843343100,-8.441402642
4.843546500,-8.441421737
4.843750000,-8.441440842
4.843953500,-8.441459946
4.844156900,-8.441479042
4.844360400,-8.441498146
4.844563800,-8.441517242
4.844767300,-8.441536347
4.844970700,-8.441555442
4.845174200,-8.441574547
4.845377600,-8.441593642
4.845581100,-8.441612747
4.845784500,-8.441631842
4.845988000,-8.441650947
4.846191400,-8.441670042
4.846394900,-8.441689147
4.846598300,-8.445708242
4.846801800,-8.445727347
4.847005200,-8.445746442
4.847208700,-8.445765547
4.847412100,-8.449784642
4.847615600,-8.449803747
4.847819000,-8.449822842
4.848022500,-8.453841947
4.848225900,-8.453861043
4.848429400,-8.453880147
4.848632800,-8.453899243
4.848836300,-8.457918347
4.849039700,-8.457937443
4.849243200,-8.457956547
4.849446600,-8.461975643
4.849650100,-8.461994748
4.849853500,-8.466013843
4.850057000,-8.466032948
4.850260400,-8.470052043
4.850463900,-8.470071148
4.850667300,-8.470090243
4.850870800,-8.474109348
4.851074200,-8.474128443
4.851277700,-8.478147548
4.851481100,-8.482166643
4.851684600,-8.482185748
4.851888000,-8.482204843
4.852091500,-8.486223948
4.852294900,-8.490243043
4.852498400,-8.490262148
4.852701800,-8.494281243
4.852905300,-8.494300348
4.853108700,-8.498319444
4.853312200,-8.498338548
4.853515600,-8.502357644
4.853719100,-8.506376748
4.853922500,-8.506395844
4.854126000,-8.510414948
4.854329400,-8.514434044
4.854532900,-8.514453148
4.854736300,-8.518472244
4.854939800,-8.522491349
4.855143200,-8.522510444
4.855346700,-8.526529549
4.855550100,-8.530548644
4.855753600,-8.530567749
4.855957000,-8.534586844
4.856160500,-8.538605949
4.856363900,-8.538625044
4.856567400,-8.542644149
4.856770800,-8.546663244
4.856974300,-8.550682349
4.857177700,-8.550701444
4.857381200,-8.554720549
4.857584600,-8.558739644
4.857788100,-8.558758749
4.857991500,-8.562777844
4.858195000,-8.566796949
4.858398400,-8.570816045
4.858601900,-8.570835149
4.858805300,-8.574854245
4.859008800,-8.578873349
4.859212200,-8.578892445
4.859415700,-8.582911549
4.859619100,-8.586930645
4.859822600,-8.590949750
4.860026000,-8.590968845
4.860229500,-8.594987950
4.860432900,-8.599007045
4.860636400,-8.603026150
4.860839800,-8.607045245
4.861043300,-8.607064350
4.861246700,-8.611083445
4.861450200,-8.615102550
4.861653600,-8.619121645
4.861857100,-8.619140750
4.862060500,-8.623159845
4.862264000,-8.627178950
4.862467400,-8.627198045
4.862670900,-8.631217150
4.862874300,-8.635236245
4.863077800,-8.639255350
4.863281200,-8.639274446
4.863484700,-8.643293550
4.863688200,-8.647312655
4.863891600,-8.651331750
4.864095100,-8.651350855
4.864298500,-8.655369950
4.864502000,-8.659389055
4.864705400,-8.659408150
4.864908900,-8.667427255
4.865112300,-8.667446351
4.865315800,-8.671465455
4.865519200,-8.675484551
4.865722700,-8.675503655
4.865926100,-8.679522751
4.866129600,-8.683541855
4.866333000,-8.687560951
4.866536500,-8.687580056
4.866739900,-8.691599151
4.866943400,-8.695618256
4.867146800,-8.695637351
4.867350300,-8.699656456
4.867553700,-8.703675551
4.867757200,-8.707694656
4.867960600,-8.707713751
4.868164100,-8.711732856
4.868367500,-8.715751951
4.868571000,-8.715771056
4.868774400,-8.719790151
4.868977900,-8.723809256
4.869181300,-8.723828351
4.869384800,-8.727847456
4.869588200,-8.731866551
4.869791700,-8.735885656
4.869995100,-8.735904752
4.870198600,-8.739923856
4.870402000,-8.743942952
4.870605500,-8.743962056
4.870808900,-8.747981152
4.871012400,-8.752000256
4.871215800,-8.752019352
4.871419300,-8.756038456
4.871622700,-8.760057552
4.871826200,-8.760076657
4.872029600,-8.764095752
4.872233100,-8.768114857
4.872436500,-8.768133952
4.872640000,-8.772153057
4.872843400,-8.772172152
4.873046900,-8.776191257
4.873250300,-8.776210352
4.873453800,-8.780229457
4.873657200,-8.784248552
4.873860700,-8.784267657
4.874064100,-8.788286752
4.874267600,-8.792305857
4.874471000,-8.792324952
4.874674500,-8.792344057
4.874877900,-8.796363152
4.875081400,-8.800382257
4.875284800,-8.800401353
4.875488300,-8.800420457
4.875691700,-8.804439553
4.875895200,-8.808458657
4.876098600,-8.808477753
4.876302100,-8.812496857
4.876505500,-8.812515953
4.876709000,-8.816535058
4.876912400,-8.816554153
4.877115900,-8.820573258
4.877319300,-8.820592353
4.877522800,-8.820611458
4.877726200,-8.824630553
4.877929700,-8.828649658
4.878133100,-8.828668753
4.878336600,-8.832687858
4.878540000,-8.832706953
4.878743500,-8.832726058
4.878946900,-8.836745153
4.879150400,-8.836764258
4.879353800,-8.840783353
4.879557300,-8.840802458
4.879760700,-8.844821553
4.879964200,-8.844840658
4.880167600,-8.844859753
4.880371100,-8.848878858
4.880574500,-8.848897954
4.880778000,-8.848917058
4.880981400,-8.852936154
4.881184900,-8.852955258
4.881388300,-8.852974354
4.881591800,-8.856993458
4.881795200,-8.857012554
4.881998700,-8.861031659
4.882202100,-8.861050754
4.882405600,-8.861069859
4.882609000,-8.865088954
4.882812500,-8.865108059
4.883016000,-8.865127163
4.883219400,-8.869146259
4.883422900,-8.869165364
4.883626300,-8.869184459
4.883829800,-8.873203564
4.884033200,-8.873222659
4.884236700,-8.873241764
4.884440100,-8.877260859
4.884643600,-8.877279964
4.884847000,-8.877299059
4.885050500,-8.881318164
4.885253900,-8.881337259
4.885457400,-8.881356364
4.885660800,-8.881375459
4.885864300,-8.885394564
4.886067700,-8.885413659
4.886271200,-8.885432764
4.886474600,-8.889451859
4.886678100,-8.889470964
4.886881500,-8.889490060
4.887085000,-8.889509164
4.887288400,-8.893528260
4.887491900,-8.893547364
4.887695300,-8.893566460
4.887898800,-8.893585564
4.888102200,-8.897604660
4.888305700,-8.897623764
4.888509100,-8.897642860
4.888712600,-8.897661965
4.888916000,-8.901681060
4.889119500,-8.901700165
4.889322900,-8.901719260
4.889526400,-8.901738365
4.889729800,-8.905757460
4.889933300,-8.905776565
4.890136700,-8.905795660
4.890340200,-8.905814765
4.890543600,-8.905833860
4.890747100,-8.905852965
4.890950500,-8.909872060
4.891154000,-8.909891165
4.891357400,-8.909910260
4.891560900,-8.909929365
4.891764300,-8.909948460
4.891967800,-8.909967565
4.892171200,-8.913986661
4.892374700,-8.914005765
4.892578100,-8.914024861
4.892781600,-8.914043965
4.892985000,-8.914063061
4.893188500,-8.914082165
4.893391900,-8.918101261
4.893595400,-8.918120366
4.893798800,-8.918139461
4.894002300,-8.918158566
4.894205700,-8.918177661
4.894409200,-8.918196766
4.894612600,-8.918215861
4.894816100,-8.922234966
4.895019500,-8.922254061
4.895223000,-8.922273166
4.895426400,-8.922292261
4.895629900,-8.922311366
4.895833300,-8.922330461
4.896036800,-8.922349566
4.896240200,-8.922368661
4.896443700,-8.926387766
4.896647100,-8.926406861
4.896850600,-8.926425966
4.897054000,-8.926445061
4.897257500,-8.926464166
4.897460900,-8.926483262
4.897664400,-8.930502366
4.897867800,-8.930521462
4.898071300,-8.930540566
4.898274700,-8.930559662
4.898478200,-8.930578766
4.898681600,-8.934597862
4.898885100,-8.934616967
4.899088500,-8.934636062
4.899292000,-8.934655167
4.899495400,-8.934674262
4.899698900,-8.934693367
4.899902300,-8.938712462
4.900105800,-8.938731567
4.900309200,-8.938750662
4.900512700,-8.942769767
4.900716100,-8.942788862
4.900919600,-8.942807967
4.901123000,-8.942827062
4.901326500,-8.942846167
4.901529900,-8.946865262
4.901733400,-8.946884367
4.901936800,-8.946903462
4.902140300,-8.950922567
4.902343700,-8.950941663
4.902547200,-8.950960767
4.902750700,-8.950979872
4.902954100,-8.954998967
4.903157600,-8.955018072
4.903361000,-8.955037167
4.903564500,-8.959056272
4.903767900,-8.959075367
4.903971400,-8.959094472
4.904174800,-8.963113568
4.904378300,-8.963132672
4.904581700,-8.963151768
4.904785200,-8.967170872
4.904988600,-8.967189968
4.905192100,-8.967209072
4.905395500,-8.971228168
4.905599000,-8.971247273
4.905802400,-8.971266368
4.906005900,-8.975285473
4.906209300,-8.975304568
4.906412800,-8.975323673
4.906616200,-8.979342768
4.906819700,-8.979361873
4.907023100,-8.979380968
4.907226600,-8.983400073
4.907430000,-8.983419168
4.907633500,-8.983438273
4.907836900,-8.987457368
4.908040400,-8.987476473
4.908243800,-8.991495568
4.908447300,-8.991514673
4.908650700,-8.991533768
4.908854200,-8.995552873
4.909057600,-8.995571969
4.909261100,-8.995591073
4.909464500,-8.999610169
4.909668000,-8.999629273
4.909871400,-8.999648369
4.910074900,-9.003667473
4.910278300,-9.003686569
4.910481800,-9.003705674
4.910685200,-9.007724769
4.910888700,-9.007743874
4.911092100,-9.007762969
4.911295600,-9.011782074
4.911499000,-9.011801169
4.911702500,-9.011820274
4.911905900,-9.015839369
4.912109400,-9.015858474
4.912312800,-9.015877569
4.912516300,-9.019896674
4.912719700,-9.019915769
4.912923200,-9.019934874
4.913126600,-9.023953969
4.913330100,-9.023973074
4.913533500,-9.023992169
4.913737000,-9.028011274
4.913940400,-9.028030369
4.914143900,-9.028049474
4.914347300,-9.032068570
4.914550800,-9.032087674
4.914754200,-9.032106770
4.914957700,-9.036125874
4.915161100,-9.036144970
4.915364600,-9.036164074
4.915568000,-9.040183170
4.915771500,-9.040202275
4.915974900,-9.040221370
4.916178400,-9.044240475
4.916381800,-9.044259570
4.916585300,-9.044278675
4.916788700,-9.048297770
4.916992200,-9.048316875
4.917195600,-9.048335970
4.917399100,-9.052355075
4.917602500,-9.052374170
4.917806000,-9.052393275
4.918009400,-9.056412370
4.918212900,-9.056431475
4.918416300,-9.056450570
4.918619800,-9.060469675
4.918823200,-9.060488770
4.919026700,-9.060507875
4.919230100,-9.064526971
4.919433600,-9.064546075
4.919637000,-9.064565171
4.919840500,-9.068584275
4.920043900,-9.068603371
4.920247400,-9.072622475
4.920450800,-9.072641571
4.920654300,-9.072660675
4.920857700,-9.076679771
4.921061200,-9.076698876
4.921264600,-9.076717971
4.921468100,-9.080737076
4.921671500,-9.080756171
4.921875000,-9.080775276
4.922078500,-9.084794380
4.922281900,-9.084813476
4.922485400,-9.084832581
4.922688800,-9.088851676
4.922892300,-9.088870781
4.923095700,-9.092889876
4.923299200,-9.092908981
4.923502600,-9.092928076
4.923706100,-9.096947181
4.923909500,-9.096966276
4.924113000,-9.100985381
4.924316400,-9.101004476
4.924519900,-9.101023581
4.924723300,-9.101042676
4.924926800,-9.105061781
4.925130200,-9.105080876
4.925333700,-9.109099981
4.925537100,-9.109119076
4.925740600,-9.109138181
4.925944000,-9.113157277
4.926147500,-9.113176381
4.926350900,-9.117195477
4.926554400,-9.117214581
4.926757800,-9.117233677
4.926961300,-9.121252781
4.927164700,-9.121271877
4.927368200,-9.121290981
4.927571600,-9.125310077
4.927775100,-9.125329182
4.927978500,-9.129348277
4.928182000,-9.129367382
4.928385400,-9.129386477
4.928588900,-9.133405582
4.928792300,-9.133424677
4.928995800,-9.137443782
4.929199200,-9.137462877
4.929402700,-9.137481982
4.929606100,-9.141501077
4.929809600,-9.141520182
4.930013000,-9.141539277
4.930216500,-9.145558382
4.930419900,-9.145577477
4.930623400,-9.145596582
4.930826800,-9.149615677
4.931030300,-9.149634782
4.931233700,-9.153653878
4.931437200,-9.153672982
4.931640600,-9.153692078
4.931844100,-9.157711182
4.932047500,-9.157730278
4.932251000,-9.161749382
4.932454400,-9.161768478
4.932657900,-9.161787583
4.932861300,-9.165806678
4.933064800,-9.165825783
4.933268200,-9.169844878
4.933471700,-9.169863983
4.933675100,-9.173883078
4.933878600,-9.173902183
4.934082000,-9.173921278
4.934285500,-9.177940383
4.934488900,-9.177959478
4.934692400,-9.181978583
4.934895800,-9.181997678
4.935099300,-9.186016783
4.935302700,-9.186035878
4.935506200,-9.186054983
4.935709600,-9.190074078
4.935913100,-9.190093183
4.936116500,-9.194112279
4.936320000,-9.198131383
4.936523400,-9.198150479
4.936726900,-9.198169583
4.936930300,-9.202188679
4.937133800,-9.202207783
4.937337200,-9.206226879
4.937540700,-9.210245983
4.937744100,-9.210265079
4.937947600,-9.214284184
4.938151000,-9.214303279
4.938354500,-9.218322384
4.938557900,-9.218341479
4.938761400,-9.222360584
4.938964800,-9.226379679
4.939168300,-9.226398784
4.939371700,-9.230417879
4.939575200,-9.230436984
4.939778600,-9.234456079
4.939982100,-9.234475184
4.940185500,-9.238494279
4.940389000,-9.242513384
4.940592400,-9.242532479
4.940795900,-9.246551584
4.940999300,-9.250570679
4.941202800,-9.250589784
4.941406200,-9.254608880
4.941609700,-9.258627984
4.941813200,-9.258647089
4.942016600,-9.262666184
4.942220100,-9.262685289
4.942423500,-9.266704384
4.942627000,-9.270723489
4.942830400,-9.270742585
4.943033900,-9.278761689
4.943237300,-9.278780785
4.943440800,-9.282799889
4.943644200,-9.286818985
4.943847700,-9.286838089
4.944051100,-9.290857185
4.944254600,-9.290876289
4.944458000,-9.294895385
4.944661500,-9.298914490
4.944864900,-9.298933585
4.945068400,-9.302952690
4.945271800,-9.306971785
4.945475300,-9.306990890
4.945678700,-9.311009985
4.945882200,-9.315029090
4.946085600,-9.319048185
4.946289100,-9.323067290
4.946492500,-9.323086385
4.946696000,-9.327105490
4.946899400,-9.327124585
4.947102900,-9.331143690
4.947306300,-9.335162785
4.947509800,-9.335181890
4.947713200,-9.339200985
4.947916700,-9.343220090
4.948120100,-9.343239186
4.948323600,-9.351258290
4.948527000,-9.351277386
4.948730500,-9.355296490
4.948933900,-9.355315586
4.949137400,-9.359334690
4.949340800,-9.363353786
4.949544300,-9.363372891
4.949747700,-9.367391986
4.949951200,-9.371411091
4.950154600,-9.375430186
4.950358100,-9.379449291
4.950561500,-9.379468386
4.950765000,-9.383487491
4.950968400,-9.383506586
4.951171900,-9.387525691
4.951375300,-9.391544786
4.951578800,-9.395563891
4.951782200,-9.399582986
4.951985700,-9.399602091
4.952189100,-9.403621186
4.952392600,-9.407640291
4.952596000,-9.411659386
4.952799500,-9.411678491
4.953002900,-9.415697587
4.953206400,-9.419716691
4.953409800,-9.423735787
4.953613300,-9.423754891
4.953816700,-9.427773987
4.954020200,-9.431793091
4.954223600,-9.435812187
4.954427100,-9.439831291
4.954630500,-9.443850387
4.954834000,-9.443869492
4.955037400,-9.447888587
4.955240900,-9.451907692
4.955444300,-9.455926787
4.955647800,-9.459945892
4.955851200,-9.463964987
4.956054700,-9.467984092
4.956258100,-9.468003187
4.956461600,-9.476022292
4.956665000,-9.476041387
4.956868500,-9.480060492
4.957071900,-9.488079587
4.957275400,-9.488098692
4.957478800,-9.492117787
4.957682300,-9.496136892
4.957885700,-9.500155987
4.958089200,-9.504175092
4.958292600,-9.508194188
4.958496100,-9.512213292
4.958699500,-9.516232388
4.958903000,-9.520251492
4.959106400,-9.528270588
4.959309900,-9.528289692
4.959513300,-9.532308788
4.959716800,-9.536327893
4.959920200,-9.544346988
4.960123700,-9.544366093
4.960327100,-9.548385188
4.960530600,-9.556404293
4.960734000,-9.560423388
4.960937500,-9.564442493
4.961141000,-9.568461597
4.961344400,-9.572480693
4.961547900,-9.576499798
4.961751300,-9.580518893
4.961954800,-9.588537998
4.962158200,-9.592557093
4.962361700,-9.592576198
4.962565100,-9.600595293
4.962768600,-9.604614398
4.962972000,-9.608633493
4.963175500,-9.616652598
4.963378900,-9.620671693
4.963582400,-9.624690798
4.963785800,-9.624709893
4.963989300,-9.632728998
4.964192700,-9.636748093
4.964396200,-9.640767198
4.964599600,-9.648786293
4.964803100,-9.652805398
4.965006500,-9.656824494
4.965210000,-9.664843598
4.965413400,-9.664862694
4.965616900,-9.668881798
4.965820300,-9.676900894
4.966023800,-9.680919998
4.966227200,-9.684939094
4.966430700,-9.688958199
4.966634100,-9.696977294
4.966837600,-9.700996399
4.967041000,-9.705015494
4.967244500,-9.713034599
4.967447900,-9.713053694
4.967651400,-9.717072799
4.967854800,-9.725091894
4.968058300,-9.729110999
4.968261700,-9.733130094
4.968465200,-9.737149199
4.968668600,-9.745168294
4.968872100,-9.749187399
4.969075500,-9.753206494
4.969279000,-9.761225599
4.969482400,-9.765244694
4.969685900,-9.765263799
4.969889300,-9.773282895
4.970092800,-9.777301999
4.970296200,-9.781321095
4.970499700,-9.785340199
4.970703100,-9.793359295
4.970906600,-9.797378399
4.971110000,-9.801397495
4.971313500,-9.809416599
4.971516900,-9.813435695
4.971720400,-9.817454800
4.971923800,-9.821473895
4.972127300,-9.825493000
4.972330700,-9.829512095
4.972534200,-9.833531200
4.972737600,-9.841550295
4.972941100,-9.845569400
4.973144500,-9.849588495
4.973348000,-9.857607600
4.973551400,-9.861626695
4.973754900,-9.865645800
4.973958300,-9.873664895
4.974161800,-9.877684000
4.974365200,-9.881703095
4.974568700,-9.885722200
4.974772100,-9.893741295
4.974975600,-9.897760400
4.975179000,-9.901779496
4.975382500,-9.909798600
4.975585900,-9.913817696
4.975789400,-9.917836800
4.975992800,-9.925855896
4.976196300,-9.929875000
4.976399700,-9.933894096
4.976603200,-9.941913201
4.976806600,-9.945932296
4.977010100,-9.949951401
4.977213500,-9.953970496
4.977417000,-9.961989601
4.977620400,-9.966008696
4.977823900,-9.970027801
4.978027300,-9.978046896
4.978230800,-9.982066001
4.978434200,-9.986085096
4.978637700,-9.998104201
4.978841100,-10.002123296
4.979044600,-10.006142401
4.979248000,-10.010161496
4.979451500,-10.018180601
4.979654900,-10.022199696
4.979858400,-10.026218801
4.980061800,-10.038237896
4.980265300,-10.042257001
4.980468700,-10.046276097
4.980672200,-10.054295201
4.980875700,-10.058314306
4.981079100,-10.062333401
4.981282600,-10.070352506
4.981486000,-10.078371601
4.981689500,-10.082390706
4.981892900,-10.086409802
4.982096400,-10.094428906
4.982299800,-10.102448002
4.982503300,-10.106467106
4.982706700,-10.114486202
4.982910200,-10.118505306
4.983113600,-10.126524402
4.983317100,-10.130543507
4.983520500,-10.138562602
4.983724000,-10.142581707
4.983927400,-10.146600802
4.984130900,-10.158619907
4.984334300,-10.162639002
4.984537800,-10.166658107
4.984741200,-10.174677202
4.984944700,-10.182696307
4.985148100,-10.186715402
4.985351600,-10.194734507
4.985555000,-10.198753602
4.985758500,-10.206772707
4.985961900,-10.210791802
4.986165400,-10.218810907
4.986368800,-10.222830002
4.986572300,-10.226849107
4.986775700,-10.238868202
4.986979200,-10.242887307
4.987182600,-10.246906403
4.987386100,-10.254925507
4.987589500,-10.262944603
4.987793000,-10.266963707
4.987996400,-10.270982803
4.988199900,-10.279001907
4.988403300,-10.283021003
4.988606800,-10.291040108
4.988810200,-10.299059203
4.989013700,-10.303078308
4.989217100,-10.307097403
4.989420600,-10.319116508
4.989624000,-10.323135603
4.989827500,-10.327154708
4.990030900,-10.331173803
4.990234400,-10.339192908
4.990437800,-10.343212003
4.990641300,-10.347231108
4.990844700,-10.359250203
4.991048200,-10.363269308
4.991251600,-10.367288403
4.991455100,-10.375307508
4.991658500,-10.379326603
4.991862000,-10.383345708
4.992065400,-10.387364804
4.992268900,-10.399383908
4.992472300,-10.403403004
4.992675800,-10.407422108
4.992879200,-10.415441204
4.993082700,-10.419460308
4.993286100,-10.423479404
4.993489600,-10.431498509
4.993693000,-10.435517604
4.993896500,-10.439536709
4.994099900,-10.447555804
4.994303400,-10.451574909
4.994506800,-10.455594004
4.994710300,-10.459613109
4.994913700,-10.467632204
4.995117200,-10.471651309
4.995320600,-10.475670404
4.995524100,-10.483689509
4.995727500,-10.487708604
4.995931000,-10.491727709
4.996134400,-10.499746804
4.996337900,-10.503765909
4.996541300,-10.507785004
4.996744800,-10.511804109
4.996948200,-10.519823204
4.997151700,-10.523842309
4.997355100,-10.527861405
4.997558600,-10.535880509
4.997762000,-10.539899605
4.997965500,-10.543918709
4.998168900,-10.551937805
4.998372400,-10.555956909
4.998575800,-10.559976005
4.998779300,-10.563995110
4.998982700,-10.568014205
4.999186200,-10.572033310
4.999389600,-10.576052405
4.999593100,-10.584071510
4.999796500,-10.588090605
5.000000000,-10.592109710
