group,specimen,Ra,Rq,Rz_ISO,RSm,Rpk,Rk,Rvk,Mr1,Mr2
GrupoII,EspeV,3.217386042506556,6.811274626733558,17.7408,204.69513865751986,3.9341296656623683,0.46299457402159006,4.7001821190994795,31.70775985801024,66.84064166286933
GrupoII,EspeIV,3.857908641008296,6.752470358081396,17.1984,121.12739926506553,4.9584852662898715,0.9010910057000254,4.525554692531517,29.206076325018536,62.554622758918015
GrupoII,EspeII,4.024855627158472,7.25896379861681,18.008,59.646467140693034,4.452568370266334,0.3501453419172629,6.358580108149694,40.12274770611446,69.65538437733612
GrupoII,EspeI,4.4645457329013425,8.194501122789879,19.4448,125.59800736556814,5.515491556159482,0.2794940558984496,7.539345081435405,39.67319432145176,72.61442309726395
GrupoII,EspeIII,4.979927510948125,8.818341334258525,23.024800000000003,102.90248948703041,6.056370915290933,0.764575563214279,7.428210093660951,35.7753638234967,69.76077965630867
