group,specimen,Ra,Rq,Rz_ISO,RSm,Rpk,Rk,Rvk,Mr1,Mr2
GrupoIII,EspeIV,3.263287357140314,6.662503417384705,16.568,109.46883479156546,4.006296904380646,1.0613273784549722,2.9983529668977944,27.995738673981993,58.09732610050675
GrupoIII,EspeV,4.01704432655677,7.338723272175324,19.7,216.45406966017927,4.653620348268446,1.9724030836127704,3.5965908218350227,25.450106417713517,60.51419803240836
GrupoIII,EspeI,5.46574728522092,9.421679059930225,22.904000000000003,60.32429088934224,5.863341406424402,0.5693399111070482,9.519217400404328,41.140686936870715,72.81958381708421
GrupoIII,EspeIII,6.136851312502945,10.565122258928426,25.005599999999998,337.74157413348706,9.859726231922895,1.9181881985123708,5.110211866302777,22.728758332347667,54.9115609038817
GrupoIII,EspeII,6.824892370135649,10.59369651315328,29.3224,335.50515659676483,7.594153723003513,1.5419480392123133,7.287980198727531,31.751962032736472,59.39380141820638
