group,Ra,Rq,Rz_ISO,RSm,Rpk,Rk,Rvk,Mr1,Mr2
GrupoI,3.438246,6.333902,15.766880,63.891784,4.626319,0.260734,5.384258,35.229205,69.179705
GrupoII,4.108925,7.567110,19.083360,122.793900,4.983409,0.551660,6.110374,35.297028,68.285170
GrupoIII,5.141565,8.916345,22.700000,211.898785,6.395428,1.412641,5.702471,29.813450,61.147294
GrupoIV,2.261864,4.573387,13.253120,203.092275,3.392753,1.166229,2.244132,25.898001,63.965963
