group,specimen,Ra,Rq,Rz_ISO,RSm,Rpk,Rk,Rvk,Mr1,Mr2
GrupoI,EspeI,3.0656500160216473,5.903049093621182,14.9112,39.462749453570666,3.928249009750945,0.25786495673701765,4.791355438697951,36.42677534372548,69.90774892196465
GrupoI,EspeIII,3.0721738882757146,5.7983550527141245,13.7208,18.060835194630542,3.9432688610708846,0.12952254303353175,4.8748048642833846,37.69435288468318,69.53007401178701
GrupoI,EspeII,3.1648674475736103,5.563011922678884,13.860000000000003,130.36873523931595,4.327969338523873,0.4747916713034677,4.530910234389958,31.85856232525434,67.87543164742861
GrupoI,EspeIV,3.894508776302204,7.488308839900486,18.836800000000004,74.63190944842691,6.200602867635029,0.1580357508060723,5.276651651523401,30.010872858444465,63.9584230176039
GrupoI,EspeV,3.9940289592013527,6.916786758739937,17.5056,56.93469106694634,4.731506724159088,0.2834560409884142,7.447569357543485,40.15546360285743,74.62684978374482
