x (mm),altura (µm)
0.000000000,-0.920486910
0.000347900,-0.917250914
0.000695800,-0.902014918
0.001043700,-0.894778922
0.001391600,-0.891542926
0.001739500,-0.876306930
0.002087400,-0.869070934
0.002435300,-0.865834939
0.002783200,-0.858598943
0.003131100,-0.847362947
0.003479000,-0.840126951
0.003826900,-0.836890955
0.004174800,-0.821654959
0.004522700,-0.814418963
0.004870600,-0.811182967
0.005218500,-0.795946971
0.005566400,-0.792710975
0.005914300,-0.785474980
0.006262200,-0.782238984
0.006610100,-0.767002988
0.006958000,-0.759766992
0.007305900,-0.756530996
0.007653800,-0.741295000
0.008001700,-0.738059004
0.008349600,-0.730823008
0.008697500,-0.719587012
0.009045400,-0.712351016
0.009393300,-0.709115020
0.009741200,-0.705879025
0.010089100,-0.690643029
0.010437000,-0.687407033
0.010784900,-0.680171037
0.011132800,-0.668935041
0.011480700,-0.661699045
0.011828600,-0.658463049
0.012176500,-0.643227053
0.012524400,-0.639991057
0.012872300,-0.636755061
0.013220200,-0.621519066
0.013568000,-0.618281700
0.013915900,-0.611045704
0.014263800,-0.607809708
0.014611700,-0.596573713
0.014959600,-0.589337717
0.015307500,-0.586101721
0.015655400,-0.570865725
0.016003300,-0.567629729
0.016351200,-0.564393733
0.016699100,-0.549157737
0.017047000,-0.545921741
0.017394900,-0.542685745
0.017742800,-0.539449749
0.018090700,-0.524213753
0.018438600,-0.520977758
0.018786500,-0.517741762
0.019134400,-0.502505766
0.019482300,-0.499269770
0.019830200,-0.496033774
0.020178100,-0.484797778
0.020526000,-0.481561782
0.020873900,-0.474325786
0.021221800,-0.471089790
0.021569700,-0.459853794
0.021917600,-0.456617799
0.022265500,-0.453381803
0.022613400,-0.438145807
0.022961300,-0.434909811
0.023309200,-0.431673815
0.023657100,-0.420437819
0.024005000,-0.417201823
0.024352900,-0.413965827
0.024700800,-0.406729831
0.025048700,-0.395493835
0.025396600,-0.392257839
0.025744500,-0.389021844
0.026092400,-0.377785848
0.026440300,-0.374549852
0.026788200,-0.371313856
0.027136100,-0.360077860
0.027484000,-0.356841864
0.027831900,-0.353605868
0.028179800,-0.342369872
0.028527700,-0.335133876
0.028875600,-0.331897880
0.029223500,-0.328661885
0.029571400,-0.317425889
0.029919300,-0.314189893
0.030267200,-0.310953897
0.030615100,-0.303717901
0.030963000,-0.300481905
0.031310900,-0.297245909
0.031658800,-0.286009913
0.032006700,-0.282773917
0.032354600,-0.279537921
0.032702500,-0.276301925
0.033050400,-0.265065930
0.033398300,-0.261829934
0.033746200,-0.258593938
0.034094100,-0.247357942
0.034442000,-0.248121946
0.034789900,-0.244885950
0.035137800,-0.233649954
0.035485700,-0.230413958
0.035833600,-0.227177962
0.036181500,-0.223941966
0.036529400,-0.216705971
0.036877300,-0.213469975
0.037225200,-0.210233979
0.037573100,-0.198997983
0.037921000,-0.199761987
0.038268900,-0.196525991
0.038616800,-0.185289995
0.038964700,-0.182053999
0.039312600,-0.182818003
0.039660500,-0.179582007
0.040008300,-0.168344642
0.040356200,-0.169108646
0.040704100,-0.165872650
0.041052000,-0.154636654
0.041399900,-0.155400658
0.041747800,-0.152164663
0.042095700,-0.144928667
0.042443600,-0.141692671
0.042791500,-0.138456675
0.043139400,-0.131220679
0.043487300,-0.127984683
0.043835200,-0.124748687
0.044183100,-0.125512691
0.044531000,-0.114276695
0.044878900,-0.115040699
0.045226800,-0.111804704
0.045574700,-0.104568708
0.045922600,-0.101332712
0.046270500,-0.102096716
0.046618400,-0.090860720
0.046966300,-0.091624724
0.047314200,-0.088388728
0.047662100,-0.089152732
0.048010000,-0.077916736
0.048357900,-0.078680740
0.048705800,-0.075444744
0.049053700,-0.068208749
0.049401600,-0.064972753
0.049749500,-0.065736757
0.050097400,-0.058500761
0.050445300,-0.055264765
0.050793200,-0.056028769
0.051141100,-0.052792773
0.051489000,-0.045556777
0.051836900,-0.042320781
0.052184800,-0.043084785
0.052532700,-0.035848790
0.052880600,-0.032612794
0.053228500,-0.033376798
0.053576400,-0.022140802
0.053924300,-0.022904806
0.054272200,-0.019668810
0.054620100,-0.020432814
0.054968000,-0.013196818
0.055315900,-0.009960822
0.055663800,-0.010724826
0.056011700,-0.003488830
0.056359600,-0.000252835
0.056707500,-0.001016839
0.057055400,0.006219157
0.057403300,0.009455153
0.057751200,0.008691149
0.058099100,0.011927145
0.058447000,0.019163141
0.058794900,0.018399137
0.059142800,0.021635133
0.059490700,0.028871129
0.059838600,0.028107124
0.060186500,0.031343120
0.060534400,0.038579116
0.060882300,0.037815112
0.061230200,0.041051108
0.061578100,0.048287104
0.061926000,0.047523100
0.062273900,0.050759096
0.062621800,0.049995092
0.062969700,0.057231088
0.063317600,0.060467084
0.063665500,0.059703079
0.064013400,0.066939075
0.064361300,0.066175071
0.064709200,0.069411067
0.065057100,0.076647063
0.065405000,0.075883059
0.065752900,0.079119055
0.066100800,0.078355051
0.066448700,0.085591047
0.066796500,0.088828412
0.067144400,0.088064408
0.067492300,0.095300404
0.067840200,0.094536400
0.068188100,0.097772396
0.068536000,0.105008391
0.068883900,0.104244387
0.069231800,0.103480383
0.069579700,0.106716379
0.069927600,0.113952375
0.070275500,0.113188371
0.070623400,0.112424367
0.070971300,0.119660363
0.071319200,0.122896359
0.071667100,0.122132355
0.072015000,0.129368351
0.072362900,0.128604346
0.072710800,0.131840342
0.073058700,0.131076338
0.073406600,0.138312334
0.073754500,0.137548330
0.074102400,0.136784326
0.074450300,0.144020322
0.074798200,0.143256318
0.075146100,0.146492314
0.075494000,0.149728310
0.075841900,0.148964305
0.076189800,0.152200301
0.076537700,0.155436297
0.076885600,0.158672293
0.077233500,0.157908289
0.077581400,0.157144285
0.077929300,0.164380281
0.078277200,0.163616277
0.078625100,0.162852273
0.078973000,0.170088269
0.079320900,0.169324265
0.079668800,0.168560260
0.080016700,0.175796256
0.080364600,0.175032252
0.080712500,0.174268248
0.081060400,0.173504244
0.081408300,0.180740240
0.081756200,0.179976236
0.082104100,0.179212232
0.082452000,0.186448228
0.082799900,0.185684224
0.083147800,0.184920219
0.083495700,0.188156215
0.083843600,0.191392211
0.084191500,0.190628207
0.084539400,0.189864203
0.084887300,0.193100199
0.085235200,0.192336195
0.085583100,0.195572191
0.085931000,0.198808187
0.086278900,0.198044183
0.086626800,0.197280179
0.086974700,0.204516174
0.087322600,0.203752170
0.087670500,0.202988166
0.088018400,0.202224162
0.088366300,0.205460158
0.088714200,0.208696154
0.089062100,0.207932150
0.089410000,0.211168146
0.089757900,0.210404142
0.090105800,0.209640138
0.090453700,0.216876133
0.090801600,0.216112129
0.091149500,0.215348125
0.091497400,0.214584121
0.091845300,0.221820117
0.092193200,0.221056113
0.092541100,0.220292109
0.092889000,0.223528105
0.093236800,0.222765470
0.093584700,0.226001466
0.093932600,0.229237462
0.094280500,0.228473458
0.094628400,0.227709454
0.094976300,0.234945450
0.095324200,0.234181446
0.095672100,0.233417441
0.096020000,0.232653437
0.096367900,0.235889433
0.096715800,0.239125429
0.097063700,0.238361425
0.097411600,0.241597421
0.097759500,0.240833417
0.098107400,0.240069413
0.098455300,0.247305409
0.098803200,0.246541405
0.099151100,0.245777400
0.099499000,0.245013396
0.099846900,0.252249392
0.100194800,0.251485388
0.100542700,0.250721384
0.100890600,0.253957380
0.101238500,0.257193376
0.101586400,0.256429372
0.101934300,0.259665368
0.102282200,0.258901364
0.102630100,0.258137360
0.102978000,0.257373355
0.103325900,0.264609351
0.103673800,0.263845347
0.104021700,0.263081343
0.104369600,0.266317339
0.104717500,0.269553335
0.105065400,0.268789331
0.105413300,0.272025327
0.105761200,0.271261323
0.106109100,0.270497319
0.106457000,0.269733314
0.106804900,0.276969310
0.107152800,0.276205306
0.107500700,0.275441302
0.107848600,0.278677298
0.108196500,0.277913294
0.108544400,0.277149290
0.108892300,0.284385286
0.109240200,0.283621282
0.109588100,0.282857278
0.109936000,0.286093274
0.110283900,0.285329269
0.110631800,0.284565265
0.110979700,0.283801261
0.111327600,0.291037257
0.111675500,0.290273253
0.112023400,0.289509249
0.112371300,0.292745245
0.112719200,0.291981241
0.113067100,0.291217237
0.113415000,0.294453233
0.113762900,0.297689228
0.114110800,0.296925224
0.114458700,0.296161220
0.114806600,0.299397216
0.115154500,0.298633212
0.115502400,0.297869208
0.115850300,0.301105204
0.116198200,0.300341200
0.116546100,0.299577196
0.116894000,0.306813192
0.117241900,0.306049188
0.117589800,0.305285183
0.117937700,0.304521179
0.118285600,0.307757175
0.118633500,0.306993171
0.118981400,0.306229167
0.119329300,0.309465163
0.119677200,0.308701159
0.120025000,0.311938524
0.120372900,0.315174520
0.120720800,0.314410516
0.121068700,0.313646512
0.121416600,0.312882508
0.121764500,0.316118504
0.122112400,0.315354500
0.122460300,0.314590495
0.122808200,0.317826491
0.123156100,0.321062487
0.123504000,0.320298483
0.123851900,0.323534479
0.124199800,0.322770475
0.124547700,0.322006471
0.124895600,0.325242467
0.125243500,0.324478463
0.125591400,0.323714459
0.125939300,0.322950455
0.126287200,0.330186450
0.126635100,0.329422446
0.126983000,0.328658442
0.127330900,0.331894438
0.127678800,0.331130434
0.128026700,0.330366430
0.128374600,0.333602426
0.128722500,0.332838422
0.129070400,0.336074418
0.129418300,0.335310414
0.129766200,0.338546409
0.130114100,0.337782405
0.130462000,0.337018401
0.130809900,0.340254397
0.131157800,0.339490393
0.131505700,0.338726389
0.131853600,0.345962385
0.132201500,0.345198381
0.132549400,0.344434377
0.132897300,0.343670373
0.133245200,0.346906369
0.133593100,0.346142364
0.133941000,0.345378360
0.134288900,0.348614356
0.134636800,0.347850352
0.134984700,0.347086348
0.135332600,0.354322344
0.135680500,0.353558340
0.136028400,0.352794336
0.136376300,0.352030332
0.136724200,0.355266328
0.137072100,0.354502323
0.137420000,0.353738319
0.137767900,0.356974315
0.138115800,0.356210311
0.138463700,0.355446307
0.138811600,0.362682303
0.139159500,0.361918299
0.139507400,0.361154295
0.139855300,0.360390291
0.140203200,0.363626287
0.140551100,0.362862283
0.140899000,0.362098278
0.141246900,0.365334274
0.141594800,0.364570270
0.141942700,0.363806266
0.142290600,0.367042262
0.142638500,0.366278258
0.142986400,0.365514254
0.143334300,0.372750250
0.143682200,0.371986246
0.144030100,0.371222242
0.144378000,0.370458237
0.144725900,0.373694233
0.145073800,0.372930229
0.145421700,0.372166225
0.145769600,0.375402221
0.146117500,0.374638217
0.146465300,0.373875582
0.146813200,0.377111578
0.147161100,0.376347574
0.147509000,0.375583570
0.147856900,0.374819566
0.148204800,0.378055562
0.148552700,0.377291558
0.148900600,0.376527554
0.149248500,0.383763550
0.149596400,0.382999545
0.149944300,0.382235541
0.150292200,0.385471537
0.150640100,0.384707533
0.150988000,0.383943529
0.151335900,0.383179525
0.151683800,0.386415521
0.152031700,0.385651517
0.152379600,0.384887513
0.152727500,0.388123509
0.153075400,0.387359504
0.153423300,0.386595500
0.153771200,0.393831496
0.154119100,0.393067492
0.154467000,0.392303488
0.154814900,0.391539484
0.155162800,0.394775480
0.155510700,0.394011476
0.155858600,0.393247472
0.156206500,0.400483468
0.156554400,0.399719464
0.156902300,0.398955459
0.157250200,0.402191455
0.157598100,0.401427451
0.157946000,0.400663447
0.158293900,0.407899443
0.158641800,0.407135439
0.158989700,0.406371435
0.159337600,0.405607431
0.159685500,0.408843427
0.160033400,0.412079423
0.160381300,0.411315418
0.160729200,0.414551414
0.161077100,0.413787410
0.161425000,0.413023406
0.161772900,0.420259402
0.162120800,0.419495398
0.162468700,0.418731394
0.162816600,0.417967390
0.163164500,0.425203386
0.163512400,0.424439382
0.163860300,0.423675378
0.164208200,0.430911373
0.164556100,0.430147369
0.164904000,0.429383365
0.165251900,0.436619361
0.165599800,0.435855357
0.165947700,0.435091353
0.166295600,0.434327349
0.166643500,0.441563345
0.166991400,0.440799341
0.167339300,0.440035337
0.167687200,0.443271332
0.168035100,0.446507328
0.168383000,0.445743324
0.168730900,0.448979320
0.169078800,0.448215316
0.169426700,0.451451312
0.169774600,0.450687308
0.170122500,0.453923304
0.170470400,0.453159300
0.170818300,0.452395296
0.171166200,0.459631292
0.171514100,0.458867287
0.171862000,0.458103283
0.172209900,0.461339279
0.172557800,0.464575275
0.172905600,0.463812640
0.173253500,0.467048636
0.173601400,0.466284632
0.173949300,0.465520628
0.174297200,0.464756624
0.174645100,0.467992620
0.174993000,0.471228616
0.175340900,0.470464612
0.175688800,0.473700608
0.176036700,0.472936604
0.176384600,0.472172599
0.176732500,0.475408595
0.177080400,0.474644591
0.177428300,0.473880587
0.177776200,0.473116583
0.178124100,0.476352579
0.178472000,0.475588575
0.178819900,0.474824571
0.179167800,0.478060567
0.179515700,0.477296563
0.179863600,0.476532559
0.180211500,0.479768554
0.180559400,0.479004550
0.180907300,0.478240546
0.181255200,0.477476542
0.181603100,0.480712538
0.181951000,0.479948534
0.182298900,0.479184530
0.182646800,0.482420526
0.182994700,0.481656522
0.183342600,0.480892518
0.183690500,0.480128513
0.184038400,0.479364509
0.184386300,0.478600505
0.184734200,0.477836501
0.185082100,0.481072497
0.185430000,0.480308493
0.185777900,0.479544489
0.186125800,0.478780485
0.186473700,0.478016481
0.186821600,0.477252477
0.187169500,0.480488473
0.187517400,0.475724468
0.187865300,0.474960464
0.188213200,0.474196460
0.188561100,0.477432456
0.188909000,0.476668452
0.189256900,0.471904448
0.189604800,0.475140444
0.189952700,0.474376440
0.190300600,0.473612436
0.190648500,0.472848432
0.190996400,0.472084427
0.191344300,0.471320423
0.191692200,0.470556419
0.192040100,0.469792415
0.192388000,0.469028411
0.192735900,0.468264407
0.193083800,0.467500403
0.193431700,0.466736399
0.193779600,0.465972395
0.194127500,0.465208391
0.194475400,0.464444387
0.194823300,0.463680382
0.195171200,0.466916378
0.195519100,0.462152374
0.195867000,0.461388370
0.196214900,0.460624366
0.196562800,0.459860362
0.196910700,0.459096358
0.197258600,0.458332354
0.197606500,0.461568350
0.197954400,0.456804346
0.198302300,0.456040342
0.198650200,0.459276337
0.198998100,0.454512333
0.199346000,0.453748329
0.199693800,0.452985694
0.200041700,0.452221690
0.200389600,0.451457686
0.200737500,0.450693682
0.201085400,0.453929678
0.201433300,0.449165674
0.201781200,0.448401670
0.202129100,0.451637666
0.202477000,0.446873662
0.202824900,0.446109658
0.203172800,0.445345654
0.203520700,0.448581649
0.203868600,0.443817645
0.204216500,0.443053641
0.204564400,0.446289637
0.204912300,0.445525633
0.205260200,0.440761629
0.205608100,0.443997625
0.205956000,0.443233621
0.206303900,0.438469617
0.206651800,0.441705613
0.206999700,0.440941608
0.207347600,0.440177604
0.207695500,0.435413600
0.208043400,0.438649596
0.208391300,0.437885592
0.208739200,0.433121588
0.209087100,0.436357584
0.209435000,0.435593580
0.209782900,0.434829576
0.210130800,0.434065572
0.210478700,0.433301568
0.210826600,0.432537563
0.211174500,0.427773559
0.211522400,0.431009555
0.211870300,0.430245551
0.212218200,0.425481547
0.212566100,0.428717543
0.212914000,0.427953539
0.213261900,0.427189535
0.213609800,0.426425531
0.213957700,0.425661527
0.214305600,0.424897522
0.214653500,0.420133518
0.215001400,0.423369514
0.215349300,0.422605510
0.215697200,0.417841506
0.216045100,0.421077502
0.216393000,0.420313498
0.216740900,0.415549494
0.217088800,0.418785490
0.217436700,0.418021486
0.217784600,0.413257482
0.218132500,0.412493477
0.218480400,0.415729473
0.218828300,0.410965469
0.219176200,0.410201465
0.219524100,0.413437461
0.219872000,0.408673457
0.220219900,0.407909453
0.220567800,0.411145449
0.220915700,0.406381445
0.221263600,0.405617441
0.221611500,0.404853437
0.221959400,0.404089432
0.222307300,0.403325428
0.222655200,0.402561424
0.223003100,0.401797420
0.223351000,0.401033416
0.223698900,0.400269412
0.224046800,0.399505408
0.224394700,0.398741404
0.224742600,0.397977400
0.225090500,0.397213396
0.225438400,0.396449391
0.225786300,0.395685387
0.226134100,0.394922753
0.226482000,0.394158749
0.226829900,0.393394744
0.227177800,0.392630740
0.227525700,0.391866736
0.227873600,0.391102732
0.228221500,0.390338728
0.228569400,0.389574724
0.228917300,0.388810720
0.229265200,0.388046716
0.229613100,0.387282712
0.229961000,0.386518708
0.230308900,0.385754703
0.230656800,0.384990699
0.231004700,0.388226695
0.231352600,0.387462691
0.231700500,0.382698687
0.232048400,0.385934683
0.232396300,0.385170679
0.232744200,0.384406675
0.233092100,0.383642671
0.233440000,0.382878667
0.233787900,0.382114663
0.234135800,0.381350658
0.234483700,0.384586654
0.234831600,0.383822650
0.235179500,0.383058646
0.235527400,0.386294642
0.235875300,0.381530638
0.236223200,0.380766634
0.236571100,0.380002630
0.236919000,0.383238626
0.237266900,0.382474622
0.237614800,0.381710617
0.237962700,0.384946613
0.238310600,0.384182609
0.238658500,0.379418605
0.239006400,0.382654601
0.239354300,0.381890597
0.239702200,0.381126593
0.240050100,0.384362589
0.240398000,0.383598585
0.240745900,0.382834581
0.241093800,0.382070577
0.241441700,0.385306572
0.241789600,0.384542568
0.242137500,0.383778564
0.242485400,0.383014560
0.242833300,0.382250556
0.243181200,0.381486552
0.243529100,0.384722548
0.243877000,0.383958544
0.244224900,0.383194540
0.244572800,0.382430536
0.244920700,0.385666532
0.245268600,0.380902527
0.245616500,0.380138523
0.245964400,0.383374519
0.246312300,0.382610515
0.246660200,0.381846511
0.247008100,0.385082507
0.247356000,0.380318503
0.247703900,0.379554499
0.248051800,0.378790495
0.248399700,0.382026491
0.248747600,0.381262486
0.249095500,0.380498482
0.249443400,0.379734478
0.249791300,0.378970474
0.250139200,0.378206470
0.250487100,0.377442466
0.250835000,0.376678462
0.251182900,0.375914458
0.251530800,0.375150454
0.251878700,0.374386450
0.252226600,0.373622446
0.252574500,0.372858441
0.252922300,0.372095807
0.253270200,0.371331803
0.253618100,0.370567798
0.253966000,0.369803794
0.254313900,0.369039790
0.254661800,0.364275786
0.255009700,0.367511782
0.255357600,0.366747778
0.255705500,0.361983774
0.256053400,0.361219770
0.256401300,0.360455766
0.256749200,0.359691762
0.257097100,0.358927758
0.257445000,0.358163753
0.257792900,0.353399749
0.258140800,0.352635745
0.258488700,0.351871741
0.258836600,0.351107737
0.259184500,0.350343733
0.259532400,0.345579729
0.259880300,0.348815725
0.260228200,0.344051721
0.260576100,0.343287717
0.260924000,0.342523712
0.261271900,0.341759708
0.261619800,0.336995704
0.261967700,0.336231700
0.262315600,0.335467696
0.262663500,0.334703692
0.263011400,0.329939688
0.263359300,0.329175684
0.263707200,0.328411680
0.264055100,0.327647676
0.264403000,0.326883672
0.264750900,0.326119667
0.265098800,0.321355663
0.265446700,0.320591659
0.265794600,0.319827655
0.266142500,0.319063651
0.266490400,0.314299647
0.266838300,0.317535643
0.267186200,0.312771639
0.267534100,0.312007635
0.267882000,0.311243631
0.268229900,0.310479627
0.268577800,0.305715622
0.268925700,0.308951618
0.269273600,0.304187614
0.269621500,0.303423610
0.269969400,0.302659606
0.270317300,0.301895602
0.270665200,0.301131598
0.271013100,0.296367594
0.271361000,0.299603590
0.271708900,0.294839586
0.272056800,0.294075581
0.272404700,0.293311577
0.272752600,0.292547573
0.273100500,0.291783569
0.273448400,0.291019565
0.273796300,0.290255561
0.274144200,0.285491557
0.274492100,0.284727553
0.274840000,0.283963549
0.275187900,0.283199545
0.275535800,0.282435541
0.275883700,0.281671536
0.276231600,0.280907532
0.276579500,0.276143528
0.276927400,0.279379524
0.277275300,0.274615520
0.277623200,0.273851516
0.277971100,0.273087512
0.278319000,0.272323508
0.278666900,0.271559504
0.279014800,0.266795500
0.279362600,0.270032865
0.279710500,0.265268861
0.280058400,0.264504857
0.280406300,0.263740853
0.280754200,0.262976848
0.281102100,0.258212844
0.281450000,0.257448840
0.281797900,0.256684836
0.282145800,0.255920832
0.282493700,0.251156828
0.282841600,0.250392824
0.283189500,0.249628820
0.283537400,0.248864816
0.283885300,0.248100812
0.284233200,0.243336807
0.284581100,0.242572803
0.284929000,0.237808799
0.285276900,0.237044795
0.285624800,0.236280791
0.285972700,0.231516787
0.286320600,0.230752783
0.286668500,0.229988779
0.287016400,0.225224775
0.287364300,0.224460771
0.287712200,0.223696767
0.288060100,0.218932762
0.288408000,0.218168758
0.288755900,0.217404754
0.289103800,0.212640750
0.289451700,0.211876746
0.289799600,0.211112742
0.290147500,0.206348738
0.290495400,0.205584734
0.290843300,0.204820730
0.291191200,0.200056726
0.291539100,0.199292722
0.291887000,0.194528717
0.292234900,0.193764713
0.292582800,0.189000709
0.292930700,0.188236705
0.293278600,0.187472701
0.293626500,0.182708697
0.293974400,0.177944693
0.294322300,0.177180689
0.294670200,0.176416685
0.295018100,0.171652681
0.295366000,0.170888676
0.295713900,0.166124672
0.296061800,0.165360668
0.296409700,0.160596664
0.296757600,0.159832660
0.297105500,0.159068656
0.297453400,0.154304652
0.297801300,0.153540648
0.298149200,0.148776644
0.298497100,0.148012640
0.298845000,0.143248636
0.299192900,0.142484631
0.299540800,0.137720627
0.299888700,0.136956623
0.300236600,0.132192619
0.300584500,0.131428615
0.300932400,0.126664611
0.301280300,0.125900607
0.301628200,0.121136603
0.301976100,0.120372599
0.302324000,0.115608595
0.302671900,0.114844590
0.303019800,0.110080586
0.303367700,0.109316582
0.303715600,0.104552578
0.304063500,0.103788574
0.304411400,0.099024570
0.304759300,0.098260566
0.305107200,0.093496562
0.305455100,0.088732558
0.305803000,0.087968554
0.306150800,0.083205919
0.306498700,0.082441915
0.306846600,0.077677911
0.307194500,0.076913907
0.307542400,0.072149902
0.307890300,0.067385898
0.308238200,0.066621894
0.308586100,0.061857890
0.308934000,0.057093886
0.309281900,0.056329882
0.309629800,0.051565878
0.309977700,0.050801874
0.310325600,0.046037870
0.310673500,0.041273866
0.311021400,0.040509862
0.311369300,0.035745857
0.311717200,0.030981853
0.312065100,0.026217849
0.312413000,0.025453845
0.312760900,0.020689841
0.313108800,0.015925837
0.313456700,0.011161833
0.313804600,0.010397829
0.314152500,0.005633825
0.314500400,0.000869821
0.314848300,-0.003894183
0.315196200,-0.004658188
0.315544100,-0.009422192
0.315892000,-0.014186196
0.316239900,-0.018950200
0.316587800,-0.023714204
0.316935700,-0.024478208
0.317283600,-0.029242212
0.317631500,-0.034006216
0.317979400,-0.038770220
0.318327300,-0.043534224
0.318675200,-0.048298229
0.319023100,-0.049062233
0.319371000,-0.053826237
0.319718900,-0.058590241
0.320066800,-0.063354245
0.320414700,-0.068118249
0.320762600,-0.072882253
0.321110500,-0.077646257
0.321458400,-0.082410261
0.321806300,-0.083174265
0.322154200,-0.087938269
0.322502100,-0.092702274
0.322850000,-0.097466278
0.323197900,-0.102230282
0.323545800,-0.106994286
0.323893700,-0.107758290
0.324241600,-0.112522294
0.324589500,-0.117286298
0.324937400,-0.122050302
0.325285300,-0.122814306
0.325633200,-0.127578310
0.325981100,-0.132342315
0.326329000,-0.137106319
0.326676900,-0.137870323
0.327024800,-0.142634327
0.327372700,-0.147398331
0.327720600,-0.148162335
0.328068500,-0.152926339
0.328416400,-0.157690343
0.328764300,-0.158454347
0.329112200,-0.163218351
0.329460100,-0.167982355
0.329808000,-0.172746360
0.330155900,-0.173510364
0.330503800,-0.178274368
0.330851700,-0.179038372
0.331199600,-0.179802376
0.331547500,-0.184566380
0.331895400,-0.189330384
0.332243300,-0.190094388
0.332591100,-0.190857023
0.332939000,-0.195621027
0.333286900,-0.196385031
0.333634800,-0.197149035
0.333982700,-0.201913039
0.334330600,-0.206677043
0.334678500,-0.203441048
0.335026400,-0.208205052
0.335374300,-0.208969056
0.335722200,-0.209733060
0.336070100,-0.214497064
0.336418000,-0.215261068
0.336765900,-0.216025072
0.337113800,-0.216789076
0.337461700,-0.221553080
0.337809600,-0.222317084
0.338157500,-0.223081088
0.338505400,-0.223845093
0.338853300,-0.228609097
0.339201200,-0.225373101
0.339549100,-0.230137105
0.339897000,-0.230901109
0.340244900,-0.231665113
0.340592800,-0.232429117
0.340940700,-0.233193121
0.341288600,-0.237957125
0.341636500,-0.234721129
0.341984400,-0.239485134
0.342332300,-0.240249138
0.342680200,-0.241013142
0.343028100,-0.241777146
0.343376000,-0.242541150
0.343723900,-0.243305154
0.344071800,-0.244069158
0.344419700,-0.244833162
0.344767600,-0.249597166
0.345115500,-0.246361170
0.345463400,-0.251125174
0.345811300,-0.251889179
0.346159200,-0.252653183
0.346507100,-0.253417187
0.346855000,-0.254181191
0.347202900,-0.254945195
0.347550800,-0.255709199
0.347898700,-0.256473203
0.348246600,-0.261237207
0.348594500,-0.258001211
0.348942400,-0.262765215
0.349290300,-0.263529220
0.349638200,-0.264293224
0.349986100,-0.265057228
0.350334000,-0.265821232
0.350681900,-0.266585236
0.351029800,-0.267349240
0.351377700,-0.272113244
0.351725600,-0.272877248
0.352073500,-0.273641252
0.352421400,-0.274405256
0.352769300,-0.279169260
0.353117200,-0.275933265
0.353465100,-0.280697269
0.353813000,-0.281461273
0.354160900,-0.282225277
0.354508800,-0.282989281
0.354856700,-0.287753285
0.355204600,-0.284517289
0.355552500,-0.289281293
0.355900400,-0.290045297
0.356248300,-0.294809301
0.356596200,-0.291573306
0.356944100,-0.296337310
0.357292000,-0.297101314
0.357639900,-0.297865318
0.357987800,-0.298629322
0.358335700,-0.303393326
0.358683600,-0.304157330
0.359031500,-0.304921334
0.359379300,-0.309683969
0.359727200,-0.310447973
0.360075100,-0.311211977
0.360423000,-0.311975981
0.360770900,-0.316739985
0.361118800,-0.317503989
0.361466700,-0.318267993
0.361814600,-0.323031998
0.362162500,-0.323796002
0.362510400,-0.324560006
0.362858300,-0.329324010
0.363206200,-0.330088014
0.363554100,-0.330852018
0.363902000,-0.335616022
0.364249900,-0.336380026
0.364597800,-0.337144030
0.364945700,-0.341908034
0.365293600,-0.342672039
0.365641500,-0.343436043
0.365989400,-0.348200047
0.366337300,-0.348964051
0.366685200,-0.353728055
0.367033100,-0.354492059
0.367381000,-0.355256063
0.367728900,-0.360020067
0.368076800,-0.360784071
0.368424700,-0.365548075
0.368772600,-0.366312079
0.369120500,-0.367076084
0.369468400,-0.371840088
0.369816300,-0.376604092
0.370164200,-0.377368096
0.370512100,-0.378132100
0.370860000,-0.382896104
0.371207900,-0.387660108
0.371555800,-0.388424112
0.371903700,-0.389188116
0.372251600,-0.393952120
0.372599500,-0.394716125
0.372947400,-0.399480129
0.373295300,-0.400244133
0.373643200,-0.405008137
0.373991100,-0.405772141
0.374339000,-0.410536145
0.374686900,-0.415300149
0.375034800,-0.416064153
0.375382700,-0.420828157
0.375730600,-0.421592161
0.376078500,-0.426356165
0.376426400,-0.427120170
0.376774300,-0.431884174
0.377122200,-0.432648178
0.377470100,-0.437412182
0.377818000,-0.442176186
0.378165900,-0.442940190
0.378513800,-0.447704194
0.378861700,-0.448468198
0.379209600,-0.453232202
0.379557500,-0.453996206
0.379905400,-0.458760211
0.380253300,-0.463524215
0.380601200,-0.464288219
0.380949100,-0.469052223
0.381297000,-0.473816227
0.381644900,-0.474580231
0.381992800,-0.479344235
0.382340700,-0.480108239
0.382688600,-0.484872243
0.383036500,-0.485636247
0.383384400,-0.490400251
0.383732300,-0.495164256
0.384080200,-0.495928260
0.384428100,-0.500692264
0.384776000,-0.505456268
0.385123900,-0.506220272
0.385471800,-0.510984276
0.385819600,-0.511746911
0.386167500,-0.516510915
0.386515400,-0.521274919
0.386863300,-0.522038923
0.387211200,-0.526802927
0.387559100,-0.527566931
0.387907000,-0.532330935
0.388254900,-0.537094939
0.388602800,-0.537858944
0.388950700,-0.542622948
0.389298600,-0.547386952
0.389646500,-0.552150956
0.389994400,-0.552914960
0.390342300,-0.557678964
0.390690200,-0.562442968
0.391038100,-0.563206972
0.391386000,-0.567970976
0.391733900,-0.572734980
0.392081800,-0.573498984
0.392429700,-0.578262989
0.392777600,-0.583026993
0.393125500,-0.583790997
0.393473400,-0.588555001
0.393821300,-0.593319005
0.394169200,-0.594083009
0.394517100,-0.598847013
0.394865000,-0.603611017
0.395212900,-0.608375021
0.395560800,-0.609139025
0.395908700,-0.613903030
0.396256600,-0.618667034
0.396604500,-0.623431038
0.396952400,-0.624195042
0.397300300,-0.628959046
0.397648200,-0.633723050
0.397996100,-0.638487054
0.398344000,-0.643251058
0.398691900,-0.648015062
0.399039800,-0.648779066
0.399387700,-0.653543070
0.399735600,-0.658307075
0.400083500,-0.663071079
0.400431400,-0.667835083
0.400779300,-0.672599087
0.401127200,-0.677363091
0.401475100,-0.682127095
0.401823000,-0.686891099
0.402170900,-0.691655103
0.402518800,-0.696419107
0.402866700,-0.701183111
0.403214600,-0.705947116
0.403562500,-0.710711120
0.403910400,-0.715475124
0.404258300,-0.720239128
0.404606200,-0.725003132
0.404954100,-0.729767136
0.405302000,-0.734531140
0.405649900,-0.739295144
0.405997800,-0.744059148
0.406345700,-0.752823152
0.406693600,-0.757587156
0.407041500,-0.762351161
0.407389400,-0.767115165
0.407737300,-0.771879169
0.408085200,-0.776643173
0.408433100,-0.785407177
0.408781000,-0.790171181
0.409128900,-0.794935185
0.409476800,-0.803699189
0.409824700,-0.808463193
0.410172600,-0.813227197
0.410520500,-0.821991202
0.410868400,-0.826755206
0.411216300,-0.831519210
0.411564200,-0.836283214
0.411912100,-0.845047218
0.412259900,-0.849809853
0.412607800,-0.858573857
0.412955700,-0.863337861
0.413303600,-0.872101865
0.413651500,-0.876865869
0.413999400,-0.885629873
0.414347300,-0.890393877
0.414695200,-0.899157881
0.415043100,-0.903921885
0.415391000,-0.912685889
0.415738900,-0.921449894
0.416086800,-0.926213898
0.416434700,-0.934977902
0.416782600,-0.943741906
0.417130500,-0.948505910
0.417478400,-0.957269914
0.417826300,-0.966033918
0.418174200,-0.974797922
0.418522100,-0.983561926
0.418870000,-0.988325930
0.419217900,-0.997089935
0.419565800,-1.005853939
0.419913700,-1.014617943
0.420261600,-1.023381947
0.420609500,-1.032145951
0.420957400,-1.040909955
0.421305300,-1.049673959
0.421653200,-1.058437963
0.422001100,-1.067201967
0.422349000,-1.075965971
0.422696900,-1.084729975
0.423044800,-1.093493980
0.423392700,-1.102257984
0.423740600,-1.111021988
0.424088500,-1.119785992
0.424436400,-1.132549996
0.424784300,-1.141314000
0.425132200,-1.150078004
0.425480100,-1.162842008
0.425828000,-1.171606012
0.426175900,-1.180370016
0.426523800,-1.189134021
0.426871700,-1.201898025
0.427219600,-1.210662029
0.427567500,-1.219426033
0.427915400,-1.236190037
0.428263300,-1.244954041
0.428611200,-1.253718045
0.428959100,-1.266482049
0.429307000,-1.275246053
0.429654900,-1.284010057
0.430002800,-1.296774061
0.430350700,-1.309538066
0.430698600,-1.318302070
0.431046500,-1.327066074
0.431394400,-1.343830078
0.431742300,-1.352594082
0.432090200,-1.361358086
0.432438100,-1.378122090
0.432786000,-1.386886094
0.433133900,-1.395650098
0.433481800,-1.408414102
0.433829700,-1.421178107
0.434177600,-1.433942111
0.434525500,-1.442706115
0.434873400,-1.455470119
0.435221300,-1.468234123
0.435569200,-1.476998127
0.435917100,-1.493762131
0.436265000,-1.502526135
0.436612900,-1.511290139
0.436960800,-1.528054143
0.437308700,-1.540818147
0.437656600,-1.549582152
0.438004500,-1.558346156
0.438352400,-1.575110160
0.438700300,-1.583874164
0.439048100,-1.596636799
0.439396000,-1.613400803
0.439743900,-1.622164807
0.440091800,-1.630928811
0.440439700,-1.647692815
0.440787600,-1.656456819
0.441135500,-1.669220823
0.441483400,-1.677984827
0.441831300,-1.694748831
0.442179200,-1.707512835
0.442527100,-1.716276840
0.442875000,-1.733040844
0.443222900,-1.741804848
0.443570800,-1.754568852
0.443918700,-1.767332856
0.444266600,-1.780096860
0.444614500,-1.788860864
0.444962400,-1.801624868
0.445310300,-1.818388872
0.445658200,-1.827152876
0.446006100,-1.839916880
0.446354000,-1.856680885
0.446701900,-1.865444889
0.447049800,-1.878208893
0.447397700,-1.894972897
0.447745600,-1.903736901
0.448093500,-1.916500905
0.448441400,-1.925264909
0.448789300,-1.942028913
0.449137200,-1.954792917
0.449485100,-1.963556921
0.449833000,-1.980320926
0.450180900,-1.993084930
0.450528800,-2.001848934
0.450876700,-2.018612938
0.451224600,-2.031376942
0.451572500,-2.040140946
0.451920400,-2.056904950
0.452268300,-2.069668954
0.452616200,-2.082432958
0.452964100,-2.091196962
0.453312000,-2.107960966
0.453659900,-2.120724971
0.454007800,-2.129488975
0.454355700,-2.150252979
0.454703600,-2.159016983
0.455051500,-2.171780987
0.455399400,-2.188544991
0.455747300,-2.201308995
0.456095200,-2.210072999
0.456443100,-2.222837003
0.456791000,-2.239601007
0.457138900,-2.248365012
0.457486800,-2.261129016
0.457834700,-2.277893020
0.458182600,-2.290657024
0.458530500,-2.299421028
0.458878400,-2.320185032
0.459226300,-2.328949036
0.459574200,-2.341713040
0.459922100,-2.350477044
0.460270000,-2.371241048
0.460617900,-2.380005052
0.460965800,-2.392769057
0.461313700,-2.409533061
0.461661600,-2.422297065
0.462009500,-2.431061069
0.462357400,-2.447825073
0.462705300,-2.460589077
0.463053200,-2.473353081
0.463401100,-2.482117085
0.463749000,-2.498881089
0.464096900,-2.511645093
0.464444800,-2.524409098
0.464792700,-2.541173102
0.465140600,-2.549937106
0.465488400,-2.562699740
0.465836300,-2.579463745
0.466184200,-2.592227749
0.466532100,-2.600991753
0.466880000,-2.621755757
0.467227900,-2.630519761
0.467575800,-2.643283765
0.467923700,-2.656047769
0.468271600,-2.672811773
0.468619500,-2.681575777
0.468967400,-2.694339781
0.469315300,-2.711103785
0.469663200,-2.723867790
0.470011100,-2.736631794
0.470359000,-2.753395798
0.470706900,-2.766159802
0.471054800,-2.774923806
0.471402700,-2.787687810
0.471750600,-2.804451814
0.472098500,-2.817215818
0.472446400,-2.829979822
0.472794300,-2.846743826
0.473142200,-2.859507831
0.473490100,-2.868271835
0.473838000,-2.889035839
0.474185900,-2.901799843
0.474533800,-2.910563847
0.474881700,-2.923327851
0.475229600,-2.944091855
0.475577500,-2.952855859
0.475925400,-2.965619863
0.476273300,-2.986383867
0.476621200,-2.999147871
0.476969100,-3.007911876
0.477317000,-3.028675880
0.477664900,-3.041439884
0.478012800,-3.054203888
0.478360700,-3.062967892
0.478708600,-3.083731896
0.479056500,-3.096495900
0.479404400,-3.109259904
0.479752300,-3.130023908
0.480100200,-3.142787912
0.480448100,-3.155551917
0.480796000,-3.172315921
0.481143900,-3.185079925
0.481491800,-3.197843929
0.481839700,-3.210607933
0.482187600,-3.231371937
0.482535500,-3.244135941
0.482883400,-3.256899945
0.483231300,-3.277663949
0.483579200,-3.290427953
0.483927100,-3.303191957
0.484275000,-3.327955962
0.484622900,-3.340719966
0.484970800,-3.353483970
0.485318700,-3.374247974
0.485666600,-3.387011978
0.486014500,-3.399775982
0.486362400,-3.412539986
0.486710300,-3.433303990
0.487058200,-3.450067994
0.487406100,-3.462831998
0.487754000,-3.483596003
0.488101900,-3.496360007
0.488449800,-3.513124011
0.488797700,-3.533888015
0.489145600,-3.546652019
0.489493500,-3.559416023
0.489841400,-3.576180027
0.490189300,-3.596944031
0.490537200,-3.609708035
0.490885100,-3.626472039
0.491233000,-3.647236043
0.491580900,-3.664000048
0.491928800,-3.676764052
0.492276600,-3.697526686
0.492624500,-3.714290690
0.492972400,-3.727054695
0.493320300,-3.739818699
0.493668200,-3.764582703
0.494016100,-3.777346707
0.494364000,-3.794110711
0.494711900,-3.814874715
0.495059800,-3.831638719
0.495407700,-3.844402723
0.495755600,-3.869166727
0.496103500,-3.881930731
0.496451400,-3.894694736
0.496799300,-3.911458740
0.497147200,-3.932222744
0.497495100,-3.948986748
0.497843000,-3.961750752
0.498190900,-3.986514756
0.498538800,-3.999278760
0.498886700,-4.012042764
0.499234600,-4.036806768
0.499582500,-4.049570772
0.499930400,-4.066334776
0.500278300,-4.087098781
0.500626200,-4.103862785
0.500974100,-4.116626789
0.501322000,-4.129390793
0.501669900,-4.154154797
0.502017800,-4.166918801
0.502365700,-4.179682805
0.502713600,-4.204446809
0.503061500,-4.217210813
0.503409400,-4.229974817
0.503757300,-4.254738822
0.504105200,-4.267502826
0.504453100,-4.280266830
0.504801000,-4.293030834
0.505148900,-4.313794838
0.505496800,-4.326558842
0.505844700,-4.343322846
0.506192600,-4.364086850
0.506540500,-4.376850854
0.506888400,-4.389614858
0.507236300,-4.410378862
0.507584200,-4.423142867
0.507932100,-4.435906871
0.508280000,-4.448670875
0.508627900,-4.469434879
0.508975800,-4.482198883
0.509323700,-4.494962887
0.509671600,-4.511726891
0.510019500,-4.524490895
0.510367400,-4.537254899
0.510715300,-4.558018903
0.511063200,-4.566782908
0.511411100,-4.579546912
0.511759000,-4.592310916
0.512106900,-4.609074920
0.512454800,-4.621838924
0.512802700,-4.630602928
0.513150600,-4.647366932
0.513498500,-4.660130936
0.513846400,-4.668894940
0.514194300,-4.685658944
0.514542200,-4.694422948
0.514890100,-4.707186953
0.515238000,-4.715950957
0.515585900,-4.732714961
0.515933800,-4.741478965
0.516281700,-4.750242969
0.516629600,-4.763006973
0.516977500,-4.771770977
0.517325400,-4.780534981
0.517673300,-4.793298985
0.518021200,-4.802062989
0.518369100,-4.810826994
0.518716900,-4.819589628
0.519064800,-4.828353632
0.519412700,-4.833117636
0.519760600,-4.841881641
0.520108500,-4.850645645
0.520456400,-4.855409649
0.520804300,-4.864173653
0.521152200,-4.868937657
0.521500100,-4.873701661
0.521848000,-4.882465665
0.522195900,-4.887229669
0.522543800,-4.891993673
0.522891700,-4.896757677
0.523239600,-4.897521681
0.523587500,-4.902285686
0.523935400,-4.907049690
0.524283300,-4.907813694
0.524631200,-4.912577698
0.524979100,-4.913341702
0.525327000,-4.914105706
0.525674900,-4.914869710
0.526022800,-4.915633714
0.526370700,-4.920397718
0.526718600,-4.921161722
0.527066500,-4.917925727
0.527414400,-4.918689731
0.527762300,-4.919453735
0.528110200,-4.916217739
0.528458100,-4.912981743
0.528806000,-4.913745747
0.529153900,-4.906509751
0.529501800,-4.907273755
0.529849700,-4.908037759
0.530197600,-4.904801763
0.530545500,-4.897565767
0.530893400,-4.894329772
0.531241300,-4.895093776
0.531589200,-4.883857780
0.531937100,-4.880621784
0.532285000,-4.877385788
0.532632900,-4.870149792
0.532980800,-4.866913796
0.533328700,-4.863677800
0.533676600,-4.852441804
0.534024500,-4.849205808
0.534372400,-4.845969813
0.534720300,-4.842733817
0.535068200,-4.827497821
0.535416100,-4.824261825
0.535764000,-4.821025829
0.536111900,-4.809789833
0.536459800,-4.802553837
0.536807700,-4.799317841
0.537155600,-4.788081845
0.537503500,-4.780845849
0.537851400,-4.777609853
0.538199300,-4.774373858
0.538547200,-4.759137862
0.538895100,-4.755901866
0.539243000,-4.748665870
0.539590900,-4.737429874
0.539938800,-4.730193878
0.540286700,-4.726957882
0.540634600,-4.711721886
0.540982500,-4.708485890
0.541330400,-4.701249894
0.541678300,-4.698013899
0.542026200,-4.682777903
0.542374100,-4.679541907
0.542722000,-4.672305911
0.543069900,-4.661069915
0.543417800,-4.653833919
0.543765700,-4.650597923
0.544113600,-4.635361927
0.544461500,-4.632125931
0.544809400,-4.624889935
0.545157300,-4.621653939
0.545505100,-4.606416574
0.545853000,-4.603180578
0.546200900,-4.599944582
0.546548800,-4.584708586
0.546896700,-4.581472591
0.547244600,-4.574236595
0.547592500,-4.563000599
0.547940400,-4.559764603
0.548288300,-4.552528607
0.548636200,-4.541292611
0.548984100,-4.534056615
0.549332000,-4.530820619
0.549679900,-4.527584623
0.550027800,-4.512348627
0.550375700,-4.509112632
0.550723600,-4.505876636
0.551071500,-4.490640640
0.551419400,-4.487404644
0.551767300,-4.484168648
0.552115200,-4.468932652
0.552463100,-4.465696656
0.552811000,-4.462460660
0.553158900,-4.459224664
0.553506800,-4.443988668
0.553854700,-4.440752672
0.554202600,-4.437516677
0.554550500,-4.426280681
0.554898400,-4.423044685
0.555246300,-4.415808689
0.555594200,-4.404572693
0.555942100,-4.401336697
0.556290000,-4.398100701
0.556637900,-4.394864705
0.556985800,-4.379628709
0.557333700,-4.376392713
0.557681600,-4.373156718
0.558029500,-4.361920722
0.558377400,-4.354684726
0.558725300,-4.351448730
0.559073200,-4.340212734
0.559421100,-4.336976738
0.559769000,-4.333740742
0.560116900,-4.326504746
0.560464800,-4.315268750
0.560812700,-4.312032754
0.561160600,-4.308796758
0.561508500,-4.293560763
0.561856400,-4.290324767
0.562204300,-4.287088771
0.562552200,-4.275852775
0.562900100,-4.272616779
0.563248000,-4.265380783
0.563595900,-4.262144787
0.563943800,-4.250908791
0.564291700,-4.243672795
0.564639600,-4.240436799
0.564987500,-4.229200804
0.565335400,-4.225964808
0.565683300,-4.218728812
0.566031200,-4.207492816
0.566379100,-4.200256820
0.566727000,-4.197020824
0.567074900,-4.185784828
0.567422800,-4.178548832
0.567770700,-4.175312836
0.568118600,-4.172076840
0.568466500,-4.156840844
0.568814400,-4.149604849
0.569162300,-4.146368853
0.569510200,-4.131132857
0.569858100,-4.127896861
0.570206000,-4.120660865
0.570553900,-4.109424869
0.570901800,-4.102188873
0.571249700,-4.098952877
0.571597600,-4.091716881
0.571945400,-4.076479516
0.572293300,-4.073243520
0.572641200,-4.066007524
0.572989100,-4.050771528
0.573337000,-4.047535532
0.573684900,-4.040299537
0.574032800,-4.025063541
0.574380700,-4.017827545
0.574728600,-4.014591549
0.575076500,-4.007355553
0.575424400,-3.992119557
0.575772300,-3.984883561
0.576120200,-3.981647565
0.576468100,-3.962411569
0.576816000,-3.959175573
0.577163900,-3.951939577
0.577511800,-3.936703582
0.577859700,-3.929467586
0.578207600,-3.922231590
0.578555500,-3.914995594
0.578903400,-3.899759598
0.579251300,-3.892523602
0.579599200,-3.889287606
0.579947100,-3.870051610
0.580295000,-3.862815614
0.580642900,-3.859579618
0.580990800,-3.840343623
0.581338700,-3.833107627
0.581686600,-3.825871631
0.582034500,-3.810635635
0.582382400,-3.803399639
0.582730300,-3.796163643
0.583078200,-3.788927647
0.583426100,-3.773691651
0.583774000,-3.766455655
0.584121900,-3.759219659
0.584469800,-3.743983663
0.584817700,-3.736747668
0.585165600,-3.729511672
0.585513500,-3.710275676
0.585861400,-3.703039680
0.586209300,-3.699803684
0.586557200,-3.692567688
0.586905100,-3.673331692
0.587253000,-3.666095696
0.587600900,-3.658859700
0.587948800,-3.643623704
0.588296700,-3.636387709
0.588644600,-3.629151713
0.588992500,-3.609915717
0.589340400,-3.602679721
0.589688300,-3.599443725
0.590036200,-3.592207729
0.590384100,-3.572971733
0.590732000,-3.565735737
0.591079900,-3.558499741
0.591427800,-3.543263745
0.591775700,-3.536027749
0.592123600,-3.528791754
0.592471500,-3.509555758
0.592819400,-3.502319762
0.593167300,-3.495083766
0.593515200,-3.487847770
0.593863100,-3.472611774
0.594211000,-3.465375778
0.594558900,-3.458139782
0.594906800,-3.438903786
0.595254700,-3.431667790
0.595602600,-3.424431795
0.595950500,-3.409195799
0.596298400,-3.401959803
0.596646300,-3.394723807
0.596994200,-3.387487811
0.597342100,-3.368251815
0.597690000,-3.361015819
0.598037900,-3.353779823
0.598385800,-3.334543827
0.598733600,-3.327306462
0.599081500,-3.324070466
0.599429400,-3.304834470
0.599777300,-3.297598474
0.600125200,-3.290362478
0.600473100,-3.271126482
0.600821000,-3.263890487
0.601168900,-3.256654491
0.601516800,-3.249418495
0.601864700,-3.230182499
0.602212600,-3.222946503
0.602560500,-3.219710507
0.602908400,-3.200474511
0.603256300,-3.193238515
0.603604200,-3.186002519
0.603952100,-3.166766523
0.604300000,-3.159530528
0.604647900,-3.152294532
0.604995800,-3.145058536
0.605343700,-3.125822540
0.605691600,-3.118586544
0.606039500,-3.115350548
0.606387400,-3.096114552
0.606735300,-3.088878556
0.607083200,-3.081642560
0.607431100,-3.062406564
0.607779000,-3.055170568
0.608126900,-3.047934573
0.608474800,-3.040698577
0.608822700,-3.021462581
0.609170600,-3.014226585
0.609518500,-3.006990589
0.609866400,-2.991754593
0.610214300,-2.984518597
0.610562200,-2.977282601
0.610910100,-2.958046605
0.611258000,-2.950810609
0.611605900,-2.943574614
0.611953800,-2.936338618
0.612301700,-2.917102622
0.612649600,-2.909866626
0.612997500,-2.906630630
0.613345400,-2.887394634
0.613693300,-2.880158638
0.614041200,-2.872922642
0.614389100,-2.853686646
0.614737000,-2.846450650
0.615084900,-2.839214654
0.615432800,-2.823978659
0.615780700,-2.816742663
0.616128600,-2.809506667
0.616476500,-2.802270671
0.616824400,-2.783034675
0.617172300,-2.775798679
0.617520200,-2.768562683
0.617868100,-2.753326687
0.618216000,-2.746090691
0.618563900,-2.738854695
0.618911800,-2.719618700
0.619259700,-2.712382704
0.619607600,-2.709146708
0.619955500,-2.701910712
0.620303400,-2.682674716
0.620651300,-2.675438720
0.620999200,-2.672202724
0.621347100,-2.652966728
0.621695000,-2.645730732
0.622042900,-2.638494736
0.622390800,-2.623258740
0.622738700,-2.616022745
0.623086600,-2.608786749
0.623434500,-2.605550753
0.623782400,-2.586314757
0.624130300,-2.579078761
0.624478200,-2.575842765
0.624826100,-2.556606769
0.625173900,-2.553369404
0.625521800,-2.546133408
0.625869700,-2.530897412
0.626217600,-2.523661416
0.626565500,-2.516425420
0.626913400,-2.513189424
0.627261300,-2.493953428
0.627609200,-2.490717433
0.627957100,-2.483481437
0.628305000,-2.468245441
0.628652900,-2.461009445
0.629000800,-2.457773449
0.629348700,-2.438537453
0.629696600,-2.435301457
0.630044500,-2.428065461
0.630392400,-2.412829465
0.630740300,-2.405593469
0.631088200,-2.402357473
0.631436100,-2.395121478
0.631784000,-2.379885482
0.632131900,-2.376649486
0.632479800,-2.369413490
0.632827700,-2.354177494
0.633175600,-2.350941498
0.633523500,-2.343705502
0.633871400,-2.328469506
0.634219300,-2.325233510
0.634567200,-2.317997514
0.634915100,-2.314761519
0.635263000,-2.299525523
0.635610900,-2.292289527
0.635958800,-2.289053531
0.636306700,-2.273817535
0.636654600,-2.266581539
0.637002500,-2.263345543
0.637350400,-2.248109547
0.637698300,-2.244873551
0.638046200,-2.237637555
0.638394100,-2.234401559
0.638742000,-2.219165564
0.639089900,-2.211929568
0.639437800,-2.208693572
0.639785700,-2.193457576
0.640133600,-2.190221580
0.640481500,-2.182985584
0.640829400,-2.171749588
0.641177300,-2.164513592
0.641525200,-2.161277596
0.641873100,-2.154041600
0.642221000,-2.142805605
0.642568900,-2.135569609
0.642916800,-2.132333613
0.643264700,-2.117097617
0.643612600,-2.113861621
0.643960500,-2.110625625
0.644308400,-2.095389629
0.644656300,-2.092153633
0.645004200,-2.084917637
0.645352100,-2.081681641
0.645700000,-2.066445645
0.646047900,-2.063209650
0.646395800,-2.059973654
0.646743700,-2.044737658
0.647091600,-2.041501662
0.647439500,-2.038265666
0.647787400,-2.027029670
0.648135300,-2.019793674
0.648483200,-2.016557678
0.648831100,-2.005321682
0.649179000,-2.002085686
0.649526900,-1.994849690
0.649874800,-1.991613695
0.650222700,-1.980377699
0.650570600,-1.977141703
0.650918500,-1.973905707
0.651266400,-1.958669711
0.651614200,-1.955432346
0.651962100,-1.952196350
0.652310000,-1.940960354
0.652657900,-1.937724358
0.653005800,-1.934488362
0.653353700,-1.931252366
0.653701600,-1.920016370
0.654049500,-1.916780374
0.654397400,-1.913544378
0.654745300,-1.902308383
0.655093200,-1.899072387
0.655441100,-1.895836391
0.655789000,-1.884600395
0.656136900,-1.881364399
0.656484800,-1.878128403
0.656832700,-1.874892407
0.657180600,-1.867656411
0.657528500,-1.864420415
0.657876400,-1.861184419
0.658224300,-1.849948424
0.658572200,-1.850712428
0.658920100,-1.847476432
0.659268000,-1.836240436
0.659615900,-1.833004440
0.659963800,-1.833768444
0.660311700,-1.830532448
0.660659600,-1.819296452
0.661007500,-1.820060456
0.661355400,-1.816824460
0.661703300,-1.809588464
0.662051200,-1.806352469
0.662399100,-1.803116473
0.662747000,-1.795880477
0.663094900,-1.792644481
0.663442800,-1.793408485
0.663790700,-1.782172489
0.664138600,-1.782936493
0.664486500,-1.779700497
0.664834400,-1.780464501
0.665182300,-1.773228505
0.665530200,-1.769992510
0.665878100,-1.770756514
0.666226000,-1.763520518
0.666573900,-1.760284522
0.666921800,-1.761048526
0.667269700,-1.753812530
0.667617600,-1.750576534
0.667965500,-1.751340538
0.668313400,-1.748104542
0.668661300,-1.744868546
0.669009200,-1.741632550
0.669357100,-1.742396555
0.669705000,-1.735160559
0.670052900,-1.735924563
0.670400800,-1.732688567
0.670748700,-1.729452571
0.671096600,-1.726216575
0.671444500,-1.726980579
0.671792400,-1.727744583
0.672140300,-1.720508587
0.672488200,-1.721272591
0.672836100,-1.722036595
0.673184000,-1.714800600
0.673531900,-1.715564604
0.673879800,-1.716328608
0.674227700,-1.713092612
0.674575600,-1.709856616
0.674923500,-1.710620620
0.675271400,-1.711384624
0.675619300,-1.708148628
0.675967200,-1.708912632
0.676315100,-1.705676636
0.676663000,-1.702440641
0.677010900,-1.703204645
0.677358800,-1.703968649
0.677706700,-1.700732653
0.678054600,-1.701496657
0.678402400,-1.702259292
0.678750300,-1.703023296
0.679098200,-1.695787300
0.679446100,-1.696551304
0.679794000,-1.697315308
0.680141900,-1.694079312
0.680489800,-1.694843316
0.680837700,-1.695607320
0.681185600,-1.692371324
0.681533500,-1.693135329
0.681881400,-1.693899333
0.682229300,-1.690663337
0.682577200,-1.691427341
0.682925100,-1.692191345
0.683273000,-1.692955349
0.683620900,-1.689719353
0.683968800,-1.690483357
0.684316700,-1.691247361
0.684664600,-1.688011365
0.685012500,-1.688775369
0.685360400,-1.689539374
0.685708300,-1.686303378
0.686056200,-1.687067382
0.686404100,-1.687831386
0.686752000,-1.688595390
0.687099900,-1.685359394
0.687447800,-1.686123398
0.687795700,-1.686887402
0.688143600,-1.683651406
0.688491500,-1.684415410
0.688839400,-1.685179415
0.689187300,-1.681943419
0.689535200,-1.682707423
0.689883100,-1.683471427
0.690231000,-1.684235431
0.690578900,-1.680999435
0.690926800,-1.681763439
0.691274700,-1.682527443
0.691622600,-1.675291447
0.691970500,-1.676055451
0.692318400,-1.676819455
0.692666300,-1.673583460
0.693014200,-1.674347464
0.693362100,-1.675111468
0.693710000,-1.675875472
0.694057900,-1.672639476
0.694405800,-1.673403480
0.694753700,-1.674167484
0.695101600,-1.670931488
0.695449500,-1.667695492
0.695797400,-1.668459496
0.696145300,-1.665223500
0.696493200,-1.665987505
0.696841100,-1.666751509
0.697189000,-1.659515513
0.697536900,-1.660279517
0.697884800,-1.661043521
0.698232700,-1.661807525
0.698580600,-1.654571529
0.698928500,-1.655335533
0.699276400,-1.656099537
0.699624300,-1.648863541
0.699972200,-1.649627546
0.700320100,-1.650391550
0.700668000,-1.643155554
0.701015900,-1.639919558
0.701363800,-1.640683562
0.701711700,-1.641447566
0.702059600,-1.634211570
0.702407500,-1.630975574
0.702755400,-1.631739578
0.703103300,-1.624503582
0.703451200,-1.621267586
0.703799100,-1.622031591
0.704147000,-1.610795595
0.704494900,-1.611559599
0.704842700,-1.608322234
0.705190600,-1.605086238
0.705538500,-1.597850242
0.705886400,-1.594614246
0.706234300,-1.591378250
0.706582200,-1.584142254
0.706930100,-1.580906258
0.707278000,-1.577670262
0.707625900,-1.566434266
0.707973800,-1.563198270
0.708321700,-1.559962274
0.708669600,-1.556726279
0.709017500,-1.545490283
0.709365400,-1.538254287
0.709713300,-1.535018291
0.710061200,-1.523782295
0.710409100,-1.520546299
0.710757000,-1.513310303
0.711104900,-1.502074307
0.711452800,-1.494838311
0.711800700,-1.491602315
0.712148600,-1.476366320
0.712496500,-1.473130324
0.712844400,-1.465894328
0.713192300,-1.462658332
0.713540200,-1.447422336
0.713888100,-1.440186340
0.714236000,-1.436950344
0.714583900,-1.417714348
0.714931800,-1.414478352
0.715279700,-1.407242356
0.715627600,-1.392006360
0.715975500,-1.384770365
0.716323400,-1.377534369
0.716671300,-1.374298373
0.717019200,-1.355062377
0.717367100,-1.347826381
0.717715000,-1.344590385
0.718062900,-1.325354389
0.718410800,-1.318118393
0.718758700,-1.310882397
0.719106600,-1.295646401
0.719454500,-1.288410405
0.719802400,-1.281174410
0.720150300,-1.273938414
0.720498200,-1.258702418
0.720846100,-1.251466422
0.721194000,-1.244230426
0.721541900,-1.224994430
0.721889800,-1.217758434
0.722237700,-1.214522438
0.722585600,-1.195286442
0.722933500,-1.188050446
0.723281400,-1.180814451
0.723629300,-1.173578455
0.723977200,-1.158342459
0.724325100,-1.151106463
0.724673000,-1.143870467
0.725020900,-1.128634471
0.725368800,-1.121398475
0.725716700,-1.114162479
0.726064600,-1.098926483
0.726412500,-1.091690487
0.726760400,-1.084454491
0.727108300,-1.077218496
0.727456200,-1.061982500
0.727804100,-1.054746504
0.728152000,-1.051510508
0.728499900,-1.032274512
0.728847800,-1.029038516
0.729195700,-1.021802520
0.729543600,-1.006566524
0.729891500,-0.999330528
0.730239400,-0.996094532
0.730587300,-0.976858537
0.730935200,-0.973622541
0.731283100,-0.966386545
0.731630900,-0.963149179
0.731978800,-0.947913184
0.732326700,-0.940677188
0.732674600,-0.937441192
0.733022500,-0.922205196
0.733370400,-0.914969200
0.733718300,-0.911733204
0.734066200,-0.896497208
0.734414100,-0.893261212
0.734762000,-0.886025216
0.735109900,-0.882789220
0.735457800,-0.867553225
0.735805700,-0.864317229
0.736153600,-0.861081233
0.736501500,-0.845845237
0.736849400,-0.842609241
0.737197300,-0.835373245
0.737545200,-0.824137249
0.737893100,-0.820901253
0.738241000,-0.813665257
0.738588900,-0.810429261
0.738936800,-0.799193265
0.739284700,-0.795957270
0.739632600,-0.792721274
0.739980500,-0.777485278
0.740328400,-0.774249282
0.740676300,-0.771013286
0.741024200,-0.759777290
0.741372100,-0.756541294
0.741720000,-0.753305298
0.742067900,-0.750069302
0.742415800,-0.738833306
0.742763700,-0.735597310
0.743111600,-0.732361315
0.743459500,-0.721125319
0.743807400,-0.717889323
0.744155300,-0.714653327
0.744503200,-0.703417331
0.744851100,-0.700181335
0.745199000,-0.696945339
0.745546900,-0.685709343
0.745894800,-0.682473347
0.746242700,-0.683237351
0.746590600,-0.680001356
0.746938500,-0.668765360
0.747286400,-0.665529364
0.747634300,-0.662293368
0.747982200,-0.655057372
0.748330100,-0.651821376
0.748678000,-0.648585380
0.749025900,-0.641349384
0.749373800,-0.638113388
0.749721700,-0.638877392
0.750069600,-0.635641396
0.750417500,-0.628405401
0.750765400,-0.625169405
0.751113300,-0.621933409
0.751461200,-0.614697413
0.751809100,-0.615461417
0.752157000,-0.612225421
0.752504900,-0.604989425
0.752852800,-0.601753429
0.753200700,-0.602517433
0.753548600,-0.599281437
0.753896500,-0.592045442
0.754244400,-0.592809446
0.754592300,-0.589573450
0.754940200,-0.582337454
0.755288100,-0.583101458
0.755636000,-0.579865462
0.755983900,-0.576629466
0.756331800,-0.573393470
0.756679700,-0.574157474
0.757027600,-0.570921478
0.757375500,-0.567685482
0.757723400,-0.564449487
0.758071200,-0.565212121
0.758419100,-0.557976125
0.758767000,-0.558740130
0.759114900,-0.559504134
0.759462800,-0.552268138
0.759810700,-0.553032142
0.760158600,-0.549796146
0.760506500,-0.546560150
0.760854400,-0.547324154
0.761202300,-0.544088158
0.761550200,-0.544852162
0.761898100,-0.541616166
0.762246000,-0.538380170
0.762593900,-0.539144175
0.762941800,-0.535908179
0.763289700,-0.536672183
0.763637600,-0.537436187
0.763985500,-0.530200191
0.764333400,-0.530964195
0.764681300,-0.531728199
0.765029200,-0.532492203
0.765377100,-0.529256207
0.765725000,-0.526020211
0.766072900,-0.526784215
0.766420800,-0.523548220
0.766768700,-0.524312224
0.767116600,-0.525076228
0.767464500,-0.521840232
0.767812400,-0.522604236
0.768160300,-0.523368240
0.768508200,-0.524132244
0.768856100,-0.520896248
0.769204000,-0.521660252
0.769551900,-0.522424256
0.769899800,-0.519188261
0.770247700,-0.519952265
0.770595600,-0.520716269
0.770943500,-0.517480273
0.771291400,-0.518244277
0.771639300,-0.519008281
0.771987200,-0.519772285
0.772335100,-0.516536289
0.772683000,-0.517300293
0.773030900,-0.518064297
0.773378800,-0.514828301
0.773726700,-0.515592306
0.774074600,-0.516356310
0.774422500,-0.513120314
0.774770400,-0.513884318
0.775118300,-0.514648322
0.775466200,-0.515412326
0.775814100,-0.516176330
0.776162000,-0.516940334
0.776509900,-0.517704338
0.776857800,-0.514468342
0.777205700,-0.515232347
0.777553600,-0.515996351
0.777901500,-0.512760355
0.778249400,-0.517524359
0.778597300,-0.518288363
0.778945200,-0.515052367
0.779293100,-0.515816371
0.779641000,-0.516580375
0.779988900,-0.517344379
0.780336800,-0.518108383
0.780684700,-0.518872387
0.781032600,-0.519636392
0.781380500,-0.516400396
0.781728400,-0.521164400
0.782076300,-0.521928404
0.782424200,-0.518692408
0.782772100,-0.519456412
0.783120000,-0.520220416
0.783467900,-0.524984420
0.783815800,-0.521748424
0.784163700,-0.522512428
0.784511600,-0.527276433
0.784859400,-0.524039067
0.785207300,-0.524803071
0.785555200,-0.525567075
0.785903100,-0.526331080
0.786251000,-0.527095084
0.786598900,-0.527859088
0.786946800,-0.532623092
0.787294700,-0.529387096
0.787642600,-0.534151100
0.787990500,-0.534915104
0.788338400,-0.531679108
0.788686300,-0.536443112
0.789034200,-0.537207116
0.789382100,-0.537971120
0.789730000,-0.538735125
0.790077900,-0.543499129
0.790425800,-0.544263133
0.790773700,-0.545027137
0.791121600,-0.545791141
0.791469500,-0.550555145
0.791817400,-0.551319149
0.792165300,-0.552083153
0.792513200,-0.552847157
0.792861100,-0.553611161
0.793209000,-0.558375166
0.793556900,-0.559139170
0.793904800,-0.563903174
0.794252700,-0.564667178
0.794600600,-0.569431182
0.794948500,-0.570195186
0.795296400,-0.570959190
0.795644300,-0.575723194
0.795992200,-0.580487198
0.796340100,-0.581251202
0.796688000,-0.586015206
0.797035900,-0.586779211
0.797383800,-0.591543215
0.797731700,-0.596307219
0.798079600,-0.597071223
0.798427500,-0.601835227
0.798775400,-0.606599231
0.799123300,-0.607363235
0.799471200,-0.612127239
0.799819100,-0.616891243
0.800167000,-0.621655247
0.800514900,-0.626419252
0.800862800,-0.627183256
0.801210700,-0.631947260
0.801558600,-0.636711264
0.801906500,-0.641475268
0.802254400,-0.646239272
0.802602300,-0.651003276
0.802950200,-0.655767280
0.803298100,-0.660531284
0.803646000,-0.665295288
0.803993900,-0.670059292
0.804341800,-0.674823297
0.804689700,-0.679587301
0.805037600,-0.684351305
0.805385500,-0.689115309
0.805733400,-0.693879313
0.806081300,-0.698643317
0.806429200,-0.703407321
0.806777100,-0.708171325
0.807125000,-0.712935329
0.807472900,-0.717699333
0.807820800,-0.722463338
0.808168700,-0.727227342
0.808516600,-0.731991346
0.808864500,-0.736755350
0.809212400,-0.741519354
0.809560300,-0.746283358
0.809908200,-0.751047362
0.810256100,-0.759811366
0.810604000,-0.764575370
0.810951900,-0.769339374
0.811299700,-0.774102009
0.811647600,-0.778866013
0.811995500,-0.783630017
0.812343400,-0.788394021
0.812691300,-0.793158026
0.813039200,-0.797922030
0.813387100,-0.802686034
0.813735000,-0.807450038
0.814082900,-0.812214042
0.814430800,-0.816978046
0.814778700,-0.821742050
0.815126600,-0.826506054
0.815474500,-0.831270058
0.815822400,-0.836034062
0.816170300,-0.840798066
0.816518200,-0.845562071
0.816866100,-0.850326075
0.817214000,-0.855090079
0.817561900,-0.859854083
0.817909800,-0.864618087
0.818257700,-0.869382091
0.818605600,-0.874146095
0.818953500,-0.878910099
0.819301400,-0.883674103
0.819649300,-0.888438107
0.819997200,-0.893202111
0.820345100,-0.897966116
0.820693000,-0.898730120
0.821040900,-0.903494124
0.821388800,-0.908258128
0.821736700,-0.913022132
0.822084600,-0.917786136
0.822432500,-0.922550140
0.822780400,-0.927314144
0.823128300,-0.932078148
0.823476200,-0.936842152
0.823824100,-0.941606157
0.824172000,-0.942370161
0.824519900,-0.947134165
0.824867800,-0.951898169
0.825215700,-0.956662173
0.825563600,-0.961426177
0.825911500,-0.966190181
0.826259400,-0.970954185
0.826607300,-0.975718189
0.826955200,-0.980482193
0.827303100,-0.981246197
0.827651000,-0.986010202
0.827998900,-0.990774206
0.828346800,-0.995538210
0.828694700,-1.000302214
0.829042600,-1.005066218
0.829390500,-1.009830222
0.829738400,-1.014594226
0.830086300,-1.019358230
0.830434200,-1.024122234
0.830782100,-1.028886238
0.831130000,-1.029650243
0.831477900,-1.034414247
0.831825800,-1.039178251
0.832173700,-1.043942255
0.832521600,-1.048706259
0.832869500,-1.053470263
0.833217400,-1.058234267
0.833565300,-1.062998271
0.833913200,-1.067762275
0.834261100,-1.072526279
0.834609000,-1.077290283
0.834956900,-1.082054288
0.835304800,-1.086818292
0.835652700,-1.091582296
0.836000600,-1.096346300
0.836348500,-1.101110304
0.836696400,-1.109874308
0.837044300,-1.114638312
0.837392200,-1.119402316
0.837740100,-1.124166320
0.838087900,-1.128928955
0.838435800,-1.133692959
0.838783700,-1.138456963
0.839131600,-1.147220967
0.839479500,-1.151984971
0.839827400,-1.156748976
0.840175300,-1.161512980
0.840523200,-1.170276984
0.840871100,-1.175040988
0.841219000,-1.179804992
0.841566900,-1.184568996
0.841914800,-1.193333000
0.842262700,-1.198097004
0.842610600,-1.206861008
0.842958500,-1.211625012
0.843306400,-1.216389016
0.843654300,-1.225153021
0.844002200,-1.229917025
0.844350100,-1.234681029
0.844698000,-1.243445033
0.845045900,-1.248209037
0.845393800,-1.256973041
0.845741700,-1.265737045
0.846089600,-1.270501049
0.846437500,-1.279265053
0.846785400,-1.284029057
0.847133300,-1.292793062
0.847481200,-1.297557066
0.847829100,-1.306321070
0.848177000,-1.315085074
0.848524900,-1.319849078
0.848872800,-1.328613082
0.849220700,-1.337377086
0.849568600,-1.342141090
0.849916500,-1.350905094
0.850264400,-1.355669098
0.850612300,-1.364433102
0.850960200,-1.373197107
0.851308100,-1.377961111
0.851656000,-1.386725115
0.852003900,-1.395489119
0.852351800,-1.400253123
0.852699700,-1.413017127
0.853047600,-1.417781131
0.853395500,-1.426545135
0.853743400,-1.431309139
0.854091300,-1.440073143
0.854439200,-1.448837148
0.854787100,-1.453601152
0.855135000,-1.462365156
0.855482900,-1.471129160
0.855830800,-1.475893164
0.856178700,-1.484657168
0.856526600,-1.493421172
0.856874500,-1.498185176
0.857222400,-1.506949180
0.857570300,-1.511713184
0.857918200,-1.520477188
0.858266100,-1.525241193
0.858614000,-1.534005197
0.858961900,-1.538769201
0.859309800,-1.547533205
0.859657700,-1.552297209
0.860005600,-1.561061213
0.860353500,-1.565825217
0.860701400,-1.574589221
0.861049300,-1.579353225
0.861397200,-1.584117229
0.861745100,-1.588881234
0.862093000,-1.597645238
0.862440900,-1.602409242
0.862788800,-1.607173246
0.863136700,-1.611937250
0.863484600,-1.616701254
0.863832500,-1.621465258
0.864180400,-1.626229262
0.864528200,-1.630991897
0.864876100,-1.635755901
0.865224000,-1.640519905
0.865571900,-1.645283909
0.865919800,-1.650047913
0.866267700,-1.650811917
0.866615600,-1.655575921
0.866963500,-1.660339926
0.867311400,-1.665103930
0.867659300,-1.665867934
0.868007200,-1.670631938
0.868355100,-1.671395942
0.868703000,-1.676159946
0.869050900,-1.676923950
0.869398800,-1.681687954
0.869746700,-1.686451958
0.870094600,-1.687215962
0.870442500,-1.687979967
0.870790400,-1.692743971
0.871138300,-1.693507975
0.871486200,-1.694271979
0.871834100,-1.695035983
0.872182000,-1.699799987
0.872529900,-1.700563991
0.872877800,-1.701327995
0.873225700,-1.702091999
0.873573600,-1.702856003
0.873921500,-1.703620007
0.874269400,-1.708384012
0.874617300,-1.705148016
0.874965200,-1.705912020
0.875313100,-1.710676024
0.875661000,-1.707440028
0.876008900,-1.708204032
0.876356800,-1.708968036
0.876704700,-1.713732040
0.877052600,-1.710496044
0.877400500,-1.711260048
0.877748400,-1.712024053
0.878096300,-1.712788057
0.878444200,-1.713552061
0.878792100,-1.714316065
0.879140000,-1.711080069
0.879487900,-1.711844073
0.879835800,-1.716608077
0.880183700,-1.717372081
0.880531600,-1.714136085
0.880879500,-1.714900089
0.881227400,-1.715664093
0.881575300,-1.712428098
0.881923200,-1.717192102
0.882271100,-1.717956106
0.882619000,-1.714720110
0.882966900,-1.715484114
0.883314800,-1.716248118
0.883662700,-1.717012122
0.884010600,-1.717776126
0.884358500,-1.718540130
0.884706400,-1.719304134
0.885054300,-1.716068139
0.885402200,-1.716832143
0.885750100,-1.717596147
0.886098000,-1.718360151
0.886445900,-1.719124155
0.886793800,-1.719888159
0.887141700,-1.720652163
0.887489600,-1.717416167
0.887837500,-1.722180171
0.888185400,-1.722944175
0.888533300,-1.719708179
0.888881200,-1.720472184
0.889229100,-1.721236188
0.889577000,-1.722000192
0.889924900,-1.722764196
0.890272800,-1.723528200
0.890620700,-1.724292204
0.890968500,-1.721054839
0.891316400,-1.721818843
0.891664300,-1.726582847
0.892012200,-1.723346851
0.892360100,-1.724110855
0.892708000,-1.724874859
0.893055900,-1.725638863
0.893403800,-1.726402867
0.893751700,-1.727166872
0.894099600,-1.723930876
0.894447500,-1.724694880
0.894795400,-1.729458884
0.895143300,-1.730222888
0.895491200,-1.726986892
0.895839100,-1.727750896
0.896187000,-1.728514900
0.896534900,-1.729278904
0.896882800,-1.730042908
0.897230700,-1.730806912
0.897578600,-1.727570917
0.897926500,-1.728334921
0.898274400,-1.729098925
0.898622300,-1.733862929
0.898970200,-1.730626933
0.899318100,-1.731390937
0.899666000,-1.732154941
0.900013900,-1.732918945
0.900361800,-1.733682949
0.900709700,-1.734446953
0.901057600,-1.731210958
0.901405500,-1.731974962
0.901753400,-1.732738966
0.902101300,-1.737502970
0.902449200,-1.734266974
0.902797100,-1.735030978
0.903145000,-1.735794982
0.903492900,-1.736558986
0.903840800,-1.737322990
0.904188700,-1.738086994
0.904536600,-1.734850998
0.904884500,-1.739615003
0.905232400,-1.740379007
0.905580300,-1.741143011
0.905928200,-1.737907015
0.906276100,-1.738671019
0.906624000,-1.743435023
0.906971900,-1.740199027
0.907319800,-1.740963031
0.907667700,-1.745727035
0.908015600,-1.742491039
0.908363500,-1.743255044
0.908711400,-1.744019048
0.909059300,-1.744783052
0.909407200,-1.745547056
0.909755100,-1.746311060
0.910103000,-1.751075064
0.910450900,-1.747839068
0.910798800,-1.748603072
0.911146700,-1.753367076
0.911494600,-1.750131080
0.911842500,-1.754895084
0.912190400,-1.755659089
0.912538300,-1.756423093
0.912886200,-1.757187097
0.913234100,-1.757951101
0.913582000,-1.758715105
0.913929900,-1.759479109
0.914277800,-1.760243113
0.914625700,-1.765007117
0.914973600,-1.761771121
0.915321500,-1.766535125
0.915669400,-1.767299130
0.916017300,-1.768063134
0.916365200,-1.768827138
0.916713100,-1.773591142
0.917061000,-1.774355146
0.917408900,-1.775119150
0.917756700,-1.775881785
0.918104600,-1.776645789
0.918452500,-1.777409793
0.918800400,-1.778173797
0.919148300,-1.782937801
0.919496200,-1.783701805
0.919844100,-1.784465809
0.920192000,-1.785229813
0.920539900,-1.789993817
0.920887800,-1.790757822
0.921235700,-1.791521826
0.921583600,-1.792285830
0.921931500,-1.793049834
0.922279400,-1.797813838
0.922627300,-1.798577842
0.922975200,-1.799341846
0.923323100,-1.800105850
0.923671000,-1.804869854
0.924018900,-1.805633858
0.924366800,-1.806397863
0.924714700,-1.807161867
0.925062600,-1.811925871
0.925410500,-1.812689875
0.925758400,-1.813453879
0.926106300,-1.814217883
0.926454200,-1.814981887
0.926802100,-1.819745891
0.927150000,-1.820509895
0.927497900,-1.821273899
0.927845800,-1.822037903
0.928193700,-1.826801908
0.928541600,-1.827565912
0.928889500,-1.828329916
0.929237400,-1.833093920
0.929585300,-1.833857924
0.929933200,-1.834621928
0.930281100,-1.835385932
0.930629000,-1.840149936
0.930976900,-1.840913940
0.931324800,-1.841677944
0.931672700,-1.842441949
0.932020600,-1.847205953
0.932368500,-1.847969957
0.932716400,-1.848733961
0.933064300,-1.849497965
0.933412200,-1.850261969
0.933760100,-1.851025973
0.934108000,-1.855789977
0.934455900,-1.852553981
0.934803800,-1.857317985
0.935151700,-1.858081989
0.935499600,-1.858845994
0.935847500,-1.859609998
0.936195400,-1.860374002
0.936543300,-1.865138006
0.936891200,-1.861902010
0.937239100,-1.862666014
0.937587000,-1.867430018
0.937934900,-1.864194022
0.938282800,-1.864958026
0.938630700,-1.865722030
0.938978600,-1.866486035
0.939326500,-1.867250039
0.939674400,-1.868014043
0.940022300,-1.868778047
0.940370200,-1.865542051
0.940718100,-1.866306055
0.941066000,-1.867070059
0.941413900,-1.863834063
0.941761800,-1.864598067
0.942109700,-1.865362071
0.942457600,-1.862126075
0.942805500,-1.862890080
0.943153400,-1.863654084
0.943501300,-1.860418088
0.943849200,-1.857182092
0.944197000,-1.857944727
0.944544900,-1.858708731
0.944892800,-1.851472735
0.945240700,-1.852236739
0.945588600,-1.853000743
0.945936500,-1.845764747
0.946284400,-1.846528751
0.946632300,-1.843292755
0.946980200,-1.844056759
0.947328100,-1.836820763
0.947676000,-1.833584768
0.948023900,-1.834348772
0.948371800,-1.827112776
0.948719700,-1.827876780
0.949067600,-1.824640784
0.949415500,-1.817404788
0.949763400,-1.814168792
0.950111300,-1.814932796
0.950459200,-1.811696800
0.950807100,-1.804460804
0.951155000,-1.801224808
0.951502900,-1.801988813
0.951850800,-1.790752817
0.952198700,-1.791516821
0.952546600,-1.788280825
0.952894500,-1.777044829
0.953242400,-1.777808833
0.953590300,-1.774572837
0.953938200,-1.771336841
0.954286100,-1.764100845
0.954634000,-1.760864849
0.954981900,-1.757628854
0.955329800,-1.746392858
0.955677700,-1.747156862
0.956025600,-1.743920866
0.956373500,-1.732684870
0.956721400,-1.729448874
0.957069300,-1.726212878
0.957417200,-1.718976882
0.957765100,-1.715740886
0.958113000,-1.712504890
0.958460900,-1.709268894
0.958808800,-1.698032899
0.959156700,-1.694796903
0.959504600,-1.695560907
0.959852500,-1.684324911
0.960200400,-1.681088915
0.960548300,-1.677852919
0.960896200,-1.666616923
0.961244100,-1.663380927
0.961592000,-1.660144931
0.961939900,-1.656908935
0.962287800,-1.645672940
0.962635700,-1.642436944
0.962983600,-1.639200948
0.963331500,-1.631964952
0.963679400,-1.628728956
0.964027300,-1.625492960
0.964375200,-1.614256964
0.964723100,-1.611020968
0.965071000,-1.607784972
0.965418900,-1.604548976
0.965766800,-1.593312980
0.966114700,-1.590076985
0.966462600,-1.586840989
0.966810500,-1.575604993
0.967158400,-1.572368997
0.967506300,-1.569133001
0.967854200,-1.557897005
0.968202100,-1.554661009
0.968550000,-1.551425013
0.968897900,-1.548189017
0.969245800,-1.536953021
0.969593700,-1.533717026
0.969941600,-1.530481030
0.970289500,-1.519245034
0.970637400,-1.516009038
0.970985200,-1.512771673
0.971333100,-1.501535677
0.971681000,-1.498299681
0.972028900,-1.495063685
0.972376800,-1.483827689
0.972724700,-1.480591693
0.973072600,-1.477355697
0.973420500,-1.474119701
0.973768400,-1.462883705
0.974116300,-1.459647709
0.974464200,-1.456411713
0.974812100,-1.445175718
0.975160000,-1.441939722
0.975507900,-1.438703726
0.975855800,-1.427467730
0.976203700,-1.424231734
0.976551600,-1.420995738
0.976899500,-1.417759742
0.977247400,-1.406523746
0.977595300,-1.403287750
0.977943200,-1.404051754
0.978291100,-1.392815759
0.978639000,-1.389579763
0.978986900,-1.386343767
0.979334800,-1.375107771
0.979682700,-1.371871775
0.980030600,-1.368635779
0.980378500,-1.365399783
0.980726400,-1.358163787
0.981074300,-1.354927791
0.981422200,-1.351691795
0.981770100,-1.340455799
0.982118000,-1.337219804
0.982465900,-1.333983808
0.982813800,-1.326747812
0.983161700,-1.323511816
0.983509600,-1.320275820
0.983857500,-1.317039824
0.984205400,-1.305803828
0.984553300,-1.306567832
0.984901200,-1.303331836
0.985249100,-1.292095840
0.985597000,-1.288859845
0.985944900,-1.289623849
0.986292800,-1.278387853
0.986640700,-1.275151857
0.986988600,-1.271915861
0.987336500,-1.272679865
0.987684400,-1.261443869
0.988032300,-1.258207873
0.988380200,-1.258971877
0.988728100,-1.247735881
0.989076000,-1.248499885
0.989423900,-1.245263890
0.989771800,-1.234027894
0.990119700,-1.234791898
0.990467600,-1.231555902
0.990815500,-1.224319906
0.991163400,-1.221083910
0.991511300,-1.217847914
0.991859200,-1.218611918
0.992207100,-1.211375922
0.992555000,-1.208139926
0.992902900,-1.204903931
0.993250800,-1.197667935
0.993598700,-1.198431939
0.993946600,-1.195195943
0.994294500,-1.187959947
0.994642400,-1.184723951
0.994990300,-1.185487955
0.995338200,-1.182251959
0.995686100,-1.175015963
0.996034000,-1.175779967
0.996381900,-1.172543971
0.996729800,-1.165307976
0.997077700,-1.166071980
0.997425500,-1.162834614
0.997773400,-1.155598618
0.998121300,-1.156362623
0.998469200,-1.153126627
0.998817100,-1.153890631
0.999165000,-1.146654635
0.999512900,-1.147418639
0.999860800,-1.144182643
1.000208700,-1.140946647
1.000556600,-1.137710651
1.000904500,-1.138474655
1.001252400,-1.131238659
1.001600300,-1.132002664
1.001948200,-1.132766668
1.002296100,-1.129530672
1.002644000,-1.126294676
1.002991900,-1.123058680
1.003339800,-1.123822684
1.003687700,-1.120586688
1.004035600,-1.117350692
1.004383500,-1.118114696
1.004731400,-1.114878700
1.005079300,-1.111642704
1.005427200,-1.112406709
1.005775100,-1.109170713
1.006123000,-1.109934717
1.006470900,-1.110698721
1.006818800,-1.107462725
1.007166700,-1.104226729
1.007514600,-1.104990733
1.007862500,-1.105754737
1.008210400,-1.102518741
1.008558300,-1.099282745
1.008906200,-1.100046750
1.009254100,-1.096810754
1.009602000,-1.097574758
1.009949900,-1.098338762
1.010297800,-1.099102766
1.010645700,-1.095866770
1.010993600,-1.096630774
1.011341500,-1.097394778
1.011689400,-1.094158782
1.012037300,-1.094922786
1.012385200,-1.095686790
1.012733100,-1.092450795
1.013081000,-1.093214799
1.013428900,-1.093978803
1.013776800,-1.094742807
1.014124700,-1.091506811
1.014472600,-1.092270815
1.014820500,-1.093034819
1.015168400,-1.089798823
1.015516300,-1.090562827
1.015864200,-1.091326831
1.016212100,-1.088090836
1.016560000,-1.088854840
1.016907900,-1.089618844
1.017255800,-1.090382848
1.017603700,-1.087146852
1.017951600,-1.087910856
1.018299500,-1.092674860
1.018647400,-1.089438864
1.018995300,-1.090202868
1.019343200,-1.090966872
1.019691100,-1.087730876
1.020039000,-1.088494881
1.020386900,-1.089258885
1.020734800,-1.090022889
1.021082700,-1.086786893
1.021430600,-1.087550897
1.021778500,-1.088314901
1.022126400,-1.085078905
1.022474300,-1.085842909
1.022822200,-1.086606913
1.023170100,-1.083370917
1.023518000,-1.088134922
1.023865900,-1.088898926
1.024213700,-1.085661560
1.024561600,-1.086425564
1.024909500,-1.087189569
1.025257400,-1.087953573
1.025605300,-1.084717577
1.025953200,-1.085481581
1.026301100,-1.086245585
1.026649000,-1.083009589
1.026996900,-1.083773593
1.027344800,-1.084537597
1.027692700,-1.081301601
1.028040600,-1.082065605
1.028388500,-1.082829609
1.028736400,-1.083593614
1.029084300,-1.076357618
1.029432200,-1.077121622
1.029780100,-1.077885626
1.030128000,-1.074649630
1.030475900,-1.075413634
1.030823800,-1.076177638
1.031171700,-1.072941642
1.031519600,-1.073705646
1.031867500,-1.074469650
1.032215400,-1.071233655
1.032563300,-1.067997659
1.032911200,-1.068761663
1.033259100,-1.069525667
1.033607000,-1.066289671
1.033954900,-1.063053675
1.034302800,-1.063817679
1.034650700,-1.060581683
1.034998600,-1.061345687
1.035346500,-1.058109691
1.035694400,-1.058873695
1.036042300,-1.055637700
1.036390200,-1.052401704
1.036738100,-1.053165708
1.037086000,-1.045929712
1.037433900,-1.046693716
1.037781800,-1.047457720
1.038129700,-1.040221724
1.038477600,-1.036985728
1.038825500,-1.037749732
1.039173400,-1.030513736
1.039521300,-1.031277741
1.039869200,-1.028041745
1.040217100,-1.028805749
1.040565000,-1.021569753
1.040912900,-1.018333757
1.041260800,-1.019097761
1.041608700,-1.007861765
1.041956600,-1.008625769
1.042304500,-1.005389773
1.042652400,-0.998153777
1.043000300,-0.994917781
1.043348200,-0.995681786
1.043696100,-0.992445790
1.044044000,-0.981209794
1.044391900,-0.981973798
1.044739800,-0.978737802
1.045087700,-0.967501806
1.045435600,-0.964265810
1.045783500,-0.961029814
1.046131400,-0.953793818
1.046479300,-0.950557822
1.046827200,-0.947321827
1.047175100,-0.944085831
1.047523000,-0.932849835
1.047870900,-0.929613839
1.048218800,-0.926377843
1.048566700,-0.915141847
1.048914600,-0.911905851
1.049262500,-0.904669855
1.049610400,-0.893433859
1.049958300,-0.890197863
1.050306200,-0.886961867
1.050654000,-0.883724502
1.051001900,-0.868488506
1.051349800,-0.865252510
1.051697700,-0.862016514
1.052045600,-0.850780519
1.052393500,-0.843544523
1.052741400,-0.840308527
1.053089300,-0.825072531
1.053437200,-0.821836535
1.053785100,-0.818600539
1.054133000,-0.803364543
1.054480900,-0.800128547
1.054828800,-0.796892551
1.055176700,-0.789656555
1.055524600,-0.774420560
1.055872500,-0.771184564
1.056220400,-0.767948568
1.056568300,-0.752712572
1.056916200,-0.749476576
1.057264100,-0.742240580
1.057612000,-0.727004584
1.057959900,-0.723768588
1.058307800,-0.720532592
1.058655700,-0.713296596
1.059003600,-0.702060600
1.059351500,-0.694824605
1.059699400,-0.691588609
1.060047300,-0.676352613
1.060395200,-0.673116617
1.060743100,-0.665880621
1.061091000,-0.650644625
1.061438900,-0.647408629
1.061786800,-0.644172633
1.062134700,-0.636936637
1.062482600,-0.625700641
1.062830500,-0.618464646
1.063178400,-0.615228650
1.063526300,-0.599992654
1.063874200,-0.596756658
1.064222100,-0.593520662
1.064570000,-0.578284666
1.064917900,-0.575048670
1.065265800,-0.567812674
1.065613700,-0.564576678
1.065961600,-0.549340682
1.066309500,-0.546104686
1.066657400,-0.542868691
1.067005300,-0.527632695
1.067353200,-0.524396699
1.067701100,-0.521160703
1.068049000,-0.505924707
1.068396900,-0.502688711
1.068744800,-0.499452715
1.069092700,-0.496216719
1.069440600,-0.484980723
1.069788500,-0.477744727
1.070136400,-0.474508732
1.070484300,-0.463272736
1.070832200,-0.460036740
1.071180100,-0.456800744
1.071528000,-0.445564748
1.071875900,-0.438328752
1.072223800,-0.435092756
1.072571700,-0.423856760
1.072919600,-0.420620764
1.073267500,-0.417384768
1.073615400,-0.414148772
1.073963300,-0.402912777
1.074311200,-0.399676781
1.074659100,-0.396440785
1.075007000,-0.385204789
1.075354900,-0.381968793
1.075702800,-0.378732797
1.076050700,-0.367496801
1.076398600,-0.364260805
1.076746500,-0.365024809
1.077094400,-0.361788813
1.077442200,-0.350551448
1.077790100,-0.347315452
1.078138000,-0.344079456
1.078485900,-0.332843460
1.078833800,-0.329607465
1.079181700,-0.330371469
1.079529600,-0.319135473
1.079877500,-0.315899477
1.080225400,-0.312663481
1.080573300,-0.309427485
1.080921200,-0.302191489
1.081269100,-0.298955493
1.081617000,-0.295719497
1.081964900,-0.284483501
1.082312800,-0.285247505
1.082660700,-0.282011510
1.083008600,-0.270775514
1.083356500,-0.267539518
1.083704400,-0.268303522
1.084052300,-0.265067526
1.084400200,-0.253831530
1.084748100,-0.250595534
1.085096000,-0.251359538
1.085443900,-0.240123542
1.085791800,-0.236887546
1.086139700,-0.233651551
1.086487600,-0.226415555
1.086835500,-0.223179559
1.087183400,-0.219943563
1.087531300,-0.212707567
1.087879200,-0.209471571
1.088227100,-0.206235575
1.088575000,-0.202999579
1.088922900,-0.191763583
1.089270800,-0.192527587
1.089618700,-0.189291591
1.089966600,-0.178055596
1.090314500,-0.174819600
1.090662400,-0.175583604
1.091010300,-0.164347608
1.091358200,-0.161111612
1.091706100,-0.157875616
1.092054000,-0.154639620
1.092401900,-0.147403624
1.092749800,-0.144167628
1.093097700,-0.140931632
1.093445600,-0.129695637
1.093793500,-0.130459641
1.094141400,-0.127223645
1.094489300,-0.115987649
1.094837200,-0.112751653
1.095185100,-0.109515657
1.095533000,-0.106279661
1.095880900,-0.099043665
1.096228800,-0.095807669
1.096576700,-0.092571673
1.096924600,-0.081335677
1.097272500,-0.078099682
1.097620400,-0.078863686
1.097968300,-0.067627690
1.098316200,-0.064391694
1.098664100,-0.061155698
1.099012000,-0.057919702
1.099359900,-0.050683706
1.099707800,-0.047447710
1.100055700,-0.044211714
1.100403600,-0.032975718
1.100751500,-0.029739723
1.101099400,-0.030503727
1.101447300,-0.019267731
1.101795200,-0.016031735
1.102143100,-0.012795739
1.102491000,-0.009559743
1.102838900,-0.002323747
1.103186800,0.000912249
1.103534700,0.004148245
1.103882500,0.015385610
1.104230400,0.018621606
1.104578300,0.017857602
1.104926200,0.029093598
1.105274100,0.032329594
1.105622000,0.035565590
1.105969900,0.042801585
1.106317800,0.046037581
1.106665700,0.049273577
1.107013600,0.052509573
1.107361500,0.063745569
1.107709400,0.062981565
1.108057300,0.066217561
1.108405200,0.077453557
1.108753100,0.080689553
1.109101000,0.079925549
1.109448900,0.091161544
1.109796800,0.094397540
1.110144700,0.097633536
1.110492600,0.096869532
1.110840500,0.108105528
1.111188400,0.111341524
1.111536300,0.114577520
1.111884200,0.121813516
1.112232100,0.125049512
1.112580000,0.128285508
1.112927900,0.139521504
1.113275800,0.138757499
1.113623700,0.141993495
1.113971600,0.145229491
1.114319500,0.156465487
1.114667400,0.155701483
1.115015300,0.158937479
1.115363200,0.170173475
1.115711100,0.173409471
1.116059000,0.172645467
1.116406900,0.183881463
1.116754800,0.187117458
1.117102700,0.190353454
1.117450600,0.189589450
1.117798500,0.200825446
1.118146400,0.204061442
1.118494300,0.207297438
1.118842200,0.214533434
1.119190100,0.217769430
1.119538000,0.221005426
1.119885900,0.228241422
1.120233800,0.231477418
1.120581700,0.234713413
1.120929600,0.241949409
1.121277500,0.245185405
1.121625400,0.248421401
1.121973300,0.247657397
1.122321200,0.258893393
1.122669100,0.262129389
1.123017000,0.261365385
1.123364900,0.272601381
1.123712800,0.275837377
1.124060700,0.275073372
1.124408600,0.286309368
1.124756500,0.285545364
1.125104400,0.288781360
1.125452300,0.292017356
1.125800200,0.299253352
1.126148100,0.302489348
1.126496000,0.305725344
1.126843900,0.312961340
1.127191800,0.312197336
1.127539700,0.315433332
1.127887600,0.322669327
1.128235500,0.325905323
1.128583400,0.329141319
1.128931300,0.328377315
1.129279200,0.335613311
1.129627100,0.338849307
1.129975000,0.342085303
1.130322800,0.349322668
1.130670700,0.348558664
1.131018600,0.351794660
1.131366500,0.359030656
1.131714400,0.358266652
1.132062300,0.361502648
1.132410200,0.360738644
1.132758100,0.367974639
1.133106000,0.371210635
1.133453900,0.370446631
1.133801800,0.377682627
1.134149700,0.380918623
1.134497600,0.380154619
1.134845500,0.387390615
1.135193400,0.390626611
1.135541300,0.389862607
1.135889200,0.397098603
1.136237100,0.396334599
1.136585000,0.399570594
1.136932900,0.398806590
1.137280800,0.406042586
1.137628700,0.405278582
1.137976600,0.408514578
1.138324500,0.411750574
1.138672400,0.414986570
1.139020300,0.414222566
1.139368200,0.421458562
1.139716100,0.420694558
1.140064000,0.419930553
1.140411900,0.423166549
1.140759800,0.426402545
1.141107700,0.429638541
1.141455600,0.428874537
1.141803500,0.432110533
1.142151400,0.435346529
1.142499300,0.434582525
1.142847200,0.437818521
1.143195100,0.441054517
1.143543000,0.440290513
1.143890900,0.439526508
1.144238800,0.446762504
1.144586700,0.445998500
1.144934600,0.445234496
1.145282500,0.448470492
1.145630400,0.451706488
1.145978300,0.450942484
1.146326200,0.454178480
1.146674100,0.453414476
1.147022000,0.456650472
1.147369900,0.455886467
1.147717800,0.459122463
1.148065700,0.458358459
1.148413600,0.457594455
1.148761500,0.464830451
1.149109400,0.464066447
1.149457300,0.463302443
1.149805200,0.466538439
1.150153100,0.465774435
1.150501000,0.469010431
1.150848900,0.468246427
1.151196800,0.471482422
1.151544700,0.470718418
1.151892600,0.469954414
1.152240500,0.473190410
1.152588400,0.476426406
1.152936300,0.475662402
1.153284200,0.478898398
1.153632100,0.478134394
1.153980000,0.477370390
1.154327900,0.480606386
1.154675800,0.479842382
1.155023700,0.483078377
1.155371600,0.482314373
1.155719500,0.485550369
1.156067400,0.484786365
1.156415300,0.484022361
1.156763200,0.487258357
1.157111000,0.486495722
1.157458900,0.485731718
1.157806800,0.492967714
1.158154700,0.492203710
1.158502600,0.491439706
1.158850500,0.490675702
1.159198400,0.493911698
1.159546300,0.493147694
1.159894200,0.492383689
1.160242100,0.495619685
1.160590000,0.494855681
1.160937900,0.494091677
1.161285800,0.501327673
1.161633700,0.500563669
1.161981600,0.499799665
1.162329500,0.499035661
1.162677400,0.502271657
1.163025300,0.501507653
1.163373200,0.500743648
1.163721100,0.503979644
1.164069000,0.503215640
1.164416900,0.502451636
1.164764800,0.505687632
1.165112700,0.504923628
1.165460600,0.504159624
1.165808500,0.503395620
1.166156400,0.506631616
1.166504300,0.505867612
1.166852200,0.509103608
1.167200100,0.512339603
1.167548000,0.511575599
1.167895900,0.510811595
1.168243800,0.514047591
1.168591700,0.513283587
1.168939600,0.512519583
1.169287500,0.515755579
1.169635400,0.514991575
1.169983300,0.514227571
1.170331200,0.513463567
1.170679100,0.516699562
1.171027000,0.515935558
1.171374900,0.515171554
1.171722800,0.518407550
1.172070700,0.517643546
1.172418600,0.516879542
1.172766500,0.520115538
1.173114400,0.519351534
1.173462300,0.518587530
1.173810200,0.517823526
1.174158100,0.521059522
1.174506000,0.520295517
1.174853900,0.515531513
1.175201800,0.518767509
1.175549700,0.518003505
1.175897600,0.517239501
1.176245500,0.520475497
1.176593400,0.519711493
1.176941300,0.518947489
1.177289200,0.518183485
1.177637100,0.521419481
1.177985000,0.520655477
1.178332900,0.519891472
1.178680800,0.523127468
1.179028700,0.522363464
1.179376600,0.521599460
1.179724500,0.524835456
1.180072400,0.524071452
1.180420300,0.519307448
1.180768200,0.518543444
1.181116100,0.521779440
1.181464000,0.521015436
1.181811900,0.520251431
1.182159800,0.523487427
1.182507700,0.522723423
1.182855600,0.521959419
1.183203500,0.525195415
1.183551300,0.524432780
1.183899200,0.523668776
1.184247100,0.522904772
1.184595000,0.526140768
1.184942900,0.525376764
1.185290800,0.524612760
1.185638700,0.527848756
1.185986600,0.527084752
1.186334500,0.526320748
1.186682400,0.529556743
1.187030300,0.528792739
1.187378200,0.528028735
1.187726100,0.531264731
1.188074000,0.530500727
1.188421900,0.529736723
1.188769800,0.528972719
1.189117700,0.532208715
1.189465600,0.535444711
1.189813500,0.534680707
1.190161400,0.537916703
1.190509300,0.537152698
1.190857200,0.536388694
1.191205100,0.539624690
1.191553000,0.538860686
1.191900900,0.542096682
1.192248800,0.541332678
1.192596700,0.544568674
1.192944600,0.543804670
1.193292500,0.547040666
1.193640400,0.550276662
1.193988300,0.549512657
1.194336200,0.548748653
1.194684100,0.555984649
1.195032000,0.555220645
1.195379900,0.554456641
1.195727800,0.553692637
1.196075700,0.560928633
1.196423600,0.560164629
1.196771500,0.563400625
1.197119400,0.566636621
1.197467300,0.565872617
1.197815200,0.569108612
1.198163100,0.572344608
1.198511000,0.571580604
1.198858900,0.574816600
1.199206800,0.574052596
1.199554700,0.581288592
1.199902600,0.580524588
1.200250500,0.579760584
1.200598400,0.586996580
1.200946300,0.586232576
1.201294200,0.589468572
1.201642100,0.592704567
1.201990000,0.595940563
1.202337900,0.595176559
1.202685800,0.602412555
1.203033700,0.601648551
1.203381600,0.604884547
1.203729500,0.604120543
1.204077400,0.611356539
1.204425300,0.610592535
1.204773200,0.609828531
1.205121100,0.617064526
1.205469000,0.620300522
1.205816900,0.619536518
1.206164800,0.626772514
1.206512700,0.626008510
1.206860600,0.625244506
1.207208500,0.628480502
1.207556400,0.631716498
1.207904300,0.634952494
1.208252200,0.634188490
1.208600100,0.641424486
1.208948000,0.640660481
1.209295900,0.643896477
1.209643800,0.647132473
1.209991700,0.650368469
1.210339500,0.649605834
1.210687400,0.648841830
1.211035300,0.656077826
1.211383200,0.655313822
1.211731100,0.658549818
1.212079000,0.661785814
1.212426900,0.665021810
1.212774800,0.664257806
1.213122700,0.671493802
1.213470600,0.670729798
1.213818500,0.669965793
1.214166400,0.673201789
1.214514300,0.676437785
1.214862200,0.679673781
1.215210100,0.678909777
1.215558000,0.686145773
1.215905900,0.685381769
1.216253800,0.684617765
1.216601700,0.691853761
1.216949600,0.691089757
1.217297500,0.694325752
1.217645400,0.697561748
1.217993300,0.700797744
1.218341200,0.700033740
1.218689100,0.699269736
1.219037000,0.706505732
1.219384900,0.705741728
1.219732800,0.708977724
1.220080700,0.712213720
1.220428600,0.715449716
1.220776500,0.714685712
1.221124400,0.721921707
1.221472300,0.721157703
1.221820200,0.724393699
1.222168100,0.723629695
1.222516000,0.730865691
1.222863900,0.730101687
1.223211800,0.729337683
1.223559700,0.736573679
1.223907600,0.739809675
1.224255500,0.739045671
1.224603400,0.746281667
1.224951300,0.745517662
1.225299200,0.744753658
1.225647100,0.747989654
1.225995000,0.755225650
1.226342900,0.754461646
1.226690800,0.753697642
1.227038700,0.760933638
1.227386600,0.764169634
1.227734500,0.763405630
1.228082400,0.770641626
1.228430300,0.769877621
1.228778200,0.773113617
1.229126100,0.772349613
1.229474000,0.779585609
1.229821900,0.778821605
1.230169800,0.782057601
1.230517700,0.789293597
1.230865600,0.788529593
1.231213500,0.787765589
1.231561400,0.795001585
1.231909300,0.798237581
1.232257200,0.797473576
1.232605100,0.800709572
1.232953000,0.807945568
1.233300900,0.807181564
1.233648800,0.806417560
1.233996700,0.813653556
1.234344600,0.816889552
1.234692500,0.816125548
1.235040400,0.823361544
1.235388300,0.822597540
1.235736200,0.825833535
1.236084100,0.833069531
1.236432000,0.832305527
1.236779800,0.835542893
1.237127700,0.834778888
1.237475600,0.842014884
1.237823500,0.841250880
1.238171400,0.844486876
1.238519300,0.851722872
1.238867200,0.850958868
1.239215100,0.854194864
1.239563000,0.861430860
1.239910900,0.860666856
1.240258800,0.859902852
1.240606700,0.863138847
1.240954600,0.870374843
1.241302500,0.869610839
1.241650400,0.872846835
1.241998300,0.876082831
1.242346200,0.879318827
1.242694100,0.878554823
1.243042000,0.885790819
1.243389900,0.889026815
1.243737800,0.888262811
1.244085700,0.891498807
1.244433600,0.898734802
1.244781500,0.897970798
1.245129400,0.897206794
1.245477300,0.904442790
1.245825200,0.907678786
1.246173100,0.906914782
1.246521000,0.914150778
1.246868900,0.917386774
1.247216800,0.916622770
1.247564700,0.919858766
1.247912600,0.927094762
1.248260500,0.926330757
1.248608400,0.929566753
1.248956300,0.936802749
1.249304200,0.936038745
1.249652100,0.939274741
1.250000000,0.946510737
1.250347900,0.945746733
1.250695800,0.948982729
1.251043700,0.956218725
1.251391600,0.959454721
1.251739500,0.958690716
1.252087400,0.961926712
1.252435300,0.969162708
1.252783200,0.972398704
1.253131100,0.971634700
1.253479000,0.978870696
1.253826900,0.982106692
1.254174800,0.985342688
1.254522700,0.992578684
1.254870600,0.995814680
1.255218500,0.995050676
1.255566400,0.998286671
1.255914300,1.005522667
1.256262200,1.008758663
1.256610100,1.011994659
1.256958000,1.019230655
1.257305900,1.022466651
1.257653800,1.021702647
1.258001700,1.032938643
1.258349600,1.036174639
1.258697500,1.035410635
1.259045400,1.038646630
1.259393300,1.045882626
1.259741200,1.049118622
1.260089100,1.052354618
1.260437000,1.063590614
1.260784900,1.062826610
1.261132800,1.066062606
1.261480700,1.077298602
1.261828600,1.076534598
1.262176500,1.079770594
1.262524400,1.083006590
1.262872300,1.094242585
1.263220200,1.093478581
1.263568000,1.096715947
1.263915900,1.107951942
1.264263800,1.111187938
1.264611700,1.114423934
1.264959600,1.121659930
1.265307500,1.124895926
1.265655400,1.128131922
1.266003300,1.139367918
1.266351200,1.138603914
1.266699100,1.141839910
1.267047000,1.145075906
1.267394900,1.156311902
1.267742800,1.159547897
1.268090700,1.162783893
1.268438600,1.170019889
1.268786500,1.173255885
1.269134400,1.176491881
1.269482300,1.187727877
1.269830200,1.190963873
1.270178100,1.194199869
1.270526000,1.193435865
1.270873900,1.204671861
1.271221800,1.207907857
1.271569700,1.211143852
1.271917600,1.222379848
1.272265500,1.225615844
1.272613400,1.228851840
1.272961300,1.236087836
1.273309200,1.239323832
1.273657100,1.242559828
1.274005000,1.245795824
1.274352900,1.257031820
1.274700800,1.260267816
1.275048700,1.263503811
1.275396600,1.270739807
1.275744500,1.273975803
1.276092400,1.277211799
1.276440300,1.288447795
1.276788200,1.291683791
1.277136100,1.294919787
1.277484000,1.298155783
1.277831900,1.309391779
1.278179800,1.312627775
1.278527700,1.315863771
1.278875600,1.323099766
1.279223500,1.326335762
1.279571400,1.329571758
1.279919300,1.340807754
1.280267200,1.344043750
1.280615100,1.347279746
1.280963000,1.350515742
1.281310900,1.361751738
1.281658800,1.364987734
1.282006700,1.368223730
1.282354600,1.379459725
1.282702500,1.382695721
1.283050400,1.385931717
1.283398300,1.397167713
1.283746200,1.400403709
1.284094100,1.403639705
1.284442000,1.414875701
1.284789900,1.418111697
1.285137800,1.421347693
1.285485700,1.424583689
1.285833600,1.435819685
1.286181500,1.439055680
1.286529400,1.442291676
1.286877300,1.453527672
1.287225200,1.456763668
1.287573100,1.459999664
1.287921000,1.475235660
1.288268900,1.478471656
1.288616800,1.481707652
1.288964700,1.484943648
1.289312600,1.496179644
1.289660500,1.499415639
1.290008300,1.502653005
1.290356200,1.517889001
1.290704100,1.521124997
1.291052000,1.524360992
1.291399900,1.535596988
1.291747800,1.538832984
1.292095700,1.542068980
1.292443600,1.549304976
1.292791500,1.560540972
1.293139400,1.563776968
1.293487300,1.567012964
1.293835200,1.582248960
1.294183100,1.585484956
1.294531000,1.588720952
1.294878900,1.603956947
1.295226800,1.607192943
1.295574700,1.610428939
1.295922600,1.617664935
1.296270500,1.628900931
1.296618400,1.632136927
1.296966300,1.639372923
1.297314200,1.650608919
1.297662100,1.657844915
1.298010000,1.661080911
1.298357900,1.676316906
1.298705800,1.679552902
1.299053700,1.686788898
1.299401600,1.698024894
1.299749500,1.705260890
1.300097400,1.708496886
1.300445300,1.711732882
1.300793200,1.726968878
1.301141100,1.734204874
1.301489000,1.737440870
1.301836900,1.752676866
1.302184800,1.759912861
1.302532700,1.763148857
1.302880600,1.778384853
1.303228500,1.785620849
1.303576400,1.788856845
1.303924300,1.796092841
1.304272200,1.811328837
1.304620100,1.814564833
1.304968000,1.821800829
1.305315900,1.837036825
1.305663800,1.840272820
1.306011700,1.847508816
1.306359600,1.862744812
1.306707500,1.869980808
1.307055400,1.873216804
1.307403300,1.880452800
1.307751200,1.895688796
1.308099100,1.902924792
1.308447000,1.906160788
1.308794900,1.925396784
1.309142800,1.928632780
1.309490700,1.935868775
1.309838600,1.951104771
1.310186500,1.958340767
1.310534400,1.961576763
1.310882300,1.968812759
1.311230200,1.984048755
1.311578100,1.991284751
1.311926000,1.998520747
1.312273900,2.013756743
1.312621800,2.020992739
1.312969700,2.024228734
1.313317600,2.043464730
1.313665500,2.046700726
1.314013400,2.053936722
1.314361300,2.061172718
1.314709200,2.076408714
1.315057100,2.083644710
1.315405000,2.086880706
1.315752900,2.102116702
1.316100800,2.109352698
1.316448700,2.116588694
1.316796500,2.131826059
1.317144400,2.139062055
1.317492300,2.142298051
1.317840200,2.161534047
1.318188100,2.164770042
1.318536000,2.172006038
1.318883900,2.175242034
1.319231800,2.194478030
1.319579700,2.197714026
1.319927600,2.204950022
1.320275500,2.220186018
1.320623400,2.223422014
1.320971300,2.230658010
1.321319200,2.245894006
1.321667100,2.253130001
1.322015000,2.256365997
1.322362900,2.263601993
1.322710800,2.278837989
1.323058700,2.282073985
1.323406600,2.289309981
1.323754500,2.304545977
1.324102400,2.307781973
1.324450300,2.315017969
1.324798200,2.330253965
1.325146100,2.333489961
1.325494000,2.340725956
1.325841900,2.343961952
1.326189800,2.359197948
1.326537700,2.362433944
1.326885600,2.369669940
1.327233500,2.384905936
1.327581400,2.388141932
1.327929300,2.391377928
1.328277200,2.406613924
1.328625100,2.413849920
1.328973000,2.417085915
1.329320900,2.420321911
1.329668800,2.435557907
1.330016700,2.438793903
1.330364600,2.446029899
1.330712500,2.461265895
1.331060400,2.464501891
1.331408300,2.467737887
1.331756200,2.482973883
1.332104100,2.486209879
1.332452000,2.493445875
1.332799900,2.504681870
1.333147800,2.507917866
1.333495700,2.515153862
1.333843600,2.518389858
1.334191500,2.533625854
1.334539400,2.536861850
1.334887300,2.540097846
1.335235200,2.555333842
1.335583100,2.558569838
1.335931000,2.561805834
1.336278900,2.577041829
1.336626800,2.580277825
1.336974700,2.583513821
1.337322600,2.590749817
1.337670500,2.601985813
1.338018400,2.609221809
1.338366300,2.612457805
1.338714200,2.623693801
1.339062100,2.626929797
1.339410000,2.634165793
1.339757900,2.645401789
1.340105800,2.648637784
1.340453700,2.655873780
1.340801600,2.659109776
1.341149500,2.670345772
1.341497400,2.673581768
1.341845300,2.680817764
1.342193200,2.692053760
1.342541100,2.695289756
1.342889000,2.698525752
1.343236800,2.713763117
1.343584700,2.716999113
1.343932600,2.720235109
1.344280500,2.723471105
1.344628400,2.734707101
1.344976300,2.737943096
1.345324200,2.745179092
1.345672100,2.756415088
1.346020000,2.759651084
1.346367900,2.762887080
1.346715800,2.774123076
1.347063700,2.777359072
1.347411600,2.780595068
1.347759500,2.791831064
1.348107400,2.799067060
1.348455300,2.802303056
1.348803200,2.805539051
1.349151100,2.816775047
1.349499000,2.820011043
1.349846900,2.823247039
1.350194800,2.834483035
1.350542700,2.837719031
1.350890600,2.840955027
1.351238500,2.852191023
1.351586400,2.855427019
1.351934300,2.858663015
1.352282200,2.861899010
1.352630100,2.869135006
1.352978000,2.872371002
1.353325900,2.875606998
1.353673800,2.886842994
1.354021700,2.890078990
1.354369600,2.893314986
1.354717500,2.904550982
1.355065400,2.907786978
1.355413300,2.907022974
1.355761200,2.910258970
1.356109100,2.921494965
1.356457000,2.924730961
1.356804900,2.927966957
1.357152800,2.935202953
1.357500700,2.938438949
1.357848600,2.941674945
1.358196500,2.948910941
1.358544400,2.952146937
1.358892300,2.955382933
1.359240200,2.958618929
1.359588100,2.965854924
1.359936000,2.969090920
1.360283900,2.972326916
1.360631800,2.979562912
1.360979700,2.982798908
1.361327600,2.986034904
1.361675500,2.993270900
1.362023400,2.996506896
1.362371300,2.999742892
1.362719200,2.998978888
1.363067100,3.010214884
1.363415000,3.009450879
1.363762900,3.012686875
1.364110800,3.019922871
1.364458700,3.023158867
1.364806600,3.026394863
1.365154500,3.033630859
1.365502400,3.036866855
1.365850300,3.036102851
1.366198200,3.047338847
1.366546100,3.046574843
1.366894000,3.049810838
1.367241900,3.049046834
1.367589800,3.060282830
1.367937700,3.059518826
1.368285600,3.062754822
1.368633500,3.069990818
1.368981400,3.069226814
1.369329300,3.072462810
1.369677200,3.079698806
1.370025000,3.082936171
1.370372900,3.082172167
1.370720800,3.085408163
1.371068700,3.092644159
1.371416600,3.091880155
1.371764500,3.095116151
1.372112400,3.102352146
1.372460300,3.101588142
1.372808200,3.104824138
1.373156100,3.112060134
1.373504000,3.111296130
1.373851900,3.114532126
1.374199800,3.113768122
1.374547700,3.121004118
1.374895600,3.124240114
1.375243500,3.123476110
1.375591400,3.130712105
1.375939300,3.133948101
1.376287200,3.133184097
1.376635100,3.140420093
1.376983000,3.139656089
1.377330900,3.142892085
1.377678800,3.142128081
1.378026700,3.149364077
1.378374600,3.152600073
1.378722500,3.151836069
1.379070400,3.159072065
1.379418300,3.158308060
1.379766200,3.161544056
1.380114100,3.168780052
1.380462000,3.168016048
1.380809900,3.167252044
1.381157800,3.174488040
1.381505700,3.177724036
1.381853600,3.176960032
1.382201500,3.176196028
1.382549400,3.183432024
1.382897300,3.186668019
1.383245200,3.185904015
1.383593100,3.193140011
1.383941000,3.192376007
1.384288900,3.195612003
1.384636800,3.198847999
1.384984700,3.202083995
1.385332600,3.201319991
1.385680500,3.200555987
1.386028400,3.207791983
1.386376300,3.211027979
1.386724200,3.210263974
1.387072100,3.217499970
1.387420000,3.216735966
1.387767900,3.219971962
1.388115800,3.223207958
1.388463700,3.226443954
1.388811600,3.225679950
1.389159500,3.224915946
1.389507400,3.232151942
1.389855300,3.235387938
1.390203200,3.234623933
1.390551100,3.241859929
1.390899000,3.241095925
1.391246900,3.240331921
1.391594800,3.247567917
1.391942700,3.246803913
1.392290600,3.250039909
1.392638500,3.249275905
1.392986400,3.256511901
1.393334300,3.255747897
1.393682200,3.258983893
1.394030100,3.262219888
1.394378000,3.265455884
1.394725900,3.264691880
1.395073800,3.267927876
1.395421700,3.271163872
1.395769600,3.270399868
1.396117500,3.269635864
1.396465300,3.276873229
1.396813200,3.276109225
1.397161100,3.279345221
1.397509000,3.282581217
1.397856900,3.281817213
1.398204800,3.285053209
1.398552700,3.288289205
1.398900600,3.291525200
1.399248500,3.290761196
1.399596400,3.293997192
1.399944300,3.297233188
1.400292200,3.296469184
1.400640100,3.295705180
1.400988000,3.298941176
1.401335900,3.302177172
1.401683800,3.301413168
1.402031700,3.304649164
1.402379600,3.303885160
1.402727500,3.307121155
1.403075400,3.310357151
1.403423300,3.309593147
1.403771200,3.308829143
1.404119100,3.312065139
1.404467000,3.315301135
1.404814900,3.314537131
1.405162800,3.313773127
1.405510700,3.317009123
1.405858600,3.320245119
1.406206500,3.319481114
1.406554400,3.322717110
1.406902300,3.321953106
1.407250200,3.321189102
1.407598100,3.320425098
1.407946000,3.323661094
1.408293900,3.326897090
1.408641800,3.326133086
1.408989700,3.329369082
1.409337600,3.328605078
1.409685500,3.327841074
1.410033400,3.331077069
1.410381300,3.330313065
1.410729200,3.329549061
1.411077100,3.328785057
1.411425000,3.332021053
1.411772900,3.331257049
1.412120800,3.330493045
1.412468700,3.337729041
1.412816600,3.336965037
1.413164500,3.336201033
1.413512400,3.339437028
1.413860300,3.338673024
1.414208200,3.337909020
1.414556100,3.341145016
1.414904000,3.340381012
1.415251900,3.339617008
1.415599800,3.338853004
1.415947700,3.342089000
1.416295600,3.341324996
1.416643500,3.340560992
1.416991400,3.343796988
1.417339300,3.343032983
1.417687200,3.342268979
1.418035100,3.345504975
1.418383000,3.344740971
1.418730900,3.343976967
1.419078800,3.343212963
1.419426700,3.346448959
1.419774600,3.345684955
1.420122500,3.344920951
1.420470400,3.352156947
1.420818300,3.351392942
1.421166200,3.350628938
1.421514100,3.353864934
1.421862000,3.353100930
1.422209900,3.352336926
1.422557800,3.351572922
1.422905600,3.354810287
1.423253500,3.354046283
1.423601400,3.353282279
1.423949300,3.356518275
1.424297200,3.355754271
1.424645100,3.354990267
1.424993000,3.358226263
1.425340900,3.357462259
1.425688800,3.356698255
1.426036700,3.355934250
1.426384600,3.359170246
1.426732500,3.358406242
1.427080400,3.357642238
1.427428300,3.360878234
1.427776200,3.360114230
1.428124100,3.359350226
1.428472000,3.362586222
1.428819900,3.361822218
1.429167800,3.361058214
1.429515700,3.364294209
1.429863600,3.363530205
1.430211500,3.358766201
1.430559400,3.358002197
1.430907300,3.361238193
1.431255200,3.360474189
1.431603100,3.359710185
1.431951000,3.362946181
1.432298900,3.362182177
1.432646800,3.361418173
1.432994700,3.364654169
1.433342600,3.363890164
1.433690500,3.363126160
1.434038400,3.362362156
1.434386300,3.365598152
1.434734200,3.364834148
1.435082100,3.364070144
1.435430000,3.367306140
1.435777900,3.366542136
1.436125800,3.365778132
1.436473700,3.365014128
1.436821600,3.364250123
1.437169500,3.363486119
1.437517400,3.362722115
1.437865300,3.365958111
1.438213200,3.365194107
1.438561100,3.364430103
1.438909000,3.367666099
1.439256900,3.366902095
1.439604800,3.366138091
1.439952700,3.369374087
1.440300600,3.368610083
1.440648500,3.367846078
1.440996400,3.363082074
1.441344300,3.366318070
1.441692200,3.365554066
1.442040100,3.364790062
1.442388000,3.368026058
1.442735900,3.367262054
1.443083800,3.366498050
1.443431700,3.369734046
1.443779600,3.368970042
1.444127500,3.364206037
1.444475400,3.363442033
1.444823300,3.366678029
1.445171200,3.365914025
1.445519100,3.365150021
1.445867000,3.368386017
1.446214900,3.367622013
1.446562800,3.366858009
1.446910700,3.366094005
1.447258600,3.365330001
1.447606500,3.364565997
1.447954400,3.367801992
1.448302300,3.367037988
1.448650200,3.366273984
1.448998100,3.365509980
1.449346000,3.364745976
1.449693800,3.363983341
1.450041700,3.363219337
1.450389600,3.366455333
1.450737500,3.365691329
1.451085400,3.364927325
1.451433300,3.368163321
1.451781200,3.367399317
1.452129100,3.362635313
1.452477000,3.361871309
1.452824900,3.365107304
1.453172800,3.364343300
1.453520700,3.363579296
1.453868600,3.366815292
1.454216500,3.366051288
1.454564400,3.365287284
1.454912300,3.364523280
1.455260200,3.363759276
1.455608100,3.362995272
1.455956000,3.362231268
1.456303900,3.365467264
1.456651800,3.364703259
1.456999700,3.363939255
1.457347600,3.367175251
1.457695500,3.366411247
1.458043400,3.365647243
1.458391300,3.364883239
1.458739200,3.364119235
1.459087100,3.363355231
1.459435000,3.362591227
1.459782900,3.365827223
1.460130800,3.365063218
1.460478700,3.364299214
1.460826600,3.367535210
1.461174500,3.366771206
1.461522400,3.366007202
1.461870300,3.369243198
1.462218200,3.368479194
1.462566100,3.367715190
1.462914000,3.370951186
1.463261900,3.370187182
1.463609800,3.365423178
1.463957700,3.364659173
1.464305600,3.367895169
1.464653500,3.367131165
1.465001400,3.366367161
1.465349300,3.369603157
1.465697200,3.368839153
1.466045100,3.368075149
1.466393000,3.371311145
1.466740900,3.370547141
1.467088800,3.369783137
1.467436700,3.369019132
1.467784600,3.372255128
1.468132500,3.371491124
1.468480400,3.370727120
1.468828300,3.373963116
1.469176200,3.373199112
1.469524100,3.372435108
1.469872000,3.375671104
1.470219900,3.374907100
1.470567800,3.374143096
1.470915700,3.373379092
1.471263600,3.376615087
1.471611500,3.375851083
1.471959400,3.375087079
1.472307300,3.378323075
1.472655200,3.377559071
1.473003100,3.376795067
1.473351000,3.380031063
1.473698900,3.379267059
1.474046800,3.378503055
1.474394700,3.377739051
1.474742600,3.384975046
1.475090500,3.384211042
1.475438400,3.383447038
1.475786300,3.386683034
1.476134100,3.385920399
1.476482000,3.385156395
1.476829900,3.388392391
1.477177800,3.387628387
1.477525700,3.386864383
1.477873600,3.386100379
1.478221500,3.389336375
1.478569400,3.388572371
1.478917300,3.387808367
1.479265200,3.391044363
1.479613100,3.390280359
1.479961000,3.389516354
1.480308900,3.392752350
1.480656800,3.391988346
1.481004700,3.391224342
1.481352600,3.394460338
1.481700500,3.393696334
1.482048400,3.392932330
1.482396300,3.396168326
1.482744200,3.399404322
1.483092100,3.398640318
1.483440000,3.397876313
1.483787900,3.401112309
1.484135800,3.400348305
1.484483700,3.399584301
1.484831600,3.402820297
1.485179500,3.402056293
1.485527400,3.401292289
1.485875300,3.400528285
1.486223200,3.403764281
1.486571100,3.403000277
1.486919000,3.402236273
1.487266900,3.405472268
1.487614800,3.404708264
1.487962700,3.403944260
1.488310600,3.407180256
1.488658500,3.406416252
1.489006400,3.405652248
1.489354300,3.404888244
1.489702200,3.408124240
1.490050100,3.411360236
1.490398000,3.410596232
1.490745900,3.413832227
1.491093800,3.413068223
1.491441700,3.412304219
1.491789600,3.415540215
1.492137500,3.414776211
1.492485400,3.414012207
1.492833300,3.413248203
1.493181200,3.416484199
1.493529100,3.415720195
1.493877000,3.414956191
1.494224900,3.418192187
1.494572800,3.417428182
1.494920700,3.412664178
1.495268600,3.415900174
1.495616500,3.415136170
1.495964400,3.414372166
1.496312300,3.417608162
1.496660200,3.416844158
1.497008100,3.416080154
1.497356000,3.415316150
1.497703900,3.418552146
1.498051800,3.417788141
1.498399700,3.417024137
1.498747600,3.420260133
1.499095500,3.419496129
1.499443400,3.418732125
1.499791300,3.421968121
1.500139200,3.417204117
1.500487100,3.416440113
1.500835000,3.415676109
1.501182900,3.418912105
1.501530800,3.418148101
1.501878700,3.417384096
1.502226600,3.420620092
1.502574500,3.419856088
1.502922300,3.415093454
1.503270200,3.418329449
1.503618100,3.417565445
1.503966000,3.416801441
1.504313900,3.416037437
1.504661800,3.415273433
1.505009700,3.414509429
1.505357600,3.413745425
1.505705500,3.416981421
1.506053400,3.416217417
1.506401300,3.415453413
1.506749200,3.414689408
1.507097100,3.413925404
1.507445000,3.413161400
1.507792900,3.412397396
1.508140800,3.411633392
1.508488700,3.410869388
1.508836600,3.410105384
1.509184500,3.413341380
1.509532400,3.408577376
1.509880300,3.407813372
1.510228200,3.411049368
1.510576100,3.406285363
1.510924000,3.405521359
1.511271900,3.408757355
1.511619800,3.407993351
1.511967700,3.403229347
1.512315600,3.402465343
1.512663500,3.405701339
1.513011400,3.400937335
1.513359300,3.400173331
1.513707200,3.403409327
1.514055100,3.398645322
1.514403000,3.397881318
1.514750900,3.401117314
1.515098800,3.396353310
1.515446700,3.395589306
1.515794600,3.394825302
1.516142500,3.394061298
1.516490400,3.393297294
1.516838300,3.392533290
1.517186200,3.391769286
1.517534100,3.391005282
1.517882000,3.390241277
1.518229900,3.389477273
1.518577800,3.388713269
1.518925700,3.383949265
1.519273600,3.383185261
1.519621500,3.386421257
1.519969400,3.381657253
1.520317300,3.380893249
1.520665200,3.380129245
1.521013100,3.379365241
1.521361000,3.378601236
1.521708900,3.377837232
1.522056800,3.377073228
1.522404700,3.372309224
1.522752600,3.371545220
1.523100500,3.370781216
1.523448400,3.370017212
1.523796300,3.369253208
1.524144200,3.368489204
1.524492100,3.367725200
1.524840000,3.366961196
1.525187900,3.366197191
1.525535800,3.365433187
1.525883700,3.360669183
1.526231600,3.359905179
1.526579500,3.359141175
1.526927400,3.358377171
1.527275300,3.357613167
1.527623200,3.356849163
1.527971100,3.356085159
1.528319000,3.351321155
1.528666900,3.354557150
1.529014800,3.349793146
1.529362600,3.349030512
1.529710500,3.348266508
1.530058400,3.347502503
1.530406300,3.346738499
1.530754200,3.345974495
1.531102100,3.345210491
1.531450000,3.344446487
1.531797900,3.339682483
1.532145800,3.342918479
1.532493700,3.338154475
1.532841600,3.337390471
1.533189500,3.336626467
1.533537400,3.335862463
1.533885300,3.335098458
1.534233200,3.330334454
1.534581100,3.333570450
1.534929000,3.332806446
1.535276900,3.328042442
1.535624800,3.331278438
1.535972700,3.326514434
1.536320600,3.325750430
1.536668500,3.324986426
1.537016400,3.324222422
1.537364300,3.323458417
1.537712200,3.322694413
1.538060100,3.321930409
1.538408000,3.321166405
1.538755900,3.316402401
1.539103800,3.319638397
1.539451700,3.314874393
1.539799600,3.314110389
1.540147500,3.317346385
1.540495400,3.312582381
1.540843300,3.311818377
1.541191200,3.311054372
1.541539100,3.310290368
1.541887000,3.309526364
1.542234900,3.304762360
1.542582800,3.307998356
1.542930700,3.303234352
1.543278600,3.302470348
1.543626500,3.301706344
1.543974400,3.300942340
1.544322300,3.300178336
1.544670200,3.299414331
1.545018100,3.298650327
1.545366000,3.293886323
1.545713900,3.293122319
1.546061800,3.292358315
1.546409700,3.291594311
1.546757600,3.286830307
1.547105500,3.290066303
1.547453400,3.285302299
1.547801300,3.284538295
1.548149200,3.283774291
1.548497100,3.283010286
1.548845000,3.278246282
1.549192900,3.277482278
1.549540800,3.276718274
1.549888700,3.275954270
1.550236600,3.271190266
1.550584500,3.274426262
1.550932400,3.269662258
1.551280300,3.268898254
1.551628200,3.268134250
1.551976100,3.263370245
1.552324000,3.262606241
1.552671900,3.261842237
1.553019800,3.261078233
1.553367700,3.256314229
1.553715600,3.255550225
1.554063500,3.254786221
1.554411400,3.254022217
1.554759300,3.253258213
1.555107200,3.252494209
1.555455100,3.247730205
1.555803000,3.246966200
1.556150800,3.246203566
1.556498700,3.245439562
1.556846600,3.244675558
1.557194500,3.239911553
1.557542400,3.243147549
1.557890300,3.242383545
1.558238200,3.237619541
1.558586100,3.240855537
1.558934000,3.240091533
1.559281900,3.235327529
1.559629800,3.238563525
1.559977700,3.237799521
1.560325600,3.233035517
1.560673500,3.232271512
1.561021400,3.235507508
1.561369300,3.234743504
1.561717200,3.233979500
1.562065100,3.233215496
1.562413000,3.232451492
1.562760900,3.231687488
1.563108800,3.234923484
1.563456700,3.234159480
1.563804600,3.233395476
1.564152500,3.232631472
1.564500400,3.235867467
1.564848300,3.235103463
1.565196200,3.234339459
1.565544100,3.241575455
1.565892000,3.240811451
1.566239900,3.240047447
1.566587800,3.243283443
1.566935700,3.242519439
1.567283600,3.245755435
1.567631500,3.244991431
1.567979400,3.248227426
1.568327300,3.247463422
1.568675200,3.250699418
1.569023100,3.253935414
1.569371000,3.257171410
1.569718900,3.256407406
1.570066800,3.263643402
1.570414700,3.262879398
1.570762600,3.262115394
1.571110500,3.265351390
1.571458400,3.272587386
1.571806300,3.271823381
1.572154200,3.271059377
1.572502100,3.278295373
1.572850000,3.281531369
1.573197900,3.280767365
1.573545800,3.288003361
1.573893700,3.291239357
1.574241600,3.290475353
1.574589500,3.293711349
1.574937400,3.300947345
1.575285300,3.300183340
1.575633200,3.303419336
1.575981100,3.310655332
1.576329000,3.313891328
1.576676900,3.313127324
1.577024800,3.320363320
1.577372700,3.323599316
1.577720600,3.322835312
1.578068500,3.334071308
1.578416400,3.333307304
1.578764300,3.336543300
1.579112200,3.339779295
1.579460100,3.347015291
1.579808000,3.346251287
1.580155900,3.349487283
1.580503800,3.356723279
1.580851700,3.359959275
1.581199600,3.363195271
1.581547500,3.370431267
1.581895400,3.369667263
1.582243300,3.372903259
1.582591100,3.376140624
1.582939000,3.383376620
1.583286900,3.386612616
1.583634800,3.385848612
1.583982700,3.397084607
1.584330600,3.396320603
1.584678500,3.399556599
1.585026400,3.406792595
1.585374300,3.410028591
1.585722200,3.413264587
1.586070100,3.416500583
1.586418000,3.423736579
1.586765900,3.426972575
1.587113800,3.426208571
1.587461700,3.437444567
1.587809600,3.440680562
1.588157500,3.439916558
1.588505400,3.451152554
1.588853300,3.450388550
1.589201200,3.453624546
1.589549100,3.456860542
1.589897000,3.464096538
1.590244900,3.467332534
1.590592800,3.470568530
1.590940700,3.481804526
1.591288600,3.481040521
1.591636500,3.484276517
1.591984400,3.495512513
1.592332300,3.498748509
1.592680200,3.501984505
1.593028100,3.509220501
1.593376000,3.512456497
1.593723900,3.515692493
1.594071800,3.518928489
1.594419700,3.530164485
1.594767600,3.533400481
1.595115500,3.536636476
1.595463400,3.547872472
1.595811300,3.551108468
1.596159200,3.554344464
1.596507100,3.565580460
1.596855000,3.568816456
1.597202900,3.572052452
1.597550800,3.575288448
1.597898700,3.586524444
1.598246600,3.589760440
1.598594500,3.592996435
1.598942400,3.604232431
1.599290300,3.607468427
1.599638200,3.610704423
1.599986100,3.621940419
1.600334000,3.625176415
1.600681900,3.628412411
1.601029800,3.635648407
1.601377700,3.646884403
1.601725600,3.650120399
1.602073500,3.653356395
1.602421400,3.664592390
1.602769300,3.667828386
1.603117200,3.675064382
1.603465100,3.686300378
1.603813000,3.689536374
1.604160900,3.692772370
1.604508800,3.696008366
1.604856700,3.711244362
1.605204600,3.714480358
1.605552500,3.717716354
1.605900400,3.728952350
1.606248300,3.736188345
1.606596200,3.739424341
1.606944100,3.750660337
1.607292000,3.753896333
1.607639900,3.757132329
1.607987800,3.764368325
1.608335700,3.775604321
1.608683600,3.778840317
1.609031500,3.782076313
1.609379300,3.793313678
1.609727200,3.796549674
1.610075100,3.803785670
1.610423000,3.815021666
1.610770900,3.818257662
1.611118800,3.821493657
1.611466700,3.832729653
1.611814600,3.835965649
1.612162500,3.839201645
1.612510400,3.842437641
1.612858300,3.853673637
1.613206200,3.860909633
1.613554100,3.864145629
1.613902000,3.875381625
1.614249900,3.878617621
1.614597800,3.881853616
1.614945700,3.893089612
1.615293600,3.896325608
1.615641500,3.899561604
1.615989400,3.902797600
1.616337300,3.910033596
1.616685200,3.913269592
1.617033100,3.916505588
1.617381000,3.927741584
1.617728900,3.930977580
1.618076800,3.934213576
1.618424700,3.945449571
1.618772600,3.948685567
1.619120500,3.951921563
1.619468400,3.951157559
1.619816300,3.962393555
1.620164200,3.965629551
1.620512100,3.968865547
1.620860000,3.980101543
1.621207900,3.979337539
1.621555800,3.982573535
1.621903700,3.993809530
1.622251600,3.997045526
1.622599500,3.996281522
1.622947400,3.999517518
1.623295300,4.010753514
1.623643200,4.013989510
1.623991100,4.013225506
1.624339000,4.024461502
1.624686900,4.027697498
1.625034800,4.026933494
1.625382700,4.038169490
1.625730600,4.041405485
1.626078500,4.040641481
1.626426400,4.051877477
1.626774300,4.055113473
1.627122200,4.054349469
1.627470100,4.057585465
1.627818000,4.064821461
1.628165900,4.068057457
1.628513800,4.071293453
1.628861700,4.078529449
1.629209600,4.081765445
1.629557500,4.085001440
1.629905400,4.092237436
1.630253300,4.091473432
1.630601200,4.094709428
1.630949100,4.097945424
1.631297000,4.105181420
1.631644900,4.108417416
1.631992800,4.107653412
1.632340700,4.114889408
1.632688600,4.118125404
1.633036500,4.121361399
1.633384400,4.128597395
1.633732300,4.127833391
1.634080200,4.131069387
1.634428100,4.130305383
1.634776000,4.141541379
1.635123900,4.140777375
1.635471800,4.144013371
1.635819600,4.151250736
1.636167500,4.150486732
1.636515400,4.153722728
1.636863300,4.160958724
1.637211200,4.160194720
1.637559100,4.163430716
1.637907000,4.162666711
1.638254900,4.169902707
1.638602800,4.169138703
1.638950700,4.172374699
1.639298600,4.179610695
1.639646500,4.178846691
1.639994400,4.178082687
1.640342300,4.185318683
1.640690200,4.188554679
1.641038100,4.187790675
1.641386000,4.195026671
1.641733900,4.194262666
1.642081800,4.193498662
1.642429700,4.196734658
1.642777600,4.199970654
1.643125500,4.203206650
1.643473400,4.202442646
1.643821300,4.209678642
1.644169200,4.208914638
1.644517100,4.208150634
1.644865000,4.215386630
1.645212900,4.214622625
1.645560800,4.213858621
1.645908700,4.217094617
1.646256600,4.220330613
1.646604500,4.219566609
1.646952400,4.222802605
1.647300300,4.226038601
1.647648200,4.225274597
1.647996100,4.228510593
1.648344000,4.231746589
1.648691900,4.230982585
1.649039800,4.234218580
1.649387700,4.233454576
1.649735600,4.236690572
1.650083500,4.239926568
1.650431400,4.239162564
1.650779300,4.242398560
1.651127200,4.241634556
1.651475100,4.244870552
1.651823000,4.248106548
1.652170900,4.247342544
1.652518800,4.250578540
1.652866700,4.249814535
1.653214600,4.253050531
1.653562500,4.252286527
1.653910400,4.255522523
1.654258300,4.258758519
1.654606200,4.257994515
1.654954100,4.257230511
1.655302000,4.264466507
1.655649900,4.263702503
1.655997800,4.262938499
1.656345700,4.262174494
1.656693600,4.269410490
1.657041500,4.268646486
1.657389400,4.267882482
1.657737300,4.271118478
1.658085200,4.270354474
1.658433100,4.273590470
1.658781000,4.276826466
1.659128900,4.276062462
1.659476800,4.275298458
1.659824700,4.282534454
1.660172600,4.281770449
1.660520500,4.281006445
1.660868400,4.280242441
1.661216300,4.283478437
1.661564200,4.282714433
1.661912100,4.285950429
1.662259900,4.289187794
1.662607800,4.288423790
1.662955700,4.287659786
1.663303600,4.290895782
1.663651500,4.290131778
1.663999400,4.289367774
1.664347300,4.292603770
1.664695200,4.295839766
1.665043100,4.295075761
1.665391000,4.294311757
1.665738900,4.297547753
1.666086800,4.296783749
1.666434700,4.296019745
1.666782600,4.299255741
1.667130500,4.298491737
1.667478400,4.297727733
1.667826300,4.296963729
1.668174200,4.300199725
1.668522100,4.303435720
1.668870000,4.302671716
1.669217900,4.305907712
1.669565800,4.305143708
1.669913700,4.304379704
1.670261600,4.307615700
1.670609500,4.306851696
1.670957400,4.306087692
1.671305300,4.305323688
1.671653200,4.308559684
1.672001100,4.307795680
1.672349000,4.307031675
1.672696900,4.310267671
1.673044800,4.309503667
1.673392700,4.308739663
1.673740600,4.311975659
1.674088500,4.311211655
1.674436400,4.310447651
1.674784300,4.313683647
1.675132200,4.312919643
1.675480100,4.312155639
1.675828000,4.311391635
1.676175900,4.314627630
1.676523800,4.313863626
1.676871700,4.313099622
1.677219600,4.316335618
1.677567500,4.315571614
1.677915400,4.318807610
1.678263300,4.322043606
1.678611200,4.321279602
1.678959100,4.320515598
1.679307000,4.319751594
1.679654900,4.322987589
1.680002800,4.322223585
1.680350700,4.321459581
1.680698600,4.328695577
1.681046500,4.327931573
1.681394400,4.327167569
1.681742300,4.330403565
1.682090200,4.329639561
1.682438100,4.328875557
1.682786000,4.328111553
1.683133900,4.335347549
1.683481800,4.334583544
1.683829700,4.333819540
1.684177600,4.337055536
1.684525500,4.340291532
1.684873400,4.339527528
1.685221300,4.342763524
1.685569200,4.341999520
1.685917100,4.345235516
1.686265000,4.344471512
1.686612900,4.347707508
1.686960800,4.346943503
1.687308700,4.350179499
1.687656600,4.353415495
1.688004500,4.352651491
1.688352400,4.355887487
1.688700300,4.359123483
1.689048100,4.358360848
1.689396000,4.361596844
1.689743900,4.360832840
1.690091800,4.364068836
1.690439700,4.367304832
1.690787600,4.366540828
1.691135500,4.369776824
1.691483400,4.369012820
1.691831300,4.372248815
1.692179200,4.375484811
1.692527100,4.374720807
1.692875000,4.377956803
1.693222900,4.381192799
1.693570800,4.380428795
1.693918700,4.379664791
1.694266600,4.382900787
1.694614500,4.386136783
1.694962400,4.385372779
1.695310300,4.384608775
1.695658200,4.391844770
1.696006100,4.391080766
1.696354000,4.390316762
1.696701900,4.393552758
1.697049800,4.396788754
1.697397700,4.396024750
1.697745600,4.395260746
1.698093500,4.398496742
1.698441400,4.397732738
1.698789300,4.396968734
1.699137200,4.404204730
1.699485100,4.403440725
1.699833000,4.402676721
1.700180900,4.405912717
1.700528800,4.405148713
1.700876700,4.404384709
1.701224600,4.403620705
1.701572500,4.406856701
1.701920400,4.406092697
1.702268300,4.405328693
1.702616200,4.408564689
1.702964100,4.407800684
1.703312000,4.407036680
1.703659900,4.410272676
1.704007800,4.409508672
1.704355700,4.408744668
1.704703600,4.407980664
1.705051500,4.411216660
1.705399400,4.410452656
1.705747300,4.409688652
1.706095200,4.412924648
1.706443100,4.412160644
1.706791000,4.411396639
1.707138900,4.414632635
1.707486800,4.413868631
1.707834700,4.413104627
1.708182600,4.416340623
1.708530500,4.415576619
1.708878400,4.414812615
1.709226300,4.414048611
1.709574200,4.413284607
1.709922100,4.412520603
1.710270000,4.411756598
1.710617900,4.414992594
1.710965800,4.414228590
1.711313700,4.413464586
1.711661600,4.416700582
1.712009500,4.415936578
1.712357400,4.411172574
1.712705300,4.410408570
1.713053200,4.413644566
1.713401100,4.412880562
1.713749000,4.412116558
1.714096900,4.411352553
1.714444800,4.410588549
1.714792700,4.409824545
1.715140600,4.413060541
1.715488400,4.412297906
1.715836300,4.411533902
1.716184200,4.406769898
1.716532100,4.410005894
1.716880000,4.409241890
1.717227900,4.408477886
1.717575800,4.407713882
1.717923700,4.406949878
1.718271600,4.406185874
1.718619500,4.409421870
1.718967400,4.404657865
1.719315300,4.403893861
1.719663200,4.403129857
1.720011100,4.406365853
1.720359000,4.401601849
1.720706900,4.400837845
1.721054800,4.404073841
1.721402700,4.403309837
1.721750600,4.398545833
1.722098500,4.401781829
1.722446400,4.401017825
1.722794300,4.400253820
1.723142200,4.399489816
1.723490100,4.398725812
1.723838000,4.397961808
1.724185900,4.393197804
1.724533800,4.396433800
1.724881700,4.395669796
1.725229600,4.394905792
1.725577500,4.394141788
1.725925400,4.393377784
1.726273300,4.392613779
1.726621200,4.391849775
1.726969100,4.391085771
1.727317000,4.390321767
1.727664900,4.385557763
1.728012800,4.388793759
1.728360700,4.388029755
1.728708600,4.383265751
1.729056500,4.386501747
1.729404400,4.385737743
1.729752300,4.380973739
1.730100200,4.384209734
1.730448100,4.383445730
1.730796000,4.378681726
1.731143900,4.377917722
1.731491800,4.377153718
1.731839700,4.376389714
1.732187600,4.375625710
1.732535500,4.374861706
1.732883400,4.374097702
1.733231300,4.373333698
1.733579200,4.372569693
1.733927100,4.371805689
1.734275000,4.371041685
1.734622900,4.366277681
1.734970800,4.369513677
1.735318700,4.364749673
1.735666600,4.363985669
1.736014500,4.367221665
1.736362400,4.362457661
1.736710300,4.361693657
1.737058200,4.360929653
1.737406100,4.360165648
1.737754000,4.359401644
1.738101900,4.354637640
1.738449800,4.357873636
1.738797700,4.357109632
1.739145600,4.352345628
1.739493500,4.355581624
1.739841400,4.350817620
1.740189300,4.350053616
1.740537200,4.349289612
1.740885100,4.348525607
1.741233000,4.347761603
1.741580900,4.346997599
1.741928800,4.346233595
1.742276600,4.341470960
1.742624500,4.340706956
1.742972400,4.339942952
1.743320300,4.339178948
1.743668200,4.338414944
1.744016100,4.337650940
1.744364000,4.336886936
1.744711900,4.332122932
1.745059800,4.335358928
1.745407700,4.330594924
1.745755600,4.329830920
1.746103500,4.329066915
1.746451400,4.328302911
1.746799300,4.327538907
1.747147200,4.322774903
1.747495100,4.326010899
1.747843000,4.321246895
1.748190900,4.320482891
1.748538800,4.319718887
1.748886700,4.318954883
1.749234600,4.314190879
1.749582500,4.313426874
1.749930400,4.312662870
1.750278300,4.311898866
1.750626200,4.311134862
1.750974100,4.310370858
1.751322000,4.305606854
1.751669900,4.304842850
1.752017800,4.304078846
1.752365700,4.303314842
1.752713600,4.298550838
1.753061500,4.297786834
1.753409400,4.297022829
1.753757300,4.296258825
1.754105200,4.291494821
1.754453100,4.294730817
1.754801000,4.289966813
1.755148900,4.289202809
1.755496800,4.288438805
1.755844700,4.287674801
1.756192600,4.282910797
1.756540500,4.282146793
1.756888400,4.281382788
1.757236300,4.280618784
1.757584200,4.275854780
1.757932100,4.275090776
1.758280000,4.274326772
1.758627900,4.269562768
1.758975800,4.268798764
1.759323700,4.268034760
1.759671600,4.267270756
1.760019500,4.266506752
1.760367400,4.261742748
1.760715300,4.260978743
1.761063200,4.256214739
1.761411100,4.255450735
1.761759000,4.254686731
1.762106900,4.253922727
1.762454800,4.253158723
1.762802700,4.248394719
1.763150600,4.247630715
1.763498500,4.246866711
1.763846400,4.242102707
1.764194300,4.241338702
1.764542200,4.236574698
1.764890100,4.239810694
1.765238000,4.235046690
1.765585900,4.234282686
1.765933800,4.233518682
1.766281700,4.228754678
1.766629600,4.227990674
1.766977500,4.227226670
1.767325400,4.222462666
1.767673300,4.221698662
1.768021200,4.220934657
1.768369100,4.220170653
1.768716900,4.215408019
1.769064800,4.214644015
1.769412700,4.213880010
1.769760600,4.209116006
1.770108500,4.208352002
1.770456400,4.207587998
1.770804300,4.206823994
1.771152200,4.202059990
1.771500100,4.201295986
1.771848000,4.200531982
1.772195900,4.195767978
1.772543800,4.195003974
1.772891700,4.194239969
1.773239600,4.193475965
1.773587500,4.188711961
1.773935400,4.187947957
1.774283300,4.187183953
1.774631200,4.186419949
1.774979100,4.185655945
1.775327000,4.180891941
1.775674900,4.180127937
1.776022800,4.179363933
1.776370700,4.178599929
1.776718600,4.173835924
1.777066500,4.173071920
1.777414400,4.172307916
1.777762300,4.171543912
1.778110200,4.166779908
1.778458100,4.170015904
1.778806000,4.165251900
1.779153900,4.164487896
1.779501800,4.159723892
1.779849700,4.162959888
1.780197600,4.158195883
1.780545500,4.157431879
1.780893400,4.156667875
1.781241300,4.155903871
1.781589200,4.151139867
1.781937100,4.154375863
1.782285000,4.149611859
1.782632900,4.148847855
1.782980800,4.144083851
1.783328700,4.147319847
1.783676600,4.142555843
1.784024500,4.141791838
1.784372400,4.141027834
1.784720300,4.140263830
1.785068200,4.135499826
1.785416100,4.134735822
1.785764000,4.133971818
1.786111900,4.129207814
1.786459800,4.128443810
1.786807700,4.127679806
1.787155600,4.126915802
1.787503500,4.122151797
1.787851400,4.121387793
1.788199300,4.120623789
1.788547200,4.115859785
1.788895100,4.115095781
1.789243000,4.114331777
1.789590900,4.113567773
1.789938800,4.112803769
1.790286700,4.108039765
1.790634600,4.107275761
1.790982500,4.102511757
1.791330400,4.101747752
1.791678300,4.096983748
1.792026200,4.096219744
1.792374100,4.095455740
1.792722000,4.090691736
1.793069900,4.089927732
1.793417800,4.085163728
1.793765700,4.084399724
1.794113600,4.079635720
1.794461500,4.078871716
1.794809400,4.078107711
1.795157300,4.073343707
1.795505100,4.068581073
1.795853000,4.067817069
1.796200900,4.063053064
1.796548800,4.062289060
1.796896700,4.057525056
1.797244600,4.056761052
1.797592500,4.051997048
1.797940400,4.047233044
1.798288300,4.046469040
1.798636200,4.041705036
1.798984100,4.040941032
1.799332000,4.036177028
1.799679900,4.031413024
1.800027800,4.030649019
1.800375700,4.025885015
1.800723600,4.021121011
1.801071500,4.020357007
1.801419400,4.015593003
1.801767300,4.010828999
1.802115200,4.010064995
1.802463100,4.005300991
1.802811000,4.000536987
1.803158900,3.995772983
1.803506800,3.995008978
1.803854700,3.990244974
1.804202600,3.985480970
1.804550500,3.980716966
1.804898400,3.979952962
1.805246300,3.975188958
1.805594200,3.970424954
1.805942100,3.965660950
1.806290000,3.960896946
1.806637900,3.960132942
1.806985800,3.955368938
1.807333700,3.950604933
1.807681600,3.945840929
1.808029500,3.941076925
1.808377400,3.936312921
1.808725300,3.935548917
1.809073200,3.930784913
1.809421100,3.926020909
1.809769000,3.921256905
1.810116900,3.916492901
1.810464800,3.911728897
1.810812700,3.906964892
1.811160600,3.902200888
1.811508500,3.901436884
1.811856400,3.896672880
1.812204300,3.891908876
1.812552200,3.887144872
1.812900100,3.882380868
1.813248000,3.877616864
1.813595900,3.872852860
1.813943800,3.868088856
1.814291700,3.863324852
1.814639600,3.858560847
1.814987500,3.853796843
1.815335400,3.853032839
1.815683300,3.848268835
1.816031200,3.843504831
1.816379100,3.838740827
1.816727000,3.833976823
1.817074900,3.829212819
1.817422800,3.824448815
1.817770700,3.819684811
1.818118600,3.814920806
1.818466500,3.810156802
1.818814400,3.805392798
1.819162300,3.804628794
1.819510200,3.799864790
1.819858100,3.795100786
1.820206000,3.790336782
1.820553900,3.785572778
1.820901800,3.780808774
1.821249700,3.776044770
1.821597600,3.771280766
1.821945400,3.766518131
1.822293300,3.761754127
1.822641200,3.756990123
1.822989100,3.752226119
1.823337000,3.751462114
1.823684900,3.746698110
1.824032800,3.741934106
1.824380700,3.737170102
1.824728600,3.732406098
1.825076500,3.727642094
1.825424400,3.722878090
1.825772300,3.718114086
1.826120200,3.713350082
1.826468100,3.708586078
1.826816000,3.703822073
1.827163900,3.703058069
1.827511800,3.698294065
1.827859700,3.693530061
1.828207600,3.688766057
1.828555500,3.684002053
1.828903400,3.679238049
1.829251300,3.674474045
1.829599200,3.669710041
1.829947100,3.664946037
1.830295000,3.660182033
1.830642900,3.655418028
1.830990800,3.650654024
1.831338700,3.645890020
1.831686600,3.645126016
1.832034500,3.640362012
1.832382400,3.635598008
1.832730300,3.630834004
1.833078200,3.626070000
1.833426100,3.621305996
1.833774000,3.616541992
1.834121900,3.611777987
1.834469800,3.607013983
1.834817700,3.602249979
1.835165600,3.597485975
1.835513500,3.592721971
1.835861400,3.587957967
1.836209300,3.583193963
1.836557200,3.578429959
1.836905100,3.573665955
1.837253000,3.568901951
1.837600900,3.564137947
1.837948800,3.559373942
1.838296700,3.554609938
1.838644600,3.549845934
1.838992500,3.545081930
1.839340400,3.536317926
1.839688300,3.531553922
1.840036200,3.526789918
1.840384100,3.522025914
1.840732000,3.517261910
1.841079900,3.512497906
1.841427800,3.507733901
1.841775700,3.502969897
1.842123600,3.498205893
1.842471500,3.489441889
1.842819400,3.484677885
1.843167300,3.479913881
1.843515200,3.475149877
1.843863100,3.470385873
1.844211000,3.465621869
1.844558900,3.456857865
1.844906800,3.452093861
1.845254700,3.447329856
1.845602600,3.442565852
1.845950500,3.437801848
1.846298400,3.429037844
1.846646300,3.424273840
1.846994200,3.419509836
1.847342100,3.414745832
1.847690000,3.405981828
1.848037900,3.401217824
1.848385800,3.396453820
1.848733600,3.391691185
1.849081500,3.382927181
1.849429400,3.378163177
1.849777300,3.373399173
1.850125200,3.368635168
1.850473100,3.359871164
1.850821000,3.355107160
1.851168900,3.350343156
1.851516800,3.345579152
1.851864700,3.336815148
1.852212600,3.332051144
1.852560500,3.327287140
1.852908400,3.322523136
1.853256300,3.313759132
1.853604200,3.308995128
1.853952100,3.304231123
1.854300000,3.299467119
1.854647900,3.290703115
1.854995800,3.285939111
1.855343700,3.281175107
1.855691600,3.272411103
1.856039500,3.267647099
1.856387400,3.262883095
1.856735300,3.254119091
1.857083200,3.249355087
1.857431100,3.244591082
1.857779000,3.239827078
1.858126900,3.231063074
1.858474800,3.226299070
1.858822700,3.221535066
1.859170600,3.216771062
1.859518500,3.208007058
1.859866400,3.203243054
1.860214300,3.198479050
1.860562200,3.193715046
1.860910100,3.184951042
1.861258000,3.180187037
1.861605900,3.175423033
1.861953800,3.170659029
1.862301700,3.161895025
1.862649600,3.157131021
1.862997500,3.152367017
1.863345400,3.147603013
1.863693300,3.138839009
1.864041200,3.134075005
1.864389100,3.129311001
1.864737000,3.124546996
1.865084900,3.115782992
1.865432800,3.111018988
1.865780700,3.106254984
1.866128600,3.097490980
1.866476500,3.092726976
1.866824400,3.087962972
1.867172300,3.083198968
1.867520200,3.074434964
1.867868100,3.069670960
1.868216000,3.064906956
1.868563900,3.060142951
1.868911800,3.055378947
1.869259700,3.046614943
1.869607600,3.041850939
1.869955500,3.037086935
1.870303400,3.032322931
1.870651300,3.023558927
1.870999200,3.018794923
1.871347100,3.014030919
1.871695000,3.005266915
1.872042900,3.000502910
1.872390800,2.995738906
1.872738700,2.990974902
1.873086600,2.982210898
1.873434500,2.977446894
1.873782400,2.972682890
1.874130300,2.967918886
1.874478200,2.959154882
1.874826100,2.954390878
1.875173900,2.949628243
1.875521800,2.940864239
1.875869700,2.936100235
1.876217600,2.931336231
1.876565500,2.922572227
1.876913400,2.917808223
1.877261300,2.913044218
1.877609200,2.904280214
1.877957100,2.899516210
1.878305000,2.894752206
1.878652900,2.885988202
1.879000800,2.881224198
1.879348700,2.876460194
1.879696600,2.867696190
1.880044500,2.862932186
1.880392400,2.858168182
1.880740300,2.849404177
1.881088200,2.844640173
1.881436100,2.835876169
1.881784000,2.831112165
1.882131900,2.822348161
1.882479800,2.817584157
1.882827700,2.812820153
1.883175600,2.804056149
1.883523500,2.799292145
1.883871400,2.790528141
1.884219300,2.785764137
1.884567200,2.777000132
1.884915100,2.772236128
1.885263000,2.767472124
1.885610900,2.758708120
1.885958800,2.749944116
1.886306700,2.745180112
1.886654600,2.736416108
1.887002500,2.731652104
1.887350400,2.722888100
1.887698300,2.718124096
1.888046200,2.709360091
1.888394100,2.704596087
1.888742000,2.699832083
1.889089900,2.691068079
1.889437800,2.682304075
1.889785700,2.677540071
1.890133600,2.668776067
1.890481500,2.664012063
1.890829400,2.655248059
1.891177300,2.650484055
1.891525200,2.641720051
1.891873100,2.636956046
1.892221000,2.628192042
1.892568900,2.623428038
1.892916800,2.614664034
1.893264700,2.609900030
1.893612600,2.601136026
1.893960500,2.596372022
1.894308400,2.587608018
1.894656300,2.582844014
1.895004200,2.574080010
1.895352100,2.569316005
1.895700000,2.560552001
1.896047900,2.551787997
1.896395800,2.547023993
1.896743700,2.542259989
1.897091600,2.533495985
1.897439500,2.524731981
1.897787400,2.519967977
1.898135300,2.515203973
1.898483200,2.506439969
1.898831100,2.501675965
1.899179000,2.492911960
1.899526900,2.484147956
1.899874800,2.479383952
1.900222700,2.474619948
1.900570600,2.465855944
1.900918500,2.457091940
1.901266400,2.452327936
1.901614200,2.447565301
1.901962100,2.438801297
1.902310000,2.434037293
1.902657900,2.425273289
1.903005800,2.416509285
1.903353700,2.411745281
1.903701600,2.406981277
1.904049500,2.398217272
1.904397400,2.389453268
1.904745300,2.384689264
1.905093200,2.375925260
1.905441100,2.371161256
1.905789000,2.362397252
1.906136900,2.357633248
1.906484800,2.348869244
1.906832700,2.344105240
1.907180600,2.335341236
1.907528500,2.330577232
1.907876400,2.321813227
1.908224300,2.317049223
1.908572200,2.308285219
1.908920100,2.299521215
1.909268000,2.294757211
1.909615900,2.289993207
1.909963800,2.281229203
1.910311700,2.272465199
1.910659600,2.267701195
1.911007500,2.258937191
1.911355400,2.250173186
1.911703300,2.245409182
1.912051200,2.236645178
1.912399100,2.231881174
1.912747000,2.223117170
1.913094900,2.218353166
1.913442800,2.209589162
1.913790700,2.200825158
1.914138600,2.196061154
1.914486500,2.187297150
1.914834400,2.178533146
1.915182300,2.173769141
1.915530200,2.165005137
1.915878100,2.156241133
1.916226000,2.151477129
1.916573900,2.142713125
1.916921800,2.133949121
1.917269700,2.129185117
1.917617600,2.120421113
1.917965500,2.111657109
1.918313400,2.102893105
1.918661300,2.098129100
1.919009200,2.089365096
1.919357100,2.080601092
1.919705000,2.075837088
1.920052900,2.067073084
1.920400800,2.058309080
1.920748700,2.053545076
1.921096600,2.044781072
1.921444500,2.036017068
1.921792400,2.031253064
1.922140300,2.022489060
1.922488200,2.013725055
1.922836100,2.004961051
1.923184000,2.000197047
1.923531900,1.991433043
1.923879800,1.982669039
1.924227700,1.977905035
1.924575600,1.969141031
1.924923500,1.960377027
1.925271400,1.955613023
1.925619300,1.946849019
1.925967200,1.938085014
1.926315100,1.933321010
1.926663000,1.924557006
1.927010900,1.915793002
1.927358800,1.911028998
1.927706700,1.902264994
1.928054600,1.897500990
1.928402400,1.888738355
1.928750300,1.879974351
1.929098200,1.875210347
1.929446100,1.866446343
1.929794000,1.857682339
1.930141900,1.852918335
1.930489800,1.844154331
1.930837700,1.839390327
1.931185600,1.830626322
1.931533500,1.825862318
1.931881400,1.817098314
1.932229300,1.808334310
1.932577200,1.803570306
1.932925100,1.794806302
1.933273000,1.790042298
1.933620900,1.785278294
1.933968800,1.776514290
1.934316700,1.771750286
1.934664600,1.762986281
1.935012500,1.758222277
1.935360400,1.749458273
1.935708300,1.744694269
1.936056200,1.739930265
1.936404100,1.731166261
1.936752000,1.726402257
1.937099900,1.721638253
1.937447800,1.712874249
1.937795700,1.708110245
1.938143600,1.699346241
1.938491500,1.694582236
1.938839400,1.689818232
1.939187300,1.685054228
1.939535200,1.676290224
1.939883100,1.671526220
1.940231000,1.666762216
1.940578900,1.661998212
1.940926800,1.653234208
1.941274700,1.648470204
1.941622600,1.643706200
1.941970500,1.638942195
1.942318400,1.630178191
1.942666300,1.625414187
1.943014200,1.620650183
1.943362100,1.615886179
1.943710000,1.611122175
1.944057900,1.606358171
1.944405800,1.597594167
1.944753700,1.592830163
1.945101600,1.588066159
1.945449500,1.583302155
1.945797400,1.578538150
1.946145300,1.573774146
1.946493200,1.569010142
1.946841100,1.560246138
1.947189000,1.555482134
1.947536900,1.550718130
1.947884800,1.545954126
1.948232700,1.541190122
1.948580600,1.536426118
1.948928500,1.531662114
1.949276400,1.526898109
1.949624300,1.522134105
1.949972200,1.513370101
1.950320100,1.508606097
1.950668000,1.503842093
1.951015900,1.499078089
1.951363800,1.494314085
1.951711700,1.489550081
1.952059600,1.484786077
1.952407500,1.480022073
1.952755400,1.475258069
1.953103300,1.470494064
1.953451200,1.461730060
1.953799100,1.456966056
1.954147000,1.452202052
1.954494900,1.447438048
1.954842700,1.442675413
1.955190600,1.437911409
1.955538500,1.433147405
1.955886400,1.428383401
1.956234300,1.423619397
1.956582200,1.418855393
1.956930100,1.410091389
1.957278000,1.405327385
1.957625900,1.400563381
1.957973800,1.395799376
1.958321700,1.391035372
1.958669600,1.386271368
1.959017500,1.381507364
1.959365400,1.376743360
1.959713300,1.371979356
1.960061200,1.367215352
1.960409100,1.358451348
1.960757000,1.353687344
1.961104900,1.348923340
1.961452800,1.344159336
1.961800700,1.339395331
1.962148600,1.334631327
1.962496500,1.329867323
1.962844400,1.325103319
1.963192300,1.320339315
1.963540200,1.315575311
1.963888100,1.310811307
1.964236000,1.306047303
1.964583900,1.301283299
1.964931800,1.292519295
1.965279700,1.287755290
1.965627600,1.282991286
1.965975500,1.278227282
1.966323400,1.273463278
1.966671300,1.268699274
1.967019200,1.263935270
1.967367100,1.259171266
1.967715000,1.254407262
1.968062900,1.249643258
1.968410800,1.244879254
1.968758700,1.240115250
1.969106600,1.235351245
1.969454500,1.230587241
1.969802400,1.225823237
1.970150300,1.221059233
1.970498200,1.216295229
1.970846100,1.211531225
1.971194000,1.206767221
1.971541900,1.202003217
1.971889800,1.197239213
1.972237700,1.192475209
1.972585600,1.183711204
1.972933500,1.178947200
1.973281400,1.174183196
1.973629300,1.169419192
1.973977200,1.164655188
1.974325100,1.159891184
1.974673000,1.155127180
1.975020900,1.150363176
1.975368800,1.145599172
1.975716700,1.140835168
1.976064600,1.136071164
1.976412500,1.131307159
1.976760400,1.126543155
1.977108300,1.121779151
1.977456200,1.117015147
1.977804100,1.112251143
1.978152000,1.107487139
1.978499900,1.102723135
1.978847800,1.097959131
1.979195700,1.093195127
1.979543600,1.084431123
1.979891500,1.079667118
1.980239400,1.074903114
1.980587300,1.070139110
1.980935200,1.065375106
1.981283100,1.060611102
1.981630900,1.055848467
1.981978800,1.051084463
1.982326700,1.046320459
1.982674600,1.037556455
1.983022500,1.032792451
1.983370400,1.028028447
1.983718300,1.023264443
1.984066200,1.018500439
1.984414100,1.013736435
1.984762000,1.004972431
1.985109900,1.000208426
1.985457800,0.995444422
1.985805700,0.990680418
1.986153600,0.985916414
1.986501500,0.981152410
1.986849400,0.972388406
1.987197300,0.967624402
1.987545200,0.962860398
1.987893100,0.958096394
1.988241000,0.953332390
1.988588900,0.944568385
1.988936800,0.939804381
1.989284700,0.935040377
1.989632600,0.930276373
1.989980500,0.925512369
1.990328400,0.916748365
1.990676300,0.911984361
1.991024200,0.907220357
1.991372100,0.902456353
1.991720000,0.897692349
1.992067900,0.888928345
1.992415800,0.884164340
1.992763700,0.879400336
1.993111600,0.874636332
1.993459500,0.869872328
1.993807400,0.861108324
1.994155300,0.856344320
1.994503200,0.851580316
1.994851100,0.846816312
1.995199000,0.842052308
1.995546900,0.833288304
1.995894800,0.828524299
1.996242700,0.823760295
1.996590600,0.818996291
1.996938500,0.814232287
1.997286400,0.809468283
1.997634300,0.800704279
1.997982200,0.795940275
1.998330100,0.791176271
1.998678000,0.786412267
1.999025900,0.781648263
1.999373800,0.776884259
1.999721700,0.772120254
2.000069600,0.767356250
2.000417500,0.758592246
2.000765400,0.753828242
2.001113300,0.749064238
2.001461200,0.744300234
2.001809100,0.739536230
2.002157000,0.734772226
2.002504900,0.730008222
2.002852800,0.725244218
2.003200700,0.720480213
2.003548600,0.715716209
2.003896500,0.710952205
2.004244400,0.706188201
2.004592300,0.701424197
2.004940200,0.696660193
2.005288100,0.691896189
2.005636000,0.687132185
2.005983900,0.682368181
2.006331800,0.677604177
2.006679700,0.672840173
2.007027600,0.668076168
2.007375500,0.663312164
2.007723400,0.658548160
2.008071200,0.653785526
2.008419100,0.649021521
2.008767000,0.644257517
2.009114900,0.643493513
2.009462800,0.638729509
2.009810700,0.633965505
2.010158600,0.629201501
2.010506500,0.624437497
2.010854400,0.619673493
2.011202300,0.614909489
2.011550200,0.610145485
2.011898100,0.605381480
2.012246000,0.600617476
2.012593900,0.595853472
2.012941800,0.595089468
2.013289700,0.590325464
2.013637600,0.585561460
2.013985500,0.580797456
2.014333400,0.576033452
2.014681300,0.571269448
2.015029200,0.566505444
2.015377100,0.561741440
2.015725000,0.560977435
2.016072900,0.556213431
2.016420800,0.551449427
2.016768700,0.546685423
2.017116600,0.541921419
2.017464500,0.537157415
2.017812400,0.532393411
2.018160300,0.527629407
2.018508200,0.522865403
2.018856100,0.518101399
2.019204000,0.513337394
2.019551900,0.512573390
2.019899800,0.507809386
2.020247700,0.503045382
2.020595600,0.498281378
2.020943500,0.493517374
2.021291400,0.488753370
2.021639300,0.483989366
2.021987200,0.479225362
2.022335100,0.474461358
2.022683000,0.469697354
2.023030900,0.464933349
2.023378800,0.460169345
2.023726700,0.455405341
2.024074600,0.450641337
2.024422500,0.445877333
2.024770400,0.441113329
2.025118300,0.436349325
2.025466200,0.431585321
2.025814100,0.426821317
2.026162000,0.422057313
2.026509900,0.417293308
2.026857800,0.412529304
2.027205700,0.407765300
2.027553600,0.403001296
2.027901500,0.398237292
2.028249400,0.393473288
2.028597300,0.388709284
2.028945200,0.383945280
2.029293100,0.379181276
2.029641000,0.374417272
2.029988900,0.369653268
2.030336800,0.364889263
2.030684700,0.360125259
2.031032600,0.355361255
2.031380500,0.350597251
2.031728400,0.345833247
2.032076300,0.341069243
2.032424200,0.336305239
2.032772100,0.331541235
2.033120000,0.326777231
2.033467900,0.322013227
2.033815800,0.317249222
2.034163700,0.312485218
2.034511600,0.307721214
2.034859400,0.302958580
2.035207300,0.298194575
2.035555200,0.293430571
2.035903100,0.288666567
2.036251000,0.283902563
2.036598900,0.279138559
2.036946800,0.274374555
2.037294700,0.269610551
2.037642600,0.264846547
2.037990500,0.260082543
2.038338400,0.255318539
2.038686300,0.250554535
2.039034200,0.249790530
2.039382100,0.245026526
2.039730000,0.240262522
2.040077900,0.235498518
2.040425800,0.230734514
2.040773700,0.225970510
2.041121600,0.221206506
2.041469500,0.216442502
2.041817400,0.211678498
2.042165300,0.210914494
2.042513200,0.206150489
2.042861100,0.201386485
2.043209000,0.196622481
2.043556900,0.191858477
2.043904800,0.187094473
2.044252700,0.182330469
2.044600600,0.181566465
2.044948500,0.176802461
2.045296400,0.172038457
2.045644300,0.167274453
2.045992200,0.162510449
2.046340100,0.161746444
2.046688000,0.156982440
2.047035900,0.152218436
2.047383800,0.147454432
2.047731700,0.142690428
2.048079600,0.137926424
2.048427500,0.137162420
2.048775400,0.132398416
2.049123300,0.127634412
2.049471200,0.122870408
2.049819100,0.118106403
2.050167000,0.113342399
2.050514900,0.112578395
2.050862800,0.107814391
2.051210700,0.103050387
2.051558600,0.098286383
2.051906500,0.093522379
2.052254400,0.088758375
2.052602300,0.083994371
2.052950200,0.083230367
2.053298100,0.078466363
2.053646000,0.073702358
2.053993900,0.068938354
2.054341800,0.064174350
2.054689700,0.059410346
2.055037600,0.054646342
2.055385500,0.049882338
2.055733400,0.045118334
2.056081300,0.044354330
2.056429200,0.039590326
2.056777100,0.034826322
2.057125000,0.030062317
2.057472900,0.025298313
2.057820800,0.020534309
2.058168700,0.015770305
2.058516600,0.011006301
2.058864500,0.006242297
2.059212400,0.001478293
2.059560300,-0.003285711
2.059908200,-0.008049715
2.060256100,-0.012813719
2.060604000,-0.017577723
2.060951900,-0.022341728
2.061299700,-0.027104362
2.061647600,-0.031868366
2.061995500,-0.036632370
2.062343400,-0.041396375
2.062691300,-0.046160379
2.063039200,-0.050924383
2.063387100,-0.055688387
2.063735000,-0.060452391
2.064082900,-0.065216395
2.064430800,-0.069980399
2.064778700,-0.074744403
2.065126600,-0.079508407
2.065474500,-0.084272411
2.065822400,-0.089036416
2.066170300,-0.093800420
2.066518200,-0.098564424
2.066866100,-0.103328428
2.067214000,-0.108092432
2.067561900,-0.112856436
2.067909800,-0.117620440
2.068257700,-0.122384444
2.068605600,-0.127148448
2.068953500,-0.131912452
2.069301400,-0.136676456
2.069649300,-0.141440461
2.069997200,-0.146204465
2.070345100,-0.150968469
2.070693000,-0.155732473
2.071040900,-0.160496477
2.071388800,-0.165260481
2.071736700,-0.170024485
2.072084600,-0.174788489
2.072432500,-0.183552493
2.072780400,-0.188316497
2.073128300,-0.193080502
2.073476200,-0.197844506
2.073824100,-0.202608510
2.074172000,-0.207372514
2.074519900,-0.212136518
2.074867800,-0.216900522
2.075215700,-0.221664526
2.075563600,-0.226428530
2.075911500,-0.231192534
2.076259400,-0.235956538
2.076607300,-0.240720542
2.076955200,-0.249484547
2.077303100,-0.254248551
2.077651000,-0.259012555
2.077998900,-0.263776559
2.078346800,-0.268540563
2.078694700,-0.273304567
2.079042600,-0.278068571
2.079390500,-0.282832575
2.079738400,-0.287596579
2.080086300,-0.292360583
2.080434200,-0.301124588
2.080782100,-0.305888592
2.081130000,-0.310652596
2.081477900,-0.315416600
2.081825800,-0.320180604
2.082173700,-0.324944608
2.082521600,-0.333708612
2.082869500,-0.338472616
2.083217400,-0.343236620
2.083565300,-0.348000624
2.083913200,-0.356764628
2.084261100,-0.361528633
2.084609000,-0.366292637
2.084956900,-0.371056641
2.085304800,-0.379820645
2.085652700,-0.384584649
2.086000600,-0.389348653
2.086348500,-0.398112657
2.086696400,-0.402876661
2.087044300,-0.407640665
2.087392200,-0.416404669
2.087740100,-0.421168673
2.088087900,-0.425931308
2.088435800,-0.434695312
2.088783700,-0.439459316
2.089131600,-0.444223321
2.089479500,-0.452987325
2.089827400,-0.457751329
2.090175300,-0.466515333
2.090523200,-0.471279337
2.090871100,-0.480043341
2.091219000,-0.484807345
2.091566900,-0.489571349
2.091914800,-0.498335353
2.092262700,-0.503099357
2.092610600,-0.511863361
2.092958500,-0.520627366
2.093306400,-0.525391370
2.093654300,-0.534155374
2.094002200,-0.538919378
2.094350100,-0.547683382
2.094698000,-0.552447386
2.095045900,-0.561211390
2.095393800,-0.569975394
2.095741700,-0.574739398
2.096089600,-0.583503402
2.096437500,-0.592267407
2.096785400,-0.597031411
2.097133300,-0.605795415
2.097481200,-0.614559419
2.097829100,-0.623323423
2.098177000,-0.628087427
2.098524900,-0.640851431
2.098872800,-0.645615435
2.099220700,-0.654379439
2.099568600,-0.659143443
2.099916500,-0.671907447
2.100264400,-0.676671452
2.100612300,-0.685435456
2.100960200,-0.694199460
2.101308100,-0.702963464
2.101656000,-0.711727468
2.102003900,-0.720491472
2.102351800,-0.729255476
2.102699700,-0.738019480
2.103047600,-0.742783484
2.103395500,-0.755547488
2.103743400,-0.760311493
2.104091300,-0.769075497
2.104439200,-0.781839501
2.104787100,-0.790603505
2.105135000,-0.795367509
2.105482900,-0.808131513
2.105830800,-0.816895517
2.106178700,-0.821659521
2.106526600,-0.830423525
2.106874500,-0.843187529
2.107222400,-0.851951533
2.107570300,-0.856715538
2.107918200,-0.869479542
2.108266100,-0.878243546
2.108614000,-0.887007550
2.108961900,-0.895771554
2.109309800,-0.904535558
2.109657700,-0.913299562
2.110005600,-0.922063566
2.110353500,-0.930827570
2.110701400,-0.939591574
2.111049300,-0.948355578
2.111397200,-0.961119583
2.111745100,-0.965883587
2.112093000,-0.974647591
2.112440900,-0.987411595
2.112788800,-0.996175599
2.113136700,-1.000939603
2.113484600,-1.009703607
2.113832500,-1.022467611
2.114180400,-1.027231615
2.114528200,-1.035994250
2.114876100,-1.048758254
2.115224000,-1.053522258
2.115571900,-1.062286262
2.115919800,-1.075050266
2.116267700,-1.079814271
2.116615600,-1.088578275
2.116963500,-1.097342279
2.117311400,-1.106106283
2.117659300,-1.114870287
2.118007200,-1.123634291
2.118355100,-1.132398295
2.118703000,-1.141162299
2.119050900,-1.145926303
2.119398800,-1.158690307
2.119746700,-1.163454312
2.120094600,-1.172218316
2.120442500,-1.180982320
2.120790400,-1.189746324
2.121138300,-1.194510328
2.121486200,-1.203274332
2.121834100,-1.212038336
2.122182000,-1.220802340
2.122529900,-1.225566344
2.122877800,-1.234330348
2.123225700,-1.243094352
2.123573600,-1.251858357
2.123921500,-1.260622361
2.124269400,-1.265386365
2.124617300,-1.274150369
2.124965200,-1.278914373
2.125313100,-1.287678377
2.125661000,-1.296442381
2.126008900,-1.301206385
2.126356800,-1.309970389
2.126704700,-1.318734393
2.127052600,-1.327498398
2.127400500,-1.336262402
2.127748400,-1.341026406
2.128096300,-1.349790410
2.128444200,-1.354554414
2.128792100,-1.363318418
2.129140000,-1.372082422
2.129487900,-1.376846426
2.129835800,-1.385610430
2.130183700,-1.394374434
2.130531600,-1.399138438
2.130879500,-1.411902443
2.131227400,-1.416666447
2.131575300,-1.425430451
2.131923200,-1.434194455
2.132271100,-1.438958459
2.132619000,-1.447722463
2.132966900,-1.452486467
2.133314800,-1.465250471
2.133662700,-1.470014475
2.134010600,-1.478778479
2.134358500,-1.487542483
2.134706400,-1.492306488
2.135054300,-1.501070492
2.135402200,-1.509834496
2.135750100,-1.518598500
2.136098000,-1.523362504
2.136445900,-1.532126508
2.136793800,-1.540890512
2.137141700,-1.549654516
2.137489600,-1.558418520
2.137837500,-1.567182524
2.138185400,-1.575946529
2.138533300,-1.580710533
2.138881200,-1.593474537
2.139229100,-1.598238541
2.139577000,-1.607002545
2.139924900,-1.615766549
2.140272800,-1.624530553
2.140620700,-1.633294557
2.140968500,-1.642057192
2.141316400,-1.650821196
2.141664300,-1.659585200
2.142012200,-1.668349204
2.142360100,-1.677113208
2.142708000,-1.685877212
2.143055900,-1.694641217
2.143403800,-1.699405221
2.143751700,-1.712169225
2.144099600,-1.720933229
2.144447500,-1.729697233
2.144795400,-1.738461237
2.145143300,-1.747225241
2.145491200,-1.755989245
2.145839100,-1.768753249
2.146187000,-1.773517253
2.146534900,-1.782281257
2.146882800,-1.795045262
2.147230700,-1.803809266
2.147578600,-1.812573270
2.147926500,-1.821337274
2.148274400,-1.834101278
2.148622300,-1.842865282
2.148970200,-1.851629286
2.149318100,-1.864393290
2.149666000,-1.873157294
2.150013900,-1.877921298
2.150361800,-1.890685303
2.150709700,-1.899449307
2.151057600,-1.912213311
2.151405500,-1.920977315
2.151753400,-1.933741319
2.152101300,-1.942505323
2.152449200,-1.951269327
2.152797100,-1.964033331
2.153145000,-1.972797335
2.153492900,-1.981561339
2.153840800,-1.994325343
2.154188700,-2.003089348
2.154536600,-2.011853352
2.154884500,-2.024617356
2.155232400,-2.037381360
2.155580300,-2.046145364
2.155928200,-2.054909368
2.156276100,-2.067673372
2.156624000,-2.080437376
2.156971900,-2.089201380
2.157319800,-2.101965384
2.157667700,-2.110729388
2.158015600,-2.123493393
2.158363500,-2.132257397
2.158711400,-2.145021401
2.159059300,-2.153785405
2.159407200,-2.162549409
2.159755100,-2.179313413
2.160103000,-2.188077417
2.160450900,-2.196841421
2.160798800,-2.213605425
2.161146700,-2.222369429
2.161494600,-2.231133434
2.161842500,-2.239897438
2.162190400,-2.252661442
2.162538300,-2.265425446
2.162886200,-2.274189450
2.163234100,-2.286953454
2.163582000,-2.295717458
2.163929900,-2.304481462
2.164277800,-2.317245466
2.164625700,-2.326009470
2.164973600,-2.334773474
2.165321500,-2.347537479
2.165669400,-2.356301483
2.166017300,-2.365065487
2.166365200,-2.373829491
2.166713100,-2.386593495
2.167061000,-2.395357499
2.167408900,-2.404121503
2.167756700,-2.416884138
2.168104600,-2.425648142
2.168452500,-2.434412146
2.168800400,-2.447176150
2.169148300,-2.451940154
2.169496200,-2.460704158
2.169844100,-2.469468162
2.170192000,-2.478232167
2.170539900,-2.486996171
2.170887800,-2.495760175
2.171235700,-2.504524179
2.171583600,-2.513288183
2.171931500,-2.518052187
2.172279400,-2.526816191
2.172627300,-2.535580195
2.172975200,-2.540344199
2.173323100,-2.549108203
2.173671000,-2.557872208
2.174018900,-2.562636212
2.174366800,-2.571400216
2.174714700,-2.576164220
2.175062600,-2.584928224
2.175410500,-2.589692228
2.175758400,-2.594456232
2.176106300,-2.603220236
2.176454200,-2.607984240
2.176802100,-2.612748244
2.177150000,-2.617512248
2.177497900,-2.626276253
2.177845800,-2.631040257
2.178193700,-2.635804261
2.178541600,-2.640568265
2.178889500,-2.645332269
2.179237400,-2.650096273
2.179585300,-2.654860277
2.179933200,-2.659624281
2.180281100,-2.664388285
2.180629000,-2.669152289
2.180976900,-2.673916293
2.181324800,-2.678680298
2.181672700,-2.679444302
2.182020600,-2.684208306
2.182368500,-2.688972310
2.182716400,-2.693736314
2.183064300,-2.694500318
2.183412200,-2.699264322
2.183760100,-2.704028326
2.184108000,-2.708792330
2.184455900,-2.709556334
2.184803800,-2.714320339
2.185151700,-2.719084343
2.185499600,-2.719848347
2.185847500,-2.724612351
2.186195400,-2.729376355
2.186543300,-2.730140359
2.186891200,-2.734904363
2.187239100,-2.735668367
2.187587000,-2.740432371
2.187934900,-2.745196375
2.188282800,-2.749960379
2.188630700,-2.750724384
2.188978600,-2.755488388
2.189326500,-2.756252392
2.189674400,-2.761016396
2.190022300,-2.765780400
2.190370200,-2.766544404
2.190718100,-2.771308408
2.191066000,-2.776072412
2.191413900,-2.780836416
2.191761800,-2.781600420
2.192109700,-2.786364425
2.192457600,-2.791128429
2.192805500,-2.795892433
2.193153400,-2.796656437
2.193501300,-2.801420441
2.193849200,-2.806184445
2.194197000,-2.810947080
2.194544900,-2.815711084
2.194892800,-2.816475088
2.195240700,-2.821239092
2.195588600,-2.826003096
2.195936500,-2.830767100
2.196284400,-2.835531104
2.196632300,-2.840295108
2.196980200,-2.845059113
2.197328100,-2.849823117
2.197676000,-2.854587121
2.198023900,-2.859351125
2.198371800,-2.864115129
2.198719700,-2.868879133
2.199067600,-2.873643137
2.199415500,-2.878407141
2.199763400,-2.887171145
2.200111300,-2.891935149
2.200459200,-2.896699153
2.200807100,-2.901463158
2.201155000,-2.906227162
2.201502900,-2.910991166
2.201850800,-2.915755170
2.202198700,-2.924519174
2.202546600,-2.929283178
2.202894500,-2.934047182
2.203242400,-2.938811186
2.203590300,-2.943575190
2.203938200,-2.952339194
2.204286100,-2.957103198
2.204634000,-2.961867203
2.204981900,-2.966631207
2.205329800,-2.971395211
2.205677700,-2.976159215
2.206025600,-2.984923219
2.206373500,-2.989687223
2.206721400,-2.994451227
2.207069300,-2.999215231
2.207417200,-3.003979235
2.207765100,-3.008743239
2.208113000,-3.013507244
2.208460900,-3.018271248
2.208808800,-3.023035252
2.209156700,-3.027799256
2.209504600,-3.032563260
2.209852500,-3.037327264
2.210200400,-3.042091268
2.210548300,-3.042855272
2.210896200,-3.047619276
2.211244100,-3.052383280
2.211592000,-3.053147284
2.211939900,-3.057911289
2.212287800,-3.062675293
2.212635700,-3.063439297
2.212983600,-3.068203301
2.213331500,-3.068967305
2.213679400,-3.069731309
2.214027300,-3.074495313
2.214375200,-3.075259317
2.214723100,-3.076023321
2.215071000,-3.076787325
2.215418900,-3.077551330
2.215766800,-3.082315334
2.216114700,-3.079079338
2.216462600,-3.079843342
2.216810500,-3.080607346
2.217158400,-3.077371350
2.217506300,-3.078135354
2.217854200,-3.078899358
2.218202100,-3.079663362
2.218550000,-3.076427366
2.218897900,-3.073191370
2.219245800,-3.073955375
2.219593700,-3.070719379
2.219941600,-3.067483383
2.220289500,-3.068247387
2.220637400,-3.061011391
2.220985200,-3.057774026
2.221333100,-3.058538030
2.221681000,-3.055302034
2.222028900,-3.048066038
2.222376800,-3.044830042
2.222724700,-3.041594046
2.223072600,-3.034358050
2.223420500,-3.031122054
2.223768400,-3.027886058
2.224116300,-3.016650063
2.224464200,-3.013414067
2.224812100,-3.010178071
2.225160000,-3.006942075
2.225507900,-2.995706079
2.225855800,-2.992470083
2.226203700,-2.989234087
2.226551600,-2.977998091
2.226899500,-2.970762095
2.227247400,-2.967526099
2.227595300,-2.956290103
2.227943200,-2.949054108
2.228291100,-2.945818112
2.228639000,-2.930582116
2.228986900,-2.927346120
2.229334800,-2.924110124
2.229682700,-2.916874128
2.230030600,-2.905638132
2.230378500,-2.898402136
2.230726400,-2.895166140
2.231074300,-2.879930144
2.231422200,-2.872694149
2.231770100,-2.869458153
2.232118000,-2.854222157
2.232465900,-2.846986161
2.232813800,-2.843750165
2.233161700,-2.836514169
2.233509600,-2.821278173
2.233857500,-2.818042177
2.234205400,-2.810806181
2.234553300,-2.795570185
2.234901200,-2.792334189
2.235249100,-2.785098194
2.235597000,-2.769862198
2.235944900,-2.766626202
2.236292800,-2.759390206
2.236640700,-2.752154210
2.236988600,-2.736918214
2.237336500,-2.733682218
2.237684400,-2.726446222
2.238032300,-2.711210226
2.238380200,-2.707974230
2.238728100,-2.700738235
2.239076000,-2.685502239
2.239423900,-2.682266243
2.239771800,-2.675030247
2.240119700,-2.671794251
2.240467600,-2.652558255
2.240815500,-2.649322259
2.241163400,-2.642086263
2.241511300,-2.626850267
2.241859200,-2.623614271
2.242207100,-2.616378275
2.242555000,-2.601142280
2.242902900,-2.597906284
2.243250800,-2.590670288
2.243598700,-2.587434292
2.243946600,-2.572198296
2.244294500,-2.568962300
2.244642400,-2.561726304
2.244990300,-2.546490308
2.245338200,-2.543254312
2.245686100,-2.536018316
2.246034000,-2.520782321
2.246381900,-2.517546325
2.246729800,-2.510310329
2.247077700,-2.495074333
2.247425500,-2.491836968
2.247773400,-2.484600972
2.248121300,-2.481364976
2.248469200,-2.466128980
2.248817100,-2.462892984
2.249165000,-2.455656988
2.249512900,-2.440420992
2.249860800,-2.437184996
2.250208700,-2.433949000
2.250556600,-2.418713004
2.250904500,-2.411477008
2.251252400,-2.408241013
2.251600300,-2.401005017
2.251948200,-2.389769021
2.252296100,-2.382533025
2.252644000,-2.379297029
2.252991900,-2.364061033
2.253339800,-2.360825037
2.253687700,-2.353589041
2.254035600,-2.338353045
2.254383500,-2.335117049
2.254731400,-2.331881054
2.255079300,-2.324645058
2.255427200,-2.309409062
2.255775100,-2.306173066
2.256123000,-2.302937070
2.256470900,-2.287701074
2.256818800,-2.284465078
2.257166700,-2.277229082
2.257514600,-2.265993086
2.257862500,-2.258757090
2.258210400,-2.255521094
2.258558300,-2.252285099
2.258906200,-2.237049103
2.259254100,-2.233813107
2.259602000,-2.226577111
2.259949900,-2.215341115
2.260297800,-2.208105119
2.260645700,-2.204869123
2.260993600,-2.189633127
2.261341500,-2.186397131
2.261689400,-2.183161135
2.262037300,-2.167925140
2.262385200,-2.164689144
2.262733100,-2.161453148
2.263081000,-2.154217152
2.263428900,-2.142981156
2.263776800,-2.139745160
2.264124700,-2.132509164
2.264472600,-2.121273168
2.264820500,-2.118037172
2.265168400,-2.110801176
2.265516300,-2.099565180
2.265864200,-2.092329185
2.266212100,-2.089093189
2.266560000,-2.085857193
2.266907900,-2.070621197
2.267255800,-2.067385201
2.267603700,-2.064149205
2.267951600,-2.048913209
2.268299500,-2.045677213
2.268647400,-2.042441217
2.268995300,-2.027205221
2.269343200,-2.023969226
2.269691100,-2.020733230
2.270039000,-2.013497234
2.270386900,-2.002261238
2.270734800,-1.999025242
2.271082700,-1.991789246
2.271430600,-1.980553250
2.271778500,-1.973317254
2.272126400,-1.970081258
2.272474300,-1.958845262
2.272822200,-1.951609266
2.273170100,-1.948373271
2.273518000,-1.945137275
2.273865900,-1.929901279
2.274213700,-1.926663913
2.274561600,-1.919427918
2.274909500,-1.908191922
2.275257400,-1.900955926
2.275605300,-1.897719930
2.275953200,-1.882483934
2.276301100,-1.879247938
2.276649000,-1.872011942
2.276996900,-1.868775946
2.277344800,-1.853539950
2.277692700,-1.850303954
2.278040600,-1.843067959
2.278388500,-1.831831963
2.278736400,-1.824595967
2.279084300,-1.821359971
2.279432200,-1.806123975
2.279780100,-1.798887979
2.280128000,-1.795651983
2.280475900,-1.780415987
2.280823800,-1.777179991
2.281171700,-1.769943995
2.281519600,-1.766707999
2.281867500,-1.751472004
2.282215400,-1.744236008
2.282563300,-1.741000012
2.282911200,-1.721764016
2.283259100,-1.718528020
2.283607000,-1.711292024
2.283954900,-1.696056028
2.284302800,-1.692820032
2.284650700,-1.685584036
2.284998600,-1.678348040
2.285346500,-1.663112045
2.285694400,-1.659876049
2.286042300,-1.652640053
2.286390200,-1.637404057
2.286738100,-1.630168061
2.287086000,-1.622932065
2.287433900,-1.607696069
2.287781800,-1.600460073
2.288129700,-1.593224077
2.288477600,-1.589988081
2.288825500,-1.570752085
2.289173400,-1.563516090
2.289521300,-1.556280094
2.289869200,-1.541044098
2.290217100,-1.533808102
2.290565000,-1.526572106
2.290912900,-1.507336110
2.291260800,-1.504100114
2.291608700,-1.496864118
2.291956600,-1.489628122
2.292304500,-1.470392126
2.292652400,-1.463156131
2.293000300,-1.455920135
2.293348200,-1.436684139
2.293696100,-1.429448143
2.294044000,-1.422212147
2.294391900,-1.402976151
2.294739800,-1.395740155
2.295087700,-1.388504159
2.295435600,-1.369268163
2.295783500,-1.362032167
2.296131400,-1.354796171
2.296479300,-1.347560176
2.296827200,-1.328324180
2.297175100,-1.321088184
2.297523000,-1.313852188
2.297870900,-1.294616192
2.298218800,-1.287380196
2.298566700,-1.276144200
2.298914600,-1.256908204
2.299262500,-1.249672208
2.299610400,-1.242436212
2.299958300,-1.235200217
2.300306200,-1.211964221
2.300654000,-1.204726855
2.301001900,-1.197490859
2.301349800,-1.178254864
2.301697700,-1.171018868
2.302045600,-1.159782872
2.302393500,-1.140546876
2.302741400,-1.133310880
2.303089300,-1.126074884
2.303437200,-1.114838888
2.303785100,-1.095602892
2.304133000,-1.088366896
2.304480900,-1.081130900
2.304828800,-1.057894904
2.305176700,-1.050658909
2.305524600,-1.043422913
2.305872500,-1.020186917
2.306220400,-1.012950921
2.306568300,-1.005714925
2.306916200,-0.998478929
2.307264100,-0.975242933
2.307612000,-0.968006937
2.307959900,-0.960770941
2.308307800,-0.937534945
2.308655700,-0.930298950
2.309003600,-0.923062954
2.309351500,-0.903826958
2.309699400,-0.892590962
2.310047300,-0.885354966
2.310395200,-0.866118970
2.310743100,-0.858882974
2.311091000,-0.847646978
2.311438900,-0.840410982
2.311786800,-0.821174986
2.312134700,-0.813938990
2.312482600,-0.806702995
2.312830500,-0.783466999
2.313178400,-0.776231003
2.313526300,-0.768995007
2.313874200,-0.749759011
2.314222100,-0.738523015
2.314570000,-0.731287019
2.314917900,-0.724051023
2.315265800,-0.704815027
2.315613700,-0.697579031
2.315961600,-0.690343036
2.316309500,-0.671107040
2.316657400,-0.659871044
2.317005300,-0.652635048
2.317353200,-0.633399052
2.317701100,-0.626163056
2.318049000,-0.618927060
2.318396900,-0.611691064
2.318744800,-0.592455068
2.319092700,-0.585219072
2.319440600,-0.577983076
2.319788500,-0.558747081
2.320136400,-0.551511085
2.320484300,-0.544275089
2.320832200,-0.525039093
2.321180100,-0.517803097
2.321528000,-0.510567101
2.321875900,-0.503331105
2.322223800,-0.484095109
2.322571700,-0.476859113
2.322919600,-0.469623117
2.323267500,-0.450387122
2.323615400,-0.443151126
2.323963300,-0.435915130
2.324311200,-0.420679134
2.324659100,-0.413443138
2.325007000,-0.406207142
2.325354900,-0.398971146
2.325702800,-0.379735150
2.326050700,-0.376499154
2.326398600,-0.369263158
2.326746500,-0.350027162
2.327094400,-0.342791167
2.327442200,-0.335553801
2.327790100,-0.320317805
2.328138000,-0.313081809
2.328485900,-0.305845814
2.328833800,-0.290609818
2.329181700,-0.283373822
2.329529600,-0.276137826
2.329877500,-0.268901830
2.330225400,-0.253665834
2.330573300,-0.246429838
2.330921200,-0.243193842
2.331269100,-0.223957846
2.331617000,-0.220721850
2.331964900,-0.213485855
2.332312800,-0.198249859
2.332660700,-0.191013863
2.333008600,-0.183777867
2.333356500,-0.180541871
2.333704400,-0.161305875
2.334052300,-0.158069879
2.334400200,-0.150833883
2.334748100,-0.135597887
2.335096000,-0.128361891
2.335443900,-0.125125895
2.335791800,-0.109889900
2.336139700,-0.102653904
2.336487600,-0.099417908
2.336835500,-0.092181912
2.337183400,-0.076945916
2.337531300,-0.069709920
2.337879200,-0.066473924
2.338227100,-0.051237928
2.338575000,-0.044001932
2.338922900,-0.040765936
2.339270800,-0.025529941
2.339618700,-0.022293945
2.339966600,-0.015057949
2.340314500,-0.011821953
2.340662400,0.003414043
2.341010300,0.010650039
2.341358200,0.013886035
2.341706100,0.029122031
2.342054000,0.032358027
2.342401900,0.035594023
2.342749800,0.050830019
2.343097700,0.058066014
2.343445600,0.061302010
2.343793500,0.076538006
2.344141400,0.079774002
2.344489300,0.083009998
2.344837200,0.086245994
2.345185100,0.101481990
2.345533000,0.104717986
2.345880900,0.111953982
2.346228800,0.123189978
2.346576700,0.126425973
2.346924600,0.133661969
2.347272500,0.144897965
2.347620400,0.148133961
2.347968300,0.151369957
2.348316200,0.158605953
2.348664100,0.169841949
2.349012000,0.173077945
2.349359900,0.176313941
2.349707800,0.191549937
2.350055700,0.194785933
2.350403600,0.198021928
2.350751500,0.209257924
2.351099400,0.212493920
2.351447300,0.219729916
2.351795200,0.222965912
2.352143100,0.234201908
2.352491000,0.237437904
2.352838900,0.240673900
2.353186800,0.251909896
2.353534700,0.255145892
2.353882500,0.258383257
2.354230400,0.273619253
2.354578300,0.276855249
2.354926200,0.280091245
2.355274100,0.283327240
2.355622000,0.294563236
2.355969900,0.297799232
2.356317800,0.301035228
2.356665700,0.312271224
2.357013600,0.315507220
2.357361500,0.318743216
2.357709400,0.329979212
2.358057300,0.333215208
2.358405200,0.336451204
2.358753100,0.347687200
2.359101000,0.350923195
2.359448900,0.354159191
2.359796800,0.357395187
2.360144700,0.368631183
2.360492600,0.371867179
2.360840500,0.375103175
2.361188400,0.386339171
2.361536300,0.389575167
2.361884200,0.392811163
2.362232100,0.404047159
2.362580000,0.407283154
2.362927900,0.410519150
2.363275800,0.413755146
2.363623700,0.424991142
2.363971600,0.428227138
2.364319500,0.431463134
2.364667400,0.442699130
2.365015300,0.445935126
2.365363200,0.449171122
2.365711100,0.456407118
2.366059000,0.459643114
2.366406900,0.462879109
2.366754800,0.466115105
2.367102700,0.477351101
2.367450600,0.480587097
2.367798500,0.483823093
2.368146400,0.491059089
2.368494300,0.494295085
2.368842200,0.497531081
2.369190100,0.508767077
2.369538000,0.512003073
2.369885900,0.511239068
2.370233800,0.514475064
2.370581700,0.525711060
2.370929600,0.528947056
2.371277500,0.532183052
2.371625400,0.539419048
2.371973300,0.542655044
2.372321200,0.545891040
2.372669100,0.553127036
2.373017000,0.556363032
2.373364900,0.559599028
2.373712800,0.558835023
2.374060700,0.570071019
2.374408600,0.573307015
2.374756500,0.572543011
2.375104400,0.583779007
2.375452300,0.587015003
2.375800200,0.586250999
2.376148100,0.597486995
2.376496000,0.596722991
2.376843900,0.599958987
2.377191800,0.607194982
2.377539700,0.610430978
2.377887600,0.613666974
2.378235500,0.612902970
2.378583400,0.624138966
2.378931300,0.623374962
2.379279200,0.626610958
2.379627100,0.633846954
2.379975000,0.637082950
2.380322800,0.640320315
2.380670700,0.647556311
2.381018600,0.646792307
2.381366500,0.650028303
2.381714400,0.653264299
2.382062300,0.660500295
2.382410200,0.663736290
2.382758100,0.662972286
2.383106000,0.670208282
2.383453900,0.673444278
2.383801800,0.676680274
2.384149700,0.683916270
2.384497600,0.683152266
2.384845500,0.686388262
2.385193400,0.685624258
2.385541300,0.696860254
2.385889200,0.696096249
2.386237100,0.699332245
2.386585000,0.706568241
2.386932900,0.709804237
2.387280800,0.709040233
2.387628700,0.716276229
2.387976600,0.719512225
2.388324500,0.718748221
2.388672400,0.721984217
2.389020300,0.729220213
2.389368200,0.732456209
2.389716100,0.731692204
2.390064000,0.738928200
2.390411900,0.742164196
2.390759800,0.741400192
2.391107700,0.748636188
2.391455600,0.751872184
2.391803500,0.755108180
2.392151400,0.762344176
2.392499300,0.761580172
2.392847200,0.764816168
2.393195100,0.764052163
2.393543000,0.771288159
2.393890900,0.774524155
2.394238800,0.773760151
2.394586700,0.780996147
2.394934600,0.784232143
2.395282500,0.783468139
2.395630400,0.790704135
2.395978300,0.793940131
2.396326200,0.793176127
2.396674100,0.796412123
2.397022000,0.803648118
2.397369900,0.802884114
2.397717800,0.806120110
2.398065700,0.813356106
2.398413600,0.812592102
2.398761500,0.815828098
2.399109400,0.823064094
2.399457300,0.822300090
2.399805200,0.825536086
2.400153100,0.824772082
2.400501000,0.832008077
2.400848900,0.831244073
2.401196800,0.834480069
2.401544700,0.841716065
2.401892600,0.840952061
2.402240500,0.840188057
2.402588400,0.847424053
2.402936300,0.850660049
2.403284200,0.849896045
2.403632100,0.853132041
2.403980000,0.856368037
2.404327900,0.859604032
2.404675800,0.858840028
2.405023700,0.866076024
2.405371600,0.865312020
2.405719500,0.868548016
2.406067400,0.875784012
2.406415300,0.875020008
2.406763200,0.874256004
2.407111000,0.877493369
2.407458900,0.880729365
2.407806800,0.883965361
2.408154700,0.883201357
2.408502600,0.890437353
2.408850500,0.889673349
2.409198400,0.888909344
2.409546300,0.896145340
2.409894200,0.895381336
2.410242100,0.898617332
2.410590000,0.901853328
2.410937900,0.905089324
2.411285800,0.904325320
2.411633700,0.903561316
2.411981600,0.910797312
2.412329500,0.910033308
2.412677400,0.913269304
2.413025300,0.916505299
2.413373200,0.915741295
2.413721100,0.918977291
2.414069000,0.922213287
2.414416900,0.925449283
2.414764800,0.924685279
2.415112700,0.923921275
2.415460600,0.931157271
2.415808500,0.930393267
2.416156400,0.929629263
2.416504300,0.932865258
2.416852200,0.936101254
2.417200100,0.935337250
2.417548000,0.938573246
2.417895900,0.941809242
2.418243800,0.941045238
2.418591700,0.940281234
2.418939600,0.943517230
2.419287500,0.942753226
2.419635400,0.945989222
2.419983300,0.949225218
2.420331200,0.948461213
2.420679100,0.947697209
2.421027000,0.954933205
2.421374900,0.954169201
2.421722800,0.953405197
2.422070700,0.952641193
2.422418600,0.955877189
2.422766500,0.955113185
2.423114400,0.954349181
2.423462300,0.957585177
2.423810200,0.960821172
2.424158100,0.960057168
2.424506000,0.963293164
2.424853900,0.962529160
2.425201800,0.961765156
2.425549700,0.965001152
2.425897600,0.964237148
2.426245500,0.963473144
2.426593400,0.962709140
2.426941300,0.965945136
2.427289200,0.965181132
2.427637100,0.964417127
2.427985000,0.967653123
2.428332900,0.966889119
2.428680800,0.966125115
2.429028700,0.969361111
2.429376600,0.968597107
2.429724500,0.963833103
2.430072400,0.963069099
2.430420300,0.966305095
2.430768200,0.965541091
2.431116100,0.964777086
2.431464000,0.968013082
2.431811900,0.967249078
2.432159800,0.966485074
2.432507700,0.965721070
2.432855600,0.964957066
2.433203500,0.964193062
2.433551300,0.963430427
2.433899200,0.966666423
2.434247100,0.965902419
2.434595000,0.961138415
2.434942900,0.964374411
2.435290800,0.963610407
2.435638700,0.962846403
2.435986600,0.962082399
2.436334500,0.961318394
2.436682400,0.960554390
2.437030300,0.959790386
2.437378200,0.963026382
2.437726100,0.958262378
2.438074000,0.957498374
2.438421900,0.960734370
2.438769800,0.959970366
2.439117700,0.955206362
2.439465600,0.958442358
2.439813500,0.957678353
2.440161400,0.956914349
2.440509300,0.956150345
2.440857200,0.955386341
2.441205100,0.954622337
2.441553000,0.953858333
2.441900900,0.953094329
2.442248800,0.952330325
2.442596700,0.951566321
2.442944600,0.954802317
2.443292500,0.954038313
2.443640400,0.949274308
2.443988300,0.952510304
2.444336200,0.951746300
2.444684100,0.950982296
2.445032000,0.950218292
2.445379900,0.949454288
2.445727800,0.948690284
2.446075700,0.947926280
2.446423600,0.951162276
2.446771500,0.946398272
2.447119400,0.945634267
2.447467300,0.948870263
2.447815200,0.948106259
2.448163100,0.947342255
2.448511000,0.946578251
2.448858900,0.945814247
2.449206800,0.945050243
2.449554700,0.944286239
2.449902600,0.947522235
2.450250500,0.946758231
2.450598400,0.941994227
2.450946300,0.945230222
2.451294200,0.944466218
2.451642100,0.943702214
2.451990000,0.942938210
2.452337900,0.942174206
2.452685800,0.941410202
2.453033700,0.940646198
2.453381600,0.943882194
2.453729500,0.943118190
2.454077400,0.942354186
2.454425300,0.941590181
2.454773200,0.940826177
2.455121100,0.940062173
2.455469000,0.939298169
2.455816900,0.942534165
2.456164800,0.941770161
2.456512700,0.937006157
2.456860600,0.940242153
2.457208500,0.939478149
2.457556400,0.938714145
2.457904300,0.941950141
2.458252200,0.937186136
2.458600100,0.936422132
2.458948000,0.939658128
2.459295900,0.938894124
2.459643800,0.938130120
2.459991700,0.937366116
2.460339500,0.936603481
2.460687400,0.935839477
2.461035300,0.935075473
2.461383200,0.938311469
2.461731100,0.937547465
2.462079000,0.936783461
2.462426900,0.936019457
2.462774800,0.935255453
2.463122700,0.934491448
2.463470600,0.933727444
2.463818500,0.932963440
2.464166400,0.932199436
2.464514300,0.931435432
2.464862200,0.934671428
2.465210100,0.933907424
2.465558000,0.933143420
2.465905900,0.932379416
2.466253800,0.931615412
2.466601700,0.930851408
2.466949600,0.930087403
2.467297500,0.933323399
2.467645400,0.928559395
2.467993300,0.927795391
2.468341200,0.931031387
2.468689100,0.930267383
2.469037000,0.929503379
2.469384900,0.928739375
2.469732800,0.927975371
2.470080700,0.927211367
2.470428600,0.926447362
2.470776500,0.929683358
2.471124400,0.928919354
2.471472300,0.924155350
2.471820200,0.927391346
2.472168100,0.926627342
2.472516000,0.925863338
2.472863900,0.929099334
2.473211800,0.928335330
2.473559700,0.923571326
2.473907600,0.926807322
2.474255500,0.926043317
2.474603400,0.925279313
2.474951300,0.924515309
2.475299200,0.927751305
2.475647100,0.922987301
2.475995000,0.922223297
2.476342900,0.925459293
2.476690800,0.924695289
2.477038700,0.923931285
2.477386600,0.927167281
2.477734500,0.922403276
2.478082400,0.921639272
2.478430300,0.920875268
2.478778200,0.924111264
2.479126100,0.923347260
2.479474000,0.922583256
2.479821900,0.925819252
2.480169800,0.921055248
2.480517700,0.920291244
2.480865600,0.923527240
2.481213500,0.922763236
2.481561400,0.921999231
2.481909300,0.921235227
2.482257200,0.920471223
2.482605100,0.919707219
2.482953000,0.918943215
2.483300900,0.922179211
2.483648800,0.921415207
2.483996700,0.920651203
2.484344600,0.919887199
2.484692500,0.919123195
2.485040400,0.918359190
2.485388300,0.917595186
2.485736200,0.920831182
2.486084100,0.920067178
2.486432000,0.919303174
2.486779800,0.918540539
2.487127700,0.917776535
2.487475600,0.917012531
2.487823500,0.920248527
2.488171400,0.919484523
2.488519300,0.914720519
2.488867200,0.913956515
2.489215100,0.917192511
2.489563000,0.916428507
2.489910900,0.915664503
2.490258800,0.914900498
2.490606700,0.914136494
2.490954600,0.913372490
2.491302500,0.916608486
2.491650400,0.915844482
2.491998300,0.911080478
2.492346200,0.914316474
2.492694100,0.913552470
2.493042000,0.912788466
2.493389900,0.912024462
2.493737800,0.911260457
2.494085700,0.910496453
2.494433600,0.909732449
2.494781500,0.912968445
2.495129400,0.908204441
2.495477300,0.907440437
2.495825200,0.910676433
2.496173100,0.909912429
2.496521000,0.905148425
2.496868900,0.904384421
2.497216800,0.907620417
2.497564700,0.906856412
2.497912600,0.906092408
2.498260500,0.905328404
2.498608400,0.904564400
2.498956300,0.903800396
2.499304200,0.903036392
2.499652100,0.902272388
2.500000000,0.901508384
2.500347900,0.900744380
2.500695800,0.899980376
2.501043700,0.899216371
2.501391600,0.898452367
2.501739500,0.901688363
2.502087400,0.896924359
2.502435300,0.896160355
2.502783200,0.899396351
2.503131100,0.894632347
2.503479000,0.893868343
2.503826900,0.893104339
2.504174800,0.896340335
2.504522700,0.891576331
2.504870600,0.890812326
2.505218500,0.894048322
2.505566400,0.889284318
2.505914300,0.888520314
2.506262200,0.891756310
2.506610100,0.886992306
2.506958000,0.886228302
2.507305900,0.885464298
2.507653800,0.884700294
2.508001700,0.883936290
2.508349600,0.883172285
2.508697500,0.882408281
2.509045400,0.881644277
2.509393300,0.876880273
2.509741200,0.880116269
2.510089100,0.879352265
2.510437000,0.874588261
2.510784900,0.877824257
2.511132800,0.873060253
2.511480700,0.872296249
2.511828600,0.871532245
2.512176500,0.870768240
2.512524400,0.870004236
2.512872300,0.865240232
2.513220200,0.864476228
2.513568000,0.863713593
2.513915900,0.862949589
2.514263800,0.862185585
2.514611700,0.861421581
2.514959600,0.856657577
2.515307500,0.855893573
2.515655400,0.855129569
2.516003300,0.854365565
2.516351200,0.849601561
2.516699100,0.848837557
2.517047000,0.848073552
2.517394900,0.843309548
2.517742800,0.846545544
2.518090700,0.841781540
2.518438600,0.841017536
2.518786500,0.836253532
2.519134400,0.835489528
2.519482300,0.834725524
2.519830200,0.829961520
2.520178100,0.833197516
2.520526000,0.828433512
2.520873900,0.827669507
2.521221800,0.826905503
2.521569700,0.822141499
2.521917600,0.821377495
2.522265500,0.820613491
2.522613400,0.815849487
2.522961300,0.811085483
2.523309200,0.810321479
2.523657100,0.809557475
2.524005000,0.804793471
2.524352900,0.804029466
2.524700800,0.803265462
2.525048700,0.798501458
2.525396600,0.793737454
2.525744500,0.792973450
2.526092400,0.792209446
2.526440300,0.787445442
2.526788200,0.786681438
2.527136100,0.781917434
2.527484000,0.781153430
2.527831900,0.776389426
2.528179800,0.775625421
2.528527700,0.770861417
2.528875600,0.766097413
2.529223500,0.765333409
2.529571400,0.760569405
2.529919300,0.759805401
2.530267200,0.755041397
2.530615100,0.754277393
2.530963000,0.749513389
2.531310900,0.744749385
2.531658800,0.743985380
2.532006700,0.739221376
2.532354600,0.734457372
2.532702500,0.733693368
2.533050400,0.728929364
2.533398300,0.724165360
2.533746200,0.719401356
2.534094100,0.718637352
2.534442000,0.713873348
2.534789900,0.709109344
2.535137800,0.704345340
2.535485700,0.699581335
2.535833600,0.698817331
2.536181500,0.694053327
2.536529400,0.689289323
2.536877300,0.684525319
2.537225200,0.679761315
2.537573100,0.674997311
2.537921000,0.674233307
2.538268900,0.669469303
2.538616800,0.664705299
2.538964700,0.659941295
2.539312600,0.655177290
2.539660500,0.650413286
2.540008300,0.645650652
2.540356200,0.640886647
2.540704100,0.636122643
2.541052000,0.631358639
2.541399900,0.626594635
2.541747800,0.621830631
2.542095700,0.617066627
2.542443600,0.612302623
2.542791500,0.607538619
2.543139400,0.602774615
2.543487300,0.598010611
2.543835200,0.593246607
2.544183100,0.588482602
2.544531000,0.583718598
2.544878900,0.578954594
2.545226800,0.574190590
2.545574700,0.569426586
2.545922600,0.564662582
2.546270500,0.559898578
2.546618400,0.555134574
2.546966300,0.550370570
2.547314200,0.545606566
2.547662100,0.540842561
2.548010000,0.536078557
2.548357900,0.531314553
2.548705800,0.526550549
2.549053700,0.521786545
2.549401600,0.517022541
2.549749500,0.512258537
2.550097400,0.507494533
2.550445300,0.502730529
2.550793200,0.497966525
2.551141100,0.493202521
2.551489000,0.488438516
2.551836900,0.483674512
2.552184800,0.478910508
2.552532700,0.474146504
2.552880600,0.469382500
2.553228500,0.464618496
2.553576400,0.459854492
2.553924300,0.455090488
2.554272200,0.450326484
2.554620100,0.445562480
2.554968000,0.440798475
2.555315900,0.432034471
2.555663800,0.427270467
2.556011700,0.422506463
2.556359600,0.417742459
2.556707500,0.412978455
2.557055400,0.408214451
2.557403300,0.403450447
2.557751200,0.398686443
2.558099100,0.393922439
2.558447000,0.389158435
2.558794900,0.384394430
2.559142800,0.379630426
2.559490700,0.374866422
2.559838600,0.370102418
2.560186500,0.365338414
2.560534400,0.360574410
2.560882300,0.355810406
2.561230200,0.351046402
2.561578100,0.346282398
2.561926000,0.341518394
2.562273900,0.336754390
2.562621800,0.331990385
2.562969700,0.327226381
2.563317600,0.322462377
2.563665500,0.317698373
2.564013400,0.308934369
2.564361300,0.304170365
2.564709200,0.299406361
2.565057100,0.294642357
2.565405000,0.289878353
2.565752900,0.285114349
2.566100800,0.280350344
2.566448700,0.275586340
2.566796500,0.270823706
2.567144400,0.266059702
2.567492300,0.261295697
2.567840200,0.256531693
2.568188100,0.251767689
2.568536000,0.243003685
2.568883900,0.238239681
2.569231800,0.233475677
2.569579700,0.228711673
2.569927600,0.223947669
2.570275500,0.219183665
2.570623400,0.214419661
2.570971300,0.209655656
2.571319200,0.204891652
2.571667100,0.200127648
2.572015000,0.195363644
2.572362900,0.190599640
2.572710800,0.181835636
2.573058700,0.177071632
2.573406600,0.172307628
2.573754500,0.167543624
2.574102400,0.162779620
2.574450300,0.158015616
2.574798200,0.153251611
2.575146100,0.148487607
2.575494000,0.143723603
2.575841900,0.138959599
2.576189800,0.134195595
2.576537700,0.125431591
2.576885600,0.120667587
2.577233500,0.115903583
2.577581400,0.111139579
2.577929300,0.106375575
2.578277200,0.101611570
2.578625100,0.096847566
2.578973000,0.092083562
2.579320900,0.087319558
2.579668800,0.082555554
2.580016700,0.077791550
2.580364600,0.073027546
2.580712500,0.068263542
2.581060400,0.059499538
2.581408300,0.054735534
2.581756200,0.049971530
2.582104100,0.045207525
2.582452000,0.040443521
2.582799900,0.035679517
2.583147800,0.030915513
2.583495700,0.026151509
2.583843600,0.021387505
2.584191500,0.016623501
2.584539400,0.011859497
2.584887300,0.007095493
2.585235200,0.002331489
2.585583100,-0.002432515
2.585931000,-0.007196520
2.586278900,-0.011960524
2.586626800,-0.016724528
2.586974700,-0.021488532
2.587322600,-0.026252536
2.587670500,-0.031016540
2.588018400,-0.035780544
2.588366300,-0.040544548
2.588714200,-0.045308552
2.589062100,-0.050072556
2.589410000,-0.054836561
2.589757900,-0.059600565
2.590105800,-0.064364569
2.590453700,-0.069128573
2.590801600,-0.073892577
2.591149500,-0.078656581
2.591497400,-0.083420585
2.591845300,-0.088184589
2.592193200,-0.092948593
2.592541100,-0.097712597
2.592889000,-0.098476601
2.593236800,-0.103239236
2.593584700,-0.108003240
2.593932600,-0.112767244
2.594280500,-0.117531249
2.594628400,-0.122295253
2.594976300,-0.123059257
2.595324200,-0.127823261
2.595672100,-0.132587265
2.596020000,-0.133351269
2.596367900,-0.138115273
2.596715800,-0.142879277
2.597063700,-0.147643281
2.597411600,-0.148407285
2.597759500,-0.153171289
2.598107400,-0.153935294
2.598455300,-0.158699298
2.598803200,-0.159463302
2.599151100,-0.164227306
2.599499000,-0.164991310
2.599846900,-0.169755314
2.600194800,-0.170519318
2.600542700,-0.175283322
2.600890600,-0.172047326
2.601238500,-0.176811330
2.601586400,-0.177575335
2.601934300,-0.178339339
2.602282200,-0.179103343
2.602630100,-0.183867347
2.602978000,-0.180631351
2.603325900,-0.185395355
2.603673800,-0.186159359
2.604021700,-0.182923363
2.604369600,-0.183687367
2.604717500,-0.188451371
2.605065400,-0.189215375
2.605413300,-0.185979380
2.605761200,-0.186743384
2.606109100,-0.187507388
2.606457000,-0.184271392
2.606804900,-0.185035396
2.607152800,-0.185799400
2.607500700,-0.182563404
2.607848600,-0.179327408
2.608196500,-0.180091412
2.608544400,-0.180855416
2.608892300,-0.177619420
2.609240200,-0.174383425
2.609588100,-0.175147429
2.609936000,-0.171911433
2.610283900,-0.168675437
2.610631800,-0.169439441
2.610979700,-0.162203445
2.611327600,-0.162967449
2.611675500,-0.163731453
2.612023400,-0.160495457
2.612371300,-0.153259461
2.612719200,-0.154023466
2.613067100,-0.150787470
2.613415000,-0.143551474
2.613762900,-0.144315478
2.614110800,-0.141079482
2.614458700,-0.133843486
2.614806600,-0.130607490
2.615154500,-0.131371494
2.615502400,-0.128135498
2.615850300,-0.120899502
2.616198200,-0.121663506
2.616546100,-0.118427511
2.616894000,-0.111191515
2.617241900,-0.107955519
2.617589800,-0.104719523
2.617937700,-0.097483527
2.618285600,-0.094247531
2.618633500,-0.095011535
2.618981400,-0.091775539
2.619329300,-0.084539543
2.619677200,-0.081303547
2.620025000,-0.078066182
2.620372900,-0.070830186
2.620720800,-0.067594190
2.621068700,-0.064358194
2.621416600,-0.057122199
2.621764500,-0.053886203
2.622112400,-0.054650207
2.622460300,-0.043414211
2.622808200,-0.044178215
2.623156100,-0.040942219
2.623504000,-0.037706223
2.623851900,-0.030470227
2.624199800,-0.027234231
2.624547700,-0.023998235
2.624895600,-0.016762240
2.625243500,-0.013526244
2.625591400,-0.014290248
2.625939300,-0.003054252
2.626287200,-0.003818256
2.626635100,-0.000582260
2.626983000,0.002653736
2.627330900,0.009889732
2.627678800,0.013125728
2.628026700,0.012361724
2.628374600,0.023597720
2.628722500,0.022833715
2.629070400,0.026069711
2.629418300,0.033305707
2.629766200,0.036541703
2.630114100,0.039777699
2.630462000,0.039013695
2.630809900,0.046249691
2.631157800,0.049485687
2.631505700,0.052721683
2.631853600,0.059957679
2.632201500,0.063193675
2.632549400,0.062429670
2.632897300,0.069665666
2.633245200,0.072901662
2.633593100,0.076137658
2.633941000,0.075373654
2.634288900,0.082609650
2.634636800,0.085845646
2.634984700,0.089081642
2.635332600,0.096317638
2.635680500,0.095553634
2.636028400,0.098789629
2.636376300,0.106025625
2.636724200,0.109261621
2.637072100,0.108497617
2.637420000,0.115733613
2.637767900,0.118969609
2.638115800,0.118205605
2.638463700,0.121441601
2.638811600,0.128677597
2.639159500,0.131913593
2.639507400,0.131149589
2.639855300,0.138385584
2.640203200,0.141621580
2.640551100,0.140857576
2.640899000,0.152093572
2.641246900,0.151329568
2.641594800,0.154565564
2.641942700,0.153801560
2.642290600,0.161037556
2.642638500,0.164273552
2.642986400,0.163509548
2.643334300,0.170745543
2.643682200,0.173981539
2.644030100,0.173217535
2.644378000,0.184453531
2.644725900,0.183689527
2.645073800,0.186925523
2.645421700,0.186161519
2.645769600,0.193397515
2.646117500,0.196633511
2.646465300,0.195870876
2.646813200,0.203106872
2.647161100,0.206342868
2.647509000,0.205578864
2.647856900,0.212814860
2.648204800,0.216050855
2.648552700,0.215286851
2.648900600,0.218522847
2.649248500,0.225758843
2.649596400,0.224994839
2.649944300,0.228230835
2.650292200,0.235466831
2.650640100,0.234702827
2.650988000,0.237938823
2.651335900,0.245174819
2.651683800,0.244410815
2.652031700,0.247646810
2.652379600,0.254882806
2.652727500,0.254118802
2.653075400,0.257354798
2.653423300,0.256590794
2.653771200,0.263826790
2.654119100,0.267062786
2.654467000,0.266298782
2.654814900,0.273534778
2.655162800,0.276770774
2.655510700,0.276006770
2.655858600,0.283242765
2.656206500,0.286478761
2.656554400,0.285714757
2.656902300,0.284950753
2.657250200,0.292186749
2.657598100,0.295422745
2.657946000,0.294658741
2.658293900,0.301894737
2.658641800,0.305130733
2.658989700,0.304366729
2.659337600,0.311602724
2.659685500,0.314838720
2.660033400,0.314074716
2.660381300,0.317310712
2.660729200,0.320546708
2.661077100,0.323782704
2.661425000,0.323018700
2.661772900,0.330254696
2.662120800,0.333490692
2.662468700,0.332726688
2.662816600,0.339962684
2.663164500,0.343198679
2.663512400,0.342434675
2.663860300,0.345670671
2.664208200,0.352906667
2.664556100,0.352142663
2.664904000,0.351378659
2.665251900,0.358614655
2.665599800,0.361850651
2.665947700,0.361086647
2.666295600,0.368322643
2.666643500,0.371558638
2.666991400,0.370794634
2.667339300,0.374030630
2.667687200,0.381266626
2.668035100,0.380502622
2.668383000,0.383738618
2.668730900,0.390974614
2.669078800,0.390210610
2.669426700,0.393446606
2.669774600,0.400682602
2.670122500,0.399918598
2.670470400,0.403154593
2.670818300,0.410390589
2.671166200,0.409626585
2.671514100,0.412862581
2.671862000,0.412098577
2.672209900,0.419334573
2.672557800,0.422570569
2.672905600,0.421807934
2.673253500,0.429043930
2.673601400,0.432279926
2.673949300,0.431515922
2.674297200,0.438751918
2.674645100,0.441987914
2.674993000,0.441223910
2.675340900,0.444459905
2.675688800,0.451695901
2.676036700,0.450931897
2.676384600,0.454167893
2.676732500,0.461403889
2.677080400,0.460639885
2.677428300,0.463875881
2.677776200,0.471111877
2.678124100,0.470347873
2.678472000,0.473583869
2.678819900,0.472819865
2.679167800,0.484055860
2.679515700,0.483291856
2.679863600,0.486527852
2.680211500,0.493763848
2.680559400,0.492999844
2.680907300,0.496235840
2.681255200,0.503471836
2.681603100,0.502707832
2.681951000,0.505943828
2.682298900,0.509179824
2.682646800,0.516415819
2.682994700,0.515651815
2.683342600,0.518887811
2.683690500,0.526123807
2.684038400,0.529359803
2.684386300,0.528595799
2.684734200,0.535831795
2.685082100,0.539067791
2.685430000,0.542303787
2.685777900,0.549539783
2.686125800,0.548775779
2.686473700,0.552011774
2.686821600,0.555247770
2.687169500,0.562483766
2.687517400,0.561719762
2.687865300,0.564955758
2.688213200,0.572191754
2.688561100,0.575427750
2.688909000,0.578663746
2.689256900,0.585899742
2.689604800,0.589135738
2.689952700,0.588371733
2.690300600,0.591607729
2.690648500,0.598843725
2.690996400,0.602079721
2.691344300,0.605315717
2.691692200,0.612551713
2.692040100,0.615787709
2.692388000,0.615023705
2.692735900,0.626259701
2.693083800,0.625495697
2.693431700,0.628731693
2.693779600,0.631967688
2.694127500,0.639203684
2.694475400,0.642439680
2.694823300,0.645675676
2.695171200,0.652911672
2.695519100,0.656147668
2.695867000,0.659383664
2.696214900,0.666619660
2.696562800,0.669855656
2.696910700,0.673091652
2.697258600,0.672327647
2.697606500,0.683563643
2.697954400,0.686799639
2.698302300,0.686035635
2.698650200,0.697271631
2.698998100,0.700507627
2.699346000,0.699743623
2.699693800,0.710980988
2.700041700,0.714216984
2.700389600,0.713452980
2.700737500,0.716688976
2.701085400,0.727924972
2.701433300,0.731160968
2.701781200,0.730396964
2.702129100,0.741632960
2.702477000,0.744868955
2.702824900,0.744104951
2.703172800,0.755340947
2.703520700,0.758576943
2.703868600,0.757812939
2.704216500,0.769048935
2.704564400,0.772284931
2.704912300,0.771520927
2.705260200,0.774756923
2.705608100,0.785992919
2.705956000,0.785228914
2.706303900,0.788464910
2.706651800,0.799700906
2.706999700,0.798936902
2.707347600,0.802172898
2.707695500,0.809408894
2.708043400,0.812644890
2.708391300,0.815880886
2.708739200,0.819116882
2.709087100,0.826352878
2.709435000,0.829588874
2.709782900,0.828824869
2.710130800,0.840060865
2.710478700,0.839296861
2.710826600,0.842532857
2.711174500,0.849768853
2.711522400,0.853004849
2.711870300,0.856240845
2.712218200,0.855476841
2.712566100,0.866712837
2.712914000,0.865948833
2.713261900,0.869184828
2.713609800,0.876420824
2.713957700,0.879656820
2.714305600,0.882892816
2.714653500,0.890128812
2.715001400,0.893364808
2.715349300,0.892600804
2.715697200,0.895836800
2.716045100,0.903072796
2.716393000,0.906308792
2.716740900,0.905544788
2.717088800,0.912780783
2.717436700,0.916016779
2.717784600,0.919252775
2.718132500,0.926488771
2.718480400,0.925724767
2.718828300,0.928960763
2.719176200,0.936196759
2.719524100,0.939432755
2.719872000,0.938668751
2.720219900,0.941904747
2.720567800,0.949140742
2.720915700,0.952376738
2.721263600,0.951612734
2.721611500,0.958848730
2.721959400,0.962084726
2.722307300,0.961320722
2.722655200,0.972556718
2.723003100,0.971792714
2.723351000,0.975028710
2.723698900,0.974264706
2.724046800,0.981500702
2.724394700,0.984736697
2.724742600,0.983972693
2.725090500,0.991208689
2.725438400,0.994444685
2.725786300,0.997680681
2.726134100,1.004918046
2.726482000,1.004154042
2.726829900,1.007390038
2.727177800,1.006626034
2.727525700,1.013862030
2.727873600,1.017098026
2.728221500,1.016334022
2.728569400,1.023570018
2.728917300,1.026806014
2.729265200,1.026042009
2.729613100,1.033278005
2.729961000,1.036514001
2.730308900,1.035749997
2.730656800,1.038985993
2.731004700,1.042221989
2.731352600,1.045457985
2.731700500,1.044693981
2.732048400,1.051929977
2.732396300,1.055165973
2.732744200,1.054401969
2.733092100,1.061637964
2.733440000,1.060873960
2.733787900,1.064109956
2.734135800,1.071345952
2.734483700,1.070581948
2.734831600,1.069817944
2.735179500,1.073053940
2.735527400,1.080289936
2.735875300,1.079525932
2.736223200,1.078761928
2.736571100,1.085997923
2.736919000,1.085233919
2.737266900,1.088469915
2.737614800,1.091705911
2.737962700,1.094941907
2.738310600,1.094177903
2.738658500,1.093413899
2.739006400,1.100649895
2.739354300,1.099885891
2.739702200,1.103121887
2.740050100,1.106357883
2.740398000,1.105593878
2.740745900,1.108829874
2.741093800,1.112065870
2.741441700,1.115301866
2.741789600,1.114537862
2.742137500,1.113773858
2.742485400,1.117009854
2.742833300,1.120245850
2.743181200,1.119481846
2.743529100,1.122717842
2.743877000,1.125953837
2.744224900,1.125189833
2.744572800,1.128425829
2.744920700,1.127661825
2.745268600,1.126897821
2.745616500,1.130133817
2.745964400,1.133369813
2.746312300,1.132605809
2.746660200,1.131841805
2.747008100,1.139077801
2.747356000,1.138313797
2.747703900,1.137549792
2.748051800,1.140785788
2.748399700,1.140021784
2.748747600,1.139257780
2.749095500,1.138493776
2.749443400,1.145729772
2.749791300,1.144965768
2.750139200,1.144201764
2.750487100,1.147437760
2.750835000,1.146673756
2.751182900,1.145909751
2.751530800,1.149145747
2.751878700,1.148381743
2.752226600,1.147617739
2.752574500,1.150853735
2.752922300,1.150091100
2.753270200,1.149327096
2.753618100,1.148563092
2.753966000,1.151799088
2.754313900,1.151035084
2.754661800,1.150271080
2.755009700,1.153507076
2.755357600,1.152743072
2.755705500,1.151979068
2.756053400,1.155215064
2.756401300,1.154451059
2.756749200,1.153687055
2.757097100,1.152923051
2.757445000,1.156159047
2.757792900,1.155395043
2.758140800,1.154631039
2.758488700,1.157867035
2.758836600,1.157103031
2.759184500,1.156339027
2.759532400,1.159575023
2.759880300,1.158811018
2.760228200,1.158047014
2.760576100,1.157283010
2.760924000,1.160519006
2.761271900,1.159755002
2.761619800,1.158990998
2.761967700,1.162226994
2.762315600,1.161462990
2.762663500,1.160698986
2.763011400,1.163934982
2.763359300,1.163170978
2.763707200,1.162406973
2.764055100,1.161642969
2.764403000,1.164878965
2.764750900,1.164114961
2.765098800,1.163350957
2.765446700,1.166586953
2.765794600,1.165822949
2.766142500,1.165058945
2.766490400,1.164294941
2.766838300,1.163530937
2.767186200,1.162766932
2.767534100,1.166002928
2.767882000,1.165238924
2.768229900,1.164474920
2.768577800,1.163710916
2.768925700,1.166946912
2.769273600,1.166182908
2.769621500,1.165418904
2.769969400,1.168654900
2.770317300,1.163890896
2.770665200,1.163126892
2.771013100,1.166362887
2.771361000,1.165598883
2.771708900,1.164834879
2.772056800,1.164070875
2.772404700,1.167306871
2.772752600,1.166542867
2.773100500,1.161778863
2.773448400,1.165014859
2.773796300,1.164250855
2.774144200,1.163486851
2.774492100,1.166722846
2.774840000,1.165958842
2.775187900,1.165194838
2.775535800,1.160430834
2.775883700,1.163666830
2.776231600,1.162902826
2.776579500,1.162138822
2.776927400,1.165374818
2.777275300,1.164610814
2.777623200,1.159846810
2.777971100,1.163082806
2.778319000,1.162318801
2.778666900,1.161554797
2.779014800,1.160790793
2.779362600,1.164028159
2.779710500,1.159264154
2.780058400,1.158500150
2.780406300,1.161736146
2.780754200,1.160972142
2.781102100,1.160208138
2.781450000,1.163444134
2.781797900,1.158680130
2.782145800,1.157916126
2.782493700,1.157152122
2.782841600,1.160388118
2.783189500,1.159624113
2.783537400,1.158860109
2.783885300,1.158096105
2.784233200,1.157332101
2.784581100,1.156568097
2.784929000,1.159804093
2.785276900,1.159040089
2.785624800,1.158276085
2.785972700,1.157512081
2.786320600,1.156748077
2.786668500,1.155984073
2.787016400,1.155220068
2.787364300,1.158456064
2.787712200,1.153692060
2.788060100,1.152928056
2.788408000,1.156164052
2.788755900,1.155400048
2.789103800,1.154636044
2.789451700,1.153872040
2.789799600,1.153108036
2.790147500,1.152344032
2.790495400,1.151580027
2.790843300,1.154816023
2.791191200,1.150052019
2.791539100,1.149288015
2.791887000,1.152524011
2.792234900,1.151760007
2.792582800,1.146996003
2.792930700,1.150231999
2.793278600,1.149467995
2.793626500,1.148703991
2.793974400,1.147939987
2.794322300,1.147175982
2.794670200,1.146411978
2.795018100,1.145647974
2.795366000,1.144883970
2.795713900,1.144119966
2.796061800,1.143355962
2.796409700,1.142591958
2.796757600,1.141827954
2.797105500,1.141063950
2.797453400,1.140299946
2.797801300,1.139535941
2.798149200,1.138771937
2.798497100,1.138007933
2.798845000,1.137243929
2.799192900,1.136479925
2.799540800,1.135715921
2.799888700,1.138951917
2.800236600,1.134187913
2.800584500,1.133423909
2.800932400,1.136659905
2.801280300,1.131895901
2.801628200,1.131131896
2.801976100,1.130367892
2.802324000,1.129603888
2.802671900,1.128839884
2.803019800,1.128075880
2.803367700,1.127311876
2.803715600,1.126547872
2.804063500,1.125783868
2.804411400,1.125019864
2.804759300,1.124255860
2.805107200,1.123491855
2.805455100,1.122727851
2.805803000,1.121963847
2.806150800,1.121201213
2.806498700,1.116437208
2.806846600,1.119673204
2.807194500,1.118909200
2.807542400,1.114145196
2.807890300,1.117381192
2.808238200,1.112617188
2.808586100,1.111853184
2.808934000,1.111089180
2.809281900,1.110325176
2.809629800,1.109561172
2.809977700,1.108797168
2.810325600,1.108033163
2.810673500,1.107269159
2.811021400,1.102505155
2.811369300,1.101741151
2.811717200,1.100977147
2.812065100,1.100213143
2.812413000,1.095449139
2.812760900,1.098685135
2.813108800,1.093921131
2.813456700,1.093157127
2.813804600,1.092393122
2.814152500,1.091629118
2.814500400,1.086865114
2.814848300,1.086101110
2.815196200,1.085337106
2.815544100,1.084573102
2.815892000,1.083809098
2.816239900,1.079045094
2.816587800,1.078281090
2.816935700,1.073517086
2.817283600,1.072753082
2.817631500,1.071989077
2.817979400,1.067225073
2.818327300,1.066461069
2.818675200,1.065697065
2.819023100,1.060933061
2.819371000,1.060169057
2.819718900,1.059405053
2.820066800,1.054641049
2.820414700,1.053877045
2.820762600,1.049113041
2.821110500,1.048349036
2.821458400,1.043585032
2.821806300,1.042821028
2.822154200,1.042057024
2.822502100,1.037293020
2.822850000,1.036529016
2.823197900,1.031765012
2.823545800,1.031001008
2.823893700,1.026237004
2.824241600,1.025473000
2.824589500,1.020708996
2.824937400,1.019944991
2.825285300,1.015180987
2.825633200,1.014416983
2.825981100,1.009652979
2.826329000,1.008888975
2.826676900,1.004124971
2.827024800,1.003360967
2.827372700,0.998596963
2.827720600,0.997832959
2.828068500,0.993068955
2.828416400,0.988304950
2.828764300,0.987540946
2.829112200,0.982776942
2.829460100,0.982012938
2.829808000,0.977248934
2.830155900,0.972484930
2.830503800,0.971720926
2.830851700,0.966956922
2.831199600,0.966192918
2.831547500,0.961428914
2.831895400,0.956664910
2.832243300,0.955900905
2.832591100,0.951138271
2.832939000,0.946374267
2.833286900,0.945610263
2.833634800,0.940846258
2.833982700,0.936082254
2.834330600,0.935318250
2.834678500,0.930554246
2.835026400,0.925790242
2.835374300,0.921026238
2.835722200,0.920262234
2.836070100,0.915498230
2.836418000,0.910734226
2.836765900,0.905970222
2.837113800,0.905206217
2.837461700,0.900442213
2.837809600,0.895678209
2.838157500,0.890914205
2.838505400,0.886150201
2.838853300,0.881386197
2.839201200,0.876622193
2.839549100,0.875858189
2.839897000,0.871094185
2.840244900,0.866330181
2.840592800,0.861566177
2.840940700,0.856802172
2.841288600,0.852038168
2.841636500,0.847274164
2.841984400,0.842510160
2.842332300,0.837746156
2.842680200,0.832982152
2.843028100,0.828218148
2.843376000,0.823454144
2.843723900,0.818690140
2.844071800,0.813926136
2.844419700,0.809162131
2.844767600,0.800398127
2.845115500,0.795634123
2.845463400,0.790870119
2.845811300,0.786106115
2.846159200,0.781342111
2.846507100,0.776578107
2.846855000,0.771814103
2.847202900,0.763050099
2.847550800,0.758286095
2.847898700,0.753522091
2.848246600,0.748758086
2.848594500,0.743994082
2.848942400,0.739230078
2.849290300,0.730466074
2.849638200,0.725702070
2.849986100,0.720938066
2.850334000,0.716174062
2.850681900,0.711410058
2.851029800,0.706646054
2.851377700,0.697882050
2.851725600,0.693118045
2.852073500,0.688354041
2.852421400,0.683590037
2.852769300,0.678826033
2.853117200,0.674062029
2.853465100,0.665298025
2.853813000,0.660534021
2.854160900,0.655770017
2.854508800,0.651006013
2.854856700,0.646242009
2.855204600,0.641478005
2.855552500,0.636714000
2.855900400,0.631949996
2.856248300,0.627185992
2.856596200,0.622421988
2.856944100,0.617657984
2.857292000,0.612893980
2.857639900,0.608129976
2.857987800,0.603365972
2.858335700,0.598601968
2.858683600,0.593837964
2.859031500,0.589073959
2.859379300,0.584311325
2.859727200,0.579547321
2.860075100,0.574783317
2.860423000,0.570019312
2.860770900,0.565255308
2.861118800,0.560491304
2.861466700,0.559727300
2.861814600,0.554963296
2.862162500,0.550199292
2.862510400,0.545435288
2.862858300,0.540671284
2.863206200,0.539907280
2.863554100,0.535143276
2.863902000,0.530379272
2.864249900,0.525615267
2.864597800,0.524851263
2.864945700,0.520087259
2.865293600,0.515323255
2.865641500,0.510559251
2.865989400,0.509795247
2.866337300,0.505031243
2.866685200,0.500267239
2.867033100,0.499503235
2.867381000,0.494739231
2.867728900,0.489975226
2.868076800,0.489211222
2.868424700,0.484447218
2.868772600,0.479683214
2.869120500,0.478919210
2.869468400,0.474155206
2.869816300,0.469391202
2.870164200,0.468627198
2.870512100,0.463863194
2.870860000,0.463099190
2.871207900,0.458335186
2.871555800,0.457571181
2.871903700,0.452807177
2.872251600,0.448043173
2.872599500,0.447279169
2.872947400,0.442515165
2.873295300,0.441751161
2.873643200,0.436987157
2.873991100,0.436223153
2.874339000,0.431459149
2.874686900,0.430695145
2.875034800,0.425931140
2.875382700,0.425167136
2.875730600,0.420403132
2.876078500,0.419639128
2.876426400,0.414875124
2.876774300,0.414111120
2.877122200,0.413347116
2.877470100,0.408583112
2.877818000,0.407819108
2.878165900,0.407055104
2.878513800,0.402291100
2.878861700,0.401527095
2.879209600,0.396763091
2.879557500,0.395999087
2.879905400,0.395235083
2.880253300,0.390471079
2.880601200,0.389707075
2.880949100,0.388943071
2.881297000,0.388179067
2.881644900,0.387415063
2.881992800,0.382651059
2.882340700,0.381887054
2.882688600,0.381123050
2.883036500,0.380359046
2.883384400,0.379595042
2.883732300,0.378831038
2.884080200,0.378067034
2.884428100,0.377303030
2.884776000,0.376539026
2.885123900,0.375775022
2.885471800,0.375011018
2.885819600,0.374248383
2.886167500,0.377484379
2.886515400,0.376720375
2.886863300,0.375956371
2.887211200,0.375192367
2.887559100,0.374428362
2.887907000,0.373664358
2.888254900,0.372900354
2.888602800,0.380136350
2.888950700,0.379372346
2.889298600,0.378608342
2.889646500,0.381844338
2.889994400,0.381080334
2.890342300,0.380316330
2.890690200,0.379552326
2.891038100,0.386788321
2.891386000,0.386024317
2.891733900,0.385260313
2.892081800,0.392496309
2.892429700,0.391732305
2.892777600,0.390968301
2.893125500,0.398204297
2.893473400,0.397440293
2.893821300,0.400676289
2.894169200,0.399912285
2.894517100,0.407148281
2.894865000,0.406384276
2.895212900,0.409620272
2.895560800,0.416856268
2.895908700,0.416092264
2.896256600,0.419328260
2.896604500,0.426564256
2.896952400,0.425800252
2.897300300,0.429036248
2.897648200,0.436272244
2.897996100,0.435508240
2.898344000,0.438744235
2.898691900,0.441980231
2.899039800,0.449216227
2.899387700,0.448452223
2.899735600,0.451688219
2.900083500,0.458924215
2.900431400,0.462160211
2.900779300,0.461396207
2.901127200,0.472632203
2.901475100,0.471868199
2.901823000,0.475104195
2.902170900,0.478340190
2.902518800,0.485576186
2.902866700,0.488812182
2.903214600,0.488048178
2.903562500,0.499284174
2.903910400,0.498520170
2.904258300,0.501756166
2.904606200,0.508992162
2.904954100,0.512228158
2.905302000,0.511464154
2.905649900,0.514700149
2.905997800,0.521936145
2.906345700,0.525172141
2.906693600,0.528408137
2.907041500,0.535644133
2.907389400,0.538880129
2.907737300,0.538116125
2.908085200,0.545352121
2.908433100,0.548588117
2.908781000,0.551824113
2.909128900,0.551060109
2.909476800,0.558296104
2.909824700,0.561532100
2.910172600,0.560768096
2.910520500,0.568004092
2.910868400,0.571240088
2.911216300,0.574476084
2.911564200,0.581712080
2.911912100,0.580948076
2.912259900,0.584185441
2.912607800,0.583421437
2.912955700,0.590657433
2.913303600,0.593893429
2.913651500,0.593129425
2.913999400,0.600365421
2.914347300,0.599601416
2.914695200,0.602837412
2.915043100,0.610073408
2.915391000,0.609309404
2.915738900,0.612545400
2.916086800,0.615781396
2.916434700,0.619017392
2.916782600,0.618253388
2.917130500,0.621489384
2.917478400,0.624725380
2.917826300,0.627961376
2.918174200,0.627197371
2.918522100,0.634433367
2.918870000,0.633669363
2.919217900,0.636905359
2.919565800,0.640141355
2.919913700,0.643377351
2.920261600,0.642613347
2.920609500,0.641849343
2.920957400,0.649085339
2.921305300,0.652321335
2.921653200,0.651557330
2.922001100,0.658793326
2.922349000,0.658029322
2.922696900,0.657265318
2.923044800,0.664501314
2.923392700,0.667737310
2.923740600,0.666973306
2.924088500,0.666209302
2.924436400,0.673445298
2.924784300,0.676681294
2.925132200,0.675917290
2.925480100,0.683153285
2.925828000,0.686389281
2.926175900,0.685625277
2.926523800,0.692861273
2.926871700,0.692097269
2.927219600,0.695333265
2.927567500,0.694569261
2.927915400,0.701805257
2.928263300,0.705041253
2.928611200,0.704277249
2.928959100,0.715513244
2.929307000,0.714749240
2.929654900,0.717985236
2.930002800,0.725221232
2.930350700,0.724457228
2.930698600,0.727693224
2.931046500,0.734929220
2.931394400,0.738165216
2.931742300,0.737401212
2.932090200,0.740637208
2.932438100,0.747873204
2.932786000,0.751109199
2.933133900,0.754345195
2.933481800,0.761581191
2.933829700,0.764817187
2.934177600,0.768053183
2.934525500,0.775289179
2.934873400,0.778525175
2.935221300,0.781761171
2.935569200,0.780997167
2.935917100,0.792233163
2.936265000,0.795469158
2.936612900,0.794705154
2.936960800,0.805941150
2.937308700,0.809177146
2.937656600,0.808413142
2.938004500,0.819649138
2.938352400,0.822885134
2.938700300,0.826121130
2.939048100,0.825358495
2.939396000,0.836594491
2.939743900,0.839830487
2.940091800,0.843066483
2.940439700,0.850302479
2.940787600,0.853538475
2.941135500,0.856774471
2.941483400,0.868010466
2.941831300,0.871246462
2.942179200,0.870482458
2.942527100,0.873718454
2.942875000,0.884954450
2.943222900,0.888190446
2.943570800,0.891426442
2.943918700,0.898662438
2.944266600,0.901898434
2.944614500,0.905134430
2.944962400,0.912370425
2.945310300,0.915606421
2.945658200,0.918842417
2.946006100,0.930078413
2.946354000,0.933314409
2.946701900,0.932550405
2.947049800,0.935786401
2.947397700,0.947022397
2.947745600,0.950258393
2.948093500,0.949494389
2.948441400,0.960730385
2.948789300,0.963966380
2.949137200,0.967202376
2.949485100,0.974438372
2.949833000,0.977674368
2.950180900,0.980910364
2.950528800,0.980146360
2.950876700,0.991382356
2.951224600,0.994618352
2.951572500,0.993854348
2.951920400,1.005090344
2.952268300,1.008326339
2.952616200,1.007562335
2.952964100,1.018798331
2.953312000,1.022034327
2.953659900,1.021270323
2.954007800,1.024506319
2.954355700,1.031742315
2.954703600,1.034978311
2.955051500,1.038214307
2.955399400,1.045450303
2.955747300,1.048686299
2.956095200,1.051922294
2.956443100,1.059158290
2.956791000,1.062394286
2.957138900,1.061630282
2.957486800,1.064866278
2.957834700,1.072102274
2.958182600,1.075338270
2.958530500,1.078574266
2.958878400,1.085810262
2.959226300,1.089046258
2.959574200,1.088282253
2.959922100,1.099518249
2.960270000,1.098754245
2.960617900,1.101990241
2.960965800,1.101226237
2.961313700,1.112462233
2.961661600,1.111698229
2.962009500,1.114934225
2.962357400,1.122170221
2.962705300,1.125406217
2.963053200,1.124642213
2.963401100,1.131878208
2.963749000,1.135114204
2.964096900,1.134350200
2.964444800,1.145586196
2.964792700,1.144822192
2.965140600,1.148058188
2.965488400,1.147295553
2.965836300,1.154531549
2.966184200,1.157767545
2.966532100,1.157003541
2.966880000,1.164239537
2.967227900,1.167475533
2.967575800,1.166711529
2.967923700,1.173947525
2.968271600,1.177183520
2.968619500,1.176419516
2.968967400,1.179655512
2.969315300,1.182891508
2.969663200,1.186127504
2.970011100,1.185363500
2.970359000,1.192599496
2.970706900,1.195835492
2.971054800,1.195071488
2.971402700,1.202307484
2.971750600,1.201543480
2.972098500,1.204779475
2.972446400,1.204015471
2.972794300,1.211251467
2.973142200,1.210487463
2.973490100,1.209723459
2.973838000,1.216959455
2.974185900,1.220195451
2.974533800,1.219431447
2.974881700,1.226667443
2.975229600,1.225903439
2.975577500,1.225139434
2.975925400,1.228375430
2.976273300,1.231611426
2.976621200,1.234847422
2.976969100,1.234083418
2.977317000,1.241319414
2.977664900,1.240555410
2.978012800,1.239791406
2.978360700,1.247027402
2.978708600,1.246263398
2.979056500,1.249499394
2.979404400,1.252735389
2.979752300,1.251971385
2.980100200,1.255207381
2.980448100,1.254443377
2.980796000,1.261679373
2.981143900,1.260915369
2.981491800,1.260151365
2.981839700,1.267387361
2.982187600,1.266623357
2.982535500,1.269859353
2.982883400,1.273095348
2.983231300,1.276331344
2.983579200,1.275567340
2.983927100,1.274803336
2.984275000,1.282039332
2.984622900,1.281275328
2.984970800,1.280511324
2.985318700,1.287747320
2.985666600,1.286983316
2.986014500,1.290219312
2.986362400,1.293455308
2.986710300,1.296691303
2.987058200,1.295927299
2.987406100,1.295163295
2.987754000,1.302399291
2.988101900,1.301635287
2.988449800,1.304871283
2.988797700,1.308107279
2.989145600,1.311343275
2.989493500,1.310579271
2.989841400,1.317815267
2.990189300,1.317051263
2.990537200,1.320287258
2.990885100,1.319523254
2.991233000,1.326759250
2.991580900,1.325995246
2.991928800,1.325231242
2.992276600,1.332468607
2.992624500,1.331704603
2.992972400,1.334940599
2.993320300,1.338176595
2.993668200,1.341412591
2.994016100,1.340648587
2.994364000,1.339884583
2.994711900,1.347120579
2.995059800,1.346356575
2.995407700,1.349592570
2.995755600,1.356828566
2.996103500,1.356064562
2.996451400,1.355300558
2.996799300,1.362536554
2.997147200,1.361772550
2.997495100,1.365008546
2.997843000,1.368244542
2.998190900,1.371480538
2.998538800,1.370716534
2.998886700,1.369952529
2.999234600,1.377188525
2.999582500,1.376424521
2.999930400,1.375660517
3.000278300,1.382896513
3.000626200,1.382132509
3.000974100,1.385368505
3.001322000,1.388604501
3.001669900,1.387840497
3.002017800,1.391076493
3.002365700,1.390312489
3.002713600,1.397548484
3.003061500,1.396784480
3.003409400,1.396020476
3.003757300,1.403256472
3.004105200,1.402492468
3.004453100,1.401728464
3.004801000,1.408964460
3.005148900,1.408200456
3.005496800,1.407436452
3.005844700,1.406672448
3.006192600,1.413908443
3.006540500,1.413144439
3.006888400,1.412380435
3.007236300,1.419616431
3.007584200,1.418852427
3.007932100,1.418088423
3.008280000,1.421324419
3.008627900,1.424560415
3.008975800,1.423796411
3.009323700,1.423032407
3.009671600,1.426268403
3.010019500,1.425504398
3.010367400,1.428740394
3.010715300,1.431976390
3.011063200,1.431212386
3.011411100,1.430448382
3.011759000,1.433684378
3.012106900,1.436920374
3.012454800,1.436156370
3.012802700,1.439392366
3.013150600,1.438628362
3.013498500,1.437864358
3.013846400,1.437100353
3.014194300,1.440336349
3.014542200,1.439572345
3.014890100,1.438808341
3.015238000,1.446044337
3.015585900,1.445280333
3.015933800,1.444516329
3.016281700,1.447752325
3.016629600,1.446988321
3.016977500,1.446224317
3.017325400,1.445460312
3.017673300,1.448696308
3.018021200,1.447932304
3.018369100,1.447168300
3.018716900,1.450405665
3.019064800,1.449641661
3.019412700,1.448877657
3.019760600,1.452113653
3.020108500,1.451349649
3.020456400,1.450585645
3.020804300,1.449821641
3.021152200,1.453057637
3.021500100,1.452293633
3.021848000,1.451529629
3.022195900,1.454765624
3.022543800,1.454001620
3.022891700,1.453237616
3.023239600,1.456473612
3.023587500,1.455709608
3.023935400,1.454945604
3.024283300,1.454181600
3.024631200,1.457417596
3.024979100,1.456653592
3.025327000,1.451889588
3.025674900,1.455125584
3.026022800,1.454361579
3.026370700,1.453597575
3.026718600,1.456833571
3.027066500,1.456069567
3.027414400,1.455305563
3.027762300,1.458541559
3.028110200,1.457777555
3.028458100,1.457013551
3.028806000,1.456249547
3.029153900,1.459485543
3.029501800,1.458721538
3.029849700,1.457957534
3.030197600,1.461193530
3.030545500,1.460429526
3.030893400,1.459665522
3.031241300,1.462901518
3.031589200,1.462137514
3.031937100,1.461373510
3.032285000,1.460609506
3.032632900,1.463845502
3.032980800,1.467081498
3.033328700,1.466317493
3.033676600,1.469553489
3.034024500,1.468789485
3.034372400,1.468025481
3.034720300,1.471261477
3.035068200,1.474497473
3.035416100,1.473733469
3.035764000,1.472969465
3.036111900,1.476205461
3.036459800,1.479441457
3.036807700,1.478677452
3.037155600,1.485913448
3.037503500,1.485149444
3.037851400,1.484385440
3.038199300,1.491621436
3.038547200,1.490857432
3.038895100,1.494093428
3.039243000,1.493329424
3.039590900,1.500565420
3.039938800,1.499801416
3.040286700,1.503037412
3.040634600,1.510273407
3.040982500,1.509509403
3.041330400,1.512745399
3.041678300,1.519981395
3.042026200,1.519217391
3.042374100,1.522453387
3.042722000,1.525689383
3.043069900,1.532925379
3.043417800,1.532161375
3.043765700,1.535397371
3.044113600,1.542633367
3.044461500,1.545869362
3.044809400,1.549105358
3.045157300,1.556341354
3.045505100,1.559578719
3.045853000,1.562814715
3.046200900,1.570050711
3.046548800,1.573286707
3.046896700,1.576522703
3.047244600,1.579758699
3.047592500,1.586994695
3.047940400,1.590230691
3.048288300,1.593466687
3.048636200,1.604702683
3.048984100,1.607938679
3.049332000,1.611174674
3.049679900,1.618410670
3.050027800,1.621646666
3.050375700,1.624882662
3.050723600,1.628118658
3.051071500,1.639354654
3.051419400,1.642590650
3.051767300,1.645826646
3.052115200,1.653062642
3.052463100,1.656298638
3.052811000,1.659534633
3.053158900,1.670770629
3.053506800,1.674006625
3.053854700,1.677242621
3.054202600,1.680478617
3.054550500,1.691714613
3.054898400,1.694950609
3.055246300,1.694186605
3.055594200,1.705422601
3.055942100,1.708658597
3.056290000,1.711894593
3.056637900,1.723130588
3.056985800,1.726366584
3.057333700,1.729602580
3.057681600,1.728838576
3.058029500,1.740074572
3.058377400,1.743310568
3.058725300,1.746546564
3.059073200,1.757782560
3.059421100,1.757018556
3.059769000,1.760254552
3.060116900,1.771490547
3.060464800,1.774726543
3.060812700,1.773962539
3.061160600,1.785198535
3.061508500,1.788434531
3.061856400,1.787670527
3.062204300,1.790906523
3.062552200,1.802142519
3.062900100,1.801378515
3.063248000,1.804614511
3.063595900,1.815850507
3.063943800,1.815086502
3.064291700,1.818322498
3.064639600,1.825558494
3.064987500,1.828794490
3.065335400,1.832030486
3.065683300,1.831266482
3.066031200,1.842502478
3.066379100,1.841738474
3.066727000,1.844974470
3.067074900,1.852210466
3.067422800,1.855446462
3.067770700,1.854682457
3.068118600,1.865918453
3.068466500,1.865154449
3.068814400,1.868390445
3.069162300,1.867626441
3.069510200,1.874862437
3.069858100,1.878098433
3.070206000,1.877334429
3.070553900,1.884570425
3.070901800,1.887806421
3.071249700,1.887042416
3.071597600,1.894278412
3.071945400,1.897515778
3.072293300,1.896751774
3.072641200,1.899987769
3.072989100,1.907223765
3.073337000,1.906459761
3.073684900,1.905695757
3.074032800,1.912931753
3.074380700,1.916167749
3.074728600,1.915403745
3.075076500,1.922639741
3.075424400,1.921875737
3.075772300,1.921111733
3.076120200,1.924347728
3.076468100,1.927583724
3.076816000,1.930819720
3.077163900,1.930055716
3.077511800,1.937291712
3.077859700,1.936527708
3.078207600,1.935763704
3.078555500,1.942999700
3.078903400,1.942235696
3.079251300,1.941471692
3.079599200,1.948707688
3.079947100,1.947943683
3.080295000,1.947179679
3.080642900,1.946415675
3.080990800,1.953651671
3.081338700,1.952887667
3.081686600,1.952123663
3.082034500,1.955359659
3.082382400,1.958595655
3.082730300,1.957831651
3.083078200,1.961067647
3.083426100,1.960303642
3.083774000,1.959539638
3.084121900,1.962775634
3.084469800,1.966011630
3.084817700,1.965247626
3.085165600,1.964483622
3.085513500,1.967719618
3.085861400,1.966955614
3.086209300,1.966191610
3.086557200,1.973427606
3.086905100,1.972663602
3.087253000,1.971899597
3.087600900,1.971135593
3.087948800,1.974371589
3.088296700,1.973607585
3.088644600,1.972843581
3.088992500,1.976079577
3.089340400,1.975315573
3.089688300,1.974551569
3.090036200,1.977787565
3.090384100,1.977023561
3.090732000,1.976259557
3.091079900,1.975495552
3.091427800,1.978731548
3.091775700,1.977967544
3.092123600,1.977203540
3.092471500,1.980439536
3.092819400,1.979675532
3.093167300,1.978911528
3.093515200,1.982147524
3.093863100,1.981383520
3.094211000,1.980619516
3.094558900,1.983855511
3.094906800,1.983091507
3.095254700,1.982327503
3.095602600,1.981563499
3.095950500,1.984799495
3.096298400,1.980035491
3.096646300,1.979271487
3.096994200,1.982507483
3.097342100,1.981743479
3.097690000,1.980979475
3.098037900,1.984215471
3.098385800,1.983451466
3.098733600,1.982688832
3.099081500,1.981924828
3.099429400,1.985160823
3.099777300,1.980396819
3.100125200,1.979632815
3.100473100,1.982868811
3.100821000,1.982104807
3.101168900,1.981340803
3.101516800,1.984576799
3.101864700,1.983812795
3.102212600,1.983048791
3.102560500,1.978284787
3.102908400,1.981520783
3.103256300,1.980756778
3.103604200,1.979992774
3.103952100,1.983228770
3.104300000,1.982464766
3.104647900,1.981700762
3.104995800,1.980936758
3.105343700,1.980172754
3.105691600,1.979408750
3.106039500,1.978644746
3.106387400,1.981880742
3.106735300,1.981116737
3.107083200,1.980352733
3.107431100,1.979588729
3.107779000,1.978824725
3.108126900,1.978060721
3.108474800,1.981296717
3.108822700,1.980532713
3.109170600,1.979768709
3.109518500,1.979004705
3.109866400,1.978240701
3.110214300,1.977476697
3.110562200,1.976712692
3.110910100,1.979948688
3.111258000,1.979184684
3.111605900,1.978420680
3.111953800,1.977656676
3.112301700,1.976892672
3.112649600,1.976128668
3.112997500,1.979364664
3.113345400,1.978600660
3.113693300,1.977836656
3.114041200,1.973072652
3.114389100,1.976308647
3.114737000,1.975544643
3.115084900,1.974780639
3.115432800,1.974016635
3.115780700,1.973252631
3.116128600,1.972488627
3.116476500,1.975724623
3.116824400,1.974960619
3.117172300,1.970196615
3.117520200,1.969432611
3.117868100,1.972668606
3.118216000,1.971904602
3.118563900,1.971140598
3.118911800,1.970376594
3.119259700,1.969612590
3.119607600,1.968848586
3.119955500,1.968084582
3.120303400,1.967320578
3.120651300,1.966556574
3.120999200,1.965792570
3.121347100,1.965028566
3.121695000,1.964264561
3.122042900,1.963500557
3.122390800,1.962736553
3.122738700,1.961972549
3.123086600,1.961208545
3.123434500,1.960444541
3.123782400,1.959680537
3.124130300,1.954916533
3.124478200,1.954152529
3.124826100,1.957388525
3.125173900,1.952625890
3.125521800,1.951861886
3.125869700,1.951097882
3.126217600,1.950333878
3.126565500,1.949569873
3.126913400,1.948805869
3.127261300,1.948041865
3.127609200,1.947277861
3.127957100,1.946513857
3.128305000,1.945749853
3.128652900,1.940985849
3.129000800,1.940221845
3.129348700,1.939457841
3.129696600,1.938693837
3.130044500,1.937929832
3.130392400,1.937165828
3.130740300,1.932401824
3.131088200,1.931637820
3.131436100,1.930873816
3.131784000,1.930109812
3.132131900,1.929345808
3.132479800,1.924581804
3.132827700,1.927817800
3.133175600,1.923053796
3.133523500,1.922289792
3.133871400,1.921525787
3.134219300,1.920761783
3.134567200,1.915997779
3.134915100,1.919233775
3.135263000,1.914469771
3.135610900,1.913705767
3.135958800,1.908941763
3.136306700,1.912177759
3.136654600,1.907413755
3.137002500,1.906649751
3.137350400,1.905885747
3.137698300,1.905121742
3.138046200,1.900357738
3.138394100,1.903593734
3.138742000,1.898829730
3.139089900,1.898065726
3.139437800,1.893301722
3.139785700,1.896537718
3.140133600,1.891773714
3.140481500,1.891009710
3.140829400,1.890245706
3.141177300,1.885481701
3.141525200,1.884717697
3.141873100,1.883953693
3.142221000,1.883189689
3.142568900,1.878425685
3.142916800,1.877661681
3.143264700,1.876897677
3.143612600,1.872133673
3.143960500,1.871369669
3.144308400,1.870605665
3.144656300,1.869841661
3.145004200,1.865077656
3.145352100,1.864313652
3.145700000,1.863549648
3.146047900,1.858785644
3.146395800,1.858021640
3.146743700,1.857257636
3.147091600,1.852493632
3.147439500,1.851729628
3.147787400,1.850965624
3.148135300,1.846201620
3.148483200,1.845437615
3.148831100,1.844673611
3.149179000,1.839909607
3.149526900,1.839145603
3.149874800,1.834381599
3.150222700,1.833617595
3.150570600,1.828853591
3.150918500,1.828089587
3.151266400,1.827325583
3.151614200,1.822562948
3.151962100,1.817798944
3.152310000,1.817034940
3.152657900,1.816270936
3.153005800,1.811506932
3.153353700,1.810742927
3.153701600,1.805978923
3.154049500,1.801214919
3.154397400,1.800450915
3.154745300,1.795686911
3.155093200,1.794922907
3.155441100,1.790158903
3.155789000,1.789394899
3.156136900,1.784630895
3.156484800,1.779866891
3.156832700,1.779102887
3.157180600,1.774338882
3.157528500,1.769574878
3.157876400,1.768810874
3.158224300,1.764046870
3.158572200,1.763282866
3.158920100,1.758518862
3.159268000,1.753754858
3.159615900,1.752990854
3.159963800,1.748226850
3.160311700,1.743462846
3.160659600,1.742698842
3.161007500,1.737934837
3.161355400,1.733170833
3.161703300,1.732406829
3.162051200,1.727642825
3.162399100,1.722878821
3.162747000,1.718114817
3.163094900,1.717350813
3.163442800,1.712586809
3.163790700,1.707822805
3.164138600,1.707058801
3.164486500,1.702294796
3.164834400,1.697530792
3.165182300,1.692766788
3.165530200,1.692002784
3.165878100,1.687238780
3.166226000,1.682474776
3.166573900,1.677710772
3.166921800,1.676946768
3.167269700,1.672182764
3.167617600,1.667418760
3.167965500,1.662654756
3.168313400,1.661890751
3.168661300,1.657126747
3.169009200,1.652362743
3.169357100,1.647598739
3.169705000,1.646834735
3.170052900,1.642070731
3.170400800,1.637306727
3.170748700,1.632542723
3.171096600,1.631778719
3.171444500,1.627014715
3.171792400,1.622250710
3.172140300,1.617486706
3.172488200,1.612722702
3.172836100,1.611958698
3.173184000,1.607194694
3.173531900,1.602430690
3.173879800,1.597666686
3.174227700,1.596902682
3.174575600,1.592138678
3.174923500,1.587374674
3.175271400,1.582610670
3.175619300,1.577846665
3.175967200,1.577082661
3.176315100,1.572318657
3.176663000,1.567554653
3.177010900,1.562790649
3.177358800,1.558026645
3.177706700,1.557262641
3.178054600,1.552498637
3.178402400,1.547736002
3.178750300,1.542971998
3.179098200,1.538207994
3.179446100,1.533443990
3.179794000,1.532679986
3.180141900,1.527915982
3.180489800,1.523151977
3.180837700,1.518387973
3.181185600,1.513623969
3.181533500,1.508859965
3.181881400,1.508095961
3.182229300,1.503331957
3.182577200,1.498567953
3.182925100,1.493803949
3.183273000,1.489039945
3.183620900,1.484275941
3.183968800,1.479511937
3.184316700,1.478747932
3.184664600,1.473983928
3.185012500,1.469219924
3.185360400,1.464455920
3.185708300,1.459691916
3.186056200,1.454927912
3.186404100,1.450163908
3.186752000,1.445399904
3.187099900,1.440635900
3.187447800,1.439871896
3.187795700,1.435107891
3.188143600,1.430343887
3.188491500,1.425579883
3.188839400,1.420815879
3.189187300,1.416051875
3.189535200,1.411287871
3.189883100,1.406523867
3.190231000,1.401759863
3.190578900,1.396995859
3.190926800,1.392231855
3.191274700,1.387467851
3.191622600,1.382703846
3.191970500,1.377939842
3.192318400,1.373175838
3.192666300,1.368411834
3.193014200,1.363647830
3.193362100,1.358883826
3.193710000,1.354119822
3.194057900,1.349355818
3.194405800,1.344591814
3.194753700,1.339827810
3.195101600,1.335063805
3.195449500,1.326299801
3.195797400,1.321535797
3.196145300,1.316771793
3.196493200,1.312007789
3.196841100,1.307243785
3.197189000,1.302479781
3.197536900,1.297715777
3.197884800,1.292951773
3.198232700,1.288187769
3.198580600,1.279423765
3.198928500,1.274659760
3.199276400,1.269895756
3.199624300,1.265131752
3.199972200,1.260367748
3.200320100,1.255603744
3.200668000,1.246839740
3.201015900,1.242075736
3.201363800,1.237311732
3.201711700,1.232547728
3.202059600,1.227783724
3.202407500,1.219019719
3.202755400,1.214255715
3.203103300,1.209491711
3.203451200,1.204727707
3.203799100,1.199963703
3.204147000,1.191199699
3.204494900,1.186435695
3.204842700,1.181673060
3.205190600,1.172909056
3.205538500,1.168145052
3.205886400,1.163381048
3.206234300,1.158617044
3.206582200,1.149853040
3.206930100,1.145089036
3.207278000,1.140325032
3.207625900,1.131561027
3.207973800,1.126797023
3.208321700,1.122033019
3.208669600,1.113269015
3.209017500,1.108505011
3.209365400,1.103741007
3.209713300,1.094977003
3.210061200,1.090212999
3.210409100,1.081448995
3.210757000,1.076684991
3.211104900,1.067920986
3.211452800,1.063156982
3.211800700,1.058392978
3.212148600,1.049628974
3.212496500,1.044864970
3.212844400,1.040100966
3.213192300,1.031336962
3.213540200,1.026572958
3.213888100,1.017808954
3.214236000,1.013044950
3.214583900,1.004280946
3.214931800,0.999516941
3.215279700,0.990752937
3.215627600,0.985988933
3.215975500,0.977224929
3.216323400,0.972460925
3.216671300,0.963696921
3.217019200,0.958932917
3.217367100,0.954168913
3.217715000,0.945404909
3.218062900,0.936640905
3.218410800,0.931876900
3.218758700,0.927112896
3.219106600,0.918348892
3.219454500,0.909584888
3.219802400,0.904820884
3.220150300,0.896056880
3.220498200,0.891292876
3.220846100,0.882528872
3.221194000,0.877764868
3.221541900,0.869000864
3.221889800,0.864236860
3.222237700,0.855472855
3.222585600,0.846708851
3.222933500,0.841944847
3.223281400,0.833180843
3.223629300,0.824416839
3.223977200,0.819652835
3.224325100,0.810888831
3.224673000,0.802124827
3.225020900,0.797360823
3.225368800,0.792596819
3.225716700,0.783832814
3.226064600,0.775068810
3.226412500,0.770304806
3.226760400,0.761540802
3.227108300,0.752776798
3.227456200,0.748012794
3.227804100,0.739248790
3.228152000,0.730484786
3.228499900,0.721720782
3.228847800,0.716956778
3.229195700,0.708192774
3.229543600,0.699428769
3.229891500,0.694664765
3.230239400,0.685900761
3.230587300,0.677136757
3.230935200,0.668372753
3.231283100,0.663608749
3.231630900,0.654846114
3.231978800,0.646082110
3.232326700,0.637318106
3.232674600,0.632554102
3.233022500,0.619790098
3.233370400,0.615026094
3.233718300,0.606262090
3.234066200,0.597498086
3.234414100,0.588734081
3.234762000,0.583970077
3.235109900,0.571206073
3.235457800,0.566442069
3.235805700,0.557678065
3.236153600,0.548914061
3.236501500,0.540150057
3.236849400,0.531386053
3.237197300,0.522622049
3.237545200,0.513858045
3.237893100,0.505094041
3.238241000,0.496330036
3.238588900,0.487566032
3.238936800,0.478802028
3.239284700,0.474038024
3.239632600,0.461274020
3.239980500,0.452510016
3.240328400,0.447746012
3.240676300,0.438982008
3.241024200,0.426218004
3.241372100,0.421454000
3.241720000,0.412689995
3.242067900,0.399925991
3.242415800,0.391161987
3.242763700,0.386397983
3.243111600,0.373633979
3.243459500,0.364869975
3.243807400,0.360105971
3.244155300,0.351341967
3.244503200,0.338577963
3.244851100,0.333813959
3.245199000,0.325049955
3.245546900,0.312285950
3.245894800,0.307521946
3.246242700,0.298757942
3.246590600,0.285993938
3.246938500,0.281229934
3.247286400,0.272465930
3.247634300,0.263701926
3.247982200,0.254937922
3.248330100,0.246173918
3.248678000,0.237409914
3.249025900,0.228645909
3.249373800,0.219881905
3.249721700,0.215117901
3.250069600,0.202353897
3.250417500,0.197589893
3.250765400,0.188825889
3.251113300,0.180061885
3.251461200,0.171297881
3.251809100,0.162533877
3.252157000,0.157769873
3.252504900,0.145005869
3.252852800,0.140241864
3.253200700,0.131477860
3.253548600,0.122713856
3.253896500,0.113949852
3.254244400,0.109185848
3.254592300,0.100421844
3.254940200,0.091657840
3.255288100,0.086893836
3.255636000,0.078129832
3.255983900,0.069365828
3.256331800,0.060601823
3.256679700,0.055837819
3.257027600,0.047073815
3.257375500,0.038309811
3.257723400,0.033545807
3.258071200,0.024783172
3.258419100,0.016019168
3.258767000,0.011255164
3.259114900,0.002491160
3.259462800,-0.006272844
3.259810700,-0.011036848
3.260158600,-0.019800852
3.260506500,-0.028564856
3.260854400,-0.033328860
3.261202300,-0.042092864
3.261550200,-0.046856869
3.261898100,-0.055620873
3.262246000,-0.060384877
3.262593900,-0.069148881
3.262941800,-0.077912885
3.263289700,-0.082676889
3.263637600,-0.091440893
3.263985500,-0.100204897
3.264333400,-0.104968901
3.264681300,-0.109732905
3.265029200,-0.118496910
3.265377100,-0.127260914
3.265725000,-0.132024918
3.266072900,-0.140788922
3.266420800,-0.149552926
3.266768700,-0.154316930
3.267116600,-0.163080934
3.267464500,-0.167844938
3.267812400,-0.176608942
3.268160300,-0.181372946
3.268508200,-0.190136950
3.268856100,-0.198900955
3.269204000,-0.203664959
3.269551900,-0.212428963
3.269899800,-0.221192967
3.270247700,-0.225956971
3.270595600,-0.234720975
3.270943500,-0.243484979
3.271291400,-0.248248983
3.271639300,-0.253012987
3.271987200,-0.261776991
3.272335100,-0.270540996
3.272683000,-0.275305000
3.273030900,-0.284069004
3.273378800,-0.292833008
3.273726700,-0.297597012
3.274074600,-0.306361016
3.274422500,-0.315125020
3.274770400,-0.319889024
3.275118300,-0.324653028
3.275466200,-0.333417032
3.275814100,-0.342181036
3.276162000,-0.346945041
3.276509900,-0.355709045
3.276857800,-0.364473049
3.277205700,-0.369237053
3.277553600,-0.378001057
3.277901500,-0.382765061
3.278249400,-0.391529065
3.278597300,-0.396293069
3.278945200,-0.405057073
3.279293100,-0.413821077
3.279641000,-0.418585082
3.279988900,-0.427349086
3.280336800,-0.432113090
3.280684700,-0.440877094
3.281032600,-0.445641098
3.281380500,-0.454405102
3.281728400,-0.459169106
3.282076300,-0.467933110
3.282424200,-0.472697114
3.282772100,-0.481461118
3.283120000,-0.486225122
3.283467900,-0.494989127
3.283815800,-0.499753131
3.284163700,-0.508517135
3.284511600,-0.513281139
3.284859400,-0.522043774
3.285207300,-0.526807778
3.285555200,-0.531571782
3.285903100,-0.540335786
3.286251000,-0.545099790
3.286598900,-0.549863794
3.286946800,-0.558627798
3.287294700,-0.563391802
3.287642600,-0.572155806
3.287990500,-0.576919810
3.288338400,-0.585683815
3.288686300,-0.590447819
3.289034200,-0.595211823
3.289382100,-0.603975827
3.289730000,-0.608739831
3.290077900,-0.613503835
3.290425800,-0.622267839
3.290773700,-0.627031843
3.291121600,-0.631795847
3.291469500,-0.640559851
3.291817400,-0.645323855
3.292165300,-0.650087860
3.292513200,-0.658851864
3.292861100,-0.663615868
3.293209000,-0.668379872
3.293556900,-0.677143876
3.293904800,-0.681907880
3.294252700,-0.686671884
3.294600600,-0.695435888
3.294948500,-0.700199892
3.295296400,-0.704963896
3.295644300,-0.709727901
3.295992200,-0.718491905
3.296340100,-0.723255909
3.296688000,-0.728019913
3.297035900,-0.732783917
3.297383800,-0.741547921
3.297731700,-0.746311925
3.298079600,-0.751075929
3.298427500,-0.755839933
3.298775400,-0.764603937
3.299123300,-0.769367941
3.299471200,-0.774131946
3.299819100,-0.778895950
3.300167000,-0.783659954
3.300514900,-0.788423958
3.300862800,-0.797187962
3.301210700,-0.801951966
3.301558600,-0.806715970
3.301906500,-0.811479974
3.302254400,-0.816243978
3.302602300,-0.821007982
3.302950200,-0.825771987
3.303298100,-0.830535991
3.303646000,-0.835299995
3.303993900,-0.840063999
3.304341800,-0.848828003
3.304689700,-0.853592007
3.305037600,-0.858356011
3.305385500,-0.859120015
3.305733400,-0.863884019
3.306081300,-0.868648023
3.306429200,-0.873412027
3.306777100,-0.878176032
3.307125000,-0.882940036
3.307472900,-0.887704040
3.307820800,-0.892468044
3.308168700,-0.897232048
3.308516600,-0.901996052
3.308864500,-0.902760056
3.309212400,-0.907524060
3.309560300,-0.912288064
3.309908200,-0.917052068
3.310256100,-0.917816073
3.310604000,-0.922580077
3.310951900,-0.927344081
3.311299700,-0.928106715
3.311647600,-0.932870720
3.311995500,-0.937634724
3.312343400,-0.938398728
3.312691300,-0.943162732
3.313039200,-0.947926736
3.313387100,-0.948690740
3.313735000,-0.953454744
3.314082900,-0.958218748
3.314430800,-0.958982752
3.314778700,-0.959746756
3.315126600,-0.964510760
3.315474500,-0.969274765
3.315822400,-0.970038769
3.316170300,-0.974802773
3.316518200,-0.975566777
3.316866100,-0.976330781
3.317214000,-0.981094785
3.317561900,-0.981858789
3.317909800,-0.986622793
3.318257700,-0.987386797
3.318605600,-0.992150801
3.318953500,-0.992914806
3.319301400,-0.993678810
3.319649300,-0.998442814
3.319997200,-0.999206818
3.320345100,-0.999970822
3.320693000,-1.004734826
3.321040900,-1.005498830
3.321388800,-1.006262834
3.321736700,-1.011026838
3.322084600,-1.011790842
3.322432500,-1.016554846
3.322780400,-1.017318851
3.323128300,-1.018082855
3.323476200,-1.022846859
3.323824100,-1.023610863
3.324172000,-1.024374867
3.324519900,-1.029138871
3.324867800,-1.029902875
3.325215700,-1.030666879
3.325563600,-1.031430883
3.325911500,-1.036194887
3.326259400,-1.036958892
3.326607300,-1.037722896
3.326955200,-1.042486900
3.327303100,-1.043250904
3.327651000,-1.044014908
3.327998900,-1.048778912
3.328346800,-1.049542916
3.328694700,-1.050306920
3.329042600,-1.055070924
3.329390500,-1.055834928
3.329738400,-1.056598932
3.330086300,-1.061362937
3.330434200,-1.062126941
3.330782100,-1.062890945
3.331130000,-1.067654949
3.331477900,-1.068418953
3.331825800,-1.069182957
3.332173700,-1.073946961
3.332521600,-1.074710965
3.332869500,-1.079474969
3.333217400,-1.080238973
3.333565300,-1.081002978
3.333913200,-1.085766982
3.334261100,-1.086530986
3.334609000,-1.091294990
3.334956900,-1.092058994
3.335304800,-1.092822998
3.335652700,-1.097587002
3.336000600,-1.102351006
3.336348500,-1.103115010
3.336696400,-1.103879014
3.337044300,-1.108643018
3.337392200,-1.113407023
3.337740100,-1.114171027
3.338087900,-1.118933661
3.338435800,-1.119697665
3.338783700,-1.124461670
3.339131600,-1.125225674
3.339479500,-1.129989678
3.339827400,-1.130753682
3.340175300,-1.135517686
3.340523200,-1.140281690
3.340871100,-1.141045694
3.341219000,-1.145809698
3.341566900,-1.146573702
3.341914800,-1.151337706
3.342262700,-1.152101711
3.342610600,-1.156865715
3.342958500,-1.161629719
3.343306400,-1.162393723
3.343654300,-1.167157727
3.344002200,-1.171921731
3.344350100,-1.172685735
3.344698000,-1.177449739
3.345045900,-1.182213743
3.345393800,-1.182977747
3.345741700,-1.187741751
3.346089600,-1.192505756
3.346437500,-1.193269760
3.346785400,-1.198033764
3.347133300,-1.202797768
3.347481200,-1.207561772
3.347829100,-1.208325776
3.348177000,-1.213089780
3.348524900,-1.217853784
3.348872800,-1.218617788
3.349220700,-1.223381792
3.349568600,-1.228145797
3.349916500,-1.232909801
3.350264400,-1.233673805
3.350612300,-1.238437809
3.350960200,-1.243201813
3.351308100,-1.243965817
3.351656000,-1.248729821
3.352003900,-1.253493825
3.352351800,-1.258257829
3.352699700,-1.259021833
3.353047600,-1.263785837
3.353395500,-1.268549842
3.353743400,-1.269313846
3.354091300,-1.274077850
3.354439200,-1.278841854
3.354787100,-1.279605858
3.355135000,-1.284369862
3.355482900,-1.289133866
3.355830800,-1.293897870
3.356178700,-1.294661874
3.356526600,-1.299425878
3.356874500,-1.304189883
3.357222400,-1.304953887
3.357570300,-1.309717891
3.357918200,-1.310481895
3.358266100,-1.315245899
3.358614000,-1.320009903
3.358961900,-1.320773907
3.359309800,-1.325537911
3.359657700,-1.330301915
3.360005600,-1.331065919
3.360353500,-1.335829923
3.360701400,-1.336593928
3.361049300,-1.341357932
3.361397200,-1.346121936
3.361745100,-1.346885940
3.362093000,-1.351649944
3.362440900,-1.352413948
3.362788800,-1.357177952
3.363136700,-1.357941956
3.363484600,-1.362705960
3.363832500,-1.367469964
3.364180400,-1.368233969
3.364528200,-1.372996603
3.364876100,-1.373760607
3.365224000,-1.378524611
3.365571900,-1.379288616
3.365919800,-1.384052620
3.366267700,-1.384816624
3.366615600,-1.389580628
3.366963500,-1.390344632
3.367311400,-1.395108636
3.367659300,-1.395872640
3.368007200,-1.400636644
3.368355100,-1.401400648
3.368703000,-1.402164652
3.369050900,-1.406928656
3.369398800,-1.411692661
3.369746700,-1.412456665
3.370094600,-1.413220669
3.370442500,-1.417984673
3.370790400,-1.422748677
3.371138300,-1.423512681
3.371486200,-1.424276685
3.371834100,-1.429040689
3.372182000,-1.429804693
3.372529900,-1.430568697
3.372877800,-1.435332702
3.373225700,-1.436096706
3.373573600,-1.440860710
3.373921500,-1.441624714
3.374269400,-1.446388718
3.374617300,-1.447152722
3.374965200,-1.447916726
3.375313100,-1.452680730
3.375661000,-1.453444734
3.376008900,-1.458208738
3.376356800,-1.458972742
3.376704700,-1.459736747
3.377052600,-1.464500751
3.377400500,-1.465264755
3.377748400,-1.470028759
3.378096300,-1.470792763
3.378444200,-1.471556767
3.378792100,-1.476320771
3.379140000,-1.477084775
3.379487900,-1.481848779
3.379835800,-1.482612783
3.380183700,-1.483376788
3.380531600,-1.488140792
3.380879500,-1.488904796
3.381227400,-1.493668800
3.381575300,-1.494432804
3.381923200,-1.495196808
3.382271100,-1.499960812
3.382619000,-1.500724816
3.382966900,-1.505488820
3.383314800,-1.506252824
3.383662700,-1.507016828
3.384010600,-1.511780833
3.384358500,-1.512544837
3.384706400,-1.517308841
3.385054300,-1.518072845
3.385402200,-1.518836849
3.385750100,-1.523600853
3.386098000,-1.524364857
3.386445900,-1.529128861
3.386793800,-1.529892865
3.387141700,-1.530656869
3.387489600,-1.535420874
3.387837500,-1.536184878
3.388185400,-1.536948882
3.388533300,-1.541712886
3.388881200,-1.546476890
3.389229100,-1.547240894
3.389577000,-1.548004898
3.389924900,-1.552768902
3.390272800,-1.553532906
3.390620700,-1.554296910
3.390968500,-1.559059545
3.391316400,-1.563823549
3.391664300,-1.564587553
3.392012200,-1.565351557
3.392360100,-1.570115561
3.392708000,-1.570879566
3.393055900,-1.575643570
3.393403800,-1.576407574
3.393751700,-1.581171578
3.394099600,-1.581935582
3.394447500,-1.582699586
3.394795400,-1.587463590
3.395143300,-1.588227594
3.395491200,-1.592991598
3.395839100,-1.593755602
3.396187000,-1.598519607
3.396534900,-1.599283611
3.396882800,-1.600047615
3.397230700,-1.604811619
3.397578600,-1.605575623
3.397926500,-1.610339627
3.398274400,-1.611103631
3.398622300,-1.611867635
3.398970200,-1.616631639
3.399318100,-1.621395643
3.399666000,-1.622159647
3.400013900,-1.622923652
3.400361800,-1.627687656
3.400709700,-1.628451660
3.401057600,-1.629215664
3.401405500,-1.633979668
3.401753400,-1.638743672
3.402101300,-1.639507676
3.402449200,-1.640271680
3.402797100,-1.645035684
3.403145000,-1.645799688
3.403492900,-1.650563693
3.403840800,-1.651327697
3.404188700,-1.656091701
3.404536600,-1.656855705
3.404884500,-1.657619709
3.405232400,-1.662383713
3.405580300,-1.663147717
3.405928200,-1.667911721
3.406276100,-1.668675725
3.406624000,-1.669439729
3.406971900,-1.674203733
3.407319800,-1.674967738
3.407667700,-1.679731742
3.408015600,-1.680495746
3.408363500,-1.685259750
3.408711400,-1.686023754
3.409059300,-1.686787758
3.409407200,-1.691551762
3.409755100,-1.692315766
3.410103000,-1.693079770
3.410450900,-1.697843774
3.410798800,-1.702607779
3.411146700,-1.703371783
3.411494600,-1.704135787
3.411842500,-1.708899791
3.412190400,-1.709663795
3.412538300,-1.714427799
3.412886200,-1.715191803
3.413234100,-1.719955807
3.413582000,-1.720719811
3.413929900,-1.721483815
3.414277800,-1.726247819
3.414625700,-1.731011824
3.414973600,-1.731775828
3.415321500,-1.732539832
3.415669400,-1.737303836
3.416017300,-1.738067840
3.416365200,-1.742831844
3.416713100,-1.743595848
3.417061000,-1.744359852
3.417408900,-1.749123856
3.417756700,-1.749886491
3.418104600,-1.754650495
3.418452500,-1.755414499
3.418800400,-1.760178503
3.419148300,-1.760942507
3.419496200,-1.765706512
3.419844100,-1.766470516
3.420192000,-1.771234520
3.420539900,-1.771998524
3.420887800,-1.776762528
3.421235700,-1.777526532
3.421583600,-1.778290536
3.421931500,-1.783054540
3.422279400,-1.783818544
3.422627300,-1.788582548
3.422975200,-1.789346552
3.423323100,-1.794110557
3.423671000,-1.794874561
3.424018900,-1.799638565
3.424366800,-1.800402569
3.424714700,-1.805166573
3.425062600,-1.805930577
3.425410500,-1.810694581
3.425758400,-1.811458585
3.426106300,-1.816222589
3.426454200,-1.816986593
3.426802100,-1.817750598
3.427150000,-1.822514602
3.427497900,-1.823278606
3.427845800,-1.828042610
3.428193700,-1.828806614
3.428541600,-1.833570618
3.428889500,-1.834334622
3.429237400,-1.839098626
3.429585300,-1.839862630
3.429933200,-1.840626634
3.430281100,-1.845390638
3.430629000,-1.850154643
3.430976900,-1.850918647
3.431324800,-1.851682651
3.431672700,-1.856446655
3.432020600,-1.857210659
3.432368500,-1.861974663
3.432716400,-1.862738667
3.433064300,-1.867502671
3.433412200,-1.868266675
3.433760100,-1.869030679
3.434108000,-1.873794684
3.434455900,-1.874558688
3.434803800,-1.879322692
3.435151700,-1.880086696
3.435499600,-1.880850700
3.435847500,-1.885614704
3.436195400,-1.886378708
3.436543300,-1.891142712
3.436891200,-1.891906716
3.437239100,-1.896670720
3.437587000,-1.897434724
3.437934900,-1.898198729
3.438282800,-1.902962733
3.438630700,-1.903726737
3.438978600,-1.904490741
3.439326500,-1.909254745
3.439674400,-1.914018749
3.440022300,-1.914782753
3.440370200,-1.915546757
3.440718100,-1.920310761
3.441066000,-1.921074765
3.441413900,-1.921838770
3.441761800,-1.926602774
3.442109700,-1.927366778
3.442457600,-1.932130782
3.442805500,-1.932894786
3.443153400,-1.937658790
3.443501300,-1.938422794
3.443849200,-1.939186798
3.444197000,-1.943949433
3.444544900,-1.944713437
3.444892800,-1.945477441
3.445240700,-1.950241445
3.445588600,-1.955005449
3.445936500,-1.955769453
3.446284400,-1.956533457
3.446632300,-1.961297462
3.446980200,-1.962061466
3.447328100,-1.962825470
3.447676000,-1.967589474
3.448023900,-1.968353478
3.448371800,-1.973117482
3.448719700,-1.973881486
3.449067600,-1.978645490
3.449415500,-1.979409494
3.449763400,-1.980173498
3.450111300,-1.984937503
3.450459200,-1.985701507
3.450807100,-1.990465511
3.451155000,-1.991229515
3.451502900,-1.991993519
3.451850800,-1.996757523
3.452198700,-1.997521527
3.452546600,-2.002285531
3.452894500,-2.003049535
3.453242400,-2.007813539
3.453590300,-2.008577543
3.453938200,-2.009341548
3.454286100,-2.014105552
3.454634000,-2.018869556
3.454981900,-2.019633560
3.455329800,-2.020397564
3.455677700,-2.025161568
3.456025600,-2.029925572
3.456373500,-2.030689576
3.456721400,-2.031453580
3.457069300,-2.036217584
3.457417200,-2.036981589
3.457765100,-2.041745593
3.458113000,-2.042509597
3.458460900,-2.047273601
3.458808800,-2.048037605
3.459156700,-2.052801609
3.459504600,-2.053565613
3.459852500,-2.058329617
3.460200400,-2.059093621
3.460548300,-2.063857625
3.460896200,-2.064621629
3.461244100,-2.069385634
3.461592000,-2.070149638
3.461939900,-2.074913642
3.462287800,-2.075677646
3.462635700,-2.080441650
3.462983600,-2.085205654
3.463331500,-2.085969658
3.463679400,-2.086733662
3.464027300,-2.091497666
3.464375200,-2.092261670
3.464723100,-2.097025675
3.465071000,-2.101789679
3.465418900,-2.102553683
3.465766800,-2.107317687
3.466114700,-2.108081691
3.466462600,-2.112845695
3.466810500,-2.113609699
3.467158400,-2.118373703
3.467506300,-2.123137707
3.467854200,-2.123901711
3.468202100,-2.128665715
3.468550000,-2.129429720
3.468897900,-2.134193724
3.469245800,-2.134957728
3.469593700,-2.139721732
3.469941600,-2.140485736
3.470289500,-2.145249740
3.470637400,-2.150013744
3.470985200,-2.150776379
3.471333100,-2.155540383
3.471681000,-2.156304387
3.472028900,-2.161068391
3.472376800,-2.161832395
3.472724700,-2.166596399
3.473072600,-2.171360403
3.473420500,-2.172124408
3.473768400,-2.176888412
3.474116300,-2.181652416
3.474464200,-2.182416420
3.474812100,-2.187180424
3.475160000,-2.187944428
3.475507900,-2.192708432
3.475855800,-2.197472436
3.476203700,-2.198236440
3.476551600,-2.203000444
3.476899500,-2.207764448
3.477247400,-2.208528453
3.477595300,-2.213292457
3.477943200,-2.218056461
3.478291100,-2.218820465
3.478639000,-2.223584469
3.478986900,-2.228348473
3.479334800,-2.229112477
3.479682700,-2.233876481
3.480030600,-2.238640485
3.480378500,-2.239404489
3.480726400,-2.244168494
3.481074300,-2.248932498
3.481422200,-2.249696502
3.481770100,-2.254460506
3.482118000,-2.259224510
3.482465900,-2.259988514
3.482813800,-2.264752518
3.483161700,-2.269516522
3.483509600,-2.270280526
3.483857500,-2.275044530
3.484205400,-2.275808534
3.484553300,-2.280572539
3.484901200,-2.285336543
3.485249100,-2.286100547
3.485597000,-2.290864551
3.485944900,-2.295628555
3.486292800,-2.296392559
3.486640700,-2.301156563
3.486988600,-2.305920567
3.487336500,-2.306684571
3.487684400,-2.311448575
3.488032300,-2.312212580
3.488380200,-2.316976584
3.488728100,-2.317740588
3.489076000,-2.322504592
3.489423900,-2.327268596
3.489771800,-2.328032600
3.490119700,-2.328796604
3.490467600,-2.333560608
3.490815500,-2.334324612
3.491163400,-2.339088616
3.491511300,-2.343852620
3.491859200,-2.344616625
3.492207100,-2.345380629
3.492555000,-2.350144633
3.492902900,-2.350908637
3.493250800,-2.355672641
3.493598700,-2.356436645
3.493946600,-2.361200649
3.494294500,-2.361964653
3.494642400,-2.362728657
3.494990300,-2.367492661
3.495338200,-2.368256665
3.495686100,-2.369020670
3.496034000,-2.373784674
3.496381900,-2.374548678
3.496729800,-2.375312682
3.497077700,-2.380076686
3.497425500,-2.380839321
3.497773400,-2.381603325
3.498121300,-2.386367329
3.498469200,-2.387131333
3.498817100,-2.387895337
3.499165000,-2.388659341
3.499512900,-2.393423345
3.499860800,-2.394187349
3.500208700,-2.394951353
3.500556600,-2.399715358
3.500904500,-2.400479362
3.501252400,-2.401243366
3.501600300,-2.402007370
3.501948200,-2.406771374
3.502296100,-2.407535378
3.502644000,-2.408299382
3.502991900,-2.413063386
3.503339800,-2.409827390
3.503687700,-2.414591394
3.504035600,-2.415355399
3.504383500,-2.420119403
3.504731400,-2.420883407
3.505079300,-2.421647411
3.505427200,-2.426411415
3.505775100,-2.423175419
3.506123000,-2.427939423
3.506470900,-2.428703427
3.506818800,-2.429467431
3.507166700,-2.434231435
3.507514600,-2.434995439
3.507862500,-2.439759444
3.508210400,-2.440523448
3.508558300,-2.441287452
3.508906200,-2.442051456
3.509254100,-2.442815460
3.509602000,-2.447579464
3.509949900,-2.448343468
3.510297800,-2.449107472
3.510645700,-2.453871476
3.510993600,-2.454635480
3.511341500,-2.459399485
3.511689400,-2.460163489
3.512037300,-2.460927493
3.512385200,-2.465691497
3.512733100,-2.466455501
3.513081000,-2.467219505
3.513428900,-2.471983509
3.513776800,-2.472747513
3.514124700,-2.473511517
3.514472600,-2.478275521
3.514820500,-2.479039525
3.515168400,-2.479803530
3.515516300,-2.484567534
3.515864200,-2.489331538
3.516212100,-2.490095542
3.516560000,-2.490859546
3.516907900,-2.495623550
3.517255800,-2.496387554
3.517603700,-2.497151558
3.517951600,-2.501915562
3.518299500,-2.502679566
3.518647400,-2.507443570
3.518995300,-2.508207575
3.519343200,-2.512971579
3.519691100,-2.513735583
3.520039000,-2.514499587
3.520386900,-2.519263591
3.520734800,-2.520027595
3.521082700,-2.524791599
3.521430600,-2.525555603
3.521778500,-2.530319607
3.522126400,-2.531083611
3.522474300,-2.535847616
3.522822200,-2.536611620
3.523170100,-2.541375624
3.523518000,-2.542139628
3.523865900,-2.546903632
3.524213700,-2.547666267
3.524561600,-2.552430271
3.524909500,-2.553194275
3.525257400,-2.557958279
3.525605300,-2.558722283
3.525953200,-2.563486287
3.526301100,-2.568250291
3.526649000,-2.569014295
3.526996900,-2.569778299
3.527344800,-2.574542304
3.527692700,-2.575306308
3.528040600,-2.580070312
3.528388500,-2.584834316
3.528736400,-2.585598320
3.529084300,-2.590362324
3.529432200,-2.591126328
3.529780100,-2.595890332
3.530128000,-2.600654336
3.530475900,-2.601418340
3.530823800,-2.606182344
3.531171700,-2.606946349
3.531519600,-2.611710353
3.531867500,-2.616474357
3.532215400,-2.617238361
3.532563300,-2.622002365
3.532911200,-2.626766369
3.533259100,-2.627530373
3.533607000,-2.632294377
3.533954900,-2.637058381
3.534302800,-2.637822385
3.534650700,-2.642586390
3.534998600,-2.647350394
3.535346500,-2.652114398
3.535694400,-2.652878402
3.536042300,-2.657642406
3.536390200,-2.662406410
3.536738100,-2.663170414
3.537086000,-2.667934418
3.537433900,-2.672698422
3.537781800,-2.677462426
3.538129700,-2.678226430
3.538477600,-2.682990435
3.538825500,-2.687754439
3.539173400,-2.692518443
3.539521300,-2.693282447
3.539869200,-2.698046451
3.540217100,-2.702810455
3.540565000,-2.707574459
3.540912900,-2.712338463
3.541260800,-2.717102467
3.541608700,-2.717866471
3.541956600,-2.722630475
3.542304500,-2.727394480
3.542652400,-2.732158484
3.543000300,-2.736922488
3.543348200,-2.741686492
3.543696100,-2.746450496
3.544044000,-2.751214500
3.544391900,-2.751978504
3.544739800,-2.756742508
3.545087700,-2.761506512
3.545435600,-2.766270516
3.545783500,-2.771034521
3.546131400,-2.775798525
3.546479300,-2.780562529
3.546827200,-2.785326533
3.547175100,-2.790090537
3.547523000,-2.794854541
3.547870900,-2.799618545
3.548218800,-2.804382549
3.548566700,-2.809146553
3.548914600,-2.813910557
3.549262500,-2.818674561
3.549610400,-2.823438566
3.549958300,-2.828202570
3.550306200,-2.832966574
3.550654000,-2.837729209
3.551001900,-2.842493213
3.551349800,-2.847257217
3.551697700,-2.852021221
3.552045600,-2.856785225
3.552393500,-2.861549229
3.552741400,-2.866313233
3.553089300,-2.871077237
3.553437200,-2.875841241
3.553785100,-2.880605245
3.554133000,-2.889369249
3.554480900,-2.894133254
3.554828800,-2.898897258
3.555176700,-2.903661262
3.555524600,-2.908425266
3.555872500,-2.913189270
3.556220400,-2.917953274
3.556568300,-2.926717278
3.556916200,-2.931481282
3.557264100,-2.936245286
3.557612000,-2.941009290
3.557959900,-2.945773295
3.558307800,-2.950537299
3.558655700,-2.959301303
3.559003600,-2.964065307
3.559351500,-2.968829311
3.559699400,-2.973593315
3.560047300,-2.982357319
3.560395200,-2.987121323
3.560743100,-2.991885327
3.561091000,-2.996649331
3.561438900,-3.005413335
3.561786800,-3.010177340
3.562134700,-3.014941344
3.562482600,-3.023705348
3.562830500,-3.028469352
3.563178400,-3.033233356
3.563526300,-3.037997360
3.563874200,-3.046761364
3.564222100,-3.051525368
3.564570000,-3.060289372
3.564917900,-3.065053376
3.565265800,-3.069817380
3.565613700,-3.078581385
3.565961600,-3.083345389
3.566309500,-3.088109393
3.566657400,-3.096873397
3.567005300,-3.101637401
3.567353200,-3.110401405
3.567701100,-3.115165409
3.568049000,-3.123929413
3.568396900,-3.128693417
3.568744800,-3.133457421
3.569092700,-3.142221426
3.569440600,-3.150985430
3.569788500,-3.155749434
3.570136400,-3.164513438
3.570484300,-3.169277442
3.570832200,-3.174041446
3.571180100,-3.182805450
3.571528000,-3.191569454
3.571875900,-3.196333458
3.572223800,-3.205097462
3.572571700,-3.209861466
3.572919600,-3.218625471
3.573267500,-3.223389475
3.573615400,-3.232153479
3.573963300,-3.240917483
3.574311200,-3.245681487
3.574659100,-3.250445491
3.575007000,-3.259209495
3.575354900,-3.267973499
3.575702800,-3.272737503
3.576050700,-3.281501507
3.576398600,-3.290265512
3.576746500,-3.295029516
3.577094400,-3.303793520
3.577442200,-3.312556154
3.577790100,-3.317320159
3.578138000,-3.326084163
3.578485900,-3.334848167
3.578833800,-3.339612171
3.579181700,-3.348376175
3.579529600,-3.357140179
3.579877500,-3.361904183
3.580225400,-3.370668187
3.580573300,-3.379432191
3.580921200,-3.384196195
3.581269100,-3.392960200
3.581617000,-3.397724204
3.581964900,-3.406488208
3.582312800,-3.415252212
3.582660700,-3.420016216
3.583008600,-3.428780220
3.583356500,-3.437544224
3.583704400,-3.442308228
3.584052300,-3.451072232
3.584400200,-3.459836236
3.584748100,-3.464600240
3.585096000,-3.473364245
3.585443900,-3.482128249
3.585791800,-3.486892253
3.586139700,-3.495656257
3.586487600,-3.504420261
3.586835500,-3.509184265
3.587183400,-3.517948269
3.587531300,-3.526712273
3.587879200,-3.531476277
3.588227100,-3.540240281
3.588575000,-3.549004285
3.588922900,-3.553768290
3.589270800,-3.562532294
3.589618700,-3.567296298
3.589966600,-3.576060302
3.590314500,-3.580824306
3.590662400,-3.589588310
3.591010300,-3.594352314
3.591358200,-3.603116318
3.591706100,-3.607880322
3.592054000,-3.616644326
3.592401900,-3.621408331
3.592749800,-3.626172335
3.593097700,-3.634936339
3.593445600,-3.639700343
3.593793500,-3.644464347
3.594141400,-3.653228351
3.594489300,-3.657992355
3.594837200,-3.662756359
3.595185100,-3.667520363
3.595533000,-3.676284367
3.595880900,-3.681048371
3.596228800,-3.685812376
3.596576700,-3.690576380
3.596924600,-3.695340384
3.597272500,-3.700104388
3.597620400,-3.704868392
3.597968300,-3.709632396
3.598316200,-3.714396400
3.598664100,-3.719160404
3.599012000,-3.723924408
3.599359900,-3.724688412
3.599707800,-3.729452417
3.600055700,-3.734216421
3.600403600,-3.738980425
3.600751500,-3.739744429
3.601099400,-3.744508433
3.601447300,-3.749272437
3.601795200,-3.750036441
3.602143100,-3.754800445
3.602491000,-3.755564449
3.602838900,-3.760328453
3.603186800,-3.761092457
3.603534700,-3.761856462
3.603882500,-3.766619096
3.604230400,-3.767383100
3.604578300,-3.772147105
3.604926200,-3.772911109
3.605274100,-3.773675113
3.605622000,-3.778439117
3.605969900,-3.779203121
3.606317800,-3.779967125
3.606665700,-3.784731129
3.607013600,-3.781495133
3.607361500,-3.786259137
3.607709400,-3.787023141
3.608057300,-3.787787145
3.608405200,-3.788551150
3.608753100,-3.789315154
3.609101000,-3.794079158
3.609448900,-3.790843162
3.609796800,-3.791607166
3.610144700,-3.796371170
3.610492600,-3.793135174
3.610840500,-3.793899178
3.611188400,-3.798663182
3.611536300,-3.799427186
3.611884200,-3.796191190
3.612232100,-3.800955195
3.612580000,-3.801719199
3.612927900,-3.798483203
3.613275800,-3.803247207
3.613623700,-3.804011211
3.613971600,-3.800775215
3.614319500,-3.805539219
3.614667400,-3.806303223
3.615015300,-3.803067227
3.615363200,-3.807831231
3.615711100,-3.808595236
3.616059000,-3.809359240
3.616406900,-3.810123244
3.616754800,-3.810887248
3.617102700,-3.811651252
3.617450600,-3.812415256
3.617798500,-3.813179260
3.618146400,-3.817943264
3.618494300,-3.814707268
3.618842200,-3.819471272
3.619190100,-3.820235276
3.619538000,-3.820999281
3.619885900,-3.821763285
3.620233800,-3.826527289
3.620581700,-3.827291293
3.620929600,-3.828055297
3.621277500,-3.828819301
3.621625400,-3.833583305
3.621973300,-3.830347309
3.622321200,-3.835111313
3.622669100,-3.835875317
3.623017000,-3.840639322
3.623364900,-3.841403326
3.623712800,-3.842167330
3.624060700,-3.842931334
3.624408600,-3.843695338
3.624756500,-3.848459342
3.625104400,-3.849223346
3.625452300,-3.849987350
3.625800200,-3.854751354
3.626148100,-3.855515358
3.626496000,-3.860279362
3.626843900,-3.861043367
3.627191800,-3.861807371
3.627539700,-3.866571375
3.627887600,-3.867335379
3.628235500,-3.868099383
3.628583400,-3.872863387
3.628931300,-3.873627391
3.629279200,-3.878391395
3.629627100,-3.879155399
3.629975000,-3.883919403
3.630322800,-3.884682038
3.630670700,-3.885446042
3.631018600,-3.890210046
3.631366500,-3.890974050
3.631714400,-3.895738055
3.632062300,-3.896502059
3.632410200,-3.897266063
3.632758100,-3.902030067
3.633106000,-3.902794071
3.633453900,-3.907558075
3.633801800,-3.908322079
3.634149700,-3.913086083
3.634497600,-3.913850087
3.634845500,-3.918614091
3.635193400,-3.919378095
3.635541300,-3.924142100
3.635889200,-3.924906104
3.636237100,-3.929670108
3.636585000,-3.930434112
3.636932900,-3.935198116
3.637280800,-3.935962120
3.637628700,-3.940726124
3.637976600,-3.945490128
3.638324500,-3.946254132
3.638672400,-3.951018136
3.639020300,-3.951782141
3.639368200,-3.956546145
3.639716100,-3.957310149
3.640064000,-3.962074153
3.640411900,-3.962838157
3.640759800,-3.967602161
3.641107700,-3.972366165
3.641455600,-3.973130169
3.641803500,-3.977894173
3.642151400,-3.978658177
3.642499300,-3.983422181
3.642847200,-3.984186186
3.643195100,-3.988950190
3.643543000,-3.993714194
3.643890900,-3.994478198
3.644238800,-3.999242202
3.644586700,-4.000006206
3.644934600,-4.004770210
3.645282500,-4.005534214
3.645630400,-4.010298218
3.645978300,-4.011062222
3.646326200,-4.015826227
3.646674100,-4.016590231
3.647022000,-4.021354235
3.647369900,-4.022118239
3.647717800,-4.022882243
3.648065700,-4.027646247
3.648413600,-4.024410251
3.648761500,-4.029174255
3.649109400,-4.029938259
3.649457300,-4.030702263
3.649805200,-4.031466267
3.650153100,-4.032230272
3.650501000,-4.036994276
3.650848900,-4.033758280
3.651196800,-4.034522284
3.651544700,-4.035286288
3.651892600,-4.032050292
3.652240500,-4.032814296
3.652588400,-4.033578300
3.652936300,-4.034342304
3.653284200,-4.031106308
3.653632100,-4.027870313
3.653980000,-4.028634317
3.654327900,-4.021398321
3.654675800,-4.022162325
3.655023700,-4.018926329
3.655371600,-4.011690333
3.655719500,-4.012454337
3.656067400,-4.009218341
3.656415300,-4.005982345
3.656763200,-3.998746349
3.657111000,-3.995508984
3.657458900,-3.992272988
3.657806800,-3.981036992
3.658154700,-3.977800996
3.658502600,-3.974565000
3.658850500,-3.959329005
3.659198400,-3.956093009
3.659546300,-3.952857013
3.659894200,-3.945621017
3.660242100,-3.934385021
3.660590000,-3.927149025
3.660937900,-3.923913029
3.661285800,-3.904677033
3.661633700,-3.901441037
3.661981600,-3.894205041
3.662329500,-3.874969046
3.662677400,-3.871733050
3.663025300,-3.864497054
3.663373200,-3.845261058
3.663721100,-3.838025062
3.664069000,-3.830789066
3.664416900,-3.823553070
3.664764800,-3.800317074
3.665112700,-3.793081078
3.665460600,-3.785845082
3.665808500,-3.766609086
3.666156400,-3.755373091
3.666504300,-3.748137095
3.666852200,-3.728901099
3.667200100,-3.717665103
3.667548000,-3.710429107
3.667895900,-3.699193111
3.668243800,-3.679957115
3.668591700,-3.668721119
3.668939600,-3.661485123
3.669287500,-3.638249127
3.669635400,-3.631013132
3.669983300,-3.619777136
3.670331200,-3.596541140
3.670679100,-3.589305144
3.671027000,-3.578069148
3.671374900,-3.570833152
3.671722800,-3.547597156
3.672070700,-3.536361160
3.672418600,-3.529125164
3.672766500,-3.505889168
3.673114400,-3.498653172
3.673462300,-3.487417177
3.673810200,-3.464181181
3.674158100,-3.456945185
3.674506000,-3.449709189
3.674853900,-3.438473193
3.675201800,-3.419237197
3.675549700,-3.408001201
3.675897600,-3.400765205
3.676245500,-3.377529209
3.676593400,-3.370293213
3.676941300,-3.363057218
3.677289200,-3.339821222
3.677637100,-3.332585226
3.677985000,-3.325349230
3.678332900,-3.314113234
3.678680800,-3.294877238
3.679028700,-3.287641242
3.679376600,-3.280405246
3.679724500,-3.257169250
3.680072400,-3.249933254
3.680420300,-3.242697258
3.680768200,-3.223461263
3.681116100,-3.216225267
3.681464000,-3.208989271
3.681811900,-3.189753275
3.682159800,-3.182517279
3.682507700,-3.175281283
3.682855600,-3.168045287
3.683203500,-3.148809291
3.683551300,-3.141571926
3.683899200,-3.134335930
3.684247100,-3.115099934
3.684595000,-3.107863938
3.684942900,-3.100627942
3.685290800,-3.081391946
3.685638700,-3.078155951
3.685986600,-3.070919955
3.686334500,-3.063683959
3.686682400,-3.044447963
3.687030300,-3.037211967
3.687378200,-3.033975971
3.687726100,-3.014739975
3.688074000,-3.007503979
3.688421900,-3.000267983
3.688769800,-2.985031987
3.689117700,-2.977795991
3.689465600,-2.970559996
3.689813500,-2.967324000
3.690161400,-2.948088004
3.690509300,-2.940852008
3.690857200,-2.937616012
3.691205100,-2.918380016
3.691553000,-2.911144020
3.691900900,-2.907908024
3.692248800,-2.888672028
3.692596700,-2.885436032
3.692944600,-2.878200037
3.693292500,-2.870964041
3.693640400,-2.855728045
3.693988300,-2.848492049
3.694336200,-2.845256053
3.694684100,-2.830020057
3.695032000,-2.822784061
3.695379900,-2.815548065
3.695727800,-2.800312069
3.696075700,-2.793076073
3.696423600,-2.789840077
3.696771500,-2.774604082
3.697119400,-2.767368086
3.697467300,-2.764132090
3.697815200,-2.756896094
3.698163100,-2.741660098
3.698511000,-2.734424102
3.698858900,-2.731188106
3.699206800,-2.715952110
3.699554700,-2.708716114
3.699902600,-2.705480118
3.700250500,-2.690244123
3.700598400,-2.683008127
3.700946300,-2.679772131
3.701294200,-2.672536135
3.701642100,-2.657300139
3.701990000,-2.654064143
3.702337900,-2.650828147
3.702685800,-2.635592151
3.703033700,-2.628356155
3.703381600,-2.625120159
3.703729500,-2.609884163
3.704077400,-2.606648168
3.704425300,-2.603412172
3.704773200,-2.596176176
3.705121100,-2.584940180
3.705469000,-2.577704184
3.705816900,-2.574468188
3.706164800,-2.563232192
3.706512700,-2.555996196
3.706860600,-2.552760200
3.707208500,-2.541524204
3.707556400,-2.534288209
3.707904300,-2.531052213
3.708252200,-2.527816217
3.708600100,-2.516580221
3.708948000,-2.513344225
3.709295900,-2.506108229
3.709643800,-2.494872233
3.709991700,-2.491636237
3.710339500,-2.488398872
3.710687400,-2.477162876
3.711035300,-2.473926880
3.711383200,-2.470690884
3.711731100,-2.467454888
3.712079000,-2.456218892
3.712426900,-2.452982896
3.712774800,-2.449746901
3.713122700,-2.438510905
3.713470600,-2.435274909
3.713818500,-2.432038913
3.714166400,-2.420802917
3.714514300,-2.417566921
3.714862200,-2.414330925
3.715210100,-2.407094929
3.715558000,-2.403858933
3.715905900,-2.400622937
3.716253800,-2.397386942
3.716601700,-2.390150946
3.716949600,-2.386914950
3.717297500,-2.383678954
3.717645400,-2.376442958
3.717993300,-2.373206962
3.718341200,-2.369970966
3.718689100,-2.362734970
3.719037000,-2.359498974
3.719384900,-2.356262978
3.719732800,-2.353026982
3.720080700,-2.345790987
3.720428600,-2.342554991
3.720776500,-2.343318995
3.721124400,-2.332082999
3.721472300,-2.332847003
3.721820200,-2.329611007
3.722168100,-2.322375011
3.722516000,-2.319139015
3.722863900,-2.319903019
3.723211800,-2.316667023
3.723559700,-2.309431028
3.723907600,-2.310195032
3.724255500,-2.306959036
3.724603400,-2.299723040
3.724951300,-2.296487044
3.725299200,-2.297251048
3.725647100,-2.290015052
3.725995000,-2.290779056
3.726342900,-2.287543060
3.726690800,-2.288307064
3.727038700,-2.281071068
3.727386600,-2.277835073
3.727734500,-2.278599077
3.728082400,-2.271363081
3.728430300,-2.272127085
3.728778200,-2.268891089
3.729126100,-2.261655093
3.729474000,-2.262419097
3.729821900,-2.263183101
3.730169800,-2.255947105
3.730517700,-2.256711109
3.730865600,-2.253475114
3.731213500,-2.254239118
3.731561400,-2.247003122
3.731909300,-2.247767126
3.732257200,-2.248531130
3.732605100,-2.241295134
3.732953000,-2.242059138
3.733300900,-2.242823142
3.733648800,-2.235587146
3.733996700,-2.236351150
3.734344600,-2.237115154
3.734692500,-2.233879159
3.735040400,-2.230643163
3.735388300,-2.231407167
3.735736200,-2.232171171
3.736084100,-2.224935175
3.736432000,-2.225699179
3.736779800,-2.226461814
3.737127700,-2.223225818
3.737475600,-2.219989822
3.737823500,-2.220753826
3.738171400,-2.221517830
3.738519300,-2.218281834
3.738867200,-2.219045838
3.739215100,-2.219809842
3.739563000,-2.216573847
3.739910900,-2.217337851
3.740258800,-2.214101855
3.740606700,-2.210865859
3.740954600,-2.211629863
3.741302500,-2.212393867
3.741650400,-2.213157871
3.741998300,-2.209921875
3.742346200,-2.210685879
3.742694100,-2.211449883
3.743042000,-2.208213887
3.743389900,-2.208977892
3.743737800,-2.209741896
3.744085700,-2.206505900
3.744433600,-2.211269904
3.744781500,-2.212033908
3.745129400,-2.208797912
3.745477300,-2.209561916
3.745825200,-2.210325920
3.746173100,-2.211089924
3.746521000,-2.207853928
3.746868900,-2.208617933
3.747216800,-2.213381937
3.747564700,-2.210145941
3.747912600,-2.210909945
3.748260500,-2.211673949
3.748608400,-2.212437953
3.748956300,-2.213201957
3.749304200,-2.213965961
3.749652100,-2.214729965
3.750000000,-2.215493969
3.750347900,-2.216257973
3.750695800,-2.217021978
3.751043700,-2.217785982
3.751391600,-2.218549986
3.751739500,-2.219313990
3.752087400,-2.220077994
3.752435300,-2.220841998
3.752783200,-2.221606002
3.753131100,-2.226370006
3.753479000,-2.223134010
3.753826900,-2.223898014
3.754174800,-2.228662019
3.754522700,-2.225426023
3.754870600,-2.230190027
3.755218500,-2.230954031
3.755566400,-2.231718035
3.755914300,-2.232482039
3.756262200,-2.233246043
3.756610100,-2.238010047
3.756958000,-2.234774051
3.757305900,-2.239538055
3.757653800,-2.240302059
3.758001700,-2.241066064
3.758349600,-2.241830068
3.758697500,-2.246594072
3.759045400,-2.243358076
3.759393300,-2.248122080
3.759741200,-2.248886084
3.760089100,-2.249650088
3.760437000,-2.250414092
3.760784900,-2.255178096
3.761132800,-2.255942100
3.761480700,-2.256706105
3.761828600,-2.257470109
3.762176500,-2.262234113
3.762524400,-2.262998117
3.762872300,-2.263762121
3.763220200,-2.268526125
3.763568000,-2.265288760
3.763915900,-2.270052764
3.764263800,-2.270816768
3.764611700,-2.275580772
3.764959600,-2.276344776
3.765307500,-2.277108780
3.765655400,-2.281872784
3.766003300,-2.282636788
3.766351200,-2.283400792
3.766699100,-2.284164797
3.767047000,-2.284928801
3.767394900,-2.289692805
3.767742800,-2.290456809
3.768090700,-2.295220813
3.768438600,-2.295984817
3.768786500,-2.296748821
3.769134400,-2.301512825
3.769482300,-2.302276829
3.769830200,-2.307040833
3.770178100,-2.307804838
3.770526000,-2.308568842
3.770873900,-2.313332846
3.771221800,-2.314096850
3.771569700,-2.318860854
3.771917600,-2.319624858
3.772265500,-2.320388862
3.772613400,-2.325152866
3.772961300,-2.325916870
3.773309200,-2.330680874
3.773657100,-2.331444878
3.774005000,-2.336208883
3.774352900,-2.336972887
3.774700800,-2.341736891
3.775048700,-2.342500895
3.775396600,-2.347264899
3.775744500,-2.348028903
3.776092400,-2.352792907
3.776440300,-2.353556911
3.776788200,-2.358320915
3.777136100,-2.359084919
3.777484000,-2.363848924
3.777831900,-2.364612928
3.778179800,-2.369376932
3.778527700,-2.370140936
3.778875600,-2.374904940
3.779223500,-2.375668944
3.779571400,-2.380432948
3.779919300,-2.381196952
3.780267200,-2.385960956
3.780615100,-2.390724960
3.780963000,-2.391488964
3.781310900,-2.396252969
3.781658800,-2.397016973
3.782006700,-2.401780977
3.782354600,-2.406544981
3.782702500,-2.407308985
3.783050400,-2.412072989
3.783398300,-2.412836993
3.783746200,-2.417600997
3.784094100,-2.422365001
3.784442000,-2.423129005
3.784789900,-2.427893010
3.785137800,-2.428657014
3.785485700,-2.433421018
3.785833600,-2.434185022
3.786181500,-2.438949026
3.786529400,-2.443713030
3.786877300,-2.444477034
3.787225200,-2.449241038
3.787573100,-2.450005042
3.787921000,-2.454769046
3.788268900,-2.455533050
3.788616800,-2.460297055
3.788964700,-2.461061059
3.789312600,-2.465825063
3.789660500,-2.470589067
3.790008300,-2.471351702
3.790356200,-2.476115706
3.790704100,-2.476879710
3.791052000,-2.481643714
3.791399900,-2.482407718
3.791747800,-2.487171722
3.792095700,-2.491935726
3.792443600,-2.492699730
3.792791500,-2.497463734
3.793139400,-2.498227738
3.793487300,-2.502991743
3.793835200,-2.503755747
3.794183100,-2.508519751
3.794531000,-2.509283755
3.794878900,-2.514047759
3.795226800,-2.514811763
3.795574700,-2.519575767
3.795922600,-2.520339771
3.796270500,-2.525103775
3.796618400,-2.525867779
3.796966300,-2.526631783
3.797314200,-2.531395788
3.797662100,-2.536159792
3.798010000,-2.536923796
3.798357900,-2.537687800
3.798705800,-2.542451804
3.799053700,-2.547215808
3.799401600,-2.547979812
3.799749500,-2.548743816
3.800097400,-2.553507820
3.800445300,-2.554271824
3.800793200,-2.559035829
3.801141100,-2.559799833
3.801489000,-2.564563837
3.801836900,-2.565327841
3.802184800,-2.570091845
3.802532700,-2.570855849
3.802880600,-2.575619853
3.803228500,-2.576383857
3.803576400,-2.581147861
3.803924300,-2.581911865
3.804272200,-2.586675869
3.804620100,-2.587439874
3.804968000,-2.592203878
3.805315900,-2.592967882
3.805663800,-2.597731886
3.806011700,-2.598495890
3.806359600,-2.603259894
3.806707500,-2.604023898
3.807055400,-2.608787902
3.807403300,-2.609551906
3.807751200,-2.614315910
3.808099100,-2.619079915
3.808447000,-2.619843919
3.808794900,-2.624607923
3.809142800,-2.625371927
3.809490700,-2.630135931
3.809838600,-2.630899935
3.810186500,-2.635663939
3.810534400,-2.640427943
3.810882300,-2.641191947
3.811230200,-2.645955951
3.811578100,-2.646719955
3.811926000,-2.651483960
3.812273900,-2.656247964
3.812621800,-2.657011968
3.812969700,-2.661775972
3.813317600,-2.666539976
3.813665500,-2.667303980
3.814013400,-2.672067984
3.814361300,-2.676831988
3.814709200,-2.677595992
3.815057100,-2.682359996
3.815405000,-2.687124001
3.815752900,-2.687888005
3.816100800,-2.692652009
3.816448700,-2.697416013
3.816796500,-2.702178648
3.817144400,-2.702942652
3.817492300,-2.707706656
3.817840200,-2.712470660
3.818188100,-2.717234664
3.818536000,-2.721998668
3.818883900,-2.722762672
3.819231800,-2.727526676
3.819579700,-2.732290680
3.819927600,-2.737054684
3.820275500,-2.741818688
3.820623400,-2.742582693
3.820971300,-2.747346697
3.821319200,-2.752110701
3.821667100,-2.756874705
3.822015000,-2.761638709
3.822362900,-2.766402713
3.822710800,-2.767166717
3.823058700,-2.771930721
3.823406600,-2.776694725
3.823754500,-2.781458729
3.824102400,-2.786222734
3.824450300,-2.790986738
3.824798200,-2.795750742
3.825146100,-2.800514746
3.825494000,-2.805278750
3.825841900,-2.810042754
3.826189800,-2.810806758
3.826537700,-2.815570762
3.826885600,-2.820334766
3.827233500,-2.825098770
3.827581400,-2.829862774
3.827929300,-2.834626779
3.828277200,-2.839390783
3.828625100,-2.844154787
3.828973000,-2.848918791
3.829320900,-2.853682795
3.829668800,-2.858446799
3.830016700,-2.863210803
3.830364600,-2.867974807
3.830712500,-2.872738811
3.831060400,-2.877502815
3.831408300,-2.882266820
3.831756200,-2.891030824
3.832104100,-2.895794828
3.832452000,-2.900558832
3.832799900,-2.905322836
3.833147800,-2.910086840
3.833495700,-2.914850844
3.833843600,-2.919614848
3.834191500,-2.924378852
3.834539400,-2.929142856
3.834887300,-2.933906860
3.835235200,-2.938670865
3.835583100,-2.947434869
3.835931000,-2.952198873
3.836278900,-2.956962877
3.836626800,-2.961726881
3.836974700,-2.966490885
3.837322600,-2.971254889
3.837670500,-2.980018893
3.838018400,-2.984782897
3.838366300,-2.989546901
3.838714200,-2.994310906
3.839062100,-2.999074910
3.839410000,-3.003838914
3.839757900,-3.012602918
3.840105800,-3.017366922
3.840453700,-3.022130926
3.840801600,-3.026894930
3.841149500,-3.031658934
3.841497400,-3.040422938
3.841845300,-3.045186942
3.842193200,-3.049950946
3.842541100,-3.054714951
3.842889000,-3.063478955
3.843236800,-3.068241589
3.843584700,-3.073005593
3.843932600,-3.077769598
3.844280500,-3.086533602
3.844628400,-3.091297606
3.844976300,-3.096061610
3.845324200,-3.100825614
3.845672100,-3.109589618
3.846020000,-3.114353622
3.846367900,-3.119117626
3.846715800,-3.123881630
3.847063700,-3.128645634
3.847411600,-3.137409639
3.847759500,-3.142173643
3.848107400,-3.146937647
3.848455300,-3.151701651
3.848803200,-3.160465655
3.849151100,-3.165229659
3.849499000,-3.169993663
3.849846900,-3.174757667
3.850194800,-3.183521671
3.850542700,-3.188285675
3.850890600,-3.193049679
3.851238500,-3.197813684
3.851586400,-3.202577688
3.851934300,-3.211341692
3.852282200,-3.216105696
3.852630100,-3.220869700
3.852978000,-3.225633704
3.853325900,-3.230397708
3.853673800,-3.239161712
3.854021700,-3.243925716
3.854369600,-3.248689720
3.854717500,-3.253453725
3.855065400,-3.258217729
3.855413300,-3.266981733
3.855761200,-3.271745737
3.856109100,-3.276509741
3.856457000,-3.281273745
3.856804900,-3.286037749
3.857152800,-3.294801753
3.857500700,-3.299565757
3.857848600,-3.304329761
3.858196500,-3.309093765
3.858544400,-3.313857770
3.858892300,-3.318621774
3.859240200,-3.327385778
3.859588100,-3.332149782
3.859936000,-3.336913786
3.860283900,-3.341677790
3.860631800,-3.346441794
3.860979700,-3.351205798
3.861327600,-3.355969802
3.861675500,-3.360733806
3.862023400,-3.369497811
3.862371300,-3.374261815
3.862719200,-3.379025819
3.863067100,-3.383789823
3.863415000,-3.388553827
3.863762900,-3.393317831
3.864110800,-3.398081835
3.864458700,-3.402845839
3.864806600,-3.411609843
3.865154500,-3.416373847
3.865502400,-3.421137851
3.865850300,-3.425901856
3.866198200,-3.430665860
3.866546100,-3.435429864
3.866894000,-3.440193868
3.867241900,-3.444957872
3.867589800,-3.449721876
3.867937700,-3.458485880
3.868285600,-3.463249884
3.868633500,-3.468013888
3.868981400,-3.472777892
3.869329300,-3.477541897
3.869677200,-3.482305901
3.870025000,-3.487068535
3.870372900,-3.491832539
3.870720800,-3.496596544
3.871068700,-3.501360548
3.871416600,-3.510124552
3.871764500,-3.514888556
3.872112400,-3.519652560
3.872460300,-3.524416564
3.872808200,-3.529180568
3.873156100,-3.533944572
3.873504000,-3.538708576
3.873851900,-3.543472580
3.874199800,-3.548236584
3.874547700,-3.553000589
3.874895600,-3.557764593
3.875243500,-3.566528597
3.875591400,-3.571292601
3.875939300,-3.576056605
3.876287200,-3.580820609
3.876635100,-3.585584613
3.876983000,-3.590348617
3.877330900,-3.595112621
3.877678800,-3.599876625
3.878026700,-3.604640630
3.878374600,-3.613404634
3.878722500,-3.618168638
3.879070400,-3.622932642
3.879418300,-3.627696646
3.879766200,-3.632460650
3.880114100,-3.637224654
3.880462000,-3.641988658
3.880809900,-3.646752662
3.881157800,-3.655516666
3.881505700,-3.660280670
3.881853600,-3.665044675
3.882201500,-3.669808679
3.882549400,-3.674572683
3.882897300,-3.679336687
3.883245200,-3.684100691
3.883593100,-3.692864695
3.883941000,-3.697628699
3.884288900,-3.702392703
3.884636800,-3.707156707
3.884984700,-3.715920711
3.885332600,-3.720684716
3.885680500,-3.725448720
3.886028400,-3.730212724
3.886376300,-3.734976728
3.886724200,-3.743740732
3.887072100,-3.748504736
3.887420000,-3.753268740
3.887767900,-3.758032744
3.888115800,-3.766796748
3.888463700,-3.771560752
3.888811600,-3.776324756
3.889159500,-3.785088761
3.889507400,-3.789852765
3.889855300,-3.794616769
3.890203200,-3.803380773
3.890551100,-3.808144777
3.890899000,-3.812908781
3.891246900,-3.821672785
3.891594800,-3.826436789
3.891942700,-3.835200793
3.892290600,-3.839964797
3.892638500,-3.844728802
3.892986400,-3.853492806
3.893334300,-3.858256810
3.893682200,-3.867020814
3.894030100,-3.871784818
3.894378000,-3.880548822
3.894725900,-3.885312826
3.895073800,-3.894076830
3.895421700,-3.898840834
3.895769600,-3.907604838
3.896117500,-3.912368842
3.896465300,-3.921131477
3.896813200,-3.925895481
3.897161100,-3.934659485
3.897509000,-3.943423489
3.897856900,-3.948187494
3.898204800,-3.956951498
3.898552700,-3.965715502
3.898900600,-3.970479506
3.899248500,-3.979243510
3.899596400,-3.988007514
3.899944300,-3.992771518
3.900292200,-4.001535522
3.900640100,-4.010299526
3.900988000,-4.015063530
3.901335900,-4.023827535
3.901683800,-4.032591539
3.902031700,-4.041355543
3.902379600,-4.046119547
3.902727500,-4.054883551
3.903075400,-4.063647555
3.903423300,-4.072411559
3.903771200,-4.077175563
3.904119100,-4.089939567
3.904467000,-4.094703571
3.904814900,-4.103467575
3.905162800,-4.112231580
3.905510700,-4.120995584
3.905858600,-4.129759588
3.906206500,-4.134523592
3.906554400,-4.147287596
3.906902300,-4.156051600
3.907250200,-4.160815604
3.907598100,-4.173579608
3.907946000,-4.182343612
3.908293900,-4.187107616
3.908641800,-4.199871621
3.908989700,-4.208635625
3.909337600,-4.213399629
3.909685500,-4.222163633
3.910033400,-4.234927637
3.910381300,-4.243691641
3.910729200,-4.248455645
3.911077100,-4.261219649
3.911425000,-4.269983653
3.911772900,-4.278747657
3.912120800,-4.287511661
3.912468700,-4.296275666
3.912816600,-4.305039670
3.913164500,-4.313803674
3.913512400,-4.322567678
3.913860300,-4.331331682
3.914208200,-4.340095686
3.914556100,-4.352859690
3.914904000,-4.361623694
3.915251900,-4.370387698
3.915599800,-4.383151702
3.915947700,-4.387915707
3.916295600,-4.396679711
3.916643500,-4.405443715
3.916991400,-4.418207719
3.917339300,-4.426971723
3.917687200,-4.435735727
3.918035100,-4.448499731
3.918383000,-4.457263735
3.918730900,-4.466027739
3.919078800,-4.478791743
3.919426700,-4.487555747
3.919774600,-4.496319752
3.920122500,-4.505083756
3.920470400,-4.517847760
3.920818300,-4.526611764
3.921166200,-4.535375768
3.921514100,-4.548139772
3.921862000,-4.556903776
3.922209900,-4.565667780
3.922557800,-4.578431784
3.922905600,-4.587194419
3.923253500,-4.595958423
3.923601400,-4.604722427
3.923949300,-4.617486431
3.924297200,-4.626250435
3.924645100,-4.635014440
3.924993000,-4.647778444
3.925340900,-4.656542448
3.925688800,-4.665306452
3.926036700,-4.678070456
3.926384600,-4.686834460
3.926732500,-4.699598464
3.927080400,-4.712362468
3.927428300,-4.721126472
3.927776200,-4.729890476
3.928124100,-4.738654480
3.928472000,-4.751418485
3.928819900,-4.760182489
3.929167800,-4.772946493
3.929515700,-4.785710497
3.929863600,-4.794474501
3.930211500,-4.803238505
3.930559400,-4.820002509
3.930907300,-4.828766513
3.931255200,-4.837530517
3.931603100,-4.846294521
3.931951000,-4.863058526
3.932298900,-4.871822530
3.932646800,-4.880586534
3.932994700,-4.893350538
3.933342600,-4.906114542
3.933690500,-4.914878546
3.934038400,-4.927642550
3.934386300,-4.940406554
3.934734200,-4.949170558
3.935082100,-4.957934562
3.935430000,-4.974698566
3.935777900,-4.983462571
3.936125800,-4.992226575
3.936473700,-5.008990579
3.936821600,-5.017754583
3.937169500,-5.030518587
3.937517400,-5.047282591
3.937865300,-5.056046595
3.938213200,-5.064810599
3.938561100,-5.077574603
3.938909000,-5.094338607
3.939256900,-5.103102612
3.939604800,-5.115866616
3.939952700,-5.132630620
3.940300600,-5.141394624
3.940648500,-5.154158628
3.940996400,-5.170922632
3.941344300,-5.179686636
3.941692200,-5.192450640
3.942040100,-5.209214644
3.942388000,-5.221978648
3.942735900,-5.230742652
3.943083800,-5.243506657
3.943431700,-5.264270661
3.943779600,-5.273034665
3.944127500,-5.285798669
3.944475400,-5.306562673
3.944823300,-5.315326677
3.945171200,-5.328090681
3.945519100,-5.348854685
3.945867000,-5.361618689
3.946214900,-5.374382693
3.946562800,-5.387146697
3.946910700,-5.407910702
3.947258600,-5.420674706
3.947606500,-5.429438710
3.947954400,-5.450202714
3.948302300,-5.462966718
3.948650200,-5.479730722
3.948998100,-5.500494726
3.949346000,-5.513258730
3.949693800,-5.526021365
3.950041700,-5.538785369
3.950389600,-5.559549373
3.950737500,-5.572313377
3.951085400,-5.585077381
3.951433300,-5.605841385
3.951781200,-5.622605390
3.952129100,-5.635369394
3.952477000,-5.656133398
3.952824900,-5.668897402
3.953172800,-5.681661406
3.953520700,-5.694425410
3.953868600,-5.719189414
3.954216500,-5.731953418
3.954564400,-5.744717422
3.954912300,-5.765481426
3.955260200,-5.778245431
3.955608100,-5.791009435
3.955956000,-5.811773439
3.956303900,-5.824537443
3.956651800,-5.837301447
3.956999700,-5.858065451
3.957347600,-5.870829455
3.957695500,-5.883593459
3.958043400,-5.892357463
3.958391300,-5.913121467
3.958739200,-5.925885471
3.959087100,-5.938649476
3.959435000,-5.955413480
3.959782900,-5.968177484
3.960130800,-5.976941488
3.960478700,-5.993705492
3.960826600,-6.006469496
3.961174500,-6.015233500
3.961522400,-6.027997504
3.961870300,-6.040761508
3.962218200,-6.053525512
3.962566100,-6.062289517
3.962914000,-6.075053521
3.963261900,-6.087817525
3.963609800,-6.096581529
3.963957700,-6.109345533
3.964305600,-6.118109537
3.964653500,-6.126873541
3.965001400,-6.135637545
3.965349300,-6.144401549
3.965697200,-6.153165553
3.966045100,-6.161929557
3.966393000,-6.170693562
3.966740900,-6.179457566
3.967088800,-6.184221570
3.967436700,-6.196985574
3.967784600,-6.201749578
3.968132500,-6.210513582
3.968480400,-6.215277586
3.968828300,-6.224041590
3.969176200,-6.228805594
3.969524100,-6.233569598
3.969872000,-6.242333602
3.970219900,-6.247097607
3.970567800,-6.251861611
3.970915700,-6.256625615
3.971263600,-6.265389619
3.971611500,-6.270153623
3.971959400,-6.274917627
3.972307300,-6.279681631
3.972655200,-6.284445635
3.973003100,-6.289209639
3.973351000,-6.293973643
3.973698900,-6.298737648
3.974046800,-6.303501652
3.974394700,-6.304265656
3.974742600,-6.309029660
3.975090500,-6.313793664
3.975438400,-6.318557668
3.975786300,-6.323321672
3.976134100,-6.324084307
3.976482000,-6.328848311
3.976829900,-6.333612315
3.977177800,-6.338376319
3.977525700,-6.339140323
3.977873600,-6.343904327
3.978221500,-6.348668331
3.978569400,-6.349432336
3.978917300,-6.354196340
3.979265200,-6.358960344
3.979613100,-6.363724348
3.979961000,-6.364488352
3.980308900,-6.369252356
3.980656800,-6.370016360
3.981004700,-6.374780364
3.981352600,-6.379544368
3.981700500,-6.380308372
3.982048400,-6.385072376
3.982396300,-6.385836381
3.982744200,-6.390600385
3.983092100,-6.395364389
3.983440000,-6.396128393
3.983787900,-6.400892397
3.984135800,-6.401656401
3.984483700,-6.406420405
3.984831600,-6.407184409
3.985179500,-6.411948413
3.985527400,-6.412712417
3.985875300,-6.413476422
3.986223200,-6.418240426
3.986571100,-6.419004430
3.986919000,-6.423768434
3.987266900,-6.420532438
3.987614800,-6.425296442
3.987962700,-6.426060446
3.988310600,-6.426824450
3.988658500,-6.427588454
3.989006400,-6.428352458
3.989354300,-6.429116462
3.989702200,-6.429880467
3.990050100,-6.430644471
3.990398000,-6.427408475
3.990745900,-6.428172479
3.991093800,-6.428936483
3.991441700,-6.429700487
3.991789600,-6.426464491
3.992137500,-6.427228495
3.992485400,-6.423992499
3.992833300,-6.420756503
3.993181200,-6.417520507
3.993529100,-6.418284512
3.993877000,-6.411048516
3.994224900,-6.407812520
3.994572800,-6.404576524
3.994920700,-6.405340528
3.995268600,-6.394104532
3.995616500,-6.390868536
3.995964400,-6.387632540
3.996312300,-6.376396544
3.996660200,-6.373160548
3.997008100,-6.365924553
3.997356000,-6.354688557
3.997703900,-6.347452561
3.998051800,-6.344216565
3.998399700,-6.336980569
3.998747600,-6.321744573
3.999095500,-6.314508577
3.999443400,-6.307272581
3.999791300,-6.288036585
4.000139200,-6.280800589
4.000487100,-6.273564593
4.000835000,-6.254328598
4.001182900,-6.247092602
4.001530800,-6.239856606
4.001878700,-6.228620610
4.002226600,-6.205384614
4.002574500,-6.198148618
4.002922300,-6.186911253
4.003270200,-6.163675257
4.003618100,-6.152439261
4.003966000,-6.141203265
4.004313900,-6.113967269
4.004661800,-6.102731273
4.005009700,-6.091495277
4.005357600,-6.080259281
4.005705500,-6.053023286
4.006053400,-6.041787290
4.006401300,-6.026551294
4.006749200,-5.999315298
4.007097100,-5.984079302
4.007445000,-5.972843306
4.007792900,-5.941607310
4.008140800,-5.926371314
4.008488700,-5.915135318
4.008836600,-5.883899322
4.009184500,-5.868663327
4.009532400,-5.853427331
4.009880300,-5.842191335
4.010228200,-5.806955339
4.010576100,-5.791719343
4.010924000,-5.780483347
4.011271900,-5.745247351
4.011619800,-5.730011355
4.011967700,-5.718775359
4.012315600,-5.683539363
4.012663500,-5.668303367
4.013011400,-5.653067372
4.013359300,-5.637831376
4.013707200,-5.602595380
4.014055100,-5.591359384
4.014403000,-5.576123388
4.014750900,-5.540887392
4.015098800,-5.525651396
4.015446700,-5.510415400
4.015794600,-5.475179404
4.016142500,-5.459943408
4.016490400,-5.444707412
4.016838300,-5.429471417
4.017186200,-5.398235421
4.017534100,-5.382999425
4.017882000,-5.367763429
4.018229900,-5.332527433
4.018577800,-5.317291437
4.018925700,-5.302055441
4.019273600,-5.266819445
4.019621500,-5.255583449
4.019969400,-5.240347453
4.020317300,-5.225111458
4.020665200,-5.189875462
4.021013100,-5.174639466
4.021361000,-5.163403470
4.021708900,-5.128167474
4.022056800,-5.112931478
4.022404700,-5.097695482
4.022752600,-5.066459486
4.023100500,-5.051223490
4.023448400,-5.035987494
4.023796300,-5.004751498
4.024144200,-4.989515503
4.024492100,-4.974279507
4.024840000,-4.963043511
4.025187900,-4.927807515
4.025535800,-4.916571519
4.025883700,-4.901335523
4.026231600,-4.870099527
4.026579500,-4.854863531
4.026927400,-4.839627535
4.027275300,-4.808391539
4.027623200,-4.793155544
4.027971100,-4.781919548
4.028319000,-4.766683552
4.028666900,-4.735447556
4.029014800,-4.720211560
4.029362600,-4.708974195
4.029710500,-4.677738199
4.030058400,-4.662502203
4.030406300,-4.651266207
4.030754200,-4.620030211
4.031102100,-4.604794215
4.031450000,-4.593558219
4.031797900,-4.578322223
4.032145800,-4.547086227
4.032493700,-4.535850232
4.032841600,-4.520614236
4.033189500,-4.493378240
4.033537400,-4.478142244
4.033885300,-4.466906248
4.034233200,-4.435670252
4.034581100,-4.424434256
4.034929000,-4.409198260
4.035276900,-4.397962264
4.035624800,-4.370726268
4.035972700,-4.355490272
4.036320600,-4.344254277
4.036668500,-4.313018281
4.037016400,-4.301782285
4.037364300,-4.290546289
4.037712200,-4.263310293
4.038060100,-4.252074297
4.038408000,-4.236838301
4.038755900,-4.209602305
4.039103800,-4.198366309
4.039451700,-4.187130313
4.039799600,-4.175894317
4.040147500,-4.148658322
4.040495400,-4.137422326
4.040843300,-4.126186330
4.041191200,-4.098950334
4.041539100,-4.087714338
4.041887000,-4.076478342
4.042234900,-4.049242346
4.042582800,-4.038006350
4.042930700,-4.030770354
4.043278600,-4.019534358
4.043626500,-3.992298363
4.043974400,-3.981062367
4.044322300,-3.973826371
4.044670200,-3.946590375
4.045018100,-3.935354379
4.045366000,-3.928118383
4.045713900,-3.900882387
4.046061800,-3.893646391
4.046409700,-3.882410395
4.046757600,-3.875174399
4.047105500,-3.851938403
4.047453400,-3.840702408
4.047801300,-3.829466412
4.048149200,-3.810230416
4.048497100,-3.798994420
4.048845000,-3.791758424
4.049192900,-3.768522428
4.049540800,-3.757286432
4.049888700,-3.750050436
4.050236600,-3.742814440
4.050584500,-3.719578444
4.050932400,-3.712342449
4.051280300,-3.705106453
4.051628200,-3.681870457
4.051976100,-3.674634461
4.052324000,-3.667398465
4.052671900,-3.644162469
4.053019800,-3.636926473
4.053367700,-3.629690477
4.053715600,-3.622454481
4.054063500,-3.603218485
4.054411400,-3.591982489
4.054759300,-3.584746494
4.055107200,-3.565510498
4.055455100,-3.558274502
4.055803000,-3.551038506
4.056150800,-3.531801141
4.056498700,-3.524565145
4.056846600,-3.517329149
4.057194500,-3.498093153
4.057542400,-3.490857157
4.057890300,-3.487621161
4.058238200,-3.480385165
4.058586100,-3.461149169
4.058934000,-3.453913173
4.059281900,-3.446677177
4.059629800,-3.431441182
4.059977700,-3.424205186
4.060325600,-3.416969190
4.060673500,-3.397733194
4.061021400,-3.394497198
4.061369300,-3.387261202
4.061717200,-3.380025206
4.062065100,-3.364789210
4.062413000,-3.357553214
4.062760900,-3.350317218
4.063108800,-3.335081222
4.063456700,-3.331845227
4.063804600,-3.324609231
4.064152500,-3.309373235
4.064500400,-3.302137239
4.064848300,-3.298901243
4.065196200,-3.291665247
4.065544100,-3.276429251
4.065892000,-3.273193255
4.066239900,-3.265957259
4.066587800,-3.250721263
4.066935700,-3.247485268
4.067283600,-3.244249272
4.067631500,-3.229013276
4.067979400,-3.225777280
4.068327300,-3.218541284
4.068675200,-3.215305288
4.069023100,-3.200069292
4.069371000,-3.196833296
4.069718900,-3.193597300
4.070066800,-3.182361304
4.070414700,-3.175125308
4.070762600,-3.171889313
4.071110500,-3.160653317
4.071458400,-3.157417321
4.071806300,-3.154181325
4.072154200,-3.142945329
4.072502100,-3.139709333
4.072850000,-3.136473337
4.073197900,-3.133237341
4.073545800,-3.122001345
4.073893700,-3.118765349
4.074241600,-3.115529354
4.074589500,-3.104293358
4.074937400,-3.101057362
4.075285300,-3.097821366
4.075633200,-3.090585370
4.075981100,-3.087349374
4.076329000,-3.084113378
4.076676900,-3.080877382
4.077024800,-3.073641386
4.077372700,-3.070405390
4.077720600,-3.067169394
4.078068500,-3.059933399
4.078416400,-3.056697403
4.078764300,-3.053461407
4.079112200,-3.046225411
4.079460100,-3.042989415
4.079808000,-3.039753419
4.080155900,-3.040517423
4.080503800,-3.029281427
4.080851700,-3.026045431
4.081199600,-3.026809435
4.081547500,-3.015573440
4.081895400,-3.012337444
4.082243300,-3.013101448
4.082591100,-3.001864082
4.082939000,-2.998628087
4.083286900,-2.999392091
4.083634800,-2.996156095
4.083982700,-2.984920099
4.084330600,-2.981684103
4.084678500,-2.982448107
4.085026400,-2.971212111
4.085374300,-2.967976115
4.085722200,-2.964740119
4.086070100,-2.953504123
4.086418000,-2.950268128
4.086765900,-2.947032132
4.087113800,-2.943796136
4.087461700,-2.932560140
4.087809600,-2.929324144
4.088157500,-2.926088148
4.088505400,-2.914852152
4.088853300,-2.911616156
4.089201200,-2.908380160
4.089549100,-2.897144164
4.089897000,-2.893908168
4.090244900,-2.886672173
4.090592800,-2.875436177
4.090940700,-2.872200181
4.091288600,-2.868964185
4.091636500,-2.861728189
4.091984400,-2.850492193
4.092332300,-2.843256197
4.092680200,-2.840020201
4.093028100,-2.824784205
4.093376000,-2.821548209
4.093723900,-2.818312213
4.094071800,-2.803076218
4.094419700,-2.795840222
4.094767600,-2.792604226
4.095115500,-2.785368230
4.095463400,-2.770132234
4.095811300,-2.766896238
4.096159200,-2.759660242
4.096507100,-2.744424246
4.096855000,-2.741188250
4.097202900,-2.733952254
4.097550800,-2.718716259
4.097898700,-2.715480263
4.098246600,-2.708244267
4.098594500,-2.705008271
4.098942400,-2.689772275
4.099290300,-2.682536279
4.099638200,-2.679300283
4.099986100,-2.660064287
4.100334000,-2.656828291
4.100681900,-2.649592295
4.101029800,-2.634356299
4.101377700,-2.631120304
4.101725600,-2.623884308
4.102073500,-2.620648312
4.102421400,-2.605412316
4.102769300,-2.598176320
4.103117200,-2.590940324
4.103465100,-2.575704328
4.103813000,-2.572468332
4.104160900,-2.565232336
4.104508800,-2.549996340
4.104856700,-2.546760345
4.105204600,-2.539524349
4.105552500,-2.524288353
4.105900400,-2.521052357
4.106248300,-2.513816361
4.106596200,-2.510580365
4.106944100,-2.495344369
4.107292000,-2.492108373
4.107639900,-2.484872377
4.107987800,-2.469636381
4.108335700,-2.466400385
4.108683600,-2.459164390
4.109031500,-2.447928394
4.109379300,-2.440691028
4.109727200,-2.437455033
4.110075100,-2.430219037
4.110423000,-2.418983041
4.110770900,-2.411747045
4.111118800,-2.408511049
4.111466700,-2.393275053
4.111814600,-2.390039057
4.112162500,-2.382803061
4.112510400,-2.371567065
4.112858300,-2.364331069
4.113206200,-2.361095073
4.113554100,-2.357859078
4.113902000,-2.342623082
4.114249900,-2.339387086
4.114597800,-2.332151090
4.114945700,-2.320915094
4.115293600,-2.313679098
4.115641500,-2.310443102
4.115989400,-2.299207106
4.116337300,-2.291971110
4.116685200,-2.288735114
4.117033100,-2.285499118
4.117381000,-2.270263123
4.117728900,-2.267027127
4.118076800,-2.263791131
4.118424700,-2.248555135
4.118772600,-2.245319139
4.119120500,-2.242083143
4.119468400,-2.226847147
4.119816300,-2.223611151
4.120164200,-2.220375155
4.120512100,-2.205139159
4.120860000,-2.201903164
4.121207900,-2.198667168
4.121555800,-2.195431172
4.121903700,-2.180195176
4.122251600,-2.176959180
4.122599500,-2.173723184
4.122947400,-2.162487188
4.123295300,-2.155251192
4.123643200,-2.152015196
4.123991100,-2.140779200
4.124339000,-2.137543204
4.124686900,-2.134307209
4.125034800,-2.127071213
4.125382700,-2.115835217
4.125730600,-2.112599221
4.126078500,-2.109363225
4.126426400,-2.098127229
4.126774300,-2.090891233
4.127122200,-2.087655237
4.127470100,-2.076419241
4.127818000,-2.073183245
4.128165900,-2.069947250
4.128513800,-2.066711254
4.128861700,-2.055475258
4.129209600,-2.048239262
4.129557500,-2.045003266
4.129905400,-2.033767270
4.130253300,-2.030531274
4.130601200,-2.027295278
4.130949100,-2.016059282
4.131297000,-2.012823286
4.131644900,-2.009587290
4.131992800,-2.006351295
4.132340700,-1.995115299
4.132688600,-1.991879303
4.133036500,-1.988643307
4.133384400,-1.977407311
4.133732300,-1.974171315
4.134080200,-1.970935319
4.134428100,-1.959699323
4.134776000,-1.956463327
4.135123900,-1.953227331
4.135471800,-1.949991336
4.135819600,-1.938753970
4.136167500,-1.935517974
4.136515400,-1.932281978
4.136863300,-1.921045983
4.137211200,-1.917809987
4.137559100,-1.914573991
4.137907000,-1.903337995
4.138254900,-1.900101999
4.138602800,-1.896866003
4.138950700,-1.885630007
4.139298600,-1.882394011
4.139646500,-1.879158015
4.139994400,-1.875922019
4.140342300,-1.864686023
4.140690200,-1.861450028
4.141038100,-1.862214032
4.141386000,-1.850978036
4.141733900,-1.847742040
4.142081800,-1.844506044
4.142429700,-1.833270048
4.142777600,-1.830034052
4.143125500,-1.826798056
4.143473400,-1.827562060
4.143821300,-1.816326064
4.144169200,-1.813090069
4.144517100,-1.809854073
4.144865000,-1.798618077
4.145212900,-1.795382081
4.145560800,-1.796146085
4.145908700,-1.784910089
4.146256600,-1.781674093
4.146604500,-1.778438097
4.146952400,-1.775202101
4.147300300,-1.767966105
4.147648200,-1.764730109
4.147996100,-1.761494114
4.148344000,-1.750258118
4.148691900,-1.751022122
4.149039800,-1.747786126
4.149387700,-1.736550130
4.149735600,-1.733314134
4.150083500,-1.734078138
4.150431400,-1.730842142
4.150779300,-1.719606146
4.151127200,-1.716370150
4.151475100,-1.717134155
4.151823000,-1.705898159
4.152170900,-1.702662163
4.152518800,-1.703426167
4.152866700,-1.692190171
4.153214600,-1.688954175
4.153562500,-1.685718179
4.153910400,-1.678482183
4.154258300,-1.675246187
4.154606200,-1.672010191
4.154954100,-1.672774195
4.155302000,-1.661538200
4.155649900,-1.658302204
4.155997800,-1.659066208
4.156345700,-1.647830212
4.156693600,-1.644594216
4.157041500,-1.645358220
4.157389400,-1.634122224
4.157737300,-1.630886228
4.158085200,-1.631650232
4.158433100,-1.628414236
4.158781000,-1.617178241
4.159128900,-1.617942245
4.159476800,-1.614706249
4.159824700,-1.603470253
4.160172600,-1.604234257
4.160520500,-1.600998261
4.160868400,-1.593762265
4.161216300,-1.590526269
4.161564200,-1.587290273
4.161912100,-1.584054277
4.162259900,-1.576816912
4.162607800,-1.573580916
4.162955700,-1.574344920
4.163303600,-1.563108924
4.163651500,-1.559872928
4.163999400,-1.560636933
4.164347300,-1.549400937
4.164695200,-1.550164941
4.165043100,-1.546928945
4.165391000,-1.543692949
4.165738900,-1.536456953
4.166086800,-1.533220957
4.166434700,-1.533984961
4.166782600,-1.522748965
4.167130500,-1.523512969
4.167478400,-1.520276974
4.167826300,-1.513040978
4.168174200,-1.509804982
4.168522100,-1.506568986
4.168870000,-1.499332990
4.169217900,-1.496096994
4.169565800,-1.496860998
4.169913700,-1.493625002
4.170261600,-1.486389006
4.170609500,-1.483153010
4.170957400,-1.479917014
4.171305300,-1.472681019
4.171653200,-1.473445023
4.172001100,-1.470209027
4.172349000,-1.462973031
4.172696900,-1.459737035
4.173044800,-1.456501039
4.173392700,-1.457265043
4.173740600,-1.450029047
4.174088500,-1.446793051
4.174436400,-1.443557055
4.174784300,-1.436321060
4.175132200,-1.437085064
4.175480100,-1.433849068
4.175828000,-1.426613072
4.176175900,-1.423377076
4.176523800,-1.424141080
4.176871700,-1.420905084
4.177219600,-1.413669088
4.177567500,-1.414433092
4.177915400,-1.411197096
4.178263300,-1.403961100
4.178611200,-1.400725105
4.178959100,-1.401489109
4.179307000,-1.394253113
4.179654900,-1.391017117
4.180002800,-1.391781121
4.180350700,-1.388545125
4.180698600,-1.381309129
4.181046500,-1.378073133
4.181394400,-1.378837137
4.181742300,-1.371601141
4.182090200,-1.368365146
4.182438100,-1.369129150
4.182786000,-1.361893154
4.183133900,-1.358657158
4.183481800,-1.359421162
4.183829700,-1.356185166
4.184177600,-1.348949170
4.184525500,-1.349713174
4.184873400,-1.346477178
4.185221300,-1.339241182
4.185569200,-1.340005186
4.185917100,-1.336769191
4.186265000,-1.329533195
4.186612900,-1.330297199
4.186960800,-1.331061203
4.187308700,-1.323825207
4.187656600,-1.320589211
4.188004500,-1.321353215
4.188352400,-1.318117219
4.188700300,-1.310881223
4.189048100,-1.311643858
4.189396000,-1.308407862
4.189743900,-1.301171866
4.190091800,-1.301935870
4.190439700,-1.302699874
4.190787600,-1.295463879
4.191135500,-1.292227883
4.191483400,-1.292991887
4.191831300,-1.289755891
4.192179200,-1.286519895
4.192527100,-1.283283899
4.192875000,-1.284047903
4.193222900,-1.276811907
4.193570800,-1.277575911
4.193918700,-1.274339915
4.194266600,-1.267103919
4.194614500,-1.267867924
4.194962400,-1.268631928
4.195310300,-1.265395932
4.195658200,-1.258159936
4.196006100,-1.258923940
4.196354000,-1.259687944
4.196701900,-1.252451948
4.197049800,-1.253215952
4.197397700,-1.249979956
4.197745600,-1.246743960
4.198093500,-1.243507965
4.198441400,-1.244271969
4.198789300,-1.245035973
4.199137200,-1.237799977
4.199485100,-1.238563981
4.199833000,-1.235327985
4.200180900,-1.232091989
4.200528800,-1.228855993
4.200876700,-1.229619997
4.201224600,-1.226384001
4.201572500,-1.223148005
4.201920400,-1.223912010
4.202268300,-1.216676014
4.202616200,-1.217440018
4.202964100,-1.218204022
4.203312000,-1.218968026
4.203659900,-1.211732030
4.204007800,-1.212496034
4.204355700,-1.213260038
4.204703600,-1.206024042
4.205051500,-1.206788046
4.205399400,-1.207552051
4.205747300,-1.204316055
4.206095200,-1.201080059
4.206443100,-1.201844063
4.206791000,-1.202608067
4.207138900,-1.199372071
4.207486800,-1.196136075
4.207834700,-1.196900079
4.208182600,-1.193664083
4.208530500,-1.194428087
4.208878400,-1.195192091
4.209226300,-1.187956096
4.209574200,-1.188720100
4.209922100,-1.189484104
4.210270000,-1.190248108
4.210617900,-1.187012112
4.210965800,-1.187776116
4.211313700,-1.184540120
4.211661600,-1.181304124
4.212009500,-1.182068128
4.212357400,-1.182832132
4.212705300,-1.179596137
4.213053200,-1.180360141
4.213401100,-1.181124145
4.213749000,-1.181888149
4.214096900,-1.174652153
4.214444800,-1.175416157
4.214792700,-1.176180161
4.215140600,-1.172944165
4.215488400,-1.173706800
4.215836300,-1.174470804
4.216184200,-1.171234808
4.216532100,-1.171998812
4.216880000,-1.172762816
4.217227900,-1.169526820
4.217575800,-1.166290824
4.217923700,-1.167054829
4.218271600,-1.167818833
4.218619500,-1.164582837
4.218967400,-1.165346841
4.219315300,-1.166110845
4.219663200,-1.162874849
4.220011100,-1.163638853
4.220359000,-1.164402857
4.220706900,-1.161166861
4.221054800,-1.161930865
4.221402700,-1.162694870
4.221750600,-1.163458874
4.222098500,-1.160222878
4.222446400,-1.160986882
4.222794300,-1.161750886
4.223142200,-1.158514890
4.223490100,-1.159278894
4.223838000,-1.160042898
4.224185900,-1.156806902
4.224533800,-1.157570906
4.224881700,-1.158334910
4.225229600,-1.159098915
4.225577500,-1.155862919
4.225925400,-1.156626923
4.226273300,-1.157390927
4.226621200,-1.154154931
4.226969100,-1.154918935
4.227317000,-1.155682939
4.227664900,-1.156446943
4.228012800,-1.157210947
4.228360700,-1.157974951
4.228708600,-1.158738956
4.229056500,-1.155502960
4.229404400,-1.156266964
4.229752300,-1.157030968
4.230100200,-1.153794972
4.230448100,-1.154558976
4.230796000,-1.155322980
4.231143900,-1.156086984
4.231491800,-1.156850988
4.231839700,-1.157614992
4.232187600,-1.158378996
4.232535500,-1.155143001
4.232883400,-1.155907005
4.233231300,-1.156671009
4.233579200,-1.157435013
4.233927100,-1.158199017
4.234275000,-1.158963021
4.234622900,-1.155727025
4.234970800,-1.156491029
4.235318700,-1.157255033
4.235666600,-1.154019037
4.236014500,-1.154783042
4.236362400,-1.155547046
4.236710300,-1.160311050
4.237058200,-1.157075054
4.237406100,-1.157839058
4.237754000,-1.158603062
4.238101900,-1.155367066
4.238449800,-1.156131070
4.238797700,-1.156895074
4.239145600,-1.157659078
4.239493500,-1.158423082
4.239841400,-1.159187087
4.240189300,-1.159951091
4.240537200,-1.156715095
4.240885100,-1.157479099
4.241233000,-1.158243103
4.241580900,-1.155007107
4.241928800,-1.155771111
4.242276600,-1.160533746
4.242624500,-1.157297750
4.242972400,-1.158061754
4.243320300,-1.158825758
4.243668200,-1.159589762
4.244016100,-1.156353766
4.244364000,-1.157117770
4.244711900,-1.157881775
4.245059800,-1.158645779
4.245407700,-1.159409783
4.245755600,-1.160173787
4.246103500,-1.156937791
4.246451400,-1.157701795
4.246799300,-1.158465799
4.247147200,-1.159229803
4.247495100,-1.159993807
4.247843000,-1.160757811
4.248190900,-1.161521815
4.248538800,-1.158285820
4.248886700,-1.159049824
4.249234600,-1.159813828
4.249582500,-1.160577832
4.249930400,-1.161341836
4.250278300,-1.162105840
4.250626200,-1.158869844
4.250974100,-1.159633848
4.251322000,-1.160397852
4.251669900,-1.161161856
4.252017800,-1.161925861
4.252365700,-1.162689865
4.252713600,-1.163453869
4.253061500,-1.160217873
4.253409400,-1.160981877
4.253757300,-1.165745881
4.254105200,-1.162509885
4.254453100,-1.163273889
4.254801000,-1.164037893
4.255148900,-1.164801897
4.255496800,-1.161565901
4.255844700,-1.162329906
4.256192600,-1.167093910
4.256540500,-1.163857914
4.256888400,-1.164621918
4.257236300,-1.165385922
4.257584200,-1.162149926
4.257932100,-1.162913930
4.258280000,-1.163677934
4.258627900,-1.168441938
4.258975800,-1.165205942
4.259323700,-1.165969947
4.259671600,-1.166733951
4.260019500,-1.163497955
4.260367400,-1.164261959
4.260715300,-1.165025963
4.261063200,-1.165789967
4.261411100,-1.166553971
4.261759000,-1.167317975
4.262106900,-1.168081979
4.262454800,-1.164845983
4.262802700,-1.165609987
4.263150600,-1.166373992
4.263498500,-1.167137996
4.263846400,-1.167902000
4.264194300,-1.168666004
4.264542200,-1.165430008
4.264890100,-1.166194012
4.265238000,-1.166958016
4.265585900,-1.167722020
4.265933800,-1.164486024
4.266281700,-1.169250028
4.266629600,-1.170014033
4.266977500,-1.166778037
4.267325400,-1.167542041
4.267673300,-1.168306045
4.268021200,-1.165070049
4.268369100,-1.169834053
4.268716900,-1.170596688
4.269064800,-1.167360692
4.269412700,-1.168124696
4.269760600,-1.168888700
4.270108500,-1.169652704
4.270456400,-1.170416708
4.270804300,-1.171180712
4.271152200,-1.171944716
4.271500100,-1.168708720
4.271848000,-1.169472725
4.272195900,-1.170236729
4.272543800,-1.171000733
4.272891700,-1.171764737
4.273239600,-1.172528741
4.273587500,-1.173292745
4.273935400,-1.174056749
4.274283300,-1.174820753
4.274631200,-1.175584757
4.274979100,-1.172348761
4.275327000,-1.173112766
4.275674900,-1.177876770
4.276022800,-1.174640774
4.276370700,-1.175404778
4.276718600,-1.176168782
4.277066500,-1.176932786
4.277414400,-1.177696790
4.277762300,-1.178460794
4.278110200,-1.179224798
4.278458100,-1.175988802
4.278806000,-1.180752806
4.279153900,-1.181516811
4.279501800,-1.178280815
4.279849700,-1.179044819
4.280197600,-1.179808823
4.280545500,-1.184572827
4.280893400,-1.181336831
4.281241300,-1.182100835
4.281589200,-1.182864839
4.281937100,-1.183628843
4.282285000,-1.184392847
4.282632900,-1.185156852
4.282980800,-1.181920856
4.283328700,-1.182684860
4.283676600,-1.183448864
4.284024500,-1.184212868
4.284372400,-1.184976872
4.284720300,-1.185740876
4.285068200,-1.186504880
4.285416100,-1.187268884
4.285764000,-1.188032888
4.286111900,-1.188796892
4.286459800,-1.185560897
4.286807700,-1.186324901
4.287155600,-1.187088905
4.287503500,-1.187852909
4.287851400,-1.188616913
4.288199300,-1.189380917
4.288547200,-1.190144921
4.288895100,-1.190908925
4.289243000,-1.191672929
4.289590900,-1.192436933
4.289938800,-1.189200938
4.290286700,-1.189964942
4.290634600,-1.194728946
4.290982500,-1.191492950
4.291330400,-1.192256954
4.291678300,-1.193020958
4.292026200,-1.197784962
4.292374100,-1.194548966
4.292722000,-1.195312970
4.293069900,-1.196076974
4.293417800,-1.196840978
4.293765700,-1.197604983
4.294113600,-1.198368987
4.294461500,-1.199132991
4.294809400,-1.199896995
4.295157300,-1.200660999
4.295505100,-1.201423634
4.295853000,-1.202187638
4.296200900,-1.202951642
4.296548800,-1.203715646
4.296896700,-1.204479650
4.297244600,-1.205243654
4.297592500,-1.206007658
4.297940400,-1.206771662
4.298288300,-1.207535666
4.298636200,-1.212299671
4.298984100,-1.213063675
4.299332000,-1.213827679
4.299679900,-1.214591683
4.300027800,-1.215355687
4.300375700,-1.216119691
4.300723600,-1.216883695
4.301071500,-1.221647699
4.301419400,-1.218411703
4.301767300,-1.223175707
4.302115200,-1.223939711
4.302463100,-1.224703716
4.302811000,-1.225467720
4.303158900,-1.226231724
4.303506800,-1.230995728
4.303854700,-1.231759732
4.304202600,-1.232523736
4.304550500,-1.233287740
4.304898400,-1.234051744
4.305246300,-1.234815748
4.305594200,-1.239579752
4.305942100,-1.240343757
4.306290000,-1.241107761
4.306637900,-1.241871765
4.306985800,-1.246635769
4.307333700,-1.243399773
4.307681600,-1.248163777
4.308029500,-1.248927781
4.308377400,-1.249691785
4.308725300,-1.250455789
4.309073200,-1.255219793
4.309421100,-1.255983797
4.309769000,-1.256747802
4.310116900,-1.257511806
4.310464800,-1.262275810
4.310812700,-1.259039814
4.311160600,-1.263803818
4.311508500,-1.264567822
4.311856400,-1.265331826
4.312204300,-1.266095830
4.312552200,-1.270859834
4.312900100,-1.271623838
4.313248000,-1.272387843
4.313595900,-1.273151847
4.313943800,-1.277915851
4.314291700,-1.274679855
4.314639600,-1.279443859
4.314987500,-1.280207863
4.315335400,-1.280971867
4.315683300,-1.281735871
4.316031200,-1.286499875
4.316379100,-1.287263879
4.316727000,-1.288027883
4.317074900,-1.288791888
4.317422800,-1.289555892
4.317770700,-1.290319896
4.318118600,-1.295083900
4.318466500,-1.295847904
4.318814400,-1.296611908
4.319162300,-1.297375912
4.319510200,-1.302139916
4.319858100,-1.302903920
4.320206000,-1.303667924
4.320553900,-1.308431929
4.320901800,-1.305195933
4.321249700,-1.309959937
4.321597600,-1.310723941
4.321945400,-1.315486576
4.322293300,-1.312250580
4.322641200,-1.317014584
4.322989100,-1.317778588
4.323337000,-1.318542592
4.323684900,-1.323306596
4.324032800,-1.324070600
4.324380700,-1.324834604
4.324728600,-1.329598608
4.325076500,-1.330362612
4.325424400,-1.335126616
4.325772300,-1.331890621
4.326120200,-1.336654625
4.326468100,-1.337418629
4.326816000,-1.338182633
4.327163900,-1.342946637
4.327511800,-1.343710641
4.327859700,-1.344474645
4.328207600,-1.349238649
4.328555500,-1.350002653
4.328903400,-1.354766657
4.329251300,-1.355530662
4.329599200,-1.356294666
4.329947100,-1.361058670
4.330295000,-1.361822674
4.330642900,-1.362586678
4.330990800,-1.367350682
4.331338700,-1.368114686
4.331686600,-1.368878690
4.332034500,-1.373642694
4.332382400,-1.374406698
4.332730300,-1.375170702
4.333078200,-1.379934707
4.333426100,-1.380698711
4.333774000,-1.381462715
4.334121900,-1.386226719
4.334469800,-1.386990723
4.334817700,-1.387754727
4.335165600,-1.392518731
4.335513500,-1.393282735
4.335861400,-1.394046739
4.336209300,-1.398810743
4.336557200,-1.399574748
4.336905100,-1.404338752
4.337253000,-1.405102756
4.337600900,-1.405866760
4.337948800,-1.410630764
4.338296700,-1.407394768
4.338644600,-1.412158772
4.338992500,-1.412922776
4.339340400,-1.413686780
4.339688300,-1.418450784
4.340036200,-1.419214788
4.340384100,-1.419978793
4.340732000,-1.420742797
4.341079900,-1.425506801
4.341427800,-1.426270805
4.341775700,-1.427034809
4.342123600,-1.427798813
4.342471500,-1.432562817
4.342819400,-1.429326821
4.343167300,-1.434090825
4.343515200,-1.434854829
4.343863100,-1.435618834
4.344211000,-1.436382838
4.344558900,-1.437146842
4.344906800,-1.441910846
4.345254700,-1.438674850
4.345602600,-1.443438854
4.345950500,-1.444202858
4.346298400,-1.444966862
4.346646300,-1.445730866
4.346994200,-1.446494870
4.347342100,-1.447258874
4.347690000,-1.448022879
4.348037900,-1.448786883
4.348385800,-1.453550887
4.348733600,-1.450313521
4.349081500,-1.451077526
4.349429400,-1.455841530
4.349777300,-1.452605534
4.350125200,-1.453369538
4.350473100,-1.458133542
4.350821000,-1.454897546
4.351168900,-1.455661550
4.351516800,-1.460425554
4.351864700,-1.461189558
4.352212600,-1.457953562
4.352560500,-1.462717567
4.352908400,-1.463481571
4.353256300,-1.460245575
4.353604200,-1.461009579
4.353952100,-1.465773583
4.354300000,-1.462537587
4.354647900,-1.463301591
4.354995800,-1.468065595
4.355343700,-1.468829599
4.355691600,-1.465593603
4.356039500,-1.466357607
4.356387400,-1.471121612
4.356735300,-1.467885616
4.357083200,-1.468649620
4.357431100,-1.469413624
4.357779000,-1.470177628
4.358126900,-1.470941632
4.358474800,-1.471705636
4.358822700,-1.472469640
4.359170600,-1.473233644
4.359518500,-1.473997648
4.359866400,-1.474761653
4.360214300,-1.471525657
4.360562200,-1.476289661
4.360910100,-1.477053665
4.361258000,-1.473817669
4.361605900,-1.474581673
4.361953800,-1.475345677
4.362301700,-1.480109681
4.362649600,-1.476873685
4.362997500,-1.477637689
4.363345400,-1.478401693
4.363693300,-1.479165698
4.364041200,-1.479929702
4.364389100,-1.480693706
4.364737000,-1.477457710
4.365084900,-1.478221714
4.365432800,-1.482985718
4.365780700,-1.479749722
4.366128600,-1.480513726
4.366476500,-1.481277730
4.366824400,-1.482041734
4.367172300,-1.482805739
4.367520200,-1.483569743
4.367868100,-1.484333747
4.368216000,-1.481097751
4.368563900,-1.481861755
4.368911800,-1.482625759
4.369259700,-1.483389763
4.369607600,-1.484153767
4.369955500,-1.484917771
4.370303400,-1.485681775
4.370651300,-1.482445779
4.370999200,-1.483209784
4.371347100,-1.483973788
4.371695000,-1.480737792
4.372042900,-1.485501796
4.372390800,-1.486265800
4.372738700,-1.483029804
4.373086600,-1.483793808
4.373434500,-1.484557812
4.373782400,-1.485321816
4.374130300,-1.482085820
4.374478200,-1.482849825
4.374826100,-1.483613829
4.375173900,-1.480376463
4.375521800,-1.481140467
4.375869700,-1.481904472
4.376217600,-1.478668476
4.376565500,-1.479432480
4.376913400,-1.480196484
4.377261300,-1.480960488
4.377609200,-1.477724492
4.377957100,-1.478488496
4.378305000,-1.479252500
4.378652900,-1.476016504
4.379000800,-1.476780508
4.379348700,-1.477544512
4.379696600,-1.470308517
4.380044500,-1.471072521
4.380392400,-1.471836525
4.380740300,-1.472600529
4.381088200,-1.469364533
4.381436100,-1.470128537
4.381784000,-1.470892541
4.382131900,-1.467656545
4.382479800,-1.464420549
4.382827700,-1.465184553
4.383175600,-1.461948558
4.383523500,-1.462712562
4.383871400,-1.463476566
4.384219300,-1.456240570
4.384567200,-1.457004574
4.384915100,-1.457768578
4.385263000,-1.458532582
4.385610900,-1.451296586
4.385958800,-1.452060590
4.386306700,-1.452824594
4.386654600,-1.449588598
4.387002500,-1.446352603
4.387350400,-1.447116607
4.387698300,-1.443880611
4.388046200,-1.444644615
4.388394100,-1.441408619
4.388742000,-1.442172623
4.389089900,-1.438936627
4.389437800,-1.435700631
4.389785700,-1.436464635
4.390133600,-1.433228639
4.390481500,-1.433992644
4.390829400,-1.430756648
4.391177300,-1.427520652
4.391525200,-1.428284656
4.391873100,-1.425048660
4.392221000,-1.425812664
4.392568900,-1.422576668
4.392916800,-1.419340672
4.393264700,-1.420104676
4.393612600,-1.416868680
4.393960500,-1.413632684
4.394308400,-1.414396689
4.394656300,-1.411160693
4.395004200,-1.407924697
4.395352100,-1.408688701
4.395700000,-1.409452705
4.396047900,-1.402216709
4.396395800,-1.402980713
4.396743700,-1.403744717
4.397091600,-1.400508721
4.397439500,-1.397272725
4.397787400,-1.398036730
4.398135300,-1.394800734
4.398483200,-1.391564738
4.398831100,-1.392328742
4.399179000,-1.389092746
4.399526900,-1.385856750
4.399874800,-1.386620754
4.400222700,-1.387384758
4.400570600,-1.384148762
4.400918500,-1.380912766
4.401266400,-1.381676770
4.401614200,-1.378439405
4.401962100,-1.379203409
4.402310000,-1.375967413
4.402657900,-1.372731417
4.403005800,-1.373495422
4.403353700,-1.374259426
4.403701600,-1.371023430
4.404049500,-1.367787434
4.404397400,-1.368551438
4.404745300,-1.369315442
4.405093200,-1.362079446
4.405441100,-1.362843450
4.405789000,-1.363607454
4.406136900,-1.356371458
4.406484800,-1.357135463
4.406832700,-1.357899467
4.407180600,-1.358663471
4.407528500,-1.351427475
4.407876400,-1.352191479
4.408224300,-1.352955483
4.408572200,-1.345719487
4.408920100,-1.346483491
4.409268000,-1.347247495
4.409615900,-1.340011499
4.409963800,-1.340775503
4.410311700,-1.341539508
4.410659600,-1.338303512
4.411007500,-1.335067516
4.411355400,-1.331831520
4.411703300,-1.332595524
4.412051200,-1.325359528
4.412399100,-1.326123532
4.412747000,-1.326887536
4.413094900,-1.319651540
4.413442800,-1.320415544
4.413790700,-1.317179549
4.414138600,-1.309943553
4.414486500,-1.310707557
4.414834400,-1.311471561
4.415182300,-1.308235565
4.415530200,-1.300999569
4.415878100,-1.301763573
4.416226000,-1.298527577
4.416573900,-1.291291581
4.416921800,-1.292055585
4.417269700,-1.288819589
4.417617600,-1.281583594
4.417965500,-1.282347598
4.418313400,-1.279111602
4.418661300,-1.275875606
4.419009200,-1.268639610
4.419357100,-1.269403614
4.419705000,-1.266167618
4.420052900,-1.258931622
4.420400800,-1.255695626
4.420748700,-1.252459630
4.421096600,-1.245223635
4.421444500,-1.241987639
4.421792400,-1.238751643
4.422140300,-1.239515647
4.422488200,-1.228279651
4.422836100,-1.225043655
4.423184000,-1.221807659
4.423531900,-1.214571663
4.423879800,-1.211335667
4.424227700,-1.208099671
4.424575600,-1.196863675
4.424923500,-1.193627680
4.425271400,-1.190391684
4.425619300,-1.187155688
4.425967200,-1.175919692
4.426315100,-1.172683696
4.426663000,-1.169447700
4.427010900,-1.158211704
4.427358800,-1.154975708
4.427706700,-1.151739712
4.428054600,-1.140503716
4.428402400,-1.137266351
4.428750300,-1.134030355
4.429098200,-1.130794359
4.429446100,-1.115558363
4.429794000,-1.112322368
4.430141900,-1.109086372
4.430489800,-1.093850376
4.430837700,-1.090614380
4.431185600,-1.087378384
4.431533500,-1.072142388
4.431881400,-1.068906392
4.432229300,-1.065670396
4.432577200,-1.050434400
4.432925100,-1.047198404
4.433273000,-1.043962408
4.433620900,-1.036726413
4.433968800,-1.025490417
4.434316700,-1.018254421
4.434664600,-1.015018425
4.435012500,-0.999782429
4.435360400,-0.996546433
4.435708300,-0.989310437
4.436056200,-0.974074441
4.436404100,-0.970838445
4.436752000,-0.967602449
4.437099900,-0.960366454
4.437447800,-0.945130458
4.437795700,-0.941894462
4.438143600,-0.934658466
4.438491500,-0.919422470
4.438839400,-0.916186474
4.439187300,-0.908950478
4.439535200,-0.893714482
4.439883100,-0.890478486
4.440231000,-0.883242490
4.440578900,-0.880006494
4.440926800,-0.864770499
4.441274700,-0.857534503
4.441622600,-0.854298507
4.441970500,-0.839062511
4.442318400,-0.831826515
4.442666300,-0.828590519
4.443014200,-0.813354523
4.443362100,-0.806118527
4.443710000,-0.802882531
4.444057900,-0.795646535
4.444405800,-0.780410540
4.444753700,-0.777174544
4.445101600,-0.769938548
4.445449500,-0.754702552
4.445797400,-0.751466556
4.446145300,-0.744230560
4.446493200,-0.728994564
4.446841100,-0.725758568
4.447189000,-0.718522572
4.447536900,-0.703286576
4.447884800,-0.700050580
4.448232700,-0.692814585
4.448580600,-0.689578589
4.448928500,-0.674342593
4.449276400,-0.671106597
4.449624300,-0.663870601
4.449972200,-0.652634605
4.450320100,-0.645398609
4.450668000,-0.642162613
4.451015900,-0.626926617
4.451363800,-0.623690621
4.451711700,-0.620454625
4.452059600,-0.613218630
4.452407500,-0.601982634
4.452755400,-0.594746638
4.453103300,-0.591510642
4.453451200,-0.580274646
4.453799100,-0.573038650
4.454147000,-0.569802654
4.454494900,-0.558566658
4.454842700,-0.555329293
4.455190600,-0.548093297
4.455538500,-0.544857301
4.455886400,-0.533621305
4.456234300,-0.530385309
4.456582200,-0.527149313
4.456930100,-0.511913318
4.457278000,-0.508677322
4.457625900,-0.505441326
4.457973800,-0.494205330
4.458321700,-0.490969334
4.458669600,-0.487733338
4.459017500,-0.484497342
4.459365400,-0.473261346
4.459713300,-0.470025350
4.460061200,-0.466789354
4.460409100,-0.455553359
4.460757000,-0.452317363
4.461104900,-0.449081367
4.461452800,-0.437845371
4.461800700,-0.438609375
4.462148600,-0.435373379
4.462496500,-0.424137383
4.462844400,-0.420901387
4.463192300,-0.417665391
4.463540200,-0.414429395
4.463888100,-0.407193399
4.464236000,-0.403957404
4.464583900,-0.400721408
4.464931800,-0.393485412
4.465279700,-0.390249416
4.465627600,-0.387013420
4.465975500,-0.379777424
4.466323400,-0.376541428
4.466671300,-0.373305432
4.467019200,-0.374069436
4.467367100,-0.362833440
4.467715000,-0.363597445
4.468062900,-0.360361449
4.468410800,-0.353125453
4.468758700,-0.349889457
4.469106600,-0.350653461
4.469454500,-0.339417465
4.469802400,-0.340181469
4.470150300,-0.336945473
4.470498200,-0.337709477
4.470846100,-0.326473481
4.471194000,-0.327237485
4.471541900,-0.324001490
4.471889800,-0.316765494
4.472237700,-0.317529498
4.472585600,-0.314293502
4.472933500,-0.307057506
4.473281400,-0.307821510
4.473629300,-0.304585514
4.473977200,-0.305349518
4.474325100,-0.298113522
4.474673000,-0.294877526
4.475020900,-0.295641530
4.475368800,-0.288405535
4.475716700,-0.285169539
4.476064600,-0.285933543
4.476412500,-0.278697547
4.476760400,-0.279461551
4.477108300,-0.276225555
4.477456200,-0.276989559
4.477804100,-0.269753563
4.478152000,-0.266517567
4.478499900,-0.267281571
4.478847800,-0.260045576
4.479195700,-0.260809580
4.479543600,-0.257573584
4.479891500,-0.254337588
4.480239400,-0.251101592
4.480587300,-0.251865596
4.480935200,-0.244629600
4.481283100,-0.245393604
4.481630900,-0.242156239
4.481978800,-0.242920243
4.482326700,-0.235684247
4.482674600,-0.236448251
4.483022500,-0.233212255
4.483370400,-0.229976259
4.483718300,-0.226740264
4.484066200,-0.227504268
4.484414100,-0.220268272
4.484762000,-0.221032276
4.485109900,-0.221796280
4.485457800,-0.218560284
4.485805700,-0.215324288
4.486153600,-0.212088292
4.486501500,-0.212852296
4.486849400,-0.205616300
4.487197300,-0.206380304
4.487545200,-0.207144309
4.487893100,-0.199908313
4.488241000,-0.200672317
4.488588900,-0.201436321
4.488936800,-0.198200325
4.489284700,-0.194964329
4.489632600,-0.191728333
4.489980500,-0.192492337
4.490328400,-0.189256341
4.490676300,-0.186020345
4.491024200,-0.186784350
4.491372100,-0.183548354
4.491720000,-0.180312358
4.492067900,-0.181076362
4.492415800,-0.181840366
4.492763700,-0.178604370
4.493111600,-0.175368374
4.493459500,-0.176132378
4.493807400,-0.172896382
4.494155300,-0.173660386
4.494503200,-0.170424390
4.494851100,-0.167188395
4.495199000,-0.167952399
4.495546900,-0.168716403
4.495894800,-0.161480407
4.496242700,-0.162244411
4.496590600,-0.163008415
4.496938500,-0.163772419
4.497286400,-0.160536423
4.497634300,-0.161300427
4.497982200,-0.162064431
4.498330100,-0.154828435
4.498678000,-0.155592440
4.499025900,-0.156356444
4.499373800,-0.153120448
4.499721700,-0.153884452
4.500069600,-0.154648456
4.500417500,-0.155412460
4.500765400,-0.152176464
4.501113300,-0.152940468
4.501461200,-0.153704472
4.501809100,-0.150468476
4.502157000,-0.151232481
4.502504900,-0.151996485
4.502852800,-0.148760489
4.503200700,-0.149524493
4.503548600,-0.150288497
4.503896500,-0.151052501
4.504244400,-0.147816505
4.504592300,-0.148580509
4.504940200,-0.149344513
4.505288100,-0.146108517
4.505636000,-0.146872521
4.505983900,-0.147636526
4.506331800,-0.144400530
4.506679700,-0.145164534
4.507027600,-0.149928538
4.507375500,-0.150692542
4.507723400,-0.147456546
4.508071200,-0.148219181
4.508419100,-0.148983185
4.508767000,-0.145747189
4.509114900,-0.146511193
4.509462800,-0.147275197
4.509810700,-0.148039201
4.510158600,-0.148803205
4.510506500,-0.149567209
4.510854400,-0.150331214
4.511202300,-0.147095218
4.511550200,-0.151859222
4.511898100,-0.152623226
4.512246000,-0.149387230
4.512593900,-0.150151234
4.512941800,-0.150915238
4.513289700,-0.151679242
4.513637600,-0.152443246
4.513985500,-0.153207250
4.514333400,-0.149971255
4.514681300,-0.150735259
4.515029200,-0.151499263
4.515377100,-0.156263267
4.515725000,-0.153027271
4.516072900,-0.153791275
4.516420800,-0.154555279
4.516768700,-0.155319283
4.517116600,-0.156083287
4.517464500,-0.156847291
4.517812400,-0.153611295
4.518160300,-0.154375300
4.518508200,-0.159139304
4.518856100,-0.159903308
4.519204000,-0.156667312
4.519551900,-0.157431316
4.519899800,-0.158195320
4.520247700,-0.158959324
4.520595600,-0.159723328
4.520943500,-0.160487332
4.521291400,-0.157251336
4.521639300,-0.158015340
4.521987200,-0.162779345
4.522335100,-0.163543349
4.522683000,-0.160307353
4.523030900,-0.161071357
4.523378800,-0.161835361
4.523726700,-0.162599365
4.524074600,-0.163363369
4.524422500,-0.164127373
4.524770400,-0.160891377
4.525118300,-0.165655381
4.525466200,-0.166419386
4.525814100,-0.167183390
4.526162000,-0.163947394
4.526509900,-0.164711398
4.526857800,-0.169475402
4.527205700,-0.166239406
4.527553600,-0.167003410
4.527901500,-0.167767414
4.528249400,-0.164531418
4.528597300,-0.169295422
4.528945200,-0.170059426
4.529293100,-0.166823431
4.529641000,-0.167587435
4.529988900,-0.168351439
4.530336800,-0.173115443
4.530684700,-0.169879447
4.531032600,-0.170643451
4.531380500,-0.171407455
4.531728400,-0.172171459
4.532076300,-0.172935463
4.532424200,-0.173699467
4.532772100,-0.170463472
4.533120000,-0.171227476
4.533467900,-0.171991480
4.533815800,-0.176755484
4.534163700,-0.173519488
4.534511600,-0.174283492
4.534859400,-0.175046127
4.535207300,-0.175810131
4.535555200,-0.176574135
4.535903100,-0.177338139
4.536251000,-0.174102143
4.536598900,-0.174866147
4.536946800,-0.179630151
4.537294700,-0.180394155
4.537642600,-0.177158160
4.537990500,-0.177922164
4.538338400,-0.178686168
4.538686300,-0.179450172
4.539034200,-0.180214176
4.539382100,-0.180978180
4.539730000,-0.177742184
4.540077900,-0.182506188
4.540425800,-0.183270192
4.540773700,-0.184034196
4.541121600,-0.180798200
4.541469500,-0.181562205
4.541817400,-0.186326209
4.542165300,-0.183090213
4.542513200,-0.183854217
4.542861100,-0.184618221
4.543209000,-0.185382225
4.543556900,-0.186146229
4.543904800,-0.186910233
4.544252700,-0.183674237
4.544600600,-0.184438241
4.544948500,-0.189202245
4.545296400,-0.189966250
4.545644300,-0.186730254
4.545992200,-0.187494258
4.546340100,-0.188258262
4.546688000,-0.189022266
4.547035900,-0.189786270
4.547383800,-0.190550274
4.547731700,-0.191314278
4.548079600,-0.192078282
4.548427500,-0.192842286
4.548775400,-0.193606291
4.549123300,-0.194370295
4.549471200,-0.195134299
4.549819100,-0.195898303
4.550167000,-0.196662307
4.550514900,-0.197426311
4.550862800,-0.198190315
4.551210700,-0.194954319
4.551558600,-0.199718323
4.551906500,-0.200482327
4.552254400,-0.201246331
4.552602300,-0.202010336
4.552950200,-0.202774340
4.553298100,-0.203538344
4.553646000,-0.200302348
4.553993900,-0.205066352
4.554341800,-0.205830356
4.554689700,-0.202594360
4.555037600,-0.207358364
4.555385500,-0.208122368
4.555733400,-0.208886372
4.556081300,-0.209650377
4.556429200,-0.210414381
4.556777100,-0.211178385
4.557125000,-0.211942389
4.557472900,-0.212706393
4.557820800,-0.213470397
4.558168700,-0.214234401
4.558516600,-0.214998405
4.558864500,-0.215762409
4.559212400,-0.216526413
4.559560300,-0.217290417
4.559908200,-0.218054422
4.560256100,-0.218818426
4.560604000,-0.219582430
4.560951900,-0.220346434
4.561299700,-0.221109069
4.561647600,-0.221873073
4.561995500,-0.222637077
4.562343400,-0.223401081
4.562691300,-0.220165085
4.563039200,-0.224929089
4.563387100,-0.225693093
4.563735000,-0.226457097
4.564082900,-0.227221101
4.564430800,-0.227985105
4.564778700,-0.228749110
4.565126600,-0.225513114
4.565474500,-0.230277118
4.565822400,-0.231041122
4.566170300,-0.227805126
4.566518200,-0.232569130
4.566866100,-0.233333134
4.567214000,-0.234097138
4.567561900,-0.230861142
4.567909800,-0.235625146
4.568257700,-0.236389150
4.568605600,-0.233153155
4.568953500,-0.237917159
4.569301400,-0.238681163
4.569649300,-0.235445167
4.569997200,-0.240209171
4.570345100,-0.240973175
4.570693000,-0.241737179
4.571040900,-0.242501183
4.571388800,-0.243265187
4.571736700,-0.244029191
4.572084600,-0.244793196
4.572432500,-0.245557200
4.572780400,-0.246321204
4.573128300,-0.247085208
4.573476200,-0.247849212
4.573824100,-0.248613216
4.574172000,-0.249377220
4.574519900,-0.250141224
4.574867800,-0.250905228
4.575215700,-0.251669232
4.575563600,-0.252433236
4.575911500,-0.253197241
4.576259400,-0.253961245
4.576607300,-0.254725249
4.576955200,-0.255489253
4.577303100,-0.256253257
4.577651000,-0.253017261
4.577998900,-0.257781265
4.578346800,-0.258545269
4.578694700,-0.259309273
4.579042600,-0.256073277
4.579390500,-0.256837282
4.579738400,-0.261601286
4.580086300,-0.258365290
4.580434200,-0.259129294
4.580782100,-0.259893298
4.581130000,-0.256657302
4.581477900,-0.257421306
4.581825800,-0.258185310
4.582173700,-0.258949314
4.582521600,-0.255713318
4.582869500,-0.256477322
4.583217400,-0.257241327
4.583565300,-0.250005331
4.583913200,-0.250769335
4.584261100,-0.251533339
4.584609000,-0.248297343
4.584956900,-0.245061347
4.585304800,-0.245825351
4.585652700,-0.246589355
4.586000600,-0.239353359
4.586348500,-0.240117363
4.586696400,-0.236881368
4.587044300,-0.229645372
4.587392200,-0.230409376
4.587740100,-0.227173380
4.588087900,-0.219936015
4.588435800,-0.216700019
4.588783700,-0.217464023
4.589131600,-0.214228027
4.589479500,-0.202992031
4.589827400,-0.203756035
4.590175300,-0.200520039
4.590523200,-0.189284043
4.590871100,-0.186048047
4.591219000,-0.182812051
4.591566900,-0.171576055
4.591914800,-0.168340060
4.592262700,-0.165104064
4.592610600,-0.161868068
4.592958500,-0.150632072
4.593306400,-0.147396076
4.593654300,-0.140160080
4.594002200,-0.128924084
4.594350100,-0.125688088
4.594698000,-0.118452092
4.595045900,-0.107216096
4.595393800,-0.099980101
4.595741700,-0.096744105
4.596089600,-0.081508109
4.596437500,-0.078272113
4.596785400,-0.071036117
4.597133300,-0.067800121
4.597481200,-0.048564125
4.597829100,-0.045328129
4.598177000,-0.038092133
4.598524900,-0.022856137
4.598872800,-0.015620141
4.599220700,-0.012384146
4.599568600,0.006851850
4.599916500,0.010087846
4.600264400,0.017323842
4.600612300,0.024559838
4.600960200,0.039795834
4.601308100,0.047031830
4.601656000,0.054267826
4.602003900,0.069503822
4.602351800,0.076739818
4.602699700,0.083975813
4.603047600,0.103211809
4.603395500,0.106447805
4.603743400,0.113683801
4.604091300,0.120919797
4.604439200,0.140155793
4.604787100,0.147391789
4.605135000,0.154627785
4.605482900,0.169863781
4.605830800,0.177099777
4.606178700,0.184335773
4.606526600,0.203571768
4.606874500,0.210807764
4.607222400,0.218043760
4.607570300,0.225279756
4.607918200,0.244515752
4.608266100,0.251751748
4.608614000,0.258987744
4.608961900,0.274223740
4.609309800,0.281459736
4.609657700,0.288695732
4.610005600,0.307931727
4.610353500,0.315167723
4.610701400,0.322403719
4.611049300,0.341639715
4.611397200,0.348875711
4.611745100,0.356111707
4.612093000,0.363347703
4.612440900,0.382583699
4.612788800,0.389819695
4.613136700,0.397055691
4.613484600,0.412291687
4.613832500,0.419527682
4.614180400,0.426763678
4.614528200,0.446001044
4.614876100,0.453237040
4.615224000,0.460473035
4.615571900,0.467709031
4.615919800,0.486945027
4.616267700,0.494181023
4.616615600,0.501417019
4.616963500,0.516653015
4.617311400,0.523889011
4.617659300,0.531125007
4.618007200,0.550361003
4.618355100,0.557596999
4.618703000,0.564832994
4.619050900,0.572068990
4.619398800,0.587304986
4.619746700,0.594540982
4.620094600,0.601776978
4.620442500,0.621012974
4.620790400,0.628248970
4.621138300,0.631484966
4.621486200,0.650720962
4.621834100,0.657956958
4.622182000,0.665192954
4.622529900,0.672428949
4.622877800,0.687664945
4.623225700,0.694900941
4.623573600,0.702136937
4.623921500,0.717372933
4.624269400,0.724608929
4.624617300,0.731844925
4.624965200,0.751080921
4.625313100,0.754316917
4.625661000,0.761552913
4.626008900,0.780788908
4.626356800,0.784024904
4.626704700,0.791260900
4.627052600,0.798496896
4.627400500,0.813732892
4.627748400,0.820968888
4.628096300,0.828204884
4.628444200,0.843440880
4.628792100,0.850676876
4.629140000,0.857912872
4.629487900,0.873148868
4.629835800,0.880384863
4.630183700,0.883620859
4.630531600,0.890856855
4.630879500,0.906092851
4.631227400,0.913328847
4.631575300,0.920564843
4.631923200,0.935800839
4.632271100,0.943036835
4.632619000,0.946272831
4.632966900,0.965508827
4.633314800,0.968744822
4.633662700,0.975980818
4.634010600,0.983216814
4.634358500,0.998452810
4.634706400,1.005688806
4.635054300,1.008924802
4.635402200,1.028160798
4.635750100,1.031396794
4.636098000,1.038632790
4.636445900,1.057868786
4.636793800,1.061104782
4.637141700,1.068340777
4.637489600,1.075576773
4.637837500,1.090812769
4.638185400,1.098048765
4.638533300,1.101284761
4.638881200,1.120520757
4.639229100,1.127756753
4.639577000,1.130992749
4.639924900,1.150228745
4.640272800,1.153464741
4.640620700,1.160700736
4.640968500,1.167938102
4.641316400,1.187174098
4.641664300,1.190410094
4.642012200,1.197646089
4.642360100,1.216882085
4.642708000,1.220118081
4.643055900,1.227354077
4.643403800,1.246590073
4.643751700,1.253826069
4.644099600,1.261062065
4.644447500,1.276298061
4.644795400,1.283534057
4.645143300,1.290770053
4.645491200,1.298006049
4.645839100,1.317242044
4.646187000,1.324478040
4.646534900,1.327714036
4.646882800,1.346950032
4.647230700,1.354186028
4.647578600,1.361422024
4.647926500,1.380658020
4.648274400,1.387894016
4.648622300,1.395130012
4.648970200,1.402366008
4.649318100,1.421602003
4.649666000,1.428837999
4.650013900,1.436073995
4.650361800,1.455309991
4.650709700,1.462545987
4.651057600,1.469781983
4.651405500,1.489017979
4.651753400,1.496253975
4.652101300,1.503489971
4.652449200,1.510725967
4.652797100,1.529961963
4.653145000,1.537197958
4.653492900,1.544433954
4.653840800,1.567669950
4.654188700,1.574905946
4.654536600,1.582141942
4.654884500,1.601377938
4.655232400,1.608613934
4.655580300,1.615849930
4.655928200,1.623085926
4.656276100,1.642321922
4.656624000,1.653557917
4.656971900,1.660793913
4.657319800,1.680029909
4.657667700,1.687265905
4.658015600,1.694501901
4.658363500,1.713737897
4.658711400,1.720973893
4.659059300,1.728209889
4.659407200,1.747445885
4.659755100,1.758681881
4.660103000,1.765917877
4.660450900,1.773153872
4.660798800,1.792389868
4.661146700,1.799625864
4.661494600,1.806861860
4.661842500,1.826097856
4.662190400,1.833333852
4.662538300,1.840569848
4.662886200,1.859805844
4.663234100,1.867041840
4.663582000,1.874277836
4.663929900,1.881513831
4.664277800,1.900749827
4.664625700,1.907985823
4.664973600,1.915221819
4.665321500,1.934457815
4.665669400,1.941693811
4.666017300,1.948929807
4.666365200,1.968165803
4.666713100,1.975401799
4.667061000,1.982637795
4.667408900,1.989873791
4.667756700,2.009111156
4.668104600,2.016347152
4.668452500,2.023583148
4.668800400,2.042819144
4.669148300,2.050055139
4.669496200,2.057291135
4.669844100,2.072527131
4.670192000,2.079763127
4.670539900,2.086999123
4.670887800,2.094235119
4.671235700,2.113471115
4.671583600,2.120707111
4.671931500,2.127943107
4.672279400,2.143179103
4.672627300,2.150415098
4.672975200,2.157651094
4.673323100,2.176887090
4.673671000,2.184123086
4.674018900,2.187359082
4.674366800,2.206595078
4.674714700,2.213831074
4.675062600,2.221067070
4.675410500,2.228303066
4.675758400,2.243539062
4.676106300,2.250775058
4.676454200,2.258011053
4.676802100,2.273247049
4.677150000,2.280483045
4.677497900,2.287719041
4.677845800,2.306955037
4.678193700,2.310191033
4.678541600,2.317427029
4.678889500,2.324663025
4.679237400,2.339899021
4.679585300,2.347135017
4.679933200,2.354371012
4.680281100,2.373607008
4.680629000,2.376843004
4.680976900,2.384079000
4.681324800,2.403314996
4.681672700,2.406550992
4.682020600,2.413786988
4.682368500,2.421022984
4.682716400,2.436258980
4.683064300,2.443494976
4.683412200,2.450730972
4.683760100,2.465966967
4.684108000,2.473202963
4.684455900,2.480438959
4.684803800,2.495674955
4.685151700,2.502910951
4.685499600,2.506146947
4.685847500,2.513382943
4.686195400,2.532618939
4.686543300,2.535854935
4.686891200,2.543090931
4.687239100,2.558326926
4.687587000,2.565562922
4.687934900,2.572798918
4.688282800,2.588034914
4.688630700,2.595270910
4.688978600,2.598506906
4.689326500,2.605742902
4.689674400,2.620978898
4.690022300,2.628214894
4.690370200,2.635450890
4.690718100,2.650686886
4.691066000,2.657922881
4.691413900,2.661158877
4.691761800,2.676394873
4.692109700,2.683630869
4.692457600,2.690866865
4.692805500,2.706102861
4.693153400,2.713338857
4.693501300,2.716574853
4.693849200,2.723810849
4.694197000,2.739048214
4.694544900,2.746284210
4.694892800,2.749520206
4.695240700,2.764756202
4.695588600,2.771992198
4.695936500,2.779228193
4.696284400,2.794464189
4.696632300,2.797700185
4.696980200,2.804936181
4.697328100,2.808172177
4.697676000,2.827408173
4.698023900,2.830644169
4.698371800,2.837880165
4.698719700,2.853116161
4.699067600,2.856352157
4.699415500,2.863588153
4.699763400,2.878824148
4.700111300,2.882060144
4.700459200,2.889296140
4.700807100,2.896532136
4.701155000,2.911768132
4.701502900,2.915004128
4.701850800,2.922240124
4.702198700,2.937476120
4.702546600,2.940712116
4.702894500,2.947948112
4.703242400,2.963184107
4.703590300,2.966420103
4.703938200,2.973656099
4.704286100,2.976892095
4.704634000,2.992128091
4.704981900,2.995364087
4.705329800,3.002600083
4.705677700,3.017836079
4.706025600,3.021072075
4.706373500,3.028308071
4.706721400,3.043544067
4.707069300,3.046780062
4.707417200,3.050016058
4.707765100,3.065252054
4.708113000,3.072488050
4.708460900,3.075724046
4.708808800,3.082960042
4.709156700,3.094196038
4.709504600,3.101432034
4.709852500,3.104668030
4.710200400,3.119904026
4.710548300,3.123140021
4.710896200,3.130376017
4.711244100,3.145612013
4.711592000,3.148848009
4.711939900,3.152084005
4.712287800,3.159320001
4.712635700,3.170555997
4.712983600,3.177791993
4.713331500,3.181027989
4.713679400,3.196263985
4.714027300,3.199499981
4.714375200,3.202735976
4.714723100,3.217971972
4.715071000,3.221207968
4.715418900,3.228443964
4.715766800,3.231679960
4.716114700,3.246915956
4.716462600,3.250151952
4.716810500,3.253387948
4.717158400,3.268623944
4.717506300,3.271859940
4.717854200,3.275095935
4.718202100,3.290331931
4.718550000,3.293567927
4.718897900,3.296803923
4.719245800,3.304039919
4.719593700,3.315275915
4.719941600,3.318511911
4.720289500,3.321747907
4.720637400,3.336983903
4.720985200,3.340221268
4.721333100,3.343457264
4.721681000,3.358693260
4.722028900,3.361929256
4.722376800,3.365165252
4.722724700,3.368401248
4.723072600,3.379637243
4.723420500,3.382873239
4.723768400,3.386109235
4.724116300,3.401345231
4.724464200,3.404581227
4.724812100,3.407817223
4.725160000,3.419053219
4.725507900,3.422289215
4.725855800,3.425525211
4.726203700,3.436761207
4.726551600,3.439997202
4.726899500,3.443233198
4.727247400,3.446469194
4.727595300,3.457705190
4.727943200,3.460941186
4.728291100,3.464177182
4.728639000,3.475413178
4.728986900,3.478649174
4.729334800,3.481885170
4.729682700,3.493121166
4.730030600,3.496357162
4.730378500,3.499593157
4.730726400,3.502829153
4.731074300,3.510065149
4.731422200,3.513301145
4.731770100,3.516537141
4.732118000,3.527773137
4.732465900,3.531009133
4.732813800,3.534245129
4.733161700,3.541481125
4.733509600,3.544717121
4.733857500,3.547953116
4.734205400,3.551189112
4.734553300,3.558425108
4.734901200,3.561661104
4.735249100,3.564897100
4.735597000,3.576133096
4.735944900,3.575369092
4.736292800,3.578605088
4.736640700,3.589841084
4.736988600,3.593077080
4.737336500,3.592313076
4.737684400,3.595549071
4.738032300,3.606785067
4.738380200,3.606021063
4.738728100,3.609257059
4.739076000,3.620493055
4.739423900,3.619729051
4.739771800,3.622965047
4.740119700,3.634201043
4.740467600,3.633437039
4.740815500,3.636673035
4.741163400,3.647909030
4.741511300,3.647145026
4.741859200,3.650381022
4.742207100,3.653617018
4.742555000,3.660853014
4.742902900,3.664089010
4.743250800,3.667325006
4.743598700,3.674561002
4.743946600,3.677796998
4.744294500,3.677032994
4.744642400,3.688268990
4.744990300,3.691504985
4.745338200,3.690740981
4.745686100,3.693976977
4.746034000,3.701212973
4.746381900,3.704448969
4.746729800,3.707684965
4.747077700,3.714920961
4.747425500,3.718158326
4.747773400,3.717394322
4.748121300,3.728630318
4.748469200,3.727866314
4.748817100,3.731102310
4.749165000,3.734338306
4.749512900,3.741574302
4.749860800,3.744810297
4.750208700,3.744046293
4.750556600,3.755282289
4.750904500,3.754518285
4.751252400,3.757754281
4.751600300,3.764990277
4.751948200,3.768226273
4.752296100,3.771462269
4.752644000,3.770698265
4.752991900,3.781934261
4.753339800,3.781170257
4.753687700,3.784406252
4.754035600,3.791642248
4.754383500,3.794878244
4.754731400,3.798114240
4.755079300,3.805350236
4.755427200,3.808586232
4.755775100,3.807822228
4.756123000,3.815058224
4.756470900,3.818294220
4.756818800,3.821530216
4.757166700,3.820766211
4.757514600,3.832002207
4.757862500,3.831238203
4.758210400,3.834474199
4.758558300,3.841710195
4.758906200,3.844946191
4.759254100,3.844182187
4.759602000,3.855418183
4.759949900,3.854654179
4.760297800,3.857890175
4.760645700,3.857126171
4.760993600,3.864362166
4.761341500,3.867598162
4.761689400,3.870834158
4.762037300,3.878070154
4.762385200,3.877306150
4.762733100,3.880542146
4.763081000,3.887778142
4.763428900,3.891014138
4.763776800,3.890250134
4.764124700,3.893486130
4.764472600,3.900722125
4.764820500,3.899958121
4.765168400,3.903194117
4.765516300,3.910430113
4.765864200,3.913666109
4.766212100,3.912902105
4.766560000,3.920138101
4.766907900,3.923374097
4.767255800,3.922610093
4.767603700,3.925846089
4.767951600,3.933082085
4.768299500,3.932318080
4.768647400,3.935554076
4.768995300,3.942790072
4.769343200,3.942026068
4.769691100,3.941262064
4.770039000,3.948498060
4.770386900,3.951734056
4.770734800,3.950970052
4.771082700,3.954206048
4.771430600,3.961442044
4.771778500,3.960678039
4.772126400,3.959914035
4.772474300,3.967150031
4.772822200,3.970386027
4.773170100,3.969622023
4.773518000,3.976858019
4.773865900,3.976094015
4.774213700,3.979331380
4.774561600,3.986567376
4.774909500,3.985803372
4.775257400,3.985039368
4.775605300,3.988275364
4.775953200,3.995511360
4.776301100,3.994747356
4.776649000,3.993983352
4.776996900,4.001219347
4.777344800,4.000455343
4.777692700,4.003691339
4.778040600,4.010927335
4.778388500,4.010163331
4.778736400,4.009399327
4.779084300,4.012635323
4.779432200,4.015871319
4.779780100,4.019107315
4.780128000,4.018343311
4.780475900,4.025579306
4.780823800,4.024815302
4.781171700,4.028051298
4.781519600,4.031287294
4.781867500,4.034523290
4.782215400,4.033759286
4.782563300,4.032995282
4.782911200,4.040231278
4.783259100,4.039467274
4.783607000,4.042703270
4.783954900,4.045939266
4.784302800,4.049175261
4.784650700,4.048411257
4.784998600,4.055647253
4.785346500,4.054883249
4.785694400,4.054119245
4.786042300,4.057355241
4.786390200,4.060591237
4.786738100,4.063827233
4.787086000,4.063063229
4.787433900,4.070299225
4.787781800,4.069535220
4.788129700,4.068771216
4.788477600,4.076007212
4.788825500,4.075243208
4.789173400,4.078479204
4.789521300,4.081715200
4.789869200,4.080951196
4.790217100,4.084187192
4.790565000,4.083423188
4.790912900,4.090659184
4.791260800,4.089895180
4.791608700,4.089131175
4.791956600,4.096367171
4.792304500,4.095603167
4.792652400,4.094839163
4.793000300,4.102075159
4.793348200,4.101311155
4.793696100,4.100547151
4.794044000,4.103783147
4.794391900,4.107019143
4.794739800,4.106255139
4.795087700,4.109491134
4.795435600,4.112727130
4.795783500,4.111963126
4.796131400,4.115199122
4.796479300,4.118435118
4.796827200,4.117671114
4.797175100,4.116907110
4.797523000,4.120143106
4.797870900,4.123379102
4.798218800,4.122615098
4.798566700,4.121851094
4.798914600,4.129087089
4.799262500,4.128323085
4.799610400,4.127559081
4.799958300,4.134795077
4.800306200,4.134031073
4.800654000,4.133268438
4.801001900,4.132504434
4.801349800,4.135740430
4.801697700,4.134976426
4.802045600,4.138212422
4.802393500,4.141448418
4.802741400,4.140684414
4.803089300,4.139920410
4.803437200,4.147156406
4.803785100,4.146392401
4.804133000,4.145628397
4.804480900,4.144864393
4.804828800,4.148100389
4.805176700,4.151336385
4.805524600,4.150572381
4.805872500,4.153808377
4.806220400,4.153044373
4.806568300,4.152280369
4.806916200,4.159516365
4.807264100,4.158752361
4.807612000,4.157988356
4.807959900,4.161224352
4.808307800,4.160460348
4.808655700,4.163696344
4.809003600,4.162932340
4.809351500,4.166168336
4.809699400,4.165404332
4.810047300,4.164640328
4.810395200,4.171876324
4.810743100,4.171112320
4.811091000,4.170348315
4.811438900,4.177584311
4.811786800,4.176820307
4.812134700,4.176056303
4.812482600,4.175292299
4.812830500,4.182528295
4.813178400,4.181764291
4.813526300,4.181000287
4.813874200,4.188236283
4.814222100,4.187472279
4.814570000,4.190708275
4.814917900,4.193944270
4.815265800,4.193180266
4.815613700,4.196416262
4.815961600,4.195652258
4.816309500,4.202888254
4.816657400,4.202124250
4.817005300,4.201360246
4.817353200,4.208596242
4.817701100,4.211832238
4.818049000,4.211068234
4.818396900,4.218304229
4.818744800,4.217540225
4.819092700,4.216776221
4.819440600,4.220012217
4.819788500,4.227248213
4.820136400,4.226484209
4.820484300,4.229720205
4.820832200,4.232956201
4.821180100,4.236192197
4.821528000,4.235428193
4.821875900,4.242664189
4.822223800,4.245900184
4.822571700,4.245136180
4.822919600,4.252372176
4.823267500,4.255608172
4.823615400,4.254844168
4.823963300,4.258080164
4.824311200,4.265316160
4.824659100,4.264552156
4.825007000,4.267788152
4.825354900,4.275024148
4.825702800,4.274260143
4.826050700,4.277496139
4.826398600,4.284732135
4.826746500,4.283968131
4.827094400,4.287204127
4.827442200,4.290441492
4.827790100,4.297677488
4.828138000,4.296913484
4.828485900,4.300149480
4.828833800,4.307385476
4.829181700,4.306621472
4.829529600,4.309857468
4.829877500,4.317093464
4.830225400,4.320329460
4.830573300,4.319565456
4.830921200,4.322801451
4.831269100,4.330037447
4.831617000,4.329273443
4.831964900,4.332509439
4.832312800,4.339745435
4.832660700,4.342981431
4.833008600,4.342217427
4.833356500,4.349453423
4.833704400,4.352689419
4.834052300,4.355925415
4.834400200,4.355161410
4.834748100,4.362397406
4.835096000,4.365633402
4.835443900,4.364869398
4.835791800,4.376105394
4.836139700,4.375341390
4.836487600,4.378577386
4.836835500,4.385813382
4.837183400,4.385049378
4.837531300,4.388285374
4.837879200,4.395521370
4.838227100,4.398757365
4.838575000,4.397993361
4.838922900,4.401229357
4.839270800,4.408465353
4.839618700,4.407701349
4.839966600,4.410937345
4.840314500,4.418173341
4.840662400,4.421409337
4.841010300,4.420645333
4.841358200,4.427881329
4.841706100,4.431117324
4.842054000,4.430353320
4.842401900,4.433589316
4.842749800,4.440825312
4.843097700,4.444061308
4.843445600,4.443297304
4.843793500,4.450533300
4.844141400,4.453769296
4.844489300,4.453005292
4.844837200,4.460241288
4.845185100,4.463477284
4.845533000,4.462713279
4.845880900,4.465949275
4.846228800,4.473185271
4.846576700,4.476421267
4.846924600,4.475657263
4.847272500,4.482893259
4.847620400,4.486129255
4.847968300,4.485365251
4.848316200,4.492601247
4.848664100,4.495837243
4.849012000,4.495073238
4.849359900,4.498309234
4.849707800,4.505545230
4.850055700,4.504781226
4.850403600,4.508017222
4.850751500,4.515253218
4.851099400,4.514489214
4.851447300,4.517725210
4.851795200,4.524961206
4.852143100,4.524197202
4.852491000,4.527433198
4.852838900,4.526669193
4.853186800,4.533905189
4.853534700,4.537141185
4.853882500,4.536378551
4.854230400,4.547614546
4.854578300,4.546850542
4.854926200,4.550086538
4.855274100,4.557322534
4.855622000,4.556558530
4.855969900,4.555794526
4.856317800,4.563030522
4.856665700,4.566266518
4.857013600,4.565502514
4.857361500,4.568738510
4.857709400,4.575974505
4.858057300,4.575210501
4.858405200,4.578446497
4.858753100,4.585682493
4.859101000,4.584918489
4.859448900,4.588154485
4.859796800,4.595390481
4.860144700,4.594626477
4.860492600,4.597862473
4.860840500,4.597098469
4.861188400,4.604334465
4.861536300,4.607570460
4.861884200,4.606806456
4.862232100,4.614042452
4.862580000,4.617278448
4.862927900,4.616514444
4.863275800,4.623750440
4.863623700,4.626986436
4.863971600,4.626222432
4.864319500,4.625458428
4.864667400,4.632694424
4.865015300,4.635930419
4.865363200,4.635166415
4.865711100,4.642402411
4.866059000,4.645638407
4.866406900,4.644874403
4.866754800,4.652110399
4.867102700,4.655346395
4.867450600,4.654582391
4.867798500,4.653818387
4.868146400,4.661054383
4.868494300,4.664290379
4.868842200,4.663526374
4.869190100,4.670762370
4.869538000,4.669998366
4.869885900,4.673234362
4.870233800,4.680470358
4.870581700,4.679706354
4.870929600,4.682942350
4.871277500,4.686178346
4.871625400,4.689414342
4.871973300,4.688650338
4.872321200,4.691886333
4.872669100,4.699122329
4.873017000,4.698358325
4.873364900,4.697594321
4.873712800,4.704830317
4.874060700,4.708066313
4.874408600,4.707302309
4.874756500,4.714538305
4.875104400,4.713774301
4.875452300,4.717010297
4.875800200,4.716246293
4.876148100,4.723482288
4.876496000,4.722718284
4.876843900,4.725954280
4.877191800,4.729190276
4.877539700,4.732426272
4.877887600,4.731662268
4.878235500,4.738898264
4.878583400,4.738134260
4.878931300,4.737370256
4.879279200,4.740606252
4.879627100,4.747842248
4.879975000,4.747078243
4.880322800,4.746315609
4.880670700,4.753551605
4.881018600,4.752787600
4.881366500,4.756023596
4.881714400,4.759259592
4.882062300,4.762495588
4.882410200,4.761731584
4.882758100,4.760967580
4.883106000,4.768203576
4.883453900,4.767439572
4.883801800,4.770675568
4.884149700,4.773911564
4.884497600,4.773147560
4.884845500,4.776383555
4.885193400,4.779619551
4.885541300,4.782855547
4.885889200,4.782091543
4.886237100,4.781327539
4.886585000,4.788563535
4.886932900,4.787799531
4.887280800,4.787035527
4.887628700,4.794271523
4.887976600,4.793507519
4.888324500,4.792743514
4.888672400,4.799979510
4.889020300,4.799215506
4.889368200,4.798451502
4.889716100,4.805687498
4.890064000,4.804923494
4.890411900,4.804159490
4.890759800,4.803395486
4.891107700,4.810631482
4.891455600,4.809867478
4.891803500,4.809103474
4.892151400,4.812339469
4.892499300,4.815575465
4.892847200,4.814811461
4.893195100,4.818047457
4.893543000,4.817283453
4.893890900,4.816519449
4.894238800,4.819755445
4.894586700,4.822991441
4.894934600,4.822227437
4.895282500,4.821463433
4.895630400,4.828699428
4.895978300,4.827935424
4.896326200,4.827171420
4.896674100,4.830407416
4.897022000,4.829643412
4.897369900,4.832879408
4.897717800,4.832115404
4.898065700,4.835351400
4.898413600,4.834587396
4.898761500,4.833823392
4.899109400,4.841059388
4.899457300,4.840295383
4.899805200,4.839531379
4.900153100,4.842767375
4.900501000,4.842003371
4.900848900,4.845239367
4.901196800,4.844475363
4.901544700,4.847711359
4.901892600,4.846947355
4.902240500,4.850183351
4.902588400,4.853419347
4.902936300,4.852655343
4.903284200,4.851891338
4.903632100,4.859127334
4.903980000,4.858363330
4.904327900,4.857599326
4.904675800,4.864835322
4.905023700,4.864071318
4.905371600,4.863307314
4.905719500,4.862543310
4.906067400,4.869779306
4.906415300,4.869015302
4.906763200,4.868251297
4.907111000,4.875488663
4.907458900,4.874724659
4.907806800,4.873960655
4.908154700,4.881196650
4.908502600,4.880432646
4.908850500,4.883668642
4.909198400,4.882904638
4.909546300,4.890140634
4.909894200,4.889376630
4.910242100,4.888612626
4.910590000,4.895848622
4.910937900,4.895084618
4.911285800,4.894320614
4.911633700,4.901556609
4.911981600,4.904792605
4.912329500,4.904028601
4.912677400,4.903264597
4.913025300,4.910500593
4.913373200,4.909736589
4.913721100,4.912972585
4.914069000,4.920208581
4.914416900,4.919444577
4.914764800,4.918680573
4.915112700,4.925916569
4.915460600,4.925152564
4.915808500,4.928388560
4.916156400,4.927624556
4.916504300,4.934860552
4.916852200,4.938096548
4.917200100,4.937332544
4.917548000,4.944568540
4.917895900,4.943804536
4.918243800,4.947040532
4.918591700,4.950276528
4.918939600,4.953512523
4.919287500,4.952748519
4.919635400,4.959984515
4.919983300,4.963220511
4.920331200,4.962456507
4.920679100,4.965692503
4.921027000,4.968928499
4.921374900,4.972164495
4.921722800,4.971400491
4.922070700,4.978636487
4.922418600,4.981872483
4.922766500,4.981108478
4.923114400,4.988344474
4.923462300,4.991580470
4.923810200,4.990816466
4.924158100,4.990052462
4.924506000,4.997288458
4.924853900,5.000524454
4.925201800,4.999760450
4.925549700,5.006996446
4.925897600,5.010232442
4.926245500,5.009468438
4.926593400,5.016704433
4.926941300,5.015940429
4.927289200,5.019176425
4.927637100,5.018412421
4.927985000,5.025648417
4.928332900,5.028884413
4.928680800,5.028120409
4.929028700,5.035356405
4.929376600,5.038592401
4.929724500,5.037828397
4.930072400,5.045064392
4.930420300,5.044300388
4.930768200,5.047536384
4.931116100,5.046772380
4.931464000,5.054008376
4.931811900,5.057244372
4.932159800,5.056480368
4.932507700,5.063716364
4.932855600,5.066952360
4.933203500,5.066188356
4.933551300,5.073425721
4.933899200,5.076661717
4.934247100,5.075897713
4.934595000,5.079133709
4.934942900,5.082369704
4.935290800,5.085605700
4.935638700,5.084841696
4.935986600,5.092077692
4.936334500,5.095313688
4.936682400,5.094549684
4.937030300,5.101785680
4.937378200,5.105021676
4.937726100,5.104257672
4.938074000,5.111493668
4.938421900,5.114729664
4.938769800,5.113965659
4.939117700,5.117201655
4.939465600,5.124437651
4.939813500,5.123673647
4.940161400,5.126909643
4.940509300,5.134145639
4.940857200,5.133381635
4.941205100,5.132617631
4.941553000,5.139853627
4.941900900,5.143089623
4.942248800,5.142325618
4.942596700,5.145561614
4.942944600,5.152797610
4.943292500,5.152033606
4.943640400,5.155269602
4.943988300,5.162505598
4.944336200,5.161741594
4.944684100,5.164977590
4.945032000,5.172213586
4.945379900,5.171449582
4.945727800,5.174685578
4.946075700,5.173921573
4.946423600,5.181157569
4.946771500,5.184393565
4.947119400,5.183629561
4.947467300,5.190865557
4.947815200,5.194101553
4.948163100,5.193337549
4.948511000,5.200573545
4.948858900,5.203809541
4.949206800,5.203045537
4.949554700,5.206281533
4.949902600,5.213517528
4.950250500,5.212753524
4.950598400,5.215989520
4.950946300,5.223225516
4.951294200,5.222461512
4.951642100,5.225697508
4.951990000,5.232933504
4.952337900,5.232169500
4.952685800,5.235405496
4.953033700,5.242641492
4.953381600,5.241877487
4.953729500,5.241113483
4.954077400,5.244349479
4.954425300,5.251585475
4.954773200,5.250821471
4.955121100,5.254057467
4.955469000,5.261293463
4.955816900,5.260529459
4.956164800,5.263765455
4.956512700,5.271001451
4.956860600,5.270237447
4.957208500,5.273473442
4.957556400,5.272709438
4.957904300,5.279945434
4.958252200,5.283181430
4.958600100,5.282417426
4.958948000,5.289653422
4.959295900,5.292889418
4.959643800,5.292125414
4.959991700,5.299361410
4.960339500,5.298598775
4.960687400,5.301834771
4.961035300,5.301070767
4.961383200,5.308306763
4.961731100,5.311542759
4.962079000,5.310778754
4.962426900,5.318014750
4.962774800,5.321250746
4.963122700,5.320486742
4.963470600,5.327722738
4.963818500,5.326958734
4.964166400,5.330194730
4.964514300,5.329430726
4.964862200,5.336666722
4.965210100,5.335902718
4.965558000,5.339138713
4.965905900,5.346374709
4.966253800,5.345610705
4.966601700,5.348846701
4.966949600,5.352082697
4.967297500,5.355318693
4.967645400,5.354554689
4.967993300,5.361790685
4.968341200,5.365026681
4.968689100,5.364262677
4.969037000,5.363498673
4.969384900,5.370734668
4.969732800,5.373970664
4.970080700,5.373206660
4.970428600,5.380442656
4.970776500,5.379678652
4.971124400,5.382914648
4.971472300,5.386150644
4.971820200,5.389386640
4.972168100,5.388622636
4.972516000,5.391858632
4.972863900,5.399094628
4.973211800,5.398330623
4.973559700,5.397566619
4.973907600,5.404802615
4.974255500,5.408038611
4.974603400,5.407274607
4.974951300,5.414510603
4.975299200,5.417746599
4.975647100,5.416982595
4.975995000,5.416218591
4.976342900,5.423454587
4.976690800,5.426690582
4.977038700,5.425926578
4.977386600,5.433162574
4.977734500,5.436398570
4.978082400,5.435634566
4.978430300,5.442870562
4.978778200,5.442106558
4.979126100,5.445342554
4.979474000,5.444578550
4.979821900,5.451814546
4.980169800,5.455050542
4.980517700,5.454286537
4.980865600,5.461522533
4.981213500,5.464758529
4.981561400,5.463994525
4.981909300,5.471230521
4.982257200,5.474466517
4.982605100,5.477702513
4.982953000,5.476938509
4.983300900,5.484174505
4.983648800,5.487410501
4.983996700,5.486646496
4.984344600,5.493882492
4.984692500,5.497118488
4.985040400,5.496354484
4.985388300,5.503590480
4.985736200,5.506826476
4.986084100,5.510062472
4.986432000,5.517298468
4.986779800,5.516535833
4.987127700,5.519771829
4.987475600,5.519007825
4.987823500,5.526243821
4.988171400,5.529479817
4.988519300,5.532715813
4.988867200,5.539951808
4.989215100,5.543187804
4.989563000,5.542423800
4.989910900,5.553659796
4.990258800,5.556895792
4.990606700,5.556131788
4.990954600,5.559367784
4.991302500,5.570603780
4.991650400,5.573839776
4.991998300,5.577075772
4.992346200,5.592311768
4.992694100,5.595547763
4.993042000,5.602783759
4.993389900,5.618019755
4.993737800,5.621255751
4.994085700,5.628491747
4.994433600,5.635727743
4.994781500,5.654963739
4.995129400,5.662199735
4.995477300,5.669435731
4.995825200,5.692671727
4.996173100,5.703907723
4.996521000,5.715143718
4.996868900,5.742379714
4.997216800,5.753615710
4.997564700,5.764851706
4.997912600,5.776087702
4.998260500,5.811323698
4.998608400,5.826559694
4.998956300,5.841795690
4.999304200,5.877031686
4.999652100,5.896267682
5.000000000,5.915503677
