x (mm),altura (µm)
0.000000000,-9.165237832
0.000203500,-9.161160684
0.000406900,-9.145083574
0.000610400,-9.141006426
0.000813800,-9.136929316
0.001017300,-9.124852168
0.001220700,-9.120775058
0.001424200,-9.116697910
0.001627600,-9.112620800
0.001831100,-9.100543652
0.002034500,-9.096466542
0.002238000,-9.092389395
0.002441400,-9.076312285
0.002644900,-9.072235137
0.002848300,-9.068158027
0.003051800,-9.056080879
0.003255200,-9.052003769
0.003458700,-9.047926621
0.003662100,-9.043849511
0.003865600,-9.031772363
0.004069000,-9.027695253
0.004272500,-9.023618105
0.004475900,-9.011540995
0.004679400,-9.007463847
0.004882800,-9.003386737
0.005086300,-8.991309589
0.005289700,-8.987232479
0.005493200,-8.983155331
0.005696600,-8.979078221
0.005900100,-8.967001073
0.006103500,-8.962923963
0.006307000,-8.962846815
0.006510400,-8.950769705
0.006713900,-8.946692557
0.006917300,-8.942615447
0.007120800,-8.930538299
0.007324200,-8.926461189
0.007527700,-8.922384041
0.007731100,-8.910306931
0.007934600,-8.906229783
0.008138000,-8.902152673
0.008341500,-8.898075525
0.008544900,-8.885998415
0.008748400,-8.881921267
0.008951800,-8.877844157
0.009155300,-8.865767009
0.009358700,-8.861689899
0.009562200,-8.857612751
0.009765600,-8.845535641
0.009969100,-8.841458493
0.010172500,-8.837381383
0.010376000,-8.833304235
0.010579400,-8.825227125
0.010782900,-8.821149978
0.010986300,-8.817072868
0.011189800,-8.804995720
0.011393200,-8.800918610
0.011596700,-8.796841462
0.011800100,-8.784764352
0.012003600,-8.780687204
0.012207000,-8.776610094
0.012410500,-8.772532946
0.012613900,-8.768455836
0.012817400,-8.764378688
0.013020800,-8.760301578
0.013224300,-8.748224430
0.013427700,-8.744147320
0.013631200,-8.740070172
0.013834600,-8.731993062
0.014038100,-8.727915914
0.014241500,-8.723838804
0.014445000,-8.719761656
0.014648400,-8.707684546
0.014851900,-8.707607398
0.015055300,-8.703530288
0.015258800,-8.691453140
0.015462200,-8.687376030
0.015665700,-8.683298882
0.015869100,-8.675221772
0.016072600,-8.671144624
0.016276000,-8.667067514
0.016479500,-8.654990366
0.016682900,-8.654913256
0.016886400,-8.650836108
0.017089800,-8.646758998
0.017293300,-8.634681850
0.017496700,-8.630604740
0.017700200,-8.630527592
0.017903600,-8.622450482
0.018107100,-8.618373334
0.018310500,-8.618296224
0.018514000,-8.606219076
0.018717400,-8.602141966
0.018920900,-8.598064819
0.019124300,-8.597987708
0.019327800,-8.585910561
0.019531300,-8.581833413
0.019734700,-8.577756303
0.019938200,-8.569679155
0.020141600,-8.565602045
0.020345100,-8.561524897
0.020548500,-8.553447787
0.020752000,-8.549370639
0.020955400,-8.545293529
0.021158900,-8.541216381
0.021362300,-8.533139271
0.021565800,-8.529062123
0.021769200,-8.524985013
0.021972700,-8.516907865
0.022176100,-8.516830755
0.022379600,-8.512753607
0.022583000,-8.504676497
0.022786500,-8.500599349
0.022989900,-8.496522239
0.023193400,-8.492445091
0.023396800,-8.484367981
0.023600300,-8.480290833
0.023803700,-8.476213723
0.024007200,-8.468136575
0.024210600,-8.464059465
0.024414100,-8.459982317
0.024617500,-8.451905207
0.024821000,-8.447828059
0.025024400,-8.443750949
0.025227900,-8.431673801
0.025431300,-8.431596691
0.025634800,-8.427519543
0.025838200,-8.423442433
0.026041700,-8.415365285
0.026245100,-8.415288175
0.026448600,-8.411211027
0.026652000,-8.399133917
0.026855500,-8.399056769
0.027058900,-8.394979659
0.027262400,-8.382902512
0.027465800,-8.378825402
0.027669300,-8.378748254
0.027872700,-8.374671144
0.028076200,-8.362593996
0.028279600,-8.358516886
0.028483100,-8.358439738
0.028686500,-8.346362628
0.028890000,-8.342285480
0.029093400,-8.342208370
0.029296900,-8.330131222
0.029500300,-8.326054112
0.029703800,-8.329976964
0.029907200,-8.325899854
0.030110700,-8.313822706
0.030314100,-8.313745596
0.030517600,-8.309668448
0.030721000,-8.297591338
0.030924500,-8.297514190
0.031127900,-8.293437080
0.031331400,-8.281359932
0.031534800,-8.281282822
0.031738300,-8.277205674
0.031941700,-8.273128564
0.032145200,-8.265051416
0.032348600,-8.260974306
0.032552100,-8.256897158
0.032755500,-8.248820048
0.032959000,-8.248742900
0.033162400,-8.244665790
0.033365900,-8.236588642
0.033569300,-8.232511532
0.033772800,-8.228434384
0.033976200,-8.224357274
0.034179700,-8.216280126
0.034383100,-8.212203016
0.034586600,-8.208125868
0.034790000,-8.200048758
0.034993500,-8.195971610
0.035196900,-8.195894500
0.035400400,-8.183817352
0.035603800,-8.179740242
0.035807300,-8.179663095
0.036010700,-8.171585985
0.036214200,-8.167508837
0.036417600,-8.167431727
0.036621100,-8.163354579
0.036824500,-8.151277469
0.037028000,-8.151200321
0.037231400,-8.147123211
0.037434900,-8.135046063
0.037638300,-8.134968953
0.037841800,-8.130891805
0.038045200,-8.118814695
0.038248700,-8.118737547
0.038452100,-8.114660437
0.038655600,-8.110583289
0.038859000,-8.106506179
0.039062500,-8.102429031
0.039266000,-8.098351883
0.039469400,-8.090274773
0.039672900,-8.086197625
0.039876300,-8.082120515
0.040079800,-8.074043367
0.040283200,-8.069966257
0.040486700,-8.065889109
0.040690100,-8.061811999
0.040893600,-8.053734851
0.041097000,-8.049657741
0.041300500,-8.045580593
0.041503900,-8.037503483
0.041707400,-8.037426335
0.041910800,-8.033349225
0.042114300,-8.025272077
0.042317700,-8.021194967
0.042521200,-8.017117819
0.042724600,-8.013040709
0.042928100,-8.004963561
0.043131500,-8.000886451
0.043335000,-7.996809303
0.043538400,-7.988732193
0.043741900,-7.984655046
0.043945300,-7.980577936
0.044148800,-7.972500788
0.044352200,-7.972423678
0.044555700,-7.968346530
0.044759100,-7.960269420
0.044962600,-7.956192272
0.045166000,-7.952115162
0.045369500,-7.952038014
0.045572900,-7.939960904
0.045776400,-7.939883756
0.045979800,-7.935806646
0.046183300,-7.923729498
0.046386700,-7.923652388
0.046590200,-7.919575240
0.046793600,-7.911498130
0.046997100,-7.911420982
0.047200500,-7.907343872
0.047404000,-7.903266724
0.047607400,-7.895189614
0.047810900,-7.891112466
0.048014300,-7.891035356
0.048217800,-7.878958208
0.048421200,-7.878881098
0.048624700,-7.874803950
0.048828100,-7.862726840
0.049031600,-7.862649692
0.049235000,-7.862572582
0.049438500,-7.858495434
0.049641900,-7.850418324
0.049845400,-7.850341176
0.050048800,-7.846264066
0.050252300,-7.838186918
0.050455700,-7.834109808
0.050659200,-7.830032660
0.050862600,-7.821955550
0.051066100,-7.817878402
0.051269500,-7.817801292
0.051473000,-7.817724144
0.051676400,-7.809647034
0.051879900,-7.805569886
0.052083300,-7.805492776
0.052286800,-7.797415629
0.052490200,-7.793338519
0.052693700,-7.789261371
0.052897100,-7.781184261
0.053100600,-7.781107113
0.053304000,-7.777030003
0.053507500,-7.776952855
0.053710900,-7.772875745
0.053914400,-7.768798597
0.054117800,-7.764721487
0.054321300,-7.756644339
0.054524700,-7.756567229
0.054728200,-7.752490081
0.054931600,-7.744412971
0.055135100,-7.744335823
0.055338500,-7.740258713
0.055542000,-7.732181565
0.055745400,-7.732104455
0.055948900,-7.732027307
0.056152300,-7.731950197
0.056355800,-7.723873049
0.056559200,-7.719795939
0.056762700,-7.719718791
0.056966100,-7.711641681
0.057169600,-7.707564533
0.057373000,-7.707487423
0.057576500,-7.699410275
0.057779900,-7.695333165
0.057983400,-7.699256017
0.058186800,-7.695178907
0.058390300,-7.687101759
0.058593800,-7.687024611
0.058797200,-7.682947501
0.059000700,-7.674870353
0.059204100,-7.674793243
0.059407600,-7.670716095
0.059611000,-7.662638985
0.059814500,-7.662561837
0.060017900,-7.658484727
0.060221400,-7.662407580
0.060424800,-7.654330470
0.060628300,-7.650253322
0.060831700,-7.650176212
0.061035200,-7.642099064
0.061238600,-7.638021954
0.061442100,-7.637944806
0.061645500,-7.629867696
0.061849000,-7.625790548
0.062052400,-7.629713438
0.062255900,-7.625636290
0.062459300,-7.617559180
0.062662800,-7.617482032
0.062866200,-7.613404922
0.063069700,-7.605327774
0.063273100,-7.605250664
0.063476600,-7.601173516
0.063680000,-7.593096406
0.063883500,-7.593019258
0.064086900,-7.592942148
0.064290400,-7.584865000
0.064493800,-7.580787890
0.064697300,-7.580710742
0.064900700,-7.576633632
0.065104200,-7.568556484
0.065307600,-7.568479374
0.065511100,-7.564402226
0.065714500,-7.556325116
0.065918000,-7.556247968
0.066121400,-7.556170858
0.066324900,-7.548093710
0.066528300,-7.544016600
0.066731800,-7.543939452
0.066935200,-7.539862342
0.067138700,-7.531785194
0.067342100,-7.527708084
0.067545600,-7.527630936
0.067749000,-7.523553826
0.067952500,-7.519476678
0.068155900,-7.515399568
0.068359400,-7.507322420
0.068562800,-7.507245310
0.068766300,-7.503168163
0.068969700,-7.499091053
0.069173200,-7.491013905
0.069376600,-7.490936795
0.069580100,-7.490859647
0.069783500,-7.482782537
0.069987000,-7.478705389
0.070190400,-7.474628279
0.070393900,-7.466551131
0.070597300,-7.466474021
0.070800800,-7.462396873
0.071004200,-7.458319763
0.071207700,-7.450242615
0.071411100,-7.454165505
0.071614600,-7.450088357
0.071818000,-7.442011247
0.072021500,-7.437934099
0.072224900,-7.437856989
0.072428400,-7.425779841
0.072631800,-7.425702731
0.072835300,-7.421625583
0.073038700,-7.413548473
0.073242200,-7.413471325
0.073445600,-7.413394215
0.073649100,-7.409317067
0.073852500,-7.401239957
0.074056000,-7.397162809
0.074259400,-7.397085699
0.074462900,-7.389008551
0.074666300,-7.384931441
0.074869800,-7.384854293
0.075073200,-7.376777183
0.075276700,-7.376700035
0.075480100,-7.372622925
0.075683600,-7.372545777
0.075887000,-7.360468667
0.076090500,-7.360391519
0.076293900,-7.356314409
0.076497400,-7.352237261
0.076700800,-7.352160151
0.076904300,-7.348083003
0.077107700,-7.340005893
0.077311200,-7.339928746
0.077514600,-7.335851636
0.077718100,-7.335774488
0.077921500,-7.327697378
0.078125000,-7.323620230
0.078328500,-7.327543082
0.078531900,-7.319465972
0.078735400,-7.315388824
0.078938800,-7.315311714
0.079142300,-7.307234566
0.079345700,-7.307157456
0.079549200,-7.303080308
0.079752600,-7.303003198
0.079956100,-7.298926050
0.080159500,-7.298848940
0.080363000,-7.294771792
0.080566400,-7.290694682
0.080769900,-7.286617534
0.080973300,-7.286540424
0.081176800,-7.278463276
0.081380200,-7.282386166
0.081583700,-7.282309018
0.081787100,-7.278231908
0.081990600,-7.274154760
0.082194000,-7.270077650
0.082397500,-7.270000502
0.082600900,-7.265923392
0.082804400,-7.261846244
0.083007800,-7.265769134
0.083211300,-7.261691986
0.083414700,-7.257614876
0.083618200,-7.257537728
0.083821600,-7.253460618
0.084025100,-7.249383470
0.084228500,-7.249306360
0.084432000,-7.249229212
0.084635400,-7.249152102
0.084838900,-7.249074954
0.085042300,-7.244997844
0.085245800,-7.240920697
0.085449200,-7.240843587
0.085652700,-7.240766439
0.085856100,-7.232689329
0.086059600,-7.236612181
0.086263000,-7.236535071
0.086466500,-7.236457923
0.086669900,-7.232380813
0.086873400,-7.232303665
0.087076800,-7.232226555
0.087280300,-7.228149407
0.087483700,-7.228072297
0.087687200,-7.227995149
0.087890600,-7.223918039
0.088094100,-7.223840891
0.088297500,-7.223763781
0.088501000,-7.223686633
0.088704400,-7.219609523
0.088907900,-7.219532375
0.089111300,-7.223455265
0.089314800,-7.219378117
0.089518200,-7.219301007
0.089721700,-7.219223859
0.089925100,-7.215146749
0.090128600,-7.215069601
0.090332000,-7.214992491
0.090535500,-7.218915343
0.090738900,-7.214838233
0.090942400,-7.214761085
0.091145800,-7.214683975
0.091349300,-7.210606827
0.091552700,-7.210529717
0.091756200,-7.210452569
0.091959600,-7.210375459
0.092163100,-7.210298311
0.092366500,-7.210221201
0.092570000,-7.206144053
0.092773400,-7.206066943
0.092976900,-7.205989795
0.093180300,-7.209912685
0.093383800,-7.209835537
0.093587200,-7.209758427
0.093790700,-7.209681280
0.093994100,-7.205604170
0.094197600,-7.205527022
0.094401000,-7.205449912
0.094604500,-7.201372764
0.094807900,-7.205295654
0.095011400,-7.205218506
0.095214800,-7.209141396
0.095418300,-7.205064248
0.095621700,-7.204987138
0.095825200,-7.204909990
0.096028600,-7.200832880
0.096232100,-7.204755732
0.096435500,-7.204678622
0.096639000,-7.200601474
0.096842400,-7.204524364
0.097045900,-7.204447216
0.097249300,-7.204370106
0.097452800,-7.200292958
0.097656200,-7.204215848
0.097859700,-7.204138700
0.098063200,-7.204061552
0.098266600,-7.203984442
0.098470100,-7.203907294
0.098673500,-7.199830184
0.098877000,-7.199753036
0.099080400,-7.203675926
0.099283900,-7.203598778
0.099487300,-7.203521668
0.099690800,-7.203444520
0.099894200,-7.203367410
0.100097700,-7.199290262
0.100301100,-7.203213152
0.100504600,-7.203136004
0.100708000,-7.203058894
0.100911500,-7.202981746
0.101114900,-7.202904636
0.101318400,-7.198827488
0.101521800,-7.198750378
0.101725300,-7.202673231
0.101928700,-7.202596120
0.102132200,-7.202518973
0.102335600,-7.202441863
0.102539100,-7.202364715
0.102742500,-7.198287605
0.102946000,-7.202210457
0.103149400,-7.202133347
0.103352900,-7.198056199
0.103556300,-7.197979089
0.103759800,-7.201901941
0.103963200,-7.201824831
0.104166700,-7.197747683
0.104370100,-7.201670573
0.104573600,-7.201593425
0.104777000,-7.197516315
0.104980500,-7.197439167
0.105183900,-7.197362057
0.105387400,-7.193284909
0.105590800,-7.197207799
0.105794300,-7.197130651
0.105997700,-7.197053541
0.106201200,-7.196976393
0.106404600,-7.196899283
0.106608100,-7.196822135
0.106811500,-7.196745025
0.107015000,-7.196667877
0.107218400,-7.196590767
0.107421900,-7.192513619
0.107625300,-7.192436509
0.107828800,-7.192359361
0.108032200,-7.192282251
0.108235700,-7.192205103
0.108439100,-7.192127993
0.108642600,-7.192050845
0.108846000,-7.187973735
0.109049500,-7.187896587
0.109252900,-7.187819477
0.109456400,-7.183742329
0.109659800,-7.183665219
0.109863300,-7.183588071
0.110066700,-7.183510961
0.110270200,-7.179433814
0.110473600,-7.179356704
0.110677100,-7.183279556
0.110880500,-7.179202446
0.111084000,-7.179125298
0.111287400,-7.179048188
0.111490900,-7.174971040
0.111694300,-7.174893930
0.111897800,-7.178816782
0.112101200,-7.170739672
0.112304700,-7.170662524
0.112508100,-7.170585414
0.112711600,-7.170508266
0.112915000,-7.166431156
0.113118500,-7.170354008
0.113321900,-7.170276898
0.113525400,-7.166199750
0.113728800,-7.162122640
0.113932300,-7.162045492
0.114135700,-7.157968382
0.114339200,-7.161891234
0.114542600,-7.161814124
0.114746100,-7.161736976
0.114949500,-7.153659866
0.115153000,-7.153582718
0.115356400,-7.153505608
0.115559900,-7.153428460
0.115763300,-7.153351350
0.115966800,-7.153274202
0.116170200,-7.145197092
0.116373700,-7.145119944
0.116577100,-7.145042834
0.116780600,-7.148965686
0.116984000,-7.144888576
0.117187500,-7.144811428
0.117391000,-7.140734280
0.117594400,-7.136657170
0.117797900,-7.140580022
0.118001300,-7.140502912
0.118204800,-7.132425765
0.118408200,-7.132348654
0.118611700,-7.132271507
0.118815100,-7.132194397
0.119018600,-7.132117249
0.119222000,-7.128040139
0.119425500,-7.127962991
0.119628900,-7.123885881
0.119832400,-7.123808733
0.120035800,-7.119731623
0.120239300,-7.119654475
0.120442700,-7.119577365
0.120646200,-7.119500217
0.120849600,-7.111423107
0.121053100,-7.111345959
0.121256500,-7.111268849
0.121460000,-7.115191701
0.121663400,-7.107114591
0.121866900,-7.107037443
0.122070300,-7.106960333
0.122273800,-7.098883185
0.122477200,-7.102806075
0.122680700,-7.102728927
0.122884100,-7.094651817
0.123087600,-7.094574669
0.123291000,-7.094497559
0.123494500,-7.090420411
0.123697900,-7.090343301
0.123901400,-7.086266153
0.124104800,-7.086189043
0.124308300,-7.082111895
0.124511700,-7.078034785
0.124715200,-7.081957637
0.124918600,-7.073880527
0.125122100,-7.073803379
0.125325500,-7.073726269
0.125529000,-7.069649121
0.125732400,-7.065572011
0.125935900,-7.065494863
0.126139300,-7.065417753
0.126342800,-7.057340605
0.126546200,-7.057263495
0.126749700,-7.057186348
0.126953100,-7.053109237
0.127156600,-7.053032090
0.127360000,-7.048954980
0.127563500,-7.048877832
0.127766900,-7.040800722
0.127970400,-7.040723574
0.128173800,-7.044646464
0.128377300,-7.036569316
0.128580700,-7.032492206
0.128784200,-7.032415058
0.128987600,-7.024337948
0.129191100,-7.028260800
0.129394500,-7.028183690
0.129598000,-7.024106542
0.129801400,-7.016029432
0.130004900,-7.015952284
0.130208300,-7.019875174
0.130411800,-7.011798026
0.130615200,-7.007720916
0.130818700,-7.007643768
0.131022100,-6.999566658
0.131225600,-6.999489510
0.131429000,-6.999412400
0.131632500,-6.995335252
0.131835900,-6.991258142
0.132039400,-6.991180994
0.132242800,-6.987103884
0.132446300,-6.987026736
0.132649700,-6.982949626
0.132853200,-6.982872478
0.133056600,-6.974795368
0.133260100,-6.974718220
0.133463500,-6.974641110
0.133667000,-6.970563962
0.133870400,-6.966486852
0.134073900,-6.966409704
0.134277300,-6.962332594
0.134480800,-6.962255446
0.134684200,-6.958178336
0.134887700,-6.958101188
0.135091100,-6.950024078
0.135294600,-6.949946931
0.135498000,-6.945869821
0.135701500,-6.941792673
0.135904900,-6.941715563
0.136108400,-6.941638415
0.136311800,-6.937561305
0.136515300,-6.933484157
0.136718700,-6.933407047
0.136922200,-6.933329899
0.137125700,-6.925252751
0.137329100,-6.925175641
0.137532600,-6.921098493
0.137736000,-6.921021383
0.137939500,-6.916944235
0.138142900,-6.916867125
0.138346400,-6.916789977
0.138549800,-6.908712867
0.138753300,-6.908635719
0.138956700,-6.908558609
0.139160200,-6.900481461
0.139363600,-6.900404351
0.139567100,-6.900327203
0.139770500,-6.896250093
0.139974000,-6.896172945
0.140177400,-6.892095835
0.140380900,-6.888018687
0.140584300,-6.887941577
0.140787800,-6.887864429
0.140991200,-6.887787319
0.141194700,-6.879710171
0.141398100,-6.879633061
0.141601600,-6.879555913
0.141805000,-6.875478803
0.142008500,-6.875401655
0.142211900,-6.875324545
0.142415400,-6.867247397
0.142618800,-6.867170287
0.142822300,-6.871093139
0.143025700,-6.867016029
0.143229200,-6.862938882
0.143432600,-6.862861771
0.143636100,-6.858784624
0.143839500,-6.858707514
0.144043000,-6.858630366
0.144246400,-6.854553256
0.144449900,-6.850476108
0.144653300,-6.850398998
0.144856800,-6.850321850
0.145060200,-6.850244740
0.145263700,-6.846167592
0.145467100,-6.846090482
0.145670600,-6.842013334
0.145874000,-6.841936224
0.146077500,-6.841859076
0.146280900,-6.841781966
0.146484400,-6.833704818
0.146687800,-6.837627708
0.146891300,-6.837550560
0.147094700,-6.837473450
0.147298200,-6.833396302
0.147501600,-6.829319192
0.147705100,-6.833242044
0.147908500,-6.829164934
0.148112000,-6.829087786
0.148315400,-6.829010676
0.148518900,-6.824933528
0.148722300,-6.828856418
0.148925800,-6.824779270
0.149129200,-6.820702160
0.149332700,-6.820625012
0.149536100,-6.820547902
0.149739600,-6.824470754
0.149943000,-6.820393644
0.150146500,-6.820316496
0.150349900,-6.820239386
0.150553400,-6.816162238
0.150756800,-6.820085128
0.150960300,-6.820007980
0.151163700,-6.811930870
0.151367200,-6.811853722
0.151570600,-6.815776612
0.151774100,-6.815699465
0.151977500,-6.811622355
0.152181000,-6.811545207
0.152384400,-6.811468097
0.152587900,-6.815390949
0.152791300,-6.815313839
0.152994800,-6.815236691
0.153198200,-6.811159581
0.153401700,-6.811082433
0.153605100,-6.815005323
0.153808600,-6.814928175
0.154012000,-6.810851065
0.154215500,-6.810773917
0.154418900,-6.814696807
0.154622400,-6.810619659
0.154825800,-6.814542549
0.155029300,-6.814465401
0.155232700,-6.810388291
0.155436200,-6.814311143
0.155639600,-6.814234033
0.155843100,-6.814156885
0.156046500,-6.814079775
0.156250000,-6.818002627
0.156453500,-6.817925479
0.156656900,-6.813848369
0.156860400,-6.813771221
0.157063800,-6.817694111
0.157267300,-6.817616963
0.157470700,-6.817539853
0.157674200,-6.817462705
0.157877600,-6.821385595
0.158081100,-6.817308447
0.158284500,-6.821231337
0.158488000,-6.825154189
0.158691400,-6.821077079
0.158894900,-6.820999931
0.159098300,-6.828922821
0.159301800,-6.824845673
0.159505200,-6.828768563
0.159708700,-6.828691416
0.159912100,-6.828614305
0.160115600,-6.832537158
0.160319000,-6.832460048
0.160522500,-6.836382900
0.160725900,-6.832305790
0.160929400,-6.840228642
0.161132800,-6.840151532
0.161336300,-6.840074384
0.161539700,-6.839997274
0.161743200,-6.843920126
0.161946600,-6.843843016
0.162150100,-6.847765868
0.162353500,-6.847688758
0.162557000,-6.851611610
0.162760400,-6.855534500
0.162963900,-6.855457352
0.163167300,-6.855380242
0.163370800,-6.855303094
0.163574200,-6.859225984
0.163777700,-6.863148836
0.163981100,-6.863071726
0.164184600,-6.866994578
0.164388000,-6.866917468
0.164591500,-6.870840320
0.164794900,-6.870763210
0.164998400,-6.874686062
0.165201800,-6.874608952
0.165405300,-6.878531804
0.165608700,-6.882454694
0.165812200,-6.882377546
0.166015600,-6.882300436
0.166219100,-6.882223288
0.166422500,-6.890146178
0.166626000,-6.890069030
0.166829400,-6.889991920
0.167032900,-6.889914772
0.167236300,-6.897837662
0.167439800,-6.893760514
0.167643200,-6.897683404
0.167846700,-6.897606256
0.168050100,-6.901529146
0.168253600,-6.901451999
0.168457000,-6.901374888
0.168660500,-6.901297741
0.168863900,-6.901220631
0.169067400,-6.905143483
0.169270800,-6.905066373
0.169474300,-6.904989225
0.169677700,-6.904912115
0.169881200,-6.908834967
0.170084600,-6.904757857
0.170288100,-6.904680709
0.170491500,-6.904603599
0.170695000,-6.904526451
0.170898400,-6.904449341
0.171101900,-6.904372193
0.171305300,-6.904295083
0.171508800,-6.900217935
0.171712200,-6.904140825
0.171915700,-6.904063677
0.172119100,-6.895986567
0.172322600,-6.895909419
0.172526000,-6.899832309
0.172729500,-6.891755161
0.172932900,-6.891678051
0.173136400,-6.887600903
0.173339800,-6.891523793
0.173543300,-6.883446645
0.173746700,-6.883369535
0.173950200,-6.879292387
0.174153600,-6.875215277
0.174357100,-6.871138129
0.174560500,-6.871061019
0.174764000,-6.862983871
0.174967400,-6.858906761
0.175170900,-6.858829613
0.175374300,-6.858752503
0.175577800,-6.846675355
0.175781300,-6.842598207
0.175984700,-6.846521097
0.176188200,-6.834443949
0.176391600,-6.830366839
0.176595100,-6.826289692
0.176798500,-6.818212582
0.177002000,-6.814135434
0.177205400,-6.814058324
0.177408900,-6.809981176
0.177612300,-6.801904066
0.177815800,-6.797826918
0.178019200,-6.793749808
0.178222700,-6.781672660
0.178426100,-6.781595550
0.178629600,-6.777518402
0.178833000,-6.761441292
0.179036500,-6.757364144
0.179239900,-6.757287034
0.179443400,-6.745209886
0.179646800,-6.741132776
0.179850300,-6.737055628
0.180053700,-6.736978518
0.180257200,-6.724901370
0.180460600,-6.716824260
0.180664100,-6.712747112
0.180867500,-6.700670002
0.181071000,-6.700592854
0.181274400,-6.696515744
0.181477900,-6.680438596
0.181681300,-6.676361486
0.181884800,-6.676284338
0.182088200,-6.672207228
0.182291700,-6.660130080
0.182495100,-6.652052970
0.182698600,-6.651975822
0.182902000,-6.639898712
0.183105500,-6.635821564
0.183308900,-6.631744454
0.183512400,-6.619667306
0.183715800,-6.615590196
0.183919300,-6.611513048
0.184122700,-6.607435938
0.184326200,-6.599358790
0.184529600,-6.591281680
0.184733100,-6.587204533
0.184936500,-6.575127422
0.185140000,-6.575050275
0.185343400,-6.570973165
0.185546900,-6.554896017
0.185750300,-6.550818907
0.185953800,-6.550741759
0.186157200,-6.546664649
0.186360700,-6.534587501
0.186564100,-6.530510391
0.186767600,-6.530433243
0.186971000,-6.514356133
0.187174500,-6.510278985
0.187377900,-6.506201875
0.187581400,-6.498124727
0.187784800,-6.494047617
0.187988300,-6.489970469
0.188191700,-6.477893359
0.188395200,-6.473816211
0.188598600,-6.469739101
0.188802100,-6.465661953
0.189005500,-6.453584843
0.189209000,-6.453507695
0.189412400,-6.449430585
0.189615900,-6.437353437
0.189819300,-6.433276327
0.190022800,-6.433199179
0.190226200,-6.417122069
0.190429700,-6.413044921
0.190633100,-6.408967811
0.190836600,-6.408890663
0.191040000,-6.396813553
0.191243500,-6.392736405
0.191446900,-6.392659295
0.191650400,-6.380582147
0.191853800,-6.372505037
0.192057300,-6.368427889
0.192260700,-6.360350779
0.192464200,-6.356273631
0.192667600,-6.352196521
0.192871100,-6.348119373
0.193074500,-6.340042263
0.193278000,-6.335965116
0.193481400,-6.327888005
0.193684900,-6.315810858
0.193888300,-6.315733748
0.194091800,-6.311656600
0.194295200,-6.299579490
0.194498700,-6.295502342
0.194702100,-6.291425232
0.194905600,-6.287348084
0.195109000,-6.275270974
0.195312500,-6.271193826
0.195516000,-6.271116678
0.195719400,-6.255039568
0.195922900,-6.250962420
0.196126300,-6.246885310
0.196329800,-6.234808162
0.196533200,-6.230731052
0.196736700,-6.226653904
0.196940100,-6.210576794
0.197143600,-6.210499646
0.197347000,-6.206422536
0.197550500,-6.202345388
0.197753900,-6.190268278
0.197957400,-6.186191130
0.198160800,-6.178114020
0.198364300,-6.166036872
0.198567700,-6.161959762
0.198771200,-6.157882614
0.198974600,-6.141805504
0.199178100,-6.137728356
0.199381500,-6.137651246
0.199585000,-6.129574098
0.199788400,-6.113496988
0.199991900,-6.109419840
0.200195300,-6.109342730
0.200398800,-6.093265582
0.200602200,-6.085188472
0.200805700,-6.081111324
0.201009100,-6.069034214
0.201212600,-6.064957066
0.201416000,-6.056879956
0.201619500,-6.056802809
0.201822900,-6.040725699
0.202026400,-6.032648551
0.202229800,-6.028571441
0.202433300,-6.016494293
0.202636700,-6.008417183
0.202840200,-6.004340035
0.203043600,-5.984262925
0.203247100,-5.984185777
0.203450500,-5.976108667
0.203654000,-5.972031519
0.203857400,-5.959954409
0.204060900,-5.951877261
0.204264300,-5.947800151
0.204467800,-5.931723003
0.204671200,-5.927645893
0.204874700,-5.919568745
0.205078100,-5.903491635
0.205281600,-5.899414487
0.205485000,-5.895337377
0.205688500,-5.891260229
0.205891900,-5.875183119
0.206095400,-5.867105971
0.206298800,-5.867028861
0.206502300,-5.846951713
0.206705700,-5.842874603
0.206909200,-5.838797455
0.207112600,-5.822720345
0.207316100,-5.818643197
0.207519500,-5.810566087
0.207723000,-5.798488939
0.207926400,-5.794411829
0.208129900,-5.786334681
0.208333300,-5.782257571
0.208536800,-5.770180423
0.208740200,-5.762103313
0.208943700,-5.758026165
0.209147100,-5.745949055
0.209350600,-5.737871907
0.209554000,-5.733794797
0.209757500,-5.717717650
0.209960900,-5.713640539
0.210164400,-5.709563392
0.210367800,-5.705486282
0.210571300,-5.689409134
0.210774700,-5.685332024
0.210978200,-5.681254876
0.211181600,-5.665177766
0.211385100,-5.661100618
0.211588500,-5.657023508
0.211792000,-5.640946360
0.211995400,-5.636869250
0.212198900,-5.632792102
0.212402300,-5.628714992
0.212605800,-5.612637844
0.212809200,-5.612560734
0.213012700,-5.608483586
0.213216100,-5.592406476
0.213419600,-5.584329328
0.213623000,-5.584252218
0.213826500,-5.568175070
0.214029900,-5.564097960
0.214233400,-5.560020812
0.214436800,-5.555943702
0.214640300,-5.543866554
0.214843800,-5.535789406
0.215047200,-5.535712296
0.215250700,-5.519635148
0.215454100,-5.515558038
0.215657600,-5.511480890
0.215861000,-5.499403780
0.216064500,-5.495326632
0.216267900,-5.487249522
0.216471400,-5.479172374
0.216674800,-5.471095264
0.216878300,-5.467018116
0.217081700,-5.462941006
0.217285200,-5.450863858
0.217488600,-5.446786748
0.217692100,-5.438709600
0.217895500,-5.430632490
0.218099000,-5.422555343
0.218302400,-5.418478233
0.218505900,-5.402401085
0.218709300,-5.402323975
0.218912800,-5.398246827
0.219116200,-5.390169717
0.219319700,-5.382092569
0.219523100,-5.374015459
0.219726600,-5.369938311
0.219930000,-5.353861201
0.220133500,-5.353784053
0.220336900,-5.349706943
0.220540400,-5.333629795
0.220743800,-5.329552685
0.220947300,-5.325475537
0.221150700,-5.321398427
0.221354200,-5.305321279
0.221557600,-5.305244169
0.221761100,-5.297167021
0.221964500,-5.285089911
0.222168000,-5.281012763
0.222371400,-5.276935653
0.222574900,-5.260858505
0.222778300,-5.256781395
0.222981800,-5.252704247
0.223185200,-5.248627137
0.223388700,-5.232549989
0.223592100,-5.232472879
0.223795600,-5.228395731
0.223999000,-5.212318621
0.224202500,-5.204241473
0.224405900,-5.204164363
0.224609400,-5.188087215
0.224812800,-5.184010105
0.225016300,-5.179932957
0.225219700,-5.175855847
0.225423200,-5.159778699
0.225626600,-5.155701589
0.225830100,-5.155624441
0.226033500,-5.139547331
0.226237000,-5.131470184
0.226440400,-5.131393073
0.226643900,-5.115315926
0.226847300,-5.111238816
0.227050800,-5.103161668
0.227254200,-5.095084558
0.227457700,-5.087007410
0.227661100,-5.082930300
0.227864600,-5.078853152
0.228068000,-5.066776042
0.228271500,-5.058698894
0.228474900,-5.058621784
0.228678400,-5.042544636
0.228881800,-5.038467526
0.229085300,-5.030390378
0.229288700,-5.018313268
0.229492200,-5.014236120
0.229695600,-5.010159010
0.229899100,-5.006081862
0.230102500,-4.994004752
0.230306000,-4.985927604
0.230509400,-4.981850494
0.230712900,-4.969773346
0.230916300,-4.965696236
0.231119800,-4.957619088
0.231323200,-4.949541978
0.231526700,-4.941464830
0.231730100,-4.937387720
0.231933600,-4.937310572
0.232137000,-4.921233462
0.232340500,-4.917156314
0.232543900,-4.909079204
0.232747400,-4.901002056
0.232950800,-4.892924946
0.233154300,-4.888847798
0.233357700,-4.876770688
0.233561200,-4.872693540
0.233764600,-4.868616430
0.233968100,-4.864539282
0.234171500,-4.852462172
0.234375000,-4.844385024
0.234578500,-4.840307877
0.234781900,-4.832230767
0.234985400,-4.824153619
0.235188800,-4.820076509
0.235392300,-4.807999361
0.235595700,-4.803922251
0.235799200,-4.799845103
0.236002600,-4.787767993
0.236206100,-4.783690845
0.236409500,-4.779613735
0.236613000,-4.775536587
0.236816400,-4.763459477
0.237019900,-4.759382329
0.237223300,-4.755305219
0.237426800,-4.743228071
0.237630200,-4.739150961
0.237833700,-4.735073813
0.238037100,-4.722996703
0.238240600,-4.718919555
0.238444000,-4.714842445
0.238647500,-4.706765297
0.238850900,-4.698688187
0.239054400,-4.694611039
0.239257800,-4.686533929
0.239461300,-4.678456781
0.239664700,-4.674379671
0.239868200,-4.670302523
0.240071600,-4.658225413
0.240275100,-4.654148265
0.240478500,-4.650071155
0.240682000,-4.645994007
0.240885400,-4.633916897
0.241088900,-4.629839749
0.241292300,-4.625762639
0.241495800,-4.613685491
0.241699200,-4.609608381
0.241902700,-4.605531233
0.242106100,-4.597454123
0.242309600,-4.589376975
0.242513000,-4.585299865
0.242716500,-4.585222717
0.242919900,-4.573145607
0.243123400,-4.565068460
0.243326800,-4.560991350
0.243530300,-4.552914202
0.243733700,-4.548837092
0.243937200,-4.544759944
0.244140600,-4.532682834
0.244344100,-4.528605686
0.244547500,-4.524528576
0.244751000,-4.512451428
0.244954400,-4.508374318
0.245157900,-4.504297170
0.245361300,-4.504220060
0.245564800,-4.492142912
0.245768200,-4.484065802
0.245971700,-4.479988654
0.246175100,-4.471911544
0.246378600,-4.467834396
0.246582000,-4.463757286
0.246785500,-4.451680138
0.246988900,-4.447603028
0.247192400,-4.443525880
0.247395800,-4.443448770
0.247599300,-4.427371622
0.247802700,-4.423294512
0.248006200,-4.423217364
0.248209600,-4.411140254
0.248413100,-4.407063106
0.248616500,-4.402985996
0.248820000,-4.390908848
0.249023400,-4.386831738
0.249226900,-4.382754590
0.249430300,-4.382677480
0.249633800,-4.366600332
0.249837200,-4.362523222
0.250040700,-4.362446074
0.250244100,-4.350368964
0.250447600,-4.342291816
0.250651000,-4.342214706
0.250854500,-4.330137558
0.251057900,-4.326060448
0.251261400,-4.325983301
0.251464800,-4.317906190
0.251668300,-4.305829043
0.251871700,-4.305751933
0.252075200,-4.301674785
0.252278600,-4.285597675
0.252482100,-4.281520527
0.252685500,-4.281443417
0.252889000,-4.269366269
0.253092400,-4.261289159
0.253295900,-4.261212011
0.253499300,-4.257134901
0.253702800,-4.245057753
0.253906300,-4.244980605
0.254109700,-4.236903495
0.254313200,-4.224826347
0.254516600,-4.224749237
0.254720100,-4.220672089
0.254923500,-4.204594979
0.255127000,-4.204517831
0.255330400,-4.200440721
0.255533900,-4.188363573
0.255737300,-4.184286463
0.255940800,-4.180209315
0.256144200,-4.176132205
0.256347700,-4.168055057
0.256551100,-4.159977947
0.256754600,-4.155900799
0.256958000,-4.143823689
0.257161500,-4.143746541
0.257364900,-4.139669431
0.257568400,-4.123592283
0.257771800,-4.123515173
0.257975300,-4.119438025
0.258178700,-4.115360915
0.258382200,-4.103283767
0.258585600,-4.099206657
0.258789100,-4.095129509
0.258992500,-4.087052399
0.259196000,-4.078975251
0.259399400,-4.074898141
0.259602900,-4.066820994
0.259806300,-4.062743884
0.260009800,-4.058666736
0.260213200,-4.054589626
0.260416700,-4.042512478
0.260620100,-4.038435368
0.260823600,-4.038358220
0.261027000,-4.022281110
0.261230500,-4.018203962
0.261433900,-4.018126852
0.261637400,-4.006049704
0.261840800,-4.001972594
0.262044300,-4.001895446
0.262247700,-3.993818336
0.262451200,-3.981741188
0.262654600,-3.981664078
0.262858100,-3.977586930
0.263061500,-3.965509820
0.263265000,-3.961432672
0.263468400,-3.957355562
0.263671900,-3.945278414
0.263875300,-3.941201304
0.264078800,-3.941124156
0.264282200,-3.929047046
0.264485700,-3.924969898
0.264689100,-3.924892788
0.264892600,-3.916815640
0.265096000,-3.904738530
0.265299500,-3.904661382
0.265502900,-3.900584272
0.265706400,-3.888507124
0.265909800,-3.888430014
0.266113300,-3.884352866
0.266316700,-3.868275756
0.266520200,-3.868198608
0.266723600,-3.864121498
0.266927100,-3.860044350
0.267130500,-3.851967240
0.267334000,-3.847890092
0.267537400,-3.843812982
0.267740900,-3.835735834
0.267944300,-3.831658724
0.268147800,-3.827581577
0.268351200,-3.815504467
0.268554700,-3.811427319
0.268758100,-3.807350209
0.268961600,-3.807273061
0.269165000,-3.795195951
0.269368500,-3.791118803
0.269571900,-3.791041693
0.269775400,-3.778964545
0.269978800,-3.774887435
0.270182300,-3.770810287
0.270385700,-3.758733177
0.270589200,-3.754656029
0.270792600,-3.754578919
0.270996100,-3.750501771
0.271199500,-3.738424661
0.271403000,-3.738347513
0.271606400,-3.734270403
0.271809900,-3.718193255
0.272013300,-3.718116145
0.272216800,-3.714038997
0.272420200,-3.701961887
0.272623700,-3.701884739
0.272827100,-3.697807629
0.273030600,-3.681730481
0.273234000,-3.681653371
0.273437500,-3.677576223
0.273641000,-3.673499075
0.273844400,-3.665421965
0.274047900,-3.661344817
0.274251300,-3.657267707
0.274454800,-3.645190559
0.274658200,-3.641113449
0.274861700,-3.637036301
0.275065100,-3.628959191
0.275268600,-3.624882043
0.275472000,-3.616804933
0.275675500,-3.616727785
0.275878900,-3.604650675
0.276082400,-3.600573528
0.276285800,-3.600496418
0.276489300,-3.584419270
0.276692700,-3.580342160
0.276896200,-3.580265012
0.277099600,-3.568187902
0.277303100,-3.560110754
0.277506500,-3.560033644
0.277710000,-3.555956496
0.277913400,-3.543879386
0.278116900,-3.539802238
0.278320300,-3.535725128
0.278523800,-3.523647980
0.278727200,-3.523570870
0.278930700,-3.515493722
0.279134100,-3.503416612
0.279337600,-3.503339464
0.279541000,-3.499262354
0.279744500,-3.491185206
0.279947900,-3.483108096
0.280151400,-3.479030948
0.280354800,-3.470953838
0.280558300,-3.462876690
0.280761700,-3.458799580
0.280965200,-3.450722432
0.281168600,-3.442645322
0.281372100,-3.434568174
0.281575500,-3.434491064
0.281779000,-3.430413916
0.281982400,-3.414336806
0.282185900,-3.414259658
0.282389300,-3.410182548
0.282592800,-3.394105400
0.282796200,-3.394028290
0.282999700,-3.385951142
0.283203100,-3.373874032
0.283406600,-3.369796884
0.283610000,-3.365719774
0.283813500,-3.349642626
0.284016900,-3.349565516
0.284220400,-3.341488368
0.284423800,-3.337411258
0.284627300,-3.325334111
0.284830700,-3.321257001
0.285034200,-3.313179853
0.285237600,-3.305102743
0.285441100,-3.297025595
0.285644500,-3.292948485
0.285848000,-3.280871337
0.286051400,-3.272794227
0.286254900,-3.268717079
0.286458300,-3.268639969
0.286661800,-3.252562821
0.286865200,-3.244485711
0.287068700,-3.244408563
0.287272100,-3.228331453
0.287475600,-3.220254305
0.287679000,-3.220177195
0.287882500,-3.204100047
0.288085900,-3.200022937
0.288289400,-3.195945789
0.288492800,-3.187868679
0.288696300,-3.175791531
0.288899700,-3.171714421
0.289103200,-3.163637273
0.289306600,-3.151560163
0.289510100,-3.143483015
0.289713500,-3.139405905
0.289917000,-3.127328757
0.290120400,-3.119251647
0.290323900,-3.115174499
0.290527300,-3.111097389
0.290730800,-3.095020241
0.290934200,-3.086943131
0.291137700,-3.086865983
0.291341100,-3.070788873
0.291544600,-3.062711725
0.291748000,-3.062634615
0.291951500,-3.042557467
0.292154900,-3.042480357
0.292358400,-3.034403209
0.292561800,-3.018326099
0.292765300,-3.014248951
0.292968800,-3.010171804
0.293172200,-3.002094694
0.293375700,-2.990017546
0.293579100,-2.985940436
0.293782600,-2.977863288
0.293986000,-2.965786178
0.294189500,-2.957709030
0.294392900,-2.953631920
0.294596400,-2.937554772
0.294799800,-2.933477662
0.295003300,-2.925400514
0.295206700,-2.925323404
0.295410200,-2.909246256
0.295613600,-2.901169146
0.295817100,-2.897091998
0.296020500,-2.881014888
0.296224000,-2.880937740
0.296427400,-2.872860630
0.296630900,-2.856783482
0.296834300,-2.852706372
0.297037800,-2.848629224
0.297241200,-2.840552114
0.297444700,-2.828474966
0.297648100,-2.820397856
0.297851600,-2.816320708
0.298055000,-2.804243598
0.298258500,-2.796166450
0.298461900,-2.792089340
0.298665400,-2.776012192
0.298868800,-2.771935082
0.299072300,-2.767857934
0.299275700,-2.763780824
0.299479200,-2.747703676
0.299682600,-2.743626566
0.299886100,-2.735549418
0.300089500,-2.719472308
0.300293000,-2.719395160
0.300496400,-2.711318050
0.300699900,-2.695240902
0.300903300,-2.691163792
0.301106800,-2.687086645
0.301310200,-2.679009535
0.301513700,-2.666932387
0.301717100,-2.658855277
0.301920600,-2.658778129
0.302124000,-2.642701019
0.302327500,-2.634623871
0.302530900,-2.630546761
0.302734400,-2.614469613
0.302937800,-2.610392503
0.303141300,-2.606315355
0.303344700,-2.590238245
0.303548200,-2.582161097
0.303751600,-2.578083987
0.303955100,-2.574006839
0.304158500,-2.553929729
0.304362000,-2.553852581
0.304565400,-2.545775471
0.304768900,-2.533698323
0.304972300,-2.525621213
0.305175800,-2.521544065
0.305379200,-2.505466955
0.305582700,-2.501389807
0.305786100,-2.493312697
0.305989600,-2.489235549
0.306193000,-2.473158439
0.306396500,-2.465081291
0.306599900,-2.461004181
0.306803400,-2.444927033
0.307006800,-2.440849923
0.307210300,-2.436772775
0.307413700,-2.416695665
0.307617200,-2.412618517
0.307820600,-2.408541407
0.308024100,-2.400464259
0.308227500,-2.384387149
0.308431000,-2.380310001
0.308634400,-2.372232891
0.308837900,-2.356155743
0.309041300,-2.352078633
0.309244800,-2.348001485
0.309448200,-2.327924375
0.309651700,-2.319847228
0.309855100,-2.319770118
0.310058600,-2.311692970
0.310262000,-2.291615860
0.310465500,-2.287538712
0.310668900,-2.283461602
0.310872400,-2.263384454
0.311075800,-2.259307344
0.311279300,-2.251230196
0.311482700,-2.239153086
0.311686200,-2.231075938
0.311889600,-2.222998828
0.312093100,-2.206921680
0.312296500,-2.198844570
0.312500000,-2.194767422
0.312703500,-2.190690274
0.312906900,-2.170613164
0.313110400,-2.162536016
0.313313800,-2.158458906
0.313517300,-2.138381758
0.313720700,-2.134304648
0.313924200,-2.130227500
0.314127600,-2.110150390
0.314331100,-2.106073242
0.314534500,-2.097996132
0.314738000,-2.089918984
0.314941400,-2.073841874
0.315144900,-2.065764726
0.315348300,-2.061687616
0.315551800,-2.041610468
0.315755200,-2.033533358
0.315958700,-2.033456210
0.316162100,-2.013379100
0.316365600,-2.005301952
0.316569000,-2.001224842
0.316772500,-1.993147694
0.316975900,-1.973070584
0.317179400,-1.968993436
0.317382800,-1.960916326
0.317586300,-1.944839179
0.317789700,-1.936762068
0.317993200,-1.928684921
0.318196600,-1.912607811
0.318400100,-1.904530663
0.318603500,-1.896453553
0.318807000,-1.892376405
0.319010400,-1.872299295
0.319213900,-1.868222147
0.319417300,-1.860145037
0.319620800,-1.840067889
0.319824200,-1.835990779
0.320027700,-1.827913631
0.320231100,-1.807836521
0.320434600,-1.799759373
0.320638000,-1.791682263
0.320841500,-1.775605115
0.321044900,-1.767528005
0.321248400,-1.759450857
0.321451800,-1.755373747
0.321655300,-1.735296599
0.321858700,-1.727219489
0.322062200,-1.723142341
0.322265600,-1.703065231
0.322469100,-1.698988083
0.322672500,-1.686910973
0.322876000,-1.666833825
0.323079400,-1.662756715
0.323282900,-1.654679567
0.323486300,-1.646602457
0.323689800,-1.630525309
0.323893200,-1.622448199
0.324096700,-1.614371051
0.324300100,-1.594293941
0.324503600,-1.586216793
0.324707000,-1.582139683
0.324910500,-1.562062535
0.325113900,-1.553985425
0.325317400,-1.549908277
0.325520800,-1.537831167
0.325724300,-1.521754019
0.325927700,-1.513676909
0.326131200,-1.505599762
0.326334600,-1.489522652
0.326538100,-1.481445504
0.326741500,-1.469368394
0.326945000,-1.453291246
0.327148400,-1.445214136
0.327351900,-1.441136988
0.327555300,-1.433059878
0.327758800,-1.412982730
0.327962200,-1.408905620
0.328165700,-1.396828472
0.328369100,-1.376751362
0.328572600,-1.372674214
0.328776000,-1.364597104
0.328979500,-1.348519956
0.329182900,-1.340442846
0.329386400,-1.332365698
0.329589800,-1.328288588
0.329793300,-1.304211440
0.329996700,-1.296134330
0.330200200,-1.292057182
0.330403600,-1.271980072
0.330607100,-1.267902924
0.330810500,-1.259825814
0.331014000,-1.239748666
0.331217400,-1.235671556
0.331420900,-1.227594408
0.331624300,-1.211517298
0.331827800,-1.203440150
0.332031200,-1.195363040
0.332234700,-1.191285892
0.332438200,-1.171208744
0.332641600,-1.163131634
0.332845100,-1.159054486
0.333048500,-1.138977376
0.333252000,-1.134900228
0.333455400,-1.126823118
0.333658900,-1.106745970
0.333862300,-1.102668860
0.334065800,-1.094591713
0.334269200,-1.086514602
0.334472700,-1.070437455
0.334676100,-1.066360345
0.334879600,-1.062283197
0.335083000,-1.042206087
0.335286500,-1.034128939
0.335489900,-1.030051829
0.335693400,-1.009974681
0.335896800,-1.005897571
0.336100300,-1.001820423
0.336303700,-0.993743313
0.336507200,-0.977666165
0.336710600,-0.969589055
0.336914100,-0.961511907
0.337117500,-0.949434797
0.337321000,-0.941357649
0.337524400,-0.937280539
0.337727900,-0.921203391
0.337931300,-0.913126281
0.338134800,-0.909049133
0.338338200,-0.904972023
0.338541700,-0.888894875
0.338745100,-0.880817765
0.338948600,-0.876740617
0.339152000,-0.860663507
0.339355500,-0.856586359
0.339558900,-0.852509249
0.339762400,-0.836432101
0.339965800,-0.828354991
0.340169300,-0.824277843
0.340372700,-0.808200733
0.340576200,-0.800123585
0.340779600,-0.800046475
0.340983100,-0.791969327
0.341186500,-0.779892217
0.341390000,-0.771815069
0.341593400,-0.767737959
0.341796900,-0.755660811
0.342000300,-0.747583701
0.342203800,-0.747506553
0.342407200,-0.731429443
0.342610700,-0.723352296
0.342814100,-0.723275186
0.343017600,-0.715198038
0.343221000,-0.699120928
0.343424500,-0.699043780
0.343627900,-0.690966670
0.343831400,-0.682889522
0.344034800,-0.674812412
0.344238300,-0.670735264
0.344441700,-0.658658154
0.344645200,-0.650581006
0.344848600,-0.650503896
0.345052100,-0.646426748
0.345255500,-0.630349638
0.345459000,-0.630272490
0.345662400,-0.622195380
0.345865900,-0.614118232
0.346069300,-0.606041122
0.346272800,-0.601963974
0.346476200,-0.589886864
0.346679700,-0.585809716
0.346883100,-0.585732606
0.347086600,-0.577655458
0.347290000,-0.565578348
0.347493500,-0.565501200
0.347696900,-0.557424090
0.347900400,-0.545346942
0.348103800,-0.545269832
0.348307300,-0.537192684
0.348510700,-0.529115574
0.348714200,-0.525038426
0.348917600,-0.516961316
0.349121100,-0.516884168
0.349324500,-0.504807058
0.349528000,-0.504729910
0.349731400,-0.496652800
0.349934900,-0.484575652
0.350138300,-0.484498542
0.350341800,-0.476421394
0.350545200,-0.468344284
0.350748700,-0.464267136
0.350952100,-0.460190026
0.351155600,-0.448112879
0.351359000,-0.444035769
0.351562500,-0.443958621
0.351766000,-0.439881473
0.351969400,-0.423804363
0.352172900,-0.423727215
0.352376300,-0.419650105
0.352579800,-0.411572957
0.352783200,-0.407495847
0.352986700,-0.403418699
0.353190100,-0.391341589
0.353393600,-0.387264441
0.353597000,-0.387187331
0.353800500,-0.383110183
0.354003900,-0.371033073
0.354207400,-0.366955925
0.354410800,-0.362878815
0.354614300,-0.354801667
0.354817700,-0.350724557
0.355021200,-0.346647409
0.355224600,-0.338570299
0.355428100,-0.330493151
0.355631500,-0.326416041
0.355835000,-0.326338893
0.356038400,-0.314261783
0.356241900,-0.314184635
0.356445300,-0.310107525
0.356648800,-0.298030377
0.356852200,-0.297953267
0.357055700,-0.293876119
0.357259100,-0.285799009
0.357462600,-0.281721861
0.357666000,-0.277644751
0.357869500,-0.273567603
0.358072900,-0.261490493
0.358276400,-0.261413345
0.358479800,-0.257336235
0.358683300,-0.245259087
0.358886700,-0.245181977
0.359090200,-0.241104830
0.359293600,-0.233027719
0.359497100,-0.228950572
0.359700500,-0.224873462
0.359904000,-0.216796314
0.360107400,-0.212719204
0.360310900,-0.212642056
0.360514300,-0.208564946
0.360717800,-0.200487798
0.360921200,-0.200410688
0.361124700,-0.196333540
0.361328100,-0.188256430
0.361531600,-0.184179282
0.361735000,-0.180102172
0.361938500,-0.172025024
0.362141900,-0.167947914
0.362345400,-0.167870766
0.362548800,-0.163793656
0.362752300,-0.155716508
0.362955700,-0.155639398
0.363159200,-0.151562250
0.363362600,-0.143485140
0.363566100,-0.139407992
0.363769500,-0.139330882
0.363973000,-0.131253734
0.364176400,-0.127176624
0.364379900,-0.127099476
0.364583300,-0.123022366
0.364786800,-0.114945218
0.364990200,-0.110868108
0.365193700,-0.110790960
0.365397100,-0.102713850
0.365600600,-0.098636702
0.365804000,-0.098559592
0.366007500,-0.086482444
0.366210900,-0.086405334
0.366414400,-0.086328186
0.366617800,-0.082251076
0.366821300,-0.074173928
0.367024700,-0.074096818
0.367228200,-0.070019670
0.367431600,-0.061942560
0.367635100,-0.057865413
0.367838500,-0.061788303
0.368042000,-0.049711155
0.368245400,-0.045634045
0.368448900,-0.045556897
0.368652300,-0.037479787
0.368855800,-0.037402639
0.369059200,-0.033325529
0.369262700,-0.029248381
0.369466100,-0.025171271
0.369669600,-0.021094123
0.369873000,-0.021017013
0.370076500,-0.012939865
0.370279900,-0.008862755
0.370483400,-0.008785607
0.370686800,-0.000708497
0.370890300,-0.000631349
0.371093700,0.003445761
0.371297200,0.003522909
0.371500700,0.011600057
0.371704100,0.015677167
0.371907600,0.015754315
0.372111000,0.023831425
0.372314500,0.023908573
0.372517900,0.027985683
0.372721400,0.040062831
0.372924800,0.036139941
0.373128300,0.040217089
0.373331700,0.040294199
0.373535200,0.052371347
0.373738600,0.052448457
0.373942100,0.052525605
0.374145500,0.064602715
0.374349000,0.064679863
0.374552400,0.064756973
0.374755900,0.076834121
0.374959300,0.076911231
0.375162800,0.076988379
0.375366200,0.077065489
0.375569700,0.089142636
0.375773100,0.089219747
0.375976600,0.093296894
0.376180000,0.101374004
0.376383500,0.101451152
0.376586900,0.105528262
0.376790400,0.109605410
0.376993800,0.113682520
0.377197300,0.117759668
0.377400700,0.117836778
0.377604200,0.129913926
0.377807600,0.125991036
0.378011100,0.130068184
0.378214500,0.142145294
0.378418000,0.142222442
0.378621400,0.142299552
0.378824900,0.150376700
0.379028300,0.154453810
0.379231800,0.158530958
0.379435200,0.162608068
0.379638700,0.166685216
0.379842100,0.166762326
0.380045600,0.170839474
0.380249000,0.174916584
0.380452500,0.178993732
0.380655900,0.183070842
0.380859400,0.191147990
0.381062800,0.195225100
0.381266300,0.191302248
0.381469700,0.203379358
0.381673200,0.207456506
0.381876600,0.207533616
0.382080100,0.207610764
0.382283500,0.215687874
0.382487000,0.219765022
0.382690400,0.219842132
0.382893900,0.227919280
0.383097300,0.231996390
0.383300800,0.232073538
0.383504200,0.240150648
0.383707700,0.240227796
0.383911100,0.244304906
0.384114600,0.248382053
0.384318000,0.252459164
0.384521500,0.256536311
0.384724900,0.256613421
0.384928400,0.264690569
0.385131800,0.264767679
0.385335300,0.264844827
0.385538700,0.276921937
0.385742200,0.276999085
0.385945600,0.277076195
0.386149100,0.277153343
0.386352500,0.289230453
0.386556000,0.289307601
0.386759400,0.289384711
0.386962900,0.297461859
0.387166300,0.297538969
0.387369800,0.301616117
0.387573200,0.305693227
0.387776700,0.309770375
0.387980100,0.309847485
0.388183600,0.317924633
0.388387000,0.318001743
0.388590500,0.318078891
0.388793900,0.322156001
0.388997400,0.330233149
0.389200800,0.330310259
0.389404300,0.330387407
0.389607700,0.338464517
0.389811200,0.338541665
0.390014600,0.338618775
0.390218100,0.346695923
0.390421500,0.350773033
0.390625000,0.346850181
0.390828500,0.350927329
0.391031900,0.355004439
0.391235400,0.359081587
0.391438800,0.359158697
0.391642300,0.367235845
0.391845700,0.367312955
0.392049200,0.367390103
0.392252600,0.375467213
0.392456100,0.371544360
0.392659500,0.375621470
0.392863000,0.379698618
0.393066400,0.383775728
0.393269900,0.383852876
0.393473300,0.383929986
0.393676800,0.392007134
0.393880200,0.396084244
0.394083700,0.392161392
0.394287100,0.400238502
0.394490600,0.400315650
0.394694000,0.400392760
0.394897500,0.400469908
0.395100900,0.408547018
0.395304400,0.412624166
0.395507800,0.408701276
0.395711300,0.416778424
0.395914700,0.416855534
0.396118200,0.416932682
0.396321600,0.421009792
0.396525100,0.425086940
0.396728500,0.425164050
0.396932000,0.425241198
0.397135400,0.433318308
0.397338900,0.429395456
0.397542300,0.433472566
0.397745800,0.437549714
0.397949200,0.437626824
0.398152700,0.441703972
0.398356100,0.445781082
0.398559600,0.445858230
0.398763000,0.445935340
0.398966500,0.450012488
0.399169900,0.454089598
0.399373400,0.450166746
0.399576800,0.454243856
0.399780300,0.458321004
0.399983700,0.458398114
0.400187200,0.458475262
0.400390600,0.462552372
0.400594100,0.466629519
0.400797500,0.462706630
0.401001000,0.470783777
0.401204400,0.466860887
0.401407900,0.470938035
0.401611300,0.467015145
0.401814800,0.475092293
0.402018200,0.475169403
0.402221700,0.475246551
0.402425100,0.479323661
0.402628600,0.479400809
0.402832000,0.479477919
0.403035500,0.483555067
0.403238900,0.483632177
0.403442400,0.483709325
0.403645800,0.479786435
0.403849300,0.487863583
0.404052700,0.483940693
0.404256200,0.488017841
0.404459600,0.488094951
0.404663100,0.488172099
0.404866500,0.492249209
0.405070000,0.492326357
0.405273400,0.492403467
0.405476900,0.492480615
0.405680300,0.492557725
0.405883800,0.492634873
0.406087200,0.492711983
0.406290700,0.496789131
0.406494100,0.496866241
0.406697600,0.496943389
0.406901000,0.493020499
0.407104500,0.501097647
0.407307900,0.497174757
0.407511400,0.497251905
0.407714800,0.501329015
0.407918300,0.497406163
0.408121700,0.497483273
0.408325200,0.493560421
0.408528600,0.501637531
0.408732100,0.497714679
0.408935500,0.497791789
0.409139000,0.501868936
0.409342400,0.497946047
0.409545900,0.498023194
0.409749300,0.498100304
0.409952800,0.498177452
0.410156200,0.494254562
0.410359700,0.494331710
0.410563200,0.498408858
0.410766600,0.494485968
0.410970100,0.494563116
0.411173500,0.494640226
0.411377000,0.494717374
0.411580400,0.486794484
0.411783900,0.490871632
0.411987300,0.490948742
0.412190800,0.487025890
0.412394200,0.487103000
0.412597700,0.487180148
0.412801100,0.487257258
0.413004600,0.479334406
0.413208000,0.483411516
0.413411500,0.483488664
0.413614900,0.479565774
0.413818400,0.479642922
0.414021800,0.475720032
0.414225300,0.475797180
0.414428700,0.471874290
0.414632200,0.471951438
0.414835600,0.472028548
0.415039100,0.468105696
0.415242500,0.468182806
0.415446000,0.464259954
0.415649400,0.464337064
0.415852900,0.460414212
0.416056300,0.460491322
0.416259800,0.460568470
0.416463200,0.456645580
0.416666700,0.456722728
0.416870100,0.448799838
0.417073600,0.448876985
0.417277000,0.444954096
0.417480500,0.445031243
0.417683900,0.445108353
0.417887400,0.441185501
0.418090800,0.441262611
0.418294300,0.433339759
0.418497700,0.433416869
0.418701200,0.429494017
0.418904600,0.429571127
0.419108100,0.425648275
0.419311500,0.421725385
0.419515000,0.421802533
0.419718400,0.413879643
0.419921900,0.413956791
0.420125300,0.410033901
0.420328800,0.406111049
0.420532200,0.402188159
0.420735700,0.402265307
0.420939100,0.398342417
0.421142600,0.394419565
0.421346000,0.394496675
0.421549500,0.386573823
0.421752900,0.386650933
0.421956400,0.382728081
0.422159800,0.378805191
0.422363300,0.374882339
0.422566700,0.370959449
0.422770200,0.371036597
0.422973600,0.363113707
0.423177100,0.359190855
0.423380500,0.355267965
0.423584000,0.351345113
0.423787400,0.351422223
0.423990900,0.343499371
0.424194300,0.343576481
0.424397800,0.335653629
0.424601200,0.335730739
0.424804700,0.327807887
0.425008100,0.323884997
0.425211600,0.315962145
0.425415000,0.316039255
0.425618500,0.312116402
0.425821900,0.304193513
0.426025400,0.304270660
0.426228800,0.296347770
0.426432300,0.292424918
0.426635700,0.284502028
0.426839200,0.280579176
0.427042600,0.280656286
0.427246100,0.272733434
0.427449500,0.268810544
0.427653000,0.260887692
0.427856400,0.256964802
0.428059900,0.249041950
0.428263300,0.245119060
0.428466800,0.237196208
0.428670200,0.237273318
0.428873700,0.233350466
0.429077100,0.225427576
0.429280600,0.221504724
0.429484000,0.213581834
0.429687500,0.209658982
0.429891000,0.201736130
0.430094400,0.197813240
0.430297900,0.193890388
0.430501300,0.185967498
0.430704800,0.182044646
0.430908200,0.174121756
0.431111700,0.170198904
0.431315100,0.162276014
0.431518600,0.158353162
0.431722000,0.150430272
0.431925500,0.146507420
0.432128900,0.142584530
0.432332400,0.138661678
0.432535800,0.134738788
0.432739300,0.126815936
0.432942700,0.122893046
0.433146200,0.114970194
0.433349600,0.111047304
0.433553100,0.107124452
0.433756500,0.103201562
0.433960000,0.099278709
0.434163400,0.091355819
0.434366900,0.091432967
0.434570300,0.083510077
0.434773800,0.079587225
0.434977200,0.075664335
0.435180700,0.071741483
0.435384100,0.071818593
0.435587600,0.063895741
0.435791000,0.063972851
0.435994500,0.060049999
0.436197900,0.056127109
0.436401400,0.052204257
0.436604800,0.048281367
0.436808300,0.044358515
0.437011700,0.044435625
0.437215200,0.044512773
0.437418600,0.040589883
0.437622100,0.040667031
0.437825500,0.036744141
0.438029000,0.040821289
0.438232400,0.036898399
0.438435900,0.032975547
0.438639300,0.029052657
0.438842800,0.037129805
0.439046200,0.037206915
0.439249700,0.033284063
0.439453100,0.037361173
0.439656600,0.033438321
0.439860000,0.033515431
0.440063500,0.037592579
0.440266900,0.037669689
0.440470400,0.037746837
0.440673800,0.037823947
0.440877300,0.045901095
0.441080700,0.041978205
0.441284200,0.046055353
0.441487600,0.050132463
0.441691100,0.054209611
0.441894500,0.050286721
0.442098000,0.062363868
0.442301400,0.058440979
0.442504900,0.062518126
0.442708300,0.066595236
0.442911800,0.070672384
0.443115200,0.074749494
0.443318700,0.074826642
0.443522100,0.086903752
0.443725600,0.086980900
0.443929000,0.091058010
0.444132500,0.095135158
0.444335900,0.099212268
0.444539400,0.103289416
0.444742800,0.111366526
0.444946300,0.115443674
0.445149700,0.115520784
0.445353200,0.119597932
0.445556600,0.127675042
0.445760100,0.131752190
0.445963500,0.135829300
0.446167000,0.147906448
0.446370400,0.151983558
0.446573900,0.152060706
0.446777300,0.164137816
0.446980800,0.164214964
0.447184200,0.168292074
0.447387700,0.168369222
0.447591100,0.180446332
0.447794600,0.180523480
0.447998000,0.188600590
0.448201500,0.200677738
0.448404900,0.200754848
0.448608400,0.204831996
0.448811800,0.212909106
0.449015300,0.216986254
0.449218700,0.217063364
0.449422200,0.221140512
0.449625700,0.229217660
0.449829100,0.237294770
0.450032600,0.241371918
0.450236000,0.249449028
0.450439500,0.253526175
0.450642900,0.253603285
0.450846400,0.265680433
0.451049800,0.265757543
0.451253300,0.269834691
0.451456700,0.269911801
0.451660200,0.281988949
0.451863600,0.286066059
0.452067100,0.286143207
0.452270500,0.298220317
0.452474000,0.298297465
0.452677400,0.302374575
0.452880900,0.310451723
0.453084300,0.314528833
0.453287800,0.310605981
0.453491200,0.314683091
0.453694700,0.322760239
0.453898100,0.326837349
0.454101600,0.330914497
0.454305000,0.338991607
0.454508500,0.343068755
0.454711900,0.343145865
0.454915400,0.351223013
0.455118800,0.351300123
0.455322300,0.355377271
0.455525700,0.363454381
0.455729200,0.367531529
0.455932600,0.371608639
0.456136100,0.367685787
0.456339500,0.379762897
0.456543000,0.379840045
0.456746400,0.383917155
0.456949900,0.391994303
0.457153300,0.392071413
0.457356800,0.392148561
0.457560200,0.404225671
0.457763700,0.408302819
0.457967100,0.404379929
0.458170600,0.408457077
0.458374000,0.416534187
0.458577500,0.420611335
0.458780900,0.416688445
0.458984400,0.428765592
0.459187800,0.428842702
0.459391300,0.432919850
0.459594700,0.436996960
0.459798200,0.441074108
0.460001600,0.445151218
0.460205100,0.445228366
0.460408500,0.453305476
0.460612000,0.453382624
0.460815400,0.457459734
0.461018900,0.461536882
0.461222300,0.465613992
0.461425800,0.465691140
0.461629200,0.477768250
0.461832700,0.477845398
0.462036100,0.477922508
0.462239600,0.481999656
0.462443000,0.490076766
0.462646500,0.490153914
0.462849900,0.490231024
0.463053400,0.502308172
0.463256800,0.502385282
0.463460300,0.506462430
0.463663700,0.510539540
0.463867200,0.514616688
0.464070600,0.518693798
0.464274100,0.526770946
0.464477500,0.526848056
0.464681000,0.526925204
0.464884400,0.531002314
0.465087900,0.539079462
0.465291300,0.543156572
0.465494800,0.543233720
0.465698200,0.551310830
0.465901700,0.551387978
0.466105100,0.555465088
0.466308600,0.567542236
0.466512000,0.567619346
0.466715500,0.571696494
0.466918900,0.571773604
0.467122400,0.583850751
0.467325800,0.579927862
0.467529300,0.584005009
0.467732700,0.592082119
0.467936200,0.596159267
0.468139600,0.596236377
0.468343100,0.608313525
0.468546500,0.612390635
0.468750000,0.612467783
0.468953500,0.616544931
0.469156900,0.624622041
0.469360400,0.628699189
0.469563800,0.628776299
0.469767300,0.640853447
0.469970700,0.640930557
0.470174200,0.645007705
0.470377600,0.657084815
0.470581100,0.657161963
0.470784500,0.661239073
0.470988000,0.661316221
0.471191400,0.673393331
0.471394900,0.673470479
0.471598300,0.677547589
0.471801800,0.685624737
0.472005200,0.689701847
0.472208700,0.689778995
0.472412100,0.701856105
0.472615600,0.705933253
0.472819000,0.706010363
0.473022500,0.710087511
0.473225900,0.718164621
0.473429400,0.722241769
0.473632800,0.722318879
0.473836300,0.734396027
0.474039700,0.730473137
0.474243200,0.734550285
0.474446600,0.742627395
0.474650100,0.746704543
0.474853500,0.750781653
0.475057000,0.758858801
0.475260400,0.762935911
0.475463900,0.763013058
0.475667300,0.767090168
0.475870800,0.775167316
0.476074200,0.779244426
0.476277700,0.779321574
0.476481100,0.787398684
0.476684600,0.787475832
0.476888000,0.791552942
0.477091500,0.799630090
0.477294900,0.803707200
0.477498400,0.807784348
0.477701800,0.807861458
0.477905300,0.815938606
0.478108700,0.816015716
0.478312200,0.820092864
0.478515600,0.828169974
0.478719100,0.828247122
0.478922500,0.828324232
0.479126000,0.840401380
0.479329400,0.840478490
0.479532900,0.840555638
0.479736300,0.844632748
0.479939800,0.852709896
0.480143200,0.856787006
0.480346700,0.856864154
0.480550100,0.864941264
0.480753600,0.865018412
0.480957000,0.869095522
0.481160500,0.873172670
0.481363900,0.877249780
0.481567400,0.877326928
0.481770800,0.881404038
0.481974300,0.889481186
0.482177700,0.889558296
0.482381200,0.893635444
0.482584600,0.901712554
0.482788100,0.905789702
0.482991500,0.901866812
0.483195000,0.913943960
0.483398400,0.914021070
0.483601900,0.918098218
0.483805300,0.926175328
0.484008800,0.926252475
0.484212200,0.930329585
0.484415700,0.930406733
0.484619100,0.942483843
0.484822600,0.942560991
0.485026000,0.946638101
0.485229500,0.954715249
0.485432900,0.958792359
0.485636400,0.958869507
0.485839800,0.966946617
0.486043300,0.967023765
0.486246700,0.971100875
0.486450200,0.971178023
0.486653600,0.983255133
0.486857100,0.987332281
0.487060500,0.987409391
0.487264000,0.999486539
0.487467400,1.003563649
0.487670900,1.007640797
0.487874300,1.015717907
0.488077800,1.019795055
0.488281200,1.019872165
0.488484700,1.023949313
0.488688200,1.032026461
0.488891600,1.036103571
0.489095100,1.040180719
0.489298500,1.052257829
0.489502000,1.056334977
0.489705400,1.056412087
0.489908900,1.068489235
0.490112300,1.068566345
0.490315800,1.076643493
0.490519200,1.076720603
0.490722700,1.088797751
0.490926100,1.088874861
0.491129600,1.096952009
0.491333000,1.105029119
0.491536500,1.109106267
0.491739900,1.117183377
0.491943400,1.125260524
0.492146800,1.129337634
0.492350300,1.133414782
0.492553700,1.145491892
0.492757200,1.145569040
0.492960600,1.153646150
0.493164100,1.153723298
0.493367500,1.165800408
0.493571000,1.169877556
0.493774400,1.173954666
0.493977900,1.182031814
0.494181300,1.190108924
0.494384800,1.194186072
0.494588200,1.206263182
0.494791700,1.210340330
0.494995100,1.210417440
0.495198600,1.218494588
0.495402000,1.226571698
0.495605500,1.230648846
0.495808900,1.234725956
0.496012400,1.246803104
0.496215800,1.250880214
0.496419300,1.254957362
0.496622700,1.267034472
0.496826200,1.271111620
0.497029600,1.275188730
0.497233100,1.279265878
0.497436500,1.291342988
0.497640000,1.291420136
0.497843400,1.299497246
0.498046900,1.307574394
0.498250300,1.315651504
0.498453800,1.315728652
0.498657200,1.331805762
0.498860700,1.331882910
0.499064100,1.335960020
0.499267600,1.340037168
0.499471000,1.352114278
0.499674500,1.360191426
0.499877900,1.360268536
0.500081400,1.376345684
0.500284800,1.376422794
0.500488300,1.380499941
0.500691700,1.392577051
0.500895200,1.396654199
0.501098600,1.396731309
0.501302100,1.404808457
0.501505500,1.412885567
0.501709000,1.420962715
0.501912400,1.421039825
0.502115900,1.437116973
0.502319300,1.441194083
0.502522800,1.441271231
0.502726200,1.457348341
0.502929700,1.457425489
0.503133100,1.461502599
0.503336600,1.473579747
0.503540000,1.477656857
0.503743500,1.477734005
0.503946900,1.481811115
0.504150400,1.493888263
0.504353800,1.497965373
0.504557300,1.498042521
0.504760700,1.514119631
0.504964200,1.518196779
0.505167600,1.518273889
0.505371100,1.534351037
0.505574500,1.534428147
0.505778000,1.538505295
0.505981400,1.538582405
0.506184900,1.554659553
0.506388300,1.554736663
0.506591800,1.558813811
0.506795200,1.566890921
0.506998700,1.570968069
0.507202100,1.571045179
0.507405600,1.587122327
0.507609000,1.591199437
0.507812500,1.591276585
0.508016000,1.595353733
0.508219400,1.603430843
0.508422900,1.607507990
0.508626300,1.607585101
0.508829800,1.623662248
0.509033200,1.623739358
0.509236700,1.627816506
0.509440100,1.635893616
0.509643600,1.639970764
0.509847000,1.640047874
0.510050500,1.644125022
0.510253900,1.656202132
0.510457400,1.656279280
0.510660800,1.660356390
0.510864300,1.668433538
0.511067700,1.672510648
0.511271200,1.672587796
0.511474600,1.684664906
0.511678100,1.684742054
0.511881500,1.688819164
0.512085000,1.696896312
0.512288400,1.700973422
0.512491900,1.701050570
0.512695300,1.705127680
0.512898800,1.713204828
0.513102200,1.717281938
0.513305700,1.721359086
0.513509100,1.729436196
0.513712600,1.733513344
0.513916000,1.733590454
0.514119500,1.745667602
0.514322900,1.745744712
0.514526400,1.749821860
0.514729800,1.749898970
0.514933300,1.761976118
0.515136700,1.762053228
0.515340200,1.766130376
0.515543600,1.774207486
0.515747100,1.778284634
0.515950500,1.782361744
0.516154000,1.790438892
0.516357400,1.790516002
0.516560900,1.790593150
0.516764300,1.794670260
0.516967800,1.802747407
0.517171200,1.806824517
0.517374700,1.806901665
0.517578100,1.818978775
0.517781600,1.819055923
0.517985000,1.823133033
0.518188500,1.831210181
0.518391900,1.835287291
0.518595400,1.835364439
0.518798800,1.835441549
0.519002300,1.847518697
0.519205700,1.847595807
0.519409200,1.851672955
0.519612600,1.859750065
0.519816100,1.863827213
0.520019500,1.863904323
0.520223000,1.875981471
0.520426400,1.876058581
0.520629900,1.876135729
0.520833300,1.876212839
0.521036800,1.888289987
0.521240200,1.888367097
0.521443700,1.892444245
0.521647100,1.904521355
0.521850600,1.904598503
0.522054000,1.908675613
0.522257500,1.912752761
0.522460900,1.916829871
0.522664400,1.916907019
0.522867800,1.928984129
0.523071300,1.929061277
0.523274700,1.933138387
0.523478200,1.929215535
0.523681600,1.941292645
0.523885100,1.941369793
0.524088500,1.945446903
0.524292000,1.953524051
0.524495400,1.957601161
0.524698900,1.957678309
0.524902300,1.965755419
0.525105800,1.969832567
0.525309200,1.969909677
0.525512700,1.973986824
0.525716100,1.978063934
0.525919600,1.982141082
0.526123000,1.982218192
0.526326500,1.994295340
0.526529900,1.994372450
0.526733400,1.994449598
0.526936800,2.002526708
0.527140300,2.006603856
0.527343700,2.006680966
0.527547200,2.006758114
0.527750700,2.018835262
0.527954100,2.018912372
0.528157600,2.022989520
0.528361000,2.027066630
0.528564500,2.031143778
0.528767900,2.031220888
0.528971400,2.039298036
0.529174800,2.039375146
0.529378300,2.043452294
0.529581700,2.043529404
0.529785200,2.051606552
0.529988600,2.051683662
0.530192100,2.055760810
0.530395500,2.059837920
0.530599000,2.063915068
0.530802400,2.067992178
0.531005900,2.072069326
0.531209300,2.076146436
0.531412800,2.076223584
0.531616200,2.084300694
0.531819700,2.084377842
0.532023100,2.088454952
0.532226600,2.088532100
0.532430000,2.096609210
0.532633500,2.096686358
0.532836900,2.100763468
0.533040400,2.104840616
0.533243800,2.108917726
0.533447300,2.108994873
0.533650700,2.117071983
0.533854200,2.121149131
0.534057600,2.121226241
0.534261100,2.121303389
0.534464500,2.129380499
0.534668000,2.129457647
0.534871400,2.129534757
0.535074900,2.141611905
0.535278300,2.137689015
0.535481800,2.141766163
0.535685200,2.145843273
0.535888700,2.149920421
0.536092100,2.149997531
0.536295600,2.150074679
0.536499000,2.158151789
0.536702500,2.162228937
0.536905900,2.162306047
0.537109400,2.170383195
0.537312800,2.170460305
0.537516300,2.170537453
0.537719700,2.178614563
0.537923200,2.178691711
0.538126600,2.182768821
0.538330100,2.178845969
0.538533500,2.190923079
0.538737000,2.187000227
0.538940400,2.191077337
0.539143900,2.199154485
0.539347300,2.199231595
0.539550800,2.199308743
0.539754200,2.207385853
0.539957700,2.211463001
0.540161100,2.211540111
0.540364600,2.219617259
0.540568000,2.219694369
0.540771500,2.219771517
0.540974900,2.219848627
0.541178400,2.227925775
0.541381800,2.228002885
0.541585300,2.232080033
0.541788700,2.236157143
0.541992200,2.240234290
0.542195600,2.236311400
0.542399100,2.244388548
0.542602500,2.244465658
0.542806000,2.248542806
0.543009400,2.244619916
0.543212900,2.256697064
0.543416300,2.256774174
0.543619800,2.256851322
0.543823200,2.264928432
0.544026700,2.265005580
0.544230100,2.265082690
0.544433600,2.273159838
0.544637000,2.273236948
0.544840500,2.273314096
0.545043900,2.277391206
0.545247400,2.281468354
0.545450800,2.281545464
0.545654300,2.281622612
0.545857700,2.289699722
0.546061200,2.289776870
0.546264600,2.289853980
0.546468100,2.301931128
0.546671500,2.298008238
0.546875000,2.302085386
0.547078500,2.298162534
0.547281900,2.310239644
0.547485400,2.306316792
0.547688800,2.310393902
0.547892300,2.314471050
0.548095700,2.314548160
0.548299200,2.314625308
0.548502600,2.322702418
0.548706100,2.322779566
0.548909500,2.322856676
0.549113000,2.322933824
0.549316400,2.331010934
0.549519900,2.331088082
0.549723300,2.331165192
0.549926800,2.339242339
0.550130200,2.335319450
0.550333700,2.339396597
0.550537100,2.343473707
0.550740600,2.343550855
0.550944000,2.343627965
0.551147500,2.351705113
0.551350900,2.347782223
0.551554400,2.351859371
0.551757800,2.347936481
0.551961300,2.356013629
0.552164700,2.356090739
0.552368200,2.356167887
0.552571600,2.360244997
0.552775100,2.360322145
0.552978500,2.364399255
0.553182000,2.368476403
0.553385400,2.368553513
0.553588900,2.364630661
0.553792300,2.368707771
0.553995800,2.372784919
0.554199200,2.372862029
0.554402700,2.368939177
0.554606100,2.377016287
0.554809600,2.377093435
0.555013000,2.377170545
0.555216500,2.381247693
0.555419900,2.381324803
0.555623400,2.377401951
0.555826800,2.381479061
0.556030300,2.385556209
0.556233700,2.385633319
0.556437200,2.385710467
0.556640600,2.389787577
0.556844100,2.389864725
0.557047500,2.385941835
0.557251000,2.394018983
0.557454400,2.390096093
0.557657900,2.390173241
0.557861300,2.390250351
0.558064800,2.394327499
0.558268200,2.390404609
0.558471700,2.394481756
0.558675100,2.394558866
0.558878600,2.394636014
0.559082000,2.394713124
0.559285500,2.398790272
0.559488900,2.398867382
0.559692400,2.394944530
0.559895800,2.403021640
0.560099300,2.399098788
0.560302700,2.399175898
0.560506200,2.395253046
0.560709600,2.403330156
0.560913100,2.399407304
0.561116500,2.399484414
0.561320000,2.399561562
0.561523400,2.399638672
0.561726900,2.399715820
0.561930300,2.403792930
0.562133800,2.399870078
0.562337200,2.399947188
0.562540700,2.400024336
0.562744100,2.400101446
0.562947600,2.400178594
0.563151000,2.396255704
0.563354500,2.404332852
0.563557900,2.400409962
0.563761400,2.400487110
0.563964800,2.400564220
0.564168300,2.400641368
0.564371700,2.396718478
0.564575200,2.396795626
0.564778600,2.396872736
0.564982100,2.396949884
0.565185500,2.393026994
0.565389000,2.397104142
0.565592400,2.393181252
0.565795900,2.393258400
0.565999300,2.397335510
0.566202800,2.393412658
0.566406200,2.393489768
0.566609700,2.385566916
0.566813200,2.389644063
0.567016600,2.385721173
0.567220100,2.385798321
0.567423500,2.385875431
0.567627000,2.385952579
0.567830400,2.382029689
0.568033900,2.386106837
0.568237300,2.378183947
0.568440800,2.378261095
0.568644200,2.378338205
0.568847700,2.378415353
0.569051100,2.378492463
0.569254600,2.374569611
0.569458000,2.374646721
0.569661500,2.370723869
0.569864900,2.370800979
0.570068400,2.366878127
0.570271800,2.366955237
0.570475300,2.363032385
0.570678700,2.363109495
0.570882200,2.359186643
0.571085600,2.359263753
0.571289100,2.355340901
0.571492500,2.355418011
0.571696000,2.351495159
0.571899400,2.351572269
0.572102900,2.347649417
0.572306300,2.347726527
0.572509800,2.343803675
0.572713200,2.343880785
0.572916700,2.339957933
0.573120100,2.336035043
0.573323600,2.336112191
0.573527000,2.332189301
0.573730500,2.332266449
0.573933900,2.324343559
0.574137400,2.328420707
0.574340800,2.320497817
0.574544300,2.320574965
0.574747700,2.316652075
0.574951200,2.312729222
0.575154600,2.308806333
0.575358100,2.304883480
0.575561500,2.304960590
0.575765000,2.301037738
0.575968400,2.301114848
0.576171900,2.293191996
0.576375300,2.293269106
0.576578800,2.285346254
0.576782200,2.285423364
0.576985700,2.281500512
0.577189100,2.277577622
0.577392600,2.269654770
0.577596000,2.269731880
0.577799500,2.265809028
0.578002900,2.261886138
0.578206400,2.257963286
0.578409800,2.254040396
0.578613300,2.246117544
0.578816700,2.246194654
0.579020200,2.242271802
0.579223600,2.234348912
0.579427100,2.230426060
0.579630500,2.226503170
0.579834000,2.222580318
0.580037400,2.214657428
0.580240900,2.210734576
0.580444300,2.202811686
0.580647800,2.198888834
0.580851200,2.190965944
0.581054700,2.191043092
0.581258100,2.183120202
0.581461600,2.175197350
0.581665000,2.167274460
0.581868500,2.163351608
0.582071900,2.155428718
0.582275400,2.151505866
0.582478800,2.147582976
0.582682300,2.139660124
0.582885700,2.131737234
0.583089200,2.123814382
0.583292600,2.119891492
0.583496100,2.107968639
0.583699500,2.104045749
0.583903000,2.096122897
0.584106400,2.088200007
0.584309900,2.080277155
0.584513300,2.072354265
0.584716800,2.064431413
0.584920200,2.056508523
0.585123700,2.044585671
0.585327100,2.040662781
0.585530600,2.028739929
0.585734000,2.020817039
0.585937500,2.012894187
0.586141000,2.000971335
0.586344400,1.993048445
0.586547900,1.981125593
0.586751300,1.973202703
0.586954800,1.961279851
0.587158200,1.953356961
0.587361700,1.941434109
0.587565100,1.929511219
0.587768600,1.917588367
0.587972000,1.909665477
0.588175500,1.893742625
0.588378900,1.881819735
0.588582400,1.869896883
0.588785800,1.861973993
0.588989300,1.850051141
0.589192700,1.834128251
0.589396200,1.826205399
0.589599600,1.806282509
0.589803100,1.798359657
0.590006500,1.782436767
0.590210000,1.766513915
0.590413400,1.754591025
0.590616900,1.742668173
0.590820300,1.730745283
0.591023800,1.714822431
0.591227200,1.698899541
0.591430700,1.686976688
0.591634100,1.667053799
0.591837600,1.655130946
0.592041000,1.643208056
0.592244500,1.623285204
0.592447900,1.611362314
0.592651400,1.595439462
0.592854800,1.583516572
0.593058300,1.559593720
0.593261700,1.547670830
0.593465200,1.531747978
0.593668600,1.511825088
0.593872100,1.495902236
0.594075500,1.483979346
0.594279000,1.460056494
0.594482400,1.448133604
0.594685900,1.432210752
0.594889300,1.420287862
0.595092800,1.396365010
0.595296200,1.384442120
0.595499700,1.372519268
0.595703100,1.348596378
0.595906600,1.336673526
0.596110000,1.320750636
0.596313500,1.300827784
0.596516900,1.284904894
0.596720400,1.272982042
0.596923800,1.257059152
0.597127300,1.237136300
0.597330700,1.221213410
0.597534200,1.209290558
0.597737600,1.185367668
0.597941100,1.173444816
0.598144500,1.157521926
0.598348000,1.137599074
0.598551400,1.125676184
0.598754900,1.109753332
0.598958300,1.093830442
0.599161800,1.077907590
0.599365200,1.065984700
0.599568700,1.050061848
0.599772100,1.034138958
0.599975600,1.018216105
0.600179000,1.006293216
0.600382500,0.986370363
0.600585900,0.974447473
0.600789400,0.958524621
0.600992800,0.942601731
0.601196300,0.926678879
0.601399700,0.914755989
0.601603200,0.906833137
0.601806600,0.886910247
0.602010100,0.874987395
0.602213500,0.859064505
0.602417000,0.843141653
0.602620400,0.827218763
0.602823900,0.819295911
0.603027300,0.799373021
0.603230800,0.787450169
0.603434200,0.771527279
0.603637700,0.763604427
0.603841100,0.743681537
0.604044600,0.731758685
0.604248000,0.715835795
0.604451500,0.699912943
0.604654900,0.687990053
0.604858400,0.676067201
0.605061800,0.660144311
0.605265300,0.644221459
0.605468800,0.636298607
0.605672200,0.620375717
0.605875700,0.604452865
0.606079100,0.588529975
0.606282600,0.580607123
0.606486000,0.560684233
0.606689500,0.548761381
0.606892900,0.536838491
0.607096400,0.520915639
0.607299800,0.504992749
0.607503300,0.493069897
0.607706700,0.473147007
0.607910200,0.465224154
0.608113600,0.453301265
0.608317100,0.441378412
0.608520500,0.425455522
0.608724000,0.409532670
0.608927400,0.401609780
0.609130900,0.381686928
0.609334300,0.373764038
0.609537800,0.361841186
0.609741200,0.345918296
0.609944700,0.333995444
0.610148100,0.326072554
0.610351600,0.310149702
0.610555000,0.298226812
0.610758500,0.286303960
0.610961900,0.278381070
0.611165400,0.266458218
0.611368800,0.254535328
0.611572300,0.246612476
0.611775700,0.234689586
0.611979200,0.226766734
0.612182600,0.218843844
0.612386100,0.210920992
0.612589500,0.198998102
0.612793000,0.195075250
0.612996400,0.183152360
0.613199900,0.179229508
0.613403300,0.171306618
0.613606800,0.163383766
0.613810200,0.155460876
0.614013700,0.151538024
0.614217100,0.151615134
0.614420600,0.143692282
0.614624000,0.139769392
0.614827500,0.135846540
0.615030900,0.131923650
0.615234400,0.128000798
0.615437800,0.128077908
0.615641300,0.120155056
0.615844700,0.124232166
0.616048200,0.120309314
0.616251600,0.120386424
0.616455100,0.120463571
0.616658500,0.120540682
0.616862000,0.116617829
0.617065400,0.116694939
0.617268900,0.124772087
0.617472300,0.120849197
0.617675800,0.120926345
0.617879200,0.125003455
0.618082700,0.129080603
0.618286100,0.125157713
0.618489600,0.137234861
0.618693000,0.133311971
0.618896500,0.137389119
0.619099900,0.137466229
0.619303400,0.145543377
0.619506800,0.145620487
0.619710300,0.149697635
0.619913700,0.157774745
0.620117200,0.161851893
0.620320600,0.165929003
0.620524100,0.174006151
0.620727500,0.178083261
0.620931000,0.178160409
0.621134400,0.182237519
0.621337900,0.190314667
0.621541300,0.198391777
0.621744800,0.198468925
0.621948200,0.210546035
0.622151700,0.210623183
0.622355100,0.214700293
0.622558600,0.226777441
0.622762000,0.230854551
0.622965500,0.234931699
0.623168900,0.235008809
0.623372400,0.251085957
0.623575800,0.251163067
0.623779300,0.255240215
0.623982700,0.263317325
0.624186200,0.271394473
0.624389600,0.271471583
0.624593100,0.283548731
0.624796500,0.283625841
0.625000000,0.287702988
0.625203500,0.291780136
0.625406900,0.303857246
0.625610400,0.303934394
0.625813800,0.308011504
0.626017300,0.324088652
0.626220700,0.324165762
0.626424200,0.328242910
0.626627600,0.336320020
0.626831100,0.340397168
0.627034500,0.340474278
0.627238000,0.352551426
0.627441400,0.356628536
0.627644900,0.360705684
0.627848300,0.360782794
0.628051800,0.372859942
0.628255200,0.372937052
0.628458700,0.377014200
0.628662100,0.385091310
0.628865600,0.389168458
0.629069000,0.393245568
0.629272500,0.401322716
0.629475900,0.405399826
0.629679400,0.405476974
0.629882800,0.409554084
0.630086300,0.417631232
0.630289700,0.421708342
0.630493200,0.421785490
0.630696600,0.433862600
0.630900100,0.433939748
0.631103500,0.438016858
0.631307000,0.446094006
0.631510400,0.450171116
0.631713900,0.454248264
0.631917300,0.454325374
0.632120800,0.466402522
0.632324200,0.466479632
0.632527700,0.470556780
0.632731100,0.478633890
0.632934600,0.478711037
0.633138000,0.478788148
0.633341500,0.490865295
0.633544900,0.490942405
0.633748400,0.495019553
0.633951800,0.495096663
0.634155300,0.507173811
0.634358700,0.511250921
0.634562200,0.511328069
0.634765600,0.519405179
0.634969100,0.519482327
0.635172500,0.523559437
0.635376000,0.531636585
0.635579400,0.535713695
0.635782900,0.535790843
0.635986300,0.547867953
0.636189800,0.543945101
0.636393200,0.548022211
0.636596700,0.548099359
0.636800100,0.560176469
0.637003600,0.560253617
0.637207000,0.564330727
0.637410500,0.572407875
0.637613900,0.572484985
0.637817400,0.576562133
0.638020800,0.584639243
0.638224300,0.584716391
0.638427700,0.584793501
0.638631200,0.588870649
0.638834600,0.596947759
0.639038100,0.597024907
0.639241500,0.597102017
0.639445000,0.609179165
0.639648400,0.609256275
0.639851900,0.609333423
0.640055300,0.621410533
0.640258800,0.621487681
0.640462200,0.621564791
0.640665700,0.621641939
0.640869100,0.633719049
0.641072600,0.633796197
0.641276000,0.633873307
0.641479500,0.641950454
0.641682900,0.646027565
0.641886400,0.642104712
0.642089800,0.654181822
0.642293300,0.654258970
0.642496700,0.654336080
0.642700200,0.658413228
0.642903600,0.666490338
0.643107100,0.666567486
0.643310500,0.666644596
0.643514000,0.674721744
0.643717400,0.674798854
0.643920900,0.678876002
0.644124300,0.682953112
0.644327800,0.687030260
0.644531300,0.687107408
0.644734700,0.691184518
0.644938200,0.695261666
0.645141600,0.699338776
0.645345100,0.699415924
0.645548500,0.707493034
0.645752000,0.711570182
0.645955400,0.707647292
0.646158900,0.719724440
0.646362300,0.715801550
0.646565800,0.719878698
0.646769200,0.727955808
0.646972700,0.728032956
0.647176100,0.728110066
0.647379600,0.732187214
0.647583000,0.736264324
0.647786500,0.740341472
0.647989900,0.744418582
0.648193400,0.748495730
0.648396800,0.752572840
0.648600300,0.748649988
0.648803700,0.760727098
0.649007200,0.756804246
0.649210600,0.760881356
0.649414100,0.760958504
0.649617500,0.769035614
0.649821000,0.769112761
0.650024400,0.773189871
0.650227900,0.781267019
0.650431300,0.781344129
0.650634800,0.781421277
0.650838200,0.789498387
0.651041700,0.789575535
0.651245100,0.789652645
0.651448600,0.793729793
0.651652000,0.797806903
0.651855500,0.801884051
0.652058900,0.797961161
0.652262400,0.810038309
0.652465800,0.806115419
0.652669300,0.810192567
0.652872700,0.818269677
0.653076200,0.818346825
0.653279600,0.818423935
0.653483100,0.818501083
0.653686500,0.826578193
0.653890000,0.826655341
0.654093400,0.826732451
0.654296900,0.830809599
0.654500300,0.834886709
0.654703800,0.830963857
0.654907200,0.839040967
0.655110700,0.839118115
0.655314100,0.843195225
0.655517600,0.851272373
0.655721000,0.847349483
0.655924500,0.851426631
0.656127900,0.847503741
0.656331400,0.855580889
0.656534800,0.851657999
0.656738300,0.855735147
0.656941700,0.859812257
0.657145200,0.859889405
0.657348600,0.859966515
0.657552100,0.864043663
0.657755500,0.868120773
0.657959000,0.864197920
0.658162400,0.868275031
0.658365900,0.868352178
0.658569300,0.872429288
0.658772800,0.868506436
0.658976200,0.876583546
0.659179700,0.872660694
0.659383100,0.876737804
0.659586600,0.876814952
0.659790000,0.880892062
0.659993500,0.876969210
0.660196900,0.877046320
0.660400400,0.885123468
0.660603800,0.881200578
0.660807300,0.881277726
0.661010700,0.885354836
0.661214200,0.885431984
0.661417600,0.885509094
0.661621100,0.889586242
0.661824500,0.885663352
0.662028000,0.889740500
0.662231400,0.885817610
0.662434900,0.889894758
0.662638300,0.893971868
0.662841800,0.890049016
0.663045200,0.894126126
0.663248700,0.890203274
0.663452100,0.894280384
0.663655600,0.894357532
0.663859000,0.894434642
0.664062500,0.894511790
0.664266000,0.898588938
0.664469400,0.894666048
0.664672900,0.894743196
0.664876300,0.898820306
0.665079800,0.898897454
0.665283200,0.898974564
0.665486700,0.895051712
0.665690100,0.903128822
0.665893600,0.899205970
0.666097000,0.899283080
0.666300500,0.903360227
0.666503900,0.903437337
0.666707400,0.899514485
0.666910800,0.899591595
0.667114300,0.903668743
0.667317700,0.903745853
0.667521200,0.903823001
0.667724600,0.903900111
0.667928100,0.903977259
0.668131500,0.900054369
0.668335000,0.908131517
0.668538400,0.904208627
0.668741900,0.904285775
0.668945300,0.900362885
0.669148800,0.908440033
0.669352200,0.908517143
0.669555700,0.904594291
0.669759100,0.908671401
0.669962600,0.904748549
0.670166000,0.904825659
0.670369500,0.908902807
0.670572900,0.908979917
0.670776400,0.905057065
0.670979800,0.905134175
0.671183300,0.905211323
0.671386700,0.905288433
0.671590200,0.905365581
0.671793600,0.905442691
0.671997100,0.905519839
0.672200500,0.901596949
0.672404000,0.909674097
0.672607400,0.905751207
0.672810900,0.905828355
0.673014300,0.901905465
0.673217800,0.905982613
0.673421200,0.902059723
0.673624700,0.902136871
0.673828100,0.906213981
0.674031600,0.902291129
0.674235000,0.902368239
0.674438500,0.902445387
0.674641900,0.902522497
0.674845400,0.898599644
0.675048800,0.902676754
0.675252300,0.898753902
0.675455700,0.898831012
0.675659200,0.894908160
0.675862600,0.894985270
0.676066100,0.895062418
0.676269500,0.891139528
0.676473000,0.895216676
0.676676400,0.891293786
0.676879900,0.891370934
0.677083300,0.887448044
0.677286800,0.887525192
0.677490200,0.883602302
0.677693700,0.883679450
0.677897100,0.883756560
0.678100600,0.883833708
0.678304000,0.879910818
0.678507500,0.879987966
0.678710900,0.880065076
0.678914400,0.876142224
0.679117800,0.876219334
0.679321300,0.872296482
0.679524700,0.872373592
0.679728200,0.864450740
0.679931600,0.868527850
0.680135100,0.868604998
0.680338500,0.860682108
0.680542000,0.864759256
0.680745400,0.856836366
0.680948900,0.856913514
0.681152300,0.856990624
0.681355800,0.853067772
0.681559200,0.849144882
0.681762700,0.849222030
0.681966100,0.845299140
0.682169600,0.845376288
0.682373000,0.841453398
0.682576500,0.841530546
0.682779900,0.837607656
0.682983400,0.833684803
0.683186800,0.833761914
0.683390300,0.829839061
0.683593800,0.825916209
0.683797200,0.821993319
0.684000700,0.822070467
0.684204100,0.822147577
0.684407600,0.814224725
0.684611000,0.814301835
0.684814500,0.810378983
0.685017900,0.806456093
0.685221400,0.802533241
0.685424800,0.802610351
0.685628300,0.794687499
0.685831700,0.794764609
0.686035200,0.790841757
0.686238600,0.786918867
0.686442100,0.786996015
0.686645500,0.783073125
0.686849000,0.779150273
0.687052400,0.775227383
0.687255900,0.771304531
0.687459300,0.767381641
0.687662800,0.763458789
0.687866200,0.759535899
0.688069700,0.755613047
0.688273100,0.755690157
0.688476600,0.747767305
0.688680000,0.747844415
0.688883500,0.739921563
0.689086900,0.735998673
0.689290400,0.732075821
0.689493800,0.728152931
0.689697300,0.724230079
0.689900700,0.720307189
0.690104200,0.716384337
0.690307600,0.712461447
0.690511100,0.708538595
0.690714500,0.700615705
0.690918000,0.700692853
0.691121400,0.692769963
0.691324900,0.688847110
0.691528300,0.680924220
0.691731800,0.681001368
0.691935200,0.673078478
0.692138700,0.669155626
0.692342100,0.665232736
0.692545600,0.657309884
0.692749000,0.653386994
0.692952500,0.645464142
0.693155900,0.645541252
0.693359400,0.637618400
0.693562800,0.633695510
0.693766300,0.625772658
0.693969700,0.621849768
0.694173200,0.617926916
0.694376600,0.610004026
0.694580100,0.602081174
0.694783500,0.594158284
0.694987000,0.590235432
0.695190400,0.582312542
0.695393900,0.578389690
0.695597300,0.570466800
0.695800800,0.566543948
0.696004200,0.558621058
0.696207700,0.550698206
0.696411100,0.546775316
0.696614600,0.538852464
0.696818000,0.530929574
0.697021500,0.523006722
0.697224900,0.519083832
0.697428400,0.507160980
0.697631800,0.503238090
0.697835300,0.499315238
0.698038700,0.487392348
0.698242200,0.483469496
0.698445600,0.471546606
0.698649100,0.467623754
0.698852500,0.455700864
0.699056000,0.451778012
0.699259400,0.439855122
0.699462900,0.431932269
0.699666300,0.428009380
0.699869800,0.420086527
0.700073200,0.412163637
0.700276700,0.400240785
0.700480100,0.396317895
0.700683600,0.384395043
0.700887000,0.376472153
0.701090500,0.368549301
0.701293900,0.360626411
0.701497400,0.352703559
0.701700800,0.340780669
0.701904300,0.336857817
0.702107700,0.324934927
0.702311200,0.317012075
0.702514600,0.305089185
0.702718100,0.297166333
0.702921500,0.289243443
0.703125000,0.281320591
0.703328500,0.273397739
0.703531900,0.261474849
0.703735400,0.257551997
0.703938800,0.245629107
0.704142300,0.237706255
0.704345700,0.225783365
0.704549200,0.217860513
0.704752600,0.205937623
0.704956100,0.198014771
0.705159500,0.194091881
0.705363000,0.182169029
0.705566400,0.174246139
0.705769900,0.162323287
0.705973300,0.158400397
0.706176800,0.142477545
0.706380200,0.138554655
0.706583700,0.126631803
0.706787100,0.118708913
0.706990600,0.110786061
0.707194000,0.102863171
0.707397500,0.094940319
0.707600900,0.083017429
0.707804400,0.075094576
0.708007800,0.067171686
0.708211300,0.059248834
0.708414700,0.051325944
0.708618200,0.039403092
0.708821600,0.031480202
0.709025100,0.023557350
0.709228500,0.015634460
0.709432000,0.003711608
0.709635400,-0.004211282
0.709838900,-0.016134134
0.710042300,-0.020057024
0.710245800,-0.027979876
0.710449200,-0.039902766
0.710652700,-0.047825618
0.710856100,-0.059748508
0.711059600,-0.067671360
0.711263000,-0.075594250
0.711466500,-0.087517102
0.711669900,-0.099439992
0.711873400,-0.103362844
0.712076800,-0.115285734
0.712280300,-0.127208586
0.712483700,-0.131131476
0.712687200,-0.143054328
0.712890600,-0.154977218
0.713094100,-0.162900070
0.713297500,-0.170822960
0.713501000,-0.182745812
0.713704400,-0.194668702
0.713907900,-0.202591554
0.714111300,-0.214514444
0.714314800,-0.222437296
0.714518200,-0.234360186
0.714721700,-0.242283038
0.714925100,-0.258205928
0.715128600,-0.266128780
0.715332000,-0.274051670
0.715535500,-0.289974522
0.715738900,-0.297897412
0.715942400,-0.309820264
0.716145800,-0.321743154
0.716349300,-0.333666007
0.716552700,-0.341588897
0.716756200,-0.349511749
0.716959600,-0.365434639
0.717163100,-0.373357491
0.717366500,-0.385280381
0.717570000,-0.397203233
0.717773400,-0.409126123
0.717976900,-0.417048975
0.718180300,-0.432971865
0.718383800,-0.436894717
0.718587200,-0.444817607
0.718790700,-0.456740459
0.718994100,-0.468663349
0.719197600,-0.480586201
0.719401000,-0.484509091
0.719604500,-0.500431943
0.719807900,-0.508354833
0.720011400,-0.512277685
0.720214800,-0.528200575
0.720418300,-0.532123427
0.720621700,-0.544046317
0.720825200,-0.547969169
0.721028600,-0.559892059
0.721232100,-0.563814911
0.721435500,-0.571737801
0.721639000,-0.579660653
0.721842400,-0.583583543
0.722045900,-0.591506395
0.722249300,-0.595429285
0.722452800,-0.603352137
0.722656300,-0.607274989
0.722859700,-0.615197879
0.723063200,-0.619120731
0.723266600,-0.623043621
0.723470100,-0.626966473
0.723673500,-0.626889363
0.723877000,-0.634812215
0.724080400,-0.634735105
0.724283900,-0.638657958
0.724487300,-0.642580848
0.724690800,-0.642503700
0.724894200,-0.642426590
0.725097700,-0.642349442
0.725301100,-0.646272332
0.725504600,-0.646195184
0.725708000,-0.646118074
0.725911500,-0.646040926
0.726114900,-0.645963816
0.726318400,-0.641886668
0.726521800,-0.641809558
0.726725300,-0.641732410
0.726928700,-0.633655300
0.727132200,-0.637578152
0.727335600,-0.633501042
0.727539100,-0.637423894
0.727742500,-0.625346784
0.727946000,-0.625269636
0.728149400,-0.625192526
0.728352900,-0.613115378
0.728556300,-0.613038268
0.728759800,-0.612961120
0.728963200,-0.604884010
0.729166700,-0.600806862
0.729370100,-0.596729752
0.729573600,-0.596652604
0.729777000,-0.584575494
0.729980500,-0.584498346
0.730183900,-0.580421236
0.730387400,-0.572344088
0.730590800,-0.564266978
0.730794300,-0.560189830
0.730997700,-0.552112720
0.731201200,-0.548035572
0.731404600,-0.547958462
0.731608100,-0.531881314
0.731811500,-0.531804204
0.732015000,-0.527727056
0.732218400,-0.523649946
0.732421900,-0.511572798
0.732625300,-0.507495688
0.732828800,-0.503418541
0.733032200,-0.491341431
0.733235700,-0.487264283
0.733439100,-0.483187173
0.733642600,-0.467110025
0.733846000,-0.467032915
0.734049500,-0.462955767
0.734252900,-0.458878657
0.734456400,-0.446801509
0.734659800,-0.442724399
0.734863300,-0.438647251
0.735066700,-0.422570141
0.735270200,-0.422492993
0.735473600,-0.414415883
0.735677100,-0.402338735
0.735880500,-0.398261625
0.736084000,-0.394184477
0.736287400,-0.390107367
0.736490900,-0.374030219
0.736694300,-0.369953109
0.736897800,-0.365875961
0.737101200,-0.353798851
0.737304700,-0.345721703
0.737508100,-0.345644593
0.737711600,-0.325567445
0.737915000,-0.321490335
0.738118500,-0.317413187
0.738321900,-0.313336077
0.738525400,-0.297258929
0.738728800,-0.293181819
0.738932300,-0.289104671
0.739135700,-0.273027561
0.739339200,-0.264950413
0.739542600,-0.260873303
0.739746100,-0.244796155
0.739949500,-0.240719045
0.740153000,-0.236641897
0.740356400,-0.220564787
0.740559900,-0.212487639
0.740763300,-0.208410529
0.740966800,-0.204333381
0.741170200,-0.184256271
0.741373700,-0.184179124
0.741577100,-0.176102014
0.741780600,-0.160024866
0.741984000,-0.151947756
0.742187500,-0.147870608
0.742391000,-0.131793460
0.742594400,-0.123716350
0.742797900,-0.119639202
0.743001300,-0.115562092
0.743204800,-0.095484944
0.743408200,-0.091407834
0.743611700,-0.083330686
0.743815100,-0.071253576
0.744018600,-0.063176428
0.744222000,-0.059099318
0.744425500,-0.043022170
0.744628900,-0.034945060
0.744832400,-0.030867912
0.745035800,-0.022790802
0.745239300,-0.010713654
0.745442700,-0.002636544
0.745646200,0.001440604
0.745849600,0.017517714
0.746053100,0.025594862
0.746256500,0.029671972
0.746460000,0.045749120
0.746663400,0.049826230
0.746866900,0.057903378
0.747070300,0.057980488
0.747273800,0.078057636
0.747477200,0.082134746
0.747680700,0.086211894
0.747884100,0.102289004
0.748087600,0.106366152
0.748291000,0.114443262
0.748494500,0.130520410
0.748697900,0.130597520
0.748901400,0.138674668
0.749104800,0.142751778
0.749308300,0.158828925
0.749511700,0.158906035
0.749715200,0.166983183
0.749918600,0.183060293
0.750122100,0.183137441
0.750325500,0.191214551
0.750529000,0.203291699
0.750732400,0.207368809
0.750935900,0.211445957
0.751139300,0.227523067
0.751342800,0.231600215
0.751546200,0.235677325
0.751749700,0.239754473
0.751953100,0.251831583
0.752156600,0.255908731
0.752360000,0.263985841
0.752563500,0.272062989
0.752766900,0.280140099
0.752970400,0.280217247
0.753173800,0.296294357
0.753377300,0.296371505
0.753580700,0.300448615
0.753784200,0.308525763
0.753987600,0.316602873
0.754191100,0.324680021
0.754394500,0.324757131
0.754598000,0.336834279
0.754801400,0.336911389
0.755004900,0.344988537
0.755208300,0.357065647
0.755411800,0.357142795
0.755615200,0.365219905
0.755818700,0.365297053
0.756022100,0.377374163
0.756225600,0.381451311
0.756429000,0.381528421
0.756632500,0.397605569
0.756835900,0.397682679
0.757039400,0.401759827
0.757242800,0.409836937
0.757446300,0.413914085
0.757649700,0.417991195
0.757853200,0.418068342
0.758056600,0.430145452
0.758260100,0.430222600
0.758463500,0.434299710
0.758667000,0.446376858
0.758870400,0.446453968
0.759073900,0.450531116
0.759277300,0.458608226
0.759480800,0.462685374
0.759684200,0.462762484
0.759887700,0.474839632
0.760091100,0.478916742
0.760294600,0.478993890
0.760498000,0.483071000
0.760701500,0.491148148
0.760904900,0.491225258
0.761108400,0.495302406
0.761311800,0.503379516
0.761515300,0.507456664
0.761718800,0.507533812
0.761922200,0.515610922
0.762125700,0.515688070
0.762329100,0.519765180
0.762532600,0.523842328
0.762736000,0.527919438
0.762939500,0.531996586
0.763142900,0.532073696
0.763346400,0.540150844
0.763549800,0.544227954
0.763753300,0.544305102
0.763956700,0.552382212
0.764160200,0.552459360
0.764363600,0.552536470
0.764567100,0.556613618
0.764770500,0.560690728
0.764974000,0.564767876
0.765177400,0.564844986
0.765380900,0.572922134
0.765584300,0.568999244
0.765787800,0.573076391
0.765991200,0.581153502
0.766194700,0.581230649
0.766398100,0.581307759
0.766601600,0.581384907
0.766805000,0.589462017
0.767008500,0.593539165
0.767211900,0.589616275
0.767415400,0.601693423
0.767618800,0.597770533
0.767822300,0.601847681
0.768025700,0.605924791
0.768229200,0.606001939
0.768432600,0.610079049
0.768636100,0.610156197
0.768839500,0.618233307
0.769043000,0.614310455
0.769246400,0.618387565
0.769449900,0.626464713
0.769653300,0.626541823
0.769856800,0.626618971
0.770060200,0.634696081
0.770263700,0.634773229
0.770467100,0.638850339
0.770670600,0.642927487
0.770874000,0.647004597
0.771077500,0.643081745
0.771280900,0.647158855
0.771484400,0.659236003
0.771687800,0.655313113
0.771891300,0.659390261
0.772094700,0.663467371
0.772298200,0.667544519
0.772501600,0.667621629
0.772705100,0.675698777
0.772908500,0.679775887
0.773112000,0.679853035
0.773315400,0.683930145
0.773518900,0.688007293
0.773722300,0.692084403
0.773925800,0.696161551
0.774129200,0.704238661
0.774332700,0.708315808
0.774536100,0.708392918
0.774739600,0.720470066
0.774943000,0.724547176
0.775146500,0.720624324
0.775349900,0.724701434
0.775553400,0.732778582
0.775756800,0.736855692
0.775960300,0.740932840
0.776163700,0.753009950
0.776367200,0.757087098
0.776570600,0.757164208
0.776774100,0.769241356
0.776977500,0.773318466
0.777181000,0.773395614
0.777384400,0.777472724
0.777587900,0.785549872
0.777791300,0.789626982
0.777994800,0.793704130
0.778198200,0.805781240
0.778401700,0.809858388
0.778605100,0.809935498
0.778808600,0.826012646
0.779012000,0.826089756
0.779215500,0.830166904
0.779418900,0.846244014
0.779622400,0.846321162
0.779825800,0.850398272
0.780029300,0.850475420
0.780232700,0.866552530
0.780436200,0.870629678
0.780639600,0.870706788
0.780843100,0.886783936
0.781046500,0.886861046
0.781250000,0.890938194
0.781453500,0.907015342
0.781656900,0.907092452
0.781860400,0.911169600
0.782063800,0.915246710
0.782267300,0.927323857
0.782470700,0.931400968
0.782674200,0.935478115
0.782877600,0.947555225
0.783081100,0.947632373
0.783284500,0.955709483
0.783488000,0.967786631
0.783691400,0.967863741
0.783894900,0.975940889
0.784098300,0.976017999
0.784301800,0.988095147
0.784505200,0.996172257
0.784708700,0.996249405
0.784912100,1.008326515
0.785115600,1.012403663
0.785319000,1.016480773
0.785522500,1.028557921
0.785725900,1.032635031
0.785929400,1.036712179
0.786132800,1.036789289
0.786336300,1.048866437
0.786539700,1.056943547
0.786743200,1.057020695
0.786946600,1.069097805
0.787150100,1.069174953
0.787353500,1.077252063
0.787557000,1.089329211
0.787760400,1.089406321
0.787963900,1.093483469
0.788167300,1.101560579
0.788370800,1.109637727
0.788574200,1.113714837
0.788777700,1.113791985
0.788981100,1.125869095
0.789184600,1.125946243
0.789388000,1.130023353
0.789591500,1.142100501
0.789794900,1.142177611
0.789998400,1.150254759
0.790201800,1.158331869
0.790405300,1.162409017
0.790608700,1.166486127
0.790812200,1.166563274
0.791015600,1.178640385
0.791219100,1.178717532
0.791422500,1.182794642
0.791626000,1.194871790
0.791829400,1.194948900
0.792032900,1.199026048
0.792236300,1.207103158
0.792439800,1.211180306
0.792643200,1.211257416
0.792846700,1.211334564
0.793050100,1.223411674
0.793253600,1.223488822
0.793457000,1.227565932
0.793660500,1.239643080
0.793863900,1.239720190
0.794067400,1.239797338
0.794270800,1.247874448
0.794474300,1.251951596
0.794677700,1.256028706
0.794881200,1.256105854
0.795084600,1.264182964
0.795288100,1.264260112
0.795491500,1.268337222
0.795695000,1.276414370
0.795898400,1.276491480
0.796101900,1.280568628
0.796305300,1.284645738
0.796508800,1.288722886
0.796712200,1.288799996
0.796915700,1.288877144
0.797119100,1.296954254
0.797322600,1.297031402
0.797526000,1.301108512
0.797729500,1.309185660
0.797932900,1.309262770
0.798136400,1.309339918
0.798339800,1.317417028
0.798543300,1.317494176
0.798746700,1.317571286
0.798950200,1.321648434
0.799153600,1.325725544
0.799357100,1.325802691
0.799560500,1.325879801
0.799764000,1.333956949
0.799967400,1.330034059
0.800170900,1.334111207
0.800374300,1.342188317
0.800577800,1.338265465
0.800781300,1.342342613
0.800984700,1.342419723
0.801188200,1.346496871
0.801391600,1.346573981
0.801595100,1.342651129
0.801798500,1.350728239
0.802002000,1.350805387
0.802205400,1.350882497
0.802408900,1.358959645
0.802612300,1.355036755
0.802815800,1.355113903
0.803019200,1.363191013
0.803222700,1.359268161
0.803426100,1.359345271
0.803629600,1.359422419
0.803833000,1.363499529
0.804036500,1.363576677
0.804239900,1.363653787
0.804443400,1.367730935
0.804646800,1.363808045
0.804850300,1.367885193
0.805053700,1.371962303
0.805257200,1.368039451
0.805460600,1.368116561
0.805664100,1.368193709
0.805867500,1.372270819
0.806071000,1.372347967
0.806274400,1.368425077
0.806477900,1.376502225
0.806681300,1.372579335
0.806884800,1.372656483
0.807088200,1.380733593
0.807291700,1.376810740
0.807495100,1.376887851
0.807698600,1.380964998
0.807902000,1.377042108
0.808105500,1.381119256
0.808308900,1.377196366
0.808512400,1.381273514
0.808715800,1.381350624
0.808919300,1.381427772
0.809122700,1.385504882
0.809326200,1.381582030
0.809529600,1.381659140
0.809733100,1.385736288
0.809936500,1.385813398
0.810140000,1.385890546
0.810343400,1.385967656
0.810546900,1.386044804
0.810750300,1.386121914
0.810953800,1.382199062
0.811157200,1.390276172
0.811360700,1.390353320
0.811564100,1.386430430
0.811767600,1.390507578
0.811971000,1.386584688
0.812174500,1.390661836
0.812377900,1.390738946
0.812581400,1.390816094
0.812784800,1.390893204
0.812988300,1.390970352
0.813191700,1.391047462
0.813395200,1.391124610
0.813598600,1.387201720
0.813802100,1.395278868
0.814005500,1.395355978
0.814209000,1.391433126
0.814412400,1.391510236
0.814615900,1.391587384
0.814819300,1.391664494
0.815022800,1.391741642
0.815226200,1.391818752
0.815429700,1.391895900
0.815633100,1.391973010
0.815836600,1.392050157
0.816040000,1.392127267
0.816243500,1.388204415
0.816446900,1.388281525
0.816650400,1.392358673
0.816853800,1.388435783
0.817057300,1.388512931
0.817260700,1.392590041
0.817464200,1.388667189
0.817667600,1.388744299
0.817871100,1.388821447
0.818074500,1.388898557
0.818278000,1.388975705
0.818481400,1.389052815
0.818684900,1.389129963
0.818888300,1.385207073
0.819091800,1.385284221
0.819295200,1.389361331
0.819498700,1.381438479
0.819702100,1.381515589
0.819905600,1.385592737
0.820109000,1.381669847
0.820312500,1.381746995
0.820516000,1.381824143
0.820719400,1.377901253
0.820922900,1.377978401
0.821126300,1.374055511
0.821329800,1.378132659
0.821533200,1.378209769
0.821736700,1.370286917
0.821940100,1.374364027
0.822143600,1.370441175
0.822347000,1.370518285
0.822550500,1.370595433
0.822753900,1.366672543
0.822957400,1.366749691
0.823160800,1.362826801
0.823364300,1.362903949
0.823567700,1.362981059
0.823771200,1.355058206
0.823974600,1.359135317
0.824178100,1.359212464
0.824381500,1.351289574
0.824585000,1.355366722
0.824788400,1.351443832
0.824991900,1.347520980
0.825195300,1.347598090
0.825398800,1.343675238
0.825602200,1.343752348
0.825805700,1.339829496
0.826009100,1.339906606
0.826212600,1.335983754
0.826416000,1.336060864
0.826619500,1.332138012
0.826822900,1.332215122
0.827026400,1.324292270
0.827229800,1.324369380
0.827433300,1.324446528
0.827636700,1.316523638
0.827840200,1.316600786
0.828043600,1.316677896
0.828247100,1.312755044
0.828450500,1.308832154
0.828654000,1.304909302
0.828857400,1.304986412
0.829060900,1.301063560
0.829264300,1.297140670
0.829467800,1.293217818
0.829671200,1.293294928
0.829874700,1.285372076
0.830078100,1.285449186
0.830281600,1.277526334
0.830485000,1.277603444
0.830688500,1.277680592
0.830891900,1.269757702
0.831095400,1.265834850
0.831298800,1.265911960
0.831502300,1.257989108
0.831705700,1.258066218
0.831909200,1.250143366
0.832112600,1.250220476
0.832316100,1.246297623
0.832519500,1.238374734
0.832723000,1.238451881
0.832926400,1.234528991
0.833129900,1.226606139
0.833333300,1.222683249
0.833536800,1.218760397
0.833740200,1.214837507
0.833943700,1.210914655
0.834147100,1.202991765
0.834350600,1.199068913
0.834554000,1.199146023
0.834757500,1.191223171
0.834960900,1.187300281
0.835164400,1.183377429
0.835367800,1.175454539
0.835571300,1.171531687
0.835774700,1.163608797
0.835978200,1.159685945
0.836181600,1.155763055
0.836385100,1.147840203
0.836588500,1.143917313
0.836792000,1.139994461
0.836995400,1.132071571
0.837198900,1.128148719
0.837402300,1.116225829
0.837605800,1.112302977
0.837809200,1.108380087
0.838012700,1.100457235
0.838216100,1.096534345
0.838419600,1.088611493
0.838623000,1.080688603
0.838826500,1.076765751
0.839029900,1.068842861
0.839233400,1.060920009
0.839436800,1.052997119
0.839640300,1.045074267
0.839843800,1.041151415
0.840047200,1.033228525
0.840250700,1.021305673
0.840454100,1.017382783
0.840657600,1.013459930
0.840861000,1.001537040
0.841064500,0.993614188
0.841267900,0.989691298
0.841471400,0.977768446
0.841674800,0.969845556
0.841878300,0.961922704
0.842081700,0.953999814
0.842285200,0.946076962
0.842488600,0.934154072
0.842692100,0.930231220
0.842895500,0.918308330
0.843099000,0.910385478
0.843302400,0.902462588
0.843505900,0.894539736
0.843709300,0.882616846
0.843912800,0.878693994
0.844116200,0.862771104
0.844319700,0.854848252
0.844523100,0.850925362
0.844726600,0.839002510
0.844930000,0.831079620
0.845133500,0.823156768
0.845336900,0.811233878
0.845540400,0.803311026
0.845743800,0.795388136
0.845947300,0.787465284
0.846150700,0.775542394
0.846354200,0.767619542
0.846557600,0.759696652
0.846761100,0.751773800
0.846964500,0.739850910
0.847168000,0.731928058
0.847371400,0.728005168
0.847574900,0.716082316
0.847778300,0.708159426
0.847981800,0.700236574
0.848185200,0.688313684
0.848388700,0.684390832
0.848592100,0.676467942
0.848795600,0.664545089
0.848999000,0.660622200
0.849202500,0.652699347
0.849405900,0.644776457
0.849609400,0.636853605
0.849812800,0.628930715
0.850016300,0.625007863
0.850219700,0.617084973
0.850423200,0.609162121
0.850626600,0.605239231
0.850830100,0.601316379
0.851033500,0.589393489
0.851237000,0.585470637
0.851440400,0.581547747
0.851643900,0.573624895
0.851847300,0.569702005
0.852050800,0.561779153
0.852254200,0.557856263
0.852457700,0.553933411
0.852661100,0.550010521
0.852864600,0.546087669
0.853068000,0.542164779
0.853271500,0.534241927
0.853474900,0.534319037
0.853678400,0.530396185
0.853881800,0.526473295
0.854085300,0.522550443
0.854288700,0.522627553
0.854492200,0.514704701
0.854695600,0.514781811
0.854899100,0.510858959
0.855102500,0.506936069
0.855306000,0.507013217
0.855509400,0.503090327
0.855712900,0.499167475
0.855916300,0.499244585
0.856119800,0.495321733
0.856323200,0.495398843
0.856526700,0.495475991
0.856730100,0.487553101
0.856933600,0.491630249
0.857137000,0.487707359
0.857340500,0.483784506
0.857543900,0.487861617
0.857747400,0.483938764
0.857950800,0.480015874
0.858154300,0.480093022
0.858357700,0.480170132
0.858561200,0.476247280
0.858764600,0.476324390
0.858968100,0.476401538
0.859171500,0.476478648
0.859375000,0.476555796
0.859578500,0.476632944
0.859781900,0.472710054
0.859985400,0.472787202
0.860188800,0.468864312
0.860392300,0.472941460
0.860595700,0.473018570
0.860799200,0.469095718
0.861002600,0.473172828
0.861206100,0.473249976
0.861409500,0.465327086
0.861613000,0.469404234
0.861816400,0.469481344
0.862019900,0.465558492
0.862223300,0.465635602
0.862426800,0.465712750
0.862630200,0.465789860
0.862833700,0.465867008
0.863037100,0.465944118
0.863240600,0.466021266
0.863444000,0.466098376
0.863647500,0.466175524
0.863850900,0.466252634
0.864054400,0.462329782
0.864257800,0.458406892
0.864461300,0.462484040
0.864664700,0.462561150
0.864868200,0.458638298
0.865071600,0.462715408
0.865275100,0.462792556
0.865478500,0.458869666
0.865682000,0.462946813
0.865885400,0.463023923
0.866088900,0.459101071
0.866292300,0.459178181
0.866495800,0.459255329
0.866699200,0.455332439
0.866902700,0.455409587
0.867106100,0.455486697
0.867309600,0.455563845
0.867513000,0.455640955
0.867716500,0.455718103
0.867919900,0.455795213
0.868123400,0.455872361
0.868326800,0.455949471
0.868530300,0.452026619
0.868733700,0.452103729
0.868937200,0.448180877
0.869140600,0.452257987
0.869344100,0.452335135
0.869547500,0.448412245
0.869751000,0.452489393
0.869954400,0.452566503
0.870157900,0.448643651
0.870361300,0.452720761
0.870564800,0.448797909
0.870768200,0.444875019
0.870971700,0.444952167
0.871175100,0.449029277
0.871378600,0.445106425
0.871582000,0.445183535
0.871785500,0.449260683
0.871988900,0.445337793
0.872192400,0.445414941
0.872395800,0.449492051
0.872599300,0.441569199
0.872802700,0.441646309
0.873006200,0.441723457
0.873209600,0.441800567
0.873413100,0.441877715
0.873616500,0.441954825
0.873820000,0.442031972
0.874023400,0.442109083
0.874226900,0.438186230
0.874430300,0.438263340
0.874633800,0.438340488
0.874837200,0.434417598
0.875040700,0.438494746
0.875244100,0.438571856
0.875447600,0.434649004
0.875651000,0.434726114
0.875854500,0.434803262
0.876057900,0.430880372
0.876261400,0.430957520
0.876464800,0.435034630
0.876668300,0.431111778
0.876871700,0.431188888
0.877075200,0.431266036
0.877278600,0.427343146
0.877482100,0.427420294
0.877685500,0.427497404
0.877889000,0.423574552
0.878092400,0.423651662
0.878295900,0.423728810
0.878499300,0.423805920
0.878702800,0.419883068
0.878906300,0.419960216
0.879109700,0.420037326
0.879313200,0.416114474
0.879516600,0.416191584
0.879720100,0.412268732
0.879923500,0.412345842
0.880127000,0.412422990
0.880330400,0.408500100
0.880533900,0.408577248
0.880737300,0.408654358
0.880940800,0.400731506
0.881144200,0.400808616
0.881347700,0.400885764
0.881551100,0.396962874
0.881754600,0.393040022
0.881958000,0.393117132
0.882161500,0.389194279
0.882364900,0.389271389
0.882568400,0.389348537
0.882771800,0.381425647
0.882975300,0.381502795
0.883178700,0.381579905
0.883382200,0.373657053
0.883585600,0.369734163
0.883789100,0.369811311
0.883992500,0.365888421
0.884196000,0.361965569
0.884399400,0.358042679
0.884602900,0.354119827
0.884806300,0.350196937
0.885009800,0.350274085
0.885213200,0.342351195
0.885416700,0.338428343
0.885620100,0.338505453
0.885823600,0.330582601
0.886027000,0.326659711
0.886230500,0.322736859
0.886433900,0.314813969
0.886637400,0.314891117
0.886840800,0.310968227
0.887044300,0.303045375
0.887247700,0.299122485
0.887451200,0.295199633
0.887654600,0.287276743
0.887858100,0.279353891
0.888061500,0.275431001
0.888265000,0.267508149
0.888468400,0.263585259
0.888671900,0.255662407
0.888875300,0.247739517
0.889078800,0.243816665
0.889282200,0.235893775
0.889485700,0.227970923
0.889689100,0.224048033
0.889892600,0.216125181
0.890096000,0.204202291
0.890299500,0.200279438
0.890502900,0.192356549
0.890706400,0.180433696
0.890909800,0.176510806
0.891113300,0.168587954
0.891316700,0.156665064
0.891520200,0.148742212
0.891723600,0.144819322
0.891927100,0.132896470
0.892130500,0.120973580
0.892334000,0.117050728
0.892537400,0.109127838
0.892740900,0.097204986
0.892944300,0.089282096
0.893147800,0.081359244
0.893351200,0.065436354
0.893554700,0.061513502
0.893758100,0.053590612
0.893961600,0.037667760
0.894165000,0.033744870
0.894368500,0.025822018
0.894571900,0.009899128
0.894775400,0.005976276
0.894978800,-0.001946614
0.895182300,-0.013869466
0.895385700,-0.021792356
0.895589200,-0.029715208
0.895792600,-0.037638098
0.895996100,-0.045560950
0.896199500,-0.053483840
0.896403000,-0.061406692
0.896606400,-0.069329582
0.896809900,-0.073252434
0.897013300,-0.081175324
0.897216800,-0.085098176
0.897420200,-0.093021066
0.897623700,-0.100943918
0.897827100,-0.104866808
0.898030600,-0.104789660
0.898234000,-0.112712550
0.898437500,-0.116635402
0.898641000,-0.116558255
0.898844400,-0.120481145
0.899047900,-0.124403997
0.899251300,-0.128326887
0.899454800,-0.124249739
0.899658200,-0.128172629
0.899861700,-0.132095481
0.900065100,-0.128018371
0.900268600,-0.131941223
0.900472000,-0.127864113
0.900675500,-0.123786965
0.900878900,-0.123709855
0.901082400,-0.123632707
0.901285800,-0.119555597
0.901489300,-0.115478449
0.901692700,-0.111401339
0.901896200,-0.111324191
0.902099600,-0.103247081
0.902303100,-0.099169933
0.902506500,-0.095092823
0.902710000,-0.083015675
0.902913400,-0.078938565
0.903116900,-0.070861417
0.903320300,-0.054784307
0.903523800,-0.054707159
0.903727200,-0.046630049
0.903930700,-0.042552901
0.904134100,-0.026475791
0.904337600,-0.018398643
0.904541000,-0.010321533
0.904744500,0.005755615
0.904947900,0.013832725
0.905151400,0.021909873
0.905354800,0.037986983
0.905558300,0.046064131
0.905761700,0.054141241
0.905965200,0.058218389
0.906168600,0.082295499
0.906372100,0.090372647
0.906575500,0.098449757
0.906779000,0.118526905
0.906982400,0.130604015
0.907185900,0.138681162
0.907389300,0.158758272
0.907592800,0.166835420
0.907796200,0.178912530
0.907999700,0.182989678
0.908203100,0.207066788
0.908406600,0.219143936
0.908610000,0.223221046
0.908813500,0.247298194
0.909016900,0.259375304
0.909220400,0.263452452
0.909423800,0.287529562
0.909627300,0.295606710
0.909830700,0.303683820
0.910034200,0.311760968
0.910237600,0.335838078
0.910441100,0.343915226
0.910644500,0.351992336
0.910848000,0.376069484
0.911051400,0.384146594
0.911254900,0.388223742
0.911458300,0.412300852
0.911661800,0.420378000
0.911865200,0.428455110
0.912068700,0.448532258
0.912272100,0.456609368
0.912475600,0.460686516
0.912679000,0.472763626
0.912882500,0.492840774
0.913085900,0.496917884
0.913289400,0.504995032
0.913492800,0.525072142
0.913696300,0.533149290
0.913899700,0.541226400
0.914103200,0.561303548
0.914306600,0.569380658
0.914510100,0.573457806
0.914713500,0.581534916
0.914917000,0.597612064
0.915120400,0.601689174
0.915323900,0.609766321
0.915527300,0.629843432
0.915730800,0.633920579
0.915934200,0.641997689
0.916137700,0.658074837
0.916341100,0.666151947
0.916544600,0.670229095
0.916748000,0.678306205
0.916951500,0.694383353
0.917154900,0.698460463
0.917358400,0.706537611
0.917561800,0.722614721
0.917765300,0.726691869
0.917968800,0.730769017
0.918172200,0.750846127
0.918375700,0.754923275
0.918579100,0.759000385
0.918782600,0.767077533
0.918986000,0.783154643
0.919189500,0.783231791
0.919392900,0.791308901
0.919596400,0.807386049
0.919799800,0.807463159
0.920003300,0.815540307
0.920206700,0.831617417
0.920410200,0.831694565
0.920613600,0.835771675
0.920817100,0.843848823
0.921020500,0.859925933
0.921224000,0.860003081
0.921427400,0.864080191
0.921630900,0.880157339
0.921834300,0.880234449
0.922037800,0.888311597
0.922241200,0.900388707
0.922444700,0.900465855
0.922648100,0.908542965
0.922851600,0.920620113
0.923055000,0.924697223
0.923258500,0.924774371
0.923461900,0.932851481
0.923665400,0.944928628
0.923868800,0.945005738
0.924072300,0.949082886
0.924275700,0.961159996
0.924479200,0.961237144
0.924682600,0.965314254
0.924886100,0.977391402
0.925089500,0.981468512
0.925293000,0.981545660
0.925496400,0.985622770
0.925699900,0.997699918
0.925903300,0.997777028
0.926106800,0.997854176
0.926310200,1.009931286
0.926513700,1.010008434
0.926717100,1.014085544
0.926920600,1.022162692
0.927124000,1.026239802
0.927327500,1.026316950
0.927530900,1.026394060
0.927734400,1.038471208
0.927937800,1.034548318
0.928141300,1.038625466
0.928344700,1.046702576
0.928548200,1.046779724
0.928751600,1.046856834
0.928955100,1.054933982
0.929158500,1.059011092
0.929362000,1.055088240
0.929565400,1.059165350
0.929768900,1.067242498
0.929972300,1.063319608
0.930175800,1.067396756
0.930379200,1.071473866
0.930582700,1.075551014
0.930786100,1.071628124
0.930989600,1.079705272
0.931193000,1.079782382
0.931396500,1.075859530
0.931599900,1.083936640
0.931803400,1.084013788
0.932006800,1.080090898
0.932210300,1.084168045
0.932413700,1.088245155
0.932617200,1.088322303
0.932820600,1.084399413
0.933024100,1.092476561
0.933227500,1.092553671
0.933431000,1.088630819
0.933634400,1.092707929
0.933837900,1.092785077
0.934041300,1.092862187
0.934244800,1.092939335
0.934448200,1.097016445
0.934651700,1.097093593
0.934855100,1.093170703
0.935058600,1.097247851
0.935262000,1.097324961
0.935465500,1.097402109
0.935668900,1.097479219
0.935872400,1.097556367
0.936075800,1.097633477
0.936279300,1.093710625
0.936482700,1.097787735
0.936686200,1.097864883
0.936889600,1.093941993
0.937093100,1.098019141
0.937296500,1.098096251
0.937500000,1.098173399
0.937703500,1.098250547
0.937906900,1.098327657
0.938110400,1.098404805
0.938313800,1.094481915
0.938517300,1.102559063
0.938720700,1.102636173
0.938924200,1.102713321
0.939127600,1.102790431
0.939331100,1.102867579
0.939534500,1.102944689
0.939738000,1.103021837
0.939941400,1.103098947
0.940144900,1.103176094
0.940348300,1.103253204
0.940551800,1.103330352
0.940755200,1.103407462
0.940958700,1.103484610
0.941162100,1.103561720
0.941365600,1.103638868
0.941569000,1.103715978
0.941772500,1.107793126
0.941975900,1.107870236
0.942179400,1.107947384
0.942382800,1.112024494
0.942586300,1.108101642
0.942789700,1.108178752
0.942993200,1.108255900
0.943196600,1.112333010
0.943400100,1.108410158
0.943603500,1.108487268
0.943807000,1.116564416
0.944010400,1.112641526
0.944213900,1.112718674
0.944417300,1.116795784
0.944620800,1.116872932
0.944824200,1.112950042
0.945027700,1.113027190
0.945231100,1.117104300
0.945434600,1.113181448
0.945638000,1.113258558
0.945841500,1.121335706
0.946044900,1.121412816
0.946248400,1.117489964
0.946451800,1.121567074
0.946655300,1.121644222
0.946858700,1.121721332
0.947062200,1.117798480
0.947265600,1.121875590
0.947469100,1.121952738
0.947672500,1.118029848
0.947876000,1.122106996
0.948079400,1.122184106
0.948282900,1.122261254
0.948486300,1.122338364
0.948689800,1.118415511
0.948893200,1.118492621
0.949096700,1.114569769
0.949300100,1.118646879
0.949503600,1.118724027
0.949707000,1.118801137
0.949910500,1.114878285
0.950113900,1.114955395
0.950317400,1.115032543
0.950520800,1.119109653
0.950724300,1.111186801
0.950927700,1.111263911
0.951131200,1.115341059
0.951334600,1.107418169
0.951538100,1.107495317
0.951741500,1.107572427
0.951945000,1.107649575
0.952148400,1.103726685
0.952351900,1.099803833
0.952555300,1.099880943
0.952758800,1.095958091
0.952962200,1.092035201
0.953165700,1.092112349
0.953369100,1.092189459
0.953572600,1.084266607
0.953776000,1.080343717
0.953979500,1.080420865
0.954182900,1.080497975
0.954386400,1.072575123
0.954589800,1.068652233
0.954793300,1.068729381
0.954996700,1.060806491
0.955200200,1.056883639
0.955403600,1.052960749
0.955607100,1.049037897
0.955810500,1.045115007
0.956014000,1.041192155
0.956217400,1.037269265
0.956420900,1.033346413
0.956624300,1.025423523
0.956827800,1.017500671
0.957031300,1.013577818
0.957234700,1.005654928
0.957438200,1.001732076
0.957641600,0.997809186
0.957845100,0.989886334
0.958048500,0.981963444
0.958252000,0.974040592
0.958455400,0.970117702
0.958658900,0.962194850
0.958862300,0.954271960
0.959065800,0.946349108
0.959269200,0.938426218
0.959472700,0.930503366
0.959676100,0.922580476
0.959879600,0.914657624
0.960083000,0.906734734
0.960286500,0.898811882
0.960489900,0.890888992
0.960693400,0.882966140
0.960896800,0.875043250
0.961100300,0.863120398
0.961303700,0.851197508
0.961507200,0.843274656
0.961710600,0.839351766
0.961914100,0.823428914
0.962117500,0.815506024
0.962321000,0.807583172
0.962524400,0.795660282
0.962727900,0.783737430
0.962931300,0.775814540
0.963134800,0.767891688
0.963338200,0.751968798
0.963541700,0.744045946
0.963745100,0.736123056
0.963948600,0.720200204
0.964152000,0.708277314
0.964355500,0.700354462
0.964558900,0.692431572
0.964762400,0.680508720
0.964965800,0.664585830
0.965169300,0.656662977
0.965372700,0.644740087
0.965576200,0.632817235
0.965779600,0.620894345
0.965983100,0.608971493
0.966186500,0.601048603
0.966390000,0.585125751
0.966593400,0.577202861
0.966796900,0.565280009
0.967000300,0.557357119
0.967203800,0.541434267
0.967407200,0.529511377
0.967610700,0.521588525
0.967814100,0.509665635
0.968017600,0.493742783
0.968221000,0.485819893
0.968424500,0.473897041
0.968627900,0.465974151
0.968831400,0.450051299
0.969034800,0.442128409
0.969238300,0.430205557
0.969441700,0.414282667
0.969645200,0.406359815
0.969848600,0.398436925
0.970052100,0.382514073
0.970255500,0.370591183
0.970459000,0.362668331
0.970662400,0.350745441
0.970865900,0.342822589
0.971069300,0.330899699
0.971272800,0.322976847
0.971476200,0.311053957
0.971679700,0.303131105
0.971883100,0.291208215
0.972086600,0.279285363
0.972290000,0.271362473
0.972493500,0.263439621
0.972696900,0.247516731
0.972900400,0.239593879
0.973103800,0.231670989
0.973307300,0.223748137
0.973510700,0.207825247
0.973714200,0.199902394
0.973917600,0.191979504
0.974121100,0.184056652
0.974324500,0.172133762
0.974528000,0.164210910
0.974731400,0.156288020
0.974934900,0.148365168
0.975138300,0.136442278
0.975341800,0.128519426
0.975545200,0.120596536
0.975748700,0.112673684
0.975952100,0.100750794
0.976155600,0.092827942
0.976359000,0.084905052
0.976562500,0.076982200
0.976766000,0.065059348
0.976969400,0.061136458
0.977172900,0.053213606
0.977376300,0.041290716
0.977579800,0.033367864
0.977783200,0.029444974
0.977986700,0.021522122
0.978190100,0.009599232
0.978393600,0.001676380
0.978597000,-0.006246510
0.978800500,-0.014169362
0.979003900,-0.022092252
0.979207400,-0.030015104
0.979410800,-0.037937994
0.979614300,-0.045860846
0.979817700,-0.053783736
0.980021200,-0.061706588
0.980224600,-0.069629478
0.980428100,-0.077552330
0.980631500,-0.085475220
0.980835000,-0.097398072
0.981038400,-0.101320962
0.981241900,-0.109243814
0.981445300,-0.121166704
0.981648800,-0.129089557
0.981852200,-0.137012447
0.982055700,-0.140935299
0.982259100,-0.156858189
0.982462600,-0.160781041
0.982666000,-0.168703931
0.982869500,-0.176626783
0.983072900,-0.188549673
0.983276400,-0.196472525
0.983479800,-0.204395415
0.983683300,-0.212318267
0.983886700,-0.224241157
0.984090200,-0.228164009
0.984293600,-0.240086899
0.984497100,-0.248009751
0.984700500,-0.255932641
0.984904000,-0.267855493
0.985107400,-0.275778383
0.985310900,-0.279701235
0.985514300,-0.295624125
0.985717800,-0.299546977
0.985921200,-0.307469867
0.986124700,-0.315392719
0.986328100,-0.327315609
0.986531600,-0.335238461
0.986735000,-0.343161351
0.986938500,-0.351084203
0.987141900,-0.359007093
0.987345400,-0.366929945
0.987548800,-0.374852835
0.987752300,-0.382775687
0.987955700,-0.390698577
0.988159200,-0.398621429
0.988362600,-0.406544319
0.988566100,-0.414467171
0.988769500,-0.418390061
0.988973000,-0.430312913
0.989176400,-0.434235803
0.989379900,-0.442158655
0.989583300,-0.446081545
0.989786800,-0.458004397
0.989990200,-0.461927287
0.990193700,-0.465850140
0.990397100,-0.469773030
0.990600600,-0.477695882
0.990804000,-0.481618772
0.991007500,-0.485541624
0.991210900,-0.489464514
0.991414400,-0.497387366
0.991617800,-0.501310256
0.991821300,-0.505233108
0.992024700,-0.505155998
0.992228200,-0.513078850
0.992431600,-0.513001740
0.992635100,-0.516924592
0.992838500,-0.516847482
0.993042000,-0.516770334
0.993245400,-0.520693224
0.993448900,-0.520616076
0.993652300,-0.520538966
0.993855800,-0.520461818
0.994059200,-0.524384708
0.994262700,-0.520307560
0.994466100,-0.520230450
0.994669600,-0.520153302
0.994873000,-0.524076192
0.995076500,-0.515999044
0.995279900,-0.515921934
0.995483400,-0.515844786
0.995686800,-0.511767676
0.995890300,-0.511690528
0.996093800,-0.507613380
0.996297200,-0.499536270
0.996500700,-0.499459122
0.996704100,-0.499382012
0.996907600,-0.495304864
0.997111000,-0.483227754
0.997314500,-0.483150606
0.997517900,-0.483073496
0.997721400,-0.470996348
0.997924800,-0.466919238
0.998128300,-0.462842091
0.998331700,-0.454764980
0.998535200,-0.450687833
0.998738600,-0.446610723
0.998942100,-0.434533575
0.999145500,-0.434456465
0.999349000,-0.426379317
0.999552400,-0.422302207
0.999755900,-0.410225059
0.999959300,-0.410147949
1.000162800,-0.402070801
1.000366200,-0.389993691
1.000569700,-0.385916543
1.000773100,-0.377839433
1.000976600,-0.369762285
1.001180000,-0.361685175
1.001383500,-0.357608027
1.001586900,-0.353530917
1.001790400,-0.341453769
1.001993800,-0.337376659
1.002197300,-0.329299511
1.002400700,-0.313222401
1.002604200,-0.313145253
1.002807600,-0.309068143
1.003011100,-0.292990995
1.003214500,-0.288913885
1.003418000,-0.280836737
1.003621400,-0.280759627
1.003824900,-0.264682479
1.004028300,-0.260605369
1.004231800,-0.252528221
1.004435200,-0.244451111
1.004638700,-0.236373963
1.004842100,-0.232296853
1.005045600,-0.216219705
1.005249000,-0.216142595
1.005452500,-0.208065447
1.005655900,-0.203988337
1.005859400,-0.187911189
1.006062800,-0.183834079
1.006266300,-0.183756931
1.006469700,-0.167679821
1.006673200,-0.163602674
1.006876600,-0.155525564
1.007080100,-0.147448416
1.007283500,-0.143371306
1.007487000,-0.135294158
1.007690400,-0.123217048
1.007893900,-0.119139900
1.008097300,-0.115062790
1.008300800,-0.110985642
1.008504200,-0.098908532
1.008707700,-0.090831384
1.008911100,-0.090754274
1.009114600,-0.078677126
1.009318000,-0.070600016
1.009521500,-0.066522868
1.009724900,-0.054445758
1.009928400,-0.054368610
1.010131800,-0.050291500
1.010335300,-0.042214352
1.010538700,-0.030137242
1.010742200,-0.030060094
1.010945600,-0.025982984
1.011149100,-0.009905836
1.011352500,-0.005828726
1.011556000,-0.001751578
1.011759400,0.006325532
1.011962900,0.010402680
1.012166300,0.014479790
1.012369800,0.018556938
1.012573200,0.026634048
1.012776700,0.030711196
1.012980100,0.038788306
1.013183600,0.050865454
1.013387000,0.054942564
1.013590500,0.055019712
1.013793900,0.067096822
1.013997400,0.071173970
1.014200800,0.075251080
1.014404300,0.075328228
1.014607700,0.087405338
1.014811200,0.091482486
1.015014600,0.095559596
1.015218100,0.107636743
1.015421500,0.107713853
1.015625000,0.111791001
1.015828500,0.119868149
1.016031900,0.123945259
1.016235400,0.124022407
1.016438800,0.128099517
1.016642300,0.140176665
1.016845700,0.144253775
1.017049200,0.148330923
1.017252600,0.156408033
1.017456100,0.160485181
1.017659500,0.160562291
1.017863000,0.172639439
1.018066400,0.176716549
1.018269900,0.176793697
1.018473300,0.188870807
1.018676800,0.192947955
1.018880200,0.197025065
1.019083700,0.193102213
1.019287100,0.205179323
1.019490600,0.209256471
1.019694000,0.213333581
1.019897500,0.225410729
1.020100900,0.225487839
1.020304400,0.225564987
1.020507800,0.237642097
1.020711300,0.241719245
1.020914700,0.245796355
1.021118200,0.245873503
1.021321600,0.253950613
1.021525100,0.258027761
1.021728500,0.262104871
1.021932000,0.270182019
1.022135400,0.274259129
1.022338900,0.278336277
1.022542300,0.286413387
1.022745800,0.290490535
1.022949200,0.290567645
1.023152700,0.294644792
1.023356100,0.306721903
1.023559600,0.310799050
1.023763000,0.314876160
1.023966500,0.318953308
1.024169900,0.323030418
1.024373400,0.327107566
1.024576800,0.339184676
1.024780300,0.343261824
1.024983700,0.343338934
1.025187200,0.347416082
1.025390600,0.359493192
1.025594100,0.363570340
1.025797500,0.359647450
1.026001000,0.371724598
1.026204400,0.375801708
1.026407900,0.379878856
1.026611300,0.391955966
1.026814800,0.392033114
1.027018200,0.396110224
1.027221700,0.408187372
1.027425100,0.412264482
1.027628600,0.416341630
1.027832000,0.416418740
1.028035500,0.428495888
1.028238900,0.432572998
1.028442400,0.436650146
1.028645800,0.448727256
1.028849300,0.448804404
1.029052700,0.452881514
1.029256200,0.464958662
1.029459600,0.469035772
1.029663100,0.473112920
1.029866500,0.473190030
1.030070000,0.489267178
1.030273400,0.493344288
1.030476900,0.497421436
1.030680300,0.509498546
1.030883800,0.509575694
1.031087200,0.513652804
1.031290700,0.525729952
1.031494100,0.529807062
1.031697600,0.537884209
1.031901000,0.537961319
1.032104500,0.550038467
1.032307900,0.554115577
1.032511400,0.558192725
1.032714800,0.570269835
1.032918300,0.574346983
1.033121700,0.578424093
1.033325200,0.590501241
1.033528600,0.594578351
1.033732100,0.598655499
1.033935500,0.602732609
1.034139000,0.614809757
1.034342400,0.618886867
1.034545900,0.626964015
1.034749300,0.635041125
1.034952800,0.639118273
1.035156300,0.647195421
1.035359700,0.659272531
1.035563200,0.663349679
1.035766600,0.667426789
1.035970100,0.679503937
1.036173500,0.683581047
1.036377000,0.691658195
1.036580400,0.695735305
1.036783900,0.703812453
1.036987300,0.711889563
1.037190800,0.715966711
1.037394200,0.732043821
1.037597700,0.736120969
1.037801100,0.740198079
1.038004600,0.752275227
1.038208000,0.756352337
1.038411500,0.760429485
1.038614900,0.768506595
1.038818400,0.780583743
1.039021800,0.784660853
1.039225300,0.788738001
1.039428700,0.804815111
1.039632200,0.808892258
1.039835600,0.812969369
1.040039100,0.825046516
1.040242500,0.829123626
1.040446000,0.837200774
1.040649400,0.841277884
1.040852900,0.857355032
1.041056300,0.857432142
1.041259800,0.861509290
1.041463200,0.877586400
1.041666700,0.881663548
1.041870100,0.889740658
1.042073600,0.897817806
1.042277000,0.905894916
1.042480500,0.909972064
1.042683900,0.914049174
1.042887400,0.930126322
1.043090800,0.930203432
1.043294300,0.938280580
1.043497700,0.950357690
1.043701200,0.958434838
1.043904600,0.962511948
1.044108100,0.974589096
1.044311500,0.978666206
1.044515000,0.982743354
1.044718400,0.986820464
1.044921900,1.002897612
1.045125300,1.006974722
1.045328800,1.011051870
1.045532200,1.023128980
1.045735700,1.031206128
1.045939100,1.035283238
1.046142600,1.051360386
1.046346000,1.051437496
1.046549500,1.055514644
1.046752900,1.071591754
1.046956400,1.075668902
1.047159800,1.083746012
1.047363300,1.083823160
1.047566700,1.099900270
1.047770200,1.103977418
1.047973600,1.108054528
1.048177100,1.124131675
1.048380500,1.128208786
1.048584000,1.132285933
1.048787400,1.144363043
1.048990900,1.152440191
1.049194300,1.156517301
1.049397800,1.160594449
1.049601200,1.172671559
1.049804700,1.176748707
1.050008100,1.184825817
1.050211600,1.196902965
1.050415000,1.204980075
1.050618500,1.205057223
1.050821900,1.221134333
1.051025400,1.225211481
1.051228800,1.233288591
1.051432300,1.237365739
1.051635700,1.253442849
1.051839200,1.253519997
1.052042600,1.257597107
1.052246100,1.273674255
1.052449500,1.277751365
1.052653000,1.285828513
1.052856400,1.297905623
1.053059900,1.301982771
1.053263300,1.306059881
1.053466800,1.314137029
1.053670200,1.326214139
1.053873700,1.334291287
1.054077100,1.334368397
1.054280600,1.350445545
1.054484000,1.354522655
1.054687500,1.358599803
1.054891000,1.374676951
1.055094400,1.374754061
1.055297900,1.382831209
1.055501300,1.394908319
1.055704800,1.402985467
1.055908200,1.407062577
1.056111700,1.411139725
1.056315100,1.423216835
1.056518600,1.427293982
1.056722000,1.435371092
1.056925500,1.447448240
1.057128900,1.451525350
1.057332400,1.459602498
1.057535800,1.467679608
1.057739300,1.471756756
1.057942700,1.479833866
1.058146200,1.483911014
1.058349600,1.495988124
1.058553100,1.496065272
1.058756500,1.500142382
1.058960000,1.516219530
1.059163400,1.520296640
1.059366900,1.524373788
1.059570300,1.536450898
1.059773800,1.536528046
1.059977200,1.540605156
1.060180700,1.544682304
1.060384100,1.556759414
1.060587600,1.560836562
1.060791000,1.564913672
1.060994500,1.568990820
1.061197900,1.573067930
1.061401400,1.577145078
1.061604800,1.589222188
1.061808300,1.593299336
1.062011700,1.589376446
1.062215200,1.593453594
1.062418600,1.601530704
1.062622100,1.605607852
1.062825500,1.609684962
1.063029000,1.617762110
1.063232400,1.613839220
1.063435900,1.617916368
1.063639300,1.625993478
1.063842800,1.630070626
1.064046200,1.630147736
1.064249700,1.630224884
1.064453100,1.634301994
1.064656600,1.634379141
1.064860000,1.638456252
1.065063500,1.642533399
1.065266900,1.646610509
1.065470400,1.646687657
1.065673800,1.646764767
1.065877300,1.646841915
1.066080700,1.650919025
1.066284200,1.654996173
1.066487600,1.655073283
1.066691100,1.655150431
1.066894500,1.651227541
1.067098000,1.655304689
1.067301400,1.655381799
1.067504900,1.655458947
1.067708300,1.659536057
1.067911800,1.659613205
1.068115200,1.651690315
1.068318700,1.655767463
1.068522100,1.655844573
1.068725600,1.655921721
1.068929000,1.655998831
1.069132500,1.656075979
1.069335900,1.652153089
1.069539400,1.652230237
1.069742800,1.652307347
1.069946300,1.652384495
1.070149700,1.652461605
1.070353200,1.652538753
1.070556600,1.648615863
1.070760100,1.648693011
1.070963500,1.644770121
1.071167000,1.648847269
1.071370400,1.648924379
1.071573900,1.645001527
1.071777300,1.645078637
1.071980800,1.641155785
1.072184200,1.641232895
1.072387700,1.641310043
1.072591100,1.641387153
1.072794600,1.641464301
1.072998000,1.637541411
1.073201500,1.637618558
1.073404900,1.637695669
1.073608400,1.633772816
1.073811800,1.637849926
1.074015300,1.637927074
1.074218800,1.630004222
1.074422200,1.634081332
1.074625700,1.634158480
1.074829100,1.634235590
1.075032600,1.634312738
1.075236000,1.634389848
1.075439500,1.630466996
1.075642900,1.630544106
1.075846400,1.630621254
1.076049800,1.630698364
1.076253300,1.630775512
1.076456700,1.634852622
1.076660200,1.634929770
1.076863600,1.631006880
1.077067100,1.635084028
1.077270500,1.635161138
1.077474000,1.631238286
1.077677400,1.631315396
1.077880900,1.635392544
1.078084300,1.631469654
1.078287800,1.631546802
1.078491200,1.635623912
1.078694700,1.635701060
1.078898100,1.635778170
1.079101600,1.639855318
1.079305000,1.635932428
1.079508500,1.636009576
1.079711900,1.636086686
1.079915400,1.640163834
1.080118800,1.640240944
1.080322300,1.640318092
1.080525700,1.644395202
1.080729200,1.640472350
1.080932600,1.644549460
1.081136100,1.648626607
1.081339500,1.648703718
1.081543000,1.648780865
1.081746400,1.648857975
1.081949900,1.648935123
1.082153300,1.649012233
1.082356800,1.649089381
1.082560200,1.653166491
1.082763700,1.653243639
1.082967100,1.653320749
1.083170600,1.657397897
1.083374000,1.653475007
1.083577500,1.653552155
1.083780900,1.657629265
1.083984400,1.657706413
1.084187800,1.657783523
1.084391300,1.657860671
1.084594700,1.661937781
1.084798200,1.658014929
1.085001600,1.658092039
1.085205100,1.662169187
1.085408500,1.662246297
1.085612000,1.662323445
1.085815400,1.666400555
1.086018900,1.662477703
1.086222300,1.662554813
1.086425800,1.662631961
1.086629200,1.666709071
1.086832700,1.666786219
1.087036100,1.666863329
1.087239600,1.670940477
1.087443000,1.667017587
1.087646500,1.667094735
1.087849900,1.671171845
1.088053400,1.667248993
1.088256800,1.667326103
1.088460300,1.667403251
1.088663700,1.671480361
1.088867200,1.667557509
1.089070600,1.667634619
1.089274100,1.667711767
1.089477500,1.667788877
1.089681000,1.667866024
1.089884400,1.671943135
1.090087900,1.672020282
1.090291300,1.664097392
1.090494800,1.664174540
1.090698200,1.668251650
1.090901700,1.668328798
1.091105100,1.664405908
1.091308600,1.668483056
1.091512000,1.668560166
1.091715500,1.660637314
1.091918900,1.664714424
1.092122400,1.664791572
1.092325800,1.660868682
1.092529300,1.660945830
1.092732700,1.661022940
1.092936200,1.661100088
1.093139600,1.657177198
1.093343100,1.657254346
1.093546500,1.657331456
1.093750000,1.653408604
1.093953500,1.657485752
1.094156900,1.653562862
1.094360400,1.653640010
1.094563800,1.649717120
1.094767300,1.649794268
1.094970700,1.645871378
1.095174200,1.645948526
1.095377600,1.646025636
1.095581100,1.642102784
1.095784500,1.642179894
1.095988000,1.638257042
1.096191400,1.638334152
1.096394900,1.634411300
1.096598300,1.634488410
1.096801800,1.630565558
1.097005200,1.630642668
1.097208700,1.626719816
1.097412100,1.622796926
1.097615600,1.618874074
1.097819000,1.618951184
1.098022500,1.619028331
1.098225900,1.615105441
1.098429400,1.611182589
1.098632800,1.611259699
1.098836300,1.603336847
1.099039700,1.599413957
1.099243200,1.599491105
1.099446600,1.595568215
1.099650100,1.591645363
1.099853500,1.591722473
1.100057000,1.587799621
1.100260400,1.583876731
1.100463900,1.575953879
1.100667300,1.572030989
1.100870800,1.568108137
1.101074200,1.568185247
1.101277700,1.564262395
1.101481100,1.560339505
1.101684600,1.556416653
1.101888000,1.548493763
1.102091500,1.544570911
1.102294900,1.540648021
1.102498400,1.532725169
1.102701800,1.528802279
1.102905300,1.524879427
1.103108700,1.520956537
1.103312200,1.517033685
1.103515600,1.509110795
1.103719100,1.501187943
1.103922500,1.497265053
1.104126000,1.493342201
1.104329400,1.485419311
1.104532900,1.481496459
1.104736300,1.477573569
1.104939800,1.469650717
1.105143200,1.461727827
1.105346700,1.453804975
1.105550100,1.449882085
1.105753600,1.441959233
1.105957000,1.438036343
1.106160500,1.430113490
1.106363900,1.426190601
1.106567400,1.414267748
1.106770800,1.406344858
1.106974300,1.402422006
1.107177700,1.398499116
1.107381200,1.390576264
1.107584600,1.382653374
1.107788100,1.378730522
1.107991500,1.370807632
1.108195000,1.358884780
1.108398400,1.350961890
1.108601900,1.347039038
1.108805300,1.339116148
1.109008800,1.331193296
1.109212200,1.327270406
1.109415700,1.319347554
1.109619100,1.311424664
1.109822600,1.299501812
1.110026000,1.295578922
1.110229500,1.287656070
1.110432900,1.279733180
1.110636400,1.275810328
1.110839800,1.267887438
1.111043300,1.259964586
1.111246700,1.252041696
1.111450200,1.240118844
1.111653600,1.236195954
1.111857100,1.228273102
1.112060500,1.224350212
1.112264000,1.216427360
1.112467400,1.208504470
1.112670900,1.204581618
1.112874300,1.192658728
1.113077800,1.188735876
1.113281300,1.176813024
1.113484700,1.172890134
1.113688200,1.164967282
1.113891600,1.161044392
1.114095100,1.153121540
1.114298500,1.145198650
1.114502000,1.141275797
1.114705400,1.133352907
1.114908900,1.121430055
1.115112300,1.117507165
1.115315800,1.113584313
1.115519200,1.105661423
1.115722700,1.101738571
1.115926100,1.093815681
1.116129600,1.085892829
1.116333000,1.081969939
1.116536500,1.074047087
1.116739900,1.066124197
1.116943400,1.062201345
1.117146800,1.054278455
1.117350300,1.050355603
1.117553700,1.046432713
1.117757200,1.038509861
1.117960600,1.034586971
1.118164100,1.026664119
1.118367500,1.018741229
1.118571000,1.014818377
1.118774400,1.010895487
1.118977900,1.002972635
1.119181300,0.999049745
1.119384800,0.995126893
1.119588200,0.987204003
1.119791700,0.983281151
1.119995100,0.979358261
1.120198600,0.971435409
1.120402000,0.967512519
1.120605500,0.959589667
1.120808900,0.955666777
1.121012400,0.951743925
1.121215800,0.947821035
1.121419300,0.943898183
1.121622700,0.935975293
1.121826200,0.932052441
1.122029600,0.924129551
1.122233100,0.920206699
1.122436500,0.916283809
1.122640000,0.912360957
1.122843400,0.908438067
1.123046900,0.904515214
1.123250300,0.900592324
1.123453800,0.892669472
1.123657200,0.888746582
1.123860700,0.880823730
1.124064100,0.876900840
1.124267600,0.872977988
1.124471000,0.869055098
1.124674500,0.865132246
1.124877900,0.861209356
1.125081400,0.857286504
1.125284800,0.853363614
1.125488300,0.849440762
1.125691700,0.841517872
1.125895200,0.837595020
1.126098600,0.837672130
1.126302100,0.833749278
1.126505500,0.829826388
1.126709000,0.825903536
1.126912400,0.821980646
1.127115900,0.818057794
1.127319300,0.814134904
1.127522800,0.806212052
1.127726200,0.806289162
1.127929700,0.802366310
1.128133100,0.798443420
1.128336600,0.794520568
1.128540000,0.794597678
1.128743500,0.790674826
1.128946900,0.786751936
1.129150400,0.786829084
1.129353800,0.782906194
1.129557300,0.774983342
1.129760700,0.775060452
1.129964200,0.771137600
1.130167600,0.767214710
1.130371100,0.767291858
1.130574500,0.763368968
1.130778000,0.759446116
1.130981400,0.759523226
1.131184900,0.755600373
1.131388300,0.755677484
1.131591800,0.747754631
1.131795200,0.747831741
1.131998700,0.743908889
1.132202100,0.743985999
1.132405600,0.740063147
1.132609000,0.740140257
1.132812500,0.736217405
1.133016000,0.736294553
1.133219400,0.736371663
1.133422900,0.732448811
1.133626300,0.728525921
1.133829800,0.724603069
1.134033200,0.724680179
1.134236700,0.720757327
1.134440100,0.720834437
1.134643600,0.720911585
1.134847000,0.716988695
1.135050500,0.721065843
1.135253900,0.717142953
1.135457400,0.717220101
1.135660800,0.713297211
1.135864300,0.709374359
1.136067700,0.709451469
1.136271200,0.705528617
1.136474600,0.705605727
1.136678100,0.705682875
1.136881500,0.705759985
1.137085000,0.705837133
1.137288400,0.701914243
1.137491900,0.701991391
1.137695300,0.702068501
1.137898800,0.698145649
1.138102200,0.694222759
1.138305700,0.694299907
1.138509100,0.694377017
1.138712600,0.694454165
1.138916000,0.690531275
1.139119500,0.690608423
1.139322900,0.690685533
1.139526400,0.690762680
1.139729800,0.690839790
1.139933300,0.682916938
1.140136700,0.682994048
1.140340200,0.683071196
1.140543600,0.683148306
1.140747100,0.679225454
1.140950500,0.679302564
1.141154000,0.679379712
1.141357400,0.679456822
1.141560900,0.675533970
1.141764300,0.675611080
1.141967800,0.675688228
1.142171200,0.667765338
1.142374700,0.671842486
1.142578100,0.667919596
1.142781600,0.667996744
1.142985000,0.664073854
1.143188500,0.664151002
1.143391900,0.664228112
1.143595400,0.660305260
1.143798800,0.660382370
1.144002300,0.660459518
1.144205700,0.656536628
1.144409200,0.656613776
1.144612600,0.652690886
1.144816100,0.648768034
1.145019500,0.648845144
1.145223000,0.648922292
1.145426400,0.644999402
1.145629900,0.645076550
1.145833300,0.645153660
1.146036800,0.641230808
1.146240200,0.641307918
1.146443700,0.637385066
1.146647100,0.637462176
1.146850600,0.633539324
1.147054000,0.629616434
1.147257500,0.629693582
1.147460900,0.625770692
1.147664400,0.621847840
1.147867800,0.621924950
1.148071300,0.618002097
1.148274700,0.618079207
1.148478200,0.614156355
1.148681600,0.614233465
1.148885100,0.610310613
1.149088500,0.610387723
1.149292000,0.606464871
1.149495400,0.598541981
1.149698900,0.598619129
1.149902300,0.594696239
1.150105800,0.594773387
1.150309200,0.590850497
1.150512700,0.586927645
1.150716100,0.587004755
1.150919600,0.583081903
1.151123000,0.579159013
1.151326500,0.579236161
1.151529900,0.575313271
1.151733400,0.571390419
1.151936800,0.563467529
1.152140300,0.563544677
1.152343800,0.559621825
1.152547200,0.555698935
1.152750700,0.551776083
1.152954100,0.547853193
1.153157600,0.547930341
1.153361000,0.544007451
1.153564500,0.540084599
1.153767900,0.536161709
1.153971400,0.532238857
1.154174800,0.528315967
1.154378300,0.524393115
1.154581700,0.516470225
1.154785200,0.512547373
1.154988600,0.508624483
1.155192100,0.504701631
1.155395500,0.500778741
1.155599000,0.496855889
1.155802400,0.492932999
1.156005900,0.485010146
1.156209300,0.481087256
1.156412800,0.477164404
1.156616200,0.473241514
1.156819700,0.469318662
1.157023100,0.461395772
1.157226600,0.457472920
1.157430000,0.445550030
1.157633500,0.441627178
1.157836900,0.437704288
1.158040400,0.429781436
1.158243800,0.425858546
1.158447300,0.417935694
1.158650700,0.414012804
1.158854200,0.406089952
1.159057600,0.402167062
1.159261100,0.394244210
1.159464500,0.386321320
1.159668000,0.382398468
1.159871400,0.374475578
1.160074900,0.366552726
1.160278300,0.358629836
1.160481800,0.350706984
1.160685200,0.342784094
1.160888700,0.334861242
1.161092100,0.330938352
1.161295600,0.319015500
1.161499000,0.315092610
1.161702500,0.307169758
1.161905900,0.299246868
1.162109400,0.291324016
1.162312800,0.283401126
1.162516300,0.279478274
1.162719700,0.267555384
1.162923200,0.263632532
1.163126600,0.255709642
1.163330100,0.243786790
1.163533500,0.235863900
1.163737000,0.227941048
1.163940400,0.220018158
1.164143900,0.216095306
1.164347300,0.208172416
1.164550800,0.200249563
1.164754200,0.192326673
1.164957700,0.188403821
1.165161100,0.180480931
1.165364600,0.176558079
1.165568000,0.168635189
1.165771500,0.164712337
1.165974900,0.156789447
1.166178400,0.152866595
1.166381800,0.144943705
1.166585300,0.141020853
1.166788700,0.133097963
1.166992200,0.129175111
1.167195600,0.125252221
1.167399100,0.121329369
1.167602500,0.117406479
1.167806000,0.117483627
1.168009400,0.113560737
1.168212900,0.109637885
1.168416300,0.109714995
1.168619800,0.105792143
1.168823200,0.105869253
1.169026700,0.101946401
1.169230100,0.102023511
1.169433600,0.102100659
1.169637000,0.102177769
1.169840500,0.098254917
1.170043900,0.102332027
1.170247400,0.102409175
1.170450800,0.102486285
1.170654300,0.106563433
1.170857700,0.106640543
1.171061200,0.106717691
1.171264600,0.106794801
1.171468100,0.114871949
1.171671500,0.114949059
1.171875000,0.119026207
1.172078500,0.127103355
1.172281900,0.127180465
1.172485400,0.131257612
1.172688800,0.143334722
1.172892300,0.143411870
1.173095700,0.147488980
1.173299200,0.151566128
1.173502600,0.159643238
1.173706100,0.163720386
1.173909500,0.167797496
1.174113000,0.179874644
1.174316400,0.183951754
1.174519900,0.188028902
1.174723300,0.200106012
1.174926800,0.208183160
1.175130200,0.212260270
1.175333700,0.216337418
1.175537100,0.232414528
1.175740600,0.236491676
1.175944000,0.240568786
1.176147500,0.256645934
1.176350900,0.260723044
1.176554400,0.268800192
1.176757800,0.284877302
1.176961300,0.288954450
1.177164700,0.297031560
1.177368200,0.297108708
1.177571600,0.313185818
1.177775100,0.321262966
1.177978500,0.325340076
1.178182000,0.341417224
1.178385400,0.349494334
1.178588900,0.353571482
1.178792300,0.369648592
1.178995800,0.377725740
1.179199200,0.381802850
1.179402700,0.401879998
1.179606100,0.405957108
1.179809600,0.414034256
1.180013000,0.418111366
1.180216500,0.434188514
1.180419900,0.442265624
1.180623400,0.450342772
1.180826800,0.466419882
1.181030300,0.470497029
1.181233700,0.478574139
1.181437200,0.494651287
1.181640600,0.498728397
1.181844100,0.502805545
1.182047500,0.510882655
1.182251000,0.526959803
1.182454400,0.531036913
1.182657900,0.539114061
1.182861300,0.555191171
1.183064800,0.559268319
1.183268200,0.567345429
1.183471700,0.583422577
1.183675100,0.587499687
1.183878600,0.595576835
1.184082000,0.599653945
1.184285500,0.615731093
1.184488900,0.623808203
1.184692400,0.627885351
1.184895800,0.643962461
1.185099300,0.652039609
1.185302700,0.656116719
1.185506200,0.672193867
1.185709600,0.680270977
1.185913100,0.684348125
1.186116500,0.692425235
1.186320000,0.708502383
1.186523400,0.708579493
1.186726900,0.712656641
1.186930300,0.728733751
1.187133800,0.736810899
1.187337200,0.740888009
1.187540700,0.756965157
1.187744100,0.761042267
1.187947600,0.769119415
1.188151000,0.773196525
1.188354500,0.789273673
1.188557900,0.793350783
1.188761400,0.801427931
1.188964800,0.813505041
1.189168300,0.821582189
1.189371700,0.825659299
1.189575200,0.841736446
1.189778600,0.845813556
1.189982100,0.853890704
1.190185500,0.865967814
1.190389000,0.874044962
1.190592400,0.878122072
1.190795900,0.882199220
1.190999300,0.898276330
1.191202800,0.902353478
1.191406300,0.910430626
1.191609700,0.922507736
1.191813200,0.926584884
1.192016600,0.934661994
1.192220100,0.942739142
1.192423500,0.950816252
1.192627000,0.954893400
1.192830400,0.958970510
1.193033900,0.975047658
1.193237300,0.979124768
1.193440800,0.983201916
1.193644200,0.999279026
1.193847700,1.003356174
1.194051100,1.007433284
1.194254600,1.019510432
1.194458000,1.027587542
1.194661500,1.031664690
1.194864900,1.035741800
1.195068400,1.047818948
1.195271800,1.055896058
1.195475300,1.059973206
1.195678700,1.072050316
1.195882200,1.076127464
1.196085600,1.080204574
1.196289100,1.096281722
1.196492500,1.100358832
1.196696000,1.104435980
1.196899400,1.108513090
1.197102900,1.120590238
1.197306300,1.124667348
1.197509800,1.128744495
1.197713200,1.140821605
1.197916700,1.144898753
1.198120100,1.148975863
1.198323600,1.161053011
1.198527000,1.165130121
1.198730500,1.169207269
1.198933900,1.181284379
1.199137400,1.185361527
1.199340800,1.185438637
1.199544300,1.189515785
1.199747700,1.201592895
1.199951200,1.205670043
1.200154600,1.209747153
1.200358100,1.221824301
1.200561500,1.225901411
1.200765000,1.225978559
1.200968400,1.238055669
1.201171900,1.242132817
1.201375300,1.246209927
1.201578800,1.250287075
1.201782200,1.258364185
1.201985700,1.262441333
1.202189100,1.266518443
1.202392600,1.274595591
1.202596000,1.278672701
1.202799500,1.282749849
1.203002900,1.290826959
1.203206400,1.294904107
1.203409800,1.298981217
1.203613300,1.299058365
1.203816700,1.311135475
1.204020200,1.315212623
1.204223600,1.315289733
1.204427100,1.323366881
1.204630500,1.327443991
1.204834000,1.331521139
1.205037400,1.339598249
1.205240900,1.339675397
1.205444300,1.343752507
1.205647800,1.347829655
1.205851200,1.355906765
1.206054700,1.355983912
1.206258100,1.360061022
1.206461600,1.368138170
1.206665000,1.368215280
1.206868500,1.372292428
1.207071900,1.380369538
1.207275400,1.380446686
1.207478800,1.384523796
1.207682300,1.392600944
1.207885700,1.392678054
1.208089200,1.396755202
1.208292600,1.396832312
1.208496100,1.404909460
1.208699500,1.404986570
1.208903000,1.409063718
1.209106400,1.417140828
1.209309900,1.417217976
1.209513300,1.417295086
1.209716800,1.425372234
1.209920200,1.425449344
1.210123700,1.429526492
1.210327100,1.429603602
1.210530600,1.437680750
1.210734000,1.437757860
1.210937500,1.437835008
1.211141000,1.445912156
1.211344400,1.441989266
1.211547900,1.446066414
1.211751300,1.450143524
1.211954800,1.450220672
1.212158200,1.454297782
1.212361700,1.454374930
1.212565100,1.458452040
1.212768600,1.462529188
1.212972000,1.462606298
1.213175500,1.466683446
1.213378900,1.470760556
1.213582400,1.470837704
1.213785800,1.474914814
1.213989300,1.474991961
1.214192700,1.479069072
1.214396200,1.479146219
1.214599600,1.483223329
1.214803100,1.483300477
1.215006500,1.483377587
1.215210000,1.491454735
1.215413400,1.491531845
1.215616900,1.491608993
1.215820300,1.495686103
1.216023800,1.495763251
1.216227200,1.495840361
1.216430700,1.499917509
1.216634100,1.503994619
1.216837600,1.504071767
1.217041000,1.504148877
1.217244500,1.508226025
1.217447900,1.508303135
1.217651400,1.508380283
1.217854800,1.512457393
1.218058300,1.512534541
1.218261700,1.512611651
1.218465200,1.520688799
1.218668600,1.520765909
1.218872100,1.520843057
1.219075500,1.520920167
1.219279000,1.524997315
1.219482400,1.525074425
1.219685900,1.525151573
1.219889300,1.529228683
1.220092800,1.529305831
1.220296200,1.529382941
1.220499700,1.533460089
1.220703100,1.533537199
1.220906600,1.533614347
1.221110000,1.533691457
1.221313500,1.537768605
1.221516900,1.537845715
1.221720400,1.537922863
1.221923800,1.541999973
1.222127300,1.542077121
1.222330700,1.542154231
1.222534200,1.546231378
1.222737600,1.546308488
1.222941100,1.546385636
1.223144500,1.546462746
1.223348000,1.550539894
1.223551400,1.550617004
1.223754900,1.550694152
1.223958300,1.554771262
1.224161800,1.554848410
1.224365200,1.554925520
1.224568700,1.559002668
1.224772100,1.559079778
1.224975600,1.559156926
1.225179000,1.559234036
1.225382500,1.563311184
1.225585900,1.563388294
1.225789400,1.563465442
1.225992800,1.567542552
1.226196300,1.567619700
1.226399700,1.567696810
1.226603200,1.571773958
1.226806600,1.571851068
1.227010100,1.571928216
1.227213500,1.576005326
1.227417000,1.576082474
1.227620400,1.580159584
1.227823900,1.580236732
1.228027300,1.584313842
1.228230800,1.584390990
1.228434200,1.584468100
1.228637700,1.588545248
1.228841100,1.588622358
1.229044600,1.588699506
1.229248000,1.592776616
1.229451500,1.592853764
1.229654900,1.592930874
1.229858400,1.593008022
1.230061800,1.597085132
1.230265300,1.597162280
1.230468700,1.597239390
1.230672200,1.601316538
1.230875700,1.601393685
1.231079100,1.601470795
1.231282600,1.605547943
1.231486000,1.605625053
1.231689500,1.605702201
1.231892900,1.605779311
1.232096400,1.609856459
1.232299800,1.609933569
1.232503300,1.610010717
1.232706700,1.614087827
1.232910200,1.614164975
1.233113600,1.614242085
1.233317100,1.618319233
1.233520500,1.618396343
1.233724000,1.618473491
1.233927400,1.618550601
1.234130900,1.622627749
1.234334300,1.618704859
1.234537800,1.618782007
1.234741200,1.622859117
1.234944700,1.622936265
1.235148100,1.623013375
1.235351600,1.627090523
1.235555000,1.627167633
1.235758500,1.627244781
1.235961900,1.627321891
1.236165400,1.627399039
1.236368800,1.627476149
1.236572300,1.627553297
1.236775700,1.631630407
1.236979200,1.627707555
1.237182600,1.627784665
1.237386100,1.631861813
1.237589500,1.631938923
1.237793000,1.632016071
1.237996400,1.632093181
1.238199900,1.632170329
1.238403300,1.632247439
1.238606800,1.628324587
1.238810200,1.632401697
1.239013700,1.632478844
1.239217100,1.628555955
1.239420600,1.636633102
1.239624000,1.636710212
1.239827500,1.632787360
1.240030900,1.636864470
1.240234400,1.632941618
1.240437800,1.633018728
1.240641300,1.633095876
1.240844700,1.633172986
1.241048200,1.633250134
1.241251600,1.629327244
1.241455100,1.633404392
1.241658500,1.629481502
1.241862000,1.629558650
1.242065400,1.629635760
1.242268900,1.625712908
1.242472300,1.625790018
1.242675800,1.625867166
1.242879200,1.625944276
1.243082700,1.622021424
1.243286100,1.622098534
1.243489600,1.622175682
1.243693000,1.618252792
1.243896500,1.618329940
1.244099900,1.614407050
1.244303400,1.614484198
1.244506800,1.610561308
1.244710300,1.610638456
1.244913700,1.610715566
1.245117200,1.606792714
1.245320600,1.602869824
1.245524100,1.602946972
1.245727500,1.599024082
1.245931000,1.599101230
1.246134400,1.595178340
1.246337900,1.595255488
1.246541300,1.595332598
1.246744800,1.595409746
1.246948200,1.591486856
1.247151700,1.587564004
1.247355100,1.587641114
1.247558600,1.583718261
1.247762000,1.579795371
1.247965500,1.579872519
1.248168900,1.575949629
1.248372400,1.572026777
1.248575800,1.568103887
1.248779300,1.568181035
1.248982700,1.564258145
1.249186200,1.560335293
1.249389600,1.556412403
1.249593100,1.552489551
1.249796500,1.552566661
1.250000000,1.548643809
1.250203500,1.544720957
1.250406900,1.540798067
1.250610400,1.536875215
1.250813800,1.532952325
1.251017300,1.533029473
1.251220700,1.529106583
1.251424200,1.525183731
1.251627600,1.521260841
1.251831100,1.517337989
1.252034500,1.517415099
1.252238000,1.513492247
1.252441400,1.509569357
1.252644900,1.505646505
1.252848300,1.501723615
1.253051800,1.497800763
1.253255200,1.493877873
1.253458700,1.489955021
1.253662100,1.486032131
1.253865600,1.482109279
1.254069000,1.478186389
1.254272500,1.474263537
1.254475900,1.470340647
1.254679400,1.466417795
1.254882800,1.462494905
1.255086300,1.458572053
1.255289700,1.454649163
1.255493200,1.446726310
1.255696600,1.442803421
1.255900100,1.438880568
1.256103500,1.434957678
1.256307000,1.431034826
1.256510400,1.427111936
1.256713900,1.427189084
1.256917300,1.419266194
1.257120800,1.415343342
1.257324200,1.411420452
1.257527700,1.407497600
1.257731100,1.403574710
1.257934600,1.399651858
1.258138000,1.395728968
1.258341500,1.387806116
1.258544900,1.383883226
1.258748400,1.379960374
1.258951800,1.372037484
1.259155300,1.368114632
1.259358700,1.364191742
1.259562200,1.360268890
1.259765600,1.352346000
1.259969100,1.348423148
1.260172500,1.344500258
1.260376000,1.340577406
1.260579400,1.332654516
1.260782900,1.332731664
1.260986300,1.328808774
1.261189800,1.320885922
1.261393200,1.316963032
1.261596700,1.313040180
1.261800100,1.305117290
1.262003600,1.301194438
1.262207000,1.297271548
1.262410500,1.289348696
1.262613900,1.285425806
1.262817400,1.281502954
1.263020800,1.273580064
1.263224300,1.269657212
1.263427700,1.265734322
1.263631200,1.257811470
1.263834600,1.253888580
1.264038100,1.245965727
1.264241500,1.242042838
1.264445000,1.234119985
1.264648400,1.234197095
1.264851900,1.230274243
1.265055300,1.222351353
1.265258800,1.218428501
1.265462200,1.214505611
1.265665700,1.206582759
1.265869100,1.202659869
1.266072600,1.194737017
1.266276000,1.190814127
1.266479500,1.182891275
1.266682900,1.178968385
1.266886400,1.175045533
1.267089800,1.167122643
1.267293300,1.163199791
1.267496700,1.155276901
1.267700200,1.151354049
1.267903600,1.143431159
1.268107100,1.143508307
1.268310500,1.135585417
1.268514000,1.131662565
1.268717400,1.127739675
1.268920900,1.119816823
1.269124300,1.115893933
1.269327800,1.107971081
1.269531200,1.104048191
1.269734700,1.096125339
1.269938200,1.092202487
1.270141600,1.088279597
1.270345100,1.080356745
1.270548500,1.076433855
1.270752000,1.068511003
1.270955400,1.064588113
1.271158900,1.056665261
1.271362300,1.056742371
1.271565800,1.048819519
1.271769200,1.044896629
1.271972700,1.036973776
1.272176100,1.033050887
1.272379600,1.025128034
1.272583000,1.021205144
1.272786500,1.017282292
1.272989900,1.009359402
1.273193400,1.005436550
1.273396800,0.997513660
1.273600300,0.993590808
1.273803700,0.985667918
1.274007200,0.981745066
1.274210600,0.973822176
1.274414100,0.973899324
1.274617500,0.965976434
1.274821000,0.962053582
1.275024400,0.954130692
1.275227900,0.950207840
1.275431300,0.942284950
1.275634800,0.938362098
1.275838200,0.930439208
1.276041700,0.926516356
1.276245100,0.918593466
1.276448600,0.914670614
1.276652000,0.906747724
1.276855500,0.902824872
1.277058900,0.894901982
1.277262400,0.894979130
1.277465800,0.887056240
1.277669300,0.883133388
1.277872700,0.875210498
1.278076200,0.867287646
1.278279600,0.863364756
1.278483100,0.855441904
1.278686500,0.851519014
1.278890000,0.843596162
1.279093400,0.835673272
1.279296900,0.831750420
1.279500300,0.823827530
1.279703800,0.819904678
1.279907200,0.815981788
1.280110700,0.808058936
1.280314100,0.804136046
1.280517600,0.796213193
1.280721000,0.788290304
1.280924500,0.784367451
1.281127900,0.776444561
1.281331400,0.768521709
1.281534800,0.764598819
1.281738300,0.756675967
1.281941700,0.748753077
1.282145200,0.744830225
1.282348600,0.736907335
1.282552100,0.732984483
1.282755500,0.725061593
1.282959000,0.721138741
1.283162400,0.713215851
1.283365900,0.705292999
1.283569300,0.697370109
1.283772800,0.693447257
1.283976200,0.685524367
1.284179700,0.677601515
1.284383100,0.669678625
1.284586600,0.661755773
1.284790000,0.653832883
1.284993500,0.653910031
1.285196900,0.641987141
1.285400400,0.638064289
1.285603800,0.630141399
1.285807300,0.622218547
1.286010700,0.614295657
1.286214200,0.606372805
1.286417600,0.598449915
1.286621100,0.590527063
1.286824500,0.582604173
1.287028000,0.574681321
1.287231400,0.566758431
1.287434900,0.562835579
1.287638300,0.554912689
1.287841800,0.546989837
1.288045200,0.539066947
1.288248700,0.531144095
1.288452100,0.523221205
1.288655600,0.515298353
1.288859000,0.507375463
1.289062500,0.499452610
1.289266000,0.487529758
1.289469400,0.479606868
1.289672900,0.475684016
1.289876300,0.463761126
1.290079800,0.455838274
1.290283200,0.451915384
1.290486700,0.443992532
1.290690100,0.432069642
1.290893600,0.424146790
1.291097000,0.416223900
1.291300500,0.404301048
1.291503900,0.396378158
1.291707400,0.388455306
1.291910800,0.376532416
1.292114300,0.368609564
1.292317700,0.360686674
1.292521200,0.352763822
1.292724600,0.340840932
1.292928100,0.332918080
1.293131500,0.324995190
1.293335000,0.309072338
1.293538400,0.301149448
1.293741900,0.293226596
1.293945300,0.277303706
1.294148800,0.273380854
1.294352200,0.265457964
1.294555700,0.249535112
1.294759100,0.241612222
1.294962600,0.229689370
1.295166000,0.221766480
1.295369500,0.205843628
1.295572900,0.193920738
1.295776400,0.185997886
1.295979800,0.170074996
1.296183300,0.158152144
1.296386700,0.154229254
1.296590200,0.138306402
1.296793600,0.126383512
1.296997100,0.118460659
1.297200500,0.106537770
1.297404000,0.086614917
1.297607400,0.078692027
1.297810900,0.066769175
1.298014300,0.046846285
1.298217800,0.034923433
1.298421200,0.031000543
1.298624700,0.011077691
1.298828100,-0.000845199
1.299031600,-0.012768051
1.299235000,-0.024690941
1.299438500,-0.044613793
1.299641900,-0.060536683
1.299845400,-0.072459535
1.300048800,-0.092382425
1.300252300,-0.100305277
1.300455700,-0.116228167
1.300659200,-0.136151019
1.300862600,-0.152073909
1.301066100,-0.163996761
1.301269500,-0.175919651
1.301473000,-0.199842503
1.301676400,-0.215765393
1.301879900,-0.231688245
1.302083300,-0.255611135
1.302286800,-0.263533987
1.302490200,-0.279456877
1.302693700,-0.307379729
1.302897100,-0.319302619
1.303100600,-0.335225471
1.303304000,-0.363148361
1.303507500,-0.379071213
1.303710900,-0.394994103
1.303914400,-0.410916955
1.304117800,-0.434839845
1.304321300,-0.450762697
1.304524700,-0.466685587
1.304728200,-0.494608439
1.304931600,-0.510531329
1.305135100,-0.526454181
1.305338500,-0.554377071
1.305542000,-0.570299924
1.305745400,-0.586222813
1.305948900,-0.598145666
1.306152300,-0.626068556
1.306355800,-0.641991408
1.306559200,-0.657914298
1.306762700,-0.689837150
1.306966100,-0.705760040
1.307169600,-0.721682892
1.307373000,-0.749605782
1.307576500,-0.765528634
1.307779900,-0.773451524
1.307983400,-0.789374376
1.308186800,-0.817297266
1.308390300,-0.833220118
1.308593700,-0.849143008
1.308797200,-0.873065860
1.309000700,-0.884988712
1.309204100,-0.900911602
1.309407600,-0.924834454
1.309611000,-0.932757344
1.309814500,-0.944680196
1.310017900,-0.960603086
1.310221400,-0.980525938
1.310424800,-0.992448828
1.310628300,-1.004371680
1.310831700,-1.020294570
1.311035200,-1.032217422
1.311238600,-1.040140312
1.311442100,-1.052063164
1.311645500,-1.063986054
1.311849000,-1.071908906
1.312052400,-1.079831796
1.312255900,-1.091754648
1.312459300,-1.099677538
1.312662800,-1.103600390
1.312866200,-1.115523280
1.313069700,-1.115446132
1.313273100,-1.119369022
1.313476600,-1.127291874
1.313680000,-1.131214764
1.313883500,-1.135137617
1.314086900,-1.135060507
1.314290400,-1.138983359
1.314493800,-1.142906249
1.314697300,-1.138829101
1.314900700,-1.138751991
1.315104200,-1.138674843
1.315307600,-1.138597733
1.315511100,-1.134520585
1.315714500,-1.134443475
1.315918000,-1.130366327
1.316121400,-1.122289217
1.316324900,-1.118212069
1.316528300,-1.114134959
1.316731800,-1.114057811
1.316935200,-1.101980701
1.317138700,-1.097903553
1.317342100,-1.093826443
1.317545600,-1.081749295
1.317749000,-1.077672185
1.317952500,-1.065595037
1.318155900,-1.053517927
1.318359400,-1.045440779
1.318562800,-1.041363669
1.318766300,-1.033286521
1.318969700,-1.017209411
1.319173200,-1.009132263
1.319376600,-1.005055153
1.319580100,-0.980978005
1.319783500,-0.976900895
1.319987000,-0.968823747
1.320190400,-0.948746637
1.320393900,-0.940669489
1.320597300,-0.932592379
1.320800800,-0.924515231
1.321004200,-0.904438121
1.321207700,-0.892360973
1.321411100,-0.884283863
1.321614600,-0.864206715
1.321818000,-0.856129605
1.322021500,-0.848052458
1.322224900,-0.827975347
1.322428400,-0.819898200
1.322631800,-0.807821090
1.322835300,-0.787743942
1.323038700,-0.779666832
1.323242200,-0.771589684
1.323445600,-0.763512574
1.323649100,-0.739435426
1.323852500,-0.731358316
1.324056000,-0.723281168
1.324259400,-0.699204058
1.324462900,-0.691126910
1.324666300,-0.683049800
1.324869800,-0.662972652
1.325073200,-0.654895542
1.325276700,-0.646818394
1.325480100,-0.638741284
1.325683600,-0.614664136
1.325887000,-0.606587026
1.326090500,-0.598509878
1.326293900,-0.582432768
1.326497400,-0.574355620
1.326700800,-0.566278510
1.326904300,-0.546201362
1.327107700,-0.534124252
1.327311200,-0.526047104
1.327514600,-0.521969994
1.327718100,-0.501892846
1.327921500,-0.493815736
1.328125000,-0.485738588
1.328328500,-0.469661440
1.328531900,-0.457584330
1.328735400,-0.449507182
1.328938800,-0.433430072
1.329142300,-0.425352924
1.329345700,-0.417275814
1.329549200,-0.413198666
1.329752600,-0.393121556
1.329956100,-0.385044408
1.330159500,-0.376967298
1.330363000,-0.360890151
1.330566400,-0.352813041
1.330769900,-0.344735893
1.330973300,-0.328658783
1.331176800,-0.324581635
1.331380200,-0.312504525
1.331583700,-0.304427377
1.331787100,-0.288350267
1.331990600,-0.284273119
1.332194000,-0.276196009
1.332397500,-0.260118861
1.332600900,-0.256041751
1.332804400,-0.243964603
1.333007800,-0.227887493
1.333211300,-0.223810345
1.333414700,-0.215733235
1.333618200,-0.199656087
1.333821600,-0.195578977
1.334025100,-0.187501829
1.334228500,-0.179424719
1.334432000,-0.163347571
1.334635400,-0.159270461
1.334838900,-0.151193313
1.335042300,-0.135116203
1.335245800,-0.131039055
1.335449200,-0.122961945
1.335652700,-0.106884797
1.335856100,-0.102807687
1.336059600,-0.094730539
1.336263000,-0.090653429
1.336466500,-0.074576281
1.336669900,-0.070499171
1.336873400,-0.062422023
1.337076800,-0.046344913
1.337280300,-0.042267765
1.337483700,-0.038190655
1.337687200,-0.022113507
1.337890600,-0.018036397
1.338094100,-0.013959249
1.338297500,-0.005882139
1.338501000,0.010195009
1.338704400,0.014272119
1.338907900,0.018349266
1.339111300,0.034426376
1.339314800,0.038503524
1.339518200,0.046580634
1.339721700,0.058657782
1.339925100,0.062734892
1.340128600,0.066812040
1.340332000,0.070889150
1.340535500,0.082966298
1.340738900,0.095043408
1.340942400,0.099120556
1.341145800,0.111197666
1.341349300,0.115274814
1.341552700,0.119351924
1.341756200,0.131429072
1.341959600,0.135506182
1.342163100,0.143583330
1.342366500,0.151660440
1.342570000,0.155737588
1.342773400,0.159814698
1.342976900,0.163891846
1.343180300,0.175968956
1.343383800,0.184046104
1.343587200,0.188123214
1.343790700,0.196200362
1.343994100,0.200277472
1.344197600,0.204354620
1.344401000,0.216431730
1.344604500,0.220508878
1.344807900,0.224585988
1.345011400,0.228663136
1.345214800,0.236740246
1.345418300,0.240817394
1.345621700,0.244894504
1.345825200,0.256971652
1.346028600,0.261048762
1.346232100,0.265125910
1.346435500,0.273203020
1.346639000,0.273280168
1.346842400,0.277357278
1.347045900,0.285434425
1.347249300,0.293511536
1.347452800,0.293588683
1.347656200,0.297665793
1.347859700,0.305742941
1.348063200,0.309820089
1.348266600,0.313897199
1.348470100,0.321974347
1.348673500,0.322051457
1.348877000,0.326128605
1.349080400,0.326205715
1.349283900,0.334282863
1.349487300,0.342359973
1.349690800,0.342437121
1.349894200,0.350514231
1.350097700,0.350591379
1.350301100,0.354668489
1.350504600,0.358745637
1.350708000,0.366822747
1.350911500,0.366899895
1.351114900,0.370977005
1.351318400,0.375054153
1.351521800,0.375131263
1.351725300,0.379208411
1.351928700,0.387285521
1.352132200,0.387362669
1.352335600,0.387439779
1.352539100,0.395516927
1.352742500,0.395594037
1.352946000,0.399671185
1.353149400,0.403748295
1.353352900,0.407825443
1.353556300,0.407902553
1.353759800,0.407979701
1.353963200,0.412056811
1.354166700,0.416133959
1.354370100,0.416211069
1.354573600,0.424288217
1.354777000,0.424365327
1.354980500,0.424442475
1.355183900,0.428519585
1.355387400,0.432596732
1.355590800,0.432673842
1.355794300,0.432750990
1.355997700,0.440828100
1.356201200,0.440905248
1.356404600,0.444982358
1.356608100,0.449059506
1.356811500,0.449136616
1.357015000,0.449213764
1.357218400,0.453290874
1.357421900,0.453368022
1.357625300,0.457445132
1.357828800,0.457522280
1.358032200,0.461599390
1.358235700,0.461676538
1.358439100,0.461753648
1.358642600,0.473830796
1.358846000,0.473907906
1.359049500,0.473985054
1.359252900,0.478062164
1.359456400,0.478139312
1.359659800,0.478216422
1.359863300,0.482293570
1.360066700,0.486370680
1.360270200,0.486447828
1.360473600,0.486524938
1.360677100,0.490602086
1.360880500,0.494679196
1.361084000,0.494756344
1.361287400,0.498833454
1.361490900,0.498910602
1.361694300,0.498987712
1.361897800,0.511064860
1.362101200,0.511141970
1.362304700,0.511219118
1.362508100,0.511296228
1.362711600,0.515373376
1.362915000,0.515450486
1.363118500,0.519527634
1.363321900,0.523604744
1.363525400,0.523681891
1.363728800,0.523759002
1.363932300,0.527836149
1.364135700,0.531913259
1.364339200,0.531990407
1.364542600,0.532067517
1.364746100,0.540144665
1.364949500,0.540221775
1.365153000,0.544298923
1.365356400,0.548376033
1.365559900,0.548453181
1.365763300,0.548530291
1.365966800,0.552607439
1.366170200,0.556684549
1.366373700,0.556761697
1.366577100,0.556838807
1.366780600,0.560915955
1.366984000,0.560993065
1.367187500,0.565070213
1.367391000,0.569147361
1.367594400,0.569224471
1.367797900,0.569301619
1.368001300,0.573378729
1.368204800,0.577455877
1.368408200,0.577532987
1.368611700,0.577610135
1.368815100,0.581687245
1.369018600,0.581764393
1.369222000,0.585841503
1.369425500,0.589918651
1.369628900,0.589995761
1.369832400,0.590072909
1.370035800,0.594150019
1.370239300,0.598227167
1.370442700,0.598304277
1.370646200,0.602381425
1.370849600,0.602458535
1.371053100,0.602535683
1.371256500,0.606612793
1.371460000,0.606689941
1.371663400,0.606767051
1.371866900,0.606844198
1.372070300,0.610921308
1.372273800,0.614998456
1.372477200,0.615075566
1.372680700,0.619152714
1.372884100,0.615229824
1.373087600,0.615306972
1.373291000,0.619384082
1.373494500,0.623461230
1.373697900,0.623538340
1.373901400,0.619615488
1.374104800,0.623692598
1.374308300,0.627769746
1.374511700,0.627846856
1.374715200,0.627924004
1.374918600,0.628001114
1.375122100,0.628078262
1.375325500,0.632155372
1.375529000,0.632232520
1.375732400,0.632309630
1.375935900,0.632386778
1.376139300,0.632463888
1.376342800,0.636541036
1.376546200,0.636618146
1.376749700,0.636695294
1.376953100,0.636772404
1.377156600,0.636849552
1.377360000,0.640926662
1.377563500,0.641003810
1.377766900,0.641080920
1.377970400,0.637158068
1.378173800,0.645235178
1.378377300,0.641312326
1.378580700,0.641389436
1.378784200,0.645466584
1.378987600,0.641543694
1.379191100,0.645620842
1.379394500,0.645697952
1.379598000,0.645775100
1.379801400,0.641852210
1.380004900,0.641929358
1.380208300,0.646006468
1.380411800,0.646083615
1.380615200,0.646160725
1.380818700,0.646237873
1.381022100,0.642314983
1.381225600,0.646392131
1.381429000,0.646469241
1.381632500,0.646546389
1.381835900,0.642623499
1.382039400,0.646700647
1.382242800,0.646777757
1.382446300,0.646854905
1.382649700,0.642932015
1.382853200,0.643009163
1.383056600,0.647086273
1.383260100,0.647163421
1.383463500,0.647240531
1.383667000,0.643317679
1.383870400,0.647394789
1.384073900,0.643471937
1.384277300,0.643549047
1.384480800,0.643626195
1.384684200,0.639703305
1.384887700,0.643780453
1.385091100,0.643857563
1.385294600,0.639934711
1.385498000,0.640011821
1.385701500,0.644088969
1.385904900,0.640166079
1.386108400,0.640243227
1.386311800,0.640320337
1.386515300,0.636397485
1.386718700,0.640474595
1.386922200,0.640551743
1.387125700,0.636628891
1.387329100,0.632706001
1.387532600,0.636783149
1.387736000,0.636860259
1.387939500,0.632937407
1.388142900,0.633014517
1.388346400,0.629091664
1.388549800,0.633168774
1.388753300,0.629245922
1.388956700,0.629323032
1.389160200,0.629400180
1.389363600,0.629477290
1.389567100,0.629554438
1.389770500,0.625631548
1.389974000,0.625708696
1.390177400,0.621785806
1.390380900,0.625862954
1.390584300,0.621940064
1.390787800,0.618017212
1.390991200,0.618094322
1.391194700,0.622171470
1.391398100,0.618248580
1.391601600,0.618325728
1.391805000,0.614402838
1.392008500,0.614479986
1.392211900,0.614557096
1.392415400,0.610634244
1.392618800,0.610711354
1.392822300,0.606788502
1.393025700,0.610865612
1.393229200,0.606942760
1.393432600,0.603019870
1.393636100,0.603097018
1.393839500,0.603174128
1.394043000,0.603251276
1.394246400,0.599328386
1.394449900,0.599405534
1.394653300,0.599482644
1.394856800,0.595559792
1.395060200,0.595636902
1.395263700,0.591714050
1.395467100,0.591791160
1.395670600,0.591868308
1.395874000,0.591945418
1.396077500,0.588022566
1.396280900,0.584099676
1.396484400,0.588176824
1.396687800,0.584253934
1.396891300,0.580331081
1.397094700,0.580408191
1.397298200,0.580485339
1.397501600,0.580562449
1.397705100,0.576639597
1.397908500,0.572716707
1.398112000,0.576793855
1.398315400,0.572870965
1.398518900,0.572948113
1.398722300,0.569025223
1.398925800,0.569102371
1.399129200,0.569179481
1.399332700,0.565256629
1.399536100,0.561333739
1.399739600,0.565410887
1.399943000,0.561487997
1.400146500,0.557565145
1.400349900,0.557642255
1.400553400,0.553719403
1.400756800,0.553796513
1.400960300,0.553873661
1.401163700,0.549950771
1.401367200,0.546027919
1.401570600,0.550105029
1.401774100,0.546182177
1.401977500,0.546259287
1.402181000,0.542336435
1.402384400,0.542413545
1.402587900,0.542490693
1.402791300,0.538567803
1.402994800,0.534644951
1.403198200,0.538722061
1.403401700,0.534799209
1.403605100,0.530876319
1.403808600,0.530953467
1.404012000,0.531030577
1.404215500,0.527107725
1.404418900,0.527184835
1.404622400,0.523261983
1.404825800,0.523339093
1.405029300,0.523416241
1.405232700,0.519493351
1.405436200,0.515570498
1.405639600,0.515647608
1.405843100,0.515724756
1.406046500,0.511801866
1.406250000,0.507879014
1.406453500,0.511956162
1.406656900,0.508033272
1.406860400,0.504110420
1.407063800,0.504187530
1.407267300,0.504264678
1.407470700,0.500341788
1.407674200,0.496418936
1.407877600,0.496496046
1.408081100,0.496573194
1.408284500,0.492650304
1.408488000,0.492727452
1.408691400,0.488804562
1.408894900,0.488881710
1.409098300,0.484958820
1.409301800,0.485035968
1.409505200,0.481113078
1.409708700,0.481190226
1.409912100,0.481267336
1.410115600,0.477344484
1.410319000,0.473421594
1.410522500,0.477498742
1.410725900,0.473575852
1.410929400,0.469653000
1.411132800,0.465730110
1.411336300,0.469807258
1.411539700,0.465884368
1.411743200,0.461961516
1.411946600,0.466038626
1.412150100,0.462115774
1.412353500,0.458192884
1.412557000,0.458270032
1.412760400,0.458347142
1.412963900,0.454424290
1.413167300,0.454501400
1.413370800,0.450578547
1.413574200,0.450655657
1.413777700,0.450732805
1.413981100,0.446809915
1.414184600,0.442887063
1.414388000,0.446964173
1.414591500,0.443041321
1.414794900,0.439118431
1.414998400,0.439195579
1.415201800,0.439272689
1.415405300,0.439349837
1.415608700,0.435426947
1.415812200,0.431504095
1.416015600,0.435581205
1.416219100,0.431658353
1.416422500,0.427735463
1.416626000,0.431812611
1.416829400,0.427889721
1.417032900,0.427966869
1.417236300,0.424043979
1.417439800,0.428121127
1.417643200,0.424198237
1.417846700,0.424275385
1.418050100,0.420352495
1.418253600,0.420429643
1.418457000,0.420506753
1.418660500,0.416583901
1.418863900,0.416661011
1.419067400,0.416738159
1.419270800,0.416815269
1.419474300,0.412892417
1.419677700,0.412969527
1.419881200,0.413046675
1.420084600,0.413123785
1.420288100,0.409200933
1.420491500,0.413278043
1.420695000,0.409355191
1.420898400,0.405432301
1.421101900,0.405509449
1.421305300,0.405586559
1.421508800,0.405663707
1.421712200,0.401740817
1.421915700,0.405817964
1.422119100,0.401895074
1.422322600,0.397972222
1.422526000,0.398049332
1.422729500,0.402126480
1.422932900,0.398203590
1.423136400,0.394280738
1.423339800,0.394357848
1.423543300,0.394434996
1.423746700,0.390512106
1.423950200,0.390589254
1.424153600,0.390666364
1.424357100,0.390743512
1.424560500,0.386820622
1.424764000,0.386897770
1.424967400,0.386974880
1.425170900,0.383052028
1.425374300,0.383129138
1.425577800,0.383206286
1.425781200,0.379283396
1.425984700,0.379360544
1.426188200,0.375437692
1.426391600,0.379514802
1.426595100,0.375591950
1.426798500,0.371669060
1.427002000,0.371746208
1.427205400,0.371823318
1.427408900,0.367900466
1.427612300,0.367977576
1.427815800,0.368054724
1.428019200,0.364131834
1.428222700,0.364208982
1.428426100,0.360286092
1.428629600,0.360363240
1.428833000,0.356440350
1.429036500,0.356517498
1.429239900,0.356594608
1.429443400,0.352671756
1.429646800,0.352748866
1.429850300,0.348826013
1.430053700,0.348903124
1.430257200,0.344980271
1.430460600,0.345057381
1.430664100,0.345134529
1.430867500,0.341211639
1.431071000,0.341288787
1.431274400,0.337365897
1.431477900,0.337443045
1.431681300,0.337520155
1.431884800,0.333597303
1.432088200,0.337674413
1.432291700,0.333751561
1.432495100,0.329828671
1.432698600,0.329905819
1.432902000,0.329982929
1.433105500,0.326060077
1.433308900,0.326137187
1.433512400,0.326214335
1.433715800,0.326291445
1.433919300,0.322368593
1.434122700,0.322445703
1.434326200,0.326522851
1.434529600,0.322599961
1.434733100,0.322677109
1.434936500,0.322754219
1.435140000,0.322831367
1.435343400,0.322908477
1.435546900,0.326985625
1.435750300,0.323062735
1.435953800,0.323139883
1.436157200,0.323216993
1.436360700,0.327294141
1.436564100,0.327371251
1.436767600,0.327448399
1.436971000,0.331525509
1.437174500,0.331602657
1.437377900,0.331679767
1.437581400,0.331756915
1.437784800,0.335834025
1.437988300,0.339911173
1.438191700,0.339988283
1.438395200,0.344065430
1.438598600,0.344142540
1.438802100,0.352219688
1.439005500,0.356296798
1.439209000,0.356373946
1.439412400,0.360451056
1.439615900,0.364528204
1.439819300,0.368605314
1.440022800,0.376682462
1.440226200,0.376759572
1.440429700,0.380836720
1.440633100,0.384913830
1.440836600,0.392990978
1.441040000,0.397068088
1.441243500,0.401145236
1.441446900,0.409222346
1.441650400,0.413299494
1.441853800,0.417376604
1.442057300,0.429453752
1.442260700,0.433530862
1.442464200,0.437608010
1.442667600,0.441685120
1.442871100,0.453762268
1.443074500,0.461839378
1.443278000,0.465916526
1.443481400,0.473993636
1.443684900,0.478070784
1.443888300,0.486147894
1.444091800,0.498225042
1.444295200,0.502302152
1.444498700,0.510379300
1.444702100,0.514456410
1.444905600,0.530533558
1.445109000,0.538610668
1.445312500,0.542687816
1.445516000,0.554764964
1.445719400,0.562842074
1.445922900,0.570919222
1.446126300,0.582996332
1.446329800,0.587073479
1.446533200,0.595150590
1.446736700,0.611227737
1.446940100,0.615304847
1.447143600,0.623381995
1.447347000,0.631459105
1.447550500,0.643536253
1.447753900,0.655613363
1.447957400,0.659690511
1.448160800,0.671767621
1.448364300,0.683844769
1.448567700,0.687921879
1.448771200,0.703999027
1.448974600,0.708076137
1.449178100,0.716153285
1.449381500,0.724230395
1.449585000,0.736307543
1.449788400,0.748384653
1.449991900,0.752461801
1.450195300,0.764538911
1.450398800,0.776616059
1.450602200,0.780693169
1.450805700,0.796770317
1.451009100,0.804847427
1.451212600,0.808924575
1.451416000,0.817001685
1.451619500,0.833078833
1.451822900,0.837155943
1.452026400,0.845233091
1.452229800,0.861310201
1.452433300,0.865387349
1.452636700,0.873464459
1.452840200,0.885541607
1.453043600,0.893618717
1.453247100,0.901695865
1.453450500,0.905772975
1.453654000,0.921850123
1.453857400,0.929927233
1.454060900,0.934004381
1.454264300,0.950081491
1.454467800,0.954158639
1.454671200,0.958235749
1.454874700,0.978312896
1.455078100,0.982390006
1.455281600,0.986467154
1.455485000,0.994544264
1.455688500,1.006621412
1.455891900,1.014698522
1.456095400,1.022775670
1.456298800,1.034852780
1.456502300,1.038929928
1.456705700,1.047007038
1.456909200,1.059084186
1.457112600,1.063161296
1.457316100,1.071238444
1.457519500,1.083315554
1.457723000,1.087392702
1.457926400,1.095469812
1.458129900,1.099546960
1.458333300,1.111624070
1.458536800,1.115701218
1.458740200,1.123778328
1.458943700,1.135855476
1.459147100,1.139932586
1.459350600,1.148009734
1.459554000,1.160086844
1.459757500,1.164163992
1.459960900,1.172241102
1.460164400,1.176318250
1.460367800,1.188395360
1.460571300,1.192472508
1.460774700,1.196549618
1.460978200,1.208626766
1.461181600,1.216703876
1.461385100,1.220781024
1.461588500,1.228858134
1.461792000,1.236935282
1.461995400,1.241012392
1.462198900,1.245089540
1.462402300,1.257166650
1.462605800,1.261243798
1.462809200,1.265320908
1.463012700,1.277398056
1.463216100,1.281475166
1.463419600,1.285552313
1.463623000,1.297629423
1.463826500,1.301706571
1.464029900,1.305783681
1.464233400,1.309860829
1.464436800,1.321937939
1.464640300,1.322015087
1.464843700,1.330092197
1.465047200,1.338169345
1.465250700,1.342246493
1.465454100,1.346323603
1.465657600,1.358400751
1.465861000,1.358477861
1.466064500,1.366555009
1.466267900,1.374632119
1.466471400,1.374709267
1.466674800,1.382786377
1.466878300,1.382863525
1.467081700,1.394940635
1.467285200,1.399017783
1.467488600,1.403094893
1.467692100,1.411172041
1.467895500,1.415249151
1.468099000,1.415326299
1.468302400,1.423403409
1.468505900,1.431480557
1.468709300,1.431557667
1.468912800,1.435634815
1.469116200,1.447711925
1.469319700,1.447789073
1.469523100,1.451866183
1.469726600,1.459943331
1.469930000,1.464020441
1.470133500,1.468097589
1.470336900,1.476174699
1.470540400,1.476251847
1.470743800,1.480328957
1.470947300,1.484406105
1.471150700,1.488483215
1.471354200,1.496560362
1.471557600,1.496637473
1.471761100,1.504714620
1.471964500,1.508791730
1.472168000,1.508868878
1.472371400,1.516945988
1.472574900,1.521023136
1.472778300,1.521100246
1.472981800,1.521177394
1.473185200,1.533254504
1.473388700,1.533331652
1.473592100,1.533408762
1.473795600,1.545485910
1.473999000,1.545563020
1.474202500,1.545640168
1.474405900,1.557717278
1.474609400,1.557794426
1.474812800,1.561871536
1.475016300,1.569948684
1.475219700,1.570025794
1.475423200,1.574102942
1.475626600,1.574180052
1.475830100,1.582257200
1.476033500,1.586334310
1.476237000,1.586411458
1.476440400,1.594488568
1.476643900,1.598565716
1.476847300,1.598642826
1.477050800,1.602719974
1.477254200,1.606797084
1.477457700,1.610874232
1.477661100,1.610951342
1.477864600,1.619028490
1.478068000,1.619105600
1.478271500,1.619182748
1.478474900,1.631259858
1.478678400,1.631337006
1.478881800,1.635414116
1.479085300,1.639491264
1.479288700,1.643568374
1.479492200,1.647645522
1.479695600,1.647722632
1.479899100,1.651799779
1.480102500,1.655876889
1.480306000,1.659954037
1.480509400,1.664031147
1.480712900,1.668108295
1.480916300,1.668185405
1.481119800,1.672262553
1.481323200,1.680339663
1.481526700,1.680416811
1.481730100,1.684493921
1.481933600,1.688571069
1.482137000,1.688648179
1.482340500,1.696725327
1.482543900,1.700802437
1.482747400,1.700879585
1.482950800,1.704956695
1.483154300,1.709033843
1.483357700,1.709110953
1.483561200,1.717188101
1.483764600,1.717265211
1.483968100,1.725342359
1.484171500,1.725419469
1.484375000,1.725496617
1.484578500,1.733573765
1.484781900,1.737650875
1.484985400,1.737728023
1.485188800,1.745805133
1.485392300,1.745882281
1.485595700,1.745959391
1.485799200,1.754036539
1.486002600,1.754113649
1.486206100,1.762190797
1.486409500,1.762267907
1.486613000,1.766345055
1.486816400,1.770422165
1.487019900,1.770499313
1.487223300,1.774576423
1.487426800,1.778653571
1.487630200,1.778730681
1.487833700,1.786807828
1.488037100,1.790884939
1.488240600,1.790962086
1.488444000,1.795039196
1.488647500,1.799116344
1.488850900,1.799193454
1.489054400,1.803270602
1.489257800,1.807347712
1.489461300,1.807424860
1.489664700,1.815501970
1.489868200,1.819579118
1.490071600,1.823656228
1.490275100,1.823733376
1.490478500,1.823810486
1.490682000,1.831887634
1.490885400,1.831964744
1.491088900,1.832041892
1.491292300,1.844119002
1.491495800,1.844196150
1.491699200,1.848273260
1.491902700,1.852350408
1.492106100,1.852427518
1.492309600,1.856504666
1.492513000,1.856581776
1.492716500,1.860658924
1.492919900,1.868736034
1.493123400,1.868813182
1.493326800,1.876890292
1.493530300,1.876967440
1.493733700,1.877044550
1.493937200,1.889121698
1.494140600,1.889198808
1.494344100,1.889275956
1.494547500,1.897353066
1.494751000,1.897430214
1.494954400,1.905507324
1.495157900,1.905584472
1.495361300,1.909661582
1.495564800,1.913738730
1.495768200,1.913815840
1.495971700,1.921892988
1.496175100,1.925970098
1.496378600,1.926047245
1.496582000,1.938124356
1.496785500,1.938201503
1.496988900,1.938278613
1.497192400,1.942355761
1.497395800,1.950432871
1.497599300,1.954510019
1.497802700,1.954587129
1.498006200,1.962664277
1.498209600,1.966741387
1.498413100,1.966818535
1.498616500,1.974895645
1.498820000,1.978972793
1.499023400,1.979049903
1.499226900,1.983127051
1.499430300,1.991204161
1.499633800,1.991281309
1.499837200,1.995358419
1.500040700,2.003435567
1.500244100,2.007512677
1.500447600,2.011589825
1.500651000,2.015666935
1.500854500,2.019744083
1.501057900,2.023821193
1.501261400,2.023898341
1.501464800,2.035975451
1.501668300,2.036052599
1.501871700,2.040129709
1.502075200,2.048206857
1.502278600,2.048283967
1.502482100,2.052361115
1.502685500,2.060438225
1.502889000,2.064515373
1.503092400,2.064592483
1.503295900,2.072669631
1.503499300,2.076746741
1.503702800,2.080823889
1.503906200,2.084900999
1.504109700,2.092978147
1.504313200,2.093055295
1.504516600,2.097132405
1.504720100,2.105209552
1.504923500,2.109286662
1.505127000,2.109363810
1.505330400,2.117440920
1.505533900,2.121518068
1.505737300,2.125595178
1.505940800,2.125672326
1.506144200,2.133749436
1.506347700,2.137826584
1.506551100,2.141903694
1.506754600,2.149980842
1.506958000,2.150057952
1.507161500,2.154135100
1.507364900,2.162212210
1.507568400,2.166289358
1.507771800,2.166366468
1.507975300,2.166443616
1.508178700,2.178520726
1.508382200,2.178597874
1.508585600,2.186674984
1.508789100,2.190752132
1.508992500,2.190829242
1.509196000,2.198906390
1.509399400,2.202983500
1.509602900,2.211060648
1.509806300,2.211137758
1.510009800,2.211214906
1.510213200,2.223292016
1.510416700,2.223369164
1.510620100,2.227446274
1.510823600,2.235523422
1.511027000,2.235600532
1.511230500,2.239677680
1.511433900,2.247754790
1.511637400,2.251831938
1.511840800,2.251909048
1.512044300,2.251986196
1.512247700,2.264063306
1.512451200,2.264140454
1.512654600,2.268217564
1.512858100,2.276294711
1.513061500,2.280371822
1.513265000,2.280448969
1.513468400,2.288526079
1.513671900,2.292603227
1.513875300,2.292680337
1.514078800,2.304757485
1.514282200,2.304834595
1.514485700,2.308911743
1.514689100,2.312988853
1.514892600,2.317066001
1.515096000,2.325143111
1.515299500,2.325220259
1.515502900,2.329297369
1.515706400,2.337374517
1.515909800,2.337451627
1.516113300,2.345528775
1.516316700,2.349605885
1.516520200,2.349683033
1.516723600,2.353760143
1.516927100,2.361837291
1.517130500,2.365914401
1.517334000,2.365991549
1.517537400,2.378068659
1.517740900,2.378145807
1.517944300,2.378222917
1.518147800,2.390300065
1.518351200,2.390377175
1.518554700,2.394454323
1.518758100,2.394531433
1.518961600,2.402608581
1.519165000,2.406685691
1.519368500,2.406762839
1.519571900,2.418839949
1.519775400,2.418917097
1.519978800,2.418994207
1.520182300,2.431071355
1.520385700,2.431148465
1.520589200,2.435225613
1.520792600,2.439302723
1.520996100,2.447379871
1.521199500,2.447456981
1.521403000,2.447534128
1.521606400,2.459611239
1.521809900,2.459688386
1.522013300,2.463765496
1.522216800,2.471842644
1.522420200,2.471919754
1.522623700,2.475996902
1.522827100,2.484074012
1.523030600,2.488151160
1.523234000,2.488228270
1.523437500,2.492305418
1.523641000,2.500382566
1.523844400,2.500459676
1.524047900,2.504536824
1.524251300,2.512613934
1.524454800,2.516691082
1.524658200,2.516768192
1.524861700,2.528845340
1.525065100,2.528922450
1.525268600,2.528999598
1.525472000,2.533076708
1.525675500,2.541153856
1.525878900,2.545230966
1.526082400,2.545308114
1.526285800,2.553385224
1.526489300,2.553462372
1.526692700,2.557539482
1.526896200,2.565616630
1.527099600,2.565693740
1.527303100,2.569770888
1.527506500,2.573847998
1.527710000,2.577925146
1.527913400,2.582002256
1.528116900,2.582079404
1.528320300,2.594156514
1.528523800,2.594233662
1.528727200,2.598310772
1.528930700,2.602387920
1.529134100,2.606465030
1.529337600,2.610542178
1.529541000,2.610619288
1.529744500,2.618696435
1.529947900,2.618773545
1.530151400,2.622850693
1.530354800,2.630927803
1.530558300,2.635004951
1.530761700,2.635082061
1.530965200,2.639159209
1.531168600,2.647236319
1.531372100,2.647313467
1.531575500,2.651390577
1.531779000,2.655467725
1.531982400,2.659544835
1.532185900,2.659621983
1.532389300,2.667699093
1.532592800,2.671776241
1.532796200,2.671853351
1.532999700,2.679930499
1.533203100,2.680007609
1.533406600,2.688084757
1.533610000,2.692161867
1.533813500,2.692239015
1.534016900,2.696316125
1.534220400,2.696393273
1.534423800,2.704470383
1.534627300,2.708547531
1.534830700,2.712624641
1.535034200,2.716701789
1.535237600,2.720778899
1.535441100,2.720856047
1.535644500,2.724933157
1.535848000,2.729010305
1.536051400,2.733087415
1.536254900,2.737164563
1.536458300,2.741241673
1.536661800,2.745318821
1.536865200,2.745395931
1.537068700,2.749473079
1.537272100,2.753550189
1.537475600,2.753627337
1.537679000,2.765704447
1.537882500,2.765781594
1.538085900,2.769858705
1.538289400,2.769935852
1.538492800,2.778012962
1.538696300,2.778090110
1.538899700,2.778167220
1.539103200,2.786244368
1.539306600,2.786321478
1.539510100,2.794398626
1.539713500,2.798475736
1.539917000,2.802552884
1.540120400,2.802629994
1.540323900,2.806707142
1.540527300,2.810784252
1.540730800,2.810861400
1.540934200,2.814938510
1.541137700,2.819015658
1.541341100,2.823092768
1.541544600,2.823169916
1.541748000,2.831247026
1.541951500,2.831324174
1.542154900,2.835401284
1.542358400,2.839478432
1.542561800,2.843555542
1.542765300,2.847632690
1.542968700,2.847709800
1.543172200,2.855786948
1.543375700,2.855864096
1.543579100,2.859941206
1.543782600,2.864018354
1.543986000,2.868095464
1.544189500,2.868172612
1.544392900,2.876249722
1.544596400,2.876326870
1.544799800,2.876403980
1.545003300,2.880481128
1.545206700,2.884558238
1.545410200,2.888635386
1.545613600,2.888712496
1.545817100,2.896789644
1.546020500,2.896866754
1.546224000,2.900943901
1.546427400,2.905021011
1.546630900,2.909098159
1.546834300,2.909175269
1.547037800,2.909252417
1.547241200,2.917329527
1.547444700,2.917406675
1.547648100,2.921483785
1.547851600,2.925560933
1.548055000,2.929638043
1.548258500,2.929715191
1.548461900,2.937792301
1.548665400,2.937869449
1.548868800,2.941946559
1.549072300,2.942023707
1.549275700,2.946100817
1.549479200,2.950177965
1.549682600,2.950255075
1.549886100,2.958332223
1.550089500,2.958409333
1.550293000,2.962486481
1.550496400,2.966563591
1.550699900,2.970640739
1.550903300,2.970717849
1.551106800,2.978794997
1.551310200,2.978872107
1.551513700,2.978949255
1.551717100,2.979026365
1.551920600,2.983103513
1.552124000,2.987180623
1.552327500,2.987257771
1.552530900,2.995334881
1.552734400,2.995412029
1.552937800,2.999489139
1.553141300,3.003566287
1.553344700,3.007643397
1.553548200,3.007720545
1.553751600,3.011797655
1.553955100,3.015874803
1.554158500,3.015951913
1.554362000,3.016029060
1.554565400,3.024106171
1.554768900,3.024183318
1.554972300,3.024260428
1.555175800,3.032337576
1.555379200,3.032414686
1.555582700,3.036491834
1.555786100,3.032568944
1.555989600,3.040646092
1.556193000,3.040723202
1.556396500,3.044800350
1.556599900,3.048877460
1.556803400,3.052954608
1.557006800,3.049031718
1.557210300,3.057108866
1.557413700,3.057185976
1.557617200,3.061263124
1.557820600,3.061340234
1.558024100,3.061417382
1.558227500,3.065494492
1.558431000,3.065571640
1.558634400,3.073648750
1.558837900,3.069725898
1.559041300,3.073803008
1.559244800,3.077880156
1.559448200,3.081957266
1.559651700,3.078034414
1.559855100,3.082111524
1.560058600,3.086188672
1.560262000,3.090265782
1.560465500,3.086342930
1.560668900,3.094420040
1.560872400,3.094497188
1.561075800,3.094574298
1.561279300,3.098651446
1.561482700,3.102728556
1.561686200,3.098805704
1.561889600,3.106882814
1.562093100,3.106959962
1.562296500,3.103037072
1.562500000,3.107114220
1.562703500,3.111191367
1.562906900,3.111268477
1.563110400,3.111345625
1.563313800,3.119422735
1.563517300,3.115499883
1.563720700,3.119576993
1.563924200,3.119654141
1.564127600,3.123731251
1.564331100,3.123808399
1.564534500,3.123885509
1.564738000,3.127962657
1.564941400,3.132039767
1.565144900,3.128116915
1.565348300,3.136194025
1.565551800,3.132271173
1.565755200,3.136348283
1.565958700,3.136425431
1.566162100,3.140502541
1.566365600,3.140579689
1.566569000,3.140656799
1.566772500,3.144733947
1.566975900,3.144811057
1.567179400,3.144888205
1.567382800,3.148965315
1.567586300,3.149042463
1.567789700,3.149119573
1.567993200,3.153196721
1.568196600,3.153273831
1.568400100,3.153350979
1.568603500,3.153428089
1.568807000,3.157505237
1.569010400,3.157582347
1.569213900,3.161659495
1.569417300,3.161736605
1.569620800,3.161813753
1.569824200,3.161890863
1.570027700,3.165968011
1.570231100,3.166045121
1.570434600,3.170122269
1.570638000,3.170199379
1.570841500,3.174276527
1.571044900,3.170353637
1.571248400,3.174430784
1.571451800,3.174507894
1.571655300,3.178585042
1.571858700,3.174662152
1.572062200,3.178739300
1.572265600,3.178816410
1.572469100,3.182893558
1.572672500,3.182970668
1.572876000,3.183047816
1.573079400,3.183124926
1.573282900,3.187202074
1.573486300,3.187279184
1.573689800,3.187356332
1.573893200,3.187433442
1.574096700,3.191510590
1.574300100,3.191587700
1.574503600,3.191664848
1.574707000,3.191741958
1.574910500,3.195819106
1.575113900,3.195896216
1.575317400,3.195973364
1.575520800,3.196050474
1.575724300,3.200127622
1.575927700,3.196204732
1.576131200,3.200281880
1.576334600,3.200358990
1.576538100,3.200436138
1.576741500,3.200513248
1.576945000,3.204590396
1.577148400,3.200667506
1.577351900,3.204744654
1.577555300,3.204821764
1.577758800,3.204898912
1.577962200,3.204976022
1.578165700,3.209053170
1.578369100,3.205130280
1.578572600,3.209207428
1.578776000,3.209284538
1.578979500,3.209361686
1.579182900,3.209438796
1.579386400,3.209515943
1.579589800,3.209593054
1.579793300,3.209670201
1.579996700,3.209747311
1.580200200,3.213824459
1.580403600,3.209901569
1.580607100,3.209978717
1.580810500,3.210055827
1.581014000,3.214132975
1.581217400,3.210210085
1.581420900,3.214287233
1.581624300,3.210364343
1.581827800,3.210441491
1.582031200,3.210518601
1.582234700,3.210595749
1.582438200,3.210672897
1.582641600,3.210750007
1.582845100,3.210827155
1.583048500,3.210904265
1.583252000,3.206981413
1.583455400,3.211058523
1.583658900,3.207135671
1.583862300,3.207212781
1.584065800,3.207289929
1.584269200,3.207367039
1.584472700,3.203444187
1.584676100,3.207521297
1.584879600,3.203598445
1.585083000,3.203675555
1.585286500,3.203752703
1.585489900,3.203829813
1.585693400,3.199906961
1.585896800,3.199984071
1.586100300,3.196061219
1.586303700,3.200138329
1.586507200,3.196215477
1.586710600,3.196292587
1.586914100,3.192369735
1.587117500,3.192446845
1.587321000,3.192523993
1.587524400,3.192601103
1.587727900,3.192678250
1.587931300,3.188755360
1.588134800,3.188832508
1.588338200,3.184909618
1.588541700,3.184986766
1.588745100,3.181063876
1.588948600,3.181141024
1.589152000,3.177218134
1.589355500,3.177295282
1.589558900,3.173372392
1.589762400,3.173449540
1.589965800,3.169526650
1.590169300,3.169603798
1.590372700,3.165680908
1.590576200,3.165758056
1.590779600,3.161835166
1.590983100,3.161912314
1.591186500,3.157989424
1.591390000,3.158066572
1.591593400,3.150143682
1.591796900,3.150220830
1.592000300,3.146297940
1.592203800,3.146375088
1.592407200,3.142452198
1.592610700,3.142529346
1.592814100,3.142606456
1.593017600,3.138683604
1.593221000,3.138760714
1.593424500,3.134837862
1.593627900,3.134914972
1.593831400,3.130992120
1.594034800,3.131069230
1.594238300,3.127146378
1.594441700,3.127223488
1.594645200,3.123300636
1.594848600,3.123377746
1.595052100,3.123454894
1.595255500,3.123532004
1.595459000,3.119609152
1.595662400,3.119686262
1.595865900,3.115763410
1.596069300,3.119840520
1.596272800,3.115917667
1.596476200,3.115994777
1.596679700,3.120071925
1.596883100,3.116149035
1.597086600,3.120226183
1.597290000,3.116303293
1.597493500,3.116380441
1.597696900,3.116457551
1.597900400,3.120534699
1.598103800,3.116611809
1.598307300,3.120688957
1.598510700,3.120766067
1.598714200,3.120843215
1.598917600,3.120920325
1.599121100,3.124997473
1.599324500,3.125074583
1.599528000,3.125151731
1.599731400,3.129228841
1.599934900,3.133305989
1.600138300,3.133383099
1.600341800,3.137460247
1.600545200,3.141537357
1.600748700,3.141614505
1.600952100,3.149691615
1.601155600,3.149768763
1.601359000,3.153845873
1.601562500,3.153923021
1.601766000,3.162000169
1.601969400,3.162077279
1.602172900,3.166154427
1.602376300,3.170231537
1.602579800,3.174308685
1.602783200,3.174385795
1.602986700,3.186462943
1.603190100,3.190540053
1.603393600,3.190617201
1.603597000,3.198694311
1.603800500,3.202771459
1.604003900,3.206848569
1.604207400,3.210925716
1.604410800,3.223002826
1.604614300,3.223079974
1.604817700,3.227157084
1.605021200,3.235234232
1.605224600,3.243311342
1.605428100,3.243388490
1.605631500,3.247465600
1.605835000,3.259542748
1.606038400,3.263619858
1.606241900,3.267697006
1.606445300,3.275774116
1.606648800,3.283851264
1.606852200,3.283928374
1.607055700,3.296005522
1.607259100,3.300082632
1.607462600,3.304159780
1.607666000,3.308236890
1.607869500,3.320314038
1.608072900,3.324391148
1.608276400,3.328468296
1.608479800,3.340545406
1.608683300,3.344622554
1.608886700,3.348699664
1.609090200,3.356776812
1.609293600,3.364853922
1.609497100,3.364931070
1.609700500,3.377008180
1.609904000,3.381085328
1.610107400,3.385162438
1.610310900,3.393239586
1.610514300,3.401316696
1.610717800,3.405393844
1.610921200,3.409470954
1.611124700,3.421548102
1.611328100,3.425625212
1.611531600,3.429702360
1.611735000,3.437779470
1.611938500,3.445856618
1.612141900,3.445933728
1.612345400,3.454010876
1.612548800,3.462087986
1.612752300,3.466165133
1.612955700,3.470242243
1.613159200,3.478319391
1.613362600,3.486396501
1.613566100,3.486473649
1.613769500,3.498550759
1.613973000,3.502627907
1.614176400,3.506705017
1.614379900,3.510782165
1.614583300,3.518859275
1.614786800,3.526936423
1.614990200,3.527013533
1.615193700,3.539090681
1.615397100,3.539167791
1.615600600,3.547244939
1.615804000,3.551322049
1.616007500,3.559399197
1.616210900,3.563476307
1.616414400,3.563553455
1.616617800,3.575630565
1.616821300,3.579707713
1.617024700,3.583784823
1.617228200,3.591861971
1.617431600,3.595939081
1.617635100,3.596016229
1.617838500,3.608093339
1.618042000,3.612170487
1.618245400,3.612247597
1.618448900,3.624324745
1.618652300,3.624401855
1.618855800,3.632479003
1.619059200,3.632556113
1.619262700,3.640633261
1.619466100,3.644710371
1.619669600,3.648787519
1.619873000,3.656864629
1.620076500,3.660941777
1.620279900,3.665018887
1.620483400,3.669096035
1.620686800,3.677173145
1.620890300,3.677250293
1.621093700,3.681327403
1.621297200,3.693404550
1.621500700,3.693481698
1.621704100,3.697558808
1.621907600,3.701635956
1.622111000,3.709713066
1.622314500,3.709790214
1.622517900,3.717867324
1.622721400,3.721944472
1.622924800,3.726021582
1.623128300,3.730098730
1.623331700,3.734175840
1.623535200,3.742252988
1.623738600,3.742330098
1.623942100,3.750407246
1.624145500,3.750484356
1.624349000,3.758561504
1.624552400,3.766638614
1.624755900,3.766715762
1.624959300,3.770792872
1.625162800,3.774870020
1.625366200,3.782947130
1.625569700,3.783024278
1.625773100,3.791101388
1.625976600,3.799178536
1.626180000,3.799255646
1.626383500,3.803332794
1.626586900,3.811409904
1.626790400,3.815487052
1.626993800,3.815564162
1.627197300,3.823641310
1.627400700,3.831718420
1.627604200,3.831795568
1.627807600,3.839872678
1.628011100,3.843949826
1.628214500,3.852026936
1.628418000,3.852104084
1.628621400,3.860181194
1.628824900,3.868258342
1.629028300,3.868335452
1.629231800,3.880412599
1.629435200,3.880489709
1.629638700,3.884566857
1.629842100,3.888643967
1.630045600,3.896721115
1.630249000,3.904798225
1.630452500,3.904875373
1.630655900,3.916952483
1.630859400,3.917029631
1.631062800,3.921106741
1.631266300,3.929183889
1.631469700,3.933260999
1.631673200,3.941338147
1.631876600,3.941415257
1.632080100,3.953492405
1.632283500,3.953569515
1.632487000,3.961646663
1.632690400,3.973723773
1.632893900,3.973800921
1.633097300,3.977878031
1.633300800,3.985955179
1.633504200,3.994032289
1.633707700,3.994109437
1.633911100,4.002186547
1.634114600,4.014263695
1.634318000,4.014340805
1.634521500,4.018417953
1.634724900,4.026495063
1.634928400,4.034572211
1.635131800,4.034649321
1.635335300,4.046726469
1.635538700,4.054803579
1.635742200,4.054880727
1.635945600,4.062957837
1.636149100,4.071034985
1.636352500,4.075112095
1.636556000,4.083189243
1.636759400,4.091266353
1.636962900,4.095343501
1.637166300,4.099420611
1.637369800,4.111497759
1.637573200,4.111574869
1.637776700,4.119652016
1.637980100,4.131729126
1.638183600,4.131806274
1.638387000,4.139883384
1.638590500,4.139960532
1.638793900,4.152037642
1.638997400,4.160114790
1.639200800,4.160191900
1.639404300,4.172269048
1.639607700,4.176346158
1.639811200,4.180423306
1.640014600,4.192500416
1.640218100,4.196577564
1.640421500,4.200654674
1.640625000,4.204731822
1.640828500,4.216808970
1.641031900,4.216886080
1.641235400,4.224963228
1.641438800,4.237040338
1.641642300,4.237117486
1.641845700,4.245194596
1.642049200,4.253271744
1.642252600,4.261348854
1.642456100,4.265426002
1.642659500,4.269503112
1.642863000,4.281580260
1.643066400,4.281657370
1.643269900,4.289734518
1.643473300,4.301811628
1.643676800,4.301888776
1.643880200,4.309965886
1.644083700,4.318043034
1.644287100,4.322120144
1.644490600,4.330197292
1.644694000,4.330274402
1.644897500,4.342351550
1.645100900,4.346428660
1.645304400,4.350505808
1.645507800,4.362582918
1.645711300,4.366660065
1.645914700,4.370737175
1.646118200,4.378814323
1.646321600,4.386891433
1.646525100,4.390968581
1.646728500,4.399045691
1.646932000,4.407122839
1.647135400,4.407199949
1.647338900,4.415277097
1.647542300,4.427354207
1.647745800,4.427431355
1.647949200,4.435508465
1.648152700,4.439585613
1.648356100,4.447662723
1.648559600,4.451739871
1.648763000,4.459816981
1.648966500,4.467894129
1.649169900,4.467971239
1.649373400,4.476048387
1.649576800,4.488125497
1.649780300,4.488202645
1.649983700,4.492279755
1.650187200,4.500356903
1.650390600,4.508434013
1.650594100,4.512511161
1.650797500,4.520588271
1.651001000,4.528665419
1.651204400,4.528742529
1.651407900,4.532819677
1.651611300,4.544896787
1.651814800,4.548973935
1.652018200,4.553051045
1.652221700,4.561128193
1.652425100,4.565205303
1.652628600,4.573282451
1.652832000,4.581359561
1.653035500,4.585436709
1.653238900,4.589513819
1.653442400,4.593590967
1.653645800,4.605668077
1.653849300,4.605745225
1.654052700,4.613822335
1.654256200,4.621899482
1.654459600,4.625976592
1.654663100,4.630053740
1.654866500,4.638130850
1.655070000,4.646207998
1.655273400,4.650285108
1.655476900,4.654362256
1.655680300,4.662439366
1.655883800,4.666516514
1.656087200,4.670593624
1.656290700,4.682670772
1.656494100,4.682747882
1.656697600,4.690825030
1.656901000,4.698902140
1.657104500,4.702979288
1.657307900,4.711056398
1.657511400,4.715133546
1.657714800,4.723210656
1.657918300,4.727287804
1.658121700,4.731364914
1.658325200,4.743442062
1.658528600,4.743519172
1.658732100,4.747596320
1.658935500,4.759673430
1.659139000,4.763750578
1.659342400,4.767827688
1.659545900,4.775904836
1.659749300,4.783981946
1.659952800,4.788059094
1.660156200,4.788136204
1.660359700,4.800213352
1.660563200,4.808290500
1.660766600,4.808367610
1.660970100,4.820444758
1.661173500,4.824521868
1.661377000,4.828599016
1.661580400,4.840676126
1.661783900,4.840753274
1.661987300,4.848830384
1.662190800,4.848907531
1.662394200,4.860984642
1.662597700,4.869061789
1.662801100,4.869138899
1.663004600,4.881216047
1.663208000,4.885293157
1.663411500,4.889370305
1.663614900,4.901447415
1.663818400,4.901524563
1.664021800,4.909601673
1.664225300,4.913678821
1.664428700,4.921755931
1.664632200,4.929833079
1.664835600,4.933910189
1.665039100,4.941987337
1.665242500,4.946064447
1.665446000,4.950141595
1.665649400,4.962218705
1.665852900,4.966295853
1.666056300,4.970372963
1.666259800,4.982450111
1.666463200,4.986527221
1.666666700,4.986604369
1.666870100,4.994681479
1.667073600,5.002758627
1.667277000,5.006835737
1.667480500,5.014912885
1.667683900,5.022989995
1.667887400,5.027067143
1.668090800,5.031144253
1.668294300,5.039221401
1.668497700,5.047298511
1.668701200,5.047375659
1.668904600,5.055452769
1.669108100,5.067529917
1.669311500,5.067607027
1.669515000,5.071684175
1.669718400,5.083761285
1.669921900,5.087838433
1.670125300,5.091915543
1.670328800,5.103992691
1.670532200,5.104069801
1.670735700,5.112146948
1.670939100,5.112224058
1.671142600,5.124301206
1.671346000,5.128378316
1.671549500,5.132455464
1.671752900,5.144532574
1.671956400,5.148609722
1.672159800,5.148686832
1.672363300,5.160763980
1.672566700,5.164841090
1.672770200,5.168918238
1.672973600,5.172995348
1.673177100,5.181072496
1.673380500,5.185149606
1.673584000,5.193226754
1.673787400,5.201303864
1.673990900,5.205381012
1.674194300,5.209458122
1.674397800,5.217535270
1.674601200,5.221612380
1.674804700,5.225689528
1.675008100,5.233766638
1.675211600,5.241843786
1.675415000,5.241920896
1.675618500,5.249998044
1.675821900,5.258075154
1.676025400,5.262152302
1.676228800,5.266229412
1.676432300,5.278306560
1.676635700,5.278383670
1.676839200,5.282460818
1.677042600,5.294537928
1.677246100,5.294615076
1.677449500,5.302692186
1.677653000,5.302769334
1.677856400,5.314846444
1.678059900,5.318923592
1.678263300,5.319000702
1.678466800,5.331077850
1.678670200,5.335154960
1.678873700,5.335232108
1.679077100,5.347309218
1.679280600,5.351386365
1.679484000,5.355463475
1.679687500,5.359540623
1.679891000,5.371617771
1.680094400,5.371694881
1.680297900,5.375772029
1.680501300,5.383849139
1.680704800,5.387926287
1.680908200,5.392003397
1.681111700,5.400080545
1.681315100,5.404157655
1.681518600,5.408234803
1.681722000,5.412311913
1.681925500,5.420389061
1.682128900,5.424466171
1.682332400,5.428543319
1.682535800,5.436620429
1.682739300,5.440697577
1.682942700,5.444774687
1.683146200,5.452851835
1.683349600,5.456928945
1.683553100,5.457006093
1.683756500,5.465083203
1.683960000,5.469160351
1.684163400,5.473237461
1.684366900,5.481314609
1.684570300,5.485391719
1.684773800,5.489468867
1.684977200,5.493545977
1.685180700,5.501623125
1.685384100,5.505700235
1.685587600,5.509777383
1.685791000,5.517854493
1.685994500,5.521931641
1.686197900,5.526008751
1.686401400,5.526085899
1.686604800,5.534163009
1.686808300,5.542240157
1.687011700,5.542317267
1.687215200,5.550394414
1.687418600,5.554471525
1.687622100,5.554548672
1.687825500,5.566625782
1.688029000,5.570702930
1.688232400,5.570780040
1.688435900,5.574857188
1.688639300,5.586934298
1.688842800,5.587011446
1.689046200,5.591088556
1.689249700,5.595165704
1.689453100,5.599242814
1.689656600,5.603319962
1.689860000,5.611397072
1.690063500,5.615474220
1.690266900,5.619551330
1.690470400,5.619628478
1.690673800,5.627705588
1.690877300,5.631782736
1.691080700,5.635859846
1.691284200,5.643936994
1.691487600,5.648014104
1.691691100,5.648091252
1.691894500,5.656168362
1.692098000,5.660245510
1.692301400,5.664322620
1.692504900,5.668399768
1.692708300,5.676476878
1.692911800,5.676554026
1.693115200,5.680631136
1.693318700,5.688708284
1.693522100,5.688785394
1.693725600,5.696862542
1.693929000,5.704939652
1.694132500,5.705016800
1.694335900,5.709093910
1.694539400,5.717171058
1.694742800,5.717248168
1.694946300,5.721325316
1.695149700,5.725402426
1.695353200,5.733479574
1.695556600,5.737556684
1.695760100,5.741633831
1.695963500,5.745710941
1.696167000,5.749788089
1.696370400,5.753865199
1.696573900,5.757942347
1.696777300,5.762019457
1.696980800,5.766096605
1.697184200,5.770173715
1.697387700,5.778250863
1.697591100,5.782327973
1.697794600,5.782405121
1.697998000,5.790482231
1.698201500,5.794559379
1.698404900,5.794636489
1.698608400,5.802713637
1.698811800,5.806790747
1.699015300,5.810867895
1.699218700,5.814945005
1.699422200,5.823022153
1.699625700,5.823099301
1.699829100,5.827176411
1.700032600,5.835253559
1.700236000,5.835330669
1.700439500,5.839407817
1.700642900,5.847484927
1.700846400,5.847562075
1.701049800,5.851639185
1.701253300,5.859716333
1.701456700,5.863793443
1.701660200,5.867870591
1.701863600,5.871947701
1.702067100,5.876024849
1.702270500,5.880101959
1.702474000,5.884179107
1.702677400,5.888256217
1.702880900,5.892333365
1.703084300,5.896410475
1.703287800,5.900487623
1.703491200,5.908564733
1.703694700,5.912641880
1.703898100,5.916718991
1.704101600,5.920796138
1.704305000,5.924873248
1.704508500,5.928950396
1.704711900,5.933027506
1.704915400,5.937104654
1.705118800,5.941181764
1.705322300,5.945258912
1.705525700,5.949336022
1.705729200,5.953413170
1.705932600,5.953490280
1.706136100,5.961567428
1.706339500,5.965644538
1.706543000,5.965721686
1.706746400,5.973798796
1.706949900,5.977875944
1.707153300,5.977953054
1.707356800,5.986030202
1.707560200,5.990107312
1.707763700,5.994184460
1.707967100,5.998261570
1.708170600,6.006338718
1.708374000,6.010415828
1.708577500,6.010492976
1.708780900,6.018570086
1.708984400,6.018647234
1.709187800,6.018724344
1.709391300,6.026801492
1.709594700,6.030878602
1.709798200,6.030955750
1.710001600,6.035032860
1.710205100,6.043110008
1.710408500,6.043187118
1.710612000,6.047264266
1.710815400,6.055341376
1.711018900,6.055418524
1.711222300,6.059495634
1.711425800,6.067572782
1.711629200,6.067649892
1.711832700,6.071727040
1.712036100,6.075804150
1.712239600,6.083881297
1.712443000,6.083958408
1.712646500,6.088035555
1.712849900,6.092112665
1.713053400,6.092189813
1.713256800,6.096266923
1.713460300,6.104344071
1.713663700,6.104421181
1.713867200,6.108498329
1.714070600,6.116575439
1.714274100,6.116652587
1.714477500,6.116729697
1.714681000,6.120806845
1.714884400,6.128883955
1.715087900,6.128961103
1.715291300,6.133038213
1.715494800,6.141115361
1.715698200,6.141192471
1.715901700,6.141269619
1.716105100,6.149346729
1.716308600,6.149423877
1.716512000,6.153500987
1.716715500,6.157578135
1.716918900,6.161655245
1.717122400,6.161732393
1.717325800,6.165809503
1.717529300,6.173886651
1.717732700,6.173963761
1.717936200,6.178040909
1.718139600,6.182118019
1.718343100,6.182195167
1.718546500,6.186272277
1.718750000,6.190349425
1.718953500,6.194426573
1.719156900,6.194503683
1.719360400,6.198580831
1.719563800,6.206657941
1.719767300,6.206735089
1.719970700,6.210812199
1.720174200,6.214889346
1.720377600,6.214966457
1.720581100,6.219043604
1.720784500,6.223120714
1.720988000,6.223197862
1.721191400,6.227274972
1.721394900,6.231352120
1.721598300,6.235429230
1.721801800,6.235506378
1.722005200,6.239583488
1.722208700,6.247660636
1.722412100,6.243737746
1.722615600,6.247814894
1.722819000,6.255892004
1.723022500,6.255969152
1.723225900,6.256046262
1.723429400,6.260123410
1.723632800,6.268200520
1.723836300,6.264277668
1.724039700,6.268354778
1.724243200,6.276431926
1.724446600,6.276509036
1.724650100,6.276586184
1.724853500,6.284663294
1.725057000,6.284740442
1.725260400,6.284817552
1.725463900,6.288894700
1.725667300,6.296971810
1.725870800,6.293048958
1.726074200,6.297126068
1.726277700,6.305203216
1.726481100,6.301280326
1.726684600,6.305357474
1.726888000,6.313434584
1.727091500,6.313511732
1.727294900,6.313588842
1.727498400,6.317665990
1.727701800,6.321743100
1.727905300,6.321820248
1.728108700,6.325897358
1.728312200,6.329974506
1.728515600,6.334051616
1.728719100,6.334128763
1.728922500,6.338205874
1.729126000,6.342283021
1.729329400,6.342360131
1.729532900,6.342437279
1.729736300,6.350514389
1.729939800,6.346591537
1.730143200,6.350668647
1.730346700,6.358745795
1.730550100,6.358822905
1.730753600,6.358900053
1.730957000,6.362977163
1.731160500,6.367054311
1.731363900,6.367131421
1.731567400,6.367208569
1.731770800,6.375285679
1.731974300,6.379362827
1.732177700,6.375439937
1.732381200,6.383517085
1.732584600,6.383594195
1.732788100,6.383671343
1.732991500,6.387748453
1.733195000,6.391825601
1.733398400,6.395902711
1.733601900,6.395979859
1.733805300,6.400056969
1.734008800,6.400134117
1.734212200,6.400211227
1.734415700,6.404288375
1.734619100,6.408365485
1.734822600,6.412442633
1.735026000,6.412519743
1.735229500,6.416596891
1.735432900,6.416674001
1.735636400,6.424751149
1.735839800,6.420828259
1.736043300,6.424905407
1.736246700,6.424982517
1.736450200,6.429059665
1.736653600,6.429136775
1.736857100,6.433213923
1.737060500,6.437291033
1.737264000,6.437368180
1.737467400,6.437445291
1.737670900,6.441522438
1.737874300,6.441599548
1.738077800,6.441676696
1.738281200,6.445753806
1.738484700,6.449830954
1.738688200,6.445908102
1.738891600,6.449985212
1.739095100,6.454062360
1.739298500,6.454139470
1.739502000,6.454216618
1.739705400,6.458293728
1.739908900,6.458370876
1.740112300,6.458447986
1.740315800,6.458525134
1.740519200,6.462602244
1.740722700,6.462679392
1.740926100,6.462756502
1.741129600,6.466833650
1.741333000,6.466910760
1.741536500,6.462987908
1.741739900,6.467065018
1.741943400,6.471142166
1.742146800,6.471219276
1.742350300,6.471296424
1.742553700,6.471373534
1.742757200,6.471450682
1.742960600,6.475527792
1.743164100,6.471604940
1.743367500,6.471682050
1.743571000,6.475759198
1.743774400,6.471836308
1.743977900,6.471913456
1.744181300,6.475990566
1.744384800,6.476067714
1.744588200,6.472144824
1.744791700,6.476221972
1.744995100,6.476299082
1.745198600,6.476376229
1.745402000,6.472453340
1.745605500,6.476530487
1.745808900,6.476607597
1.746012400,6.476684745
1.746215800,6.472761855
1.746419300,6.476839003
1.746622700,6.476916113
1.746826200,6.472993261
1.747029600,6.473070371
1.747233100,6.473147519
1.747436500,6.473224629
1.747640000,6.469301777
1.747843400,6.473378887
1.748046900,6.473456035
1.748250300,6.473533145
1.748453800,6.469610293
1.748657200,6.469687403
1.748860700,6.469764551
1.749064100,6.469841661
1.749267600,6.465918809
1.749471000,6.465995919
1.749674500,6.466073067
1.749877900,6.466150177
1.750081400,6.462227325
1.750284800,6.462304435
1.750488300,6.462381583
1.750691700,6.458458693
1.750895200,6.458535841
1.751098600,6.458612951
1.751302100,6.458690099
1.751505500,6.454767209
1.751709000,6.454844357
1.751912400,6.454921467
1.752115900,6.454998615
1.752319300,6.451075725
1.752522800,6.451152873
1.752726200,6.451229983
1.752929700,6.451307131
1.753133100,6.443384241
1.753336600,6.443461389
1.753540000,6.443538499
1.753743500,6.443615646
1.753946900,6.439692757
1.754150400,6.439769904
1.754353800,6.439847014
1.754557300,6.435924162
1.754760700,6.432001272
1.754964200,6.432078420
1.755167600,6.432155530
1.755371100,6.432232678
1.755574500,6.428309788
1.755778000,6.424386936
1.755981400,6.424464046
1.756184900,6.420541194
1.756388300,6.420618304
1.756591800,6.416695452
1.756795200,6.416772562
1.756998700,6.412849710
1.757202100,6.408926820
1.757405600,6.409003968
1.757609000,6.409081078
1.757812500,6.405158226
1.758016000,6.401235374
1.758219400,6.401312484
1.758422900,6.401389632
1.758626300,6.393466742
1.758829800,6.393543890
1.759033200,6.393621000
1.759236700,6.389698148
1.759440100,6.385775258
1.759643600,6.381852406
1.759847000,6.381929516
1.760050500,6.378006664
1.760253900,6.374083774
1.760457400,6.374160922
1.760660800,6.370238032
1.760864300,6.370315180
1.761067700,6.362392290
1.761271200,6.358469438
1.761474600,6.358546548
1.761678100,6.358623696
1.761881500,6.350700806
1.762085000,6.346777953
1.762288400,6.346855063
1.762491900,6.342932211
1.762695300,6.335009321
1.762898800,6.335086469
1.763102200,6.335163579
1.763305700,6.331240727
1.763509100,6.327317837
1.763712600,6.323394985
1.763916000,6.315472095
1.764119500,6.315549243
1.764322900,6.311626353
1.764526400,6.307703501
1.764729800,6.303780611
1.764933300,6.299857759
1.765136700,6.299934869
1.765340200,6.288012017
1.765543600,6.288089127
1.765747100,6.284166275
1.765950500,6.280243385
1.766154000,6.272320533
1.766357400,6.272397643
1.766560900,6.268474791
1.766764300,6.264551901
1.766967800,6.256629049
1.767171200,6.252706159
1.767374700,6.248783307
1.767578100,6.244860417
1.767781600,6.240937565
1.767985000,6.233014675
1.768188500,6.229091823
1.768391900,6.229168933
1.768595400,6.221246081
1.768798800,6.213323191
1.769002300,6.209400339
1.769205700,6.209477449
1.769409200,6.201554597
1.769612600,6.193631707
1.769816100,6.189708855
1.770019500,6.185785965
1.770223000,6.181863112
1.770426400,6.173940223
1.770629900,6.166017370
1.770833300,6.162094480
1.771036800,6.158171628
1.771240200,6.150248738
1.771443700,6.146325886
1.771647100,6.142402996
1.771850600,6.138480144
1.772054000,6.126557254
1.772257500,6.122634402
1.772460900,6.118711512
1.772664400,6.110788660
1.772867800,6.106865770
1.773071300,6.098942918
1.773274700,6.095020028
1.773478200,6.083097176
1.773681600,6.079174286
1.773885100,6.071251434
1.774088500,6.063328544
1.774292000,6.059405692
1.774495400,6.055482802
1.774698900,6.039559950
1.774902300,6.035637060
1.775105800,6.031714208
1.775309200,6.027791318
1.775512700,6.011868466
1.775716100,6.007945576
1.775919600,6.004022724
1.776123000,5.992099834
1.776326500,5.988176982
1.776529900,5.980254092
1.776733400,5.968331240
1.776936800,5.964408350
1.777140300,5.956485498
1.777343700,5.948562608
1.777547200,5.936639756
1.777750700,5.932716904
1.777954100,5.928794014
1.778157600,5.916871162
1.778361000,5.904948272
1.778564500,5.901025419
1.778767900,5.889102529
1.778971400,5.885179677
1.779174800,5.873256787
1.779378300,5.869333935
1.779581700,5.857411045
1.779785200,5.849488193
1.779988600,5.845565303
1.780192100,5.829642451
1.780395500,5.821719561
1.780599000,5.817796709
1.780802400,5.805873819
1.781005900,5.793950967
1.781209300,5.786028077
1.781412800,5.774105225
1.781616200,5.770182335
1.781819700,5.758259483
1.782023100,5.754336593
1.782226600,5.738413741
1.782430000,5.734490851
1.782633500,5.726567999
1.782836900,5.710645109
1.783040400,5.702722257
1.783243800,5.698799367
1.783447300,5.682876515
1.783650700,5.678953625
1.783854200,5.667030773
1.784057600,5.663107883
1.784261100,5.647185031
1.784464500,5.643262141
1.784668000,5.631339289
1.784871400,5.619416399
1.785074900,5.611493547
1.785278300,5.607570657
1.785481800,5.591647805
1.785685200,5.583724915
1.785888700,5.575802063
1.786092100,5.567879173
1.786295600,5.555956321
1.786499000,5.548033431
1.786702500,5.540110579
1.786905900,5.528187689
1.787109400,5.520264836
1.787312800,5.516341946
1.787516300,5.500419094
1.787719700,5.492496204
1.787923200,5.484573352
1.788126600,5.480650462
1.788330100,5.468727610
1.788533500,5.456804720
1.788737000,5.452881868
1.788940400,5.440958978
1.789143900,5.433036126
1.789347300,5.425113236
1.789550800,5.413190384
1.789754200,5.405267494
1.789957700,5.401344642
1.790161100,5.389421752
1.790364600,5.377498900
1.790568000,5.373576010
1.790771500,5.369653158
1.790974900,5.357730268
1.791178400,5.349807416
1.791381800,5.341884526
1.791585300,5.329961674
1.791788700,5.326038784
1.791992200,5.322115932
1.792195600,5.310193042
1.792399100,5.302270190
1.792602500,5.294347300
1.792806000,5.290424448
1.793009400,5.278501558
1.793212900,5.270578706
1.793416300,5.266655816
1.793619800,5.254732964
1.793823200,5.250810074
1.794026700,5.246887222
1.794230100,5.230964332
1.794433600,5.227041480
1.794637000,5.223118590
1.794840500,5.219195738
1.795043900,5.207272848
1.795247400,5.199349995
1.795450800,5.195427106
1.795654300,5.183504253
1.795857700,5.179581363
1.796061200,5.175658511
1.796264600,5.159735621
1.796468100,5.155812769
1.796671500,5.151889879
1.796875000,5.147967027
1.797078500,5.136044175
1.797281900,5.128121285
1.797485400,5.124198433
1.797688800,5.116275543
1.797892300,5.108352691
1.798095700,5.104429801
1.798299200,5.092506949
1.798502600,5.088584059
1.798706100,5.080661207
1.798909500,5.076738317
1.799113000,5.068815465
1.799316400,5.056892575
1.799519900,5.052969723
1.799723300,5.045046833
1.799926800,5.037123981
1.800130200,5.033201091
1.800333700,5.021278239
1.800537100,5.013355349
1.800740600,5.009432497
1.800944000,4.997509607
1.801147500,4.993586755
1.801350900,4.985663865
1.801554400,4.977741013
1.801757800,4.969818123
1.801961300,4.961895271
1.802164700,4.957972381
1.802368200,4.942049529
1.802571600,4.938126639
1.802775100,4.930203787
1.802978500,4.922280897
1.803182000,4.914358045
1.803385400,4.906435155
1.803588900,4.898512302
1.803792300,4.890589412
1.803995800,4.882666560
1.804199200,4.878743670
1.804402700,4.862820818
1.804606100,4.854897928
1.804809600,4.850975076
1.805013000,4.839052186
1.805216500,4.831129334
1.805419900,4.823206444
1.805623400,4.815283592
1.805826800,4.803360702
1.806030300,4.799437850
1.806233700,4.791514960
1.806437200,4.779592108
1.806640600,4.771669218
1.806844100,4.763746366
1.807047500,4.751823476
1.807251000,4.743900624
1.807454400,4.739977734
1.807657900,4.728054882
1.807861300,4.716131992
1.808064800,4.712209140
1.808268200,4.704286250
1.808471700,4.692363398
1.808675100,4.680440508
1.808878600,4.672517656
1.809082000,4.660594766
1.809285500,4.652671914
1.809488900,4.648749024
1.809692400,4.628826172
1.809895800,4.620903282
1.810099300,4.616980430
1.810302700,4.609057540
1.810506200,4.593134688
1.810709600,4.589211798
1.810913100,4.577288946
1.811116500,4.561366056
1.811320000,4.553443204
1.811523400,4.549520314
1.811726900,4.533597462
1.811930300,4.521674572
1.812133800,4.513751719
1.812337200,4.505828829
1.812540700,4.493905977
1.812744100,4.485983087
1.812947600,4.478060235
1.813151000,4.458137345
1.813354500,4.450214493
1.813557900,4.442291603
1.813761400,4.426368751
1.813964800,4.418445861
1.814168300,4.406523009
1.814371700,4.398600119
1.814575200,4.382677267
1.814778600,4.374754377
1.814982100,4.366831525
1.815185500,4.350908635
1.815389000,4.338985783
1.815592400,4.331062893
1.815795900,4.315140041
1.815999300,4.307217151
1.816202800,4.299294299
1.816406200,4.287371409
1.816609700,4.271448557
1.816813200,4.263525705
1.817016600,4.255602815
1.817220100,4.243679963
1.817423500,4.235757073
1.817627000,4.223834221
1.817830400,4.207911331
1.818033900,4.199988479
1.818237300,4.196065589
1.818440800,4.180142737
1.818644200,4.168219847
1.818847700,4.164296995
1.819051100,4.156374105
1.819254600,4.144451253
1.819458000,4.136528363
1.819661500,4.132605511
1.819864900,4.116682621
1.820068400,4.108759768
1.820271800,4.104836878
1.820475300,4.092914026
1.820678700,4.088991136
1.820882200,4.081068284
1.821085600,4.073145394
1.821289100,4.065222542
1.821492500,4.061299652
1.821696000,4.057376800
1.821899400,4.049453910
1.822102900,4.045531058
1.822306300,4.037608168
1.822509800,4.029685316
1.822713200,4.025762426
1.822916700,4.025839574
1.823120100,4.021916684
1.823323600,4.013993832
1.823527000,4.010070942
1.823730500,4.010148090
1.823933900,4.006225200
1.824137400,4.002302348
1.824340800,4.002379458
1.824544300,3.994456606
1.824747700,3.994533716
1.824951200,3.994610864
1.825154600,3.994687974
1.825358100,3.990765122
1.825561500,3.990842232
1.825765000,3.986919380
1.825968400,3.986996490
1.826171900,3.987073638
1.826375300,3.987150748
1.826578800,3.991227896
1.826782200,3.991305006
1.826985700,3.987382154
1.827189100,3.987459264
1.827392600,3.991536412
1.827596000,3.991613522
1.827799500,3.995690670
1.828002900,3.995767780
1.828206400,3.995844928
1.828409800,3.995922038
1.828613300,3.999999185
1.828816700,4.000076295
1.829020200,4.004153443
1.829223600,4.008230553
1.829427100,4.004307701
1.829630500,4.008384811
1.829834000,4.012461959
1.830037400,4.016539069
1.830240900,4.016616217
1.830444300,4.020693327
1.830647800,4.024770475
1.830851200,4.024847585
1.831054700,4.028924733
1.831258100,4.033001843
1.831461600,4.037078991
1.831665000,4.037156101
1.831868500,4.041233249
1.832071900,4.041310359
1.832275400,4.045387507
1.832478800,4.049464617
1.832682300,4.053541765
1.832885700,4.057618875
1.833089200,4.061696023
1.833292600,4.061773133
1.833496100,4.065850281
1.833699500,4.069927391
1.833903000,4.074004539
1.834106400,4.078081649
1.834309900,4.082158797
1.834513300,4.086235907
1.834716800,4.090313055
1.834920200,4.090390165
1.835123700,4.094467313
1.835327100,4.102544423
1.835530600,4.106621571
1.835734000,4.106698681
1.835937500,4.106775829
1.836141000,4.114852977
1.836344400,4.118930087
1.836547900,4.119007234
1.836751300,4.127084344
1.836954800,4.131161492
1.837158200,4.131238602
1.837361700,4.135315750
1.837565100,4.139392860
1.837768600,4.143470008
1.837972000,4.151547118
1.838175500,4.155624266
1.838378900,4.155701376
1.838582400,4.155778524
1.838785800,4.163855634
1.838989300,4.167932782
1.839192700,4.168009892
1.839396200,4.176087040
1.839599600,4.180164150
1.839803100,4.184241298
1.840006500,4.184318408
1.840210000,4.188395556
1.840413400,4.192472666
1.840616900,4.196549814
1.840820300,4.200626924
1.841023800,4.204704072
1.841227200,4.204781182
1.841430700,4.208858330
1.841634100,4.212935440
1.841837600,4.217012588
1.842041000,4.221089698
1.842244500,4.225166846
1.842447900,4.225243956
1.842651400,4.225321104
1.842854800,4.233398214
1.843058300,4.233475362
1.843261700,4.237552472
1.843465200,4.241629620
1.843668600,4.245706730
1.843872100,4.249783878
1.844075500,4.249860988
1.844279000,4.249938136
1.844482400,4.254015246
1.844685900,4.258092394
1.844889300,4.262169504
1.845092800,4.262246651
1.845296200,4.266323761
1.845499700,4.266400909
1.845703100,4.270478019
1.845906600,4.270555167
1.846110000,4.274632277
1.846313500,4.278709425
1.846516900,4.278786535
1.846720400,4.282863683
1.846923800,4.282940793
1.847127300,4.283017941
1.847330700,4.287095051
1.847534200,4.287172199
1.847737600,4.291249309
1.847941100,4.291326457
1.848144500,4.295403567
1.848348000,4.291480715
1.848551400,4.295557825
1.848754900,4.299634973
1.848958300,4.299712083
1.849161800,4.299789231
1.849365200,4.303866341
1.849568700,4.303943489
1.849772100,4.304020599
1.849975600,4.304097747
1.850179000,4.304174857
1.850382500,4.308252005
1.850585900,4.308329115
1.850789400,4.312406263
1.850992800,4.312483373
1.851196300,4.308560521
1.851399700,4.308637631
1.851603200,4.312714779
1.851806600,4.312791889
1.852010100,4.312869037
1.852213500,4.316946147
1.852417000,4.317023295
1.852620400,4.317100405
1.852823900,4.313177553
1.853027300,4.313254663
1.853230800,4.317331811
1.853434200,4.317408921
1.853637700,4.317486068
1.853841100,4.317563178
1.854044600,4.317640326
1.854248000,4.317717436
1.854451500,4.317794584
1.854654900,4.317871694
1.854858400,4.317948842
1.855061800,4.318025952
1.855265300,4.322103100
1.855468700,4.322180210
1.855672200,4.322257358
1.855875700,4.318334506
1.856079100,4.318411616
1.856282600,4.318488764
1.856486000,4.318565874
1.856689500,4.322643022
1.856892900,4.322720132
1.857096400,4.322797280
1.857299800,4.318874390
1.857503300,4.318951538
1.857706700,4.319028648
1.857910200,4.319105796
1.858113600,4.319182906
1.858317100,4.323260054
1.858520500,4.323337164
1.858724000,4.323414312
1.858927400,4.319491422
1.859130900,4.319568570
1.859334300,4.319645680
1.859537800,4.319722828
1.859741200,4.319799938
1.859944700,4.319877086
1.860148100,4.319954196
1.860351600,4.320031344
1.860555000,4.316108454
1.860758500,4.316185602
1.860961900,4.316262712
1.861165400,4.316339860
1.861368800,4.316416970
1.861572300,4.316494117
1.861775700,4.316571227
1.861979200,4.316648375
1.862182600,4.312725485
1.862386100,4.312802633
1.862589500,4.312879743
1.862793000,4.312956891
1.862996400,4.313034001
1.863199900,4.313111149
1.863403300,4.313188259
1.863606800,4.313265407
1.863810200,4.305342517
1.864013700,4.305419665
1.864217100,4.305496775
1.864420600,4.305573923
1.864624000,4.305651033
1.864827500,4.301728181
1.865030900,4.301805291
1.865234400,4.301882439
1.865437800,4.293959549
1.865641300,4.294036697
1.865844700,4.294113807
1.866048200,4.290190955
1.866251600,4.290268065
1.866455100,4.286345213
1.866658500,4.286422323
1.866862000,4.282499471
1.867065400,4.278576581
1.867268900,4.274653729
1.867472300,4.274730839
1.867675800,4.266807987
1.867879200,4.266885097
1.868082700,4.262962245
1.868286100,4.259039355
1.868489600,4.259116503
1.868693000,4.255193613
1.868896500,4.247270761
1.869099900,4.243347871
1.869303400,4.239425019
1.869506800,4.235502129
1.869710300,4.231579277
1.869913700,4.227656387
1.870117200,4.223733534
1.870320600,4.215810644
1.870524100,4.215887792
1.870727500,4.207964902
1.870931000,4.204042050
1.871134400,4.196119160
1.871337900,4.192196308
1.871541300,4.188273418
1.871744800,4.180350566
1.871948200,4.176427676
1.872151700,4.172504824
1.872355100,4.160581934
1.872558600,4.152659082
1.872762000,4.148736192
1.872965500,4.144813340
1.873168900,4.136890450
1.873372400,4.128967598
1.873575800,4.125044708
1.873779300,4.117121856
1.873982700,4.113198966
1.874186200,4.105276114
1.874389600,4.093353224
1.874593100,4.089430372
1.874796500,4.081507482
1.875000000,4.077584630
1.875203500,4.065661778
1.875406900,4.061738888
1.875610400,4.057816036
1.875813800,4.045893146
1.876017300,4.041970294
1.876220700,4.034047404
1.876424200,4.022124552
1.876627600,4.018201662
1.876831100,4.014278810
1.877034500,4.006355920
1.877238000,3.998433068
1.877441400,3.994510178
1.877644900,3.990587326
1.877848300,3.982664436
1.878051800,3.978741583
1.878255200,3.970818694
1.878458700,3.958895841
1.878662100,3.954972951
1.878865600,3.951050099
1.879069000,3.943127209
1.879272500,3.939204357
1.879475900,3.935281467
1.879679400,3.931358615
1.879882800,3.927435725
1.880086300,3.919512873
1.880289700,3.915589983
1.880493200,3.907667131
1.880696600,3.907744241
1.880900100,3.903821389
1.881103500,3.895898499
1.881307000,3.895975647
1.881510400,3.892052757
1.881713900,3.888129905
1.881917300,3.884207015
1.882120800,3.880284163
1.882324200,3.876361273
1.882527700,3.872438421
1.882731100,3.872515531
1.882934600,3.868592679
1.883138000,3.868669789
1.883341500,3.864746937
1.883544900,3.864824047
1.883748400,3.864901195
1.883951800,3.860978305
1.884155300,3.857055453
1.884358700,3.857132563
1.884562200,3.853209711
1.884765600,3.853286821
1.884969100,3.853363969
1.885172500,3.853441079
1.885376000,3.853518227
1.885579400,3.853595337
1.885782900,3.853672485
1.885986300,3.853749595
1.886189800,3.853826743
1.886393200,3.849903853
1.886596700,3.849981000
1.886800100,3.850058110
1.887003600,3.850135258
1.887207000,3.854212368
1.887410500,3.854289516
1.887613900,3.854366626
1.887817400,3.854443774
1.888020800,3.858520884
1.888224300,3.858598032
1.888427700,3.854675142
1.888631200,3.858752290
1.888834600,3.858829400
1.889038100,3.858906548
1.889241500,3.862983658
1.889445000,3.867060806
1.889648400,3.867137916
1.889851900,3.871215064
1.890055300,3.871292174
1.890258800,3.875369322
1.890462200,3.875446432
1.890665700,3.875523580
1.890869100,3.879600690
1.891072600,3.879677838
1.891276000,3.887754948
1.891479500,3.887832096
1.891682900,3.891909206
1.891886400,3.895986354
1.892089800,3.900063464
1.892293300,3.900140612
1.892496700,3.904217722
1.892700200,3.908294870
1.892903600,3.908371980
1.893107100,3.912449128
1.893310500,3.916526238
1.893514000,3.920603386
1.893717400,3.924680496
1.893920900,3.932757644
1.894124300,3.932834754
1.894327800,3.936911902
1.894531200,3.944989012
1.894734700,3.949066160
1.894938200,3.953143307
1.895141600,3.957220417
1.895345100,3.957297565
1.895548500,3.961374675
1.895752000,3.965451823
1.895955400,3.973528933
1.896158900,3.977606081
1.896362300,3.981683191
1.896565800,3.989760339
1.896769200,3.993837449
1.896972700,3.997914597
1.897176100,4.001991707
1.897379600,4.010068855
1.897583000,4.014145965
1.897786500,4.014223113
1.897989900,4.022300223
1.898193400,4.026377371
1.898396800,4.030454481
1.898600300,4.038531629
1.898803700,4.042608739
1.899007200,4.046685887
1.899210600,4.050762997
1.899414100,4.058840145
1.899617500,4.066917255
1.899821000,4.070994403
1.900024400,4.079071513
1.900227900,4.079148661
1.900431300,4.083225771
1.900634800,4.091302919
1.900838200,4.095380029
1.901041700,4.099457177
1.901245100,4.103534287
1.901448600,4.111611435
1.901652000,4.115688545
1.901855500,4.119765693
1.902058900,4.127842803
1.902262400,4.131919951
1.902465800,4.135997061
1.902669300,4.144074209
1.902872700,4.144151319
1.903076200,4.152228466
1.903279600,4.156305577
1.903483100,4.164382724
1.903686500,4.168459834
1.903890000,4.172536982
1.904093400,4.180614092
1.904296900,4.184691240
1.904500300,4.188768350
1.904703800,4.192845498
1.904907200,4.196922608
1.905110700,4.200999756
1.905314100,4.209076866
1.905517600,4.213154014
1.905721000,4.213231124
1.905924500,4.217308272
1.906127900,4.225385382
1.906331400,4.229462530
1.906534800,4.233539640
1.906738300,4.241616788
1.906941700,4.245693898
1.907145200,4.249771046
1.907348600,4.253848156
1.907552100,4.257925304
1.907755500,4.262002414
1.907959000,4.266079562
1.908162400,4.274156672
1.908365900,4.274233820
1.908569300,4.274310930
1.908772800,4.282388078
1.908976200,4.286465188
1.909179700,4.290542336
1.909383100,4.294619446
1.909586600,4.298696594
1.909790000,4.302773704
1.909993500,4.306850852
1.910196900,4.310927962
1.910400400,4.315005110
1.910603800,4.319082220
1.910807300,4.327159368
1.911010700,4.327236478
1.911214200,4.331313626
1.911417600,4.335390736
1.911621100,4.335467883
1.911824500,4.339544993
1.912028000,4.343622141
1.912231400,4.347699251
1.912434900,4.351776399
1.912638300,4.355853509
1.912841800,4.359930657
1.913045200,4.364007767
1.913248700,4.364084915
1.913452100,4.372162025
1.913655600,4.372239173
1.913859000,4.376316283
1.914062500,4.380393431
1.914266000,4.384470579
1.914469400,4.388547689
1.914672900,4.384624837
1.914876300,4.392701947
1.915079800,4.392779095
1.915283200,4.396856205
1.915486700,4.400933353
1.915690100,4.405010463
1.915893600,4.405087611
1.916097000,4.413164721
1.916300500,4.413241869
1.916503900,4.417318979
1.916707400,4.417396127
1.916910800,4.421473237
1.917114300,4.425550385
1.917317700,4.425627495
1.917521200,4.429704643
1.917724600,4.433781753
1.917928100,4.429858901
1.918131500,4.433936011
1.918335000,4.438013159
1.918538400,4.438090269
1.918741900,4.442167417
1.918945300,4.446244527
1.919148800,4.446321675
1.919352200,4.450398785
1.919555700,4.454475932
1.919759100,4.454553043
1.919962600,4.454630190
1.920166000,4.458707300
1.920369500,4.462784448
1.920572900,4.462861558
1.920776400,4.462938706
1.920979800,4.467015816
1.921183300,4.467092964
1.921386700,4.467170074
1.921590200,4.467247222
1.921793600,4.471324332
1.921997100,4.471401480
1.922200500,4.471478590
1.922404000,4.475555738
1.922607400,4.475632848
1.922810900,4.475709996
1.923014300,4.479787106
1.923217800,4.479864254
1.923421200,4.479941364
1.923624700,4.484018512
1.923828100,4.484095622
1.924031600,4.484172770
1.924235000,4.484249880
1.924438500,4.484327028
1.924641900,4.484404138
1.924845400,4.488481286
1.925048800,4.488558396
1.925252300,4.484635544
1.925455700,4.484712654
1.925659200,4.484789802
1.925862600,4.484866912
1.926066100,4.484944060
1.926269500,4.485021170
1.926473000,4.485098318
1.926676400,4.485175428
1.926879900,4.485252576
1.927083300,4.485329686
1.927286800,4.485406834
1.927490200,4.485483944
1.927693700,4.485561092
1.927897100,4.485638202
1.928100600,4.485715349
1.928304000,4.485792459
1.928507500,4.485869607
1.928710900,4.485946717
1.928914400,4.486023865
1.929117800,4.482100975
1.929321300,4.482178123
1.929524700,4.478255233
1.929728200,4.478332381
1.929931600,4.478409491
1.930135100,4.478486639
1.930338500,4.474563749
1.930542000,4.474640897
1.930745400,4.474718007
1.930948900,4.470795155
1.931152300,4.470872265
1.931355800,4.470949413
1.931559200,4.471026523
1.931762700,4.467103671
1.931966100,4.467180781
1.932169600,4.467257929
1.932373000,4.467335039
1.932576500,4.463412187
1.932779900,4.463489297
1.932983400,4.463566445
1.933186800,4.459643555
1.933390300,4.459720703
1.933593700,4.459797813
1.933797200,4.459874961
1.934000700,4.455952109
1.934204100,4.452029219
1.934407600,4.452106367
1.934611000,4.448183477
1.934814500,4.448260625
1.935017900,4.448337735
1.935221400,4.444414883
1.935424800,4.444491993
1.935628300,4.444569141
1.935831700,4.440646251
1.936035200,4.440723398
1.936238600,4.440800509
1.936442100,4.440877656
1.936645500,4.436954766
1.936849000,4.437031914
1.937052400,4.437109024
1.937255900,4.437186172
1.937459300,4.437263282
1.937662800,4.433340430
1.937866200,4.433417540
1.938069700,4.433494688
1.938273100,4.433571798
1.938476600,4.433648946
1.938680000,4.433726056
1.938883500,4.429803204
1.939086900,4.429880314
1.939290400,4.429957462
1.939493800,4.426034572
1.939697300,4.426111720
1.939900700,4.426188830
1.940104200,4.426265978
1.940307600,4.426343088
1.940511100,4.426420236
1.940714500,4.426497346
1.940918000,4.426574494
1.941121400,4.426651604
1.941324900,4.426728752
1.941528300,4.426805862
1.941731800,4.426883010
1.941935200,4.426960120
1.942138700,4.427037268
1.942342100,4.427114378
1.942545600,4.427191526
1.942749000,4.431268636
1.942952500,4.431345784
1.943155900,4.431422894
1.943359400,4.431500042
1.943562800,4.431577152
1.943766300,4.435654300
1.943969700,4.435731410
1.944173200,4.435808558
1.944376600,4.439885668
1.944580100,4.439962815
1.944783500,4.440039926
1.944987000,4.440117073
1.945190400,4.444194183
1.945393900,4.444271331
1.945597300,4.444348441
1.945800800,4.448425589
1.946004200,4.444502699
1.946207700,4.448579847
1.946411100,4.448656957
1.946614600,4.452734105
1.946818000,4.452811215
1.947021500,4.452888363
1.947224900,4.456965473
1.947428400,4.461042621
1.947631800,4.461119731
1.947835300,4.465196879
1.948038700,4.465273989
1.948242200,4.465351137
1.948445600,4.469428247
1.948649100,4.473505395
1.948852500,4.473582505
1.949056000,4.477659653
1.949259400,4.477736763
1.949462900,4.481813911
1.949666300,4.481891021
1.949869800,4.485968169
1.950073200,4.490045279
1.950276700,4.490122427
1.950480100,4.494199537
1.950683600,4.498276685
1.950887000,4.498353795
1.951090500,4.502430943
1.951293900,4.502508053
1.951497400,4.506585201
1.951700800,4.506662311
1.951904300,4.510739459
1.952107700,4.514816569
1.952311200,4.514893717
1.952514600,4.518970827
1.952718100,4.523047975
1.952921500,4.523125085
1.953125000,4.527202232
1.953328500,4.527279380
1.953531900,4.531356490
1.953735400,4.531433638
1.953938800,4.535510748
1.954142300,4.535587896
1.954345700,4.539665006
1.954549200,4.543742154
1.954752600,4.543819264
1.954956100,4.539896412
1.955159500,4.543973522
1.955363000,4.544050670
1.955566400,4.548127780
1.955769900,4.548204928
1.955973300,4.552282038
1.956176800,4.552359186
1.956380200,4.552436296
1.956583700,4.556513444
1.956787100,4.556590554
1.956990600,4.556667702
1.957194000,4.560744812
1.957397500,4.560821960
1.957600900,4.560899070
1.957804400,4.560976218
1.958007800,4.565053328
1.958211300,4.565130476
1.958414700,4.565207586
1.958618200,4.565284734
1.958821600,4.569361844
1.959025100,4.569438992
1.959228500,4.569516102
1.959432000,4.569593250
1.959635400,4.569670360
1.959838900,4.569747508
1.960042300,4.569824618
1.960245800,4.569901766
1.960449200,4.569978876
1.960652700,4.574056024
1.960856100,4.574133134
1.961059600,4.574210281
1.961263000,4.574287392
1.961466500,4.574364539
1.961669900,4.574441649
1.961873400,4.574518797
1.962076800,4.574595907
1.962280300,4.574673055
1.962483700,4.574750165
1.962687200,4.574827313
1.962890600,4.574904423
1.963094100,4.570981571
1.963297500,4.571058681
1.963501000,4.571135829
1.963704400,4.571212939
1.963907900,4.571290087
1.964111300,4.571367197
1.964314800,4.571444345
1.964518200,4.571521455
1.964721700,4.571598603
1.964925100,4.571675713
1.965128600,4.567752861
1.965332000,4.567829971
1.965535500,4.567907119
1.965738900,4.567984229
1.965942400,4.568061377
1.966145800,4.568138487
1.966349300,4.564215635
1.966552700,4.564292745
1.966756200,4.564369893
1.966959600,4.564447003
1.967163100,4.564524151
1.967366500,4.560601261
1.967570000,4.560678409
1.967773400,4.560755519
1.967976900,4.556832667
1.968180300,4.556909777
1.968383800,4.556986925
1.968587200,4.557064035
1.968790700,4.553141183
1.968994100,4.553218293
1.969197600,4.553295441
1.969401000,4.549372551
1.969604500,4.549449698
1.969807900,4.545526809
1.970011400,4.545603956
1.970214800,4.541681066
1.970418300,4.541758214
1.970621700,4.537835324
1.970825200,4.537912472
1.971028600,4.537989582
1.971232100,4.534066730
1.971435500,4.530143840
1.971639000,4.530220988
1.971842400,4.526298098
1.972045900,4.522375246
1.972249300,4.522452356
1.972452800,4.518529504
1.972656200,4.514606614
1.972859700,4.514683762
1.973063200,4.510760910
1.973266600,4.506838020
1.973470100,4.502915168
1.973673500,4.498992278
1.973877000,4.499069426
1.974080400,4.491146536
1.974283900,4.491223684
1.974487300,4.487300794
1.974690800,4.479377942
1.974894200,4.475455052
1.975097700,4.475532200
1.975301100,4.471609310
1.975504600,4.463686458
1.975708000,4.459763568
1.975911500,4.455840716
1.976114900,4.447917826
1.976318400,4.443994974
1.976521800,4.440072084
1.976725300,4.432149232
1.976928700,4.428226342
1.977132200,4.424303490
1.977335600,4.420380600
1.977539100,4.412457748
1.977742500,4.408534858
1.977946000,4.404612005
1.978149400,4.392689115
1.978352900,4.388766263
1.978556300,4.384843373
1.978759800,4.372920521
1.978963200,4.368997631
1.979166700,4.365074779
1.979370100,4.357151889
1.979573600,4.349229037
1.979777000,4.341306147
1.979980500,4.337383295
1.980183900,4.325460405
1.980387400,4.321537553
1.980590800,4.313614663
1.980794300,4.301691811
1.980997700,4.297768921
1.981201200,4.289846069
1.981404600,4.277923179
1.981608100,4.274000327
1.981811500,4.266077437
1.982015000,4.262154585
1.982218400,4.250231695
1.982421900,4.242308843
1.982625300,4.234385953
1.982828800,4.222463101
1.983032200,4.214540211
1.983235700,4.210617359
1.983439100,4.194694469
1.983642600,4.190771617
1.983846000,4.182848727
1.984049500,4.174925875
1.984252900,4.163002985
1.984456400,4.155080133
1.984659800,4.147157243
1.984863300,4.135234391
1.985066700,4.127311501
1.985270200,4.119388649
1.985473600,4.103465759
1.985677100,4.095542907
1.985880500,4.087620017
1.986084000,4.083697164
1.986287400,4.067774275
1.986490900,4.059851422
1.986694300,4.051928532
1.986897800,4.036005680
1.987101200,4.028082790
1.987304700,4.020159938
1.987508100,4.004237048
1.987711600,4.000314196
1.987915000,3.992391306
1.988118500,3.984468454
1.988321900,3.968545564
1.988525400,3.960622712
1.988728800,3.952699822
1.988932300,3.932776970
1.989135700,3.924854080
1.989339200,3.916931228
1.989542600,3.901008338
1.989746100,3.893085486
1.989949500,3.881162596
1.990153000,3.865239744
1.990356400,3.857316854
1.990559900,3.845394002
1.990763300,3.837471112
1.990966800,3.821548260
1.991170200,3.809625370
1.991373700,3.801702518
1.991577100,3.785779628
1.991780600,3.773856776
1.991984000,3.765933886
1.992187500,3.746011034
1.992391000,3.738088182
1.992594400,3.726165292
1.992797900,3.718242440
1.993001300,3.698319550
1.993204800,3.690396698
1.993408200,3.678473808
1.993611700,3.658550956
1.993815100,3.650628066
1.994018600,3.642705214
1.994222000,3.622782324
1.994425500,3.610859471
1.994628900,3.602936581
1.994832400,3.591013729
1.995035800,3.571090839
1.995239300,3.559167987
1.995442700,3.551245097
1.995646200,3.531322245
1.995849600,3.519399355
1.996053100,3.511476503
1.996256500,3.487553613
1.996460000,3.479630761
1.996663400,3.467707871
1.996866900,3.463785019
1.997070300,3.439862129
1.997273800,3.431939277
1.997477200,3.420016387
1.997680700,3.400093535
1.997884100,3.388170645
1.998087600,3.376247793
1.998291000,3.356324903
1.998494500,3.344402051
1.998697900,3.332479161
1.998901400,3.324556309
1.999104800,3.300633419
1.999308300,3.288710567
1.999511700,3.280787677
1.999715200,3.256864825
1.999918600,3.244941935
2.000122100,3.237019083
2.000325500,3.213096193
2.000529000,3.201173341
2.000732400,3.189250451
2.000935900,3.169327599
2.001139300,3.157404709
2.001342800,3.145481857
2.001546200,3.133558967
2.001749700,3.109636115
2.001953100,3.101713225
2.002156600,3.089790373
2.002360000,3.065867483
2.002563500,3.053944630
2.002766900,3.042021741
2.002970400,3.018098888
2.003173800,3.006175998
2.003377300,3.002253146
2.003580700,2.990330256
2.003784200,2.966407404
2.003987600,2.954484514
2.004191100,2.942561662
2.004394500,2.918638772
2.004598000,2.906715920
2.004801400,2.894793030
2.005004900,2.870870178
2.005208300,2.858947288
2.005411800,2.847024436
2.005615200,2.835101546
2.005818700,2.811178694
2.006022100,2.799255804
2.006225600,2.787332952
2.006429000,2.759410062
2.006632500,2.747487210
2.006835900,2.735564320
2.007039400,2.711641468
2.007242800,2.699718578
2.007446300,2.687795726
2.007649700,2.675872836
2.007853200,2.647949984
2.008056600,2.636027094
2.008260100,2.624104242
2.008463500,2.600181352
2.008667000,2.584258500
2.008870400,2.576335610
2.009073900,2.552412758
2.009277300,2.536489868
2.009480800,2.524567016
2.009684200,2.500644126
2.009887700,2.484721274
2.010091100,2.472798384
2.010294600,2.460875532
2.010498000,2.432952642
2.010701500,2.417029790
2.010904900,2.405106900
2.011108400,2.377184047
2.011311800,2.365261158
2.011515300,2.349338305
2.011718700,2.325415415
2.011922200,2.309492563
2.012125700,2.297569711
2.012329100,2.281646821
2.012532600,2.253723969
2.012736000,2.241801079
2.012939500,2.225878227
2.013142900,2.197955337
2.013346400,2.182032485
2.013549800,2.174109595
2.013753300,2.146186743
2.013956700,2.130263853
2.014160200,2.114341001
2.014363600,2.102418111
2.014567100,2.070495259
2.014770500,2.058572369
2.014974000,2.042649517
2.015177400,2.014726627
2.015380900,1.998803775
2.015584300,1.982880885
2.015787800,1.954958033
2.015991200,1.939035143
2.016194700,1.923112291
2.016398100,1.907189401
2.016601600,1.879266549
2.016805000,1.863343659
2.017008500,1.847420807
2.017211900,1.815497917
2.017415400,1.803575065
2.017618800,1.787652175
2.017822300,1.755729323
2.018025700,1.743806433
2.018229200,1.727883581
2.018432600,1.695960691
2.018636100,1.680037839
2.018839500,1.664114949
2.019043000,1.648192097
2.019246400,1.620269207
2.019449900,1.604346354
2.019653300,1.588423464
2.019856800,1.556500612
2.020060200,1.540577722
2.020263700,1.524654870
2.020467100,1.492731980
2.020670600,1.476809128
2.020874000,1.460886238
2.021077500,1.440963386
2.021280900,1.409040496
2.021484400,1.393117644
2.021687800,1.377194754
2.021891300,1.349271902
2.022094700,1.333349012
2.022298200,1.317426160
2.022501600,1.285503270
2.022705100,1.269580418
2.022908500,1.253657528
2.023112000,1.233734676
2.023315400,1.201811786
2.023518900,1.185888934
2.023722300,1.169966044
2.023925800,1.138043192
2.024129200,1.118120302
2.024332700,1.102197450
2.024536100,1.070274560
2.024739600,1.054351708
2.024943000,1.034428818
2.025146500,1.018505966
2.025349900,0.986583076
2.025553400,0.970660224
2.025756800,0.954737334
2.025960300,0.922814482
2.026163700,0.902891592
2.026367200,0.886968740
2.026570600,0.855045850
2.026774100,0.835122998
2.026977500,0.819200108
2.027181000,0.803277256
2.027384400,0.767354366
2.027587900,0.747431513
2.027791300,0.731508624
2.027994800,0.695585771
2.028198200,0.679662881
2.028401700,0.659740029
2.028605100,0.627817139
2.028808600,0.607894287
2.029012000,0.595971397
2.029215500,0.560048545
2.029418900,0.540125655
2.029622400,0.520202803
2.029825800,0.504279913
2.030029300,0.468357061
2.030232700,0.448434171
2.030436200,0.428511319
2.030639600,0.392588429
2.030843100,0.372665577
2.031046500,0.356742687
2.031250000,0.316819835
2.031453500,0.296896983
2.031656900,0.276974093
2.031860400,0.261051241
2.032063800,0.221128351
2.032267300,0.205205499
2.032470700,0.185282609
2.032674200,0.145359757
2.032877600,0.125436867
2.033081100,0.105514015
2.033284500,0.061591125
2.033488000,0.041668273
2.033691400,0.021745383
2.033894900,0.001822531
2.034098300,-0.042100359
2.034301800,-0.062023211
2.034505200,-0.081946101
2.034708700,-0.125868953
2.034912100,-0.149791843
2.035115600,-0.169714695
2.035319000,-0.209637585
2.035522500,-0.233560437
2.035725900,-0.257483327
2.035929400,-0.277406180
2.036132800,-0.325329070
2.036336300,-0.349251922
2.036539700,-0.369174812
2.036743200,-0.417097664
2.036946600,-0.441020554
2.037150100,-0.464943406
2.037353500,-0.512866296
2.037557000,-0.532789148
2.037760400,-0.556712038
2.037963900,-0.604634890
2.038167300,-0.628557780
2.038370800,-0.648480632
2.038574200,-0.672403522
2.038777700,-0.720326374
2.038981100,-0.744249264
2.039184600,-0.768172116
2.039388000,-0.816095006
2.039591500,-0.840017858
2.039794900,-0.863940748
2.039998400,-0.907863600
2.040201800,-0.931786490
2.040405300,-0.955709342
2.040608700,-0.979632232
2.040812200,-1.023555084
2.041015600,-1.047477974
2.041219100,-1.063400826
2.041422500,-1.107323716
2.041626000,-1.127246568
2.041829400,-1.147169458
2.042032900,-1.191092310
2.042236300,-1.207015200
2.042439800,-1.226938052
2.042643200,-1.246860942
2.042846700,-1.282783794
2.043050100,-1.302706684
2.043253600,-1.318629536
2.043457000,-1.350552426
2.043660500,-1.366475278
2.043863900,-1.378398168
2.044067400,-1.406321020
2.044270800,-1.418243910
2.044474300,-1.430166763
2.044677700,-1.446089653
2.044881200,-1.466012505
2.045084600,-1.477935395
2.045288100,-1.485858247
2.045491500,-1.505781137
2.045695000,-1.513703989
2.045898400,-1.517626879
2.046101900,-1.533549731
2.046305300,-1.537472621
2.046508800,-1.537395473
2.046712200,-1.541318363
2.046915700,-1.549241215
2.047119100,-1.549164105
2.047322600,-1.549086957
2.047526000,-1.553009847
2.047729500,-1.552932699
2.047932900,-1.548855589
2.048136400,-1.544778441
2.048339800,-1.544701331
2.048543300,-1.540624183
2.048746700,-1.532547073
2.048950200,-1.524469925
2.049153600,-1.516392815
2.049357100,-1.508315667
2.049560500,-1.496238557
2.049764000,-1.488161409
2.049967400,-1.480084299
2.050170900,-1.460007151
2.050374300,-1.451930041
2.050577800,-1.439852893
2.050781200,-1.419775783
2.050984700,-1.407698635
2.051188200,-1.395621487
2.051391600,-1.383544377
2.051595100,-1.355467229
2.051798500,-1.343390119
2.052002000,-1.331312971
2.052205400,-1.303235861
2.052408900,-1.291158714
2.052612300,-1.279081604
2.052815800,-1.251004456
2.053019200,-1.234927346
2.053222700,-1.222850198
2.053426100,-1.206773088
2.053629600,-1.178695940
2.053833000,-1.162618830
2.054036500,-1.146541682
2.054239900,-1.118464572
2.054443400,-1.102387424
2.054646800,-1.086310314
2.054850300,-1.058233166
2.055053700,-1.046156056
2.055257200,-1.030078908
2.055460600,-1.014001798
2.055664100,-0.985924650
2.055867500,-0.973847540
2.056071000,-0.957770392
2.056274400,-0.925693282
2.056477900,-0.913616134
2.056681300,-0.901539024
2.056884800,-0.873461876
2.057088200,-0.861384766
2.057291700,-0.845307618
2.057495100,-0.821230508
2.057698600,-0.809153360
2.057902000,-0.797076250
2.058105500,-0.780999102
2.058308900,-0.756921992
2.058512400,-0.744844844
2.058715800,-0.728767734
2.058919300,-0.704690586
2.059122700,-0.692613476
2.059326200,-0.684536328
2.059529600,-0.660459218
2.059733100,-0.648382070
2.059936500,-0.636304960
2.060140000,-0.628227812
2.060343400,-0.604150702
2.060546900,-0.596073554
2.060750300,-0.583996444
2.060953800,-0.559919297
2.061157200,-0.547842187
2.061360700,-0.539765039
2.061564100,-0.519687929
2.061767600,-0.507610781
2.061971000,-0.499533671
2.062174500,-0.491456523
2.062377900,-0.471379413
2.062581400,-0.463302265
2.062784800,-0.451225155
2.062988300,-0.431148007
2.063191700,-0.423070897
2.063395200,-0.414993749
2.063598600,-0.394916639
2.063802100,-0.386839491
2.064005500,-0.378762381
2.064209000,-0.370685233
2.064412400,-0.354608123
2.064615900,-0.346530975
2.064819300,-0.338453865
2.065022800,-0.322376717
2.065226200,-0.310299607
2.065429700,-0.302222459
2.065633100,-0.286145349
2.065836600,-0.278068201
2.066040000,-0.269991091
2.066243500,-0.253913943
2.066446900,-0.245836833
2.066650400,-0.241759685
2.066853800,-0.233682575
2.067057300,-0.217605427
2.067260700,-0.209528317
2.067464200,-0.201451169
2.067667600,-0.189374059
2.067871100,-0.181296911
2.068074500,-0.173219801
2.068278000,-0.161142653
2.068481400,-0.153065543
2.068684900,-0.148988395
2.068888300,-0.140911285
2.069091800,-0.128834137
2.069295200,-0.120757027
2.069498700,-0.112679880
2.069702100,-0.100602770
2.069905600,-0.096525622
2.070109000,-0.088448512
2.070312500,-0.076371364
2.070516000,-0.072294216
2.070719400,-0.064217106
2.070922900,-0.060139958
2.071126300,-0.048062848
2.071329800,-0.039985700
2.071533200,-0.031908590
2.071736700,-0.023831442
2.071940100,-0.015754332
2.072143600,-0.011677184
2.072347000,0.000399926
2.072550500,0.004477074
2.072753900,0.008554184
2.072957400,0.016631332
2.073160800,0.024708442
2.073364300,0.032785590
2.073567700,0.040862700
2.073771200,0.048939848
2.073974600,0.053016958
2.074178100,0.061094106
2.074381500,0.069171216
2.074585000,0.073248364
2.074788400,0.081325474
2.074991900,0.085402622
2.075195300,0.097479732
2.075398800,0.101556880
2.075602200,0.109633990
2.075805700,0.117711138
2.076009100,0.121788248
2.076212600,0.125865396
2.076416000,0.137942506
2.076619500,0.142019654
2.076822900,0.146096764
2.077026400,0.158173912
2.077229800,0.166251022
2.077433300,0.170328169
2.077636700,0.174405279
2.077840200,0.182482427
2.078043600,0.186559537
2.078247100,0.190636685
2.078450500,0.202713795
2.078654000,0.206790943
2.078857400,0.210868053
2.079060900,0.222945201
2.079264300,0.227022311
2.079467800,0.231099459
2.079671200,0.235176569
2.079874700,0.243253717
2.080078100,0.247330827
2.080281600,0.251407975
2.080485000,0.259485085
2.080688500,0.263562233
2.080891900,0.271639343
2.081095400,0.279716491
2.081298800,0.283793601
2.081502300,0.287870749
2.081705700,0.291947859
2.081909200,0.300025007
2.082112600,0.304102117
2.082316100,0.308179265
2.082519500,0.316256375
2.082723000,0.324333523
2.082926400,0.328410633
2.083129900,0.332487781
2.083333300,0.336564891
2.083536800,0.340642039
2.083740200,0.344719149
2.083943700,0.352796297
2.084147100,0.356873407
2.084350600,0.364950555
2.084554000,0.369027665
2.084757500,0.373104813
2.084960900,0.377181923
2.085164400,0.381259071
2.085367800,0.385336181
2.085571300,0.389413329
2.085774700,0.397490439
2.085978200,0.397567586
2.086181600,0.405644696
2.086385100,0.409721844
2.086588500,0.417798954
2.086792000,0.417876102
2.086995400,0.421953212
2.087198900,0.430030360
2.087402300,0.434107470
2.087605800,0.434184618
2.087809200,0.446261728
2.088012700,0.450338876
2.088216100,0.454415986
2.088419600,0.454493134
2.088623000,0.462570244
2.088826500,0.466647392
2.089029900,0.470724502
2.089233400,0.474801650
2.089436800,0.478878760
2.089640300,0.486955908
2.089843700,0.491033018
2.090047200,0.495110166
2.090250700,0.499187314
2.090454100,0.503264424
2.090657600,0.511341572
2.090861000,0.515418682
2.091064500,0.519495830
2.091267900,0.527572940
2.091471400,0.531650088
2.091674800,0.535727198
2.091878300,0.543804346
2.092081700,0.547881456
2.092285200,0.551958604
2.092488600,0.556035714
2.092692100,0.564112862
2.092895500,0.572189972
2.093099000,0.576267120
2.093302400,0.584344230
2.093505900,0.588421378
2.093709300,0.592498488
2.093912800,0.600575635
2.094116200,0.604652746
2.094319700,0.608729893
2.094523100,0.616807003
2.094726600,0.624884151
2.094930000,0.628961261
2.095133500,0.633038409
2.095336900,0.641115519
2.095540400,0.649192667
2.095743800,0.653269777
2.095947300,0.661346925
2.096150700,0.669424035
2.096354200,0.673501183
2.096557600,0.681578293
2.096761100,0.689655441
2.096964500,0.693732551
2.097168000,0.697809699
2.097371400,0.705886809
2.097574900,0.709963957
2.097778300,0.718041067
2.097981800,0.730118215
2.098185200,0.734195325
2.098388700,0.738272473
2.098592100,0.746349583
2.098795600,0.750426731
2.098999000,0.754503841
2.099202500,0.762580989
2.099405900,0.774658099
2.099609400,0.778735247
2.099812800,0.782812357
2.100016300,0.790889505
2.100219700,0.794966615
2.100423200,0.799043763
2.100626600,0.807120873
2.100830100,0.811198021
2.101033500,0.819275131
2.101237000,0.823352279
2.101440400,0.831429389
2.101643900,0.835506537
2.101847300,0.839583647
2.102050800,0.847660795
2.102254200,0.851737905
2.102457700,0.859815052
2.102661100,0.867892162
2.102864600,0.871969310
2.103068000,0.876046420
2.103271500,0.876123568
2.103474900,0.884200678
2.103678400,0.888277826
2.103881800,0.892354936
2.104085300,0.900432084
2.104288700,0.904509194
2.104492200,0.908586342
2.104695600,0.912663452
2.104899100,0.916740600
2.105102500,0.916817710
2.105306000,0.924894858
2.105509400,0.928971968
2.105712900,0.933049116
2.105916300,0.933126226
2.106119800,0.937203374
2.106323200,0.941280484
2.106526700,0.941357632
2.106730100,0.945434742
2.106933600,0.949511890
2.107137000,0.953589000
2.107340500,0.957666148
2.107543900,0.957743258
2.107747400,0.957820406
2.107950800,0.961897516
2.108154300,0.961974664
2.108357700,0.962051774
2.108561200,0.966128922
2.108764600,0.970206032
2.108968100,0.970283180
2.109171500,0.970360290
2.109375000,0.970437438
2.109578500,0.970514586
2.109781900,0.970591696
2.109985400,0.974668844
2.110188800,0.974745954
2.110392300,0.974823101
2.110595700,0.974900212
2.110799200,0.970977359
2.111002600,0.971054469
2.111206100,0.971131617
2.111409500,0.967208727
2.111613000,0.971285875
2.111816400,0.971362985
2.112019900,0.967440133
2.112223300,0.967517243
2.112426800,0.963594391
2.112630200,0.963671501
2.112833700,0.959748649
2.113037100,0.959825759
2.113240600,0.959902907
2.113444000,0.951980017
2.113647500,0.952057165
2.113850900,0.948134275
2.114054400,0.944211423
2.114257800,0.940288533
2.114461300,0.940365681
2.114664700,0.936442791
2.114868200,0.932519939
2.115071600,0.928597049
2.115275100,0.924674197
2.115478500,0.916751307
2.115682000,0.912828455
2.115885400,0.912905565
2.116088900,0.904982713
2.116292300,0.901059823
2.116495800,0.897136971
2.116699200,0.893214081
2.116902700,0.881291229
2.117106100,0.877368339
2.117309600,0.877445487
2.117513000,0.865522597
2.117716500,0.861599745
2.117919900,0.857676855
2.118123400,0.845754003
2.118326800,0.841831113
2.118530300,0.833908261
2.118733700,0.833985371
2.118937200,0.822062518
2.119140600,0.818139628
2.119344100,0.810216776
2.119547500,0.798293886
2.119751000,0.790371034
2.119954400,0.790448144
2.120157900,0.774525292
2.120361300,0.770602402
2.120564800,0.762679550
2.120768200,0.754756660
2.120971700,0.742833808
2.121175100,0.734910918
2.121378600,0.730988066
2.121582000,0.715065176
2.121785500,0.711142324
2.121988900,0.703219434
2.122192400,0.687296582
2.122395800,0.679373692
2.122599300,0.671450840
2.122802700,0.667527950
2.123006200,0.651605098
2.123209600,0.643682208
2.123413100,0.635759356
2.123616500,0.615836466
2.123820000,0.607913614
2.124023400,0.603990724
2.124226900,0.588067872
2.124430300,0.580144982
2.124633800,0.568222130
2.124837200,0.552299240
2.125040700,0.540376388
2.125244100,0.532453498
2.125447600,0.528530646
2.125651000,0.508607756
2.125854500,0.500684904
2.126057900,0.488762014
2.126261400,0.468839162
2.126464800,0.460916272
2.126668300,0.448993420
2.126871700,0.433070530
2.127075200,0.425147678
2.127278600,0.413224788
2.127482100,0.401301935
2.127685500,0.381379045
2.127889000,0.369456193
2.128092400,0.365533303
2.128295900,0.341610451
2.128499300,0.329687561
2.128702800,0.321764709
2.128906200,0.297841819
2.129109700,0.285918967
2.129313200,0.277996115
2.129516600,0.266073225
2.129720100,0.246150373
2.129923500,0.234227483
2.130127000,0.222304631
2.130330400,0.198381741
2.130533900,0.186458889
2.130737300,0.174535999
2.130940800,0.150613147
2.131144200,0.138690257
2.131347700,0.126767405
2.131551100,0.114844515
2.131754600,0.086921663
2.131958000,0.078998773
2.132161500,0.067075921
2.132364900,0.039153031
2.132568400,0.023230179
2.132771800,0.011307289
2.132975300,-0.016615563
2.133178700,-0.024538453
2.133382200,-0.040461305
2.133585600,-0.068384195
2.133789100,-0.084307047
2.133992500,-0.096229937
2.134196000,-0.112152789
2.134399400,-0.140075679
2.134602900,-0.151998531
2.134806300,-0.167921421
2.135009800,-0.199844273
2.135213200,-0.215767163
2.135416700,-0.227690016
2.135620100,-0.259612905
2.135823600,-0.271535758
2.136027000,-0.291458648
2.136230500,-0.307381500
2.136433900,-0.339304390
2.136637400,-0.355227242
2.136840800,-0.371150132
2.137044300,-0.403072984
2.137247700,-0.418995874
2.137451200,-0.438918726
2.137654600,-0.474841616
2.137858100,-0.490764468
2.138061500,-0.510687358
2.138265000,-0.522610210
2.138468400,-0.562533100
2.138671900,-0.578455952
2.138875300,-0.598378842
2.139078800,-0.638301694
2.139282200,-0.658224584
2.139485700,-0.670147436
2.139689100,-0.710070326
2.139892600,-0.729993178
2.140096000,-0.749916068
2.140299500,-0.773838920
2.140502900,-0.813761810
2.140706400,-0.829684662
2.140909800,-0.853607552
2.141113300,-0.893530404
2.141316700,-0.917453294
2.141520200,-0.937376146
2.141723600,-0.981299036
2.141927100,-1.001221888
2.142130500,-1.021144778
2.142334000,-1.069067630
2.142537400,-1.088990520
2.142740900,-1.112913372
2.142944300,-1.136836262
2.143147800,-1.176759114
2.143351200,-1.200682004
2.143554700,-1.224604856
2.143758100,-1.272527746
2.143961600,-1.296450599
2.144165000,-1.320373489
2.144368500,-1.364296341
2.144571900,-1.388219231
2.144775400,-1.412142083
2.144978800,-1.436064973
2.145182300,-1.483987825
2.145385700,-1.507910715
2.145589200,-1.527833567
2.145792600,-1.575756457
2.145996100,-1.599679309
2.146199500,-1.623602199
2.146403000,-1.671525051
2.146606400,-1.695447941
2.146809900,-1.715370793
2.147013300,-1.739293683
2.147216800,-1.787216535
2.147420200,-1.811139425
2.147623700,-1.831062277
2.147827100,-1.878985167
2.148030600,-1.898908019
2.148234000,-1.918830909
2.148437500,-1.966753761
2.148641000,-1.986676613
2.148844400,-2.010599503
2.149047900,-2.030522355
2.149251300,-2.070445245
2.149454800,-2.090368097
2.149658200,-2.110290987
2.149861700,-2.150213839
2.150065100,-2.170136729
2.150268600,-2.190059581
2.150472000,-2.225982471
2.150675500,-2.245905323
2.150878900,-2.261828213
2.151082400,-2.281751065
2.151285800,-2.313673955
2.151489300,-2.329596807
2.151692700,-2.345519697
2.151896200,-2.377442550
2.152099600,-2.393365439
2.152303100,-2.409288292
2.152506500,-2.437211182
2.152710000,-2.449134034
2.152913400,-2.461056924
2.153116900,-2.488979776
2.153320300,-2.500902666
2.153523800,-2.512825518
2.153727200,-2.524748408
2.153930700,-2.544671260
2.154134100,-2.556594150
2.154337600,-2.568517002
2.154541000,-2.588439892
2.154744500,-2.596362744
2.154947900,-2.600285634
2.155151400,-2.620208486
2.155354800,-2.628131376
2.155558300,-2.636054228
2.155761700,-2.643977118
2.155965200,-2.655899970
2.156168600,-2.659822860
2.156372100,-2.667745712
2.156575500,-2.679668602
2.156779000,-2.683591454
2.156982400,-2.691514344
2.157185900,-2.699437196
2.157389300,-2.699360086
2.157592800,-2.707282938
2.157796200,-2.711205828
2.157999700,-2.719128680
2.158203100,-2.723051570
2.158406600,-2.718974422
2.158610000,-2.726897312
2.158813500,-2.730820164
2.159016900,-2.734743054
2.159220400,-2.738665906
2.159423800,-2.742588796
2.159627300,-2.738511648
2.159830700,-2.742434538
2.160034200,-2.746357390
2.160237600,-2.750280280
2.160441100,-2.750203133
2.160644500,-2.750126022
2.160848000,-2.754048875
2.161051400,-2.753971765
2.161254900,-2.761894617
2.161458300,-2.761817507
2.161661800,-2.765740359
2.161865200,-2.765663249
2.162068700,-2.765586101
2.162272100,-2.769508991
2.162475600,-2.769431843
2.162679000,-2.773354733
2.162882500,-2.773277585
2.163085900,-2.773200475
2.163289400,-2.777123327
2.163492800,-2.781046217
2.163696300,-2.784969069
2.163899700,-2.788891959
2.164103200,-2.784814811
2.164306600,-2.788737701
2.164510100,-2.792660553
2.164713500,-2.796583443
2.164917000,-2.800506295
2.165120400,-2.800429185
2.165323900,-2.804352037
2.165527300,-2.808274927
2.165730800,-2.812197779
2.165934200,-2.820120669
2.166137700,-2.816043521
2.166341100,-2.819966411
2.166544600,-2.823889263
2.166748000,-2.831812153
2.166951500,-2.835735005
2.167154900,-2.839657895
2.167358400,-2.843580747
2.167561800,-2.847503637
2.167765300,-2.851426489
2.167968700,-2.859349379
2.168172200,-2.863272231
2.168375700,-2.863195083
2.168579100,-2.867117973
2.168782600,-2.875040826
2.168986000,-2.878963716
2.169189500,-2.882886568
2.169392900,-2.886809458
2.169596400,-2.890732310
2.169799800,-2.894655200
2.170003300,-2.902578052
2.170206700,-2.906500942
2.170410200,-2.910423794
2.170613600,-2.910346684
2.170817100,-2.918269536
2.171020500,-2.922192426
2.171224000,-2.926115278
2.171427400,-2.934038168
2.171630900,-2.933961020
2.171834300,-2.937883910
2.172037800,-2.945806762
2.172241200,-2.949729652
2.172444700,-2.953652504
2.172648100,-2.957575394
2.172851600,-2.961498246
2.173055000,-2.965421136
2.173258500,-2.965343988
2.173461900,-2.973266878
2.173665400,-2.973189730
2.173868800,-2.977112620
2.174072300,-2.985035472
2.174275700,-2.984958362
2.174479200,-2.988881214
2.174682600,-2.992804104
2.174886100,-2.992726956
2.175089500,-2.996649846
2.175293000,-3.000572698
2.175496400,-3.004495588
2.175699900,-3.008418440
2.175903300,-3.004341330
2.176106800,-3.012264182
2.176310200,-3.012187072
2.176513700,-3.016109924
2.176717100,-3.020032814
2.176920600,-3.015955667
2.177124000,-3.019878556
2.177327500,-3.019801409
2.177530900,-3.023724299
2.177734400,-3.027647151
2.177937800,-3.023570041
2.178141300,-3.027492893
2.178344700,-3.027415783
2.178548200,-3.031338635
2.178751600,-3.031261525
2.178955100,-3.031184377
2.179158500,-3.031107267
2.179362000,-3.031030119
2.179565400,-3.034953009
2.179768900,-3.034875861
2.179972300,-3.034798751
2.180175800,-3.034721603
2.180379200,-3.034644493
2.180582700,-3.038567345
2.180786100,-3.038490235
2.180989600,-3.034413087
2.181193000,-3.034335977
2.181396500,-3.038258829
2.181599900,-3.038181719
2.181803400,-3.038104571
2.182006800,-3.034027461
2.182210300,-3.033950313
2.182413700,-3.037873203
2.182617200,-3.037796055
2.182820600,-3.037718945
2.183024100,-3.033641797
2.183227500,-3.033564687
2.183431000,-3.033487539
2.183634400,-3.033410429
2.183837900,-3.033333281
2.184041300,-3.029256171
2.184244800,-3.029179023
2.184448200,-3.029101913
2.184651700,-3.029024765
2.184855100,-3.028947655
2.185058600,-3.024870507
2.185262000,-3.024793397
2.185465500,-3.024716250
2.185668900,-3.024639139
2.185872400,-3.024561992
2.186075800,-3.020484882
2.186279300,-3.016407734
2.186482700,-3.016330624
2.186686200,-3.016253476
2.186889600,-3.016176366
2.187093100,-3.008099218
2.187296500,-3.008022108
2.187500000,-3.007944960
2.187703500,-3.003867812
2.187906900,-3.003790702
2.188110400,-2.999713554
2.188313800,-2.995636444
2.188517300,-2.995559296
2.188720700,-2.991482186
2.188924200,-2.987405038
2.189127600,-2.983327928
2.189331100,-2.983250780
2.189534500,-2.979173670
2.189738000,-2.975096522
2.189941400,-2.975019412
2.190144900,-2.962942264
2.190348300,-2.962865154
2.190551800,-2.958788006
2.190755200,-2.958710896
2.190958700,-2.950633748
2.191162100,-2.942556638
2.191365600,-2.942479490
2.191569000,-2.934402380
2.191772500,-2.930325232
2.191975900,-2.926248122
2.192179400,-2.918170974
2.192382800,-2.914093864
2.192586300,-2.910016716
2.192789700,-2.905939606
2.192993200,-2.893862458
2.193196600,-2.889785348
2.193400100,-2.885708201
2.193603500,-2.873631090
2.193807000,-2.869553943
2.194010400,-2.861476833
2.194213900,-2.853399685
2.194417300,-2.849322575
2.194620800,-2.841245427
2.194824200,-2.837168317
2.195027700,-2.821091169
2.195231100,-2.817014059
2.195434600,-2.812936911
2.195638000,-2.800859801
2.195841500,-2.796782653
2.196044900,-2.784705543
2.196248400,-2.776628395
2.196451800,-2.768551285
2.196655300,-2.764474137
2.196858700,-2.756397027
2.197062200,-2.740319879
2.197265600,-2.736242769
2.197469100,-2.728165621
2.197672500,-2.716088511
2.197876000,-2.708011363
2.198079400,-2.699934253
2.198282900,-2.687857105
2.198486300,-2.679779995
2.198689800,-2.675702847
2.198893200,-2.663625737
2.199096700,-2.651548589
2.199300100,-2.647471479
2.199503600,-2.639394331
2.199707000,-2.627317221
2.199910500,-2.615240073
2.200113900,-2.611162963
2.200317400,-2.599085815
2.200520800,-2.591008705
2.200724300,-2.582931557
2.200927700,-2.566854447
2.201131200,-2.562777299
2.201334600,-2.554700189
2.201538100,-2.550623041
2.201741500,-2.534545931
2.201945000,-2.526468784
2.202148400,-2.518391673
2.202351900,-2.506314526
2.202555300,-2.502237416
2.202758800,-2.490160268
2.202962200,-2.478083158
2.203165700,-2.474006010
2.203369100,-2.465928900
2.203572600,-2.461851752
2.203776000,-2.445774642
2.203979500,-2.441697494
2.204182900,-2.433620384
2.204386400,-2.421543236
2.204589800,-2.413466126
2.204793300,-2.409388978
2.204996700,-2.397311868
2.205200200,-2.389234720
2.205403600,-2.385157610
2.205607100,-2.377080462
2.205810500,-2.365003352
2.206014000,-2.360926204
2.206217400,-2.352849094
2.206420900,-2.340771946
2.206624300,-2.332694836
2.206827800,-2.328617688
2.207031200,-2.316540578
2.207234700,-2.312463430
2.207438200,-2.304386282
2.207641600,-2.296309172
2.207845100,-2.288232024
2.208048500,-2.280154914
2.208252000,-2.276077766
2.208455400,-2.264000656
2.208658900,-2.255923508
2.208862300,-2.251846398
2.209065800,-2.243769250
2.209269200,-2.235692140
2.209472700,-2.227614992
2.209676100,-2.219537882
2.209879600,-2.211460734
2.210083000,-2.207383624
2.210286500,-2.199306477
2.210489900,-2.187229367
2.210693400,-2.183152219
2.210896800,-2.179075109
2.211100300,-2.170997961
2.211303700,-2.158920851
2.211507200,-2.154843703
2.211710600,-2.146766593
2.211914100,-2.142689445
2.212117500,-2.130612335
2.212321000,-2.126535187
2.212524400,-2.118458077
2.212727900,-2.114380929
2.212931300,-2.106303819
2.213134800,-2.094226671
2.213338200,-2.090149561
2.213541700,-2.086072413
2.213745100,-2.073995303
2.213948600,-2.065918155
2.214152000,-2.061841045
2.214355500,-2.057763897
2.214558900,-2.049686787
2.214762400,-2.041609639
2.214965800,-2.033532529
2.215169300,-2.025455381
2.215372700,-2.021378271
2.215576200,-2.017301123
2.215779600,-2.001224013
2.215983100,-1.997146865
2.216186500,-1.993069755
2.216390000,-1.988992607
2.216593400,-1.980915497
2.216796900,-1.972838349
2.217000300,-1.964761239
2.217203800,-1.956684091
2.217407200,-1.952606981
2.217610700,-1.944529833
2.217814100,-1.936452723
2.218017600,-1.932375575
2.218221000,-1.928298465
2.218424500,-1.924221318
2.218627900,-1.908144207
2.218831400,-1.904067060
2.219034800,-1.899989950
2.219238300,-1.891912802
2.219441700,-1.883835692
2.219645200,-1.879758544
2.219848600,-1.871681434
2.220052100,-1.867604286
2.220255500,-1.863527176
2.220459000,-1.851450028
2.220662400,-1.847372918
2.220865900,-1.843295770
2.221069300,-1.839218660
2.221272800,-1.827141512
2.221476200,-1.823064402
2.221679700,-1.818987254
2.221883100,-1.810910144
2.222086600,-1.810832996
2.222290000,-1.802755886
2.222493500,-1.794678738
2.222696900,-1.790601628
2.222900400,-1.786524480
2.223103800,-1.778447370
2.223307300,-1.770370222
2.223510700,-1.770293112
2.223714200,-1.766215964
2.223917600,-1.754138854
2.224121100,-1.750061706
2.224324500,-1.745984596
2.224528000,-1.741907448
2.224731400,-1.737830338
2.224934900,-1.729753190
2.225138300,-1.725676080
2.225341800,-1.721598932
2.225545200,-1.717521822
2.225748700,-1.709444674
2.225952100,-1.705367564
2.226155600,-1.701290416
2.226359000,-1.701213306
2.226562500,-1.689136158
2.226766000,-1.689059011
2.226969400,-1.684981901
2.227172900,-1.680904753
2.227376300,-1.676827643
2.227579800,-1.668750495
2.227783200,-1.668673385
2.227986700,-1.660596237
2.228190100,-1.660519127
2.228393600,-1.652441979
2.228597000,-1.648364869
2.228800500,-1.644287721
2.229003900,-1.644210611
2.229207400,-1.640133463
2.229410800,-1.632056353
2.229614300,-1.627979205
2.229817700,-1.627902095
2.230021200,-1.623824947
2.230224600,-1.615747837
2.230428100,-1.615670689
2.230631500,-1.611593579
2.230835000,-1.607516431
2.231038400,-1.603439321
2.231241900,-1.599362173
2.231445300,-1.595285063
2.231648800,-1.595207915
2.231852200,-1.587130805
2.232055700,-1.587053657
2.232259100,-1.582976547
2.232462600,-1.582899399
2.232666000,-1.578822289
2.232869500,-1.570745141
2.233072900,-1.570668031
2.233276400,-1.566590883
2.233479800,-1.566513773
2.233683300,-1.558436625
2.233886700,-1.558359515
2.234090200,-1.554282367
2.234293600,-1.554205257
2.234497100,-1.546128109
2.234700500,-1.546050999
2.234904000,-1.541973851
2.235107400,-1.541896741
2.235310900,-1.537819594
2.235514300,-1.533742484
2.235717800,-1.529665336
2.235921200,-1.529588226
2.236124700,-1.525511078
2.236328100,-1.521433968
2.236531600,-1.521356820
2.236735000,-1.517279710
2.236938500,-1.517202562
2.237141900,-1.509125452
2.237345400,-1.509048304
2.237548800,-1.504971194
2.237752300,-1.504894046
2.237955700,-1.496816936
2.238159200,-1.496739788
2.238362600,-1.496662678
2.238566100,-1.496585530
2.238769500,-1.492508420
2.238973000,-1.488431272
2.239176400,-1.484354162
2.239379900,-1.484277014
2.239583300,-1.484199904
2.239786800,-1.476122756
2.239990200,-1.476045646
2.240193700,-1.475968498
2.240397100,-1.471891388
2.240600600,-1.467814240
2.240804000,-1.467737130
2.241007500,-1.463659982
2.241210900,-1.463582872
2.241414400,-1.459505724
2.241617800,-1.459428614
2.241821300,-1.455351466
2.242024700,-1.455274356
2.242228200,-1.451197208
2.242431600,-1.451120098
2.242635100,-1.447042950
2.242838500,-1.446965840
2.243042000,-1.442888692
2.243245400,-1.442811582
2.243448900,-1.438734435
2.243652300,-1.438657324
2.243855800,-1.438580177
2.244059200,-1.434503067
2.244262700,-1.434425919
2.244466100,-1.434348809
2.244669600,-1.434271661
2.244873000,-1.426194551
2.245076500,-1.426117403
2.245279900,-1.426040293
2.245483400,-1.425963145
2.245686800,-1.421886035
2.245890300,-1.421808887
2.246093700,-1.421731777
2.246297200,-1.421654629
2.246500700,-1.417577481
2.246704100,-1.417500371
2.246907600,-1.417423223
2.247111000,-1.417346113
2.247314500,-1.413268965
2.247517900,-1.413191855
2.247721400,-1.413114707
2.247924800,-1.413037597
2.248128300,-1.408960449
2.248331700,-1.408883339
2.248535200,-1.408806191
2.248738600,-1.408729081
2.248942100,-1.404651933
2.249145500,-1.404574823
2.249349000,-1.404497675
2.249552400,-1.404420565
2.249755900,-1.404343417
2.249959300,-1.400266307
2.250162800,-1.400189159
2.250366200,-1.400112049
2.250569700,-1.400034901
2.250773100,-1.399957791
2.250976600,-1.399880643
2.251180000,-1.399803533
2.251383500,-1.399726385
2.251586900,-1.395649275
2.251790400,-1.395572128
2.251993800,-1.395495018
2.252197300,-1.399417870
2.252400700,-1.395340760
2.252604200,-1.395263612
2.252807600,-1.395186502
2.253011100,-1.395109354
2.253214500,-1.391032244
2.253418000,-1.394955096
2.253621400,-1.394877986
2.253824900,-1.394800838
2.254028300,-1.390723728
2.254231800,-1.390646580
2.254435200,-1.390569470
2.254638700,-1.394492322
2.254842100,-1.390415212
2.255045600,-1.390338064
2.255249000,-1.390260954
2.255452500,-1.390183806
2.255655900,-1.390106696
2.255859400,-1.390029548
2.256062800,-1.389952438
2.256266300,-1.389875290
2.256469700,-1.385798180
2.256673200,-1.385721032
2.256876600,-1.389643922
2.257080100,-1.389566774
2.257283500,-1.385489664
2.257487000,-1.385412516
2.257690400,-1.385335406
2.257893900,-1.389258258
2.258097300,-1.385181148
2.258300800,-1.385104000
2.258504200,-1.385026890
2.258707700,-1.384949742
2.258911100,-1.380872632
2.259114600,-1.384795484
2.259318000,-1.384718374
2.259521500,-1.384641226
2.259724900,-1.380564116
2.259928400,-1.380486968
2.260131800,-1.380409858
2.260335300,-1.384332711
2.260538700,-1.380255601
2.260742200,-1.380178453
2.260945600,-1.380101343
2.261149100,-1.380024195
2.261352500,-1.375947085
2.261556000,-1.379869937
2.261759400,-1.379792827
2.261962900,-1.379715679
2.262166300,-1.375638569
2.262369800,-1.375561421
2.262573200,-1.375484311
2.262776700,-1.375407163
2.262980100,-1.375330053
2.263183600,-1.375252905
2.263387000,-1.375175795
2.263590500,-1.375098647
2.263793900,-1.371021537
2.263997400,-1.370944389
2.264200800,-1.370867279
2.264404300,-1.374790131
2.264607700,-1.370713021
2.264811200,-1.370635873
2.265014600,-1.370558763
2.265218100,-1.370481615
2.265421500,-1.366404505
2.265625000,-1.370327357
2.265828500,-1.370250209
2.266031900,-1.370173099
2.266235400,-1.366095951
2.266438800,-1.366018841
2.266642300,-1.369941693
2.266845700,-1.369864583
2.267049200,-1.365787435
2.267252600,-1.365710325
2.267456100,-1.365633177
2.267659500,-1.369556067
2.267863000,-1.365478919
2.268066400,-1.365401809
2.268269900,-1.369324662
2.268473300,-1.369247552
2.268676800,-1.365170404
2.268880200,-1.365093294
2.269083700,-1.369016146
2.269287100,-1.368939036
2.269490600,-1.364861888
2.269694000,-1.368784778
2.269897500,-1.368707630
2.270100900,-1.368630520
2.270304400,-1.368553372
2.270507800,-1.368476262
2.270711300,-1.368399114
2.270914700,-1.372322004
2.271118200,-1.368244856
2.271321600,-1.368167746
2.271525100,-1.372090598
2.271728500,-1.372013488
2.271932000,-1.371936340
2.272135400,-1.371859230
2.272338900,-1.375782082
2.272542300,-1.371704972
2.272745800,-1.375627824
2.272949200,-1.375550714
2.273152700,-1.379473566
2.273356100,-1.375396456
2.273559600,-1.379319308
2.273763000,-1.379242198
2.273966500,-1.383165050
2.274169900,-1.379087940
2.274373400,-1.383010792
2.274576800,-1.386933682
2.274780300,-1.386856534
2.274983700,-1.386779424
2.275187200,-1.386702276
2.275390600,-1.390625166
2.275594100,-1.390548018
2.275797500,-1.390470908
2.276001000,-1.394393760
2.276204400,-1.394316650
2.276407900,-1.398239502
2.276611300,-1.398162392
2.276814800,-1.398085245
2.277018200,-1.402008135
2.277221700,-1.405930987
2.277425100,-1.401853877
2.277628600,-1.405776729
2.277832000,-1.409699619
2.278035500,-1.409622471
2.278238900,-1.409545361
2.278442400,-1.413468213
2.278645800,-1.413391103
2.278849300,-1.413313955
2.279052700,-1.417236845
2.279256200,-1.417159697
2.279459600,-1.421082587
2.279663100,-1.417005439
2.279866500,-1.420928329
2.280070000,-1.424851181
2.280273400,-1.424774071
2.280476900,-1.424696923
2.280680300,-1.424619813
2.280883800,-1.428542665
2.281087200,-1.432465555
2.281290700,-1.428388407
2.281494100,-1.432311297
2.281697600,-1.432234149
2.281901000,-1.436157039
2.282104500,-1.432079891
2.282307900,-1.436002781
2.282511400,-1.439925633
2.282714800,-1.435848523
2.282918300,-1.435771375
2.283121700,-1.439694265
2.283325200,-1.439617117
2.283528600,-1.439540007
2.283732100,-1.439462859
2.283935500,-1.443385749
2.284139000,-1.443308601
2.284342400,-1.439231491
2.284545900,-1.443154343
2.284749300,-1.443077233
2.284952800,-1.447000085
2.285156200,-1.442922975
2.285359700,-1.442845828
2.285563200,-1.446768680
2.285766600,-1.446691570
2.285970100,-1.442614422
2.286173500,-1.446537312
2.286377000,-1.446460164
2.286580400,-1.442383054
2.286783900,-1.442305906
2.286987300,-1.446228796
2.287190800,-1.446151648
2.287394200,-1.442074538
2.287597700,-1.441997390
2.287801100,-1.445920280
2.288004600,-1.445843132
2.288208000,-1.441766022
2.288411500,-1.441688874
2.288614900,-1.441611764
2.288818400,-1.441534616
2.289021800,-1.437457506
2.289225300,-1.437380358
2.289428700,-1.437303248
2.289632200,-1.441226100
2.289835600,-1.437148990
2.290039100,-1.437071842
2.290242500,-1.436994732
2.290446000,-1.432917584
2.290649400,-1.432840474
2.290852900,-1.432763326
2.291056300,-1.432686216
2.291259800,-1.428609068
2.291463200,-1.428531958
2.291666700,-1.428454810
2.291870100,-1.428377700
2.292073600,-1.424300552
2.292277000,-1.424223442
2.292480500,-1.424146294
2.292683900,-1.420069184
2.292887400,-1.419992036
2.293090800,-1.419914926
2.293294300,-1.419837779
2.293497700,-1.415760669
2.293701200,-1.415683521
2.293904600,-1.415606411
2.294108100,-1.415529263
2.294311500,-1.411452153
2.294515000,-1.411375005
2.294718400,-1.411297895
2.294921900,-1.411220747
2.295125300,-1.407143637
2.295328800,-1.407066489
2.295532200,-1.406989379
2.295735700,-1.402912231
2.295939100,-1.406835121
2.296142600,-1.406757973
2.296346000,-1.406680863
2.296549500,-1.402603715
2.296752900,-1.402526605
2.296956400,-1.402449457
2.297159800,-1.402372347
2.297363300,-1.402295199
2.297566700,-1.402218089
2.297770200,-1.402140941
2.297973600,-1.398063831
2.298177100,-1.401986683
2.298380500,-1.401909573
2.298584000,-1.401832425
2.298787400,-1.401755315
2.298990900,-1.401678167
2.299194300,-1.401601057
2.299397800,-1.405523909
2.299601200,-1.401446799
2.299804700,-1.405369651
2.300008100,-1.409292541
2.300211600,-1.409215393
2.300415000,-1.405138283
2.300618500,-1.409061135
2.300821900,-1.412984025
2.301025400,-1.412906877
2.301228800,-1.412829767
2.301432300,-1.416752619
2.301635700,-1.420675509
2.301839200,-1.420598362
2.302042600,-1.424521252
2.302246100,-1.428444104
2.302449500,-1.428366994
2.302653000,-1.432289846
2.302856400,-1.436212736
2.303059900,-1.440135588
2.303263300,-1.440058478
2.303466800,-1.443981330
2.303670200,-1.447904220
2.303873700,-1.451827072
2.304077100,-1.455749962
2.304280600,-1.459672814
2.304484000,-1.467595704
2.304687500,-1.471518556
2.304891000,-1.475441408
2.305094400,-1.479364298
2.305297900,-1.491287150
2.305501300,-1.491210040
2.305704800,-1.495132892
2.305908200,-1.503055782
2.306111700,-1.514978634
2.306315100,-1.514901524
2.306518600,-1.522824376
2.306722000,-1.534747266
2.306925500,-1.538670118
2.307128900,-1.542593008
2.307332400,-1.558515860
2.307535800,-1.562438750
2.307739300,-1.566361602
2.307942700,-1.574284492
2.308146200,-1.590207344
2.308349600,-1.598130234
2.308553100,-1.602053086
2.308756500,-1.617975976
2.308960000,-1.625898828
2.309163400,-1.629821718
2.309366900,-1.645744570
2.309570300,-1.657667460
2.309773800,-1.665590313
2.309977200,-1.669513203
2.310180700,-1.689436055
2.310384100,-1.697358945
2.310587600,-1.701281797
2.310791000,-1.721204687
2.310994500,-1.733127539
2.311197900,-1.741050429
2.311401400,-1.756973281
2.311604800,-1.768896171
2.311808300,-1.776819023
2.312011700,-1.788741913
2.312215200,-1.804664765
2.312418600,-1.812587655
2.312622100,-1.824510507
2.312825500,-1.840433397
2.313029000,-1.852356249
2.313232400,-1.860279139
2.313435900,-1.884201991
2.313639300,-1.888124881
2.313842800,-1.900047733
2.314046200,-1.919970623
2.314249700,-1.927893475
2.314453100,-1.939816365
2.314656600,-1.947739217
2.314860000,-1.967662107
2.315063500,-1.975584959
2.315266900,-1.983507849
2.315470400,-2.003430701
2.315673800,-2.015353591
2.315877300,-2.019276443
2.316080700,-2.039199333
2.316284200,-2.047122185
2.316487600,-2.055045075
2.316691100,-2.062967927
2.316894500,-2.078890817
2.317098000,-2.090813669
2.317301400,-2.094736559
2.317504900,-2.110659411
2.317708300,-2.118582301
2.317911800,-2.122505153
2.318115200,-2.134428043
2.318318700,-2.142350896
2.318522100,-2.150273786
2.318725600,-2.154196638
2.318929000,-2.166119528
2.319132500,-2.170042380
2.319335900,-2.173965270
2.319539400,-2.185888122
2.319742800,-2.189811012
2.319946300,-2.193733864
2.320149700,-2.197656754
2.320353200,-2.205579606
2.320556600,-2.209502496
2.320760100,-2.205425348
2.320963500,-2.213348238
2.321167000,-2.217271090
2.321370400,-2.221193980
2.321573900,-2.221116832
2.321777300,-2.221039722
2.321980800,-2.224962574
2.322184200,-2.224885464
2.322387700,-2.224808316
2.322591100,-2.224731206
2.322794600,-2.224654058
2.322998000,-2.224576948
2.323201500,-2.224499800
2.323404900,-2.224422690
2.323608400,-2.224345542
2.323811800,-2.220268432
2.324015300,-2.216191284
2.324218700,-2.216114174
2.324422200,-2.212037026
2.324625700,-2.207959878
2.324829100,-2.203882768
2.325032600,-2.203805620
2.325236000,-2.195728510
2.325439500,-2.195651362
2.325642900,-2.191574252
2.325846400,-2.183497104
2.326049800,-2.179419994
2.326253300,-2.175342847
2.326456700,-2.171265736
2.326660200,-2.167188589
2.326863600,-2.159111479
2.327067100,-2.155034331
2.327270500,-2.146957221
2.327474000,-2.142880073
2.327677400,-2.138802963
2.327880900,-2.134725815
2.328084300,-2.126648705
2.328287800,-2.118571557
2.328491200,-2.114494447
2.328694700,-2.106417299
2.328898100,-2.098340189
2.329101600,-2.094263041
2.329305000,-2.090185931
2.329508500,-2.082108783
2.329711900,-2.074031673
2.329915400,-2.069954525
2.330118800,-2.061877415
2.330322300,-2.053800267
2.330525700,-2.049723157
2.330729200,-2.041646009
2.330932600,-2.033568899
2.331136100,-2.025491751
2.331339500,-2.021414641
2.331543000,-2.013337493
2.331746400,-2.005260383
2.331949900,-2.001183235
2.332153300,-1.993106125
2.332356800,-1.985028977
2.332560200,-1.980951867
2.332763700,-1.976874719
2.332967100,-1.960797609
2.333170600,-1.956720461
2.333374000,-1.952643351
2.333577500,-1.940566203
2.333780900,-1.936489093
2.333984400,-1.932411945
2.334187800,-1.928334835
2.334391300,-1.912257687
2.334594700,-1.908180577
2.334798200,-1.904103430
2.335001600,-1.892026320
2.335205100,-1.887949172
2.335408500,-1.883872062
2.335612000,-1.871794914
2.335815400,-1.863717804
2.336018900,-1.859640656
2.336222300,-1.855563546
2.336425800,-1.843486398
2.336629200,-1.839409288
2.336832700,-1.835332140
2.337036100,-1.823255030
2.337239600,-1.815177882
2.337443000,-1.811100772
2.337646500,-1.803023624
2.337849900,-1.794946514
2.338053400,-1.790869366
2.338256800,-1.786792256
2.338460300,-1.774715108
2.338663700,-1.766637998
2.338867200,-1.762560850
2.339070600,-1.754483740
2.339274100,-1.746406592
2.339477500,-1.742329482
2.339681000,-1.734252334
2.339884400,-1.726175224
2.340087900,-1.722098076
2.340291300,-1.718020966
2.340494800,-1.709943818
2.340698200,-1.701866708
2.340901700,-1.697789560
2.341105100,-1.689712450
2.341308600,-1.681635302
2.341512000,-1.677558192
2.341715500,-1.669481044
2.341918900,-1.665403934
2.342122400,-1.661326786
2.342325800,-1.657249676
2.342529300,-1.649172528
2.342732700,-1.641095418
2.342936200,-1.637018270
2.343139600,-1.628941160
2.343343100,-1.624864013
2.343546500,-1.620786903
2.343750000,-1.612709755
2.343953500,-1.608632607
2.344156900,-1.600555497
2.344360400,-1.596478349
2.344563800,-1.592401239
2.344767300,-1.584324091
2.344970700,-1.584246981
2.345174200,-1.576169833
2.345377600,-1.572092723
2.345581100,-1.568015575
2.345784500,-1.559938465
2.345988000,-1.559861317
2.346191400,-1.551784207
2.346394900,-1.547707059
2.346598300,-1.543629949
2.346801800,-1.535552801
2.347005200,-1.535475691
2.347208700,-1.527398543
2.347412100,-1.527321433
2.347615600,-1.519244285
2.347819000,-1.515167175
2.348022500,-1.511090027
2.348225900,-1.507012917
2.348429400,-1.502935769
2.348632800,-1.498858659
2.348836300,-1.490781511
2.349039700,-1.490704401
2.349243200,-1.486627253
2.349446600,-1.482550143
2.349650100,-1.478472995
2.349853500,-1.474395885
2.350057000,-1.470318737
2.350260400,-1.466241627
2.350463900,-1.462164479
2.350667300,-1.458087369
2.350870800,-1.458010221
2.351074200,-1.449933111
2.351277700,-1.445855964
2.351481100,-1.445778853
2.351684600,-1.437701706
2.351888000,-1.433624596
2.352091500,-1.433547448
2.352294900,-1.425470338
2.352498400,-1.425393190
2.352701800,-1.421316080
2.352905300,-1.421238932
2.353108700,-1.413161822
2.353312200,-1.409084674
2.353515600,-1.409007564
2.353719100,-1.400930416
2.353922500,-1.400853306
2.354126000,-1.396776158
2.354329400,-1.392699048
2.354532900,-1.388621900
2.354736300,-1.384544790
2.354939800,-1.384467642
2.355143200,-1.376390532
2.355346700,-1.372313384
2.355550100,-1.372236274
2.355753600,-1.368159126
2.355957000,-1.364082016
2.356160500,-1.360004868
2.356363900,-1.355927758
2.356567400,-1.351850610
2.356770800,-1.347773500
2.356974300,-1.347696352
2.357177700,-1.339619242
2.357381200,-1.335542094
2.357584600,-1.335464984
2.357788100,-1.327387836
2.357991500,-1.323310726
2.358195000,-1.323233578
2.358398400,-1.315156468
2.358601900,-1.311079320
2.358805300,-1.311002210
2.359008800,-1.306925062
2.359212200,-1.298847952
2.359415700,-1.298770804
2.359619100,-1.294693694
2.359822600,-1.290616547
2.360026000,-1.282539437
2.360229500,-1.282462289
2.360432900,-1.274385179
2.360636400,-1.270308031
2.360839800,-1.266230921
2.361043300,-1.262153773
2.361246700,-1.258076663
2.361450200,-1.253999515
2.361653600,-1.249922405
2.361857100,-1.241845257
2.362060500,-1.237768147
2.362264000,-1.237690999
2.362467400,-1.229613889
2.362670900,-1.225536741
2.362874300,-1.221459631
2.363077800,-1.217382483
2.363281200,-1.209305373
2.363484700,-1.209228225
2.363688200,-1.205151077
2.363891600,-1.193073967
2.364095100,-1.192996819
2.364298500,-1.188919709
2.364502000,-1.180842561
2.364705400,-1.176765451
2.364908900,-1.172688303
2.365112300,-1.164611193
2.365315800,-1.160534045
2.365519200,-1.156456935
2.365722700,-1.152379787
2.365926100,-1.144302677
2.366129600,-1.140225529
2.366333000,-1.140148419
2.366536500,-1.132071271
2.366739900,-1.123994161
2.366943400,-1.123917013
2.367146800,-1.115839903
2.367350300,-1.107762755
2.367553700,-1.107685645
2.367757200,-1.099608498
2.367960600,-1.091531387
2.368164100,-1.091454240
2.368367500,-1.087377130
2.368571000,-1.079299982
2.368774400,-1.075222872
2.368977900,-1.071145724
2.369181300,-1.063068614
2.369384800,-1.058991466
2.369588200,-1.054914356
2.369791700,-1.046837208
2.369995100,-1.042760098
2.370198600,-1.038682950
2.370402000,-1.030605840
2.370605500,-1.030528692
2.370808900,-1.022451582
2.371012400,-1.018374434
2.371215800,-1.014297324
2.371419300,-1.006220176
2.371622700,-1.002143066
2.371826200,-0.998065918
2.372029600,-0.989988808
2.372233100,-0.989911660
2.372436500,-0.981834550
2.372640000,-0.977757402
2.372843400,-0.973680292
2.373046900,-0.965603144
2.373250300,-0.961526034
2.373453800,-0.957448886
2.373657200,-0.953371776
2.373860700,-0.949294628
2.374064100,-0.941217518
2.374267600,-0.941140370
2.374471000,-0.933063260
2.374674500,-0.928986112
2.374877900,-0.924909002
2.375081400,-0.920831854
2.375284800,-0.916754744
2.375488300,-0.912677596
2.375691700,-0.904600486
2.375895200,-0.900523338
2.376098600,-0.896446228
2.376302100,-0.896369081
2.376505500,-0.888291970
2.376709000,-0.884214823
2.376912400,-0.880137713
2.377115900,-0.876060565
2.377319300,-0.871983455
2.377522800,-0.867906307
2.377726200,-0.859829197
2.377929700,-0.859752049
2.378133100,-0.855674939
2.378336600,-0.847597791
2.378540000,-0.847520681
2.378743500,-0.843443533
2.378946900,-0.835366423
2.379150400,-0.835289275
2.379353800,-0.831212165
2.379557300,-0.827135017
2.379760700,-0.819057907
2.379964200,-0.818980759
2.380167600,-0.814903649
2.380371100,-0.806826501
2.380574500,-0.806749391
2.380778000,-0.802672243
2.380981400,-0.798595133
2.381184900,-0.794517985
2.381388300,-0.790440875
2.381591800,-0.786363727
2.381795200,-0.782286617
2.381998700,-0.782209469
2.382202100,-0.774132359
2.382405600,-0.770055211
2.382609000,-0.769978101
2.382812500,-0.765900953
2.383016000,-0.757823805
2.383219400,-0.757746695
2.383422900,-0.753669547
2.383626300,-0.749592437
2.383829800,-0.745515289
2.384033200,-0.745438179
2.384236700,-0.737361032
2.384440100,-0.733283921
2.384643600,-0.733206774
2.384847000,-0.725129664
2.385050500,-0.725052516
2.385253900,-0.720975406
2.385457400,-0.712898258
2.385660800,-0.712821148
2.385864300,-0.708744000
2.386067700,-0.708666890
2.386271200,-0.700589742
2.386474600,-0.700512632
2.386678100,-0.696435484
2.386881500,-0.688358374
2.387085000,-0.688281226
2.387288400,-0.684204116
2.387491900,-0.680126968
2.387695300,-0.676049858
2.387898800,-0.675972710
2.388102200,-0.667895600
2.388305700,-0.663818452
2.388509100,-0.663741342
2.388712600,-0.655664194
2.388916000,-0.651587084
2.389119500,-0.651509936
2.389322900,-0.647432826
2.389526400,-0.643355678
2.389729800,-0.639278568
2.389933300,-0.639201420
2.390136700,-0.631124310
2.390340200,-0.627047162
2.390543600,-0.626970052
2.390747100,-0.618892904
2.390950500,-0.614815794
2.391154000,-0.614738646
2.391357400,-0.610661536
2.391560900,-0.606584388
2.391764300,-0.602507278
2.391967800,-0.598430130
2.392171200,-0.594353020
2.392374700,-0.590275872
2.392578100,-0.586198762
2.392781600,-0.582121615
2.392985000,-0.578044504
2.393188500,-0.573967357
2.393391900,-0.569890247
2.393595400,-0.565813099
2.393798800,-0.565735989
2.394002300,-0.557658841
2.394205700,-0.553581731
2.394409200,-0.553504583
2.394612600,-0.545427473
2.394816100,-0.545350325
2.395019500,-0.537273215
2.395223000,-0.533196067
2.395426400,-0.529118957
2.395629900,-0.525041809
2.395833300,-0.520964699
2.396036800,-0.516887551
2.396240200,-0.512810441
2.396443700,-0.508733293
2.396647100,-0.504656183
2.396850600,-0.504579035
2.397054000,-0.492501925
2.397257500,-0.492424777
2.397460900,-0.488347667
2.397664400,-0.480270519
2.397867800,-0.480193409
2.398071300,-0.476116261
2.398274700,-0.468039151
2.398478200,-0.463962003
2.398681600,-0.463884893
2.398885100,-0.459807745
2.399088500,-0.451730635
2.399292000,-0.451653487
2.399495400,-0.447576377
2.399698900,-0.439499229
2.399902300,-0.435422119
2.400105800,-0.435344971
2.400309200,-0.427267861
2.400512700,-0.423190713
2.400716100,-0.423113603
2.400919600,-0.411036455
2.401123000,-0.410959345
2.401326500,-0.406882198
2.401529900,-0.402805088
2.401733400,-0.398727940
2.401936800,-0.394650830
2.402140300,-0.386573682
2.402343800,-0.382496534
2.402547200,-0.382419424
2.402750700,-0.374342276
2.402954100,-0.370265166
2.403157600,-0.370188018
2.403361000,-0.362110908
2.403564500,-0.358033760
2.403767900,-0.353956650
2.403971400,-0.349879502
2.404174800,-0.345802392
2.404378300,-0.341725244
2.404581700,-0.341648134
2.404785200,-0.333570986
2.404988600,-0.329493876
2.405192100,-0.325416728
2.405395500,-0.321339618
2.405599000,-0.317262470
2.405802400,-0.313185360
2.406005900,-0.309108212
2.406209300,-0.305031102
2.406412800,-0.300953954
2.406616200,-0.296876844
2.406819700,-0.292799696
2.407023100,-0.288722586
2.407226600,-0.280645438
2.407430000,-0.280568328
2.407633500,-0.276491180
2.407836900,-0.268414070
2.408040400,-0.268336922
2.408243800,-0.264259812
2.408447300,-0.256182664
2.408650700,-0.256105554
2.408854200,-0.252028406
2.409057600,-0.243951296
2.409261100,-0.239874149
2.409464500,-0.239797038
2.409668000,-0.231719891
2.409871400,-0.227642781
2.410074900,-0.227565633
2.410278300,-0.219488523
2.410481800,-0.215411375
2.410685200,-0.215334265
2.410888700,-0.207257117
2.411092100,-0.203180007
2.411295600,-0.203102859
2.411499000,-0.195025749
2.411702500,-0.190948601
2.411905900,-0.186871491
2.412109400,-0.186794343
2.412312800,-0.178717233
2.412516300,-0.174640085
2.412719700,-0.174562975
2.412923200,-0.166485827
2.413126600,-0.162408717
2.413330100,-0.162331569
2.413533500,-0.154254459
2.413737000,-0.150177311
2.413940400,-0.146100201
2.414143900,-0.142023053
2.414347300,-0.137945943
2.414550800,-0.133868795
2.414754200,-0.129791685
2.414957700,-0.125714537
2.415161100,-0.121637427
2.415364600,-0.117560279
2.415568000,-0.113483169
2.415771500,-0.109406021
2.415974900,-0.101328911
2.416178400,-0.101251763
2.416381800,-0.097174653
2.416585300,-0.089097505
2.416788700,-0.089020395
2.416992200,-0.084943247
2.417195600,-0.076866137
2.417399100,-0.076788989
2.417602500,-0.072711879
2.417806000,-0.064634732
2.418009400,-0.064557621
2.418212900,-0.060480474
2.418416300,-0.056403364
2.418619800,-0.052326216
2.418823200,-0.048249106
2.419026700,-0.044171958
2.419230100,-0.040094848
2.419433600,-0.036017700
2.419637000,-0.031940590
2.419840500,-0.027863442
2.420043900,-0.023786332
2.420247400,-0.019709184
2.420450800,-0.015632074
2.420654300,-0.011554926
2.420857700,-0.007477816
2.421061200,-0.007400668
2.421264600,-0.003323558
2.421468100,0.004753590
2.421671500,0.004830700
2.421875000,0.008907848
2.422078500,0.012984996
2.422281900,0.017062106
2.422485400,0.021139254
2.422688800,0.025216364
2.422892300,0.025293512
2.423095700,0.029370622
2.423299200,0.033447770
2.423502600,0.037524880
2.423706100,0.037602028
2.423909500,0.045679138
2.424113000,0.045756286
2.424316400,0.045833396
2.424519900,0.053910544
2.424723300,0.053987654
2.424926800,0.058064802
2.425130200,0.062141912
2.425333700,0.066219060
2.425537100,0.066296170
2.425740600,0.070373318
2.425944000,0.074450428
2.426147500,0.074527575
2.426350900,0.078604685
2.426554400,0.082681833
2.426757800,0.082758943
2.426961300,0.086836091
2.427164700,0.086913201
2.427368200,0.090990349
2.427571600,0.095067459
2.427775100,0.095144607
2.427978500,0.095221717
2.428182000,0.099298865
2.428385400,0.103375975
2.428588900,0.103453123
2.428792300,0.107530233
2.428995800,0.107607381
2.429199200,0.107684491
2.429402700,0.115761639
2.429606100,0.115838749
2.429809600,0.115915897
2.430013000,0.119993007
2.430216500,0.120070155
2.430419900,0.120147265
2.430623400,0.124224413
2.430826800,0.124301523
2.431030300,0.124378671
2.431233700,0.132455781
2.431437200,0.132532929
2.431640600,0.132610039
2.431844100,0.136687187
2.432047500,0.136764297
2.432251000,0.136841445
2.432454400,0.140918555
2.432657900,0.140995703
2.432861300,0.141072813
2.433064800,0.145149961
2.433268200,0.145227071
2.433471700,0.145304219
2.433675100,0.149381329
2.433878600,0.149458477
2.434082000,0.145535587
2.434285500,0.149612734
2.434488900,0.149689845
2.434692400,0.149766992
2.434895800,0.153844102
2.435099300,0.153921250
2.435302700,0.153998360
2.435506200,0.158075508
2.435709600,0.158152618
2.435913100,0.154229766
2.436116500,0.158306876
2.436320000,0.158384024
2.436523400,0.158461134
2.436726900,0.162538282
2.436930300,0.158615392
2.437133800,0.158692540
2.437337200,0.162769650
2.437540700,0.162846798
2.437744100,0.158923908
2.437947600,0.163001056
2.438151000,0.163078166
2.438354500,0.163155314
2.438557900,0.163232424
2.438761400,0.163309572
2.438964800,0.163386682
2.439168300,0.163463830
2.439371700,0.163540940
2.439575200,0.159618088
2.439778600,0.163695198
2.439982100,0.163772346
2.440185500,0.159849456
2.440389000,0.163926604
2.440592400,0.164003714
2.440795900,0.160080862
2.440999300,0.164157972
2.441202800,0.160235120
2.441406300,0.160312268
2.441609700,0.160389378
2.441813200,0.160466526
2.442016600,0.156543636
2.442220100,0.160620784
2.442423500,0.156697894
2.442627000,0.156775041
2.442830400,0.156852151
2.443033900,0.156929299
2.443237300,0.153006409
2.443440800,0.153083557
2.443644200,0.153160667
2.443847700,0.149237815
2.444051100,0.149314925
2.444254600,0.149392073
2.444458000,0.145469183
2.444661500,0.149546331
2.444864900,0.145623441
2.445068400,0.141700589
2.445271800,0.145777699
2.445475300,0.141854847
2.445678700,0.137931957
2.445882200,0.138009105
2.446085600,0.134086215
2.446289100,0.134163363
2.446492500,0.134240473
2.446696000,0.130317621
2.446899400,0.126394731
2.447102900,0.130471879
2.447306300,0.126548989
2.447509800,0.126626137
2.447713200,0.122703247
2.447916700,0.118780395
2.448120100,0.118857505
2.448323600,0.114934653
2.448527000,0.115011763
2.448730500,0.111088911
2.448933900,0.107166021
2.449137400,0.107243169
2.449340800,0.107320279
2.449544300,0.099397427
2.449747700,0.095474537
2.449951200,0.099551685
2.450154600,0.091628795
2.450358100,0.087705943
2.450561500,0.087783053
2.450765000,0.083860201
2.450968400,0.079937311
2.451171900,0.080014458
2.451375300,0.076091568
2.451578800,0.068168716
2.451782200,0.072245826
2.451985700,0.068322974
2.452189100,0.060400084
2.452392600,0.060477232
2.452596000,0.056554342
2.452799500,0.048631490
2.453002900,0.048708600
2.453206400,0.044785748
2.453409800,0.040862858
2.453613300,0.036940006
2.453816700,0.033017116
2.454020200,0.029094264
2.454223600,0.025171374
2.454427100,0.021248522
2.454630500,0.017325632
2.454834000,0.013402780
2.455037400,0.009479890
2.455240900,0.005557038
2.455444300,0.001634148
2.455647800,-0.006288704
2.455851200,-0.006211594
2.456054700,-0.010134446
2.456258100,-0.022057336
2.456461600,-0.021980188
2.456665000,-0.025903078
2.456868500,-0.033825930
2.457071900,-0.037748820
2.457275400,-0.041671672
2.457478800,-0.049594562
2.457682300,-0.053517414
2.457885700,-0.057440304
2.458089200,-0.061363156
2.458292600,-0.069286046
2.458496100,-0.073208898
2.458699500,-0.077131788
2.458903000,-0.085054640
2.459106400,-0.088977530
2.459309900,-0.096900383
2.459513300,-0.104823272
2.459716800,-0.108746125
2.459920200,-0.112669015
2.460123700,-0.116591867
2.460327100,-0.128514757
2.460530600,-0.132437609
2.460734000,-0.136360499
2.460937500,-0.148283351
2.461141000,-0.148206203
2.461344400,-0.156129093
2.461547900,-0.168051945
2.461751300,-0.167974835
2.461954800,-0.175897687
2.462158200,-0.179820577
2.462361700,-0.191743429
2.462565100,-0.195666319
2.462768600,-0.203589171
2.462972000,-0.211512061
2.463175500,-0.219434913
2.463378900,-0.223357803
2.463582400,-0.235280655
2.463785800,-0.239203545
2.463989300,-0.247126397
2.464192700,-0.251049287
2.464396200,-0.262972139
2.464599600,-0.270895029
2.464803100,-0.270817881
2.465006500,-0.286740771
2.465210000,-0.290663623
2.465413400,-0.294586513
2.465616900,-0.310509365
2.465820300,-0.310432255
2.466023800,-0.318355107
2.466227200,-0.326277997
2.466430700,-0.338200849
2.466634100,-0.342123739
2.466837600,-0.350046591
2.467041000,-0.361969481
2.467244500,-0.369892333
2.467447900,-0.373815223
2.467651400,-0.385738076
2.467854800,-0.393660966
2.468058300,-0.401583818
2.468261700,-0.409506708
2.468465200,-0.417429560
2.468668600,-0.425352450
2.468872100,-0.429275302
2.469075500,-0.445198192
2.469279000,-0.453121044
2.469482400,-0.453043934
2.469685900,-0.468966786
2.469889300,-0.476889676
2.470092800,-0.480812528
2.470296200,-0.496735418
2.470499700,-0.500658270
2.470703100,-0.508581160
2.470906600,-0.516504012
2.471110000,-0.524426902
2.471313500,-0.532349754
2.471516900,-0.540272644
2.471720400,-0.552195496
2.471923800,-0.560118386
2.472127300,-0.568041238
2.472330700,-0.579964128
2.472534200,-0.587886980
2.472737600,-0.595809870
2.472941100,-0.599732722
2.473144500,-0.615655612
2.473348000,-0.623578464
2.473551400,-0.627501354
2.473754900,-0.643424206
2.473958300,-0.651347096
2.474161800,-0.655269948
2.474365200,-0.671192838
2.474568700,-0.675115690
2.474772100,-0.683038580
2.474975600,-0.690961432
2.475179000,-0.702884322
2.475382500,-0.710807174
2.475585900,-0.718730064
2.475789400,-0.730652917
2.475992800,-0.742575806
2.476196300,-0.750498659
2.476399700,-0.762421549
2.476603200,-0.770344401
2.476806600,-0.778267291
2.477010100,-0.790190143
2.477213500,-0.798113033
2.477417000,-0.806035885
2.477620400,-0.813958775
2.477823900,-0.829881627
2.478027300,-0.833804517
2.478230800,-0.841727369
2.478434200,-0.857650259
2.478637700,-0.861573111
2.478841100,-0.869496001
2.479044600,-0.889418853
2.479248000,-0.893341743
2.479451500,-0.901264595
2.479654900,-0.909187485
2.479858400,-0.921110337
2.480061800,-0.929033227
2.480265300,-0.940956079
2.480468800,-0.952878931
2.480672200,-0.960801821
2.480875700,-0.968724673
2.481079100,-0.980647563
2.481282600,-0.988570415
2.481486000,-0.992493305
2.481689500,-1.000416157
2.481892900,-1.016339047
2.482096400,-1.020261899
2.482299800,-1.028184789
2.482503300,-1.044107641
2.482706700,-1.048030531
2.482910200,-1.055953383
2.483113600,-1.067876273
2.483317100,-1.071799125
2.483520500,-1.079722015
2.483724000,-1.087644867
2.483927400,-1.095567757
2.484130900,-1.103490610
2.484334300,-1.107413500
2.484537800,-1.119336352
2.484741200,-1.123259242
2.484944700,-1.127182094
2.485148100,-1.139104984
2.485351600,-1.143027836
2.485555000,-1.142950726
2.485758500,-1.154873578
2.485961900,-1.158796468
2.486165400,-1.158719320
2.486368800,-1.162642210
2.486572300,-1.174565062
2.486775700,-1.170487952
2.486979200,-1.174410804
2.487182600,-1.178333694
2.487386100,-1.182256546
2.487589500,-1.182179436
2.487793000,-1.186102288
2.487996400,-1.186025178
2.488199900,-1.189948030
2.488403300,-1.185870920
2.488606800,-1.189793772
2.488810200,-1.189716662
2.489013700,-1.185639514
2.489217100,-1.185562404
2.489420600,-1.185485256
2.489624000,-1.181408146
2.489827500,-1.181330998
2.490030900,-1.177253888
2.490234400,-1.177176740
2.490437800,-1.173099630
2.490641300,-1.165022482
2.490844700,-1.164945372
2.491048200,-1.160868224
2.491251600,-1.152791114
2.491455100,-1.148713966
2.491658500,-1.148636856
2.491862000,-1.136559708
2.492065400,-1.132482598
2.492268900,-1.128405450
2.492472300,-1.120328340
2.492675800,-1.112251193
2.492879200,-1.104174083
2.493082700,-1.100096935
2.493286100,-1.088019825
2.493489600,-1.079942677
2.493693000,-1.075865567
2.493896500,-1.063788419
2.494099900,-1.051711309
2.494303400,-1.047634161
2.494506800,-1.039557051
2.494710300,-1.023479903
2.494913700,-1.019402793
2.495117200,-1.011325645
2.495320600,-0.995248535
2.495524100,-0.987171387
2.495727500,-0.979094277
2.495931000,-0.963017129
2.496134400,-0.958940019
2.496337900,-0.946862871
2.496541300,-0.934785761
2.496744800,-0.926708613
2.496948200,-0.914631503
2.497151700,-0.906554355
2.497355100,-0.894477245
2.497558600,-0.882400097
2.497762000,-0.874322987
2.497965500,-0.858245839
2.498168900,-0.850168729
2.498372400,-0.846091581
2.498575800,-0.826014471
2.498779300,-0.817937323
2.498982700,-0.813860213
2.499186200,-0.801783065
2.499389600,-0.789705955
2.499593100,-0.781628807
2.499796500,-0.773551697
2.500000000,-0.757474549
2.500203500,-0.753397401
2.500406900,-0.741320291
2.500610400,-0.729243144
2.500813800,-0.721166034
2.501017300,-0.713088886
2.501220700,-0.709011776
2.501424200,-0.692934628
2.501627600,-0.688857518
2.501831100,-0.680780370
2.502034500,-0.664703260
2.502238000,-0.660626112
2.502441400,-0.656549002
2.502644900,-0.640471854
2.502848300,-0.636394744
2.503051800,-0.628317596
2.503255200,-0.624240486
2.503458700,-0.612163338
2.503662100,-0.604086228
2.503865600,-0.600009080
2.504069000,-0.591931970
2.504272500,-0.583854822
2.504475900,-0.579777712
2.504679400,-0.567700564
2.504882800,-0.559623454
2.505086300,-0.555546306
2.505289700,-0.543469196
2.505493200,-0.539392048
2.505696600,-0.539314938
2.505900100,-0.531237790
2.506103500,-0.523160680
2.506307000,-0.519083532
2.506510400,-0.511006422
2.506713900,-0.502929274
2.506917300,-0.498852164
2.507120800,-0.490775016
2.507324200,-0.486697906
2.507527700,-0.478620758
2.507731100,-0.474543648
2.507934600,-0.470466500
2.508138000,-0.462389390
2.508341500,-0.458312242
2.508544900,-0.454235132
2.508748400,-0.442157984
2.508951800,-0.442080874
2.509155300,-0.438003727
2.509358700,-0.425926617
2.509562200,-0.421849469
2.509765600,-0.413772359
2.509969100,-0.413695211
2.510172500,-0.405618101
2.510376000,-0.397540953
2.510579400,-0.393463843
2.510782900,-0.389386695
2.510986300,-0.381309585
2.511189800,-0.377232437
2.511393200,-0.365155327
2.511596700,-0.361078179
2.511800100,-0.361001069
2.512003600,-0.352923921
2.512207000,-0.344846811
2.512410500,-0.340769663
2.512613900,-0.332692553
2.512817400,-0.324615405
2.513020800,-0.320538295
2.513224300,-0.312461147
2.513427700,-0.308384037
2.513631200,-0.300306889
2.513834600,-0.296229779
2.514038100,-0.292152631
2.514241500,-0.280075521
2.514445000,-0.275998373
2.514648400,-0.271921263
2.514851900,-0.259844115
2.515055300,-0.255767005
2.515258800,-0.251689857
2.515462200,-0.239612747
2.515665700,-0.235535599
2.515869100,-0.223458489
2.516072600,-0.215381341
2.516276000,-0.211304231
2.516479500,-0.203227083
2.516682900,-0.199149973
2.516886400,-0.191072825
2.517089800,-0.182995715
2.517293300,-0.178918567
2.517496700,-0.166841457
2.517700200,-0.158764310
2.517903600,-0.154687200
2.518107100,-0.142610052
2.518310500,-0.138532942
2.518514000,-0.134455794
2.518717400,-0.126378684
2.518920900,-0.118301536
2.519124300,-0.114224426
2.519327800,-0.102147278
2.519531300,-0.094070130
2.519734700,-0.085993020
2.519938200,-0.081915872
2.520141600,-0.073838762
2.520345100,-0.065761614
2.520548500,-0.061684504
2.520752000,-0.057607356
2.520955400,-0.045530246
2.521158900,-0.041453098
2.521362300,-0.033375988
2.521565800,-0.021298840
2.521769200,-0.017221730
2.521972700,-0.009144582
2.522176100,-0.005067472
2.522379600,-0.000990324
2.522583000,0.007086786
2.522786500,0.011163934
2.522989900,0.023241044
2.523193400,0.027318192
2.523396800,0.031395302
2.523600300,0.043472450
2.523803700,0.047549560
2.524007200,0.047626708
2.524210600,0.059703818
2.524414100,0.063780966
2.524617500,0.067858076
2.524821000,0.075935224
2.525024400,0.080012334
2.525227900,0.088089482
2.525431300,0.088166592
2.525634800,0.096243739
2.525838200,0.100320849
2.526041700,0.104397997
2.526245100,0.108475107
2.526448600,0.116552255
2.526652000,0.116629365
2.526855500,0.128706513
2.527058900,0.128783623
2.527262400,0.132860771
2.527465800,0.136937881
2.527669300,0.141015029
2.527872700,0.145092139
2.528076200,0.149169287
2.528279600,0.153246397
2.528483100,0.157323545
2.528686500,0.161400655
2.528890000,0.161477803
2.529093400,0.169554913
2.529296900,0.169632061
2.529500300,0.169709171
2.529703800,0.177786319
2.529907200,0.177863429
2.530110700,0.181940577
2.530314100,0.186017687
2.530517600,0.186094835
2.530721000,0.190171945
2.530924500,0.194249093
2.531127900,0.194326203
2.531331400,0.198403351
2.531534800,0.198480461
2.531738300,0.202557609
2.531941700,0.202634719
2.532145200,0.202711867
2.532348600,0.206788977
2.532552100,0.210866125
2.532755500,0.210943235
2.532959000,0.215020383
2.533162400,0.215097493
2.533365900,0.219174641
2.533569300,0.219251751
2.533772800,0.219328899
2.533976200,0.219406009
2.534179700,0.219483156
2.534383100,0.219560266
2.534586600,0.223637414
2.534790000,0.223714524
2.534993500,0.227791672
2.535196900,0.227868782
2.535400400,0.227945930
2.535603800,0.228023040
2.535807300,0.228100188
2.536010700,0.228177298
2.536214200,0.232254446
2.536417600,0.228331556
2.536621100,0.232408704
2.536824500,0.232485814
2.537028000,0.228562962
2.537231400,0.232640072
2.537434900,0.232717220
2.537638300,0.228794330
2.537841800,0.232871478
2.538045200,0.232948588
2.538248700,0.233025736
2.538452100,0.233102846
2.538655600,0.229179994
2.538859000,0.233257104
2.539062500,0.229334252
2.539266000,0.229411400
2.539469400,0.233488510
2.539672900,0.229565658
2.539876300,0.229642768
2.540079800,0.229719916
2.540283200,0.225797026
2.540486700,0.229874174
2.540690100,0.225951284
2.540893600,0.226028432
2.541097000,0.226105542
2.541300500,0.222182690
2.541503900,0.226259800
2.541707400,0.222336948
2.541910800,0.218414058
2.542114300,0.218491205
2.542317700,0.218568316
2.542521200,0.218645463
2.542724600,0.214722573
2.542928100,0.210799721
2.543131500,0.210876831
2.543335000,0.210953979
2.543538400,0.207031089
2.543741900,0.203108237
2.543945300,0.203185347
2.544148800,0.203262495
2.544352200,0.199339605
2.544555700,0.195416753
2.544759100,0.195493863
2.544962600,0.191571011
2.545166000,0.187648121
2.545369500,0.187725269
2.545572900,0.183802379
2.545776400,0.183879527
2.545979800,0.179956637
2.546183300,0.176033785
2.546386700,0.172110895
2.546590200,0.168188043
2.546793600,0.164265153
2.546997100,0.168342301
2.547200500,0.160419411
2.547404000,0.160496559
2.547607400,0.156573669
2.547810900,0.148650817
2.548014300,0.148727927
2.548217800,0.144805075
2.548421200,0.140882185
2.548624700,0.136959333
2.548828100,0.133036443
2.549031600,0.133113591
2.549235000,0.125190701
2.549438500,0.121267849
2.549641900,0.121344959
2.549845400,0.109422107
2.550048800,0.109499217
2.550252300,0.105576365
2.550455700,0.097653475
2.550659200,0.097730622
2.550862600,0.093807732
2.551066100,0.093884880
2.551269500,0.081961990
2.551473000,0.078039138
2.551676400,0.078116248
2.551879900,0.066193396
2.552083300,0.062270506
2.552286800,0.062347654
2.552490200,0.050424764
2.552693700,0.050501912
2.552897100,0.046579022
2.553100600,0.034656170
2.553304000,0.034733280
2.553507500,0.030810428
2.553710900,0.022887538
2.553914400,0.018964686
2.554117800,0.011041796
2.554321300,0.011118944
2.554524700,-0.000803946
2.554728200,-0.004726798
2.554931600,-0.008649688
2.555135100,-0.020572540
2.555338500,-0.020495430
2.555542000,-0.024418282
2.555745400,-0.032341172
2.555948900,-0.040264024
2.556152300,-0.044186914
2.556355800,-0.052109766
2.556559200,-0.060032656
2.556762700,-0.067955508
2.556966100,-0.067878398
2.557169600,-0.079801250
2.557373000,-0.087724140
2.557576500,-0.087646992
2.557779900,-0.095569882
2.557983400,-0.103492734
2.558186800,-0.111415624
2.558390300,-0.115338476
2.558593800,-0.127261329
2.558797200,-0.131184218
2.559000700,-0.139107071
2.559204100,-0.147029961
2.559407600,-0.154952813
2.559611000,-0.158875703
2.559814500,-0.166798555
2.560017900,-0.178721445
2.560221400,-0.182644297
2.560424800,-0.190567187
2.560628300,-0.198490039
2.560831700,-0.206412929
2.561035200,-0.214335781
2.561238600,-0.222258671
2.561442100,-0.230181523
2.561645500,-0.234104413
2.561849000,-0.242027265
2.562052400,-0.257950155
2.562255900,-0.257873007
2.562459300,-0.265795897
2.562662800,-0.281718749
2.562866200,-0.285641639
2.563069700,-0.293564491
2.563273100,-0.305487381
2.563476600,-0.313410233
2.563680000,-0.317333123
2.563883500,-0.329255975
2.564086900,-0.337178865
2.564290400,-0.341101717
2.564493800,-0.349024607
2.564697300,-0.364947459
2.564900700,-0.368870349
2.565104200,-0.376793201
2.565307600,-0.388716091
2.565511100,-0.396638943
2.565714500,-0.404561833
2.565918000,-0.416484685
2.566121400,-0.424407575
2.566324900,-0.432330427
2.566528300,-0.436253317
2.566731800,-0.452176169
2.566935200,-0.456099059
2.567138700,-0.464021912
2.567342100,-0.479944801
2.567545600,-0.483867654
2.567749000,-0.491790544
2.567952500,-0.503713396
2.568155900,-0.511636286
2.568359400,-0.519559138
2.568562800,-0.527482028
2.568766300,-0.543404880
2.568969700,-0.547327770
2.569173200,-0.555250622
2.569376600,-0.571173512
2.569580100,-0.575096364
2.569783500,-0.583019254
2.569987000,-0.602942106
2.570190400,-0.606864996
2.570393900,-0.614787848
2.570597300,-0.618710738
2.570800800,-0.634633590
2.571004200,-0.646556480
2.571207700,-0.650479332
2.571411100,-0.666402222
2.571614600,-0.670325074
2.571818000,-0.678247964
2.572021500,-0.698170816
2.572224900,-0.702093706
2.572428400,-0.710016558
2.572631800,-0.725939448
2.572835300,-0.733862300
2.573038700,-0.741785190
2.573242200,-0.745708042
2.573445600,-0.765630932
2.573649100,-0.769553784
2.573852500,-0.777476674
2.574056000,-0.797399526
2.574259400,-0.801322416
2.574462900,-0.813245268
2.574666300,-0.829168158
2.574869800,-0.837091010
2.575073200,-0.845013900
2.575276700,-0.848936752
2.575480100,-0.868859642
2.575683600,-0.876782495
2.575887000,-0.884705385
2.576090500,-0.900628237
2.576293900,-0.908551127
2.576497400,-0.916473979
2.576700800,-0.936396869
2.576904300,-0.940319721
2.577107700,-0.952242611
2.577311200,-0.956165463
2.577514600,-0.976088353
2.577718100,-0.984011205
2.577921500,-0.991934095
2.578125000,-1.011856947
2.578328500,-1.015779799
2.578531900,-1.027702689
2.578735400,-1.043625541
2.578938800,-1.051548431
2.579142300,-1.059471283
2.579345700,-1.067394173
2.579549200,-1.087317025
2.579752600,-1.095239915
2.579956100,-1.103162767
2.580159500,-1.123085657
2.580363000,-1.131008509
2.580566400,-1.138931399
2.580769900,-1.158854251
2.580973300,-1.166777141
2.581176800,-1.174699993
2.581380200,-1.194622883
2.581583700,-1.202545735
2.581787100,-1.214468625
2.581990600,-1.218391477
2.582194000,-1.238314367
2.582397500,-1.250237219
2.582600900,-1.258160109
2.582804400,-1.278082961
2.583007800,-1.286005851
2.583211300,-1.293928703
2.583414700,-1.317851593
2.583618200,-1.321774446
2.583821600,-1.333697335
2.584025100,-1.341620188
2.584228500,-1.361543078
2.584432000,-1.373465930
2.584635400,-1.381388820
2.584838900,-1.401311672
2.585042300,-1.409234562
2.585245800,-1.421157414
2.585449200,-1.441080304
2.585652700,-1.449003156
2.585856100,-1.460926046
2.586059600,-1.468848898
2.586263000,-1.488771788
2.586466500,-1.500694640
2.586669900,-1.508617530
2.586873400,-1.532540382
2.587076800,-1.540463272
2.587280300,-1.552386124
2.587483700,-1.576309014
2.587687200,-1.580231866
2.587890600,-1.592154756
2.588094100,-1.600077608
2.588297500,-1.624000498
2.588501000,-1.635923350
2.588704400,-1.643846240
2.588907900,-1.667769092
2.589111300,-1.675691982
2.589314800,-1.687614834
2.589518200,-1.715537724
2.589721700,-1.723460576
2.589925100,-1.735383466
2.590128600,-1.743306318
2.590332000,-1.767229208
2.590535500,-1.779152060
2.590738900,-1.787074950
2.590942400,-1.814997802
2.591145800,-1.822920692
2.591349300,-1.834843544
2.591552700,-1.862766434
2.591756200,-1.870689286
2.591959600,-1.882612176
2.592163100,-1.906535029
2.592366500,-1.918457919
2.592570000,-1.930380771
2.592773400,-1.942303661
2.592976900,-1.966226513
2.593180300,-1.978149403
2.593383800,-1.990072255
2.593587200,-2.017995145
2.593790700,-2.025917997
2.593994100,-2.041840887
2.594197600,-2.065763739
2.594401000,-2.077686629
2.594604500,-2.093609481
2.594807900,-2.101532371
2.595011400,-2.129455223
2.595214800,-2.141378113
2.595418300,-2.153300965
2.595621700,-2.181223855
2.595825200,-2.193146707
2.596028600,-2.209069597
2.596232100,-2.232992449
2.596435500,-2.248915339
2.596639000,-2.260838191
2.596842400,-2.272761081
2.597045900,-2.300683933
2.597249300,-2.312606823
2.597452800,-2.328529675
2.597656300,-2.356452527
2.597859700,-2.368375417
2.598063200,-2.384298269
2.598266600,-2.408221159
2.598470100,-2.424144011
2.598673500,-2.440066901
2.598877000,-2.451989753
2.599080400,-2.479912643
2.599283900,-2.491835495
2.599487300,-2.507758385
2.599690800,-2.539681237
2.599894200,-2.547604127
2.600097700,-2.563526980
2.600301100,-2.591449869
2.600504600,-2.607372722
2.600708000,-2.623295612
2.600911500,-2.651218464
2.601114900,-2.663141354
2.601318400,-2.675064206
2.601521800,-2.690987096
2.601725300,-2.722909948
2.601928700,-2.734832838
2.602132200,-2.750755690
2.602335600,-2.774678580
2.602539100,-2.790601432
2.602742500,-2.806524322
2.602946000,-2.834447174
2.603149400,-2.850370064
2.603352900,-2.862292916
2.603556300,-2.874215806
2.603759800,-2.906138658
2.603963200,-2.918061548
2.604166700,-2.933984400
2.604370100,-2.961907290
2.604573600,-2.973830142
2.604777000,-2.985753032
2.604980500,-3.017675884
2.605183900,-3.033598774
2.605387400,-3.041521626
2.605590800,-3.057444516
2.605794300,-3.085367368
2.605997700,-3.097290258
2.606201200,-3.113213110
2.606404600,-3.141136000
2.606608100,-3.153058852
2.606811500,-3.164981742
2.607015000,-3.192904594
2.607218400,-3.208827484
2.607421900,-3.220750336
2.607625300,-3.232673226
2.607828800,-3.260596078
2.608032200,-3.272518968
2.608235700,-3.288441820
2.608439100,-3.312364710
2.608642600,-3.328287563
2.608846000,-3.336210452
2.609049500,-3.364133305
2.609252900,-3.380056195
2.609456400,-3.391979047
2.609659800,-3.419901937
2.609863300,-3.427824789
2.610066700,-3.443747679
2.610270200,-3.455670531
2.610473600,-3.479593421
2.610677100,-3.495516273
2.610880500,-3.503439163
2.611084000,-3.535362015
2.611287400,-3.543284905
2.611490900,-3.559207757
2.611694300,-3.587130647
2.611897800,-3.595053499
2.612101200,-3.610976389
2.612304700,-3.618899241
2.612508100,-3.646822131
2.612711600,-3.662744983
2.612915000,-3.670667873
2.613118500,-3.698590725
2.613321900,-3.706513615
2.613525400,-3.722436467
2.613728800,-3.750359357
2.613932300,-3.758282209
2.614135700,-3.774205099
2.614339200,-3.782127951
2.614542600,-3.810050841
2.614746100,-3.825973693
2.614949500,-3.833896583
2.615153000,-3.861819435
2.615356400,-3.873742325
2.615559900,-3.889665177
2.615763300,-3.913588067
2.615966800,-3.925510919
2.616170200,-3.941433809
2.616373700,-3.949356661
2.616577100,-3.977279551
2.616780600,-3.989202403
2.616984000,-4.001125293
2.617187500,-4.029048146
2.617391000,-4.040970998
2.617594400,-4.052893888
2.617797900,-4.076816740
2.618001300,-4.088739630
2.618204800,-4.104662482
2.618408200,-4.112585372
2.618611700,-4.140508224
2.618815100,-4.152431114
2.619018600,-4.164353966
2.619222000,-4.188276856
2.619425500,-4.200199708
2.619628900,-4.216122598
2.619832400,-4.236045450
2.620035800,-4.251968340
2.620239300,-4.259891192
2.620442700,-4.283814082
2.620646200,-4.299736934
2.620849600,-4.307659824
2.621053100,-4.319582676
2.621256500,-4.339505566
2.621460000,-4.355428418
2.621663400,-4.367351308
2.621866900,-4.387274160
2.622070300,-4.399197050
2.622273800,-4.407119902
2.622477200,-4.431042792
2.622680700,-4.434965644
2.622884100,-4.446888534
2.623087600,-4.458811386
2.623291000,-4.478734276
2.623494500,-4.486657128
2.623697900,-4.494580018
2.623901400,-4.514502870
2.624104800,-4.526425760
2.624308300,-4.530348612
2.624511700,-4.550271502
2.624715200,-4.554194354
2.624918600,-4.562117244
2.625122100,-4.570040097
2.625325500,-4.585962986
2.625529000,-4.593885839
2.625732400,-4.597808729
2.625935900,-4.613731581
2.626139300,-4.617654471
2.626342800,-4.625577323
2.626546200,-4.637500213
2.626749700,-4.641423065
2.626953100,-4.645345955
2.627156600,-4.649268807
2.627360000,-4.661191697
2.627563500,-4.665114549
2.627766900,-4.665037439
2.627970400,-4.672960291
2.628173800,-4.672883181
2.628377300,-4.676806033
2.628580700,-4.680728923
2.628784200,-4.684651775
2.628987600,-4.684574665
2.629191100,-4.688497517
2.629394500,-4.688420407
2.629598000,-4.684343259
2.629801400,-4.688266149
2.630004900,-4.688189001
2.630208300,-4.684111891
2.630411800,-4.684034743
2.630615200,-4.679957633
2.630818700,-4.679880485
2.631022100,-4.675803375
2.631225600,-4.671726227
2.631429000,-4.671649117
2.631632500,-4.663571969
2.631835900,-4.663494859
2.632039400,-4.651417711
2.632242800,-4.651340601
2.632446300,-4.647263453
2.632649700,-4.635186343
2.632853200,-4.631109195
2.633056600,-4.623032085
2.633260100,-4.614954937
2.633463500,-4.602877827
2.633667000,-4.598800680
2.633870400,-4.594723569
2.634073900,-4.578646422
2.634277300,-4.570569312
2.634480800,-4.562492164
2.634684200,-4.546415054
2.634887700,-4.538337906
2.635091100,-4.530260796
2.635294600,-4.514183648
2.635498000,-4.502106538
2.635701500,-4.498029390
2.635904900,-4.485952280
2.636108400,-4.465875132
2.636311800,-4.457798022
2.636515300,-4.445720874
2.636718800,-4.429643726
2.636922200,-4.417566616
2.637125700,-4.409489468
2.637329100,-4.385412358
2.637532600,-4.377335210
2.637736000,-4.365258100
2.637939500,-4.353180952
2.638142900,-4.333103842
2.638346400,-4.321026694
2.638549800,-4.312949584
2.638753300,-4.292872436
2.638956700,-4.276795326
2.639160200,-4.268718178
2.639363600,-4.244641068
2.639567100,-4.232563920
2.639770500,-4.220486810
2.639974000,-4.200409662
2.640177400,-4.188332552
2.640380900,-4.176255404
2.640584300,-4.164178294
2.640787800,-4.140101146
2.640991200,-4.128024036
2.641194700,-4.115946888
2.641398100,-4.095869778
2.641601600,-4.083792630
2.641805000,-4.071715520
2.642008500,-4.047638373
2.642211900,-4.035561263
2.642415400,-4.023484115
2.642618800,-4.011407005
2.642822300,-3.991329857
2.643025700,-3.979252747
2.643229200,-3.967175599
2.643432600,-3.943098489
2.643636100,-3.931021341
2.643839500,-3.918944231
2.644043000,-3.898867083
2.644246400,-3.886789973
2.644449900,-3.874712825
2.644653300,-3.862635715
2.644856800,-3.842558567
2.645060200,-3.826481457
2.645263700,-3.818404309
2.645467100,-3.798327199
2.645670600,-3.782250051
2.645874000,-3.774172941
2.646077500,-3.750095793
2.646280900,-3.738018683
2.646484400,-3.725941535
2.646687800,-3.713864425
2.646891300,-3.693787277
2.647094700,-3.681710167
2.647298200,-3.669633019
2.647501600,-3.645555909
2.647705100,-3.637478761
2.647908500,-3.621401651
2.648112000,-3.601324503
2.648315400,-3.593247393
2.648518900,-3.577170245
2.648722300,-3.557093135
2.648925800,-3.545015987
2.649129200,-3.532938877
2.649332700,-3.516861729
2.649536100,-3.496784619
2.649739600,-3.488707471
2.649943000,-3.472630361
2.650146500,-3.452553214
2.650349900,-3.440476103
2.650553400,-3.428398956
2.650756800,-3.408321846
2.650960300,-3.396244698
2.651163700,-3.384167588
2.651367200,-3.368090440
2.651570600,-3.348013330
2.651774100,-3.335936182
2.651977500,-3.323859072
2.652181000,-3.303781924
2.652384400,-3.287704814
2.652587900,-3.279627666
2.652791300,-3.255550556
2.652994800,-3.243473408
2.653198200,-3.227396298
2.653401700,-3.219319150
2.653605100,-3.199242040
2.653808600,-3.183164892
2.654012000,-3.171087782
2.654215500,-3.147010634
2.654418900,-3.138933524
2.654622400,-3.122856376
2.654825800,-3.102779266
2.655029300,-3.090702118
2.655232700,-3.078625008
2.655436200,-3.066547860
2.655639600,-3.042470750
2.655843100,-3.030393602
2.656046500,-3.018316492
2.656250000,-2.994239344
2.656453500,-2.986162196
2.656656900,-2.970085086
2.656860400,-2.950007938
2.657063800,-2.933930828
2.657267300,-2.925853680
2.657470700,-2.901776570
2.657674200,-2.889699422
2.657877600,-2.877622312
2.658081100,-2.865545164
2.658284500,-2.845468054
2.658488000,-2.829390907
2.658691400,-2.821313797
2.658894900,-2.797236649
2.659098300,-2.785159539
2.659301800,-2.777082391
2.659505200,-2.749005281
2.659708700,-2.740928133
2.659912100,-2.724851023
2.660115600,-2.716773875
2.660319000,-2.692696765
2.660522500,-2.680619617
2.660725900,-2.668542507
2.660929400,-2.648465359
2.661132800,-2.640388249
2.661336300,-2.624311101
2.661539700,-2.604233991
2.661743200,-2.592156843
2.661946600,-2.580079733
2.662150100,-2.568002585
2.662353500,-2.547925475
2.662557000,-2.539848327
2.662760400,-2.523771217
2.662963900,-2.503694069
2.663167300,-2.491616959
2.663370800,-2.483539811
2.663574200,-2.459462701
2.663777700,-2.447385553
2.663981100,-2.439308443
2.664184600,-2.427231295
2.664388000,-2.407154185
2.664591500,-2.395077037
2.664794900,-2.382999927
2.664998400,-2.362922779
2.665201800,-2.350845669
2.665405300,-2.342768521
2.665608700,-2.318691411
2.665812200,-2.310614263
2.666015600,-2.298537153
2.666219100,-2.286460005
2.666422500,-2.266382895
2.666626000,-2.254305748
2.666829400,-2.246228637
2.667032900,-2.222151490
2.667236300,-2.214074380
2.667439800,-2.201997232
2.667643200,-2.181920122
2.667846700,-2.169842974
2.668050100,-2.161765864
2.668253600,-2.137688716
2.668457000,-2.129611606
2.668660500,-2.121534458
2.668863900,-2.105457348
2.669067400,-2.089380200
2.669270800,-2.077303090
2.669474300,-2.065225942
2.669677700,-2.045148832
2.669881200,-2.037071684
2.670084600,-2.028994574
2.670288100,-2.004917426
2.670491500,-1.996840316
2.670695000,-1.984763168
2.670898400,-1.976686058
2.671101900,-1.952608910
2.671305300,-1.944531800
2.671508800,-1.932454652
2.671712200,-1.916377542
2.671915700,-1.908300394
2.672119100,-1.892223284
2.672322600,-1.876146136
2.672526000,-1.864069026
2.672729500,-1.855991878
2.672932900,-1.843914768
2.673136400,-1.827837620
2.673339800,-1.819760510
2.673543300,-1.807683362
2.673746700,-1.791606252
2.673950200,-1.779529104
2.674153600,-1.771451994
2.674357100,-1.751374846
2.674560500,-1.743297736
2.674764000,-1.731220588
2.674967400,-1.723143478
2.675170900,-1.707066331
2.675374300,-1.694989220
2.675577800,-1.686912073
2.675781300,-1.666834925
2.675984700,-1.662757815
2.676188200,-1.650680667
2.676391600,-1.634603557
2.676595100,-1.626526409
2.676798500,-1.614449299
2.677002000,-1.602372151
2.677205400,-1.590295041
2.677408900,-1.582217893
2.677612300,-1.574140783
2.677815800,-1.558063635
2.678019200,-1.545986525
2.678222700,-1.541909377
2.678426100,-1.525832267
2.678629600,-1.517755119
2.678833000,-1.509678009
2.679036500,-1.493600861
2.679239900,-1.485523751
2.679443400,-1.473446603
2.679646800,-1.469369493
2.679850300,-1.453292345
2.680053700,-1.445215235
2.680257200,-1.437138087
2.680460600,-1.421060977
2.680664100,-1.416983829
2.680867500,-1.404906719
2.681071000,-1.392829571
2.681274400,-1.384752461
2.681477900,-1.376675313
2.681681300,-1.372598203
2.681884800,-1.356521055
2.682088200,-1.348443945
2.682291700,-1.340366797
2.682495100,-1.328289687
2.682698600,-1.316212539
2.682902000,-1.312135429
2.683105500,-1.296058281
2.683308900,-1.291981171
2.683512400,-1.283904024
2.683715800,-1.275826914
2.683919300,-1.263749766
2.684122700,-1.255672656
2.684326200,-1.247595508
2.684529600,-1.231518398
2.684733100,-1.227441250
2.684936500,-1.219364140
2.685140000,-1.207286992
2.685343400,-1.199209882
2.685546900,-1.191132734
2.685750300,-1.187055624
2.685953800,-1.170978476
2.686157200,-1.166901366
2.686360700,-1.154824218
2.686564100,-1.142747108
2.686767600,-1.134669960
2.686971000,-1.130592850
2.687174500,-1.118515702
2.687377900,-1.110438592
2.687581400,-1.102361444
2.687784800,-1.090284334
2.687988300,-1.082207186
2.688191700,-1.074130076
2.688395200,-1.066052928
2.688598600,-1.053975818
2.688802100,-1.045898670
2.689005500,-1.041821560
2.689209000,-1.025744412
2.689412400,-1.021667302
2.689615900,-1.013590154
2.689819300,-1.001513044
2.690022800,-0.993435896
2.690226200,-0.985358786
2.690429700,-0.977281638
2.690633100,-0.965204528
2.690836600,-0.961127380
2.691040000,-0.953050270
2.691243500,-0.940973122
2.691446900,-0.932896012
2.691650400,-0.924818865
2.691853800,-0.912741754
2.692057300,-0.904664607
2.692260700,-0.896587497
2.692464200,-0.892510349
2.692667600,-0.880433239
2.692871100,-0.872356091
2.693074500,-0.868278981
2.693278000,-0.852201833
2.693481400,-0.848124723
2.693684900,-0.840047575
2.693888300,-0.827970465
2.694091800,-0.819893317
2.694295200,-0.815816207
2.694498700,-0.803739059
2.694702100,-0.795661949
2.694905600,-0.791584801
2.695109000,-0.779507691
2.695312500,-0.771430543
2.695516000,-0.763353395
2.695719400,-0.755276285
2.695922900,-0.743199137
2.696126300,-0.739122027
2.696329800,-0.731044879
2.696533200,-0.718967769
2.696736700,-0.714890621
2.696940100,-0.706813511
2.697143600,-0.702736363
2.697347000,-0.686659253
2.697550500,-0.682582105
2.697753900,-0.674504995
2.697957400,-0.666427847
2.698160800,-0.658350737
2.698364300,-0.654273589
2.698567700,-0.642196479
2.698771200,-0.634119331
2.698974600,-0.630042221
2.699178100,-0.621965073
2.699381500,-0.613887963
2.699585000,-0.605810815
2.699788400,-0.597733705
2.699991900,-0.585656558
2.700195300,-0.581579448
2.700398800,-0.573502300
2.700602200,-0.565425190
2.700805700,-0.561348042
2.701009100,-0.553270932
2.701212600,-0.549193784
2.701416000,-0.533116674
2.701619500,-0.529039526
2.701822900,-0.520962416
2.702026400,-0.512885268
2.702229800,-0.504808158
2.702433300,-0.500731010
2.702636700,-0.488653900
2.702840200,-0.484576752
2.703043600,-0.480499642
2.703247100,-0.472422494
2.703450500,-0.460345384
2.703654000,-0.452268236
2.703857400,-0.448191126
2.704060900,-0.436113978
2.704264300,-0.432036868
2.704467800,-0.423959720
2.704671200,-0.415882610
2.704874700,-0.411805462
2.705078100,-0.403728352
2.705281600,-0.395651204
2.705485000,-0.387574094
2.705688500,-0.379496946
2.705891900,-0.371419836
2.706095400,-0.363342688
2.706298800,-0.355265578
2.706502300,-0.351188430
2.706705700,-0.339111320
2.706909200,-0.335034172
2.707112600,-0.330957062
2.707316100,-0.318879914
2.707519500,-0.314802804
2.707723000,-0.302725656
2.707926400,-0.298648546
2.708129900,-0.286571398
2.708333300,-0.282494288
2.708536800,-0.274417141
2.708740200,-0.266340031
2.708943700,-0.258262883
2.709147100,-0.254185773
2.709350600,-0.242108625
2.709554000,-0.234031515
2.709757500,-0.229954367
2.709960900,-0.221877257
2.710164400,-0.213800109
2.710367800,-0.205722999
2.710571300,-0.201645851
2.710774700,-0.185568741
2.710978200,-0.181491593
2.711181600,-0.173414483
2.711385100,-0.165337335
2.711588500,-0.161260225
2.711792000,-0.153183077
2.711995400,-0.149105967
2.712198900,-0.133028819
2.712402300,-0.128951709
2.712605800,-0.120874561
2.712809200,-0.112797451
2.713012700,-0.104720303
2.713216100,-0.100643193
2.713419600,-0.084566045
2.713623000,-0.080488935
2.713826500,-0.072411787
2.714029900,-0.068334677
2.714233400,-0.060257529
2.714436800,-0.052180419
2.714640300,-0.044103271
2.714843800,-0.032026123
2.715047200,-0.027949013
2.715250700,-0.019871865
2.715454100,-0.011794755
2.715657600,-0.003717607
2.715861000,0.000359503
2.716064500,0.016436651
2.716267900,0.020513761
2.716471400,0.024590908
2.716674800,0.032668018
2.716878300,0.040745166
2.717081700,0.048822276
2.717285200,0.052899424
2.717488600,0.064976534
2.717692100,0.069053682
2.717895500,0.077130792
2.718099000,0.085207940
2.718302400,0.093285050
2.718505900,0.097362198
2.718709300,0.105439308
2.718912800,0.113516456
2.719116200,0.117593566
2.719319700,0.125670714
2.719523100,0.133747824
2.719726600,0.141824972
2.719930000,0.145902082
2.720133500,0.153979230
2.720336900,0.158056340
2.720540400,0.166133488
2.720743800,0.170210598
2.720947300,0.182287746
2.721150700,0.186364856
2.721354200,0.190442004
2.721557600,0.198519114
2.721761100,0.202596262
2.721964500,0.210673372
2.722168000,0.214750520
2.722371400,0.222827630
2.722574900,0.226904778
2.722778300,0.230981888
2.722981800,0.239059036
2.723185200,0.247136146
2.723388700,0.247213294
2.723592100,0.259290404
2.723795600,0.259367552
2.723999000,0.267444662
2.724202500,0.271521810
2.724405900,0.275598920
2.724609400,0.279676068
2.724812800,0.287753178
2.725016300,0.291830325
2.725219700,0.295907435
2.725423200,0.299984583
2.725626600,0.308061693
2.725830100,0.312138841
2.726033500,0.316215951
2.726237000,0.324293099
2.726440400,0.324370209
2.726643900,0.332447357
2.726847300,0.336524467
2.727050800,0.340601615
2.727254200,0.344678725
2.727457700,0.348755873
2.727661100,0.356832983
2.727864600,0.356910131
2.728068000,0.364987241
2.728271500,0.369064389
2.728474900,0.373141499
2.728678400,0.377218647
2.728881800,0.385295757
2.729085300,0.385372905
2.729288700,0.389450015
2.729492200,0.393527163
2.729695600,0.401604273
2.729899100,0.401681421
2.730102500,0.405758531
2.730306000,0.413835679
2.730509400,0.413912789
2.730712900,0.421989937
2.730916300,0.426067047
2.731119800,0.430144195
2.731323200,0.434221305
2.731526700,0.438298453
2.731730100,0.442375563
2.731933600,0.446452711
2.732137000,0.450529821
2.732340500,0.458606969
2.732543900,0.458684079
2.732747400,0.466761227
2.732950800,0.470838337
2.733154300,0.470915485
2.733357700,0.478992595
2.733561200,0.479069742
2.733764600,0.487146852
2.733968100,0.487224000
2.734171500,0.495301110
2.734375000,0.499378258
2.734578500,0.503455406
2.734781900,0.507532516
2.734985400,0.511609664
2.735188800,0.515686774
2.735392300,0.519763922
2.735595700,0.523841032
2.735799200,0.531918180
2.736002600,0.531995290
2.736206100,0.532072438
2.736409500,0.540149548
2.736613000,0.544226696
2.736816400,0.548303806
2.737019900,0.552380954
2.737223300,0.556458064
2.737426800,0.560535212
2.737630200,0.564612322
2.737833700,0.568689470
2.738037100,0.572766580
2.738240600,0.576843728
2.738444000,0.580920838
2.738647500,0.584997986
2.738850900,0.589075096
2.739054400,0.593152244
2.739257800,0.597229354
2.739461300,0.601306502
2.739664700,0.601383612
2.739868200,0.609460760
2.740071600,0.609537870
2.740275100,0.613615018
2.740478500,0.617692128
2.740682000,0.621769276
2.740885400,0.625846386
2.741088900,0.629923534
2.741292300,0.634000644
2.741495800,0.638077791
2.741699200,0.642154901
2.741902700,0.646232049
2.742106100,0.650309159
2.742309600,0.654386307
2.742513000,0.658463417
2.742716500,0.662540565
2.742919900,0.666617675
2.743123400,0.666694823
2.743326800,0.674771933
2.743530300,0.674849081
2.743733700,0.682926191
2.743937200,0.687003339
2.744140600,0.691080449
2.744344100,0.695157597
2.744547500,0.699234707
2.744751000,0.703311855
2.744954400,0.707388965
2.745157900,0.711466113
2.745361300,0.719543223
2.745564800,0.723620371
2.745768200,0.731697481
2.745971700,0.731774629
2.746175100,0.739851739
2.746378600,0.743928887
2.746582000,0.748005997
2.746785500,0.756083145
2.746988900,0.756160255
2.747192400,0.768237403
2.747395800,0.772314513
2.747599300,0.776391661
2.747802700,0.784468771
2.748006200,0.792545919
2.748209600,0.796623029
2.748413100,0.808700177
2.748616500,0.808777287
2.748820000,0.816854435
2.749023400,0.820931545
2.749226900,0.833008693
2.749430300,0.837085803
2.749633800,0.849162951
2.749837200,0.857240061
2.750040700,0.865317208
2.750244100,0.869394318
2.750447600,0.881471466
2.750651000,0.889548576
2.750854500,0.893625724
2.751057900,0.901702834
2.751261400,0.913779982
2.751464800,0.921857092
2.751668300,0.925934240
2.751871700,0.942011350
2.752075200,0.946088498
2.752278600,0.958165608
2.752482100,0.966242756
2.752685500,0.978319866
2.752889000,0.982397014
2.753092400,0.998474124
2.753295900,1.006551272
2.753499300,1.014628382
2.753702800,1.022705530
2.753906300,1.038782678
2.754109700,1.042859788
2.754313200,1.054936936
2.754516600,1.067014046
2.754720100,1.079091194
2.754923500,1.083168304
2.755127000,1.095245452
2.755330400,1.107322562
2.755533900,1.115399710
2.755737300,1.123476820
2.755940800,1.135553968
2.756144200,1.147631078
2.756347700,1.151708226
2.756551100,1.171785336
2.756754600,1.175862484
2.756958000,1.187939594
2.757161500,1.200016742
2.757364900,1.208093852
2.757568400,1.216171000
2.757771800,1.228248110
2.757975300,1.240325257
2.758178700,1.248402368
2.758382200,1.256479515
2.758585600,1.272556625
2.758789100,1.276633773
2.758992500,1.288710883
2.759196000,1.296788031
2.759399400,1.308865141
2.759602900,1.312942289
2.759806300,1.325019399
2.760009800,1.333096547
2.760213200,1.341173657
2.760416700,1.349250805
2.760620100,1.361327915
2.760823600,1.369405063
2.761027000,1.373482173
2.761230500,1.389559321
2.761433900,1.393636431
2.761637400,1.401713579
2.761840800,1.409790689
2.762044300,1.421867837
2.762247700,1.425944947
2.762451200,1.434022095
2.762654600,1.446099205
2.762858100,1.454176353
2.763061500,1.458253463
2.763265000,1.470330611
2.763468400,1.474407721
2.763671900,1.482484869
2.763875300,1.490561979
2.764078800,1.498639127
2.764282200,1.502716237
2.764485700,1.510793385
2.764689100,1.518870495
2.764892600,1.526947643
2.765096000,1.531024753
2.765299500,1.543101901
2.765502900,1.547179011
2.765706400,1.551256159
2.765909800,1.563333269
2.766113300,1.567410417
2.766316700,1.571487527
2.766520200,1.575564674
2.766723600,1.587641784
2.766927100,1.591718932
2.767130500,1.599796042
2.767334000,1.603873190
2.767537400,1.611950300
2.767740900,1.616027448
2.767944300,1.628104558
2.768147800,1.628181706
2.768351200,1.636258816
2.768554700,1.640335964
2.768758100,1.652413074
2.768961600,1.652490222
2.769165000,1.660567332
2.769368500,1.668644480
2.769571900,1.672721590
2.769775400,1.676798738
2.769978800,1.688875848
2.770182300,1.692952996
2.770385700,1.697030106
2.770589200,1.701107254
2.770792600,1.713184364
2.770996100,1.717261512
2.771199500,1.721338622
2.771403000,1.729415770
2.771606400,1.737492880
2.771809900,1.741570028
2.772013300,1.749647138
2.772216800,1.753724286
2.772420200,1.757801396
2.772623700,1.769878544
2.772827100,1.769955654
2.773030600,1.778032802
2.773234000,1.782109912
2.773437500,1.794187060
2.773641000,1.798264208
2.773844400,1.806341318
2.774047900,1.814418466
2.774251300,1.822495576
2.774454800,1.822572723
2.774658200,1.834649834
2.774861700,1.838726981
2.775065100,1.846804091
2.775268600,1.850881239
2.775472000,1.862958349
2.775675500,1.867035497
2.775878900,1.875112607
2.776082400,1.883189755
2.776285800,1.891266865
2.776489300,1.895344013
2.776692700,1.907421123
2.776896200,1.911498271
2.777099600,1.919575381
2.777303100,1.923652529
2.777506500,1.939729639
2.777710000,1.943806787
2.777913400,1.951883897
2.778116900,1.959961045
2.778320300,1.968038155
2.778523800,1.972115303
2.778727200,1.984192413
2.778930700,1.988269561
2.779134100,1.996346671
2.779337600,2.000423819
2.779541000,2.016500929
2.779744500,2.020578077
2.779947900,2.028655187
2.780151400,2.036732335
2.780354800,2.044809445
2.780558300,2.048886593
2.780761700,2.060963703
2.780965200,2.065040851
2.781168600,2.073117961
2.781372100,2.085195109
2.781575500,2.089272219
2.781779000,2.097349367
2.781982400,2.101426477
2.782185900,2.113503625
2.782389300,2.117580735
2.782592800,2.125657883
2.782796200,2.133734993
2.782999700,2.141812140
2.783203100,2.145889250
2.783406600,2.157966398
2.783610000,2.162043508
2.783813500,2.170120656
2.784016900,2.174197766
2.784220400,2.186274914
2.784423800,2.190352024
2.784627300,2.198429172
2.784830700,2.202506282
2.785034200,2.210583430
2.785237600,2.214660540
2.785441100,2.226737688
2.785644500,2.230814798
2.785848000,2.238891946
2.786051400,2.242969056
2.786254900,2.251046204
2.786458300,2.255123314
2.786661800,2.263200462
2.786865200,2.271277572
2.787068700,2.275354720
2.787272100,2.279431830
2.787475600,2.291508978
2.787679000,2.295586088
2.787882500,2.299663236
2.788085900,2.303740346
2.788289400,2.315817494
2.788492800,2.315894604
2.788696300,2.323971752
2.788899700,2.328048862
2.789103200,2.336126010
2.789306600,2.340203120
2.789510100,2.348280268
2.789713500,2.352357378
2.789917000,2.360434526
2.790120400,2.360511636
2.790323900,2.372588784
2.790527300,2.372665894
2.790730800,2.380743042
2.790934200,2.384820152
2.791137700,2.392897300
2.791341100,2.392974410
2.791544600,2.401051557
2.791748000,2.405128667
2.791951500,2.413205815
2.792154900,2.417282925
2.792358400,2.421360073
2.792561800,2.425437183
2.792765300,2.429514331
2.792968800,2.433591479
2.793172200,2.441668589
2.793375700,2.445745737
2.793579100,2.453822847
2.793782600,2.453899995
2.793986000,2.457977105
2.794189500,2.462054253
2.794392900,2.470131363
2.794596400,2.470208511
2.794799800,2.478285621
2.795003300,2.482362769
2.795206700,2.486439879
2.795410200,2.486517027
2.795613600,2.494594137
2.795817100,2.498671285
2.796020500,2.502748395
2.796224000,2.506825543
2.796427400,2.510902653
2.796630900,2.510979801
2.796834300,2.519056911
2.797037800,2.519134059
2.797241200,2.523211169
2.797444700,2.527288317
2.797648100,2.531365427
2.797851600,2.531442575
2.798055000,2.539519685
2.798258500,2.539596833
2.798461900,2.543673943
2.798665400,2.547751091
2.798868800,2.551828201
2.799072300,2.551905349
2.799275700,2.555982459
2.799479200,2.556059606
2.799682600,2.564136717
2.799886100,2.564213864
2.800089500,2.568290974
2.800293000,2.568368122
2.800496400,2.572445232
2.800699900,2.572522380
2.800903300,2.576599490
2.801106800,2.576676638
2.801310200,2.580753748
2.801513700,2.580830896
2.801717100,2.584908006
2.801920600,2.584985154
2.802124000,2.589062264
2.802327500,2.589139412
2.802530900,2.593216522
2.802734400,2.593293670
2.802937800,2.597370780
2.803141300,2.597447928
2.803344700,2.601525038
2.803548200,2.597602186
2.803751600,2.601679296
2.803955100,2.601756444
2.804158500,2.605833554
2.804362000,2.601910702
2.804565400,2.605987812
2.804768900,2.606064960
2.804972300,2.606142070
2.805175800,2.606219218
2.805379200,2.610296328
2.805582700,2.610373476
2.805786100,2.610450586
2.805989600,2.610527734
2.806193000,2.610604844
2.806396500,2.610681992
2.806599900,2.610759102
2.806803400,2.610836250
2.807006800,2.610913360
2.807210300,2.610990508
2.807413700,2.611067618
2.807617200,2.611144766
2.807820600,2.611221876
2.808024100,2.607299023
2.808227500,2.611376133
2.808431000,2.607453281
2.808634400,2.607530391
2.808837900,2.607607539
2.809041300,2.607684649
2.809244800,2.603761797
2.809448200,2.607838907
2.809651700,2.603916055
2.809855100,2.603993165
2.810058600,2.600070313
2.810262000,2.604147423
2.810465500,2.596224571
2.810668900,2.600301681
2.810872400,2.596378829
2.811075800,2.596455939
2.811279300,2.592533087
2.811482700,2.592610197
2.811686200,2.588687345
2.811889600,2.588764455
2.812093100,2.588841603
2.812296500,2.588918713
2.812500000,2.580995861
2.812703500,2.581073009
2.812906900,2.581150119
2.813110400,2.577227267
2.813313800,2.573304377
2.813517300,2.573381525
2.813720700,2.569458635
2.813924200,2.569535783
2.814127600,2.565612893
2.814331100,2.565690041
2.814534500,2.557767151
2.814738000,2.557844299
2.814941400,2.557921409
2.815144900,2.553998557
2.815348300,2.550075667
2.815551800,2.550152815
2.815755200,2.542229925
2.815958700,2.542307072
2.816162100,2.538384183
2.816365600,2.538461330
2.816569000,2.530538440
2.816772500,2.530615588
2.816975900,2.530692698
2.817179400,2.522769846
2.817382800,2.522846956
2.817586300,2.518924104
2.817789700,2.515001214
2.817993200,2.511078362
2.818196600,2.511155472
2.818400100,2.507232620
2.818603500,2.503309730
2.818807000,2.495386878
2.819010400,2.495463988
2.819213900,2.487541136
2.819417300,2.487618246
2.819620800,2.483695394
2.819824200,2.479772504
2.820027700,2.475849652
2.820231100,2.471926762
2.820434600,2.464003910
2.820638000,2.464081020
2.820841500,2.460158168
2.821044900,2.460235278
2.821248400,2.448312426
2.821451800,2.448389536
2.821655300,2.444466684
2.821858700,2.440543794
2.822062200,2.432620942
2.822265600,2.432698052
2.822469100,2.424775200
2.822672500,2.424852310
2.822876000,2.416929458
2.823079400,2.417006568
2.823282900,2.409083716
2.823486300,2.405160826
2.823689800,2.401237974
2.823893200,2.397315084
2.824096700,2.389392232
2.824300100,2.389469342
2.824503600,2.377546489
2.824707000,2.377623600
2.824910500,2.373700747
2.825113900,2.373777857
2.825317400,2.361855005
2.825520800,2.361932115
2.825724300,2.354009263
2.825927700,2.350086373
2.826131200,2.346163521
2.826334600,2.342240631
2.826538100,2.334317779
2.826741500,2.330394889
2.826945000,2.330472037
2.827148400,2.322549147
2.827351900,2.318626295
2.827555300,2.310703405
2.827758800,2.310780553
2.827962200,2.298857663
2.828165700,2.298934811
2.828369100,2.291011921
2.828572600,2.283089069
2.828776000,2.279166179
2.828979500,2.279243327
2.829182900,2.267320437
2.829386400,2.263397585
2.829589800,2.259474695
2.829793300,2.255551843
2.829996700,2.247628953
2.830200200,2.243706101
2.830403600,2.239783211
2.830607100,2.231860359
2.830810500,2.223937469
2.831014000,2.224014617
2.831217400,2.212091727
2.831420900,2.208168875
2.831624300,2.204245985
2.831827800,2.200323133
2.832031300,2.188400281
2.832234700,2.188477391
2.832438200,2.180554539
2.832641600,2.172631649
2.832845100,2.172708796
2.833048500,2.164785906
2.833252000,2.156863054
2.833455400,2.152940164
2.833658900,2.149017312
2.833862300,2.141094422
2.834065800,2.133171570
2.834269200,2.129248680
2.834472700,2.125325828
2.834676100,2.113402938
2.834879600,2.113480086
2.835083000,2.105557196
2.835286500,2.097634344
2.835489900,2.089711454
2.835693400,2.089788602
2.835896800,2.081865712
2.836100300,2.073942860
2.836303700,2.066019970
2.836507200,2.066097118
2.836710600,2.050174228
2.836914100,2.050251376
2.837117500,2.042328486
2.837321000,2.034405634
2.837524400,2.026482744
2.837727900,2.026559892
2.837931300,2.018637002
2.838134800,2.010714150
2.838338200,2.002791260
2.838541700,2.002868408
2.838745100,1.990945518
2.838948600,1.987022666
2.839152000,1.983099776
2.839355500,1.971176924
2.839558900,1.967254034
2.839762400,1.959331182
2.839965800,1.951408292
2.840169300,1.943485440
2.840372700,1.943562550
2.840576200,1.935639698
2.840779600,1.927716808
2.840983100,1.919793955
2.841186500,1.919871066
2.841390000,1.903948213
2.841593400,1.904025323
2.841796900,1.896102471
2.842000300,1.888179581
2.842203800,1.880256729
2.842407200,1.876333839
2.842610700,1.872410987
2.842814100,1.860488097
2.843017600,1.856565245
2.843221000,1.852642355
2.843424500,1.844719503
2.843627900,1.836796613
2.843831400,1.832873761
2.844034800,1.820950871
2.844238300,1.817028019
2.844441700,1.813105129
2.844645200,1.809182277
2.844848600,1.797259387
2.845052100,1.793336535
2.845255500,1.789413645
2.845459000,1.777490793
2.845662400,1.773567903
2.845865900,1.769645051
2.846069300,1.757722161
2.846272800,1.753799309
2.846476200,1.749876419
2.846679700,1.745953567
2.846883100,1.734030677
2.847086600,1.730107825
2.847290000,1.726184935
2.847493500,1.718262083
2.847696900,1.710339193
2.847900400,1.710416341
2.848103800,1.702493451
2.848307300,1.694570599
2.848510700,1.694647709
2.848714200,1.682724857
2.848917600,1.678801967
2.849121100,1.674879115
2.849324500,1.674956225
2.849528000,1.663033372
2.849731400,1.663110483
2.849934900,1.655187630
2.850138300,1.651264740
2.850341800,1.647341888
2.850545200,1.643418998
2.850748700,1.635496146
2.850952100,1.635573256
2.851155600,1.631650404
2.851359000,1.631727514
2.851562500,1.623804662
2.851766000,1.623881810
2.851969400,1.623958920
2.852172900,1.616036068
2.852376300,1.616113178
2.852579800,1.612190326
2.852783200,1.608267436
2.852986700,1.608344584
2.853190100,1.608421694
2.853393600,1.604498842
2.853597000,1.604575952
2.853800500,1.600653100
2.854003900,1.604730210
2.854207400,1.600807358
2.854410800,1.600884468
2.854614300,1.600961616
2.854817700,1.601038726
2.855021200,1.601115874
2.855224600,1.605192984
2.855428100,1.605270132
2.855631500,1.605347242
2.855835000,1.609424390
2.856038400,1.609501500
2.856241900,1.613578648
2.856445300,1.613655758
2.856648800,1.617732906
2.856852200,1.617810016
2.857055700,1.621887164
2.857259100,1.625964274
2.857462600,1.630041421
2.857666000,1.630118532
2.857869500,1.638195679
2.858072900,1.638272789
2.858276400,1.646349937
2.858479800,1.646427047
2.858683300,1.654504195
2.858886700,1.654581305
2.859090200,1.662658453
2.859293600,1.670735563
2.859497100,1.674812711
2.859700500,1.678889821
2.859904000,1.682966969
2.860107400,1.691044079
2.860310900,1.695121227
2.860514300,1.703198337
2.860717800,1.703275485
2.860921200,1.715352595
2.861124700,1.719429743
2.861328100,1.723506853
2.861531600,1.731584001
2.861735000,1.739661111
2.861938500,1.743738259
2.862141900,1.747815369
2.862345400,1.755892517
2.862548800,1.763969627
2.862752300,1.772046775
2.862955700,1.776123885
2.863159200,1.784201033
2.863362600,1.788278143
2.863566100,1.800355291
2.863769500,1.804432401
2.863973000,1.812509549
2.864176400,1.812586659
2.864379900,1.824663807
2.864583300,1.828740917
2.864786800,1.836818065
2.864990200,1.844895175
2.865193700,1.848972323
2.865397100,1.853049433
2.865600600,1.865126581
2.865804000,1.869203691
2.866007500,1.873280838
2.866210900,1.881357949
2.866414400,1.889435096
2.866617800,1.897512206
2.866821300,1.897589354
2.867024700,1.909666464
2.867228200,1.913743612
2.867431600,1.917820722
2.867635100,1.925897870
2.867838500,1.929974980
2.868042000,1.934052128
2.868245400,1.942129238
2.868448900,1.946206386
2.868652300,1.954283496
2.868855800,1.954360644
2.869059200,1.962437754
2.869262700,1.970514902
2.869466100,1.970592012
2.869669600,1.982669160
2.869873000,1.982746270
2.870076500,1.990823418
2.870279900,1.994900528
2.870483400,1.998977676
2.870686800,1.999054786
2.870890300,2.007131934
2.871093800,2.011209082
2.871297200,2.015286192
2.871500700,2.019363340
2.871704100,2.023440450
2.871907600,2.031517598
2.872111000,2.031594708
2.872314500,2.039671856
2.872517900,2.039748966
2.872721400,2.043826114
2.872924800,2.043903224
2.873128300,2.051980372
2.873331700,2.052057482
2.873535200,2.056134630
2.873738600,2.060211740
2.873942100,2.064288888
2.874145500,2.064365998
2.874349000,2.072443145
2.874552400,2.072520255
2.874755900,2.076597403
2.874959300,2.080674513
2.875162800,2.080751661
2.875366200,2.084828771
2.875569700,2.084905919
2.875773100,2.092983029
2.875976600,2.093060177
2.876180000,2.097137287
2.876383500,2.097214435
2.876586900,2.101291545
2.876790400,2.101368693
2.876993800,2.105445803
2.877197300,2.105522951
2.877400700,2.109600061
2.877604200,2.113677209
2.877807600,2.113754319
2.878011100,2.117831467
2.878214500,2.117908577
2.878418000,2.121985725
2.878621400,2.122062835
2.878824900,2.126139983
2.879028300,2.126217093
2.879231800,2.130294241
2.879435200,2.130371351
2.879638700,2.134448499
2.879842100,2.134525609
2.880045600,2.138602757
2.880249000,2.142679867
2.880452500,2.142757015
2.880655900,2.146834125
2.880859400,2.146911273
2.881062800,2.154988383
2.881266300,2.155065531
2.881469700,2.159142641
2.881673200,2.159219789
2.881876600,2.163296899
2.882080100,2.163374047
2.882283500,2.167451157
2.882487000,2.171528304
2.882690400,2.175605415
2.882893900,2.179682562
2.883097300,2.183759672
2.883300800,2.187836820
2.883504200,2.187913930
2.883707700,2.191991078
2.883911100,2.196068188
2.884114600,2.200145336
2.884318000,2.204222446
2.884521500,2.208299594
2.884724900,2.212376704
2.884928400,2.216453852
2.885131800,2.224530962
2.885335300,2.228608110
2.885538700,2.232685220
2.885742200,2.236762368
2.885945600,2.244839478
2.886149100,2.244916626
2.886352500,2.252993736
2.886556000,2.257070884
2.886759400,2.265147994
2.886962900,2.265225142
2.887166300,2.277302252
2.887369800,2.277379400
2.887573200,2.285456510
2.887776700,2.297533658
2.887980100,2.297610768
2.888183600,2.305687916
2.888387000,2.309765026
2.888590500,2.321842174
2.888793900,2.325919284
2.888997400,2.333996432
2.889200800,2.342073542
2.889404300,2.350150690
2.889607700,2.354227800
2.889811200,2.366304948
2.890014600,2.374382058
2.890218100,2.378459206
2.890421500,2.386536316
2.890625000,2.394613464
2.890828500,2.402690611
2.891031900,2.406767721
2.891235400,2.422844869
2.891438800,2.426921979
2.891642300,2.434999127
2.891845700,2.443076237
2.892049200,2.455153385
2.892252600,2.463230495
2.892456100,2.467307643
2.892659500,2.483384753
2.892863000,2.487461901
2.893066400,2.495539011
2.893269900,2.507616159
2.893473300,2.515693269
2.893676800,2.523770417
2.893880200,2.535847527
2.894083700,2.543924675
2.894287100,2.552001785
2.894490600,2.564078933
2.894694000,2.572156043
2.894897500,2.584233191
2.895100900,2.588310301
2.895304400,2.604387449
2.895507800,2.608464559
2.895711300,2.620541707
2.895914700,2.632618817
2.896118200,2.640695965
2.896321600,2.648773075
2.896525100,2.664850223
2.896728500,2.672927333
2.896932000,2.677004481
2.897135400,2.689081591
2.897338900,2.701158739
2.897542300,2.709235849
2.897745800,2.717312997
2.897949200,2.733390107
2.898152700,2.737467255
2.898356100,2.745544365
2.898559600,2.757621513
2.898763000,2.769698623
2.898966500,2.777775771
2.899169900,2.781852881
2.899373400,2.797930028
2.899576800,2.806007138
2.899780300,2.814084286
2.899983700,2.826161396
2.900187200,2.834238544
2.900390600,2.838315654
2.900594100,2.854392802
2.900797500,2.862469912
2.901001000,2.870547060
2.901204400,2.878624170
2.901407900,2.886701318
2.901611300,2.898778428
2.901814800,2.902855576
2.902018200,2.914932686
2.902221700,2.923009834
2.902425100,2.931086944
2.902628600,2.939164092
2.902832000,2.947241202
2.903035500,2.959318350
2.903238900,2.963395460
2.903442400,2.975472608
2.903645800,2.979549718
2.903849300,2.987626866
2.904052700,2.995703976
2.904256200,3.003781124
2.904459600,3.007858234
2.904663100,3.019935382
2.904866500,3.024012492
2.905070000,3.032089640
2.905273400,3.044166750
2.905476900,3.048243898
2.905680300,3.056321008
2.905883800,3.060398156
2.906087200,3.072475266
2.906290700,3.076552414
2.906494100,3.080629524
2.906697600,3.088706672
2.906901000,3.096783782
2.907104500,3.104860930
2.907307900,3.108938040
2.907511400,3.117015187
2.907714800,3.121092298
2.907918300,3.125169445
2.908121700,3.133246555
2.908325200,3.141323703
2.908528600,3.141400813
2.908732100,3.153477961
2.908935500,3.157555071
2.909139000,3.161632219
2.909342400,3.169709329
2.909545900,3.173786477
2.909749300,3.177863587
2.909952800,3.181940735
2.910156300,3.190017883
2.910359700,3.194094993
2.910563200,3.198172141
2.910766600,3.206249251
2.910970100,3.210326399
2.911173500,3.214403509
2.911377000,3.218480657
2.911580400,3.226557767
2.911783900,3.226634915
2.911987300,3.234712025
2.912190800,3.234789173
2.912394200,3.242866283
2.912597700,3.242943431
2.912801100,3.251020541
2.913004600,3.259097689
2.913208000,3.259174799
2.913411500,3.267251947
2.913614900,3.267329057
2.913818400,3.271406205
2.914021800,3.275483315
2.914225300,3.279560463
2.914428700,3.279637573
2.914632200,3.287714721
2.914835600,3.291791831
2.915039100,3.291868979
2.915242500,3.299946089
2.915446000,3.300023237
2.915649400,3.304100347
2.915852900,3.308177494
2.916056300,3.312254604
2.916259800,3.312331752
2.916463200,3.316408862
2.916666700,3.320486010
2.916870100,3.324563120
2.917073600,3.328640268
2.917277000,3.328717378
2.917480500,3.332794526
2.917683900,3.332871636
2.917887400,3.336948784
2.918090800,3.337025894
2.918294300,3.341103042
2.918497700,3.345180152
2.918701200,3.345257300
2.918904600,3.349334410
2.919108100,3.349411558
2.919311500,3.353488668
2.919515000,3.349565816
2.919718400,3.353642926
2.919921900,3.353720074
2.920125300,3.357797184
2.920328800,3.357874332
2.920532200,3.357951442
2.920735700,3.362028590
2.920939100,3.358105700
2.921142600,3.362182848
2.921346000,3.362259958
2.921549500,3.362337106
2.921752900,3.366414216
2.921956400,3.366491364
2.922159800,3.366568474
2.922363300,3.362645622
2.922566700,3.366722732
2.922770200,3.366799880
2.922973600,3.366876990
2.923177100,3.362954138
2.923380500,3.367031248
2.923584000,3.367108396
2.923787400,3.363185506
2.923990900,3.367262654
2.924194300,3.359339764
2.924397800,3.363416911
2.924601200,3.359494021
2.924804700,3.359571169
2.925008100,3.355648279
2.925211600,3.355725427
2.925415000,3.355802537
2.925618500,3.351879685
2.925821900,3.351956795
2.926025400,3.348033943
2.926228800,3.348111053
2.926432300,3.344188201
2.926635700,3.344265311
2.926839200,3.336342459
2.927042600,3.336419569
2.927246100,3.336496717
2.927449500,3.332573827
2.927653000,3.328650975
2.927856400,3.324728085
2.928059900,3.324805233
2.928263300,3.316882343
2.928466800,3.316959491
2.928670200,3.317036601
2.928873700,3.305113749
2.929077100,3.305190859
2.929280600,3.301268007
2.929484000,3.301345117
2.929687500,3.289422265
2.929891000,3.289499413
2.930094400,3.281576523
2.930297900,3.277653671
2.930501300,3.273730781
2.930704800,3.269807929
2.930908200,3.261885039
2.931111700,3.257962187
2.931315100,3.254039297
2.931518600,3.250116445
2.931722000,3.238193555
2.931925500,3.238270703
2.932128900,3.230347813
2.932332400,3.222424960
2.932535800,3.214502070
2.932739300,3.214579218
2.932942700,3.198656328
2.933146200,3.198733476
2.933349600,3.190810586
2.933553100,3.186887734
2.933756500,3.174964844
2.933960000,3.171041992
2.934163400,3.167119102
2.934366900,3.151196250
2.934570300,3.147273360
2.934773800,3.139350508
2.934977200,3.127427618
2.935180700,3.123504766
2.935384100,3.115581876
2.935587600,3.103659024
2.935791000,3.095736134
2.935994500,3.091813282
2.936197900,3.083890392
2.936401400,3.071967540
2.936604800,3.064044650
2.936808300,3.060121798
2.937011700,3.048198908
2.937215200,3.040276056
2.937418600,3.036353166
2.937622100,3.016430314
2.937825500,3.012507424
2.938029000,3.004584572
2.938232400,3.000661682
2.938435900,2.988738830
2.938639300,2.980815940
2.938842800,2.976893088
2.939046200,2.956970198
2.939249700,2.953047346
2.939453100,2.945124456
2.939656600,2.933201604
2.939860000,2.929278714
2.940063500,2.921355862
2.940266900,2.917432972
2.940470400,2.897510120
2.940673800,2.893587230
2.940877300,2.885664377
2.941080700,2.873741487
2.941284200,2.865818635
2.941487600,2.861895745
2.941691100,2.849972893
2.941894500,2.842050003
2.942098000,2.842127151
2.942301400,2.834204261
2.942504900,2.822281409
2.942708300,2.814358519
2.942911800,2.810435667
2.943115200,2.802512777
2.943318700,2.794589925
2.943522100,2.790667035
2.943725600,2.778744183
2.943929000,2.774821293
2.944132500,2.770898441
2.944335900,2.758975551
2.944539400,2.759052699
2.944742800,2.751129809
2.944946300,2.751206957
2.945149700,2.739284067
2.945353200,2.739361215
2.945556600,2.731438325
2.945760100,2.727515473
2.945963500,2.727592583
2.946167000,2.719669731
2.946370400,2.715746841
2.946573900,2.711823989
2.946777300,2.711901099
2.946980800,2.707978247
2.947184200,2.704055357
2.947387700,2.704132505
2.947591100,2.700209615
2.947794600,2.696286763
2.947998000,2.696363873
2.948201500,2.696441021
2.948404900,2.688518131
2.948608400,2.692595279
2.948811800,2.692672389
2.949015300,2.692749536
2.949218800,2.692826684
2.949422200,2.688903794
2.949625700,2.692980942
2.949829100,2.689058052
2.950032600,2.693135200
2.950236000,2.693212310
2.950439500,2.693289458
2.950642900,2.697366568
2.950846400,2.697443716
2.951049800,2.697520826
2.951253300,2.697597974
2.951456700,2.701675084
2.951660200,2.705752232
2.951863600,2.705829342
2.952067100,2.709906490
2.952270500,2.713983600
2.952474000,2.718060748
2.952677400,2.718137858
2.952880900,2.722215006
2.953084300,2.730292116
2.953287800,2.730369264
2.953491200,2.734446374
2.953694700,2.738523522
2.953898100,2.742600632
2.954101600,2.746677780
2.954305000,2.750754890
2.954508500,2.758832038
2.954711900,2.762909148
2.954915400,2.766986296
2.955118800,2.771063406
2.955322300,2.779140554
2.955525700,2.779217664
2.955729200,2.787294812
2.955932600,2.795371922
2.956136100,2.795449070
2.956339500,2.803526180
2.956543000,2.807603328
2.956746400,2.815680438
2.956949900,2.819757586
2.957153300,2.827834696
2.957356800,2.831911843
2.957560200,2.835988953
2.957763700,2.844066101
2.957967100,2.848143211
2.958170600,2.856220359
2.958374000,2.860297469
2.958577500,2.868374617
2.958780900,2.876451727
2.958984400,2.876528875
2.959187800,2.888605985
2.959391300,2.888683133
2.959594700,2.896760243
2.959798200,2.900837391
2.960001600,2.908914501
2.960205100,2.916991649
2.960408500,2.921068759
2.960612000,2.929145907
2.960815400,2.933223017
2.961018900,2.937300165
2.961222300,2.945377275
2.961425800,2.949454423
2.961629200,2.957531533
2.961832700,2.961608681
2.962036100,2.969685791
2.962239600,2.973762939
2.962443000,2.977840049
2.962646500,2.985917197
2.962849900,2.989994307
2.963053400,2.998071455
2.963256800,3.002148565
2.963460300,3.010225713
2.963663700,3.010302823
2.963867200,3.018379971
2.964070600,3.026457081
2.964274100,3.030534229
2.964477500,3.034611339
2.964681000,3.038688487
2.964884400,3.046765597
2.965087900,3.050842745
2.965291300,3.058919855
2.965494800,3.062997003
2.965698200,3.067074113
2.965901700,3.075151260
2.966105100,3.075228370
2.966308600,3.083305518
2.966512000,3.083382628
2.966715500,3.091459776
2.966918900,3.099536886
2.967122400,3.099614034
2.967325800,3.107691144
2.967529300,3.111768292
2.967732700,3.115845402
2.967936200,3.119922550
2.968139600,3.127999660
2.968343100,3.132076808
2.968546500,3.136153918
2.968750000,3.144231066
2.968953500,3.144308214
2.969156900,3.148385324
2.969360400,3.156462472
2.969563800,3.160539582
2.969767300,3.164616730
2.969970700,3.168693840
2.970174200,3.172770988
2.970377600,3.176848098
2.970581100,3.180925246
2.970784500,3.189002356
2.970988000,3.189079504
2.971191400,3.193156614
2.971394900,3.197233762
2.971598300,3.201310872
2.971801800,3.205388020
2.972005200,3.209465130
2.972208700,3.213542278
2.972412100,3.217619388
2.972615600,3.221696536
2.972819000,3.221773646
2.973022500,3.229850794
2.973225900,3.233927904
2.973429400,3.234005052
2.973632800,3.238082162
2.973836300,3.242159309
2.974039700,3.246236419
2.974243200,3.246313567
2.974446600,3.250390677
2.974650100,3.258467825
2.974853500,3.258544935
2.975057000,3.262622083
2.975260400,3.262699193
2.975463900,3.266776341
2.975667300,3.266853451
2.975870800,3.270930599
2.976074200,3.275007709
2.976277700,3.275084857
2.976481100,3.279161967
2.976684600,3.279239115
2.976888000,3.283316225
2.977091500,3.287393373
2.977294900,3.287470483
2.977498400,3.291547631
2.977701800,3.291624741
2.977905300,3.295701889
2.978108700,3.295778999
2.978312200,3.299856147
2.978515600,3.303933257
2.978719100,3.304010405
2.978922500,3.304087515
2.979126000,3.304164663
2.979329400,3.308241773
2.979532900,3.312318921
2.979736300,3.312396031
2.979939800,3.316473179
2.980143200,3.312550289
2.980346700,3.316627437
2.980550100,3.316704547
2.980753600,3.320781695
2.980957000,3.320858805
2.981160500,3.320935953
2.981363900,3.325013063
2.981567400,3.321090211
2.981770800,3.325167321
2.981974300,3.329244469
2.982177700,3.329321579
2.982381200,3.329398726
2.982584600,3.329475836
2.982788100,3.333552984
2.982991500,3.329630094
2.983195000,3.333707242
2.983398400,3.337784352
2.983601900,3.333861500
2.983805300,3.337938610
2.984008800,3.338015758
2.984212200,3.342092868
2.984415700,3.342170016
2.984619100,3.342247126
2.984822600,3.346324274
2.985026000,3.346401384
2.985229500,3.346478532
2.985432900,3.346555642
2.985636400,3.350632790
2.985839800,3.354709900
2.986043300,3.354787048
2.986246700,3.354864158
2.986450200,3.354941306
2.986653600,3.359018416
2.986857100,3.363095564
2.987060500,3.363172674
2.987264000,3.367249822
2.987467400,3.367326932
2.987670900,3.371404080
2.987874300,3.371481190
2.988077800,3.375558338
2.988281300,3.379635486
2.988484700,3.379712596
2.988688200,3.383789744
2.988891600,3.383866854
2.989095100,3.387944002
2.989298500,3.396021112
2.989502000,3.396098260
2.989705400,3.400175370
2.989908900,3.400252518
2.990112300,3.408329628
2.990315800,3.412406775
2.990519200,3.416483886
2.990722700,3.420561033
2.990926100,3.424638143
2.991129600,3.428715291
2.991333000,3.432792401
2.991536500,3.440869549
2.991739900,3.444946659
2.991943400,3.449023807
2.992146800,3.457100917
2.992350300,3.457178065
2.992553700,3.465255175
2.992757200,3.473332323
2.992960600,3.477409433
2.993164100,3.485486581
2.993367500,3.485563691
2.993571000,3.497640839
2.993774400,3.505717949
2.993977900,3.509795097
2.994181300,3.517872207
2.994384800,3.521949355
2.994588200,3.530026465
2.994791700,3.534103613
2.994995100,3.546180723
2.995198600,3.554257871
2.995402000,3.558334981
2.995605500,3.570412129
2.995808900,3.574489239
2.996012400,3.582566387
2.996215800,3.594643497
2.996419300,3.598720645
2.996622700,3.606797755
2.996826200,3.610874903
2.997029600,3.622952013
2.997233100,3.631029161
2.997436500,3.639106271
2.997640000,3.651183419
2.997843400,3.655260529
2.998046900,3.663337677
2.998250300,3.675414787
2.998453800,3.683491935
2.998657200,3.691569045
2.998860700,3.695646192
2.999064100,3.711723302
2.999267600,3.715800450
2.999471000,3.723877560
2.999674500,3.739954708
2.999877900,3.744031818
3.000081400,3.752108966
3.000284800,3.764186076
3.000488300,3.772263224
3.000691700,3.780340334
3.000895200,3.792417482
3.001098600,3.800494592
3.001302100,3.804571740
3.001505500,3.812648850
3.001709000,3.828725998
3.001912400,3.832803108
3.002115900,3.840880256
3.002319300,3.852957366
3.002522800,3.861034514
3.002726200,3.865111624
3.002929700,3.881188772
3.003133100,3.889265882
3.003336600,3.893343030
3.003540000,3.901420140
3.003743500,3.909497288
3.003946900,3.917574398
3.004150400,3.929651546
3.004353800,3.937728656
3.004557300,3.945805804
3.004760700,3.949882914
3.004964200,3.961960062
3.005167600,3.970037172
3.005371100,3.974114320
3.005574500,3.982191430
3.005778000,3.990268578
3.005981400,4.002345688
3.006184900,4.010422836
3.006388300,4.018499946
3.006591800,4.022577094
3.006795200,4.026654204
3.006998700,4.038731352
3.007202100,4.046808462
3.007405600,4.050885609
3.007609000,4.058962719
3.007812500,4.067039867
3.008016000,4.075117015
3.008219400,4.079194125
3.008422900,4.087271273
3.008626300,4.095348383
3.008829800,4.099425531
3.009033200,4.111502641
3.009236700,4.111579789
3.009440100,4.119656899
3.009643600,4.127734047
3.009847000,4.135811157
3.010050500,4.139888305
3.010253900,4.143965415
3.010457400,4.152042563
3.010660800,4.160119673
3.010864300,4.164196821
3.011067700,4.172273931
3.011271200,4.176351079
3.011474600,4.184428189
3.011678100,4.192505337
3.011881500,4.192582447
3.012085000,4.200659595
3.012288400,4.204736705
3.012491900,4.212813853
3.012695300,4.220890963
3.012898800,4.220968111
3.013102200,4.229045221
3.013305700,4.233122369
3.013509100,4.237199479
3.013712600,4.245276627
3.013916000,4.249353737
3.014119500,4.253430885
3.014322900,4.257507995
3.014526400,4.265585143
3.014729800,4.269662253
3.014933300,4.273739401
3.015136700,4.281816511
3.015340200,4.281893658
3.015543600,4.289970769
3.015747100,4.298047916
3.015950500,4.298125026
3.016154000,4.302202174
3.016357400,4.306279284
3.016560900,4.314356432
3.016764300,4.314433542
3.016967800,4.318510690
3.017171200,4.326587800
3.017374700,4.326664948
3.017578100,4.334742058
3.017781600,4.338819206
3.017985000,4.342896316
3.018188500,4.346973464
3.018391900,4.347050574
3.018595400,4.355127722
3.018798800,4.355204832
3.019002300,4.363281980
3.019205700,4.367359090
3.019409200,4.371436238
3.019612600,4.375513348
3.019816100,4.375590496
3.020019500,4.383667606
3.020223000,4.387744754
3.020426400,4.387821864
3.020629900,4.391899012
3.020833300,4.395976122
3.021036800,4.400053270
3.021240200,4.404130380
3.021443700,4.408207528
3.021647100,4.412284638
3.021850600,4.412361786
3.022054000,4.416438896
3.022257500,4.420516044
3.022460900,4.424593154
3.022664400,4.428670302
3.022867800,4.428747412
3.023071300,4.432824560
3.023274700,4.436901670
3.023478200,4.436978818
3.023681600,4.445055928
3.023885100,4.445133075
3.024088500,4.449210185
3.024292000,4.453287333
3.024495400,4.453364443
3.024698900,4.457441591
3.024902300,4.457518701
3.025105800,4.461595849
3.025309200,4.465672959
3.025512700,4.465750107
3.025716100,4.469827217
3.025919600,4.469904365
3.026123000,4.473981475
3.026326500,4.478058623
3.026529900,4.478135733
3.026733400,4.482212881
3.026936800,4.482289991
3.027140300,4.486367139
3.027343800,4.490444287
3.027547200,4.490521397
3.027750700,4.494598545
3.027954100,4.494675655
3.028157600,4.498752803
3.028361000,4.502829913
3.028564500,4.502907061
3.028767900,4.506984171
3.028971400,4.507061319
3.029174800,4.511138429
3.029378300,4.515215577
3.029581700,4.515292687
3.029785200,4.519369835
3.029988600,4.515446945
3.030192100,4.519524093
3.030395500,4.523601203
3.030599000,4.523678351
3.030802400,4.527755461
3.031005900,4.527832609
3.031209300,4.531909719
3.031412800,4.535986867
3.031616200,4.536063977
3.031819700,4.536141124
3.032023100,4.536218235
3.032226600,4.540295382
3.032430000,4.544372492
3.032633500,4.544449640
3.032836900,4.548526750
3.033040400,4.552603898
3.033243800,4.552681008
3.033447300,4.556758156
3.033650700,4.552835266
3.033854200,4.556912414
3.034057600,4.560989524
3.034261100,4.561066672
3.034464500,4.565143782
3.034668000,4.565220930
3.034871400,4.569298040
3.035074900,4.573375188
3.035278300,4.573452298
3.035481800,4.573529446
3.035685200,4.573606556
3.035888700,4.577683704
3.036092100,4.581760814
3.036295600,4.581837962
3.036499000,4.585915072
3.036702500,4.585992220
3.036905900,4.590069330
3.037109400,4.594146478
3.037312800,4.594223588
3.037516300,4.598300736
3.037719700,4.594377846
3.037923200,4.598454994
3.038126600,4.602532104
3.038330100,4.602609252
3.038533500,4.606686362
3.038737000,4.606763510
3.038940400,4.610840620
3.039143900,4.614917768
3.039347300,4.610994878
3.039550800,4.615072026
3.039754200,4.615149136
3.039957700,4.619226284
3.040161100,4.623303394
3.040364600,4.623380541
3.040568000,4.627457652
3.040771500,4.623534799
3.040974900,4.627611909
3.041178400,4.631689057
3.041381800,4.631766167
3.041585300,4.635843315
3.041788700,4.635920425
3.041992200,4.635997573
3.042195600,4.640074683
3.042399100,4.640151831
3.042602500,4.644228941
3.042806000,4.644306089
3.043009400,4.644383199
3.043212900,4.648460347
3.043416300,4.644537457
3.043619800,4.648614605
3.043823200,4.652691715
3.044026700,4.652768863
3.044230100,4.652845973
3.044433600,4.652923121
3.044637000,4.657000231
3.044840500,4.657077379
3.045043900,4.657154489
3.045247400,4.661231637
3.045450800,4.657308747
3.045654300,4.661385895
3.045857700,4.665463005
3.046061200,4.661540153
3.046264600,4.665617263
3.046468100,4.661694411
3.046671500,4.665771521
3.046875000,4.665848669
3.047078500,4.665925817
3.047281900,4.670002927
3.047485400,4.666080075
3.047688800,4.670157185
3.047892300,4.670234333
3.048095700,4.670311443
3.048299200,4.670388590
3.048502600,4.674465701
3.048706100,4.670542848
3.048909500,4.674619958
3.049113000,4.670697106
3.049316400,4.674774216
3.049519900,4.674851364
3.049723300,4.674928474
3.049926800,4.675005622
3.050130200,4.671082732
3.050333700,4.675159880
3.050537100,4.675236990
3.050740600,4.675314138
3.050944000,4.675391248
3.051147500,4.675468396
3.051350900,4.675545506
3.051554400,4.675622654
3.051757800,4.675699764
3.051961300,4.675776912
3.052164700,4.675854022
3.052368200,4.675931170
3.052571600,4.676008280
3.052775100,4.672085428
3.052978500,4.676162538
3.053182000,4.676239686
3.053385400,4.676316796
3.053588900,4.676393944
3.053792300,4.672471054
3.053995800,4.676548202
3.054199200,4.676625312
3.054402700,4.672702460
3.054606100,4.676779570
3.054809600,4.668856718
3.055013000,4.672933828
3.055216500,4.673010976
3.055419900,4.673088086
3.055623400,4.669165234
3.055826800,4.669242344
3.056030300,4.669319492
3.056233700,4.669396602
3.056437200,4.665473750
3.056640600,4.669550860
3.056844100,4.665628007
3.057047500,4.665705118
3.057251000,4.665782265
3.057454400,4.661859375
3.057657900,4.661936523
3.057861300,4.662013633
3.058064800,4.662090781
3.058268200,4.658167891
3.058471700,4.654245039
3.058675100,4.658322149
3.058878600,4.654399297
3.059082000,4.650476407
3.059285500,4.650553555
3.059488900,4.650630665
3.059692400,4.646707813
3.059895800,4.646784923
3.060099300,4.642862071
3.060302700,4.642939181
3.060506200,4.643016329
3.060709600,4.639093439
3.060913100,4.635170587
3.061116500,4.631247697
3.061320000,4.631324845
3.061523400,4.627401955
3.061726900,4.627479103
3.061930300,4.627556213
3.062133800,4.623633361
3.062337200,4.619710471
3.062540700,4.619787619
3.062744100,4.615864729
3.062947600,4.611941877
3.063151000,4.608018987
3.063354500,4.604096135
3.063557900,4.600173245
3.063761400,4.596250393
3.063964800,4.596327503
3.064168300,4.596404651
3.064371700,4.588481761
3.064575200,4.584558909
3.064778600,4.580636019
3.064982100,4.576713167
3.065185500,4.576790277
3.065389000,4.568867424
3.065592400,4.564944534
3.065795900,4.565021682
3.065999300,4.557098792
3.066202800,4.557175940
3.066406300,4.549253088
3.066609700,4.545330198
3.066813200,4.545407346
3.067016600,4.533484456
3.067220100,4.533561604
3.067423500,4.525638714
3.067627000,4.521715862
3.067830400,4.517792972
3.068033900,4.513870120
3.068237300,4.505947230
3.068440800,4.502024378
3.068644200,4.498101488
3.068847700,4.494178636
3.069051100,4.482255746
3.069254600,4.482332894
3.069458000,4.478410004
3.069661500,4.466487152
3.069864900,4.466564262
3.070068400,4.458641410
3.070271800,4.450718520
3.070475300,4.446795668
3.070678700,4.438872778
3.070882200,4.438949926
3.071085600,4.427027036
3.071289100,4.423104184
3.071492500,4.419181294
3.071696000,4.407258442
3.071899400,4.403335552
3.072102900,4.399412700
3.072306300,4.387489810
3.072509800,4.383566958
3.072713200,4.375644068
3.072916700,4.371721216
3.073120100,4.363798326
3.073323600,4.355875473
3.073527000,4.351952584
3.073730500,4.340029731
3.073933900,4.336106841
3.074137400,4.332183989
3.074340800,4.316261099
3.074544300,4.312338247
3.074747700,4.308415357
3.074951200,4.300492505
3.075154600,4.288569615
3.075358100,4.280646763
3.075561500,4.276723873
3.075765000,4.264801021
3.075968400,4.256878131
3.076171900,4.252955279
3.076375300,4.241032389
3.076578800,4.233109537
3.076782200,4.229186647
3.076985700,4.213263795
3.077189100,4.209340905
3.077392600,4.205418053
3.077596000,4.197495163
3.077799500,4.185572311
3.078002900,4.181649421
3.078206400,4.173726569
3.078409800,4.157803679
3.078613300,4.149880827
3.078816700,4.145957937
3.079020200,4.134035085
3.079223600,4.122112195
3.079427100,4.118189343
3.079630500,4.110266453
3.079834000,4.098343601
3.080037400,4.090420711
3.080240900,4.082497859
3.080444300,4.066574969
3.080647800,4.062652117
3.080851200,4.054729227
3.081054700,4.038806375
3.081258100,4.030883485
3.081461600,4.026960633
3.081665000,4.019037743
3.081868500,3.999114890
3.082071900,3.995192001
3.082275400,3.991269148
3.082478800,3.971346258
3.082682300,3.963423406
3.082885700,3.955500516
3.083089200,3.939577664
3.083292600,3.935654774
3.083496100,3.923731922
3.083699500,3.919809032
3.083903000,3.903886180
3.084106400,3.891963290
3.084309900,3.884040438
3.084513300,3.864117548
3.084716800,3.860194696
3.084920200,3.852271806
3.085123700,3.832348954
3.085327100,3.824426064
3.085530600,3.816503212
3.085734000,3.808580322
3.085937500,3.792657470
3.086141000,3.780734618
3.086344400,3.776811728
3.086547900,3.760888876
3.086751300,3.748965986
3.086954800,3.741043134
3.087158200,3.721120244
3.087361700,3.713197392
3.087565100,3.709274502
3.087768600,3.685351650
3.087972000,3.681428760
3.088175500,3.673505908
3.088378900,3.665583018
3.088582400,3.645660166
3.088785800,3.637737276
3.088989300,3.629814424
3.089192700,3.613891534
3.089396200,3.605968682
3.089599600,3.598045792
3.089803100,3.582122940
3.090006500,3.574200050
3.090210000,3.566277197
3.090413400,3.558354307
3.090616900,3.542431455
3.090820300,3.534508565
3.091023800,3.526585713
3.091227200,3.510662823
3.091430700,3.506739971
3.091634100,3.498817081
3.091837600,3.482894229
3.092041000,3.474971339
3.092244500,3.471048487
3.092447900,3.467125597
3.092651400,3.451202745
3.092854800,3.443279855
3.093058300,3.439357003
3.093261700,3.427434113
3.093465200,3.423511261
3.093668600,3.415588371
3.093872100,3.403665519
3.094075500,3.399742629
3.094279000,3.395819777
3.094482400,3.391896887
3.094685900,3.379974035
3.094889300,3.376051145
3.095092800,3.372128293
3.095296200,3.360205403
3.095499700,3.360282551
3.095703100,3.356359661
3.095906600,3.344436809
3.096110000,3.344513919
3.096313500,3.344591067
3.096516900,3.332668177
3.096720400,3.332745325
3.096923800,3.328822435
3.097127300,3.328899583
3.097330700,3.320976693
3.097534200,3.317053841
3.097737600,3.317130951
3.097941100,3.313208099
3.098144500,3.309285209
3.098348000,3.309362356
3.098551400,3.301439467
3.098754900,3.301516614
3.098958300,3.305593724
3.099161800,3.301670872
3.099365200,3.297747982
3.099568700,3.297825130
3.099772100,3.293902240
3.099975600,3.293979388
3.100179000,3.290056498
3.100382500,3.290133646
3.100585900,3.290210756
3.100789400,3.286287904
3.100992800,3.286365014
3.101196300,3.290442162
3.101399700,3.282519272
3.101603200,3.282596420
3.101806600,3.282673530
3.102010100,3.278750678
3.102213500,3.278827788
3.102417000,3.278904936
3.102620400,3.274982046
3.102823900,3.275059194
3.103027300,3.271136304
3.103230800,3.275213452
3.103434200,3.267290562
3.103637700,3.267367710
3.103841100,3.267444820
3.104044600,3.263521968
3.104248000,3.263599078
3.104451500,3.263676226
3.104654900,3.255753336
3.104858400,3.255830484
3.105061800,3.251907594
3.105265300,3.251984742
3.105468800,3.248061890
3.105672200,3.244139000
3.105875700,3.244216148
3.106079100,3.240293258
3.106282600,3.236370406
3.106486000,3.236447516
3.106689500,3.232524663
3.106892900,3.228601773
3.107096400,3.228678921
3.107299800,3.216756031
3.107503300,3.216833179
3.107706700,3.216910289
3.107910200,3.212987437
3.108113600,3.205064547
3.108317100,3.205141695
3.108520500,3.197218805
3.108724000,3.193295953
3.108927400,3.189373063
3.109130900,3.185450211
3.109334300,3.177527321
3.109537800,3.173604469
3.109741200,3.173681579
3.109944700,3.169758727
3.110148100,3.157835837
3.110351600,3.157912985
3.110555000,3.149990095
3.110758500,3.146067243
3.110961900,3.142144353
3.111165400,3.134221501
3.111368800,3.126298611
3.111572300,3.126375759
3.111775700,3.118452869
3.111979200,3.118530017
3.112182600,3.110607127
3.112386100,3.102684275
3.112589500,3.102761385
3.112793000,3.086838533
3.112996400,3.086915643
3.113199900,3.082992791
3.113403300,3.071069901
3.113606800,3.067147049
3.113810200,3.067224159
3.114013700,3.059301307
3.114217100,3.051378417
3.114420600,3.043455565
3.114624000,3.039532675
3.114827500,3.031609823
3.115030900,3.023686933
3.115234400,3.023764080
3.115437800,3.011841190
3.115641300,3.007918338
3.115844700,3.003995448
3.116048200,2.996072596
3.116251600,2.988149706
3.116455100,2.984226854
3.116658500,2.976303964
3.116862000,2.968381112
3.117065400,2.964458222
3.117268900,2.956535370
3.117472300,2.948612480
3.117675800,2.944689628
3.117879200,2.936766738
3.118082700,2.924843886
3.118286100,2.920920996
3.118489600,2.916998144
3.118693000,2.913075254
3.118896500,2.897152402
3.119099900,2.893229512
3.119303400,2.889306660
3.119506800,2.873383770
3.119710300,2.869460918
3.119913700,2.865538028
3.120117200,2.849615176
3.120320600,2.845692286
3.120524100,2.837769434
3.120727500,2.833846544
3.120931000,2.817923692
3.121134400,2.810000802
3.121337900,2.806077950
3.121541300,2.794155060
3.121744800,2.782232208
3.121948200,2.778309318
3.122151700,2.762386466
3.122355100,2.754463576
3.122558600,2.746540724
3.122762000,2.738617834
3.122965500,2.722694982
3.123168900,2.714772092
3.123372400,2.706849239
3.123575800,2.686926350
3.123779300,2.683003497
3.123982700,2.671080607
3.124186200,2.651157755
3.124389600,2.643234865
3.124593100,2.631312013
3.124796500,2.611389123
3.125000000,2.599466271
3.125203500,2.591543419
3.125406900,2.583620529
3.125610400,2.559697677
3.125813800,2.551774787
3.126017300,2.543851935
3.126220700,2.515929045
3.126424200,2.508006193
3.126627600,2.496083303
3.126831100,2.468160451
3.127034500,2.460237561
3.127238000,2.448314709
3.127441400,2.436391819
3.127644900,2.412468967
3.127848300,2.396546077
3.128051800,2.388623225
3.128255200,2.360700335
3.128458700,2.348777483
3.128662100,2.336854593
3.128865600,2.308931741
3.129069000,2.297008851
3.129272500,2.285085999
3.129475900,2.269163109
3.129679400,2.241240257
3.129882800,2.233317367
3.130086300,2.217394515
3.130289700,2.189471625
3.130493200,2.177548773
3.130696600,2.161625883
3.130900100,2.133703031
3.131103500,2.121780141
3.131307000,2.105857289
3.131510400,2.093934399
3.131713900,2.062011546
3.131917300,2.054088656
3.132120800,2.042165804
3.132324200,2.010242914
3.132527700,1.998320062
3.132731100,1.986397172
3.132934600,1.954474320
3.133138000,1.942551430
3.133341500,1.930628578
3.133544900,1.914705688
3.133748400,1.890782836
3.133951800,1.874859946
3.134155300,1.862937094
3.134358700,1.839014204
3.134562200,1.823091352
3.134765600,1.811168462
3.134969100,1.787245610
3.135172500,1.771322720
3.135376000,1.763399868
3.135579400,1.739476978
3.135782900,1.723554126
3.135986300,1.715631236
3.136189800,1.699708384
3.136393200,1.675785494
3.136596700,1.667862642
3.136800100,1.655939752
3.137003600,1.632016900
3.137207000,1.624094010
3.137410500,1.612171158
3.137613900,1.588248268
3.137817400,1.580325416
3.138020800,1.568402526
3.138224300,1.560479674
3.138427700,1.540556784
3.138631200,1.528633932
3.138834600,1.520711042
3.139038100,1.496788190
3.139241500,1.488865300
3.139445000,1.480942448
3.139648400,1.461019558
3.139851900,1.453096705
3.140055300,1.445173816
3.140258800,1.433250963
3.140462200,1.417328073
3.140665700,1.413405221
3.140869100,1.401482331
3.141072600,1.385559479
3.141276000,1.373636589
3.141479500,1.369713737
3.141682900,1.353790847
3.141886400,1.345867995
3.142089800,1.337945105
3.142293300,1.334022253
3.142496700,1.314099363
3.142700200,1.310176511
3.142903600,1.306253621
3.143107100,1.290330769
3.143310500,1.282407879
3.143514000,1.278485027
3.143717400,1.262562137
3.143920900,1.258639285
3.144124300,1.250716395
3.144327800,1.238793543
3.144531300,1.234870691
3.144734700,1.226947801
3.144938200,1.223024949
3.145141600,1.211102059
3.145345100,1.203179207
3.145548500,1.199256317
3.145752000,1.191333465
3.145955400,1.183410575
3.146158900,1.179487723
3.146362300,1.171564833
3.146565800,1.163641981
3.146769200,1.163719091
3.146972700,1.155796239
3.147176100,1.147873349
3.147379600,1.143950497
3.147583000,1.140027607
3.147786500,1.132104755
3.147989900,1.128181865
3.148193400,1.124259012
3.148396800,1.116336122
3.148600300,1.116413270
3.148803700,1.112490380
3.149007200,1.108567528
3.149210600,1.104644638
3.149414100,1.100721786
3.149617500,1.100798896
3.149821000,1.092876044
3.150024400,1.092953154
3.150227900,1.093030302
3.150431300,1.085107412
3.150634800,1.085184560
3.150838200,1.085261670
3.151041700,1.081338818
3.151245100,1.081415928
3.151448600,1.081493076
3.151652000,1.081570186
3.151855500,1.081647334
3.152058900,1.081724444
3.152262400,1.081801592
3.152465800,1.081878702
3.152669300,1.085955850
3.152872700,1.082032960
3.153076200,1.086110108
3.153279600,1.086187218
3.153483100,1.090264366
3.153686500,1.090341476
3.153890000,1.090418624
3.154093400,1.094495734
3.154296900,1.098572882
3.154500300,1.102649992
3.154703800,1.106727140
3.154907200,1.110804250
3.155110700,1.114881398
3.155314100,1.118958508
3.155517600,1.123035656
3.155721000,1.127112766
3.155924500,1.135189914
3.156127900,1.135267024
3.156331400,1.139344172
3.156534800,1.151421282
3.156738300,1.151498429
3.156941700,1.159575539
3.157145200,1.167652687
3.157348600,1.171729797
3.157552100,1.175806945
3.157755500,1.183884055
3.157959000,1.191961203
3.158162400,1.196038313
3.158365900,1.204115461
3.158569300,1.212192571
3.158772800,1.216269719
3.158976200,1.224346829
3.159179700,1.232423977
3.159383100,1.240501087
3.159586600,1.244578235
3.159790000,1.252655345
3.159993500,1.260732493
3.160196900,1.264809603
3.160400400,1.272886751
3.160603800,1.284963861
3.160807300,1.289041009
3.161010700,1.297118119
3.161214200,1.309195267
3.161417600,1.313272377
3.161621100,1.321349525
3.161824500,1.325426635
3.162028000,1.333503783
3.162231400,1.341580893
3.162434900,1.349658041
3.162638300,1.357735151
3.162841800,1.365812299
3.163045200,1.369889409
3.163248700,1.381966557
3.163452100,1.390043667
3.163655600,1.394120815
3.163859000,1.406197925
3.164062500,1.410275073
3.164266000,1.414352221
3.164469400,1.422429331
3.164672900,1.434506478
3.164876300,1.438583588
3.165079800,1.446660736
3.165283200,1.458737846
3.165486700,1.462814994
3.165690100,1.470892104
3.165893600,1.482969252
3.166097000,1.487046362
3.166300500,1.495123510
3.166503900,1.503200620
3.166707400,1.511277768
3.166910800,1.515354878
3.167114300,1.519432026
3.167317700,1.531509136
3.167521200,1.539586284
3.167724600,1.543663394
3.167928100,1.555740542
3.168131500,1.563817652
3.168335000,1.567894800
3.168538400,1.575971910
3.168741900,1.588049058
3.168945300,1.592126168
3.169148800,1.600203316
3.169352200,1.612280426
3.169555700,1.616357574
3.169759100,1.624434684
3.169962600,1.636511832
3.170166000,1.640588942
3.170369500,1.648666090
3.170572900,1.656743200
3.170776400,1.668820348
3.170979800,1.676897458
3.171183300,1.680974606
3.171386700,1.693051716
3.171590200,1.701128864
3.171793600,1.705205974
3.171997100,1.717283122
3.172200500,1.725360232
3.172404000,1.729437380
3.172607400,1.741514490
3.172810900,1.749591638
3.173014300,1.753668748
3.173217800,1.761745895
3.173421200,1.777823005
3.173624700,1.781900153
3.173828100,1.789977263
3.174031600,1.802054411
3.174235000,1.806131521
3.174438500,1.814208669
3.174641900,1.826285779
3.174845400,1.830362927
3.175048800,1.838440037
3.175252300,1.846517185
3.175455700,1.854594295
3.175659200,1.862671443
3.175862600,1.866748553
3.176066100,1.878825701
3.176269500,1.886902811
3.176473000,1.890979959
3.176676400,1.903057069
3.176879900,1.911134217
3.177083300,1.915211327
3.177286800,1.923288475
3.177490200,1.935365585
3.177693700,1.939442733
3.177897100,1.943519843
3.178100600,1.955596991
3.178304000,1.959674101
3.178507500,1.967751249
3.178710900,1.979828359
3.178914400,1.983905507
3.179117800,1.987982617
3.179321300,1.996059765
3.179524700,2.004136875
3.179728200,2.012214023
3.179931600,2.016291133
3.180135100,2.024368281
3.180338500,2.032445391
3.180542000,2.036522539
3.180745400,2.044599649
3.180948900,2.048676797
3.181152300,2.052753907
3.181355800,2.060831055
3.181559200,2.068908165
3.181762700,2.072985312
3.181966100,2.077062422
3.182169600,2.085139570
3.182373000,2.089216680
3.182576500,2.093293828
3.182779900,2.105370938
3.182983400,2.105448086
3.183186800,2.109525196
3.183390300,2.117602344
3.183593800,2.121679492
3.183797200,2.125756602
3.184000700,2.133833750
3.184204100,2.137910860
3.184407600,2.141988008
3.184611000,2.146065118
3.184814500,2.150142266
3.185017900,2.154219376
3.185221400,2.162296524
3.185424800,2.162373634
3.185628300,2.166450782
3.185831700,2.174527892
3.186035200,2.174605040
3.186238600,2.178682150
3.186442100,2.182759298
3.186645500,2.186836408
3.186849000,2.190913556
3.187052400,2.190990666
3.187255900,2.195067814
3.187459300,2.203144924
3.187662800,2.203222072
3.187866200,2.207299182
3.188069700,2.211376330
3.188273100,2.211453440
3.188476600,2.215530588
3.188680000,2.219607698
3.188883500,2.219684846
3.189086900,2.223761956
3.189290400,2.227839104
3.189493800,2.227916214
3.189697300,2.231993361
3.189900700,2.236070471
3.190104200,2.232147619
3.190307600,2.236224729
3.190511100,2.240301877
3.190714500,2.240378987
3.190918000,2.240456135
3.191121400,2.244533245
3.191324900,2.244610393
3.191528300,2.244687503
3.191731800,2.248764651
3.191935200,2.248841761
3.192138700,2.248918909
3.192342100,2.252996019
3.192545600,2.249073167
3.192749000,2.253150277
3.192952500,2.253227425
3.193155900,2.253304535
3.193359400,2.253381683
3.193562800,2.249458793
3.193766300,2.253535941
3.193969700,2.253613051
3.194173200,2.249690199
3.194376600,2.249767309
3.194580100,2.253844457
3.194783500,2.249921567
3.194987000,2.249998715
3.195190400,2.250075825
3.195393900,2.250152973
3.195597300,2.246230083
3.195800800,2.246307231
3.196004200,2.246384341
3.196207700,2.242461489
3.196411100,2.242538599
3.196614600,2.238615747
3.196818000,2.238692857
3.197021500,2.238770005
3.197224900,2.234847115
3.197428400,2.234924263
3.197631800,2.231001373
3.197835300,2.227078521
3.198038700,2.227155631
3.198242200,2.223232778
3.198445600,2.219309888
3.198649100,2.219387036
3.198852500,2.219464146
3.199056000,2.207541294
3.199259400,2.207618404
3.199462900,2.207695552
3.199666300,2.199772662
3.199869800,2.195849810
3.200073200,2.195926920
3.200276700,2.188004068
3.200480100,2.188081178
3.200683600,2.184158326
3.200887000,2.176235436
3.201090500,2.172312584
3.201293900,2.172389694
3.201497400,2.168466842
3.201700800,2.160543952
3.201904300,2.160621100
3.202107700,2.152698210
3.202311200,2.148775358
3.202514600,2.140852468
3.202718100,2.140929616
3.202921500,2.133006726
3.203125000,2.125083874
3.203328500,2.125161022
3.203531900,2.125238132
3.203735400,2.113315280
3.203938800,2.109392390
3.204142300,2.109469538
3.204345700,2.097546648
3.204549200,2.093623796
3.204752600,2.093700906
3.204956100,2.081778054
3.205159500,2.077855164
3.205363000,2.077932312
3.205566400,2.070009422
3.205769900,2.062086570
3.205973300,2.058163680
3.206176800,2.054240827
3.206380200,2.046317938
3.206583700,2.042395085
3.206787100,2.038472195
3.206990600,2.030549343
3.207194000,2.026626453
3.207397500,2.018703601
3.207600900,2.018780711
3.207804400,2.010857859
3.208007800,2.002934969
3.208211300,2.003012117
3.208414700,1.995089227
3.208618200,1.987166375
3.208821600,1.983243485
3.209025100,1.975320633
3.209228500,1.971397743
3.209432000,1.967474891
3.209635400,1.967552001
3.209838900,1.955629149
3.210042300,1.951706259
3.210245800,1.947783407
3.210449200,1.935860517
3.210652700,1.935937665
3.210856100,1.932014775
3.211059600,1.920091923
3.211263000,1.920169033
3.211466500,1.916246181
3.211669900,1.904323291
3.211873400,1.904400439
3.212076800,1.900477549
3.212280300,1.896554697
3.212483700,1.888631807
3.212687200,1.884708955
3.212890600,1.880786065
3.213094100,1.872863213
3.213297500,1.868940323
3.213501000,1.865017471
3.213704400,1.857094581
3.213907900,1.853171729
3.214111300,1.849248839
3.214314800,1.845325987
3.214518200,1.837403097
3.214721700,1.833480244
3.214925100,1.833557354
3.215128600,1.825634502
3.215332000,1.817711612
3.215535500,1.817788760
3.215738900,1.809865870
3.215942400,1.805943018
3.216145800,1.806020128
3.216349300,1.802097276
3.216552700,1.794174386
3.216756200,1.790251534
3.216959600,1.790328644
3.217163100,1.778405792
3.217366500,1.778482902
3.217570000,1.778560050
3.217773400,1.766637160
3.217976900,1.766714308
3.218180300,1.766791418
3.218383800,1.762868566
3.218587200,1.754945676
3.218790700,1.751022824
3.218994100,1.751099934
3.219197600,1.743177082
3.219401000,1.739254192
3.219604500,1.739331340
3.219807900,1.735408450
3.220011400,1.731485598
3.220214800,1.731562708
3.220418300,1.723639856
3.220621700,1.719716966
3.220825200,1.719794114
3.221028600,1.719871224
3.221232100,1.711948372
3.221435500,1.712025482
3.221639000,1.712102630
3.221842400,1.704179740
3.222045900,1.704256888
3.222249300,1.704333998
3.222452800,1.696411146
3.222656300,1.700488293
3.222859700,1.700565404
3.223063200,1.696642551
3.223266600,1.692719661
3.223470100,1.692796809
3.223673500,1.688873919
3.223877000,1.684951067
3.224080400,1.689028177
3.224283900,1.685105325
3.224487300,1.681182435
3.224690800,1.681259583
3.224894200,1.681336693
3.225097700,1.681413841
3.225301100,1.677490951
3.225504600,1.677568099
3.225708000,1.677645209
3.225911500,1.673722357
3.226114900,1.673799467
3.226318400,1.673876615
3.226521800,1.673953725
3.226725300,1.670030873
3.226928700,1.670107983
3.227132200,1.674185131
3.227335600,1.666262241
3.227539100,1.670339389
3.227742500,1.670416499
3.227946000,1.666493647
3.228149400,1.666570757
3.228352900,1.666647905
3.228556300,1.662725015
3.228759800,1.666802163
3.228963200,1.666879273
3.229166700,1.662956421
3.229370100,1.663033531
3.229573600,1.667110679
3.229777000,1.663187789
3.229980500,1.663264937
3.230183900,1.667342047
3.230387400,1.663419195
3.230590800,1.663496305
3.230794300,1.663573453
3.230997700,1.663650563
3.231201200,1.663727710
3.231404600,1.663804821
3.231608100,1.663881968
3.231811500,1.663959078
3.232015000,1.664036226
3.232218400,1.664113336
3.232421900,1.664190484
3.232625300,1.664267594
3.232828800,1.660344742
3.233032200,1.664421852
3.233235700,1.664499000
3.233439100,1.664576110
3.233642600,1.664653258
3.233846000,1.664730368
3.234049500,1.664807516
3.234252900,1.660884626
3.234456400,1.664961774
3.234659800,1.665038884
3.234863300,1.661116032
3.235066700,1.661193142
3.235270200,1.661270290
3.235473600,1.661347400
3.235677100,1.661424548
3.235880500,1.661501658
3.236084000,1.657578806
3.236287400,1.661655916
3.236490900,1.661733064
3.236694300,1.657810174
3.236897800,1.657887322
3.237101200,1.657964432
3.237304700,1.654041580
3.237508100,1.654118690
3.237711600,1.658195838
3.237915000,1.654272948
3.238118500,1.650350096
3.238321900,1.654427206
3.238525400,1.650504354
3.238728800,1.646581464
3.238932300,1.650658612
3.239135700,1.646735722
3.239339200,1.642812870
3.239542600,1.642889980
3.239746100,1.638967127
3.239949500,1.639044237
3.240153000,1.639121385
3.240356400,1.635198495
3.240559900,1.635275643
3.240763300,1.631352753
3.240966800,1.627429901
3.241170200,1.627507011
3.241373700,1.623584159
3.241577100,1.623661269
3.241780600,1.623738417
3.241984000,1.619815527
3.242187500,1.615892675
3.242391000,1.615969823
3.242594400,1.612046933
3.242797900,1.604124081
3.243001300,1.604201191
3.243204800,1.604278339
3.243408200,1.596355449
3.243611700,1.596432597
3.243815100,1.596509707
3.244018600,1.588586855
3.244222000,1.584663965
3.244425500,1.584741113
3.244628900,1.580818223
3.244832400,1.576895371
3.245035800,1.576972481
3.245239300,1.569049629
3.245442700,1.565126739
3.245646200,1.565203887
3.245849600,1.557280997
3.246053100,1.553358145
3.246256500,1.553435255
3.246460000,1.545512403
3.246663400,1.545589513
3.246866900,1.541666661
3.247070300,1.533743771
3.247273800,1.533820919
3.247477200,1.525898029
3.247680700,1.521975176
3.247884100,1.522052287
3.248087600,1.514129434
3.248291000,1.510206544
3.248494500,1.510283692
3.248697900,1.502360802
3.248901400,1.494437950
3.249104800,1.494515060
3.249308300,1.494592208
3.249511700,1.482669318
3.249715200,1.482746466
3.249918600,1.478823576
3.250122100,1.470900724
3.250325500,1.466977834
3.250529000,1.467054982
3.250732400,1.459132092
3.250935900,1.455209240
3.251139300,1.451286350
3.251342800,1.451363498
3.251546200,1.439440608
3.251749700,1.439517756
3.251953100,1.435594866
3.252156600,1.423672014
3.252360000,1.423749124
3.252563500,1.419826272
3.252766900,1.411903382
3.252970400,1.407980530
3.253173800,1.408057640
3.253377300,1.400134788
3.253580700,1.392211898
3.253784200,1.392289046
3.253987600,1.384366156
3.254191100,1.380443304
3.254394500,1.376520414
3.254598000,1.372597562
3.254801400,1.364674672
3.255004900,1.360751820
3.255208300,1.356828930
3.255411800,1.352906078
3.255615200,1.344983188
3.255818700,1.341060336
3.256022100,1.337137446
3.256225600,1.329214593
3.256429000,1.321291703
3.256632500,1.321368851
3.256835900,1.313445961
3.257039400,1.305523109
3.257242800,1.305600219
3.257446300,1.301677367
3.257649700,1.289754477
3.257853200,1.285831625
3.258056600,1.281908735
3.258260100,1.269985883
3.258463500,1.266062993
3.258667000,1.266140141
3.258870400,1.250217251
3.259073900,1.246294399
3.259277300,1.246371509
3.259480800,1.230448657
3.259684200,1.226525767
3.259887700,1.222602915
3.260091100,1.214680025
3.260294600,1.202757173
3.260498000,1.198834283
3.260701500,1.194911431
3.260904900,1.178988541
3.261108400,1.175065689
3.261311800,1.171142799
3.261515300,1.155219947
3.261718800,1.151297095
3.261922200,1.147374205
3.262125700,1.135451353
3.262329100,1.123528463
3.262532600,1.115605611
3.262736000,1.107682721
3.262939500,1.091759869
3.263142900,1.087836979
3.263346400,1.075914127
3.263549800,1.059991237
3.263753300,1.056068385
3.263956700,1.044145495
3.264160200,1.036222642
3.264363600,1.020299753
3.264567100,1.008376900
3.264770500,1.004454010
3.264974000,0.984531158
3.265177400,0.972608268
3.265380900,0.964685416
3.265584300,0.948762526
3.265787800,0.936839674
3.265991200,0.928916784
3.266194700,0.920993932
3.266398100,0.897071042
3.266601600,0.889148190
3.266805000,0.881225300
3.267008500,0.857302448
3.267211900,0.849379558
3.267415400,0.841456706
3.267618800,0.817533816
3.267822300,0.805610964
3.268025700,0.797688074
3.268229200,0.773765222
3.268432600,0.765842332
3.268636100,0.757919480
3.268839500,0.749996590
3.269043000,0.726073738
3.269246400,0.718150848
3.269449900,0.710227996
3.269653300,0.686305106
3.269856800,0.678382254
3.270060200,0.670459364
3.270263700,0.646536512
3.270467100,0.642613622
3.270670600,0.634690770
3.270874000,0.622767880
3.271077500,0.602845028
3.271280900,0.598922138
3.271484400,0.586999286
3.271687800,0.571076396
3.271891300,0.567153544
3.272094700,0.555230654
3.272298200,0.539307802
3.272501600,0.535384912
3.272705100,0.527462059
3.272908500,0.519539170
3.273112000,0.507616317
3.273315400,0.499693427
3.273518900,0.495770575
3.273722300,0.483847685
3.273925800,0.475924833
3.274129200,0.472001943
3.274332700,0.460079091
3.274536100,0.456156201
3.274739600,0.452233349
3.274943000,0.448310459
3.275146500,0.436387607
3.275349900,0.436464717
3.275553400,0.432541865
3.275756800,0.428618975
3.275960300,0.420696123
3.276163700,0.420773233
3.276367200,0.412850381
3.276570600,0.408927491
3.276774100,0.409004639
3.276977500,0.409081749
3.277181000,0.401158897
3.277384400,0.401236007
3.277587900,0.401313155
3.277791300,0.393390265
3.277994800,0.393467413
3.278198200,0.393544523
3.278401700,0.389621671
3.278605100,0.389698781
3.278808600,0.389775929
3.279012000,0.381853039
3.279215500,0.385930187
3.279418900,0.386007297
3.279622400,0.382084445
3.279825800,0.382161555
3.280029300,0.382238703
3.280232700,0.378315813
3.280436200,0.378392961
3.280639600,0.378470071
3.280843100,0.374547219
3.281046500,0.374624329
3.281250000,0.374701476
3.281453500,0.378778624
3.281656900,0.374855734
3.281860400,0.370932882
3.282063800,0.375009992
3.282267300,0.371087140
3.282470700,0.371164250
3.282674200,0.371241398
3.282877600,0.367318508
3.283081100,0.367395656
3.283284500,0.367472766
3.283488000,0.363549914
3.283691400,0.367627024
3.283894900,0.363704172
3.284098300,0.359781282
3.284301800,0.363858430
3.284505200,0.359935540
3.284708700,0.356012688
3.284912100,0.360089798
3.285115600,0.356166946
3.285319000,0.352244056
3.285522500,0.356321204
3.285725900,0.356398314
3.285929400,0.348475462
3.286132800,0.352552572
3.286336300,0.352629720
3.286539700,0.348706830
3.286743200,0.348783978
3.286946600,0.348861088
3.287150100,0.348938236
3.287353500,0.345015346
3.287557000,0.345092494
3.287760400,0.345169604
3.287963900,0.345246752
3.288167300,0.345323862
3.288370800,0.345401010
3.288574200,0.341478120
3.288777700,0.345555268
3.288981100,0.345632378
3.289184600,0.341709525
3.289388000,0.341786636
3.289591500,0.345863783
3.289794900,0.341940893
3.289998400,0.346018041
3.290201800,0.346095151
3.290405300,0.346172299
3.290608700,0.346249409
3.290812200,0.350326557
3.291015600,0.346403667
3.291219100,0.350480815
3.291422500,0.350557925
3.291626000,0.350635073
3.291829400,0.350712183
3.292032900,0.354789331
3.292236300,0.358866441
3.292439800,0.358943589
3.292643200,0.359020699
3.292846700,0.363097847
3.293050100,0.363174957
3.293253600,0.367252105
3.293457000,0.371329215
3.293660500,0.367406363
3.293863900,0.371483473
3.294067400,0.375560621
3.294270800,0.375637731
3.294474300,0.379714879
3.294677700,0.383791989
3.294881200,0.383869137
3.295084600,0.387946247
3.295288100,0.392023395
3.295491500,0.392100505
3.295695000,0.396177653
3.295898400,0.400254763
3.296101900,0.400331911
3.296305300,0.404409021
3.296508800,0.408486169
3.296712200,0.408563279
3.296915700,0.416640427
3.297119100,0.420717537
3.297322600,0.424794685
3.297526000,0.424871795
3.297729500,0.428948942
3.297932900,0.433026053
3.298136400,0.433103200
3.298339800,0.437180310
3.298543300,0.445257458
3.298746700,0.445334568
3.298950200,0.449411716
3.299153600,0.453488826
3.299357100,0.453565974
3.299560500,0.457643084
3.299764000,0.461720232
3.299967400,0.465797342
3.300170900,0.469874490
3.300374300,0.473951600
3.300577800,0.474028748
3.300781300,0.478105896
3.300984700,0.482183006
3.301188200,0.482260154
3.301391600,0.486337264
3.301595100,0.490414412
3.301798500,0.494491522
3.302002000,0.498568670
3.302205400,0.502645780
3.302408900,0.506722928
3.302612300,0.506800038
3.302815800,0.510877186
3.303019200,0.514954296
3.303222700,0.515031444
3.303426100,0.519108554
3.303629600,0.523185702
3.303833000,0.523262812
3.304036500,0.527339960
3.304239900,0.531417070
3.304443400,0.531494218
3.304646800,0.535571328
3.304850300,0.539648476
3.305053700,0.539725586
3.305257200,0.543802734
3.305460600,0.543879844
3.305664100,0.543956992
3.305867500,0.548034102
3.306071000,0.552111249
3.306274400,0.556188359
3.306477900,0.556265507
3.306681300,0.556342617
3.306884800,0.560419765
3.307088200,0.560496875
3.307291700,0.564574023
3.307495100,0.564651133
3.307698600,0.564728281
3.307902000,0.568805391
3.308105500,0.572882539
3.308308900,0.568959649
3.308512400,0.573036797
3.308715800,0.573113907
3.308919300,0.573191055
3.309122700,0.577268165
3.309326200,0.577345313
3.309529600,0.577422423
3.309733100,0.577499571
3.309936500,0.581576681
3.310140000,0.577653829
3.310343400,0.581730939
3.310546900,0.581808087
3.310750300,0.581885197
3.310953800,0.581962345
3.311157200,0.582039455
3.311360700,0.582116603
3.311564100,0.582193713
3.311767600,0.582270861
3.311971000,0.586347971
3.312174500,0.578425119
3.312377900,0.582502229
3.312581400,0.582579377
3.312784800,0.578656487
3.312988300,0.578733635
3.313191700,0.578810745
3.313395200,0.574887893
3.313598600,0.574965003
3.313802100,0.575042151
3.314005500,0.571119261
3.314209000,0.571196408
3.314412400,0.571273519
3.314615900,0.567350666
3.314819300,0.563427776
3.315022800,0.563504924
3.315226200,0.563582034
3.315429700,0.555659182
3.315633100,0.555736292
3.315836600,0.555813440
3.316040000,0.543890550
3.316243500,0.543967698
3.316446900,0.544044808
3.316650400,0.540121956
3.316853800,0.532199066
3.317057300,0.532276214
3.317260700,0.528353324
3.317464200,0.520430472
3.317667600,0.520507582
3.317871100,0.512584730
3.318074500,0.504661840
3.318278000,0.504738988
3.318481400,0.496816098
3.318684900,0.496893246
3.318888300,0.488970356
3.319091800,0.485047504
3.319295200,0.481124614
3.319498700,0.473201762
3.319702100,0.469278872
3.319905600,0.465356020
3.320109000,0.457433130
3.320312500,0.453510278
3.320516000,0.445587426
3.320719400,0.445664536
3.320922900,0.433741684
3.321126300,0.429818794
3.321329800,0.425895942
3.321533200,0.417973052
3.321736700,0.410050200
3.321940100,0.406127310
3.322143600,0.398204458
3.322347000,0.394281568
3.322550500,0.390358715
3.322753900,0.386435825
3.322957400,0.378512973
3.323160800,0.374590083
3.323364300,0.370667231
3.323567700,0.362744341
3.323771200,0.354821489
3.323974600,0.354898599
3.324178100,0.346975747
3.324381500,0.343052857
3.324585000,0.339130005
3.324788400,0.339207115
3.324991900,0.327284263
3.325195300,0.327361373
3.325398800,0.327438521
3.325602200,0.315515631
3.325805700,0.315592779
3.326009100,0.315669889
3.326212600,0.307747037
3.326416000,0.307824147
3.326619500,0.303901295
3.326822900,0.303978405
3.327026400,0.300055553
3.327229800,0.300132663
3.327433300,0.300209811
3.327636700,0.292286921
3.327840200,0.296364069
3.328043600,0.296441179
3.328247100,0.292518327
3.328450500,0.292595437
3.328654000,0.292672585
3.328857400,0.288749695
3.329060900,0.292826843
3.329264300,0.296903953
3.329467800,0.292981101
3.329671200,0.293058211
3.329874700,0.297135359
3.330078100,0.297212469
3.330281600,0.301289617
3.330485000,0.301366727
3.330688500,0.305443874
3.330891900,0.305520985
3.331095400,0.309598132
3.331298800,0.313675242
3.331502300,0.313752390
3.331705700,0.317829500
3.331909200,0.321906648
3.332112600,0.321983758
3.332316100,0.326060906
3.332519500,0.334138016
3.332723000,0.334215164
3.332926400,0.338292274
3.333129900,0.342369422
3.333333300,0.346446532
3.333536800,0.350523680
3.333740200,0.354600790
3.333943700,0.358677938
3.334147100,0.362755048
3.334350600,0.366832196
3.334554000,0.374909306
3.334757500,0.374986454
3.334960900,0.379063564
3.335164400,0.387140712
3.335367800,0.387217822
3.335571300,0.395294970
3.335774700,0.399372080
3.335978200,0.399449228
3.336181600,0.403526338
3.336385100,0.411603486
3.336588500,0.411680596
3.336792000,0.415757744
3.336995400,0.423834854
3.337198900,0.423912002
3.337402300,0.427989112
3.337605800,0.436066260
3.337809200,0.440143370
3.338012700,0.440220518
3.338216100,0.444297628
3.338419600,0.452374776
3.338623000,0.452451886
3.338826500,0.456529034
3.339029900,0.460606144
3.339233400,0.460683291
3.339436800,0.464760402
3.339640300,0.472837549
3.339843800,0.472914697
3.340047200,0.476991807
3.340250700,0.481068955
3.340454100,0.481146065
3.340657600,0.485223213
3.340861000,0.489300323
3.341064500,0.485377471
3.341267900,0.489454581
3.341471400,0.493531729
3.341674800,0.497608839
3.341878300,0.497685987
3.342081700,0.501763097
3.342285200,0.501840245
3.342488600,0.501917355
3.342692100,0.505994503
3.342895500,0.510071613
3.343099000,0.506148761
3.343302400,0.510225871
3.343505900,0.510303019
3.343709300,0.510380129
3.343912800,0.510457277
3.344116200,0.514534387
3.344319700,0.510611535
3.344523100,0.514688645
3.344726600,0.514765793
3.344930000,0.518842903
3.345133500,0.514920051
3.345336900,0.518997161
3.345540400,0.519074309
3.345743800,0.515151419
3.345947300,0.515228567
3.346150700,0.519305677
3.346354200,0.515382825
3.346557600,0.515459935
3.346761100,0.515537083
3.346964500,0.515614193
3.347168000,0.511691341
3.347371400,0.515768451
3.347574900,0.511845598
3.347778300,0.507922708
3.347981800,0.511999856
3.348185200,0.512076966
3.348388700,0.504154114
3.348592100,0.504231224
3.348795600,0.504308372
3.348999000,0.504385482
3.349202500,0.500462630
3.349405900,0.500539740
3.349609400,0.496616888
3.349812800,0.492693998
3.350016300,0.492771146
3.350219700,0.488848256
3.350423200,0.484925404
3.350626600,0.485002514
3.350830100,0.481079662
3.351033500,0.481156772
3.351237000,0.477233920
3.351440400,0.477311030
3.351643900,0.473388178
3.351847300,0.465465288
3.352050800,0.465542436
3.352254200,0.461619546
3.352457700,0.457696694
3.352661100,0.453773804
3.352864600,0.449850952
3.353068000,0.449928062
3.353271500,0.446005210
3.353474900,0.438082320
3.353678400,0.438159468
3.353881800,0.434236578
3.354085300,0.426313726
3.354288700,0.426390836
3.354492200,0.422467984
3.354695600,0.418545094
3.354899100,0.414622242
3.355102500,0.406699352
3.355306000,0.406776500
3.355509400,0.402853610
3.355712900,0.398930757
3.355916300,0.395007868
3.356119800,0.387085015
3.356323200,0.387162125
3.356526700,0.379239273
3.356730100,0.375316383
3.356933600,0.371393531
3.357137000,0.367470641
3.357340500,0.359547789
3.357543900,0.359624899
3.357747400,0.355702047
3.357950800,0.347779157
3.358154300,0.343856305
3.358357700,0.343933415
3.358561200,0.336010563
3.358764600,0.332087673
3.358968100,0.328164821
3.359171500,0.320241931
3.359375000,0.316319079
3.359578500,0.316396227
3.359781900,0.312473337
3.359985400,0.300550485
3.360188800,0.300627595
3.360392300,0.300704743
3.360595700,0.288781853
3.360799200,0.284859001
3.361002600,0.284936111
3.361206100,0.273013259
3.361409500,0.273090369
3.361613000,0.269167517
3.361816400,0.269244627
3.362019900,0.257321775
3.362223300,0.257398885
3.362426800,0.253476033
3.362630200,0.245553143
3.362833700,0.241630291
3.363037100,0.241707401
3.363240600,0.229784549
3.363444000,0.229861659
3.363647500,0.225938807
3.363850900,0.218015917
3.364054400,0.214093064
3.364257800,0.214170174
3.364461300,0.210247322
3.364664700,0.202324432
3.364868200,0.202401580
3.365071600,0.198478690
3.365275100,0.190555838
3.365478500,0.186632948
3.365682000,0.186710096
3.365885400,0.178787206
3.366088900,0.174864354
3.366292300,0.174941464
3.366495800,0.171018612
3.366699200,0.163095722
3.366902700,0.163172870
3.367106100,0.159249980
3.367309600,0.155327128
3.367513000,0.151404238
3.367716500,0.151481386
3.367919900,0.143558496
3.368123400,0.143635644
3.368326800,0.143712754
3.368530300,0.139789902
3.368733700,0.135867012
3.368937200,0.135944160
3.369140600,0.132021270
3.369344100,0.128098418
3.369547500,0.128175528
3.369751000,0.124252676
3.369954400,0.120329786
3.370157900,0.120406934
3.370361300,0.116484044
3.370564800,0.116561192
3.370768200,0.112638302
3.370971700,0.112715450
3.371175100,0.108792560
3.371378600,0.108869708
3.371582000,0.108946818
3.371785500,0.105023966
3.371988900,0.105101076
3.372192400,0.105178224
3.372395800,0.101255334
3.372599300,0.101332481
3.372802700,0.101409591
3.373006200,0.101486739
3.373209600,0.101563849
3.373413100,0.101640997
3.373616500,0.097718107
3.373820000,0.101795255
3.374023400,0.101872365
3.374226900,0.101949513
3.374430300,0.102026623
3.374633800,0.102103771
3.374837200,0.102180881
3.375040700,0.102258029
3.375244100,0.102335139
3.375447600,0.102412287
3.375651000,0.102489397
3.375854500,0.106566545
3.376057900,0.106643655
3.376261400,0.106720803
3.376464800,0.106797913
3.376668300,0.106875061
3.376871700,0.106952171
3.377075200,0.111029319
3.377278600,0.111106429
3.377482100,0.115183577
3.377685500,0.111260687
3.377889000,0.115337835
3.378092400,0.119414945
3.378295900,0.115492093
3.378499300,0.119569203
3.378702800,0.119646351
3.378906300,0.119723499
3.379109700,0.123800609
3.379313200,0.127877757
3.379516600,0.123954867
3.379720100,0.128032015
3.379923500,0.128109125
3.380127000,0.128186273
3.380330400,0.128263383
3.380533900,0.132340530
3.380737300,0.132417640
3.380940800,0.132494788
3.381144200,0.136571898
3.381347700,0.140649046
3.381551100,0.136726156
3.381754600,0.136803304
3.381958000,0.140880414
3.382161500,0.136957562
3.382364900,0.141034672
3.382568400,0.145111820
3.382771800,0.141188930
3.382975300,0.141266078
3.383178700,0.145343188
3.383382200,0.145420336
3.383585600,0.141497446
3.383789100,0.145574594
3.383992500,0.149651704
3.384196000,0.141728852
3.384399400,0.145805962
3.384602900,0.145883110
3.384806300,0.141960220
3.385009800,0.146037368
3.385213200,0.146114478
3.385416700,0.142191626
3.385620100,0.142268736
3.385823600,0.146345884
3.386027000,0.142422994
3.386230500,0.142500142
3.386433900,0.142577252
3.386637400,0.142654400
3.386840800,0.138731510
3.387044300,0.138808658
3.387247700,0.138885768
3.387451200,0.134962916
3.387654600,0.135040026
3.387858100,0.135117174
3.388061500,0.131194284
3.388265000,0.127271432
3.388468400,0.131348542
3.388671900,0.127425690
3.388875300,0.123502800
3.389078800,0.123579947
3.389282200,0.119657057
3.389485700,0.115734205
3.389689100,0.115811315
3.389892600,0.115888463
3.390096000,0.111965573
3.390299500,0.108042721
3.390502900,0.108119831
3.390706400,0.100196979
3.390909800,0.096274089
3.391113300,0.096351237
3.391316700,0.092428347
3.391520200,0.088505495
3.391723600,0.084582605
3.391927100,0.080659753
3.392130500,0.076736863
3.392334000,0.072814011
3.392537400,0.068891121
3.392740900,0.068968269
3.392944300,0.061045379
3.393147800,0.061122527
3.393351200,0.057199637
3.393554700,0.049276785
3.393758100,0.045353895
3.393961600,0.041431043
3.394165000,0.033508153
3.394368500,0.033585301
3.394571900,0.025662411
3.394775400,0.025739559
3.394978800,0.017816669
3.395182300,0.009893817
3.395385700,0.009970927
3.395589200,0.002048075
3.395792600,-0.001874815
3.395996100,-0.005797667
3.396199500,-0.017720557
3.396403000,-0.017643409
3.396606400,-0.025566299
3.396809900,-0.029489151
3.397013300,-0.037412041
3.397216800,-0.045334893
3.397420200,-0.045257783
3.397623700,-0.057180636
3.397827100,-0.061103526
3.398030600,-0.065026378
3.398234000,-0.076949268
3.398437500,-0.084872120
3.398641000,-0.084794972
3.398844400,-0.088717862
3.399047900,-0.100640714
3.399251300,-0.108563604
3.399454800,-0.112486456
3.399658200,-0.124409346
3.399861700,-0.128332198
3.400065100,-0.132255088
3.400268600,-0.144177940
3.400472000,-0.152100830
3.400675500,-0.156023682
3.400878900,-0.159946572
3.401082400,-0.175869424
3.401285800,-0.179792314
3.401489300,-0.187715166
3.401692700,-0.203638056
3.401896200,-0.207560908
3.402099600,-0.211483798
3.402303100,-0.223406650
3.402506500,-0.235329540
3.402710000,-0.239252392
3.402913400,-0.251175282
3.403116900,-0.263098134
3.403320300,-0.267021024
3.403523800,-0.270943876
3.403727200,-0.290866766
3.403930700,-0.294789618
3.404134100,-0.298712508
3.404337600,-0.318635360
3.404541000,-0.326558250
3.404744500,-0.330481102
3.404947900,-0.346403992
3.405151400,-0.358326844
3.405354800,-0.362249734
3.405558300,-0.370172587
3.405761700,-0.390095477
3.405965200,-0.394018329
3.406168600,-0.401941219
3.406372100,-0.421864071
3.406575500,-0.429786961
3.406779000,-0.433709813
3.406982400,-0.457632703
3.407185900,-0.465555555
3.407389300,-0.469478445
3.407592800,-0.481401297
3.407796200,-0.501324187
3.407999700,-0.509247039
3.408203100,-0.517169929
3.408406600,-0.537092781
3.408610000,-0.545015671
3.408813500,-0.552938523
3.409016900,-0.576861413
3.409220400,-0.584784265
3.409423800,-0.592707155
3.409627300,-0.604630007
3.409830700,-0.624552897
3.410034200,-0.632475749
3.410237600,-0.644398639
3.410441100,-0.668321491
3.410644500,-0.676244381
3.410848000,-0.688167233
3.411051400,-0.708090123
3.411254900,-0.720012975
3.411458300,-0.727935865
3.411661800,-0.751858717
3.411865200,-0.763781607
3.412068700,-0.771704459
3.412272100,-0.783627349
3.412475600,-0.807550201
3.412679000,-0.815473091
3.412882500,-0.827395943
3.413085900,-0.851318833
3.413289400,-0.859241685
3.413492800,-0.875164575
3.413696300,-0.899087427
3.413899700,-0.907010317
3.414103200,-0.918933170
3.414306600,-0.930856060
3.414510100,-0.950778912
3.414713500,-0.962701802
3.414917000,-0.974624654
3.415120400,-0.998547544
3.415323900,-1.006470396
3.415527300,-1.018393286
3.415730800,-1.042316138
3.415934200,-1.050239028
3.416137700,-1.066161880
3.416341100,-1.074084770
3.416544600,-1.094007622
3.416748000,-1.105930512
3.416951500,-1.117853364
3.417154900,-1.137776254
3.417358400,-1.149699106
3.417561800,-1.157621996
3.417765300,-1.177544848
3.417968800,-1.185467700
3.418172200,-1.197390590
3.418375700,-1.205313442
3.418579100,-1.225236332
3.418782600,-1.237159184
3.418986000,-1.245082074
3.419189500,-1.265004926
3.419392900,-1.276927816
3.419596400,-1.280850668
3.419799800,-1.300773558
3.420003300,-1.312696410
3.420206700,-1.316619300
3.420410200,-1.332542152
3.420613600,-1.340465042
3.420817100,-1.352387894
3.421020500,-1.356310784
3.421224000,-1.372233636
3.421427400,-1.380156526
3.421630900,-1.388079378
3.421834300,-1.400002268
3.422037800,-1.411925121
3.422241200,-1.415848011
3.422444700,-1.427770863
3.422648100,-1.439693753
3.422851600,-1.443616605
3.423055000,-1.447539495
3.423258500,-1.463462347
3.423461900,-1.467385237
3.423665400,-1.471308089
3.423868800,-1.483230979
3.424072300,-1.491153831
3.424275700,-1.495076721
3.424479200,-1.506999573
3.424682600,-1.514922463
3.424886100,-1.518845315
3.425089500,-1.522768205
3.425293000,-1.534691057
3.425496400,-1.538613947
3.425699900,-1.542536799
3.425903300,-1.558459689
3.426106800,-1.562382541
3.426310200,-1.562305431
3.426513700,-1.578228283
3.426717100,-1.582151173
3.426920600,-1.582074025
3.427124000,-1.585996915
3.427327500,-1.601919767
3.427530900,-1.601842657
3.427734400,-1.605765509
3.427937800,-1.621688399
3.428141300,-1.621611251
3.428344700,-1.625534141
3.428548200,-1.641456993
3.428751600,-1.641379883
3.428955100,-1.645302735
3.429158500,-1.653225625
3.429362000,-1.661148477
3.429565400,-1.665071367
3.429768900,-1.672994219
3.429972300,-1.680917109
3.430175800,-1.684839961
3.430379200,-1.688762851
3.430582700,-1.700685704
3.430786100,-1.704608594
3.430989600,-1.708531446
3.431193000,-1.720454336
3.431396500,-1.724377188
3.431599900,-1.728300078
3.431803400,-1.732222930
3.432006800,-1.744145820
3.432210300,-1.748068672
3.432413700,-1.751991562
3.432617200,-1.763914414
3.432820600,-1.763837304
3.433024100,-1.771760156
3.433227500,-1.779683046
3.433431000,-1.783605898
3.433634400,-1.787528788
3.433837900,-1.791451640
3.434041300,-1.799374530
3.434244800,-1.803297382
3.434448200,-1.811220272
3.434651700,-1.819143124
3.434855100,-1.819066014
3.435058600,-1.826988866
3.435262000,-1.834911756
3.435465500,-1.834834608
3.435668900,-1.838757498
3.435872400,-1.842680350
3.436075800,-1.846603240
3.436279300,-1.854526092
3.436482700,-1.854448982
3.436686200,-1.858371834
3.436889600,-1.858294724
3.437093100,-1.866217576
3.437296500,-1.870140466
3.437500000,-1.870063318
3.437703500,-1.873986170
3.437906900,-1.873909060
3.438110400,-1.873831912
3.438313800,-1.877754802
3.438517300,-1.877677655
3.438720700,-1.881600544
3.438924200,-1.881523397
3.439127600,-1.881446287
3.439331100,-1.881369139
3.439534500,-1.885292029
3.439738000,-1.881214881
3.439941400,-1.881137771
3.440144900,-1.877060623
3.440348300,-1.880983513
3.440551800,-1.876906365
3.440755200,-1.876829255
3.440958700,-1.876752107
3.441162100,-1.872674997
3.441365600,-1.868597849
3.441569000,-1.868520739
3.441772500,-1.864443591
3.441975900,-1.860366481
3.442179400,-1.860289333
3.442382800,-1.856212223
3.442586300,-1.852135075
3.442789700,-1.848057965
3.442993200,-1.843980817
3.443196600,-1.839903707
3.443400100,-1.835826559
3.443603500,-1.831749449
3.443807000,-1.823672301
3.444010400,-1.819595191
3.444213900,-1.815518043
3.444417300,-1.811440933
3.444620800,-1.803363785
3.444824200,-1.799286675
3.445027700,-1.791209527
3.445231100,-1.787132417
3.445434600,-1.779055269
3.445638000,-1.774978159
3.445841500,-1.766901011
3.446044900,-1.762823901
3.446248400,-1.754746753
3.446451800,-1.746669643
3.446655300,-1.742592495
3.446858700,-1.734515385
3.447062200,-1.726438238
3.447265600,-1.718361128
3.447469100,-1.714283980
3.447672500,-1.706206870
3.447876000,-1.698129722
3.448079400,-1.690052612
3.448282900,-1.681975464
3.448486300,-1.677898354
3.448689800,-1.673821206
3.448893200,-1.661744096
3.449096700,-1.653666948
3.449300100,-1.649589838
3.449503600,-1.637512690
3.449707000,-1.633435580
3.449910500,-1.629358432
3.450113900,-1.617281322
3.450317400,-1.609204174
3.450520800,-1.605127064
3.450724300,-1.593049916
3.450927700,-1.584972806
3.451131200,-1.580895658
3.451334600,-1.576818548
3.451538100,-1.564741400
3.451741500,-1.556664290
3.451945000,-1.552587142
3.452148400,-1.544510032
3.452351900,-1.536432884
3.452555300,-1.532355774
3.452758800,-1.520278626
3.452962200,-1.512201516
3.453165700,-1.512124368
3.453369100,-1.504047258
3.453572600,-1.491970110
3.453776000,-1.487893000
3.453979500,-1.483815852
3.454182900,-1.471738742
3.454386400,-1.463661594
3.454589800,-1.463584484
3.454793300,-1.451507336
3.454996700,-1.447430226
3.455200200,-1.443353078
3.455403600,-1.435275968
3.455607100,-1.427198821
3.455810500,-1.423121711
3.456014000,-1.415044563
3.456217400,-1.406967453
3.456420900,-1.402890305
3.456624300,-1.398813195
3.456827800,-1.390736047
3.457031300,-1.386658899
3.457234700,-1.378581789
3.457438200,-1.374504641
3.457641600,-1.370427531
3.457845100,-1.362350383
3.458048500,-1.358273273
3.458252000,-1.346196125
3.458455400,-1.346119015
3.458658900,-1.338041867
3.458862300,-1.329964757
3.459065800,-1.329887609
3.459269200,-1.321810499
3.459472700,-1.313733351
3.459676100,-1.313656241
3.459879600,-1.309579093
3.460083000,-1.301501983
3.460286500,-1.297424835
3.460489900,-1.293347725
3.460693400,-1.285270577
3.460896800,-1.285193467
3.461100300,-1.277116319
3.461303700,-1.273039209
3.461507200,-1.268962061
3.461710600,-1.264884951
3.461914100,-1.256807803
3.462117500,-1.252730693
3.462321000,-1.248653545
3.462524400,-1.244576435
3.462727900,-1.240499287
3.462931300,-1.236422177
3.463134800,-1.228345029
3.463338200,-1.224267919
3.463541700,-1.224190772
3.463745100,-1.216113661
3.463948600,-1.212036514
3.464152000,-1.211959404
3.464355500,-1.203882256
3.464558900,-1.199805146
3.464762400,-1.195727998
3.464965800,-1.191650888
3.465169300,-1.183573740
3.465372700,-1.183496630
3.465576200,-1.175419482
3.465779600,-1.171342372
3.465983100,-1.167265224
3.466186500,-1.167188114
3.466390000,-1.159110966
3.466593400,-1.155033856
3.466796900,-1.150956708
3.467000300,-1.146879598
3.467203800,-1.138802450
3.467407200,-1.138725340
3.467610700,-1.130648192
3.467814100,-1.126571082
3.468017600,-1.126493934
3.468221000,-1.118416824
3.468424500,-1.114339676
3.468627900,-1.114262566
3.468831400,-1.106185418
3.469034800,-1.102108308
3.469238300,-1.098031160
3.469441700,-1.093954050
3.469645200,-1.085876902
3.469848600,-1.081799792
3.470052100,-1.081722644
3.470255500,-1.073645534
3.470459000,-1.069568386
3.470662400,-1.069491276
3.470865900,-1.061414128
3.471069300,-1.057337018
3.471272800,-1.053259870
3.471476200,-1.049182760
3.471679700,-1.041105612
3.471883100,-1.041028502
3.472086600,-1.036951355
3.472290000,-1.028874245
3.472493500,-1.028797097
3.472696900,-1.020719987
3.472900400,-1.016642839
3.473103800,-1.012565729
3.473307300,-1.008488581
3.473510700,-1.004411471
3.473714200,-1.000334323
3.473917600,-0.996257213
3.474121100,-0.988180065
3.474324500,-0.980102955
3.474528000,-0.980025807
3.474731400,-0.975948697
3.474934900,-0.967871549
3.475138300,-0.967794439
3.475341800,-0.959717291
3.475545200,-0.955640181
3.475748700,-0.951563033
3.475952100,-0.947485923
3.476155600,-0.943408775
3.476359000,-0.939331665
3.476562500,-0.935254517
3.476766000,-0.927177369
3.476969400,-0.927100259
3.477172900,-0.919023111
3.477376300,-0.914946001
3.477579800,-0.914868853
3.477783200,-0.906791743
3.477986700,-0.902714595
3.478190100,-0.898637485
3.478393600,-0.894560337
3.478597000,-0.886483227
3.478800500,-0.882406079
3.479003900,-0.878328969
3.479207400,-0.874251821
3.479410800,-0.870174711
3.479614300,-0.866097563
3.479817700,-0.862020453
3.480021200,-0.853943306
3.480224600,-0.853866195
3.480428100,-0.845789048
3.480631500,-0.841711938
3.480835000,-0.841634790
3.481038400,-0.833557680
3.481241900,-0.829480532
3.481445300,-0.825403422
3.481648800,-0.821326274
3.481852200,-0.817249164
3.482055700,-0.813172016
3.482259100,-0.809094906
3.482462600,-0.801017758
3.482666000,-0.800940648
3.482869500,-0.796863500
3.483072900,-0.788786390
3.483276400,-0.784709242
3.483479800,-0.780632132
3.483683300,-0.776554984
3.483886700,-0.768477874
3.484090200,-0.768400726
3.484293600,-0.764323616
3.484497100,-0.756246468
3.484700500,-0.756169358
3.484904000,-0.752092210
3.485107400,-0.744015100
3.485310900,-0.743937952
3.485514300,-0.735860842
3.485717800,-0.731783694
3.485921200,-0.731706584
3.486124700,-0.723629436
3.486328100,-0.719552326
3.486531600,-0.715475178
3.486735000,-0.711398068
3.486938500,-0.707320920
3.487141900,-0.703243810
3.487345400,-0.699166662
3.487548800,-0.695089552
3.487752300,-0.687012404
3.487955700,-0.686935294
3.488159200,-0.682858146
3.488362600,-0.678781036
3.488566100,-0.674703889
3.488769500,-0.670626778
3.488973000,-0.666549631
3.489176400,-0.662472521
3.489379900,-0.658395373
3.489583300,-0.654318263
3.489786800,-0.650241115
3.489990200,-0.646164005
3.490193700,-0.642086857
3.490397100,-0.642009747
3.490600600,-0.637932599
3.490804000,-0.629855489
3.491007500,-0.629778341
3.491210900,-0.625701231
3.491414400,-0.621624083
3.491617800,-0.621546973
3.491821300,-0.617469825
3.492024700,-0.613392715
3.492228200,-0.613315567
3.492431600,-0.609238457
3.492635100,-0.601161309
3.492838500,-0.601084199
3.493042000,-0.597007051
3.493245400,-0.592929941
3.493448900,-0.588852793
3.493652300,-0.592775683
3.493855800,-0.588698535
3.494059200,-0.584621425
3.494262700,-0.584544277
3.494466100,-0.580467167
3.494669600,-0.576390019
3.494873000,-0.576312909
3.495076500,-0.572235761
3.495279900,-0.572158651
3.495483400,-0.572081503
3.495686800,-0.568004393
3.495890300,-0.567927245
3.496093800,-0.567850097
3.496297200,-0.563772987
3.496500700,-0.563695840
3.496704100,-0.563618729
3.496907600,-0.563541582
3.497111000,-0.559464472
3.497314500,-0.563387324
3.497517900,-0.559310214
3.497721400,-0.555233066
3.497924800,-0.559155956
3.498128300,-0.559078808
3.498331700,-0.555001698
3.498535200,-0.554924550
3.498738600,-0.558847440
3.498942100,-0.554770292
3.499145500,-0.554693182
3.499349000,-0.558616034
3.499552400,-0.558538924
3.499755900,-0.554461776
3.499959300,-0.562384666
3.500162800,-0.558307518
3.500366200,-0.558230408
3.500569700,-0.562153260
3.500773100,-0.562076150
3.500976600,-0.561999002
3.501180000,-0.565921892
3.501383500,-0.565844744
3.501586900,-0.565767634
3.501790400,-0.569690486
3.501993800,-0.569613376
3.502197300,-0.569536228
3.502400700,-0.573459118
3.502604200,-0.577381970
3.502807600,-0.577304860
3.503011100,-0.577227712
3.503214500,-0.577150602
3.503418000,-0.581073454
3.503621400,-0.584996344
3.503824900,-0.584919196
3.504028300,-0.588842086
3.504231800,-0.592764938
3.504435200,-0.592687828
3.504638700,-0.596610680
3.504842100,-0.596533570
3.505045600,-0.600456423
3.505249000,-0.600379312
3.505452500,-0.604302165
3.505655900,-0.608225055
3.505859400,-0.608147907
3.506062800,-0.616070797
3.506266300,-0.619993649
3.506469700,-0.619916539
3.506673200,-0.623839391
3.506876600,-0.627762281
3.507080100,-0.627685133
3.507283500,-0.635608023
3.507487000,-0.639530875
3.507690400,-0.639453765
3.507893900,-0.639376617
3.508097300,-0.647299507
3.508300800,-0.651222359
3.508504200,-0.651145249
3.508707700,-0.659068101
3.508911100,-0.658990991
3.509114600,-0.662913843
3.509318000,-0.670836733
3.509521500,-0.670759585
3.509724900,-0.670682475
3.509928400,-0.678605327
3.510131800,-0.682528217
3.510335300,-0.682451069
3.510538700,-0.690373959
3.510742200,-0.694296811
3.510945600,-0.698219701
3.511149100,-0.702142553
3.511352500,-0.706065443
3.511556000,-0.709988295
3.511759400,-0.713911185
3.511962900,-0.713834037
3.512166300,-0.721756927
3.512369800,-0.721679779
3.512573200,-0.729602669
3.512776700,-0.733525521
3.512980100,-0.737448411
3.513183600,-0.741371263
3.513387000,-0.749294153
3.513590500,-0.749217006
3.513793900,-0.753139895
3.513997400,-0.757062748
3.514200800,-0.760985638
3.514404300,-0.768908490
3.514607700,-0.768831380
3.514811200,-0.776754232
3.515014600,-0.780677122
3.515218100,-0.780599974
3.515421500,-0.788522864
3.515625000,-0.792445716
3.515828500,-0.796368568
3.516031900,-0.800291458
3.516235400,-0.808214310
3.516438800,-0.808137200
3.516642300,-0.808060052
3.516845700,-0.819982942
3.517049200,-0.819905794
3.517252600,-0.823828684
3.517456100,-0.835751536
3.517659500,-0.835674426
3.517863000,-0.835597278
3.518066400,-0.847520168
3.518269900,-0.847443020
3.518473300,-0.851365910
3.518676800,-0.855288762
3.518880200,-0.863211652
3.519083700,-0.863134504
3.519287100,-0.867057394
3.519490600,-0.874980246
3.519694000,-0.874903136
3.519897500,-0.882825988
3.520100900,-0.886748878
3.520304400,-0.890671730
3.520507800,-0.894594620
3.520711300,-0.894517472
3.520914700,-0.902440362
3.521118200,-0.902363214
3.521321600,-0.910286104
3.521525100,-0.914208957
3.521728500,-0.918131846
3.521932000,-0.922054699
3.522135400,-0.929977589
3.522338900,-0.929900441
3.522542300,-0.933823331
3.522745800,-0.933746183
3.522949200,-0.941669073
3.523152700,-0.945591925
3.523356100,-0.949514815
3.523559600,-0.953437667
3.523763000,-0.961360557
3.523966500,-0.961283409
3.524169900,-0.969206299
3.524373400,-0.973129151
3.524576800,-0.973052041
3.524780300,-0.976974893
3.524983700,-0.984897783
3.525187200,-0.988820635
3.525390600,-0.988743525
3.525594100,-1.000666377
3.525797500,-1.000589267
3.526001000,-1.000512119
3.526204400,-1.012435009
3.526407900,-1.012357861
3.526611300,-1.012280751
3.526814800,-1.024203603
3.527018200,-1.024126493
3.527221700,-1.028049345
3.527425100,-1.031972235
3.527628600,-1.039895087
3.527832000,-1.039817977
3.528035500,-1.043740829
3.528238900,-1.051663719
3.528442400,-1.051586571
3.528645800,-1.055509461
3.528849300,-1.063432313
3.529052700,-1.063355203
3.529256200,-1.067278055
3.529459600,-1.067200945
3.529663100,-1.075123797
3.529866500,-1.079046687
3.530070000,-1.078969540
3.530273400,-1.082892429
3.530476900,-1.090815282
3.530680300,-1.090738172
3.530883800,-1.094661024
3.531087200,-1.098583914
3.531290700,-1.098506766
3.531494100,-1.098429656
3.531697600,-1.106352508
3.531901000,-1.106275398
3.532104500,-1.106198250
3.532307900,-1.114121140
3.532511400,-1.114043992
3.532714800,-1.113966882
3.532918300,-1.121889734
3.533121700,-1.121812624
3.533325200,-1.121735476
3.533528600,-1.121658366
3.533732100,-1.125581218
3.533935500,-1.125504108
3.534139000,-1.125426960
3.534342400,-1.129349850
3.534545900,-1.129272702
3.534749300,-1.129195592
3.534952800,-1.133118444
3.535156300,-1.129041296
3.535359700,-1.132964186
3.535563200,-1.132887038
3.535766600,-1.132809928
3.535970100,-1.128732780
3.536173500,-1.132655670
3.536377000,-1.132578522
3.536580400,-1.128501412
3.536783900,-1.132424264
3.536987300,-1.132347154
3.537190800,-1.128270006
3.537394200,-1.132192896
3.537597700,-1.132115748
3.537801100,-1.128038638
3.538004600,-1.131961490
3.538208000,-1.127884380
3.538411500,-1.127807233
3.538614900,-1.131730123
3.538818400,-1.127652975
3.539021800,-1.127575865
3.539225300,-1.127498717
3.539428700,-1.127421607
3.539632200,-1.127344459
3.539835600,-1.127267349
3.540039100,-1.127190201
3.540242500,-1.123113091
3.540446000,-1.131035943
3.540649400,-1.126958833
3.540852900,-1.126881685
3.541056300,-1.130804575
3.541259800,-1.130727427
3.541463200,-1.126650317
3.541666700,-1.134573169
3.541870100,-1.134496059
3.542073600,-1.130418911
3.542277000,-1.134341801
3.542480500,-1.138264653
3.542683900,-1.138187543
3.542887400,-1.142110395
3.543090800,-1.146033285
3.543294300,-1.145956137
3.543497700,-1.149879027
3.543701200,-1.153801879
3.543904600,-1.153724769
3.544108100,-1.157647621
3.544311500,-1.161570511
3.544515000,-1.165493363
3.544718400,-1.169416253
3.544921900,-1.169339105
3.545125300,-1.177261995
3.545328800,-1.181184847
3.545532200,-1.181107737
3.545735700,-1.189030589
3.545939100,-1.196953479
3.546142600,-1.196876331
3.546346000,-1.204799221
3.546549500,-1.212722074
3.546752900,-1.212644963
3.546956400,-1.216567816
3.547159800,-1.228490706
3.547363300,-1.232413558
3.547566700,-1.232336448
3.547770200,-1.248259300
3.547973600,-1.252182190
3.548177100,-1.252105042
3.548380500,-1.268027932
3.548584000,-1.271950784
3.548787400,-1.275873674
3.548990900,-1.279796526
3.549194300,-1.291719416
3.549397800,-1.295642268
3.549601200,-1.303565158
3.549804700,-1.311488010
3.550008100,-1.315410900
3.550211600,-1.323333752
3.550415000,-1.335256642
3.550618500,-1.339179494
3.550821900,-1.347102384
3.551025400,-1.351025236
3.551228800,-1.358948126
3.551432300,-1.366870978
3.551635700,-1.370793868
3.551839200,-1.382716720
3.552042600,-1.390639610
3.552246100,-1.394562462
3.552449500,-1.406485352
3.552653000,-1.410408204
3.552856400,-1.414331094
3.553059900,-1.418253946
3.553263300,-1.434176836
3.553466800,-1.438099688
3.553670200,-1.446022578
3.553873700,-1.457945430
3.554077100,-1.461868320
3.554280600,-1.465791172
3.554484000,-1.477714062
3.554687500,-1.481636914
3.554891000,-1.489559767
3.555094400,-1.501482657
3.555297900,-1.505405509
3.555501300,-1.513328399
3.555704800,-1.517251251
3.555908200,-1.529174141
3.556111700,-1.533096993
3.556315100,-1.537019883
3.556518600,-1.548942735
3.556722000,-1.556865625
3.556925500,-1.560788477
3.557128900,-1.572711367
3.557332400,-1.580634219
3.557535800,-1.584557109
3.557739300,-1.588479961
3.557942700,-1.604402851
3.558146200,-1.608325703
3.558349600,-1.612248593
3.558553100,-1.628171445
3.558756500,-1.632094335
3.558960000,-1.636017187
3.559163400,-1.651940077
3.559366900,-1.655862929
3.559570300,-1.659785819
3.559773800,-1.667708671
3.559977200,-1.679631561
3.560180700,-1.683554413
3.560384100,-1.691477303
3.560587600,-1.707400155
3.560791000,-1.711323045
3.560994500,-1.719245897
3.561197900,-1.731168787
3.561401400,-1.735091639
3.561604800,-1.743014529
3.561808300,-1.746937381
3.562011700,-1.762860271
3.562215200,-1.770783123
3.562418600,-1.774706013
3.562622100,-1.786628865
3.562825500,-1.798551755
3.563029000,-1.802474607
3.563232400,-1.814397497
3.563435900,-1.822320350
3.563639300,-1.826243240
3.563842800,-1.842166092
3.564046200,-1.850088982
3.564249700,-1.854011834
3.564453100,-1.857934724
3.564656600,-1.873857576
3.564860000,-1.877780466
3.565063500,-1.881703318
3.565266900,-1.901626208
3.565470400,-1.905549060
3.565673800,-1.909471950
3.565877300,-1.925394802
3.566080700,-1.929317692
3.566284200,-1.933240544
3.566487600,-1.941163434
3.566691100,-1.953086286
3.566894500,-1.957009176
3.567098000,-1.960932028
3.567301400,-1.972854918
3.567504900,-1.980777770
3.567708300,-1.984700660
3.567911800,-1.992623512
3.568115200,-2.000546402
3.568318700,-2.004469254
3.568522100,-2.008392144
3.568725600,-2.020314996
3.568929000,-2.024237886
3.569132500,-2.024160738
3.569335900,-2.036083628
3.569539400,-2.040006480
3.569742800,-2.039929370
3.569946300,-2.051852222
3.570149700,-2.051775112
3.570353200,-2.055697964
3.570556600,-2.059620854
3.570760100,-2.067543706
3.570963500,-2.067466596
3.571167000,-2.071389448
3.571370400,-2.075312338
3.571573900,-2.079235191
3.571777300,-2.083158080
3.571980800,-2.087080933
3.572184200,-2.087003823
3.572387700,-2.090926675
3.572591100,-2.086849565
3.572794600,-2.090772417
3.572998000,-2.094695307
3.573201500,-2.094618159
3.573404900,-2.094541049
3.573608400,-2.098463901
3.573811800,-2.094386791
3.574015300,-2.098309643
3.574218800,-2.098232495
3.574422200,-2.098155385
3.574625700,-2.098078237
3.574829100,-2.098001127
3.575032600,-2.093923979
3.575236000,-2.097846869
3.575439500,-2.093769721
3.575642900,-2.093692611
3.575846400,-2.093615463
3.576049800,-2.089538353
3.576253300,-2.085461205
3.576456700,-2.089384095
3.576660200,-2.085306947
3.576863600,-2.081229837
3.577067100,-2.081152689
3.577270500,-2.077075579
3.577474000,-2.072998431
3.577677400,-2.072921321
3.577880900,-2.068844173
3.578084300,-2.060767063
3.578287800,-2.060689915
3.578491200,-2.056612805
3.578694700,-2.052535657
3.578898100,-2.052458547
3.579101600,-2.044381399
3.579305000,-2.040304289
3.579508500,-2.036227141
3.579711900,-2.032150031
3.579915400,-2.028072884
3.580118800,-2.023995774
3.580322300,-2.019918626
3.580525700,-2.015841516
3.580729200,-2.011764368
3.580932600,-2.003687258
3.581136100,-2.003610110
3.581339500,-1.999533000
3.581543000,-1.991455852
3.581746400,-1.987378742
3.581949900,-1.983301594
3.582153300,-1.975224484
3.582356800,-1.975147336
3.582560200,-1.967070226
3.582763700,-1.958993078
3.582967100,-1.958915968
3.583170600,-1.950838820
3.583374000,-1.942761710
3.583577500,-1.942684562
3.583780900,-1.934607452
3.583984400,-1.930530304
3.584187800,-1.926453194
3.584391300,-1.922376046
3.584594700,-1.914298936
3.584798200,-1.910221788
3.585001600,-1.906144678
3.585205100,-1.898067530
3.585408500,-1.893990420
3.585612000,-1.889913272
3.585815400,-1.885836162
3.586018900,-1.881759014
3.586222300,-1.873681904
3.586425800,-1.873604756
3.586629200,-1.865527646
3.586832700,-1.861450498
3.587036100,-1.857373388
3.587239600,-1.853296240
3.587443000,-1.845219130
3.587646500,-1.845141982
3.587849900,-1.841064872
3.588053400,-1.832987724
3.588256800,-1.832910614
3.588460300,-1.824833467
3.588663700,-1.820756357
3.588867200,-1.820679209
3.589070600,-1.812602099
3.589274100,-1.808524951
3.589477500,-1.808447841
3.589681000,-1.804370693
3.589884400,-1.796293583
3.590087900,-1.796216435
3.590291300,-1.792139325
3.590494800,-1.788062177
3.590698200,-1.787985067
3.590901700,-1.783907919
3.591105100,-1.783830809
3.591308600,-1.775753661
3.591512000,-1.771676551
3.591715500,-1.771599403
3.591918900,-1.767522293
3.592122400,-1.763445145
3.592325800,-1.763368035
3.592529300,-1.763290887
3.592732700,-1.759213777
3.592936200,-1.759136629
3.593139600,-1.755059519
3.593343100,-1.750982371
3.593546500,-1.750905261
3.593750000,-1.746828113
3.593953500,-1.746750965
3.594156900,-1.746673855
3.594360400,-1.742596707
3.594563800,-1.746519597
3.594767300,-1.742442449
3.594970700,-1.738365339
3.595174200,-1.742288191
3.595377600,-1.738211081
3.595581100,-1.738133933
3.595784500,-1.738056823
3.595988000,-1.733979675
3.596191400,-1.733902565
3.596394900,-1.737825418
3.596598300,-1.733748308
3.596801800,-1.733671160
3.597005200,-1.737594050
3.597208700,-1.733516902
3.597412100,-1.733439792
3.597615600,-1.737362644
3.597819000,-1.733285534
3.598022500,-1.733208386
3.598225900,-1.737131276
3.598429400,-1.737054128
3.598632800,-1.736977018
3.598836300,-1.736899870
3.599039700,-1.736822760
3.599243200,-1.740745612
3.599446600,-1.740668502
3.599650100,-1.740591354
3.599853500,-1.744514244
3.600057000,-1.744437096
3.600260400,-1.744359986
3.600463900,-1.748282838
3.600667300,-1.748205728
3.600870800,-1.748128580
3.601074200,-1.756051470
3.601277700,-1.755974322
3.601481100,-1.755897212
3.601684600,-1.759820064
3.601888000,-1.759742954
3.602091500,-1.763665806
3.602294900,-1.771588696
3.602498400,-1.771511548
3.602701800,-1.775434438
3.602905300,-1.779357290
3.603108700,-1.779280180
3.603312200,-1.783203032
3.603515600,-1.783125922
3.603719100,-1.791048774
3.603922500,-1.794971664
3.604126000,-1.794894516
3.604329400,-1.802817406
3.604532900,-1.806740258
3.604736300,-1.806663148
3.604939800,-1.818586001
3.605143200,-1.818508891
3.605346700,-1.822431743
3.605550100,-1.826354633
3.605753600,-1.834277485
3.605957000,-1.838200375
3.606160500,-1.842123227
3.606363900,-1.850046117
3.606567400,-1.853968969
3.606770800,-1.857891859
3.606974300,-1.865814711
3.607177700,-1.869737601
3.607381200,-1.877660453
3.607584600,-1.877583343
3.607788100,-1.885506195
3.607991500,-1.893429085
3.608195000,-1.897351937
3.608398400,-1.909274827
3.608601900,-1.913197679
3.608805300,-1.917120569
3.609008800,-1.929043421
3.609212200,-1.932966311
3.609415700,-1.936889163
3.609619100,-1.944812053
3.609822600,-1.952734905
3.610026000,-1.956657795
3.610229500,-1.964580647
3.610432900,-1.976503537
3.610636400,-1.980426389
3.610839800,-1.984349279
3.611043300,-1.996272131
3.611246700,-2.004195021
3.611450200,-2.008117873
3.611653600,-2.020040763
3.611857100,-2.027963615
3.612060500,-2.031886505
3.612264000,-2.035809357
3.612467400,-2.051732247
3.612670900,-2.055655099
3.612874300,-2.059577989
3.613077800,-2.075500842
3.613281300,-2.075423694
3.613484700,-2.079346584
3.613688200,-2.095269436
3.613891600,-2.099192326
3.614095100,-2.107115178
3.614298500,-2.111038068
3.614502000,-2.122960920
3.614705400,-2.130883810
3.614908900,-2.134806662
3.615112300,-2.146729552
3.615315800,-2.154652404
3.615519200,-2.158575294
3.615722700,-2.170498146
3.615926100,-2.178421036
3.616129600,-2.182343888
3.616333000,-2.190266778
3.616536500,-2.198189630
3.616739900,-2.202112520
3.616943400,-2.210035372
3.617146800,-2.221958262
3.617350300,-2.225881114
3.617553700,-2.229804004
3.617757200,-2.241726856
3.617960600,-2.245649746
3.618164100,-2.253572598
3.618367500,-2.257495488
3.618571000,-2.265418340
3.618774400,-2.273341230
3.618977900,-2.277264082
3.619181300,-2.289186972
3.619384800,-2.293109824
3.619588200,-2.293032714
3.619791700,-2.308955566
3.619995100,-2.308878456
3.620198600,-2.312801308
3.620402000,-2.320724198
3.620605500,-2.328647050
3.620808900,-2.328569940
3.621012400,-2.336492792
3.621215800,-2.344415682
3.621419300,-2.348338535
3.621622700,-2.352261425
3.621826200,-2.360184277
3.622029600,-2.364107167
3.622233100,-2.364030019
3.622436500,-2.371952909
3.622640000,-2.375875761
3.622843400,-2.379798651
3.623046900,-2.379721503
3.623250300,-2.391644393
3.623453800,-2.391567245
3.623657200,-2.395490135
3.623860700,-2.399412987
3.624064100,-2.403335877
3.624267600,-2.407258729
3.624471000,-2.411181619
3.624674500,-2.411104471
3.624877900,-2.415027361
3.625081400,-2.414950213
3.625284800,-2.418873103
3.625488300,-2.422795955
3.625691700,-2.422718845
3.625895200,-2.430641697
3.626098600,-2.430564587
3.626302100,-2.430487439
3.626505500,-2.438410329
3.626709000,-2.434333181
3.626912400,-2.434256071
3.627115900,-2.438178923
3.627319300,-2.442101813
3.627522800,-2.442024665
3.627726200,-2.441947555
3.627929700,-2.445870407
3.628133100,-2.449793297
3.628336600,-2.445716149
3.628540000,-2.449639039
3.628743500,-2.453561891
3.628946900,-2.449484781
3.629150400,-2.449407633
3.629353800,-2.453330523
3.629557300,-2.453253375
3.629760700,-2.453176265
3.629964200,-2.457099118
3.630167600,-2.457022008
3.630371100,-2.460944860
3.630574500,-2.460867750
3.630778000,-2.460790602
3.630981400,-2.460713492
3.631184900,-2.464636344
3.631388300,-2.460559234
3.631591800,-2.464482086
3.631795200,-2.464404976
3.631998700,-2.464327828
3.632202100,-2.468250718
3.632405600,-2.464173570
3.632609000,-2.472096460
3.632812500,-2.468019312
3.633016000,-2.467942164
3.633219400,-2.471865054
3.633422900,-2.471787906
3.633626300,-2.471710796
3.633829800,-2.475633648
3.634033200,-2.475556538
3.634236700,-2.479479390
3.634440100,-2.479402280
3.634643600,-2.479325132
3.634847000,-2.483248022
3.635050500,-2.483170874
3.635253900,-2.483093764
3.635457400,-2.487016616
3.635660800,-2.486939506
3.635864300,-2.486862358
3.636067700,-2.490785248
3.636271200,-2.490708100
3.636474600,-2.494630990
3.636678100,-2.494553842
3.636881500,-2.494476732
3.637085000,-2.498399584
3.637288400,-2.502322474
3.637491900,-2.502245326
3.637695300,-2.506168216
3.637898800,-2.502091069
3.638102200,-2.510013959
3.638305700,-2.509936811
3.638509100,-2.509859701
3.638712600,-2.517782553
3.638916000,-2.513705443
3.639119500,-2.513628295
3.639322900,-2.521551185
3.639526400,-2.521474037
3.639729800,-2.521396927
3.639933300,-2.525319779
3.640136700,-2.525242669
3.640340200,-2.529165521
3.640543600,-2.529088411
3.640747100,-2.533011263
3.640950500,-2.536934153
3.641154000,-2.536857005
3.641357400,-2.536779895
3.641560900,-2.540702747
3.641764300,-2.540625637
3.641967800,-2.548548489
3.642171200,-2.548471379
3.642374700,-2.544394231
3.642578100,-2.548317121
3.642781600,-2.552239973
3.642985000,-2.552162863
3.643188500,-2.556085715
3.643391900,-2.556008605
3.643595400,-2.559931457
3.643798800,-2.559854347
3.644002300,-2.563777199
3.644205700,-2.563700089
3.644409200,-2.563622941
3.644612600,-2.563545831
3.644816100,-2.571468683
3.645019500,-2.571391573
3.645223000,-2.571314425
3.645426400,-2.575237315
3.645629900,-2.575160167
3.645833300,-2.579083057
3.646036800,-2.579005909
3.646240200,-2.578928799
3.646443700,-2.582851652
3.646647100,-2.582774542
3.646850600,-2.582697394
3.647054000,-2.586620284
3.647257500,-2.586543136
3.647460900,-2.590466026
3.647664400,-2.590388878
3.647867800,-2.590311768
3.648071300,-2.598234620
3.648274700,-2.594157510
3.648478200,-2.594080362
3.648681600,-2.598003252
3.648885100,-2.601926104
3.649088500,-2.601848994
3.649292000,-2.601771846
3.649495400,-2.605694736
3.649698900,-2.609617588
3.649902300,-2.605540478
3.650105800,-2.609463330
3.650309200,-2.613386220
3.650512700,-2.613309072
3.650716100,-2.617231962
3.650919600,-2.617154814
3.651123000,-2.617077704
3.651326500,-2.621000556
3.651529900,-2.620923446
3.651733400,-2.620846298
3.651936800,-2.624769188
3.652140300,-2.628692040
3.652343800,-2.628614892
3.652547200,-2.628537782
3.652750700,-2.632460634
3.652954100,-2.636383524
3.653157600,-2.636306376
3.653361000,-2.632229266
3.653564500,-2.640152118
3.653767900,-2.640075008
3.653971400,-2.643997860
3.654174800,-2.647920750
3.654378300,-2.643843603
3.654581700,-2.647766492
3.654785200,-2.651689345
3.654988600,-2.651612235
3.655192100,-2.655535087
3.655395500,-2.655457977
3.655599000,-2.659380829
3.655802400,-2.659303719
3.656005900,-2.659226571
3.656209300,-2.667149461
3.656412800,-2.667072313
3.656616200,-2.670995203
3.656819700,-2.674918055
3.657023100,-2.670840945
3.657226600,-2.674763797
3.657430000,-2.674686687
3.657633500,-2.678609539
3.657836900,-2.682532429
3.658040400,-2.682455281
3.658243800,-2.690378171
3.658447300,-2.690301023
3.658650700,-2.690223913
3.658854200,-2.698146765
3.659057600,-2.698069655
3.659261100,-2.697992507
3.659464500,-2.705915397
3.659668000,-2.705838249
3.659871400,-2.709761139
3.660074900,-2.709683991
3.660278300,-2.713606881
3.660481800,-2.717529733
3.660685200,-2.717452623
3.660888700,-2.725375475
3.661092100,-2.729298365
3.661295600,-2.729221217
3.661499000,-2.737144107
3.661702500,-2.737066959
3.661905900,-2.740989849
3.662109400,-2.744912701
3.662312800,-2.748835591
3.662516300,-2.752758443
3.662719700,-2.756681333
3.662923200,-2.760604186
3.663126600,-2.768527076
3.663330100,-2.768449928
3.663533500,-2.776372818
3.663737000,-2.780295670
3.663940400,-2.784218560
3.664143900,-2.788141412
3.664347300,-2.796064302
3.664550800,-2.799987154
3.664754200,-2.803910044
3.664957700,-2.811832896
3.665161100,-2.815755786
3.665364600,-2.823678638
3.665568000,-2.831601528
3.665771500,-2.839524380
3.665974900,-2.843447270
3.666178400,-2.843370122
3.666381800,-2.859293012
3.666585300,-2.863215864
3.666788700,-2.871138754
3.666992200,-2.883061606
3.667195600,-2.886984496
3.667399100,-2.894907348
3.667602500,-2.906830238
3.667806000,-2.910753090
3.668009400,-2.918675980
3.668212900,-2.930598832
3.668416300,-2.938521722
3.668619800,-2.942444574
3.668823200,-2.946367464
3.669026700,-2.966290316
3.669230100,-2.970213206
3.669433600,-2.978136058
3.669637000,-2.994058948
3.669840500,-2.997981800
3.670043900,-3.005904690
3.670247400,-3.021827542
3.670450800,-3.025750432
3.670654300,-3.037673284
3.670857700,-3.041596174
3.671061200,-3.061519026
3.671264600,-3.065441916
3.671468100,-3.069364769
3.671671500,-3.089287659
3.671875000,-3.093210511
3.672078500,-3.105133363
3.672281900,-3.117056253
3.672485400,-3.124979105
3.672688800,-3.132901995
3.672892300,-3.136824847
3.673095700,-3.152747737
3.673299200,-3.160670589
3.673502600,-3.164593479
3.673706100,-3.180516331
3.673909500,-3.188439221
3.674113000,-3.192362073
3.674316400,-3.208284963
3.674519900,-3.212207815
3.674723300,-3.220130705
3.674926800,-3.224053557
3.675130200,-3.235976447
3.675333700,-3.239899299
3.675537100,-3.243822189
3.675740600,-3.255745041
3.675944000,-3.263667931
3.676147500,-3.263590783
3.676350900,-3.275513673
3.676554400,-3.279436525
3.676757800,-3.279359415
3.676961300,-3.287282267
3.677164700,-3.295205157
3.677368200,-3.299128009
3.677571600,-3.299050899
3.677775100,-3.306973751
3.677978500,-3.310896641
3.678182000,-3.310819493
3.678385400,-3.318742383
3.678588900,-3.318665235
3.678792300,-3.318588125
3.678995800,-3.326510977
3.679199200,-3.326433867
3.679402700,-3.326356720
3.679606100,-3.330279609
3.679809600,-3.330202462
3.680013000,-3.334125352
3.680216500,-3.330048204
3.680419900,-3.329971094
3.680623400,-3.333893946
3.680826800,-3.329816836
3.681030300,-3.333739688
3.681233700,-3.333662578
3.681437200,-3.329585430
3.681640600,-3.329508320
3.681844100,-3.329431172
3.682047500,-3.329354062
3.682251000,-3.329276914
3.682454400,-3.325199804
3.682657900,-3.325122656
3.682861300,-3.321045546
3.683064800,-3.320968398
3.683268200,-3.320891288
3.683471700,-3.316814140
3.683675100,-3.316737030
3.683878600,-3.312659882
3.684082000,-3.312582772
3.684285500,-3.312505624
3.684488900,-3.308428514
3.684692400,-3.308351366
3.684895800,-3.304274256
3.685099300,-3.300197108
3.685302700,-3.300119998
3.685506200,-3.296042850
3.685709600,-3.299965740
3.685913100,-3.295888592
3.686116500,-3.291811482
3.686320000,-3.291734334
3.686523400,-3.287657224
3.686726900,-3.287580076
3.686930300,-3.287502966
3.687133800,-3.283425818
3.687337200,-3.283348708
3.687540700,-3.279271560
3.687744100,-3.283194450
3.687947600,-3.279117303
3.688151000,-3.275040193
3.688354500,-3.278963045
3.688557900,-3.274885935
3.688761400,-3.274808787
3.688964800,-3.274731677
3.689168300,-3.274654529
3.689371700,-3.274577419
3.689575200,-3.274500271
3.689778600,-3.270423161
3.689982100,-3.274346013
3.690185500,-3.270268903
3.690389000,-3.274191755
3.690592400,-3.274114645
3.690795900,-3.270037497
3.690999300,-3.273960387
3.691202800,-3.273883239
3.691406300,-3.277806091
3.691609700,-3.273728981
3.691813200,-3.273651833
3.692016600,-3.277574723
3.692220100,-3.277497575
3.692423500,-3.277420465
3.692627000,-3.281343317
3.692830400,-3.277266207
3.693033900,-3.281189059
3.693237300,-3.281111949
3.693440800,-3.285034801
3.693644200,-3.284957691
3.693847700,-3.284880543
3.694051100,-3.288803433
3.694254600,-3.284726285
3.694458000,-3.288649175
3.694661500,-3.292572027
3.694864900,-3.288494917
3.695068400,-3.292417769
3.695271800,-3.292340659
3.695475300,-3.296263511
3.695678700,-3.296186401
3.695882200,-3.296109254
3.696085600,-3.300032143
3.696289100,-3.295954996
3.696492500,-3.299877886
3.696696000,-3.299800738
3.696899400,-3.299723628
3.697102900,-3.303646480
3.697306300,-3.303569370
3.697509800,-3.307492222
3.697713200,-3.303415112
3.697916700,-3.303337964
3.698120100,-3.307260854
3.698323600,-3.303183706
3.698527000,-3.311106596
3.698730500,-3.307029448
3.698933900,-3.306952338
3.699137400,-3.306875190
3.699340800,-3.306798080
3.699544300,-3.306720932
3.699747700,-3.306643822
3.699951200,-3.306566674
3.700154600,-3.306489564
3.700358100,-3.306412416
3.700561500,-3.306335306
3.700765000,-3.306258158
3.700968400,-3.302181048
3.701171900,-3.302103900
3.701375300,-3.302026790
3.701578800,-3.301949642
3.701782200,-3.297872532
3.701985700,-3.297795384
3.702189100,-3.297718274
3.702392600,-3.297641126
3.702596000,-3.297564016
3.702799500,-3.293486868
3.703002900,-3.289409758
3.703206400,-3.293332610
3.703409800,-3.289255500
3.703613300,-3.289178352
3.703816700,-3.285101242
3.704020200,-3.285024094
3.704223600,-3.284946984
3.704427100,-3.280869837
3.704630500,-3.280792727
3.704834000,-3.276715579
3.705037400,-3.272638469
3.705240900,-3.272561321
3.705444300,-3.272484211
3.705647800,-3.272407063
3.705851200,-3.268329953
3.706054700,-3.264252805
3.706258100,-3.264175695
3.706461600,-3.260098547
3.706665000,-3.260021437
3.706868500,-3.255944289
3.707071900,-3.251867179
3.707275400,-3.255790031
3.707478800,-3.251712921
3.707682300,-3.251635773
3.707885700,-3.247558663
3.708089200,-3.243481515
3.708292600,-3.243404405
3.708496100,-3.239327257
3.708699500,-3.243250147
3.708903000,-3.239172999
3.709106400,-3.235095889
3.709309900,-3.235018741
3.709513300,-3.230941631
3.709716800,-3.234864483
3.709920200,-3.230787373
3.710123700,-3.226710225
3.710327100,-3.226633115
3.710530600,-3.222555967
3.710734000,-3.226478857
3.710937500,-3.222401709
3.711141000,-3.218324561
3.711344400,-3.222247451
3.711547900,-3.218170303
3.711751300,-3.218093193
3.711954800,-3.214016045
3.712158200,-3.213938935
3.712361700,-3.213861788
3.712565100,-3.213784677
3.712768600,-3.213707530
3.712972000,-3.209630420
3.713175500,-3.213553272
3.713378900,-3.209476162
3.713582400,-3.209399014
3.713785800,-3.209321904
3.713989300,-3.205244756
3.714192700,-3.209167646
3.714396200,-3.205090498
3.714599600,-3.205013388
3.714803100,-3.208936240
3.715006500,-3.204859130
3.715210000,-3.204781982
3.715413400,-3.204704872
3.715616900,-3.204627724
3.715820300,-3.204550614
3.716023800,-3.204473466
3.716227200,-3.204396356
3.716430700,-3.204319208
3.716634100,-3.200242098
3.716837600,-3.204164950
3.717041000,-3.200087840
3.717244500,-3.204010692
3.717447900,-3.203933582
3.717651400,-3.199856434
3.717854800,-3.203779324
3.718058300,-3.199702176
3.718261700,-3.203625066
3.718465200,-3.199547918
3.718668600,-3.203470808
3.718872100,-3.203393660
3.719075500,-3.199316550
3.719279000,-3.203239402
3.719482400,-3.203162292
3.719685900,-3.203085144
3.719889300,-3.203008034
3.720092800,-3.202930886
3.720296200,-3.202853776
3.720499700,-3.198776628
3.720703100,-3.202699518
3.720906600,-3.202622371
3.721110000,-3.198545260
3.721313500,-3.202468113
3.721516900,-3.202391003
3.721720400,-3.202313855
3.721923800,-3.202236745
3.722127300,-3.206159597
3.722330700,-3.202082487
3.722534200,-3.202005339
3.722737600,-3.201928229
3.722941100,-3.201851081
3.723144500,-3.201773971
3.723348000,-3.201696823
3.723551400,-3.201619713
3.723754900,-3.201542565
3.723958300,-3.201465455
3.724161800,-3.205388307
3.724365200,-3.201311197
3.724568700,-3.201234049
3.724772100,-3.201156939
3.724975600,-3.201079791
3.725179000,-3.205002681
3.725382500,-3.200925533
3.725585900,-3.204848423
3.725789400,-3.200771275
3.725992800,-3.200694165
3.726196300,-3.204617017
3.726399700,-3.200539907
3.726603200,-3.204462759
3.726806600,-3.204385649
3.727010100,-3.200308501
3.727213500,-3.204231391
3.727417000,-3.200154243
3.727620400,-3.204077133
3.727823900,-3.199999985
3.728027300,-3.203922875
3.728230800,-3.203845727
3.728434200,-3.199768617
3.728637700,-3.203691469
3.728841100,-3.199614359
3.729044600,-3.203537211
3.729248000,-3.199460101
3.729451500,-3.199382954
3.729654900,-3.203305844
3.729858400,-3.199228696
3.730061800,-3.199151586
3.730265300,-3.199074438
3.730468800,-3.198997290
3.730672200,-3.198920180
3.730875700,-3.198843032
3.731079100,-3.198765922
3.731282600,-3.198688774
3.731486000,-3.198611664
3.731689500,-3.198534516
3.731892900,-3.194457406
3.732096400,-3.198380258
3.732299800,-3.194303148
3.732503300,-3.198226000
3.732706700,-3.194148890
3.732910200,-3.198071742
3.733113600,-3.193994632
3.733317100,-3.193917484
3.733520500,-3.193840374
3.733724000,-3.193763226
3.733927400,-3.193686116
3.734130900,-3.189608968
3.734334300,-3.189531858
3.734537800,-3.193454710
3.734741200,-3.189377600
3.734944700,-3.193300452
3.735148100,-3.189223342
3.735351600,-3.189146194
3.735555000,-3.189069084
3.735758500,-3.188991936
3.735961900,-3.188914826
3.736165400,-3.184837678
3.736368800,-3.188760568
3.736572300,-3.184683420
3.736775700,-3.184606310
3.736979200,-3.188529162
3.737182600,-3.184452052
3.737386100,-3.184374905
3.737589500,-3.184297794
3.737793000,-3.188220647
3.737996400,-3.184143537
3.738199900,-3.184066389
3.738403300,-3.183989279
3.738606800,-3.183912131
3.738810200,-3.183835021
3.739013700,-3.183757873
3.739217100,-3.183680763
3.739420600,-3.183603615
3.739624000,-3.183526505
3.739827500,-3.187449357
3.740030900,-3.183372247
3.740234400,-3.187295099
3.740437800,-3.187217989
3.740641300,-3.183140841
3.740844700,-3.187063731
3.741048200,-3.186986583
3.741251600,-3.186909473
3.741455100,-3.186832325
3.741658500,-3.190755215
3.741862000,-3.190678067
3.742065400,-3.186600957
3.742268900,-3.190523809
3.742472300,-3.190446699
3.742675800,-3.194369551
3.742879200,-3.190292441
3.743082700,-3.194215293
3.743286100,-3.194138183
3.743489600,-3.194061035
3.743693000,-3.197983925
3.743896500,-3.193906777
3.744099900,-3.197829667
3.744303400,-3.197752519
3.744506800,-3.197675409
3.744710300,-3.197598261
3.744913700,-3.197521151
3.745117200,-3.201444003
3.745320600,-3.201366893
3.745524100,-3.201289745
3.745727500,-3.205212635
3.745931000,-3.201135488
3.746134400,-3.205058377
3.746337900,-3.204981230
3.746541300,-3.204904120
3.746744800,-3.204826972
3.746948200,-3.208749862
3.747151700,-3.208672714
3.747355100,-3.204595604
3.747558600,-3.208518456
3.747762000,-3.208441346
3.747965500,-3.208364198
3.748168900,-3.208287088
3.748372400,-3.212209940
3.748575800,-3.208132830
3.748779300,-3.208055682
3.748982700,-3.207978572
3.749186200,-3.207901424
3.749389600,-3.211824314
3.749593100,-3.207747166
3.749796500,-3.211670056
3.750000000,-3.207592908
3.750203500,-3.207515760
3.750406900,-3.207438650
3.750610400,-3.207361502
3.750813800,-3.207284392
3.751017300,-3.203207244
3.751220700,-3.207130134
3.751424200,-3.203052986
3.751627600,-3.202975876
3.751831100,-3.202898728
3.752034500,-3.202821618
3.752238000,-3.202744470
3.752441400,-3.202667360
3.752644900,-3.202590212
3.752848300,-3.198513102
3.753051800,-3.194435954
3.753255200,-3.198358844
3.753458700,-3.194281696
3.753662100,-3.194204586
3.753865600,-3.194127438
3.754069000,-3.194050328
3.754272500,-3.189973181
3.754475900,-3.189896071
3.754679400,-3.189818923
3.754882800,-3.185741813
3.755086300,-3.189664665
3.755289700,-3.185587555
3.755493200,-3.185510407
3.755696600,-3.181433297
3.755900100,-3.181356149
3.756103500,-3.181279039
3.756307000,-3.177201891
3.756510400,-3.181124781
3.756713900,-3.177047633
3.756917300,-3.176970523
3.757120800,-3.176893375
3.757324200,-3.172816265
3.757527700,-3.176739117
3.757731100,-3.172662007
3.757934600,-3.176584859
3.758138000,-3.172507749
3.758341500,-3.172430601
3.758544900,-3.172353491
3.758748400,-3.168276343
3.758951800,-3.172199233
3.759155300,-3.172122085
3.759358700,-3.172044975
3.759562200,-3.171967827
3.759765600,-3.171890717
3.759969100,-3.171813569
3.760172500,-3.171736459
3.760376000,-3.171659311
3.760579400,-3.171582201
3.760782900,-3.175505053
3.760986300,-3.175427943
3.761189800,-3.179350795
3.761393200,-3.175273685
3.761596700,-3.175196537
3.761800100,-3.179119427
3.762003600,-3.179042279
3.762207000,-3.182965169
3.762410500,-3.182888022
3.762613900,-3.186810911
3.762817400,-3.186733764
3.763020800,-3.190656654
3.763224300,-3.190579506
3.763427700,-3.190502396
3.763631200,-3.194425248
3.763834600,-3.198348138
3.764038100,-3.202270990
3.764241500,-3.202193880
3.764445000,-3.206116732
3.764648400,-3.206039622
3.764851900,-3.205962474
3.765055300,-3.209885364
3.765258800,-3.213808216
3.765462200,-3.217731106
3.765665700,-3.217653958
3.765869100,-3.225576848
3.766072600,-3.225499700
3.766276000,-3.225422590
3.766479500,-3.229345442
3.766682900,-3.233268332
3.766886400,-3.237191184
3.767089800,-3.237114074
3.767293300,-3.245036926
3.767496700,-3.244959816
3.767700200,-3.248882668
3.767903600,-3.252805558
3.768107100,-3.252728410
3.768310500,-3.256651300
3.768514000,-3.256574152
3.768717400,-3.264497042
3.768920900,-3.264419894
3.769124300,-3.268342784
3.769327800,-3.272265636
3.769531300,-3.272188488
3.769734700,-3.276111378
3.769938200,-3.280034230
3.770141600,-3.283957120
3.770345100,-3.283879972
3.770548500,-3.287802862
3.770752000,-3.291725715
3.770955400,-3.295648605
3.771158900,-3.295571457
3.771362300,-3.299494347
3.771565800,-3.303417199
3.771769200,-3.303340089
3.771972700,-3.307262941
3.772176100,-3.307185831
3.772379600,-3.311108683
3.772583000,-3.311031573
3.772786500,-3.314954425
3.772989900,-3.314877315
3.773193400,-3.314800167
3.773396800,-3.322723057
3.773600300,-3.318645909
3.773803700,-3.322568799
3.774007200,-3.322491651
3.774210600,-3.326414541
3.774414100,-3.326337393
3.774617500,-3.326260283
3.774821000,-3.330183135
3.775024400,-3.326106025
3.775227900,-3.330028877
3.775431300,-3.329951767
3.775634800,-3.333874619
3.775838200,-3.329797509
3.776041700,-3.333720361
3.776245100,-3.333643251
3.776448600,-3.329566103
3.776652000,-3.333488993
3.776855500,-3.333411845
3.777058900,-3.333334735
3.777262400,-3.333257587
3.777465800,-3.333180477
3.777669300,-3.333103329
3.777872700,-3.333026219
3.778076200,-3.332949071
3.778279600,-3.328871961
3.778483100,-3.328794813
3.778686500,-3.328717703
3.778890000,-3.328640555
3.779093400,-3.324563445
3.779296900,-3.324486298
3.779500300,-3.320409188
3.779703800,-3.320332040
3.779907200,-3.316254930
3.780110700,-3.316177782
3.780314100,-3.316100672
3.780517600,-3.312023524
3.780721000,-3.311946414
3.780924500,-3.303869266
3.781127900,-3.303792156
3.781331400,-3.299715008
3.781534800,-3.299637898
3.781738300,-3.295560750
3.781941700,-3.291483640
3.782145200,-3.287406492
3.782348600,-3.283329382
3.782552100,-3.283252234
3.782755500,-3.279175124
3.782959000,-3.275097976
3.783162400,-3.271020866
3.783365900,-3.266943718
3.783569300,-3.262866608
3.783772800,-3.258789460
3.783976200,-3.254712350
3.784179700,-3.250635202
3.784383100,-3.246558092
3.784586600,-3.242480944
3.784790000,-3.238403834
3.784993500,-3.234326686
3.785196900,-3.230249576
3.785400400,-3.226172428
3.785603800,-3.218095318
3.785807300,-3.218018170
3.786010700,-3.209941060
3.786214200,-3.205863912
3.786417600,-3.201786802
3.786621100,-3.197709654
3.786824500,-3.193632544
3.787028000,-3.189555396
3.787231400,-3.185478286
3.787434900,-3.177401139
3.787638300,-3.173324028
3.787841800,-3.169246881
3.788045200,-3.165169771
3.788248700,-3.161092623
3.788452100,-3.157015513
3.788655600,-3.152938365
3.788859000,-3.148861255
3.789062500,-3.140784107
3.789266000,-3.140706959
3.789469400,-3.132629849
3.789672900,-3.128552701
3.789876300,-3.124475591
3.790079800,-3.120398443
3.790283200,-3.116321333
3.790486700,-3.112244185
3.790690100,-3.112167075
3.790893600,-3.104089927
3.791097000,-3.104012817
3.791300500,-3.095935669
3.791503900,-3.091858559
3.791707400,-3.091781411
3.791910800,-3.083704301
3.792114300,-3.083627153
3.792317700,-3.079550043
3.792521200,-3.079472895
3.792724600,-3.071395785
3.792928100,-3.071318637
3.793131500,-3.067241527
3.793335000,-3.067164379
3.793538400,-3.063087269
3.793741900,-3.059010121
3.793945300,-3.058933011
3.794148800,-3.054855863
3.794352200,-3.054778753
3.794555700,-3.050701605
3.794759100,-3.050624495
3.794962600,-3.046547347
3.795166000,-3.046470237
3.795369500,-3.042393089
3.795572900,-3.042315979
3.795776400,-3.038238832
3.795979800,-3.034161722
3.796183300,-3.038084574
3.796386700,-3.034007464
3.796590200,-3.033930316
3.796793600,-3.033853206
3.796997100,-3.033776058
3.797200500,-3.029698948
3.797404000,-3.033621800
3.797607400,-3.029544690
3.797810900,-3.029467542
3.798014300,-3.029390432
3.798217800,-3.029313284
3.798421200,-3.029236174
3.798624700,-3.029159026
3.798828100,-3.029081916
3.799031600,-3.029004768
3.799235000,-3.028927658
3.799438500,-3.028850510
3.799641900,-3.032773400
3.799845400,-3.028696252
3.800048800,-3.028619142
3.800252300,-3.032541994
3.800455700,-3.032464884
3.800659200,-3.032387736
3.800862600,-3.032310626
3.801066100,-3.036233478
3.801269500,-3.036156368
3.801473000,-3.036079220
3.801676400,-3.040002110
3.801879900,-3.039924962
3.802083300,-3.039847852
3.802286800,-3.043770704
3.802490200,-3.043693594
3.802693700,-3.043616446
3.802897100,-3.047539336
3.803100600,-3.047462188
3.803304000,-3.051385078
3.803507500,-3.051307930
3.803710900,-3.055230820
3.803914400,-3.055153673
3.804117800,-3.059076562
3.804321300,-3.062999415
3.804524700,-3.062922305
3.804728200,-3.062845157
3.804931600,-3.066768047
3.805135100,-3.070690899
3.805338500,-3.070613789
3.805542000,-3.074536641
3.805745400,-3.078459531
3.805948900,-3.082382383
3.806152300,-3.082305273
3.806355800,-3.090228125
3.806559200,-3.090151015
3.806762700,-3.094073867
3.806966100,-3.097996757
3.807169600,-3.105919609
3.807373000,-3.105842499
3.807576500,-3.105765351
3.807779900,-3.113688241
3.807983400,-3.117611093
3.808186800,-3.121533983
3.808390300,-3.129456835
3.808593800,-3.133379687
3.808797200,-3.133302577
3.809000700,-3.145225429
3.809204100,-3.149148319
3.809407600,-3.153071171
3.809611000,-3.152994061
3.809814500,-3.164916913
3.810017900,-3.168839803
3.810221400,-3.172762655
3.810424800,-3.184685545
3.810628300,-3.188608397
3.810831700,-3.192531287
3.811035200,-3.204454139
3.811238600,-3.212377029
3.811442100,-3.216299881
3.811645500,-3.232222771
3.811849000,-3.232145623
3.812052400,-3.240068513
3.812255900,-3.247991366
3.812459300,-3.259914256
3.812662800,-3.267837108
3.812866200,-3.271759998
3.813069700,-3.287682850
3.813273100,-3.295605740
3.813476600,-3.303528592
3.813680000,-3.319451482
3.813883500,-3.327374334
3.814086900,-3.331297224
3.814290400,-3.343220076
3.814493800,-3.359142966
3.814697300,-3.371065818
3.814900700,-3.374988708
3.815104200,-3.398911560
3.815307600,-3.402834450
3.815511100,-3.410757302
3.815714500,-3.434680192
3.815918000,-3.438603044
3.816121400,-3.450525934
3.816324900,-3.458448786
3.816528300,-3.482371676
3.816731800,-3.490294528
3.816935200,-3.502217418
3.817138700,-3.522140270
3.817342100,-3.534063160
3.817545600,-3.545986012
3.817749000,-3.569908902
3.817952500,-3.577831754
3.818155900,-3.585754644
3.818359400,-3.601677496
3.818562800,-3.621600386
3.818766300,-3.637523238
3.818969700,-3.645446128
3.819173200,-3.673368980
3.819376600,-3.681291870
3.819580100,-3.693214722
3.819783500,-3.717137612
3.819987000,-3.733060464
3.820190400,-3.740983354
3.820393900,-3.756906206
3.820597300,-3.780829096
3.820800800,-3.792751949
3.821004200,-3.804674839
3.821207700,-3.828597691
3.821411100,-3.840520581
3.821614600,-3.852443433
3.821818000,-3.880366323
3.822021500,-3.888289175
3.822224900,-3.904212065
3.822428400,-3.928134917
3.822631800,-3.940057807
3.822835300,-3.951980659
3.823038700,-3.963903549
3.823242200,-3.987826401
3.823445600,-4.003749291
3.823649100,-4.011672143
3.823852500,-4.039595033
3.824056000,-4.051517885
3.824259400,-4.063440775
3.824462900,-4.087363627
3.824666300,-4.095286517
3.824869800,-4.107209369
3.825073200,-4.119132259
3.825276700,-4.143055111
3.825480100,-4.150978001
3.825683600,-4.162900853
3.825887000,-4.186823743
3.826090500,-4.198746595
3.826293900,-4.206669485
3.826497400,-4.230592337
3.826700800,-4.238515227
3.826904300,-4.250438079
3.827107700,-4.258360969
3.827311200,-4.282283821
3.827514600,-4.290206711
3.827718100,-4.298129563
3.827921500,-4.318052453
3.828125000,-4.325975305
3.828328500,-4.333898157
3.828531900,-4.353821047
3.828735400,-4.361743900
3.828938800,-4.369666790
3.829142300,-4.377589642
3.829345700,-4.393512532
3.829549200,-4.405435384
3.829752600,-4.409358274
3.829956100,-4.429281126
3.830159500,-4.433204016
3.830363000,-4.441126868
3.830566400,-4.457049758
3.830769900,-4.464972610
3.830973300,-4.468895500
3.831176800,-4.484818352
3.831380200,-4.488741242
3.831583700,-4.492664094
3.831787100,-4.500586984
3.831990600,-4.512509836
3.832194000,-4.520432726
3.832397500,-4.524355578
3.832600900,-4.540278468
3.832804400,-4.540201320
3.833007800,-4.548124210
3.833211300,-4.560047062
3.833414700,-4.563969952
3.833618200,-4.567892804
3.833821600,-4.575815694
3.834025100,-4.583738546
3.834228500,-4.591661436
3.834432000,-4.591584288
3.834635400,-4.607507178
3.834838900,-4.607430030
3.835042300,-4.615352920
3.835245800,-4.623275772
3.835449200,-4.623198662
3.835652700,-4.631121514
3.835856100,-4.631044404
3.836059600,-4.642967256
3.836263000,-4.646890146
3.836466500,-4.650812998
3.836669900,-4.658735888
3.836873400,-4.662658740
3.837076800,-4.666581630
3.837280300,-4.674504483
3.837483700,-4.678427373
3.837687200,-4.682350225
3.837890600,-4.682273115
3.838094100,-4.694195967
3.838297500,-4.694118857
3.838501000,-4.698041709
3.838704400,-4.705964599
3.838907900,-4.709887451
3.839111300,-4.709810341
3.839314800,-4.717733193
3.839518200,-4.717656083
3.839721700,-4.721578935
3.839925100,-4.729501825
3.840128600,-4.729424677
3.840332000,-4.733347567
3.840535500,-4.733270419
3.840738900,-4.741193309
3.840942400,-4.741116161
3.841145800,-4.745039051
3.841349300,-4.748961903
3.841552700,-4.748884793
3.841756200,-4.748807645
3.841959600,-4.756730535
3.842163100,-4.756653387
3.842366500,-4.760576277
3.842570000,-4.756499129
3.842773400,-4.764422019
3.842976900,-4.760344871
3.843180300,-4.764267761
3.843383800,-4.764190613
3.843587200,-4.768113503
3.843790700,-4.768036355
3.843994100,-4.771959245
3.844197600,-4.767882097
3.844401000,-4.771804987
3.844604500,-4.767727839
3.844807900,-4.771650729
3.845011400,-4.767573581
3.845214800,-4.767496471
3.845418300,-4.771419323
3.845621700,-4.767342213
3.845825200,-4.767265066
3.846028600,-4.767187956
3.846232100,-4.767110808
3.846435500,-4.763033698
3.846639000,-4.762956550
3.846842400,-4.762879440
3.847045900,-4.762802292
3.847249300,-4.758725182
3.847452800,-4.758648034
3.847656300,-4.754570886
3.847859700,-4.758493776
3.848063200,-4.754416628
3.848266600,-4.754339518
3.848470100,-4.750262370
3.848673500,-4.750185260
3.848877000,-4.746108112
3.849080400,-4.746031002
3.849283900,-4.741953854
3.849487300,-4.741876744
3.849690800,-4.737799596
3.849894200,-4.733722486
3.850097700,-4.729645338
3.850301100,-4.729568228
3.850504600,-4.725491080
3.850708000,-4.725413970
3.850911500,-4.721336822
3.851114900,-4.713259712
3.851318400,-4.713182564
3.851521800,-4.709105454
3.851725300,-4.709028306
3.851928700,-4.704951196
3.852132200,-4.700874048
3.852335600,-4.696796938
3.852539100,-4.696719790
3.852742500,-4.688642680
3.852946000,-4.688565532
3.853149400,-4.684488422
3.853352900,-4.684411274
3.853556300,-4.676334164
3.853759800,-4.676257017
3.853963200,-4.672179907
3.854166700,-4.668102759
3.854370100,-4.664025649
3.854573600,-4.663948501
3.854777000,-4.655871391
3.854980500,-4.655794243
3.855183900,-4.651717133
3.855387400,-4.647639985
3.855590800,-4.643562875
3.855794300,-4.639485727
3.855997700,-4.635408617
3.856201200,-4.635331469
3.856404600,-4.627254359
3.856608100,-4.627177211
3.856811500,-4.619100101
3.857015000,-4.619022953
3.857218400,-4.614945843
3.857421900,-4.610868695
3.857625300,-4.606791585
3.857828800,-4.602714437
3.858032200,-4.598637327
3.858235700,-4.594560179
3.858439100,-4.590483069
3.858642600,-4.582405921
3.858846000,-4.578328811
3.859049500,-4.574251663
3.859252900,-4.574174553
3.859456400,-4.566097405
3.859659800,-4.562020295
3.859863300,-4.557943147
3.860066700,-4.553866037
3.860270200,-4.549788889
3.860473600,-4.545711779
3.860677100,-4.541634631
3.860880500,-4.537557521
3.861084000,-4.529480373
3.861287400,-4.529403263
3.861490900,-4.521326115
3.861694300,-4.517249005
3.861897800,-4.513171857
3.862101200,-4.509094747
3.862304700,-4.501017600
3.862508100,-4.500940490
3.862711600,-4.492863342
3.862915000,-4.488786232
3.863118500,-4.480709084
3.863321900,-4.480631974
3.863525400,-4.472554826
3.863728800,-4.468477716
3.863932300,-4.460400568
3.864135700,-4.460323458
3.864339200,-4.448246310
3.864542600,-4.448169200
3.864746100,-4.440092052
3.864949500,-4.436014942
3.865153000,-4.427937794
3.865356400,-4.427860684
3.865559900,-4.415783536
3.865763300,-4.411706426
3.865966800,-4.407629278
3.866170200,-4.403552168
3.866373700,-4.395475020
3.866577100,-4.391397910
3.866780600,-4.383320762
3.866984000,-4.379243652
3.867187500,-4.371166504
3.867391000,-4.367089356
3.867594400,-4.355012246
3.867797900,-4.354935098
3.868001300,-4.346857988
3.868204800,-4.342780840
3.868408200,-4.330703730
3.868611700,-4.330626582
3.868815100,-4.322549472
3.869018600,-4.314472324
3.869222000,-4.306395214
3.869425500,-4.302318066
3.869628900,-4.294240956
3.869832400,-4.290163808
3.870035800,-4.282086698
3.870239300,-4.274009551
3.870442700,-4.265932440
3.870646200,-4.261855293
3.870849600,-4.253778183
3.871053100,-4.245701035
3.871256500,-4.237623925
3.871460000,-4.233546777
3.871663400,-4.221469667
3.871866900,-4.217392519
3.872070300,-4.209315409
3.872273800,-4.201238261
3.872477200,-4.193161151
3.872680700,-4.189084003
3.872884100,-4.181006893
3.873087600,-4.172929745
3.873291000,-4.164852635
3.873494500,-4.160775487
3.873697900,-4.148698377
3.873901400,-4.140621229
3.874104800,-4.132544119
3.874308300,-4.124466971
3.874511700,-4.116389861
3.874715200,-4.112312713
3.874918600,-4.104235603
3.875122100,-4.088158455
3.875325500,-4.084081345
3.875529000,-4.076004197
3.875732400,-4.067927087
3.875935900,-4.059849939
3.876139300,-4.051772829
3.876342800,-4.039695681
3.876546200,-4.035618571
3.876749700,-4.027541423
3.876953100,-4.019464313
3.877156600,-4.007387165
3.877360000,-4.003310055
3.877563500,-3.995232907
3.877766900,-3.983155797
3.877970400,-3.975078649
3.878173800,-3.971001539
3.878377300,-3.954924391
3.878580700,-3.950847281
3.878784200,-3.942770134
3.878987600,-3.930693024
3.879191100,-3.922615876
3.879394500,-3.918538766
3.879598000,-3.910461618
3.879801400,-3.898384508
3.880004900,-3.894307360
3.880208300,-3.886230250
3.880411800,-3.874153102
3.880615200,-3.866075992
3.880818700,-3.861998844
3.881022100,-3.845921734
3.881225600,-3.841844586
3.881429000,-3.833767476
3.881632500,-3.829690328
3.881835900,-3.813613218
3.882039400,-3.809536070
3.882242800,-3.801458960
3.882446300,-3.789381812
3.882649700,-3.781304702
3.882853200,-3.777227554
3.883056600,-3.761150444
3.883260100,-3.757073296
3.883463500,-3.748996186
3.883667000,-3.744919038
3.883870400,-3.728841928
3.884073900,-3.724764780
3.884277300,-3.716687670
3.884480800,-3.704610522
3.884684200,-3.696533412
3.884887700,-3.692456264
3.885091100,-3.680379154
3.885294600,-3.672302006
3.885498000,-3.664224896
3.885701500,-3.660147748
3.885904900,-3.648070638
3.886108400,-3.643993490
3.886311800,-3.631916380
3.886515300,-3.623839232
3.886718800,-3.615762085
3.886922200,-3.611684974
3.887125700,-3.595607827
3.887329100,-3.591530717
3.887532600,-3.583453569
3.887736000,-3.575376459
3.887939500,-3.567299311
3.888142900,-3.563222201
3.888346400,-3.555145053
3.888549800,-3.543067943
3.888753300,-3.534990795
3.888956700,-3.530913685
3.889160200,-3.518836537
3.889363600,-3.514759427
3.889567100,-3.506682279
3.889770500,-3.498605169
3.889974000,-3.490528021
3.890177400,-3.486450911
3.890380900,-3.478373763
3.890584300,-3.470296653
3.890787800,-3.462219505
3.890991200,-3.458142395
3.891194700,-3.446065247
3.891398100,-3.441988137
3.891601600,-3.433910989
3.891805000,-3.425833879
3.892008500,-3.417756731
3.892211900,-3.413679621
3.892415400,-3.409602473
3.892618800,-3.401525363
3.892822300,-3.393448215
3.893025700,-3.389371105
3.893229200,-3.377293957
3.893432600,-3.377216847
3.893636100,-3.369139699
3.893839500,-3.361062589
3.894043000,-3.356985441
3.894246400,-3.352908331
3.894449900,-3.344831183
3.894653300,-3.340754073
3.894856800,-3.332676925
3.895060200,-3.328599815
3.895263700,-3.320522668
3.895467100,-3.316445558
3.895670600,-3.308368410
3.895874000,-3.304291300
3.896077500,-3.300214152
3.896280900,-3.296137042
3.896484400,-3.292059894
3.896687800,-3.283982784
3.896891300,-3.283905636
3.897094700,-3.275828526
3.897298200,-3.271751378
3.897501600,-3.267674268
3.897705100,-3.263597120
3.897908500,-3.255520010
3.898112000,-3.255442862
3.898315400,-3.247365752
3.898518900,-3.243288604
3.898722300,-3.239211494
3.898925800,-3.239134346
3.899129200,-3.231057236
3.899332700,-3.226980088
3.899536100,-3.222902978
3.899739600,-3.222825830
3.899943000,-3.214748720
3.900146500,-3.214671572
3.900349900,-3.206594462
3.900553400,-3.206517314
3.900756800,-3.198440204
3.900960300,-3.198363056
3.901163700,-3.194285946
3.901367200,-3.190208798
3.901570600,-3.186131688
3.901774100,-3.182054540
3.901977500,-3.177977430
3.902181000,-3.177900282
3.902384400,-3.169823172
3.902587900,-3.169746024
3.902791300,-3.161668914
3.902994800,-3.161591766
3.903198200,-3.157514656
3.903401700,-3.153437508
3.903605100,-3.149360398
3.903808600,-3.149283251
3.904012000,-3.141206141
3.904215500,-3.141128993
3.904418900,-3.137051883
3.904622400,-3.132974735
3.904825800,-3.128897625
3.905029300,-3.124820477
3.905232700,-3.124743367
3.905436200,-3.116666219
3.905639600,-3.116589109
3.905843100,-3.108511961
3.906046500,-3.108434851
3.906250000,-3.100357703
3.906453500,-3.100280555
3.906656900,-3.092203445
3.906860400,-3.088126297
3.907063800,-3.084049187
3.907267300,-3.079972039
3.907470700,-3.075894929
3.907674200,-3.071817781
3.907877600,-3.067740671
3.908081100,-3.063663523
3.908284500,-3.055586413
3.908488000,-3.055509265
3.908691400,-3.043432155
3.908894900,-3.043355007
3.909098300,-3.035277897
3.909301800,-3.031200749
3.909505200,-3.027123639
3.909708700,-3.023046491
3.909912100,-3.014969381
3.910115600,-3.010892233
3.910319000,-3.006815123
3.910522500,-3.002737975
3.910725900,-2.994660865
3.910929400,-2.990583717
3.911132800,-2.986506607
3.911336300,-2.978429459
3.911539700,-2.974352349
3.911743200,-2.966275202
3.911946600,-2.962198091
3.912150100,-2.954120944
3.912353500,-2.950043834
3.912557000,-2.941966686
3.912760400,-2.937889576
3.912963900,-2.929812428
3.913167300,-2.925735318
3.913370800,-2.917658170
3.913574200,-2.913581060
3.913777700,-2.905503912
3.913981100,-2.905426802
3.914184600,-2.893349654
3.914388000,-2.889272544
3.914591500,-2.881195396
3.914794900,-2.877118286
3.914998400,-2.869041138
3.915201800,-2.864964028
3.915405300,-2.860886880
3.915608700,-2.852809770
3.915812200,-2.848732622
3.916015600,-2.840655512
3.916219100,-2.836578364
3.916422500,-2.828501254
3.916626000,-2.824424106
3.916829400,-2.812346996
3.917032900,-2.812269848
3.917236300,-2.804192738
3.917439800,-2.796115590
3.917643200,-2.792038480
3.917846700,-2.787961332
3.918050100,-2.775884222
3.918253600,-2.771807074
3.918457000,-2.767729964
3.918660500,-2.763652816
3.918863900,-2.751575706
3.919067400,-2.747498558
3.919270800,-2.743421448
3.919474300,-2.735344300
3.919677700,-2.731267190
3.919881200,-2.727190042
3.920084600,-2.719112932
3.920288100,-2.711035785
3.920491500,-2.706958675
3.920695000,-2.702881527
3.920898400,-2.694804417
3.921101900,-2.686727269
3.921305300,-2.682650159
3.921508800,-2.674573011
3.921712200,-2.670495901
3.921915700,-2.662418753
3.922119100,-2.658341643
3.922322600,-2.650264495
3.922526000,-2.646187385
3.922729500,-2.638110237
3.922932900,-2.634033127
3.923136400,-2.625955979
3.923339800,-2.621878869
3.923543300,-2.617801721
3.923746700,-2.609724611
3.923950200,-2.605647463
3.924153600,-2.593570353
3.924357100,-2.593493205
3.924560500,-2.585416095
3.924764000,-2.581338947
3.924967400,-2.569261837
3.925170900,-2.569184689
3.925374300,-2.561107579
3.925577800,-2.553030431
3.925781300,-2.544953283
3.925984700,-2.544876173
3.926188200,-2.532799025
3.926391600,-2.528721915
3.926595100,-2.520644767
3.926798500,-2.516567657
3.927002000,-2.508490509
3.927205400,-2.504413399
3.927408900,-2.500336251
3.927612300,-2.492259141
3.927815800,-2.488181993
3.928019200,-2.480104883
3.928222700,-2.476027736
3.928426100,-2.467950625
3.928629600,-2.463873478
3.928833000,-2.455796368
3.929036500,-2.451719220
3.929239900,-2.443642110
3.929443400,-2.439564962
3.929646800,-2.431487852
3.929850300,-2.427410704
3.930053700,-2.419333594
3.930257200,-2.415256446
3.930460600,-2.407179336
3.930664100,-2.407102188
3.930867500,-2.399025078
3.931071000,-2.390947930
3.931274400,-2.390870820
3.931477900,-2.382793672
3.931681300,-2.378716562
3.931884800,-2.370639414
3.932088200,-2.366562304
3.932291700,-2.358485156
3.932495100,-2.354408046
3.932698600,-2.350330898
3.932902000,-2.346253788
3.933105500,-2.338176640
3.933308900,-2.334099530
3.933512400,-2.330022382
3.933715800,-2.325945272
3.933919300,-2.321868124
3.934122700,-2.313791014
3.934326200,-2.309713866
3.934529600,-2.305636756
3.934733100,-2.301559608
3.934936500,-2.293482498
3.935140000,-2.289405350
3.935343400,-2.285328240
3.935546900,-2.281251092
3.935750300,-2.273173982
3.935953800,-2.273096834
3.936157200,-2.265019724
3.936360700,-2.260942576
3.936564100,-2.256865466
3.936767600,-2.252788319
3.936971000,-2.248711208
3.937174500,-2.244634061
3.937377900,-2.244556951
3.937581400,-2.236479803
3.937784800,-2.232402693
3.937988300,-2.228325545
3.938191700,-2.228248435
3.938395200,-2.220171287
3.938598600,-2.216094177
3.938802100,-2.212017029
3.939005500,-2.207939919
3.939209000,-2.203862771
3.939412400,-2.203785661
3.939615900,-2.195708513
3.939819300,-2.195631403
3.940022800,-2.191554255
3.940226200,-2.187477145
3.940429700,-2.183399997
3.940633100,-2.179322887
3.940836600,-2.179245739
3.941040000,-2.171168629
3.941243500,-2.171091481
3.941446900,-2.167014371
3.941650400,-2.162937223
3.941853800,-2.158860113
3.942057300,-2.158782965
3.942260700,-2.150705855
3.942464200,-2.150628707
3.942667600,-2.146551597
3.942871100,-2.146474449
3.943074500,-2.142397339
3.943278000,-2.138320191
3.943481400,-2.138243081
3.943684900,-2.134165933
3.943888300,-2.130088823
3.944091800,-2.126011675
3.944295200,-2.125934565
3.944498700,-2.121857417
3.944702100,-2.121780307
3.944905600,-2.117703159
3.945109000,-2.117626049
3.945312500,-2.109548902
3.945516000,-2.109471754
3.945719400,-2.109394644
3.945922900,-2.105317496
3.946126300,-2.105240386
3.946329800,-2.101163238
3.946533200,-2.101086128
3.946736700,-2.097008980
3.946940100,-2.096931870
3.947143600,-2.092854722
3.947347000,-2.092777612
3.947550500,-2.088700464
3.947753900,-2.088623354
3.947957400,-2.088546206
3.948160800,-2.088469096
3.948364300,-2.088391948
3.948567700,-2.084314838
3.948771200,-2.084237690
3.948974600,-2.080160580
3.949178100,-2.080083432
3.949381500,-2.080006322
3.949585000,-2.079929174
3.949788400,-2.075852064
3.949991900,-2.075774916
3.950195300,-2.075697806
3.950398800,-2.075620658
3.950602200,-2.075543548
3.950805700,-2.071466400
3.951009100,-2.075389290
3.951212600,-2.071312142
3.951416000,-2.075235032
3.951619500,-2.071157884
3.951822900,-2.075080774
3.952026400,-2.071003626
3.952229800,-2.070926516
3.952433300,-2.070849368
3.952636700,-2.074772258
3.952840200,-2.074695110
3.953043600,-2.070618000
3.953247100,-2.074540853
3.953450500,-2.074463742
3.953654000,-2.074386595
3.953857400,-2.074309485
3.954060900,-2.078232337
3.954264300,-2.074155227
3.954467800,-2.078078079
3.954671200,-2.078000969
3.954874700,-2.081923821
3.955078100,-2.081846711
3.955281600,-2.081769563
3.955485000,-2.085692453
3.955688500,-2.085615305
3.955891900,-2.089538195
3.956095400,-2.089461047
3.956298800,-2.093383937
3.956502300,-2.093306789
3.956705700,-2.097229679
3.956909200,-2.097152531
3.957112600,-2.101075421
3.957316100,-2.100998273
3.957519500,-2.104921163
3.957723000,-2.108844015
3.957926400,-2.112766905
3.958129900,-2.116689757
3.958333300,-2.116612647
3.958536800,-2.124535499
3.958740200,-2.124458389
3.958943700,-2.128381241
3.959147100,-2.132304131
3.959350600,-2.136226983
3.959554000,-2.136149873
3.959757500,-2.140072725
3.959960900,-2.147995615
3.960164400,-2.147918467
3.960367800,-2.151841357
3.960571300,-2.159764209
3.960774700,-2.163687099
3.960978200,-2.163609951
3.961181600,-2.175532841
3.961385100,-2.175455693
3.961588500,-2.183378583
3.961792000,-2.187301436
3.961995400,-2.195224325
3.962198900,-2.199147178
3.962402300,-2.199070068
3.962605800,-2.210992920
3.962809200,-2.214915810
3.963012700,-2.218838662
3.963216100,-2.226761552
3.963419600,-2.234684404
3.963623000,-2.238607294
3.963826500,-2.242530146
3.964029900,-2.254453036
3.964233400,-2.258375888
3.964436800,-2.266298778
3.964640300,-2.274221630
3.964843800,-2.282144482
3.965047200,-2.286067372
3.965250700,-2.297990224
3.965454100,-2.301913114
3.965657600,-2.309835966
3.965861000,-2.321758856
3.966064500,-2.325681708
3.966267900,-2.333604598
3.966471400,-2.337527450
3.966674800,-2.353450340
3.966878300,-2.357373192
3.967081700,-2.365296082
3.967285200,-2.377218934
3.967488600,-2.385141824
3.967692100,-2.389064676
3.967895500,-2.404987566
3.968099000,-2.416910418
3.968302400,-2.420833308
3.968505900,-2.428756160
3.968709300,-2.440679050
3.968912800,-2.448601902
3.969116200,-2.456524792
3.969319700,-2.472447644
3.969523100,-2.476370534
3.969726600,-2.488293387
3.969930000,-2.504216276
3.970133500,-2.508139129
3.970336900,-2.520062019
3.970540400,-2.523984871
3.970743800,-2.543907761
3.970947300,-2.547830613
3.971150700,-2.559753503
3.971354200,-2.571676355
3.971557600,-2.583599245
3.971761100,-2.591522097
3.971964500,-2.607444987
3.972168000,-2.619367839
3.972371400,-2.623290729
3.972574900,-2.635213581
3.972778300,-2.651136471
3.972981800,-2.659059323
3.973185200,-2.666982213
3.973388700,-2.686905065
3.973592100,-2.690827955
3.973795600,-2.702750807
3.973999000,-2.722673697
3.974202500,-2.730596549
3.974405900,-2.738519439
3.974609400,-2.754442291
3.974812800,-2.766365181
3.975016300,-2.774288033
3.975219700,-2.782210923
3.975423200,-2.798133775
3.975626600,-2.810056665
3.975830100,-2.817979517
3.976033500,-2.837902407
3.976237000,-2.845825259
3.976440400,-2.853748149
3.976643900,-2.873671001
3.976847300,-2.877593891
3.977050800,-2.889516743
3.977254200,-2.893439633
3.977457700,-2.913362485
3.977661100,-2.925285375
3.977864600,-2.929208227
3.978068000,-2.949131117
3.978271500,-2.953053970
3.978474900,-2.964976859
3.978678400,-2.976899712
3.978881800,-2.988822602
3.979085300,-2.996745454
3.979288700,-3.000668344
3.979492200,-3.020591196
3.979695600,-3.024514086
3.979899100,-3.032436938
3.980102500,-3.044359828
3.980306000,-3.052282680
3.980509400,-3.056205570
3.980712900,-3.072128422
3.980916300,-3.080051312
3.981119800,-3.083974164
3.981323200,-3.091897054
3.981526700,-3.103819906
3.981730100,-3.107742796
3.981933600,-3.111665648
3.982137000,-3.127588538
3.982340500,-3.127511390
3.982543900,-3.135434280
3.982747400,-3.147357132
3.982950800,-3.147280022
3.983154300,-3.155202874
3.983357700,-3.163125764
3.983561200,-3.167048616
3.983764600,-3.166971506
3.983968100,-3.170894358
3.984171500,-3.178817248
3.984375000,-3.182740100
3.984578500,-3.186662952
3.984781900,-3.190585842
3.984985400,-3.194508694
3.985188800,-3.194431584
3.985392300,-3.202354436
3.985595700,-3.202277326
3.985799200,-3.206200178
3.986002600,-3.210123068
3.986206100,-3.210045920
3.986409500,-3.213968810
3.986613000,-3.213891663
3.986816400,-3.217814553
3.987019900,-3.213737405
3.987223300,-3.217660295
3.987426800,-3.217583147
3.987630200,-3.221506037
3.987833700,-3.221428889
3.988037100,-3.221351779
3.988240600,-3.221274631
3.988444000,-3.221197521
3.988647500,-3.221120373
3.988850900,-3.221043263
3.989054400,-3.220966115
3.989257800,-3.220889005
3.989461300,-3.220811857
3.989664700,-3.220734747
3.989868200,-3.216657599
3.990071600,-3.220580489
3.990275100,-3.216503341
3.990478500,-3.216426231
3.990682000,-3.212349083
3.990885400,-3.212271973
3.991088900,-3.216194825
3.991292300,-3.212117715
3.991495800,-3.212040567
3.991699200,-3.207963457
3.991902700,-3.207886309
3.992106100,-3.203809199
3.992309600,-3.203732051
3.992513000,-3.203654941
3.992716500,-3.199577793
3.992919900,-3.199500683
3.993123400,-3.195423535
3.993326800,-3.195346425
3.993530300,-3.187269277
3.993733700,-3.187192167
3.993937200,-3.187115019
3.994140600,-3.183037909
3.994344100,-3.182960761
3.994547500,-3.174883651
3.994751000,-3.174806504
3.994954400,-3.170729393
3.995157900,-3.170652246
3.995361300,-3.162575136
3.995564800,-3.162497988
3.995768200,-3.162420878
3.995971700,-3.158343730
3.996175100,-3.154266620
3.996378600,-3.150189472
3.996582000,-3.146112362
3.996785500,-3.142035214
3.996988900,-3.137958104
3.997192400,-3.137880956
3.997395800,-3.133803846
3.997599300,-3.129726698
3.997802700,-3.121649588
3.998006200,-3.121572440
3.998209600,-3.113495330
3.998413100,-3.113418182
3.998616500,-3.109341072
3.998820000,-3.105263924
3.999023400,-3.101186814
3.999226900,-3.093109666
3.999430300,-3.093032556
3.999633800,-3.084955408
3.999837200,-3.080878298
4.000040700,-3.080801150
4.000244100,-3.072724040
4.000447600,-3.068646892
4.000651000,-3.064569782
4.000854500,-3.060492634
4.001057900,-3.052415524
4.001261400,-3.048338376
4.001464800,-3.048261266
4.001668300,-3.040184118
4.001871700,-3.036107008
4.002075200,-3.028029860
4.002278600,-3.023952750
4.002482100,-3.019875602
4.002685500,-3.015798492
4.002889000,-3.011721344
4.003092400,-3.003644234
4.003295900,-2.999567087
4.003499300,-2.995489976
4.003702800,-2.987412829
4.003906300,-2.983335681
4.004109700,-2.979258571
4.004313200,-2.975181423
4.004516600,-2.967104313
4.004720100,-2.963027165
4.004923500,-2.954950055
4.005127000,-2.950872907
4.005330400,-2.946795797
4.005533900,-2.942718649
4.005737300,-2.938641539
4.005940800,-2.930564391
4.006144200,-2.926487281
4.006347700,-2.918410133
4.006551100,-2.914333023
4.006754600,-2.910255875
4.006958000,-2.902178765
4.007161500,-2.902101617
4.007364900,-2.894024507
4.007568400,-2.889947359
4.007771800,-2.881870249
4.007975300,-2.877793101
4.008178700,-2.873715991
4.008382200,-2.865638843
4.008585600,-2.865561733
4.008789100,-2.857484585
4.008992500,-2.853407475
4.009196000,-2.845330327
4.009399400,-2.841253217
4.009602900,-2.837176069
4.009806300,-2.829098959
4.010009800,-2.829021811
4.010213200,-2.820944701
4.010416700,-2.812867553
4.010620100,-2.808790443
4.010823600,-2.804713295
4.011027000,-2.796636185
4.011230500,-2.792559037
4.011433900,-2.788481927
4.011637400,-2.780404780
4.011840800,-2.776327670
4.012044300,-2.768250522
4.012247700,-2.768173412
4.012451200,-2.760096264
4.012654600,-2.752019154
4.012858100,-2.747942006
4.013061500,-2.739864896
4.013265000,-2.735787748
4.013468400,-2.727710638
4.013671900,-2.723633490
4.013875300,-2.719556380
4.014078800,-2.711479232
4.014282200,-2.707402122
4.014485700,-2.695324974
4.014689100,-2.695247864
4.014892600,-2.687170716
4.015096000,-2.679093606
4.015299500,-2.675016458
4.015502900,-2.666939348
4.015706400,-2.658862200
4.015909800,-2.654785090
4.016113300,-2.650707942
4.016316700,-2.642630832
4.016520200,-2.634553684
4.016723600,-2.630476574
4.016927100,-2.622399426
4.017130500,-2.614322316
4.017334000,-2.606245168
4.017537400,-2.602168058
4.017740900,-2.594090910
4.017944300,-2.586013800
4.018147800,-2.581936652
4.018351200,-2.573859542
4.018554700,-2.565782394
4.018758100,-2.557705284
4.018961600,-2.553628136
4.019165000,-2.545551026
4.019368500,-2.537473878
4.019571900,-2.533396768
4.019775400,-2.521319621
4.019978800,-2.517242510
4.020182300,-2.509165363
4.020385700,-2.505088253
4.020589200,-2.497011105
4.020792600,-2.488933995
4.020996100,-2.484856847
4.021199500,-2.472779737
4.021403000,-2.468702589
4.021606400,-2.464625479
4.021809900,-2.452548331
4.022013300,-2.448471221
4.022216800,-2.440394073
4.022420200,-2.432316963
4.022623700,-2.424239815
4.022827100,-2.420162705
4.023030600,-2.416085557
4.023234000,-2.408008447
4.023437500,-2.403931299
4.023641000,-2.395854151
4.023844400,-2.387777041
4.024047900,-2.383699893
4.024251300,-2.375622783
4.024454800,-2.371545635
4.024658200,-2.363468525
4.024861700,-2.359391377
4.025065100,-2.351314267
4.025268600,-2.343237119
4.025472000,-2.343160009
4.025675500,-2.335082861
4.025878900,-2.327005751
4.026082400,-2.322928603
4.026285800,-2.318851493
4.026489300,-2.310774345
4.026692700,-2.306697235
4.026896200,-2.302620087
4.027099600,-2.294542977
4.027303100,-2.290465829
4.027506500,-2.282388719
4.027710000,-2.278311571
4.027913400,-2.274234461
4.028116900,-2.266157314
4.028320300,-2.266080204
4.028523800,-2.258003056
4.028727200,-2.253925946
4.028930700,-2.249848798
4.029134100,-2.245771688
4.029337600,-2.237694540
4.029541000,-2.233617430
4.029744500,-2.229540282
4.029947900,-2.221463172
4.030151400,-2.217386024
4.030354800,-2.217308914
4.030558300,-2.209231766
4.030761700,-2.205154656
4.030965200,-2.197077508
4.031168600,-2.193000398
4.031372100,-2.192923250
4.031575500,-2.184846140
4.031779000,-2.184768992
4.031982400,-2.176691882
4.032185900,-2.172614734
4.032389300,-2.168537624
4.032592800,-2.160460476
4.032796200,-2.160383366
4.032999700,-2.152306218
4.033203100,-2.148229108
4.033406600,-2.144151960
4.033610000,-2.140074850
4.033813500,-2.139997702
4.034016900,-2.131920592
4.034220400,-2.127843444
4.034423800,-2.123766334
4.034627300,-2.119689186
4.034830700,-2.115612076
4.035034200,-2.111534928
4.035237600,-2.107457818
4.035441100,-2.099380670
4.035644500,-2.099303560
4.035848000,-2.095226412
4.036051400,-2.087149302
4.036254900,-2.087072154
4.036458300,-2.078995044
4.036661800,-2.078917897
4.036865200,-2.070840787
4.037068700,-2.070763639
4.037272100,-2.066686529
4.037475600,-2.058609381
4.037679000,-2.058532271
4.037882500,-2.054455123
4.038085900,-2.050378013
4.038289400,-2.050300865
4.038492800,-2.042223755
4.038696300,-2.038146607
4.038899700,-2.034069497
4.039103200,-2.033992349
4.039306600,-2.029915239
4.039510100,-2.025838091
4.039713500,-2.021760981
4.039917000,-2.017683833
4.040120400,-2.017606723
4.040323900,-2.013529575
4.040527300,-2.009452465
4.040730800,-2.005375317
4.040934200,-2.001298207
4.041137700,-2.001221059
4.041341100,-1.997143949
4.041544600,-1.993066801
4.041748000,-1.992989691
4.041951500,-1.988912543
4.042154900,-1.988835433
4.042358400,-1.980758285
4.042561800,-1.980681175
4.042765300,-1.980604027
4.042968800,-1.976526879
4.043172200,-1.976449769
4.043375700,-1.968372621
4.043579100,-1.968295511
4.043782600,-1.968218363
4.043986000,-1.964141253
4.044189500,-1.964064105
4.044392900,-1.959986995
4.044596400,-1.959909848
4.044799800,-1.955832738
4.045003300,-1.951755590
4.045206700,-1.951678480
4.045410200,-1.947601332
4.045613600,-1.947524222
4.045817100,-1.947447074
4.046020500,-1.943369964
4.046224000,-1.943292816
4.046427400,-1.939215706
4.046630900,-1.939138558
4.046834300,-1.931061448
4.047037800,-1.930984300
4.047241200,-1.930907190
4.047444700,-1.926830042
4.047648100,-1.926752932
4.047851600,-1.922675784
4.048055000,-1.922598674
4.048258500,-1.922521526
4.048461900,-1.918444416
4.048665400,-1.918367268
4.048868800,-1.914290158
4.049072300,-1.914213010
4.049275700,-1.914135900
4.049479200,-1.910058752
4.049682600,-1.909981642
4.049886100,-1.905904494
4.050089500,-1.905827384
4.050293000,-1.905750236
4.050496400,-1.897673126
4.050699900,-1.897595978
4.050903300,-1.893518868
4.051106800,-1.893441720
4.051310200,-1.893364610
4.051513700,-1.889287462
4.051717100,-1.889210352
4.051920600,-1.885133204
4.052124000,-1.885056094
4.052327500,-1.884978946
4.052530900,-1.876901836
4.052734400,-1.876824688
4.052937800,-1.872747578
4.053141300,-1.872670431
4.053344700,-1.872593321
4.053548200,-1.868516173
4.053751600,-1.864439063
4.053955100,-1.860361915
4.054158500,-1.860284805
4.054362000,-1.860207657
4.054565400,-1.856130547
4.054768900,-1.852053399
4.054972300,-1.847976289
4.055175800,-1.847899141
4.055379200,-1.847822031
4.055582700,-1.843744883
4.055786100,-1.839667773
4.055989600,-1.835590625
4.056193000,-1.835513515
4.056396500,-1.835436367
4.056599900,-1.827359257
4.056803400,-1.827282109
4.057006800,-1.823204999
4.057210300,-1.819127851
4.057413700,-1.819050741
4.057617200,-1.814973593
4.057820600,-1.814896483
4.058024100,-1.806819335
4.058227500,-1.806742225
4.058431000,-1.806665077
4.058634400,-1.798587967
4.058837900,-1.798510819
4.059041300,-1.794433709
4.059244800,-1.790356561
4.059448200,-1.790279451
4.059651700,-1.786202303
4.059855100,-1.782125193
4.060058600,-1.778048045
4.060262000,-1.777970935
4.060465500,-1.773893787
4.060668900,-1.769816677
4.060872400,-1.769739529
4.061075800,-1.761662419
4.061279300,-1.761585271
4.061482700,-1.761508161
4.061686200,-1.757431014
4.061889600,-1.753353904
4.062093100,-1.749276756
4.062296500,-1.749199646
4.062500000,-1.745122498
4.062703500,-1.741045350
4.062906900,-1.740968240
4.063110400,-1.736891092
4.063313800,-1.732813982
4.063517300,-1.732736834
4.063720700,-1.728659724
4.063924200,-1.728582576
4.064127600,-1.720505466
4.064331100,-1.720428318
4.064534500,-1.720351208
4.064738000,-1.716274060
4.064941400,-1.712196950
4.065144900,-1.708119802
4.065348300,-1.708042692
4.065551800,-1.707965544
4.065755200,-1.703888434
4.065958700,-1.699811286
4.066162100,-1.699734176
4.066365600,-1.695657028
4.066569000,-1.695579918
4.066772500,-1.691502770
4.066975900,-1.687425660
4.067179400,-1.687348512
4.067382800,-1.683271402
4.067586300,-1.683194254
4.067789700,-1.675117144
4.067993200,-1.675039996
4.068196600,-1.674962886
4.068400100,-1.670885738
4.068603500,-1.670808628
4.068807000,-1.662731480
4.069010400,-1.662654370
4.069213900,-1.662577222
4.069417300,-1.658500112
4.069620800,-1.654422965
4.069824200,-1.650345855
4.070027700,-1.650268707
4.070231100,-1.646191597
4.070434600,-1.642114449
4.070638000,-1.642037339
4.070841500,-1.637960191
4.071044900,-1.633883081
4.071248400,-1.633805933
4.071451800,-1.629728823
4.071655300,-1.625651675
4.071858700,-1.625574565
4.072062200,-1.621497417
4.072265600,-1.617420307
4.072469100,-1.613343159
4.072672500,-1.609266049
4.072876000,-1.609188901
4.073079400,-1.601111791
4.073282900,-1.601034643
4.073486300,-1.596957533
4.073689800,-1.592880385
4.073893200,-1.592803275
4.074096700,-1.584726127
4.074300100,-1.580649017
4.074503600,-1.576571869
4.074707000,-1.576494759
4.074910500,-1.572417611
4.075113900,-1.564340501
4.075317400,-1.564263353
4.075520800,-1.560186243
4.075724300,-1.556109095
4.075927700,-1.552031985
4.076131200,-1.547954837
4.076334600,-1.543877727
4.076538100,-1.539800579
4.076741500,-1.535723469
4.076945000,-1.531646321
4.077148400,-1.523569211
4.077351900,-1.523492063
4.077555300,-1.519414953
4.077758800,-1.511337805
4.077962200,-1.507260695
4.078165700,-1.503183548
4.078369100,-1.499106438
4.078572600,-1.495029290
4.078776000,-1.490952180
4.078979500,-1.486875032
4.079182900,-1.478797922
4.079386400,-1.474720774
4.079589800,-1.474643664
4.079793300,-1.466566516
4.079996700,-1.462489406
4.080200200,-1.458412258
4.080403600,-1.450335148
4.080607100,-1.450258000
4.080810500,-1.442180890
4.081014000,-1.438103742
4.081217400,-1.434026632
4.081420900,-1.429949484
4.081624300,-1.425872374
4.081827800,-1.417795226
4.082031300,-1.413718078
4.082234700,-1.413640968
4.082438200,-1.401563820
4.082641600,-1.401486710
4.082845100,-1.397409562
4.083048500,-1.389332452
4.083252000,-1.385255304
4.083455400,-1.381178194
4.083658900,-1.377101046
4.083862300,-1.373023936
4.084065800,-1.364946788
4.084269200,-1.364869678
4.084472700,-1.356792530
4.084676100,-1.352715420
4.084879600,-1.348638272
4.085083000,-1.340561162
4.085286500,-1.340484014
4.085489900,-1.336406904
4.085693400,-1.328329756
4.085896800,-1.324252646
4.086100300,-1.320175499
4.086303700,-1.316098389
4.086507200,-1.312021241
4.086710600,-1.303944131
4.086914100,-1.303866983
4.087117500,-1.291789873
4.087321000,-1.291712725
4.087524400,-1.287635615
4.087727900,-1.283558467
4.087931300,-1.275481357
4.088134800,-1.275404209
4.088338200,-1.267327099
4.088541700,-1.263249951
4.088745100,-1.259172841
4.088948600,-1.255095693
4.089152000,-1.251018583
4.089355500,-1.242941435
4.089558900,-1.242864325
4.089762400,-1.234787177
4.089965800,-1.230710067
4.090169300,-1.226632919
4.090372700,-1.222555809
4.090576200,-1.218478661
4.090779600,-1.214401551
4.090983100,-1.210324403
4.091186500,-1.202247293
4.091390000,-1.198170145
4.091593400,-1.194093035
4.091796900,-1.190015887
4.092000300,-1.185938777
4.092203800,-1.181861629
4.092407200,-1.181784519
4.092610700,-1.173707371
4.092814100,-1.169630261
4.093017600,-1.165553113
4.093221000,-1.161476003
4.093424500,-1.157398855
4.093627900,-1.149321745
4.093831400,-1.145244597
4.094034800,-1.141167487
4.094238300,-1.137090339
4.094441700,-1.137013229
4.094645200,-1.128936082
4.094848600,-1.124858972
4.095052100,-1.124781824
4.095255500,-1.116704714
4.095459000,-1.116627566
4.095662400,-1.108550456
4.095865900,-1.104473308
4.096069300,-1.104396198
4.096272800,-1.096319050
4.096476200,-1.096241940
4.096679700,-1.092164792
4.096883100,-1.088087682
4.097086600,-1.084010534
4.097290000,-1.075933424
4.097493500,-1.075856276
4.097696900,-1.071779166
4.097900400,-1.067702018
4.098103800,-1.063624908
4.098307300,-1.063547760
4.098510700,-1.055470650
4.098714200,-1.055393502
4.098917600,-1.047316392
4.099121100,-1.047239244
4.099324500,-1.043162134
4.099528000,-1.039084986
4.099731400,-1.039007876
4.099934900,-1.030930728
4.100138300,-1.030853618
4.100341800,-1.026776470
4.100545200,-1.022699360
4.100748700,-1.018622212
4.100952100,-1.018545102
4.101155600,-1.014467954
4.101359000,-1.010390844
4.101562500,-1.006313696
4.101766000,-1.006236548
4.101969400,-1.002159438
4.102172900,-0.998082290
4.102376300,-0.998005180
4.102579800,-0.993928033
4.102783200,-0.989850922
4.102986700,-0.989773775
4.103190100,-0.981696665
4.103393600,-0.981619517
4.103597000,-0.981542407
4.103800500,-0.973465259
4.104003900,-0.973388149
4.104207400,-0.973311001
4.104410800,-0.965233891
4.104614300,-0.965156743
4.104817700,-0.961079633
4.105021200,-0.961002485
4.105224600,-0.956925375
4.105428100,-0.952848227
4.105631500,-0.952771117
4.105835000,-0.948693969
4.106038400,-0.944616859
4.106241900,-0.944539711
4.106445300,-0.936462601
4.106648800,-0.936385453
4.106852200,-0.936308343
4.107055700,-0.928231195
4.107259100,-0.928154085
4.107462600,-0.928076937
4.107666000,-0.923999827
4.107869500,-0.919922679
4.108072900,-0.919845569
4.108276400,-0.911768421
4.108479800,-0.911691311
4.108683300,-0.907614163
4.108886700,-0.903537053
4.109090200,-0.903459905
4.109293600,-0.899382795
4.109497100,-0.895305647
4.109700500,-0.895228537
4.109904000,-0.891151389
4.110107400,-0.887074279
4.110310900,-0.882997131
4.110514300,-0.882920021
4.110717800,-0.878842873
4.110921200,-0.874765763
4.111124700,-0.870688616
4.111328100,-0.870611506
4.111531600,-0.862534358
4.111735000,-0.862457248
4.111938500,-0.858380100
4.112141900,-0.854302990
4.112345400,-0.850225842
4.112548800,-0.846148732
4.112752300,-0.842071584
4.112955700,-0.841994474
4.113159200,-0.837917326
4.113362600,-0.833840216
4.113566100,-0.825763068
4.113769500,-0.825685958
4.113973000,-0.825608810
4.114176400,-0.817531700
4.114379900,-0.813454552
4.114583300,-0.813377442
4.114786800,-0.805300294
4.114990200,-0.801223184
4.115193700,-0.801146036
4.115397100,-0.793068926
4.115600600,-0.792991778
4.115804000,-0.784914668
4.116007500,-0.784837520
4.116210900,-0.780760410
4.116414400,-0.772683262
4.116617800,-0.772606152
4.116821300,-0.768529004
4.117024700,-0.760451894
4.117228200,-0.756374746
4.117431600,-0.748297636
4.117635100,-0.748220488
4.117838500,-0.744143378
4.118042000,-0.736066230
4.118245400,-0.735989120
4.118448900,-0.731911972
4.118652300,-0.723834862
4.118855800,-0.719757714
4.119059200,-0.719680604
4.119262700,-0.711603456
4.119466100,-0.707526346
4.119669600,-0.699449199
4.119873000,-0.699372089
4.120076500,-0.691294941
4.120279900,-0.687217831
4.120483400,-0.683140683
4.120686800,-0.679063573
4.120890300,-0.670986425
4.121093800,-0.666909277
4.121297200,-0.662832167
4.121500700,-0.654755019
4.121704100,-0.654677909
4.121907600,-0.646600761
4.122111000,-0.642523651
4.122314500,-0.638446503
4.122517900,-0.630369393
4.122721400,-0.626292245
4.122924800,-0.622215135
4.123128300,-0.614137987
4.123331700,-0.614060877
4.123535200,-0.601983729
4.123738600,-0.597906619
4.123942100,-0.597829471
4.124145500,-0.585752361
4.124349000,-0.585675213
4.124552400,-0.581598103
4.124755900,-0.573520955
4.124959300,-0.569443845
4.125162800,-0.565366697
4.125366200,-0.557289587
4.125569700,-0.553212439
4.125773100,-0.545135329
4.125976600,-0.541058181
4.126180000,-0.536981071
4.126383500,-0.528903923
4.126586900,-0.524826813
4.126790400,-0.516749665
4.126993800,-0.512672555
4.127197300,-0.508595407
4.127400700,-0.504518297
4.127604200,-0.492441150
4.127807600,-0.492364039
4.128011100,-0.484286892
4.128214500,-0.476209782
4.128418000,-0.472132634
4.128621400,-0.464055524
4.128824900,-0.455978376
4.129028300,-0.455901266
4.129231800,-0.447824118
4.129435200,-0.443747008
4.129638700,-0.435669860
4.129842100,-0.427592750
4.130045600,-0.423515602
4.130249000,-0.411438492
4.130452500,-0.407361344
4.130655900,-0.403284234
4.130859400,-0.391207086
4.131062800,-0.383129976
4.131266300,-0.379052828
4.131469700,-0.370975718
4.131673200,-0.362898570
4.131876600,-0.358821460
4.132080100,-0.346744312
4.132283500,-0.338667202
4.132487000,-0.330590054
4.132690400,-0.322512944
4.132893900,-0.310435796
4.133097300,-0.302358686
4.133300800,-0.298281538
4.133504200,-0.290204428
4.133707700,-0.274127280
4.133911100,-0.270050170
4.134114600,-0.261973022
4.134318000,-0.245895912
4.134521500,-0.237818764
4.134724900,-0.229741654
4.134928400,-0.213664506
4.135131800,-0.205587396
4.135335300,-0.193510248
4.135538700,-0.181433138
4.135742200,-0.173355990
4.135945600,-0.161278880
4.136149100,-0.153201733
4.136352500,-0.137124623
4.136556000,-0.125047475
4.136759400,-0.116970365
4.136962900,-0.100893217
4.137166300,-0.088816107
4.137369800,-0.080738959
4.137573200,-0.064661849
4.137776700,-0.052584701
4.137980100,-0.044507591
4.138183600,-0.032430443
4.138387000,-0.016353333
4.138590500,-0.008276185
4.138793900,0.007800925
4.138997400,0.023878073
4.139200800,0.031955183
4.139404300,0.044032331
4.139607700,0.060109441
4.139811200,0.072186589
4.140014600,0.084263699
4.140218100,0.092340847
4.140421500,0.112417957
4.140625000,0.120495105
4.140828500,0.128572253
4.141031900,0.148649363
4.141235400,0.160726511
4.141438800,0.168803621
4.141642300,0.188880769
4.141845700,0.196957879
4.142049200,0.205035027
4.142252600,0.213112137
4.142456100,0.229189285
4.142659500,0.237266395
4.142863000,0.249343543
4.143066400,0.265420653
4.143269900,0.269497801
4.143473300,0.281574911
4.143676800,0.297652059
4.143880200,0.305729169
4.144083700,0.313806316
4.144287100,0.317883427
4.144490600,0.337960574
4.144694000,0.342037684
4.144897500,0.346114832
4.145100900,0.362191942
4.145304400,0.370269090
4.145507800,0.374346200
4.145711300,0.390423348
4.145914700,0.394500458
4.146118200,0.398577606
4.146321600,0.410654716
4.146525100,0.414731864
4.146728500,0.422808974
4.146932000,0.426886122
4.147135400,0.434963232
4.147338900,0.443040380
4.147542300,0.447117490
4.147745800,0.455194638
4.147949200,0.463271748
4.148152700,0.467348896
4.148356100,0.471426006
4.148559600,0.479503154
4.148763000,0.483580264
4.148966500,0.483657412
4.149169900,0.495734522
4.149373400,0.495811670
4.149576800,0.499888780
4.149780300,0.507965928
4.149983700,0.512043038
4.150187200,0.516120186
4.150390600,0.520197296
4.150594100,0.524274444
4.150797500,0.528351554
4.151001000,0.532428702
4.151204400,0.536505812
4.151407900,0.540582960
4.151611300,0.540660070
4.151814800,0.544737218
4.152018200,0.552814328
4.152221700,0.552891476
4.152425100,0.556968586
4.152628600,0.561045733
4.152832000,0.561122844
4.153035500,0.561199991
4.153238900,0.569277101
4.153442400,0.569354249
4.153645800,0.573431359
4.153849300,0.577508507
4.154052700,0.577585617
4.154256200,0.585662765
4.154459600,0.585739875
4.154663100,0.585817023
4.154866500,0.593894133
4.155070000,0.593971281
4.155273400,0.594048391
4.155476900,0.602125539
4.155680300,0.602202649
4.155883800,0.602279797
4.156087200,0.606356907
4.156290700,0.610434055
4.156494100,0.610511165
4.156697600,0.614588313
4.156901000,0.618665423
4.157104500,0.618742571
4.157307900,0.622819681
4.157511400,0.622896829
4.157714800,0.626973939
4.157918300,0.631051087
4.158121700,0.631128197
4.158325200,0.635205345
4.158528600,0.639282455
4.158732100,0.639359603
4.158935500,0.643436713
4.159139000,0.643513861
4.159342400,0.647590971
4.159545900,0.651668119
4.159749300,0.651745229
4.159952800,0.651822377
4.160156300,0.659899525
4.160359700,0.659976635
4.160563200,0.660053782
4.160766600,0.664130893
4.160970100,0.668208040
4.161173500,0.668285150
4.161377000,0.672362298
4.161580400,0.672439408
4.161783900,0.676516556
4.161987300,0.680593666
4.162190800,0.680670814
4.162394200,0.680747924
4.162597700,0.688825072
4.162801100,0.688902182
4.163004600,0.692979330
4.163208000,0.697056440
4.163411500,0.697133588
4.163614900,0.701210698
4.163818400,0.705287846
4.164021800,0.705364956
4.164225300,0.709442104
4.164428700,0.713519214
4.164632200,0.713596362
4.164835600,0.717673472
4.165039100,0.721750620
4.165242500,0.721827730
4.165446000,0.729904878
4.165649400,0.729981988
4.165852900,0.734059136
4.166056300,0.738136246
4.166259800,0.738213394
4.166463200,0.742290504
4.166666700,0.746367652
4.166870100,0.750444762
4.167073600,0.750521910
4.167277000,0.758599020
4.167480500,0.758676168
4.167683900,0.762753278
4.167887400,0.766830426
4.168090800,0.770907536
4.168294300,0.770984684
4.168497700,0.779061794
4.168701200,0.783138942
4.168904600,0.783216052
4.169108100,0.791293199
4.169311500,0.791370310
4.169515000,0.799447457
4.169718400,0.799524567
4.169921900,0.803601715
4.170125300,0.811678825
4.170328800,0.811755973
4.170532200,0.815833083
4.170735700,0.823910231
4.170939100,0.823987341
4.171142600,0.828064489
4.171346000,0.836141599
4.171549500,0.840218747
4.171752900,0.840295857
4.171956400,0.848373005
4.172159800,0.852450115
4.172363300,0.852527263
4.172566700,0.860604373
4.172770200,0.864681521
4.172973600,0.864758631
4.173177100,0.872835779
4.173380500,0.876912889
4.173584000,0.880990037
4.173787400,0.885067147
4.173990900,0.889144295
4.174194300,0.893221405
4.174397800,0.897298553
4.174601200,0.905375663
4.174804700,0.905452811
4.175008100,0.913529921
4.175211600,0.913607069
4.175415000,0.917684179
4.175618500,0.925761327
4.175821900,0.925838437
4.176025400,0.929915585
4.176228800,0.937992695
4.176432300,0.938069843
4.176635700,0.946146953
4.176839200,0.950224101
4.177042600,0.954301211
4.177246100,0.954378359
4.177449500,0.962455469
4.177653000,0.966532616
4.177856400,0.966609726
4.178059900,0.974686874
4.178263300,0.978763984
4.178466800,0.982841132
4.178670200,0.986918242
4.178873700,0.990995390
4.179077100,0.995072500
4.179280600,0.999149648
4.179484000,1.003226758
4.179687500,1.007303906
4.179891000,1.011381054
4.180094400,1.015458164
4.180297900,1.019535312
4.180501300,1.019612422
4.180704800,1.023689570
4.180908200,1.031766680
4.181111700,1.031843828
4.181315100,1.035920938
4.181518600,1.043998086
4.181722000,1.044075196
4.181925500,1.048152344
4.182128900,1.052229454
4.182332400,1.056306602
4.182535800,1.056383712
4.182739300,1.064460860
4.182942700,1.068537970
4.183146200,1.068615118
4.183349600,1.076692228
4.183553100,1.076769376
4.183756500,1.080846486
4.183960000,1.084923634
4.184163400,1.089000744
4.184366900,1.093077892
4.184570300,1.097155002
4.184773800,1.101232150
4.184977200,1.101309260
4.185180700,1.109386408
4.185384100,1.109463518
4.185587600,1.113540665
4.185791000,1.117617776
4.185994500,1.121694923
4.186197900,1.121772033
4.186401400,1.129849181
4.186604800,1.129926291
4.186808300,1.134003439
4.187011700,1.138080549
4.187215200,1.142157697
4.187418600,1.146234807
4.187622100,1.150311955
4.187825500,1.150389065
4.188029000,1.154466213
4.188232400,1.162543323
4.188435900,1.162620471
4.188639300,1.162697581
4.188842800,1.170774729
4.189046200,1.170851839
4.189249700,1.174928987
4.189453100,1.183006097
4.189656600,1.183083245
4.189860000,1.183160355
4.190063500,1.191237503
4.190266900,1.191314613
4.190470400,1.195391761
4.190673800,1.199468871
4.190877300,1.203546019
4.191080700,1.203623129
4.191284200,1.211700277
4.191487600,1.211777387
4.191691100,1.215854535
4.191894500,1.219931645
4.192098000,1.220008793
4.192301400,1.224085903
4.192504900,1.228163051
4.192708300,1.232240161
4.192911800,1.232317309
4.193115200,1.240394419
4.193318700,1.240471567
4.193522100,1.244548677
4.193725600,1.248625825
4.193929000,1.252702935
4.194132500,1.252780082
4.194335900,1.260857193
4.194539400,1.260934340
4.194742800,1.265011450
4.194946300,1.269088598
4.195149700,1.273165708
4.195353200,1.273242856
4.195556600,1.281319966
4.195760100,1.281397114
4.195963500,1.285474224
4.196167000,1.289551372
4.196370400,1.293628482
4.196573900,1.293705630
4.196777300,1.301782740
4.196980800,1.301859888
4.197184200,1.305936998
4.197387700,1.310014146
4.197591100,1.314091256
4.197794600,1.318168404
4.197998000,1.322245514
4.198201500,1.326322662
4.198404900,1.326399772
4.198608400,1.334476920
4.198811800,1.334554030
4.199015300,1.338631178
4.199218800,1.346708326
4.199422200,1.346785436
4.199625700,1.350862584
4.199829100,1.354939694
4.200032600,1.359016842
4.200236000,1.363093952
4.200439500,1.367171100
4.200642900,1.371248210
4.200846400,1.371325358
4.201049800,1.379402468
4.201253300,1.383479616
4.201456700,1.383556726
4.201660200,1.387633874
4.201863600,1.391710984
4.202067100,1.395788132
4.202270500,1.399865242
4.202474000,1.403942389
4.202677400,1.408019499
4.202880900,1.412096647
4.203084300,1.416173757
4.203287800,1.420250905
4.203491200,1.420328015
4.203694700,1.428405163
4.203898100,1.428482273
4.204101600,1.432559421
4.204305000,1.440636531
4.204508500,1.440713679
4.204711900,1.444790789
4.204915400,1.452867937
4.205118800,1.452945047
4.205322300,1.453022195
4.205525700,1.461099305
4.205729200,1.465176453
4.205932600,1.465253563
4.206136100,1.473330711
4.206339500,1.473407821
4.206543000,1.477484969
4.206746400,1.481562079
4.206949900,1.485639227
4.207153300,1.489716337
4.207356800,1.493793485
4.207560200,1.493870595
4.207763700,1.497947743
4.207967100,1.502024853
4.208170600,1.506102001
4.208374000,1.510179111
4.208577500,1.514256259
4.208780900,1.514333369
4.208984400,1.518410517
4.209187800,1.526487627
4.209391300,1.526564775
4.209594700,1.526641885
4.209798200,1.534719033
4.210001600,1.534796143
4.210205100,1.538873291
4.210408500,1.538950401
4.210612000,1.547027548
4.210815400,1.547104659
4.211018900,1.551181806
4.211222300,1.555258916
4.211425800,1.559336064
4.211629200,1.559413174
4.211832700,1.567490322
4.212036100,1.567567432
4.212239600,1.567644580
4.212443000,1.575721690
4.212646500,1.575798838
4.212849900,1.579875948
4.213053400,1.583953096
4.213256800,1.588030206
4.213460300,1.588107354
4.213663700,1.596184464
4.213867200,1.596261612
4.214070600,1.596338722
4.214274100,1.604415870
4.214477500,1.604492980
4.214681000,1.604570128
4.214884400,1.612647238
4.215087900,1.612724386
4.215291300,1.616801496
4.215494800,1.620878644
4.215698200,1.624955754
4.215901700,1.625032902
4.216105100,1.629110012
4.216308600,1.633187160
4.216512000,1.633264270
4.216715500,1.633341418
4.216918900,1.641418528
4.217122400,1.641495676
4.217325800,1.645572786
4.217529300,1.649649934
4.217732700,1.649727044
4.217936200,1.653804192
4.218139600,1.657881302
4.218343100,1.657958450
4.218546500,1.662035560
4.218750000,1.666112708
4.218953500,1.666189855
4.219156900,1.670266965
4.219360400,1.674344113
4.219563800,1.674421223
4.219767300,1.678498371
4.219970700,1.682575481
4.220174200,1.682652629
4.220377600,1.682729739
4.220581100,1.690806887
4.220784500,1.690883997
4.220988000,1.690961145
4.221191400,1.699038255
4.221394900,1.699115403
4.221598300,1.699192513
4.221801800,1.699269661
4.222005200,1.703346771
4.222208700,1.707423919
4.222412100,1.707501029
4.222615600,1.711578177
4.222819000,1.711655287
4.223022500,1.711732435
4.223225900,1.719809545
4.223429400,1.719886693
4.223632800,1.719963803
4.223836300,1.724040951
4.224039700,1.724118061
4.224243200,1.724195209
4.224446600,1.728272319
4.224650100,1.728349467
4.224853500,1.728426577
4.225057000,1.732503725
4.225260400,1.732580835
4.225463900,1.732657983
4.225667300,1.736735093
4.225870800,1.736812241
4.226074200,1.736889351
4.226277700,1.736966499
4.226481100,1.741043609
4.226684600,1.741120757
4.226888000,1.741197867
4.227091500,1.745275015
4.227294900,1.745352125
4.227498400,1.745429272
4.227701800,1.749506382
4.227905300,1.749583530
4.228108700,1.749660640
4.228312200,1.749737788
4.228515600,1.749814898
4.228719100,1.749892046
4.228922500,1.753969156
4.229126000,1.754046304
4.229329400,1.750123414
4.229532900,1.754200562
4.229736300,1.754277672
4.229939800,1.754354820
4.230143200,1.754431930
4.230346700,1.754509078
4.230550100,1.754586188
4.230753600,1.754663336
4.230957000,1.754740446
4.231160500,1.754817594
4.231363900,1.754894704
4.231567400,1.754971852
4.231770800,1.755048962
4.231974300,1.755126110
4.232177700,1.755203220
4.232381200,1.755280368
4.232584600,1.751357478
4.232788100,1.755434626
4.232991500,1.755511736
4.233195000,1.751588884
4.233398400,1.751665994
4.233601900,1.751743142
4.233805300,1.751820252
4.234008800,1.747897400
4.234212200,1.751974510
4.234415700,1.752051658
4.234619100,1.748128768
4.234822600,1.748205916
4.235026000,1.748283026
4.235229500,1.744360174
4.235432900,1.748437284
4.235636400,1.748514431
4.235839800,1.744591542
4.236043300,1.744668689
4.236246700,1.744745799
4.236450200,1.740822947
4.236653600,1.740900057
4.236857100,1.740977205
4.237060500,1.741054315
4.237264000,1.737131463
4.237467400,1.737208573
4.237670900,1.737285721
4.237874300,1.737362831
4.238077800,1.737439979
4.238281300,1.733517127
4.238484700,1.733594237
4.238688200,1.733671385
4.238891600,1.729748495
4.239095100,1.729825643
4.239298500,1.729902753
4.239502000,1.729979901
4.239705400,1.726057011
4.239908900,1.726134159
4.240112300,1.726211269
4.240315800,1.722288417
4.240519200,1.722365527
4.240722700,1.722442675
4.240926100,1.722519785
4.241129600,1.718596933
4.241333000,1.722674043
4.241536500,1.718751191
4.241739900,1.718828301
4.241943400,1.718905449
4.242146800,1.718982559
4.242350300,1.715059707
4.242553700,1.715136817
4.242757200,1.715213965
4.242960600,1.715291075
4.243164100,1.715368223
4.243367500,1.715445333
4.243571000,1.715522481
4.243774400,1.711599591
4.243977900,1.715676738
4.244181300,1.711753848
4.244384800,1.711830996
4.244588200,1.715908106
4.244791700,1.711985254
4.244995100,1.712062364
4.245198600,1.712139512
4.245402000,1.712216622
4.245605500,1.712293770
4.245808900,1.712370880
4.246012400,1.716448028
4.246215800,1.712525138
4.246419300,1.712602286
4.246622700,1.716679396
4.246826200,1.716756544
4.247029600,1.716833654
4.247233100,1.716910802
4.247436500,1.716987912
4.247640000,1.717065060
4.247843400,1.717142170
4.248046900,1.721219318
4.248250300,1.721296428
4.248453800,1.721373576
4.248657200,1.725450686
4.248860700,1.725527834
4.249064100,1.725604944
4.249267600,1.729682092
4.249471000,1.729759202
4.249674500,1.729836350
4.249877900,1.733913460
4.250081400,1.733990608
4.250284800,1.734067718
4.250488300,1.734144866
4.250691700,1.738221976
4.250895200,1.738299124
4.251098600,1.738376234
4.251302100,1.742453382
4.251505500,1.746530492
4.251709000,1.746607640
4.251912400,1.750684750
4.252115900,1.750761897
4.252319300,1.754839008
4.252522800,1.754916155
4.252726200,1.758993265
4.252929700,1.763070413
4.253133100,1.763147523
4.253336600,1.767224671
4.253540000,1.771301781
4.253743500,1.771378929
4.253946900,1.775456039
4.254150400,1.779533187
4.254353800,1.783610297
4.254557300,1.787687445
4.254760700,1.791764555
4.254964200,1.791841703
4.255167600,1.795918813
4.255371100,1.799995961
4.255574500,1.804073071
4.255778000,1.804150219
4.255981400,1.812227329
4.256184900,1.816304477
4.256388300,1.816381587
4.256591800,1.824458735
4.256795200,1.828535845
4.256998700,1.832612993
4.257202100,1.832690103
4.257405600,1.840767251
4.257609000,1.844844361
4.257812500,1.848921509
4.258016000,1.852998657
4.258219400,1.857075767
4.258422900,1.861152915
4.258626300,1.869230025
4.258829800,1.873307173
4.259033200,1.877384283
4.259236700,1.877461431
4.259440100,1.885538541
4.259643600,1.889615689
4.259847000,1.893692799
4.260050500,1.901769947
4.260253900,1.905847057
4.260457400,1.909924204
4.260660800,1.914001314
4.260864300,1.922078462
4.261067700,1.922155572
4.261271200,1.926232720
4.261474600,1.934309830
4.261678100,1.938386978
4.261881500,1.942464088
4.262085000,1.950541236
4.262288400,1.954618346
4.262491900,1.958695494
4.262695300,1.962772604
4.262898800,1.970849752
4.263102200,1.970926862
4.263305700,1.975004010
4.263509100,1.983081120
4.263712600,1.987158268
4.263916000,1.991235378
4.264119500,1.995312526
4.264322900,2.003389636
4.264526400,2.003466784
4.264729800,2.011543894
4.264933300,2.015621042
4.265136700,2.019698152
4.265340200,2.019775300
4.265543600,2.031852410
4.265747100,2.031929558
4.265950500,2.036006668
4.266154000,2.040083816
4.266357400,2.048160926
4.266560900,2.048238074
4.266764300,2.056315184
4.266967800,2.060392332
4.267171200,2.060469442
4.267374700,2.064546590
4.267578100,2.072623700
4.267781600,2.072700848
4.267985000,2.076777958
4.268188500,2.080855106
4.268391900,2.084932216
4.268595400,2.089009364
4.268798800,2.093086474
4.269002300,2.097163621
4.269205700,2.101240731
4.269409200,2.101317879
4.269612600,2.109394989
4.269816100,2.109472137
4.270019500,2.113549247
4.270223000,2.117626395
4.270426400,2.121703505
4.270629900,2.121780653
4.270833300,2.125857763
4.271036800,2.129934911
4.271240200,2.134012021
4.271443700,2.134089169
4.271647100,2.142166279
4.271850600,2.142243427
4.272054000,2.142320537
4.272257500,2.150397685
4.272460900,2.150474795
4.272664400,2.150551943
4.272867800,2.150629053
4.273071300,2.158706201
4.273274700,2.158783311
4.273478200,2.158860459
4.273681600,2.166937569
4.273885100,2.167014717
4.274088500,2.167091827
4.274292000,2.175168975
4.274495400,2.175246085
4.274698900,2.175323233
4.274902300,2.175400343
4.275105800,2.179477491
4.275309200,2.179554601
4.275512700,2.183631749
4.275716100,2.187708859
4.275919600,2.187786007
4.276123000,2.187863117
4.276326500,2.187940265
4.276529900,2.192017375
4.276733400,2.192094523
4.276936800,2.192171633
4.277140300,2.196248780
4.277343800,2.196325928
4.277547200,2.196403038
4.277750700,2.196480186
4.277954100,2.200557296
4.278157600,2.200634444
4.278361000,2.200711554
4.278564500,2.204788702
4.278767900,2.204865812
4.278971400,2.204942960
4.279174800,2.209020070
4.279378300,2.209097218
4.279581700,2.209174328
4.279785200,2.205251476
4.279988600,2.209328586
4.280192100,2.209405734
4.280395500,2.209482844
4.280599000,2.213559992
4.280802400,2.213637102
4.281005900,2.209714250
4.281209300,2.209791360
4.281412800,2.213868508
4.281616200,2.213945618
4.281819700,2.210022766
4.282023100,2.214099876
4.282226600,2.214177024
4.282430000,2.210254134
4.282633500,2.210331282
4.282836900,2.214408392
4.283040400,2.210485540
4.283243800,2.210562650
4.283447300,2.214639798
4.283650700,2.214716908
4.283854200,2.210794056
4.284057600,2.214871166
4.284261100,2.210948314
4.284464500,2.211025424
4.284668000,2.207102572
4.284871400,2.211179682
4.285074900,2.207256830
4.285278300,2.207333940
4.285481800,2.211411087
4.285685200,2.207488197
4.285888700,2.207565345
4.286092100,2.203642455
4.286295600,2.207719603
4.286499000,2.203796713
4.286702500,2.203873861
4.286905900,2.203950971
4.287109400,2.200028119
4.287312800,2.200105229
4.287516300,2.196182377
4.287719700,2.200259487
4.287923200,2.196336635
4.288126600,2.196413745
4.288330100,2.196490893
4.288533500,2.192568003
4.288737000,2.188645151
4.288940400,2.188722261
4.289143900,2.188799409
4.289347300,2.184876519
4.289550800,2.184953667
4.289754200,2.185030777
4.289957700,2.181107925
4.290161100,2.181185035
4.290364600,2.177262183
4.290568000,2.177339293
4.290771500,2.173416441
4.290974900,2.173493551
4.291178400,2.169570699
4.291381800,2.169647809
4.291585300,2.165724957
4.291788700,2.161802067
4.291992200,2.161879215
4.292195600,2.157956325
4.292399100,2.158033473
4.292602500,2.154110583
4.292806000,2.154187731
4.293009400,2.150264841
4.293212900,2.146341989
4.293416300,2.146419099
4.293619800,2.142496247
4.293823200,2.138573357
4.294026700,2.138650504
4.294230100,2.134727614
4.294433600,2.134804762
4.294637000,2.126881872
4.294840500,2.126959020
4.295043900,2.127036130
4.295247400,2.119113278
4.295450800,2.123190388
4.295654300,2.119267536
4.295857700,2.111344646
4.296061200,2.107421794
4.296264600,2.111498904
4.296468100,2.107576052
4.296671500,2.099653162
4.296875000,2.103730310
4.297078500,2.099807458
4.297281900,2.091884568
4.297485400,2.091961716
4.297688800,2.092038826
4.297892300,2.084115974
4.298095700,2.084193084
4.298299200,2.084270232
4.298502600,2.076347342
4.298706100,2.076424490
4.298909500,2.072501600
4.299113000,2.072578748
4.299316400,2.068655858
4.299519900,2.064733006
4.299723300,2.064810116
4.299926800,2.060887264
4.300130200,2.056964374
4.300333700,2.057041522
4.300537100,2.053118632
4.300740600,2.053195780
4.300944000,2.049272890
4.301147500,2.049350038
4.301350900,2.045427148
4.301554400,2.045504296
4.301757800,2.041581406
4.301961300,2.041658553
4.302164700,2.037735663
4.302368200,2.037812811
4.302571600,2.037889921
4.302775100,2.033967069
4.302978500,2.030044179
4.303182000,2.030121327
4.303385400,2.030198437
4.303588900,2.030275585
4.303792300,2.026352695
4.303995800,2.022429843
4.304199200,2.026506953
4.304402700,2.022584101
4.304606100,2.022661211
4.304809600,2.022738359
4.305013000,2.022815469
4.305216500,2.018892617
4.305419900,2.018969727
4.305623400,2.019046875
4.305826800,2.019123985
4.306030300,2.019201133
4.306233700,2.019278243
4.306437200,2.019355391
4.306640600,2.015432501
4.306844100,2.015509649
4.307047500,2.019586759
4.307251000,2.019663907
4.307454400,2.015741017
4.307657900,2.019818165
4.307861300,2.019895275
4.308064800,2.019972423
4.308268200,2.020049533
4.308471700,2.020126681
4.308675100,2.020203791
4.308878600,2.020280939
4.309082000,2.020358049
4.309285500,2.024435197
4.309488900,2.024512307
4.309692400,2.024589455
4.309895800,2.024666565
4.310099300,2.024743713
4.310302700,2.024820823
4.310506200,2.024897970
4.310709600,2.028975080
4.310913100,2.029052228
4.311116500,2.029129338
4.311320000,2.033206486
4.311523400,2.033283596
4.311726900,2.033360744
4.311930300,2.033437854
4.312133800,2.037515002
4.312337200,2.037592112
4.312540700,2.037669260
4.312744100,2.037746370
4.312947600,2.041823518
4.313151000,2.041900628
4.313354500,2.041977776
4.313557900,2.046054886
4.313761400,2.046132034
4.313964800,2.046209144
4.314168300,2.046286292
4.314371700,2.050363402
4.314575200,2.050440550
4.314778600,2.046517660
4.314982100,2.046594808
4.315185500,2.050671918
4.315389000,2.050749066
4.315592400,2.050826176
4.315795900,2.054903324
4.315999300,2.054980434
4.316202800,2.055057582
4.316406300,2.055134730
4.316609700,2.059211840
4.316813200,2.059288988
4.317016600,2.059366098
4.317220100,2.059443246
4.317423500,2.059520356
4.317627000,2.059597504
4.317830400,2.059674614
4.318033900,2.063751762
4.318237300,2.059828872
4.318440800,2.059906019
4.318644200,2.059983130
4.318847700,2.064060277
4.319051100,2.060137387
4.319254600,2.060214535
4.319458000,2.064291645
4.319661500,2.064368793
4.319864900,2.060445903
4.320068400,2.060523051
4.320271800,2.064600161
4.320475300,2.060677309
4.320678700,2.060754419
4.320882200,2.056831567
4.321085600,2.060908677
4.321289100,2.060985825
4.321492500,2.057062935
4.321696000,2.061140083
4.321899400,2.057217193
4.322102900,2.057294341
4.322306300,2.053371451
4.322509800,2.057448599
4.322713200,2.053525709
4.322916700,2.049602857
4.323120100,2.049679967
4.323323600,2.053757115
4.323527000,2.049834225
4.323730500,2.045911373
4.323933900,2.049988483
4.324137400,2.046065631
4.324340800,2.042142741
4.324544300,2.038219889
4.324747700,2.042296999
4.324951200,2.038374147
4.325154600,2.034451257
4.325358100,2.034528405
4.325561500,2.030605515
4.325765000,2.030682663
4.325968400,2.026759773
4.326171900,2.026836921
4.326375300,2.022914031
4.326578800,2.022991179
4.326782200,2.015068289
4.326985700,2.019145436
4.327189100,2.015222546
4.327392600,2.011299694
4.327596000,2.007376804
4.327799500,2.007453952
4.328002900,2.003531062
4.328206400,1.999608210
4.328409800,1.999685320
4.328613300,1.995762468
4.328816700,1.991839578
4.329020200,1.987916726
4.329223600,1.987993836
4.329427100,1.984070984
4.329630500,1.980148094
4.329834000,1.976225242
4.330037400,1.976302352
4.330240900,1.968379500
4.330444300,1.968456610
4.330647800,1.964533758
4.330851200,1.960610868
4.331054700,1.956688016
4.331258100,1.952765126
4.331461600,1.952842274
4.331665000,1.948919384
4.331868500,1.944996532
4.332071900,1.941073642
4.332275400,1.937150790
4.332478800,1.933227900
4.332682300,1.929305048
4.332885700,1.921382158
4.333089200,1.921459306
4.333292600,1.917536416
4.333496100,1.913613564
4.333699500,1.905690674
4.333903000,1.905767822
4.334106400,1.901844932
4.334309900,1.897922080
4.334513300,1.897999190
4.334716800,1.894076338
4.334920200,1.886153448
4.335123700,1.882230596
4.335327100,1.878307706
4.335530600,1.874384853
4.335734000,1.866461963
4.335937500,1.862539111
4.336141000,1.862616259
4.336344400,1.854693369
4.336547900,1.850770517
4.336751300,1.850847627
4.336954800,1.842924775
4.337158200,1.839001885
4.337361700,1.835079033
4.337565100,1.827156143
4.337768600,1.823233291
4.337972000,1.819310401
4.338175500,1.815387549
4.338378900,1.811464659
4.338582400,1.807541807
4.338785800,1.799618917
4.338989300,1.791696065
4.339192700,1.791773175
4.339396200,1.787850323
4.339599600,1.775927433
4.339803100,1.772004581
4.340006500,1.772081691
4.340210000,1.768158839
4.340413400,1.756235949
4.340616900,1.756313097
4.340820300,1.752390207
4.341023800,1.740467355
4.341227200,1.736544465
4.341430700,1.736621613
4.341634100,1.724698723
4.341837600,1.720775871
4.342041000,1.712852981
4.342244500,1.712930129
4.342447900,1.701007239
4.342651400,1.697084387
4.342854800,1.693161497
4.343058300,1.685238645
4.343261700,1.681315755
4.343465200,1.673392902
4.343668600,1.665470013
4.343872100,1.661547160
4.344075500,1.657624270
4.344279000,1.649701418
4.344482400,1.641778528
4.344685900,1.637855676
4.344889300,1.633932786
4.345092800,1.622009934
4.345296200,1.618087044
4.345499700,1.614164192
4.345703100,1.602241302
4.345906600,1.598318450
4.346110000,1.594395560
4.346313500,1.582472708
4.346516900,1.578549818
4.346720400,1.570626966
4.346923800,1.570704076
4.347127300,1.558781224
4.347330700,1.550858334
4.347534200,1.550935482
4.347737600,1.539012592
4.347941100,1.531089740
4.348144500,1.527166850
4.348348000,1.519243998
4.348551400,1.511321108
4.348754900,1.507398256
4.348958300,1.503475366
4.349161800,1.495552514
4.349365200,1.487629624
4.349568700,1.483706772
4.349772100,1.471783882
4.349975600,1.467861030
4.350179000,1.463938140
4.350382500,1.452015288
4.350585900,1.444092398
4.350789400,1.444169546
4.350992800,1.436246656
4.351196300,1.424323804
4.351399700,1.420400914
4.351603200,1.416478062
4.351806600,1.404555172
4.352010100,1.400632319
4.352213500,1.400709429
4.352417000,1.388786577
4.352620400,1.380863687
4.352823900,1.376940835
4.353027300,1.373017945
4.353230800,1.361095093
4.353434200,1.357172203
4.353637700,1.353249351
4.353841100,1.345326461
4.354044600,1.337403609
4.354248000,1.333480719
4.354451500,1.321557867
4.354654900,1.321634977
4.354858400,1.313712125
4.355061800,1.305789235
4.355265300,1.297866383
4.355468800,1.297943531
4.355672200,1.294020641
4.355875700,1.282097789
4.356079100,1.278174899
4.356282600,1.274252047
4.356486000,1.266329157
4.356689500,1.262406305
4.356892900,1.254483415
4.357096400,1.250560563
4.357299800,1.246637673
4.357503300,1.238714821
4.357706700,1.234791931
4.357910200,1.230869079
4.358113600,1.226946189
4.358317100,1.223023337
4.358520500,1.215100447
4.358724000,1.211177595
4.358927400,1.207254705
4.359130900,1.199331853
4.359334300,1.199408963
4.359537800,1.195486111
4.359741200,1.191563221
4.359944700,1.183640368
4.360148100,1.187717479
4.360351600,1.183794626
4.360555000,1.175871736
4.360758500,1.171948884
4.360961900,1.172025994
4.361165400,1.168103142
4.361368800,1.164180252
4.361572300,1.164257400
4.361775700,1.164334510
4.361979200,1.160411658
4.362182600,1.156488768
4.362386100,1.156565916
4.362589500,1.156643026
4.362793000,1.152720174
4.362996400,1.152797284
4.363199900,1.148874432
4.363403300,1.152951542
4.363606800,1.153028690
4.363810200,1.149105800
4.364013700,1.149182948
4.364217100,1.153260058
4.364420600,1.153337206
4.364624000,1.153414316
4.364827500,1.153491464
4.365030900,1.157568574
4.365234400,1.157645722
4.365437800,1.157722832
4.365641300,1.157799980
4.365844700,1.165877090
4.366048200,1.165954238
4.366251600,1.166031348
4.366455100,1.166108496
4.366658500,1.174185606
4.366862000,1.178262754
4.367065400,1.178339864
4.367268900,1.186417012
4.367472300,1.190494122
4.367675800,1.190571270
4.367879200,1.198648380
4.368082700,1.202725528
4.368286100,1.206802638
4.368489600,1.210879785
4.368693000,1.214956895
4.368896500,1.223034043
4.369099900,1.227111153
4.369303400,1.231188301
4.369506800,1.235265411
4.369710300,1.243342559
4.369913700,1.251419669
4.370117200,1.255496817
4.370320600,1.259573927
4.370524100,1.267651075
4.370727500,1.275728185
4.370931000,1.279805333
4.371134400,1.287882443
4.371337900,1.299959591
4.371541300,1.304036701
4.371744800,1.308113849
4.371948200,1.316190959
4.372151700,1.328268107
4.372355100,1.332345217
4.372558600,1.336422365
4.372762000,1.344499475
4.372965500,1.356576623
4.373168900,1.360653733
4.373372400,1.368730881
4.373575800,1.376807991
4.373779300,1.384885139
4.373982700,1.392962249
4.374186200,1.401039397
4.374389600,1.405116507
4.374593100,1.421193655
4.374796500,1.425270765
4.375000000,1.429347913
4.375203500,1.433425061
4.375406900,1.449502171
4.375610400,1.453579319
4.375813800,1.461656429
4.376017300,1.469733577
4.376220700,1.477810687
4.376424200,1.485887834
4.376627600,1.493964945
4.376831100,1.498042092
4.377034500,1.510119202
4.377238000,1.514196350
4.377441400,1.522273460
4.377644900,1.526350608
4.377848300,1.538427718
4.378051800,1.546504866
4.378255200,1.550581976
4.378458700,1.554659124
4.378662100,1.570736234
4.378865600,1.574813382
4.379069000,1.578890492
4.379272500,1.582967640
4.379475900,1.595044750
4.379679400,1.599121898
4.379882800,1.607199008
4.380086300,1.615276156
4.380289700,1.623353266
4.380493200,1.627430414
4.380696600,1.635507524
4.380900100,1.639584672
4.381103500,1.647661782
4.381307000,1.651738930
4.381510400,1.659816040
4.381713900,1.663893188
4.381917300,1.671970298
4.382120800,1.680047446
4.382324200,1.684124556
4.382527700,1.688201704
4.382731100,1.700278814
4.382934600,1.704355962
4.383138000,1.708433072
4.383341500,1.712510220
4.383544900,1.724587330
4.383748400,1.724664478
4.383951800,1.728741588
4.384155300,1.736818736
4.384358700,1.744895846
4.384562200,1.748972994
4.384765600,1.757050104
4.384969100,1.757127251
4.385172500,1.761204362
4.385376000,1.773281509
4.385579400,1.777358619
4.385782900,1.781435767
4.385986300,1.781512877
4.386189800,1.793590025
4.386393200,1.797667135
4.386596700,1.801744283
4.386800100,1.805821393
4.387003600,1.813898541
4.387207000,1.817975651
4.387410500,1.822052799
4.387613900,1.826129909
4.387817400,1.834207057
4.388020800,1.838284167
4.388224300,1.842361315
4.388427700,1.846438425
4.388631200,1.850515573
4.388834600,1.858592683
4.389038100,1.862669831
4.389241500,1.862746941
4.389445000,1.874824089
4.389648400,1.874901199
4.389851900,1.878978347
4.390055300,1.883055457
4.390258800,1.891132605
4.390462200,1.895209715
4.390665700,1.899286863
4.390869100,1.903363973
4.391072600,1.911441121
4.391276000,1.911518231
4.391479500,1.919595379
4.391682900,1.919672489
4.391886400,1.927749637
4.392089800,1.927826747
4.392293300,1.935903895
4.392496700,1.935981005
4.392700200,1.944058153
4.392903600,1.948135263
4.393107100,1.952212411
4.393310500,1.952289521
4.393514000,1.960366668
4.393717400,1.964443778
4.393920900,1.968520926
4.394124300,1.972598036
4.394327800,1.972675184
4.394531300,1.980752332
4.394734700,1.980829442
4.394938200,1.984906590
4.395141600,1.988983700
4.395345100,1.997060848
4.395548500,2.001137958
4.395752000,2.001215106
4.395955400,2.005292216
4.396158900,2.013369364
4.396362300,2.013446474
4.396565800,2.013523622
4.396769200,2.017600732
4.396972700,2.025677880
4.397176100,2.025754990
4.397379600,2.029832138
4.397583000,2.033909248
4.397786500,2.037986396
4.397989900,2.042063506
4.398193400,2.042140654
4.398396800,2.046217764
4.398600300,2.050294912
4.398803700,2.054372022
4.399007200,2.054449170
4.399210600,2.058526280
4.399414100,2.062603428
4.399617500,2.066680538
4.399821000,2.066757686
4.400024400,2.070834796
4.400227900,2.070911944
4.400431300,2.078989054
4.400634800,2.079066202
4.400838200,2.079143312
4.401041700,2.083220460
4.401245100,2.087297570
4.401448600,2.087374717
4.401652000,2.091451828
4.401855500,2.091528975
4.402058900,2.099606085
4.402262400,2.099683233
4.402465800,2.099760343
4.402669300,2.103837491
4.402872700,2.107914601
4.403076200,2.107991749
4.403279600,2.112068859
4.403483100,2.112146007
4.403686500,2.116223117
4.403890000,2.116300265
4.404093400,2.120377375
4.404296900,2.120454523
4.404500300,2.124531633
4.404703800,2.124608781
4.404907200,2.128685891
4.405110700,2.128763039
4.405314100,2.128840149
4.405517600,2.132917297
4.405721000,2.136994407
4.405924500,2.137071555
4.406127900,2.137148665
4.406331400,2.141225813
4.406534800,2.141302923
4.406738300,2.141380071
4.406941700,2.145457181
4.407145200,2.149534329
4.407348600,2.149611439
4.407552100,2.149688587
4.407755500,2.149765697
4.407959000,2.153842845
4.408162400,2.153919955
4.408365900,2.153997103
4.408569300,2.158074213
4.408772800,2.162151361
4.408976200,2.162228471
4.409179700,2.162305619
4.409383100,2.162382729
4.409586600,2.162459877
4.409790000,2.166536987
4.409993500,2.166614134
4.410196900,2.166691245
4.410400400,2.166768392
4.410603800,2.170845502
4.410807300,2.170922650
4.411010700,2.174999760
4.411214200,2.175076908
4.411417600,2.179154018
4.411621100,2.179231166
4.411824500,2.179308276
4.412028000,2.179385424
4.412231400,2.183462534
4.412434900,2.183539682
4.412638300,2.183616792
4.412841800,2.183693940
4.413045200,2.183771050
4.413248700,2.187848198
4.413452100,2.187925308
4.413655600,2.188002456
4.413859000,2.188079566
4.414062500,2.192156714
4.414266000,2.192233862
4.414469400,2.192310972
4.414672900,2.192388120
4.414876300,2.196465230
4.415079800,2.196542378
4.415283200,2.196619488
4.415486700,2.196696636
4.415690100,2.204773746
4.415893600,2.204850894
4.416097000,2.204928004
4.416300500,2.205005152
4.416503900,2.205082262
4.416707400,2.209159410
4.416910800,2.209236520
4.417114300,2.209313668
4.417317700,2.209390778
4.417521200,2.213467926
4.417724600,2.213545036
4.417928100,2.213622184
4.418131500,2.213699294
4.418335000,2.217776441
4.418538400,2.221853551
4.418741900,2.221930699
4.418945300,2.222007809
4.419148800,2.222084957
4.419352200,2.226162067
4.419555700,2.226239215
4.419759100,2.226316325
4.419962600,2.226393473
4.420166000,2.230470583
4.420369500,2.230547731
4.420572900,2.234624841
4.420776400,2.234701989
4.420979800,2.238779099
4.421183300,2.238856247
4.421386700,2.238933357
4.421590200,2.239010505
4.421793600,2.247087615
4.421997100,2.247164763
4.422200500,2.247241873
4.422404000,2.247319021
4.422607400,2.247396131
4.422810900,2.251473279
4.423014300,2.251550389
4.423217800,2.255627537
4.423421200,2.255704647
4.423624700,2.259781795
4.423828100,2.259858905
4.424031600,2.259936053
4.424235000,2.264013163
4.424438500,2.268090311
4.424641900,2.268167421
4.424845400,2.268244569
4.425048800,2.268321679
4.425252300,2.272398827
4.425455700,2.276475937
4.425659200,2.276553085
4.425862600,2.280630195
4.426066100,2.280707343
4.426269500,2.284784453
4.426473000,2.284861600
4.426676400,2.288938711
4.426879900,2.289015858
4.427083300,2.293092968
4.427286800,2.293170116
4.427490200,2.297247226
4.427693700,2.297324374
4.427897100,2.297401484
4.428100600,2.305478632
4.428304000,2.305555742
4.428507500,2.305632890
4.428710900,2.309710000
4.428914400,2.313787148
4.429117800,2.313864258
4.429321300,2.317941406
4.429524700,2.318018516
4.429728200,2.318095664
4.429931600,2.326172774
4.430135100,2.326249922
4.430338500,2.326327032
4.430542000,2.330404180
4.430745400,2.334481290
4.430948900,2.334558438
4.431152300,2.338635548
4.431355800,2.338712696
4.431559200,2.342789806
4.431762700,2.346866954
4.431966100,2.346944064
4.432169600,2.347021212
4.432373000,2.351098322
4.432576500,2.355175470
4.432779900,2.359252580
4.432983400,2.359329728
4.433186800,2.363406838
4.433390300,2.367483986
4.433593800,2.367561134
4.433797200,2.367638244
4.434000700,2.371715392
4.434204100,2.375792502
4.434407600,2.375869650
4.434611000,2.379946760
4.434814500,2.380023907
4.435017900,2.384101017
4.435221400,2.388178165
4.435424800,2.388255275
4.435628300,2.392332423
4.435831700,2.392409533
4.436035200,2.396486681
4.436238600,2.400563791
4.436442100,2.400640939
4.436645500,2.404718049
4.436849000,2.404795197
4.437052400,2.408872307
4.437255900,2.412949455
4.437459300,2.413026565
4.437662800,2.413103713
4.437866200,2.417180823
4.438069700,2.421257971
4.438273100,2.421335081
4.438476600,2.421412229
4.438680000,2.425489339
4.438883500,2.429566487
4.439086900,2.429643597
4.439290400,2.429720745
4.439493800,2.433797855
4.439697300,2.437875003
4.439900700,2.437952113
4.440104200,2.438029261
4.440307600,2.438106371
4.440511100,2.446183519
4.440714500,2.446260629
4.440918000,2.446337777
4.441121400,2.446414887
4.441324900,2.450492035
4.441528300,2.454569145
4.441731800,2.454646293
4.441935200,2.454723403
4.442138700,2.454800551
4.442342100,2.458877661
4.442545600,2.462954809
4.442749000,2.463031919
4.442952500,2.463109066
4.443155900,2.463186177
4.443359400,2.467263324
4.443562800,2.467340434
4.443766300,2.467417582
4.443969700,2.471494692
4.444173200,2.475571840
4.444376600,2.475648950
4.444580100,2.475726098
4.444783500,2.475803208
4.444987000,2.475880356
4.445190400,2.479957466
4.445393900,2.480034614
4.445597300,2.480111724
4.445800800,2.480188872
4.446004200,2.484265982
4.446207700,2.484343130
4.446411100,2.484420240
4.446614600,2.484497388
4.446818000,2.484574498
4.447021500,2.488651646
4.447224900,2.488728756
4.447428400,2.488805904
4.447631800,2.488883014
4.447835300,2.492960162
4.448038700,2.493037272
4.448242200,2.493114420
4.448445600,2.493191530
4.448649100,2.493268678
4.448852500,2.497345788
4.449056000,2.497422936
4.449259400,2.497500046
4.449462900,2.497577194
4.449666300,2.501654304
4.449869800,2.501731452
4.450073200,2.501808562
4.450276700,2.501885710
4.450480100,2.501962820
4.450683600,2.506039968
4.450887000,2.506117078
4.451090500,2.506194226
4.451293900,2.506271336
4.451497400,2.510348483
4.451700800,2.510425594
4.451904300,2.510502741
4.452107700,2.506579851
4.452311200,2.506656999
4.452514600,2.510734109
4.452718100,2.510811257
4.452921500,2.510888367
4.453125000,2.510965515
4.453328500,2.515042663
4.453531900,2.515119773
4.453735400,2.515196921
4.453938800,2.511274031
4.454142300,2.511351179
4.454345700,2.515428289
4.454549200,2.515505437
4.454752600,2.515582547
4.454956100,2.515659695
4.455159500,2.511736805
4.455363000,2.515813953
4.455566400,2.515891063
4.455769900,2.515968211
4.455973300,2.516045321
4.456176800,2.516122469
4.456380200,2.516199579
4.456583700,2.516276727
4.456787100,2.516353837
4.456990600,2.512430985
4.457194000,2.516508095
4.457397500,2.516585243
4.457600900,2.516662353
4.457804400,2.512739501
4.458007800,2.516816611
4.458211300,2.516893759
4.458414700,2.516970869
4.458618200,2.513048017
4.458821600,2.513125127
4.459025100,2.517202275
4.459228500,2.513279385
4.459432000,2.513356533
4.459635400,2.513433643
4.459838900,2.517510790
4.460042300,2.513587900
4.460245800,2.513665048
4.460449200,2.509742158
4.460652700,2.509819306
4.460856100,2.513896416
4.461059600,2.509973564
4.461263000,2.510050674
4.461466500,2.506127822
4.461669900,2.506204932
4.461873400,2.510282080
4.462076800,2.510359190
4.462280300,2.506436338
4.462483700,2.506513448
4.462687200,2.506590596
4.462890600,2.506667706
4.463094100,2.502744854
4.463297500,2.502821964
4.463501000,2.498899112
4.463704400,2.502976222
4.463907900,2.503053370
4.464111300,2.499130480
4.464314800,2.495207628
4.464518200,2.499284738
4.464721700,2.499361886
4.464925100,2.495438996
4.465128600,2.495516144
4.465332000,2.491593254
4.465535500,2.491670402
4.465738900,2.491747512
4.465942400,2.491824660
4.466145800,2.487901770
4.466349300,2.483978918
4.466552700,2.488056028
4.466756200,2.484133176
4.466959600,2.484210286
4.467163100,2.480287434
4.467366500,2.484364544
4.467570000,2.480441692
4.467773400,2.476518802
4.467976900,2.476595949
4.468180300,2.472673060
4.468383800,2.472750207
4.468587200,2.472827317
4.468790700,2.468904465
4.468994100,2.464981575
4.469197600,2.465058723
4.469401000,2.465135833
4.469604500,2.461212981
4.469807900,2.461290091
4.470011400,2.457367239
4.470214800,2.457444349
4.470418300,2.457521497
4.470621700,2.453598607
4.470825200,2.453675755
4.471028600,2.449752865
4.471232100,2.449830013
4.471435500,2.449907123
4.471639000,2.445984271
4.471842400,2.442061381
4.472045900,2.442138529
4.472249300,2.438215639
4.472452800,2.438292787
4.472656300,2.434369935
4.472859700,2.434447045
4.473063200,2.434524193
4.473266600,2.430601303
4.473470100,2.430678451
4.473673500,2.426755561
4.473877000,2.422832709
4.474080400,2.426909819
4.474283900,2.422986967
4.474487300,2.419064077
4.474690800,2.419141225
4.474894200,2.415218335
4.475097700,2.415295483
4.475301100,2.411372593
4.475504600,2.411449741
4.475708000,2.407526851
4.475911500,2.403603999
4.476114900,2.407681109
4.476318400,2.403758256
4.476521800,2.403835366
4.476725300,2.399912514
4.476928700,2.403989624
4.477132200,2.400066772
4.477335600,2.396143882
4.477539100,2.396221030
4.477742500,2.392298140
4.477946000,2.392375288
4.478149400,2.392452398
4.478352900,2.388529546
4.478556300,2.388606656
4.478759800,2.384683804
4.478963200,2.388760914
4.479166700,2.384838062
4.479370100,2.384915172
4.479573600,2.380992320
4.479777000,2.385069430
4.479980500,2.381146578
4.480183900,2.381223688
4.480387400,2.377300836
4.480590800,2.377377946
4.480794300,2.381455094
4.480997700,2.377532204
4.481201200,2.377609352
4.481404600,2.373686462
4.481608100,2.373763610
4.481811500,2.377840720
4.482015000,2.373917868
4.482218400,2.373994978
4.482421900,2.374072126
4.482625300,2.370149236
4.482828800,2.374226384
4.483032200,2.374303494
4.483235700,2.370380642
4.483439100,2.370457752
4.483642600,2.374534900
4.483846000,2.370612010
4.484049500,2.370689158
4.484252900,2.370766268
4.484456400,2.370843416
4.484659800,2.370920526
4.484863300,2.370997673
4.485066700,2.371074783
4.485270200,2.371151931
4.485473600,2.367229041
4.485677100,2.371306189
4.485880500,2.371383299
4.486084000,2.371460447
4.486287400,2.371537557
4.486490900,2.367614705
4.486694300,2.371691815
4.486897800,2.371768963
4.487101200,2.371846073
4.487304700,2.367923221
4.487508100,2.368000331
4.487711600,2.372077479
4.487915000,2.372154589
4.488118500,2.368231737
4.488321900,2.368308847
4.488525400,2.372385995
4.488728800,2.372463105
4.488932300,2.372540253
4.489135700,2.368617363
4.489339200,2.368694511
4.489542600,2.372771621
4.489746100,2.368848769
4.489949500,2.368925879
4.490153000,2.369003027
4.490356400,2.369080137
4.490559900,2.369157285
4.490763300,2.369234395
4.490966800,2.369311543
4.491170200,2.365388653
4.491373700,2.365465801
4.491577100,2.369542911
4.491780600,2.365620059
4.491984000,2.365697169
4.492187500,2.365774317
4.492391000,2.365851465
4.492594400,2.365928575
4.492797900,2.366005722
4.493001300,2.366082832
4.493204800,2.362159980
4.493408200,2.362237090
4.493611700,2.362314238
4.493815100,2.362391348
4.494018600,2.358468496
4.494222000,2.358545606
4.494425500,2.362622754
4.494628900,2.358699864
4.494832400,2.358777012
4.495035800,2.354854122
4.495239300,2.354931270
4.495442700,2.355008380
4.495646200,2.355085528
4.495849600,2.351162638
4.496053100,2.351239786
4.496256500,2.351316896
4.496460000,2.351394044
4.496663400,2.347471154
4.496866900,2.347548302
4.497070300,2.347625412
4.497273800,2.343702560
4.497477200,2.343779670
4.497680700,2.343856818
4.497884100,2.339933928
4.498087600,2.340011076
4.498291000,2.336088186
4.498494500,2.336165334
4.498697900,2.336242444
4.498901400,2.336319592
4.499104800,2.332396702
4.499308300,2.328473850
4.499511700,2.332550960
4.499715200,2.328628108
4.499918600,2.324705218
4.500122100,2.324782366
4.500325500,2.320859476
4.500529000,2.320936624
4.500732400,2.321013734
4.500935900,2.317090882
4.501139300,2.317167992
4.501342800,2.313245139
4.501546200,2.313322249
4.501749700,2.313399397
4.501953100,2.309476507
4.502156600,2.305553655
4.502360000,2.305630765
4.502563500,2.305707913
4.502766900,2.301785023
4.502970400,2.301862171
4.503173800,2.297939281
4.503377300,2.298016429
4.503580700,2.294093539
4.503784200,2.294170687
4.503987600,2.286247797
4.504191100,2.286324945
4.504394500,2.286402055
4.504598000,2.282479203
4.504801400,2.278556313
4.505004900,2.278633461
4.505208300,2.274710571
4.505411800,2.274787719
4.505615200,2.270864829
4.505818700,2.270941977
4.506022100,2.263019087
4.506225600,2.263096235
4.506429000,2.263173345
4.506632500,2.259250493
4.506835900,2.255327603
4.507039400,2.251404751
4.507242800,2.251481861
4.507446300,2.247559009
4.507649700,2.247636119
4.507853200,2.243713267
4.508056600,2.239790377
4.508260100,2.235867525
4.508463500,2.235944635
4.508667000,2.232021783
4.508870400,2.228098893
4.509073900,2.224176041
4.509277300,2.220253151
4.509480800,2.220330299
4.509684200,2.216407409
4.509887700,2.216484556
4.510091100,2.208561666
4.510294600,2.204638814
4.510498000,2.208715924
4.510701500,2.200793072
4.510904900,2.196870182
4.511108400,2.196947330
4.511311800,2.189024440
4.511515300,2.189101588
4.511718800,2.189178736
4.511922200,2.185255846
4.512125700,2.177332994
4.512329100,2.173410104
4.512532600,2.177487252
4.512736000,2.169564362
4.512939500,2.165641510
4.513142900,2.165718620
4.513346400,2.157795768
4.513549800,2.157872878
4.513753300,2.153950026
4.513956700,2.154027136
4.514160200,2.146104284
4.514363600,2.142181394
4.514567100,2.142258542
4.514770500,2.138335652
4.514974000,2.134412800
4.515177400,2.130489910
4.515380900,2.122567058
4.515584300,2.126644168
4.515787800,2.122721316
4.515991200,2.118798426
4.516194700,2.110875574
4.516398100,2.110952684
4.516601600,2.111029832
4.516805000,2.103106942
4.517008500,2.099184090
4.517211900,2.095261200
4.517415400,2.091338348
4.517618800,2.091415458
4.517822300,2.087492605
4.518025700,2.083569715
4.518229200,2.079646863
4.518432600,2.075723973
4.518636100,2.075801121
4.518839500,2.067878231
4.519043000,2.067955379
4.519246400,2.064032489
4.519449900,2.056109637
4.519653300,2.056186747
4.519856800,2.052263895
4.520060200,2.048341005
4.520263700,2.044418153
4.520467100,2.040495263
4.520670600,2.040572411
4.520874000,2.032649521
4.521077500,2.032726669
4.521280900,2.028803779
4.521484400,2.020880927
4.521687800,2.020958037
4.521891300,2.017035185
4.522094700,2.013112295
4.522298200,2.009189443
4.522501600,2.005266553
4.522705100,2.005343701
4.522908500,1.997420811
4.523112000,1.993497959
4.523315400,1.993575069
4.523518900,1.985652217
4.523722300,1.981729327
4.523925800,1.981806475
4.524129200,1.973883585
4.524332700,1.969960733
4.524536100,1.966037843
4.524739600,1.962114991
4.524943000,1.962192101
4.525146500,1.958269249
4.525349900,1.954346359
4.525553400,1.946423507
4.525756800,1.942500617
4.525960300,1.942577765
4.526163700,1.934654875
4.526367200,1.930732022
4.526570600,1.930809132
4.526774100,1.922886280
4.526977500,1.922963390
4.527181000,1.919040538
4.527384400,1.915117648
4.527587900,1.907194796
4.527791300,1.903271906
4.527994800,1.903349054
4.528198200,1.895426164
4.528401700,1.891503312
4.528605100,1.887580422
4.528808600,1.879657570
4.529012000,1.879734680
4.529215500,1.875811828
4.529418900,1.871888938
4.529622400,1.863966086
4.529825800,1.860043196
4.530029300,1.860120344
4.530232700,1.852197454
4.530436200,1.848274602
4.530639600,1.844351712
4.530843100,1.836428860
4.531046500,1.836505970
4.531250000,1.832583118
4.531453500,1.828660266
4.531656900,1.820737376
4.531860400,1.816814524
4.532063800,1.816891634
4.532267300,1.808968782
4.532470700,1.805045892
4.532674200,1.801123040
4.532877600,1.793200150
4.533081100,1.789277298
4.533284500,1.789354408
4.533488000,1.785431556
4.533691400,1.777508666
4.533894900,1.773585814
4.534098300,1.769662924
4.534301800,1.765740071
4.534505200,1.761817182
4.534708700,1.757894329
4.534912100,1.745971439
4.535115600,1.742048587
4.535319000,1.742125697
4.535522500,1.738202845
4.535725900,1.730279955
4.535929400,1.726357103
4.536132800,1.722434213
4.536336300,1.718511361
4.536539700,1.714588471
4.536743200,1.710665619
4.536946600,1.702742729
4.537150100,1.698819877
4.537353500,1.698896987
4.537557000,1.690974135
4.537760400,1.687051245
4.537963900,1.679128393
4.538167300,1.675205503
4.538370800,1.667282651
4.538574200,1.667359761
4.538777700,1.663436909
4.538981100,1.655514019
4.539184600,1.651591167
4.539388000,1.647668277
4.539591500,1.643745425
4.539794900,1.639822535
4.539998400,1.631899683
4.540201800,1.627976793
4.540405300,1.620053941
4.540608700,1.620131051
4.540812200,1.616208199
4.541015600,1.608285309
4.541219100,1.604362457
4.541422500,1.600439567
4.541626000,1.592516715
4.541829400,1.588593825
4.542032900,1.584670973
4.542236300,1.580748083
4.542439800,1.572825231
4.542643200,1.572902341
4.542846700,1.568979488
4.543050100,1.557056598
4.543253600,1.553133746
4.543457000,1.549210856
4.543660500,1.541288004
4.543863900,1.541365114
4.544067400,1.537442262
4.544270800,1.529519372
4.544474300,1.521596520
4.544677700,1.517673630
4.544881200,1.517750778
4.545084600,1.505827888
4.545288100,1.501905036
4.545491500,1.497982146
4.545695000,1.490059294
4.545898400,1.486136404
4.546101900,1.482213552
4.546305300,1.474290662
4.546508800,1.466367810
4.546712200,1.462444920
4.546915700,1.462522068
4.547119100,1.450599178
4.547322600,1.446676326
4.547526000,1.442753436
4.547729500,1.430830584
4.547932900,1.426907694
4.548136400,1.426984842
4.548339800,1.415061952
4.548543300,1.411139100
4.548746700,1.407216210
4.548950200,1.399293358
4.549153600,1.395370468
4.549357100,1.391447616
4.549560500,1.383524726
4.549764000,1.375601874
4.549967400,1.367678984
4.550170900,1.367756132
4.550374300,1.355833242
4.550577800,1.351910390
4.550781300,1.343987537
4.550984700,1.340064648
4.551188200,1.328141795
4.551391600,1.328218905
4.551595100,1.324296053
4.551798500,1.312373163
4.552002000,1.304450311
4.552205400,1.300527421
4.552408900,1.292604569
4.552612300,1.288681679
4.552815800,1.280758827
4.553019200,1.276835937
4.553222700,1.264913085
4.553426100,1.264990195
4.553629600,1.257067343
4.553833000,1.245144453
4.554036500,1.241221601
4.554239900,1.233298711
4.554443400,1.221375859
4.554646800,1.221452969
4.554850300,1.213530117
4.555053700,1.209607227
4.555257200,1.197684375
4.555460600,1.189761485
4.555664100,1.189838633
4.555867500,1.177915743
4.556071000,1.169992891
4.556274400,1.166070001
4.556477900,1.154147149
4.556681300,1.150224259
4.556884800,1.146301407
4.557088200,1.134378517
4.557291700,1.126455665
4.557495100,1.118532775
4.557698600,1.114609923
4.557902000,1.106687033
4.558105500,1.098764181
4.558308900,1.094841291
4.558512400,1.078918439
4.558715800,1.074995549
4.558919300,1.071072697
4.559122700,1.059149807
4.559326200,1.051226954
4.559529600,1.047304064
4.559733100,1.039381212
4.559936500,1.031458322
4.560140000,1.023535470
4.560343400,1.015612580
4.560546900,1.003689728
4.560750300,0.995766838
4.560953800,0.991843986
4.561157200,0.979921096
4.561360700,0.975998244
4.561564100,0.968075354
4.561767600,0.960152502
4.561971000,0.948229612
4.562174500,0.944306760
4.562377900,0.936383870
4.562581400,0.924461018
4.562784800,0.916538128
4.562988300,0.908615276
4.563191700,0.900692386
4.563395200,0.892769534
4.563598600,0.884846644
4.563802100,0.880923792
4.564005500,0.865000902
4.564209000,0.857078050
4.564412400,0.853155160
4.564615900,0.841232308
4.564819300,0.833309418
4.565022800,0.825386566
4.565226200,0.809463676
4.565429700,0.809540824
4.565633100,0.801617934
4.565836600,0.785695082
4.566040000,0.777772192
4.566243500,0.769849340
4.566446900,0.761926450
4.566650400,0.754003598
4.566853800,0.746080708
4.567057300,0.738157856
4.567260700,0.722234966
4.567464200,0.714312114
4.567667600,0.710389224
4.567871100,0.694466371
4.568074500,0.686543481
4.568278000,0.678620629
4.568481400,0.670697739
4.568684900,0.654774887
4.568888300,0.650851997
4.569091800,0.642929145
4.569295200,0.627006255
4.569498700,0.619083403
4.569702100,0.611160513
4.569905600,0.599237661
4.570109000,0.591314771
4.570312500,0.583391919
4.570516000,0.575469067
4.570719400,0.559546177
4.570922900,0.551623325
4.571126300,0.547700435
4.571329800,0.531777583
4.571533200,0.523854693
4.571736700,0.515931841
4.571940100,0.500008951
4.572143600,0.492086099
4.572347000,0.484163209
4.572550500,0.476240357
4.572753900,0.460317467
4.572957400,0.452394615
4.573160800,0.444471725
4.573364300,0.428548873
4.573567700,0.420625983
4.573771200,0.412703131
4.573974600,0.396780241
4.574178100,0.388857389
4.574381500,0.384934499
4.574585000,0.365011647
4.574788400,0.357088757
4.574991900,0.349165905
4.575195300,0.341243015
4.575398800,0.325320163
4.575602200,0.317397273
4.575805700,0.309474420
4.576009100,0.293551531
4.576212600,0.281628678
4.576416000,0.273705788
4.576619500,0.261782936
4.576822900,0.253860046
4.577026400,0.245937194
4.577229800,0.234014304
4.577433300,0.218091452
4.577636700,0.210168562
4.577840200,0.206245710
4.578043600,0.186322820
4.578247100,0.178399968
4.578450500,0.170477078
4.578654000,0.150554226
4.578857400,0.146631336
4.579060900,0.138708484
4.579264300,0.130785594
4.579467800,0.110862742
4.579671200,0.102939852
4.579874700,0.095017000
4.580078100,0.083094110
4.580281600,0.071171258
4.580485000,0.063248368
4.580688500,0.047325516
4.580891900,0.039402626
4.581095400,0.031479774
4.581298800,0.023556884
4.581502300,0.007634032
4.581705700,-0.000288858
4.581909200,-0.012211710
4.582112600,-0.028134600
4.582316100,-0.032057452
4.582519500,-0.039980342
4.582723000,-0.059903194
4.582926400,-0.067826084
4.583129900,-0.075748936
4.583333300,-0.079671826
4.583536800,-0.095594678
4.583740200,-0.103517568
4.583943700,-0.115440420
4.584147100,-0.131363310
4.584350600,-0.139286163
4.584554000,-0.143209053
4.584757500,-0.159131905
4.584960900,-0.167054795
4.585164400,-0.178977647
4.585367800,-0.194900537
4.585571300,-0.198823389
4.585774700,-0.206746279
4.585978200,-0.214669131
4.586181600,-0.230592021
4.586385100,-0.238514873
4.586588500,-0.246437763
4.586792000,-0.258360615
4.586995400,-0.266283505
4.587198900,-0.274206357
4.587402300,-0.290129247
4.587605800,-0.302052099
4.587809200,-0.309974989
4.588012700,-0.313897841
4.588216100,-0.329820731
4.588419600,-0.337743583
4.588623000,-0.341666473
4.588826500,-0.357589325
4.589029900,-0.361512215
4.589233400,-0.369435067
4.589436800,-0.385357957
4.589640300,-0.393280809
4.589843800,-0.401203661
4.590047200,-0.409126551
4.590250700,-0.421049403
4.590454100,-0.428972293
4.590657600,-0.436895145
4.590861000,-0.448818035
4.591064500,-0.456740887
4.591267900,-0.464663777
4.591471400,-0.476586629
4.591674800,-0.484509519
4.591878300,-0.492432371
4.592081700,-0.496355261
4.592285200,-0.512278114
4.592488600,-0.516201003
4.592692100,-0.524123856
4.592895500,-0.536046746
4.593099000,-0.543969598
4.593302400,-0.551892488
4.593505900,-0.563815340
4.593709300,-0.567738230
4.593912800,-0.575661082
4.594116200,-0.587583972
4.594319700,-0.595506824
4.594523100,-0.603429714
4.594726600,-0.611352566
4.594930000,-0.619275456
4.595133500,-0.627198308
4.595336900,-0.635121198
4.595540400,-0.647044050
4.595743800,-0.654966940
4.595947300,-0.654889792
4.596150700,-0.670812682
4.596354200,-0.678735534
4.596557600,-0.682658424
4.596761100,-0.690581276
4.596964500,-0.702504166
4.597168000,-0.706427018
4.597371400,-0.714349908
4.597574900,-0.726272760
4.597778300,-0.734195650
4.597981800,-0.738118502
4.598185200,-0.754041392
4.598388700,-0.753964244
4.598592100,-0.761887134
4.598795600,-0.765809986
4.598999000,-0.781732876
4.599202500,-0.785655728
4.599405900,-0.789578618
4.599609400,-0.801501470
4.599812800,-0.809424360
4.600016300,-0.817347212
4.600219700,-0.829270102
4.600423200,-0.833192954
4.600626600,-0.837115844
4.600830100,-0.845038697
4.601033500,-0.856961586
4.601237000,-0.864884439
4.601440400,-0.868807329
4.601643900,-0.880730181
4.601847300,-0.884653071
4.602050800,-0.892575923
4.602254200,-0.904498813
4.602457700,-0.912421665
4.602661100,-0.916344555
4.602864600,-0.928267407
4.603068000,-0.932190297
4.603271500,-0.940113149
4.603474900,-0.948036039
4.603678400,-0.959958891
4.603881800,-0.967881781
4.604085300,-0.967804633
4.604288700,-0.983727523
4.604492200,-0.987650375
4.604695600,-0.995573265
4.604899100,-1.007496117
4.605102500,-1.015419007
4.605306000,-1.019341859
4.605509400,-1.023264749
4.605712900,-1.039187601
4.605916300,-1.047110491
4.606119800,-1.051033343
4.606323200,-1.066956233
4.606526700,-1.070879085
4.606730100,-1.078801975
4.606933600,-1.090724827
4.607137000,-1.098647717
4.607340500,-1.106570569
4.607543900,-1.110493459
4.607747400,-1.122416311
4.607950800,-1.130339201
4.608154300,-1.138262053
4.608357700,-1.154184943
4.608561200,-1.158107795
4.608764600,-1.162030685
4.608968100,-1.177953537
4.609171500,-1.185876427
4.609375000,-1.193799280
4.609578500,-1.201722132
4.609781900,-1.217645022
4.609985400,-1.221567874
4.610188800,-1.229490764
4.610392300,-1.241413616
4.610595700,-1.249336506
4.610799200,-1.257259358
4.611002600,-1.273182248
4.611206100,-1.277105100
4.611409500,-1.285027990
4.611613000,-1.292950842
4.611816400,-1.308873732
4.612019900,-1.316796584
4.612223300,-1.324719474
4.612426800,-1.336642326
4.612630200,-1.344565216
4.612833700,-1.352488068
4.613037100,-1.368410958
4.613240600,-1.376333810
4.613444000,-1.384256700
4.613647500,-1.396179552
4.613850900,-1.404102442
4.614054400,-1.412025294
4.614257800,-1.419948184
4.614461300,-1.431871036
4.614664700,-1.435793926
4.614868200,-1.443716778
4.615071600,-1.459639668
4.615275100,-1.467562520
4.615478500,-1.471485410
4.615682000,-1.487408262
4.615885400,-1.491331152
4.616088900,-1.495254004
4.616292300,-1.503176894
4.616495800,-1.515099746
4.616699200,-1.523022636
4.616902700,-1.526945488
4.617106100,-1.534868378
4.617309600,-1.542791231
4.617513000,-1.546714120
4.617716500,-1.558636973
4.617919900,-1.566559863
4.618123400,-1.570482715
4.618326800,-1.570405605
4.618530300,-1.582328457
4.618733700,-1.586251347
4.618937200,-1.590174199
4.619140600,-1.602097089
4.619344100,-1.606019941
4.619547500,-1.605942831
4.619751000,-1.613865683
4.619954400,-1.617788573
4.620157900,-1.617711425
4.620361300,-1.621634315
4.620564800,-1.629557167
4.620768200,-1.629480057
4.620971700,-1.629402909
4.621175100,-1.637325799
4.621378600,-1.637248651
4.621582000,-1.641171541
4.621785500,-1.645094393
4.621988900,-1.645017283
4.622192400,-1.644940135
4.622395800,-1.648863025
4.622599300,-1.648785877
4.622802700,-1.652708767
4.623006200,-1.652631619
4.623209600,-1.652554509
4.623413100,-1.652477361
4.623616500,-1.652400251
4.623820000,-1.656323103
4.624023400,-1.656245993
4.624226900,-1.656168845
4.624430300,-1.652091735
4.624633800,-1.656014587
4.624837200,-1.655937477
4.625040700,-1.655860329
4.625244100,-1.655783219
4.625447600,-1.651706071
4.625651000,-1.651628961
4.625854500,-1.655551814
4.626057900,-1.655474703
4.626261400,-1.655397556
4.626464800,-1.655320446
4.626668300,-1.651243298
4.626871700,-1.655166188
4.627075200,-1.655089040
4.627278600,-1.655011930
4.627482100,-1.654934782
4.627685500,-1.658857672
4.627889000,-1.654780524
4.628092400,-1.658703414
4.628295900,-1.658626266
4.628499300,-1.662549156
4.628702800,-1.662472008
4.628906300,-1.666394860
4.629109700,-1.662317750
4.629313200,-1.670240602
4.629516600,-1.670163492
4.629720100,-1.674086344
4.629923500,-1.678009234
4.630127000,-1.681932086
4.630330400,-1.681854976
4.630533900,-1.689777828
4.630737300,-1.693700718
4.630940800,-1.697623570
4.631144200,-1.701546460
4.631347700,-1.709469312
4.631551100,-1.709392202
4.631754600,-1.717315054
4.631958000,-1.725237944
4.632161500,-1.733160796
4.632364900,-1.737083686
4.632568400,-1.749006538
4.632771800,-1.752929428
4.632975300,-1.756852280
4.633178700,-1.772775170
4.633382200,-1.780698022
4.633585600,-1.784620912
4.633789100,-1.792543765
4.633992500,-1.804466654
4.634196000,-1.812389507
4.634399400,-1.820312397
4.634602900,-1.836235249
4.634806300,-1.848158139
4.635009800,-1.856080991
4.635213200,-1.868003881
4.635416700,-1.879926733
4.635620100,-1.887849623
4.635823600,-1.895772475
4.636027000,-1.915695365
4.636230500,-1.923618217
4.636433900,-1.931541107
4.636637400,-1.951463959
4.636840800,-1.959386849
4.637044300,-1.971309701
4.637247700,-1.991232591
4.637451200,-1.999155443
4.637654600,-2.007078333
4.637858100,-2.015001185
4.638061500,-2.034924075
4.638265000,-2.046846927
4.638468400,-2.054769817
4.638671900,-2.074692669
4.638875300,-2.086615559
4.639078800,-2.090538411
4.639282200,-2.110461301
4.639485700,-2.122384153
4.639689100,-2.130307043
4.639892600,-2.142229895
4.640096000,-2.158152785
4.640299500,-2.166075637
4.640502900,-2.173998527
4.640706400,-2.193921379
4.640909800,-2.201844269
4.641113300,-2.209767121
4.641316700,-2.229690011
4.641520200,-2.233612863
4.641723600,-2.241535753
4.641927100,-2.257458605
4.642130500,-2.265381495
4.642334000,-2.273304348
4.642537400,-2.281227237
4.642740900,-2.293150090
4.642944300,-2.301072980
4.643147800,-2.308995832
4.643351200,-2.320918722
4.643554700,-2.328841574
4.643758100,-2.336764464
4.643961600,-2.344687316
4.644165000,-2.352610206
4.644368500,-2.356533058
4.644571900,-2.364455948
4.644775400,-2.372378800
4.644978800,-2.380301690
4.645182300,-2.380224542
4.645385700,-2.392147432
4.645589200,-2.396070284
4.645792600,-2.399993174
4.645996100,-2.411916026
4.646199500,-2.415838916
4.646403000,-2.415761768
4.646606400,-2.419684658
4.646809900,-2.427607510
4.647013300,-2.431530400
4.647216800,-2.435453252
4.647420200,-2.443376142
4.647623700,-2.443298994
4.647827100,-2.447221884
4.648030600,-2.451144736
4.648234000,-2.455067626
4.648437500,-2.458990478
4.648641000,-2.458913330
4.648844400,-2.462836220
4.649047900,-2.462759072
4.649251300,-2.466681962
4.649454800,-2.470604814
4.649658200,-2.470527704
4.649861700,-2.474450556
4.650065100,-2.478373446
4.650268600,-2.474296298
4.650472000,-2.478219188
4.650675500,-2.478142041
4.650878900,-2.482064931
4.651082400,-2.481987783
4.651285800,-2.481910673
4.651489300,-2.481833525
4.651692700,-2.481756415
4.651896200,-2.485679267
4.652099600,-2.485602157
4.652303100,-2.485525009
4.652506500,-2.485447899
4.652710000,-2.485370751
4.652913400,-2.485293641
4.653116900,-2.485216493
4.653320300,-2.485139383
4.653523800,-2.485062235
4.653727200,-2.484985125
4.653930700,-2.480907977
4.654134100,-2.480830867
4.654337600,-2.484753719
4.654541000,-2.484676609
4.654744500,-2.484599461
4.654947900,-2.484522351
4.655151400,-2.480445203
4.655354800,-2.480368093
4.655558300,-2.480290945
4.655761700,-2.480213835
4.655965200,-2.480136687
4.656168600,-2.480059577
4.656372100,-2.479982429
4.656575500,-2.471905319
4.656779000,-2.471828171
4.656982400,-2.471751061
4.657185900,-2.471673913
4.657389300,-2.471596803
4.657592800,-2.471519655
4.657796200,-2.467442545
4.657999700,-2.467365397
4.658203100,-2.467288287
4.658406600,-2.467211139
4.658610000,-2.467134029
4.658813500,-2.467056882
4.659016900,-2.462979771
4.659220400,-2.462902624
4.659423800,-2.466825514
4.659627300,-2.466748366
4.659830700,-2.466671256
4.660034200,-2.466594108
4.660237600,-2.462516998
4.660441100,-2.462439850
4.660644500,-2.462362740
4.660848000,-2.462285592
4.661051400,-2.466208482
4.661254900,-2.466131334
4.661458300,-2.466054224
4.661661800,-2.461977076
4.661865200,-2.461899966
4.662068700,-2.465822818
4.662272100,-2.465745708
4.662475600,-2.465668560
4.662679000,-2.469591450
4.662882500,-2.465514302
4.663085900,-2.465437192
4.663289400,-2.469360044
4.663492800,-2.469282934
4.663696300,-2.473205786
4.663899700,-2.473128676
4.664103200,-2.469051528
4.664306600,-2.472974418
4.664510100,-2.472897270
4.664713500,-2.476820160
4.664917000,-2.480743012
4.665120400,-2.480665902
4.665323900,-2.484588754
4.665527300,-2.484511644
4.665730800,-2.484434496
4.665934200,-2.488357386
4.666137700,-2.488280238
4.666341100,-2.492203128
4.666544600,-2.496125980
4.666748000,-2.492048870
4.666951500,-2.499971722
4.667154900,-2.499894612
4.667358400,-2.503817465
4.667561800,-2.507740354
4.667765300,-2.511663207
4.667968800,-2.507586059
4.668172200,-2.511508949
4.668375700,-2.515431801
4.668579100,-2.519354691
4.668782600,-2.523277543
4.668986000,-2.527200433
4.669189500,-2.531123285
4.669392900,-2.531046175
4.669596400,-2.538969027
4.669799800,-2.538891917
4.670003300,-2.542814769
4.670206700,-2.550737659
4.670410200,-2.554660511
4.670613600,-2.554583401
4.670817100,-2.554506253
4.671020500,-2.562429143
4.671224000,-2.566351995
4.671427400,-2.570274885
4.671630900,-2.578197737
4.671834300,-2.578120627
4.672037800,-2.582043479
4.672241200,-2.589966369
4.672444700,-2.593889221
4.672648100,-2.597812111
4.672851600,-2.601734963
4.673055000,-2.609657853
4.673258500,-2.609580705
4.673461900,-2.613503595
4.673665400,-2.621426447
4.673868800,-2.625349337
4.674072300,-2.629272189
4.674275700,-2.641195079
4.674479200,-2.641117931
4.674682600,-2.645040821
4.674886100,-2.648963673
4.675089500,-2.656886563
4.675293000,-2.664809415
4.675496400,-2.668732305
4.675699900,-2.676655158
4.675903300,-2.676578048
4.676106800,-2.684500900
4.676310200,-2.692423790
4.676513700,-2.696346642
4.676717100,-2.704269532
4.676920600,-2.708192384
4.677124000,-2.712115274
4.677327500,-2.720038126
4.677530900,-2.723961016
4.677734400,-2.735883868
4.677937800,-2.739806758
4.678141300,-2.743729610
4.678344700,-2.755652500
4.678548200,-2.759575352
4.678751600,-2.763498242
4.678955100,-2.767421094
4.679158500,-2.779343984
4.679362000,-2.787266836
4.679565400,-2.791189726
4.679768900,-2.799112578
4.679972300,-2.807035468
4.680175800,-2.810958320
4.680379200,-2.822881210
4.680582700,-2.830804062
4.680786100,-2.834726952
4.680989600,-2.842649804
4.681193000,-2.850572694
4.681396500,-2.858495546
4.681599900,-2.862418436
4.681803400,-2.874341288
4.682006800,-2.882264178
4.682210300,-2.890187030
4.682413700,-2.898109920
4.682617200,-2.906032772
4.682820600,-2.909955662
4.683024100,-2.925878514
4.683227500,-2.929801404
4.683431000,-2.937724256
4.683634400,-2.941647146
4.683837900,-2.957569999
4.684041300,-2.961492888
4.684244800,-2.969415741
4.684448200,-2.985338631
4.684651700,-2.993261483
4.684855100,-2.997184373
4.685058600,-3.009107225
4.685262000,-3.017030115
4.685465500,-3.024952967
4.685668900,-3.032875857
4.685872400,-3.048798709
4.686075800,-3.056721599
4.686279300,-3.064644451
4.686482700,-3.076567341
4.686686200,-3.084490193
4.686889600,-3.092413083
4.687093100,-3.108335935
4.687296500,-3.116258825
4.687500000,-3.124181677
4.687703500,-3.128104529
4.687906900,-3.144027419
4.688110400,-3.151950271
4.688313800,-3.159873161
4.688517300,-3.179796013
4.688720700,-3.187718903
4.688924200,-3.195641755
4.689127600,-3.207564645
4.689331100,-3.219487497
4.689534500,-3.227410387
4.689738000,-3.243333239
4.689941400,-3.251256129
4.690144900,-3.263178981
4.690348300,-3.267101871
4.690551800,-3.287024723
4.690755200,-3.294947613
4.690958700,-3.302870465
4.691162100,-3.322793355
4.691365600,-3.330716207
4.691569000,-3.338639097
4.691772500,-3.354561949
4.691975900,-3.362484839
4.692179400,-3.374407692
4.692382800,-3.382330582
4.692586300,-3.402253434
4.692789700,-3.410176324
4.692993200,-3.418099176
4.693196600,-3.438022066
4.693400100,-3.445944918
4.693603500,-3.453867808
4.693807000,-3.473790660
4.694010400,-3.485713550
4.694213900,-3.493636402
4.694417300,-3.501559292
4.694620800,-3.521482144
4.694824200,-3.529405034
4.695027700,-3.541327886
4.695231100,-3.561250776
4.695434600,-3.573173628
4.695638000,-3.581096518
4.695841500,-3.597019370
4.696044900,-3.608942260
4.696248400,-3.620865112
4.696451800,-3.628788002
4.696655300,-3.652710854
4.696858700,-3.660633744
4.697062200,-3.668556596
4.697265600,-3.692479486
4.697469100,-3.700402338
4.697672500,-3.712325228
4.697876000,-3.736248080
4.698079400,-3.748170970
4.698282900,-3.756093822
4.698486300,-3.776016712
4.698689800,-3.787939564
4.698893200,-3.799862454
4.699096700,-3.811785306
4.699300100,-3.835708196
4.699503600,-3.847631048
4.699707000,-3.859553938
4.699910500,-3.879476790
4.700113900,-3.891399680
4.700317400,-3.903322532
4.700520800,-3.927245422
4.700724300,-3.939168275
4.700927700,-3.951091165
4.701131200,-3.959014017
4.701334600,-3.982936907
4.701538100,-3.994859759
4.701741500,-4.006782649
4.701945000,-4.030705501
4.702148400,-4.042628391
4.702351900,-4.054551243
4.702555300,-4.074474133
4.702758800,-4.086396985
4.702962200,-4.098319875
4.703165700,-4.110242727
4.703369100,-4.134165617
4.703572600,-4.146088469
4.703776000,-4.158011359
4.703979500,-4.177934211
4.704182900,-4.189857101
4.704386400,-4.201779953
4.704589800,-4.221702843
4.704793300,-4.233625695
4.704996700,-4.245548585
4.705200200,-4.253471437
4.705403600,-4.273394327
4.705607100,-4.281317179
4.705810500,-4.293240069
4.706014000,-4.313162921
4.706217400,-4.321085811
4.706420900,-4.329008663
4.706624300,-4.344931553
4.706827800,-4.352854405
4.707031300,-4.360777257
4.707234700,-4.368700147
4.707438200,-4.384622999
4.707641600,-4.388545889
4.707845100,-4.396468741
4.708048500,-4.404391631
4.708252000,-4.412314483
4.708455400,-4.416237373
4.708658900,-4.428160226
4.708862300,-4.432083116
4.709065800,-4.436005968
4.709269200,-4.443928858
4.709472700,-4.443851710
4.709676100,-4.447774600
4.709879600,-4.451697452
4.710083000,-4.455620342
4.710286500,-4.455543194
4.710489900,-4.459466084
4.710693400,-4.459388936
4.710896800,-4.455311826
4.711100300,-4.459234678
4.711303700,-4.459157568
4.711507200,-4.455080420
4.711710600,-4.455003310
4.711914100,-4.454926162
4.712117500,-4.450849052
4.712321000,-4.446771904
4.712524400,-4.442694794
4.712727900,-4.438617646
4.712931300,-4.434540536
4.713134800,-4.430463388
4.713338200,-4.422386278
4.713541700,-4.414309130
4.713745100,-4.410232020
4.713948600,-4.406154872
4.714152000,-4.398077762
4.714355500,-4.390000614
4.714558900,-4.385923504
4.714762400,-4.373846356
4.714965800,-4.365769246
4.715169300,-4.357692098
4.715372700,-4.345614988
4.715576200,-4.337537840
4.715779600,-4.333460730
4.715983100,-4.325383582
4.716186500,-4.313306472
4.716390000,-4.301229324
4.716593400,-4.293152214
4.716796900,-4.281075066
4.717000300,-4.272997956
4.717203800,-4.264920809
4.717407200,-4.252843699
4.717610700,-4.244766551
4.717814100,-4.232689441
4.718017600,-4.216612293
4.718221000,-4.208535183
4.718424500,-4.204458035
4.718627900,-4.196380925
4.718831400,-4.180303777
4.719034800,-4.172226667
4.719238300,-4.160149519
4.719441700,-4.148072409
4.719645200,-4.139995261
4.719848600,-4.131918151
4.720052100,-4.115841003
4.720255500,-4.111763893
4.720459000,-4.103686745
4.720662400,-4.091609635
4.720865900,-4.079532487
4.721069300,-4.071455377
4.721272800,-4.063378229
4.721476200,-4.051301119
4.721679700,-4.043223971
4.721883100,-4.035146861
4.722086600,-4.019069713
4.722290000,-4.014992603
4.722493500,-4.006915455
4.722696900,-3.998838345
4.722900400,-3.986761197
4.723103800,-3.982684087
4.723307300,-3.974606939
4.723510700,-3.958529829
4.723714200,-3.954452681
4.723917600,-3.950375571
4.724121100,-3.938298423
4.724324500,-3.930221313
4.724528000,-3.926144165
4.724731400,-3.922067055
4.724934900,-3.905989907
4.725138300,-3.901912797
4.725341800,-3.893835650
4.725545200,-3.885758539
4.725748700,-3.881681392
4.725952100,-3.873604282
4.726155600,-3.865527134
4.726359000,-3.857450024
4.726562500,-3.849372876
4.726766000,-3.845295728
4.726969400,-3.837218618
4.727172900,-3.833141470
4.727376300,-3.829064360
4.727579800,-3.816987212
4.727783200,-3.808910102
4.727986700,-3.804832954
4.728190100,-3.796755844
4.728393600,-3.792678696
4.728597000,-3.788601586
4.728800500,-3.780524438
4.729003900,-3.772447328
4.729207400,-3.764370180
4.729410800,-3.760293070
4.729614300,-3.752215922
4.729817700,-3.748138812
4.730021200,-3.744061664
4.730224600,-3.735984554
4.730428100,-3.731907406
4.730631500,-3.723830296
4.730835000,-3.715753148
4.731038400,-3.711676038
4.731241900,-3.707598890
4.731445300,-3.703521780
4.731648800,-3.695444632
4.731852200,-3.691367522
4.732055700,-3.683290374
4.732259100,-3.675213264
4.732462600,-3.671136116
4.732666000,-3.667059006
4.732869500,-3.654981858
4.733072900,-3.650904748
4.733276400,-3.646827600
4.733479800,-3.638750490
4.733683300,-3.630673343
4.733886700,-3.626596233
4.734090200,-3.622519085
4.734293600,-3.614441975
4.734497100,-3.610364827
4.734700500,-3.606287717
4.734904000,-3.590210569
4.735107400,-3.586133459
4.735310900,-3.582056311
4.735514300,-3.577979201
4.735717800,-3.569902053
4.735921200,-3.565824943
4.736124700,-3.557747795
4.736328100,-3.545670685
4.736531600,-3.541593537
4.736735000,-3.537516427
4.736938500,-3.525439279
4.737141900,-3.521362169
4.737345400,-3.517285021
4.737548800,-3.509207911
4.737752300,-3.497130763
4.737955700,-3.493053653
4.738159200,-3.488976505
4.738362600,-3.480899395
4.738566100,-3.472822247
4.738769500,-3.468745137
4.738973000,-3.460667989
4.739176400,-3.452590879
4.739379900,-3.444513731
4.739583300,-3.436436621
4.739786800,-3.428359473
4.739990200,-3.424282363
4.740193700,-3.420205215
4.740397100,-3.408128105
4.740600600,-3.404050957
4.740804000,-3.395973847
4.741007500,-3.383896699
4.741210900,-3.379819589
4.741414400,-3.375742441
4.741617800,-3.363665331
4.741821300,-3.359588183
4.742024700,-3.355511073
4.742228200,-3.343433926
4.742431600,-3.335356816
4.742635100,-3.327279668
4.742838500,-3.323202558
4.743042000,-3.315125410
4.743245400,-3.307048300
4.743448900,-3.302971152
4.743652300,-3.286894042
4.743855800,-3.282816894
4.744059200,-3.278739784
4.744262700,-3.274662636
4.744466100,-3.262585526
4.744669600,-3.258508378
4.744873000,-3.254431268
4.745076500,-3.238354120
4.745279900,-3.234277010
4.745483400,-3.226199862
4.745686800,-3.218122752
4.745890300,-3.214045604
4.746093800,-3.205968456
4.746297200,-3.197891346
4.746500700,-3.193814198
4.746704100,-3.185737088
4.746907600,-3.177659940
4.747111000,-3.169582830
4.747314500,-3.165505682
4.747517900,-3.157428572
4.747721400,-3.149351424
4.747924800,-3.145274314
4.748128300,-3.137197166
4.748331700,-3.125120056
4.748535200,-3.121042908
4.748738600,-3.116965798
4.748942100,-3.112888650
4.749145500,-3.100811540
4.749349000,-3.096734392
4.749552400,-3.088657282
4.749755900,-3.076580134
4.749959300,-3.072503024
4.750162800,-3.068425877
4.750366200,-3.060348767
4.750569700,-3.056271619
4.750773100,-3.048194509
4.750976600,-3.040117361
4.751180000,-3.032040251
4.751383500,-3.027963103
4.751586900,-3.023885993
4.751790400,-3.011808845
4.751993800,-3.007731735
4.752197300,-3.003654587
4.752400700,-2.995577477
4.752604200,-2.987500329
4.752807600,-2.983423219
4.753011100,-2.979346071
4.753214500,-2.967268961
4.753418000,-2.963191813
4.753621400,-2.959114703
4.753824900,-2.951037555
4.754028300,-2.942960445
4.754231800,-2.938883297
4.754435200,-2.926806187
4.754638700,-2.922729039
4.754842100,-2.918651929
4.755045600,-2.914574781
4.755249000,-2.906497671
4.755452500,-2.902420523
4.755655900,-2.894343413
4.755859400,-2.886266265
4.756062800,-2.882189155
4.756266300,-2.874112007
4.756469700,-2.866034897
4.756673200,-2.861957749
4.756876600,-2.857880639
4.757080100,-2.845803491
4.757283500,-2.841726381
4.757487000,-2.837649233
4.757690400,-2.833572123
4.757893900,-2.825494975
4.758097300,-2.821417865
4.758300800,-2.817340717
4.758504200,-2.805263607
4.758707700,-2.801186460
4.758911100,-2.797109350
4.759114600,-2.789032202
4.759318000,-2.788955092
4.759521500,-2.784877944
4.759724900,-2.780800834
4.759928400,-2.772723686
4.760131800,-2.764646576
4.760335300,-2.760569428
4.760538700,-2.752492318
4.760742200,-2.748415170
4.760945600,-2.748338060
4.761149100,-2.740260912
4.761352500,-2.736183802
4.761556000,-2.728106654
4.761759400,-2.724029544
4.761962900,-2.719952396
4.762166300,-2.715875286
4.762369800,-2.711798138
4.762573200,-2.707721028
4.762776700,-2.703643880
4.762980100,-2.699566770
4.763183600,-2.691489622
4.763387000,-2.687412512
4.763590500,-2.683335364
4.763793900,-2.683258254
4.763997400,-2.675181106
4.764200800,-2.671103996
4.764404300,-2.671026848
4.764607700,-2.658949738
4.764811200,-2.658872590
4.765014600,-2.654795480
4.765218100,-2.650718332
4.765421500,-2.646641222
4.765625000,-2.642564074
4.765828500,-2.638486926
4.766031900,-2.638409816
4.766235400,-2.630332668
4.766438800,-2.626255558
4.766642300,-2.622178411
4.766845700,-2.618101300
4.767049200,-2.618024153
4.767252600,-2.613947043
4.767456100,-2.609869895
4.767659500,-2.605792785
4.767863000,-2.597715637
4.768066400,-2.597638527
4.768269900,-2.593561379
4.768473300,-2.593484269
4.768676800,-2.585407121
4.768880200,-2.585330011
4.769083700,-2.581252863
4.769287100,-2.573175753
4.769490600,-2.573098605
4.769694000,-2.569021495
4.769897500,-2.564944347
4.770100900,-2.560867237
4.770304400,-2.560790089
4.770507800,-2.556712979
4.770711300,-2.548635831
4.770914700,-2.548558721
4.771118200,-2.544481573
4.771321600,-2.540404463
4.771525100,-2.536327315
4.771728500,-2.536250205
4.771932000,-2.532173057
4.772135400,-2.528095947
4.772338900,-2.524018799
4.772542300,-2.519941689
4.772745800,-2.515864541
4.772949200,-2.515787431
4.773152700,-2.511710283
4.773356100,-2.507633173
4.773559600,-2.507556025
4.773763000,-2.503478915
4.773966500,-2.495401767
4.774169900,-2.495324657
4.774373400,-2.491247509
4.774576800,-2.491170399
4.774780300,-2.487093251
4.774983700,-2.487016141
4.775187200,-2.482938994
4.775390600,-2.474861884
4.775594100,-2.474784736
4.775797500,-2.474707626
4.776001000,-2.470630478
4.776204400,-2.466553368
4.776407900,-2.466476220
4.776611300,-2.462399110
4.776814800,-2.462321962
4.777018200,-2.458244852
4.777221700,-2.454167704
4.777425100,-2.454090594
4.777628600,-2.450013446
4.777832000,-2.449936336
4.778035500,-2.445859188
4.778238900,-2.445782078
4.778442400,-2.445704930
4.778645800,-2.437627820
4.778849300,-2.437550672
4.779052700,-2.437473562
4.779256200,-2.437396414
4.779459600,-2.433319304
4.779663100,-2.433242156
4.779866500,-2.433165046
4.780070000,-2.433087898
4.780273400,-2.429010788
4.780476900,-2.424933640
4.780680300,-2.424856530
4.780883800,-2.424779382
4.781087200,-2.424702272
4.781290700,-2.424625124
4.781494100,-2.424548014
4.781697600,-2.420470866
4.781901000,-2.420393756
4.782104500,-2.420316608
4.782307900,-2.420239498
4.782511400,-2.420162350
4.782714800,-2.420085240
4.782918300,-2.420008092
4.783121700,-2.419930982
4.783325200,-2.415853834
4.783528600,-2.415776724
4.783732100,-2.415699577
4.783935500,-2.415622467
4.784139000,-2.415545319
4.784342400,-2.415468209
4.784545900,-2.415391061
4.784749300,-2.419313951
4.784952800,-2.415236803
4.785156300,-2.415159655
4.785359700,-2.415082545
4.785563200,-2.415005397
4.785766600,-2.414928287
4.785970100,-2.418851139
4.786173500,-2.418774029
4.786377000,-2.418696881
4.786580400,-2.418619771
4.786783900,-2.418542623
4.786987300,-2.418465513
4.787190800,-2.418388365
4.787394200,-2.422311255
4.787597700,-2.422234107
4.787801100,-2.426156997
4.788004600,-2.426079849
4.788208000,-2.426002739
4.788411500,-2.425925591
4.788614900,-2.425848481
4.788818400,-2.429771333
4.789021800,-2.429694223
4.789225300,-2.433617075
4.789428700,-2.433539965
4.789632200,-2.433462817
4.789835600,-2.433385707
4.790039100,-2.437308559
4.790242500,-2.441231449
4.790446000,-2.441154301
4.790649400,-2.441077191
4.790852900,-2.445000043
4.791056300,-2.448922933
4.791259800,-2.444845785
4.791463200,-2.448768675
4.791666700,-2.452691528
4.791870100,-2.452614417
4.792073600,-2.456537270
4.792277000,-2.460460160
4.792480500,-2.464383012
4.792683900,-2.464305902
4.792887400,-2.464228754
4.793090800,-2.468151644
4.793294300,-2.468074496
4.793497700,-2.475997386
4.793701200,-2.475920238
4.793904600,-2.479843128
4.794108100,-2.483765980
4.794311500,-2.487688870
4.794515000,-2.483611722
4.794718400,-2.487534612
4.794921900,-2.491457464
4.795125300,-2.495380354
4.795328800,-2.499303206
4.795532200,-2.503226096
4.795735700,-2.507148948
4.795939100,-2.507071838
4.796142600,-2.510994690
4.796346000,-2.514917580
4.796549500,-2.514840432
4.796752900,-2.518763322
4.796956400,-2.522686174
4.797159800,-2.526609064
4.797363300,-2.530531916
4.797566700,-2.534454806
4.797770200,-2.534377658
4.797973600,-2.538300548
4.798177100,-2.542223400
4.798380500,-2.546146290
4.798584000,-2.550069142
4.798787400,-2.553992032
4.798990900,-2.557914884
4.799194300,-2.561837774
4.799397800,-2.561760626
4.799601200,-2.565683516
4.799804700,-2.569606368
4.800008100,-2.573529258
4.800211600,-2.581452111
4.800415000,-2.581375001
4.800618500,-2.585297853
4.800821900,-2.589220743
4.801025400,-2.593143595
4.801228800,-2.597066485
4.801432300,-2.596989337
4.801635700,-2.604912227
4.801839200,-2.608835079
4.802042600,-2.612757969
4.802246100,-2.616680821
4.802449500,-2.620603711
4.802653000,-2.620526563
4.802856400,-2.624449453
4.803059900,-2.628372305
4.803263300,-2.632295195
4.803466800,-2.636218047
4.803670200,-2.644140937
4.803873700,-2.648063789
4.804077100,-2.647986679
4.804280600,-2.655909531
4.804484000,-2.655832421
4.804687500,-2.659755273
4.804891000,-2.667678125
4.805094400,-2.667601015
4.805297900,-2.671523867
4.805501300,-2.675446757
4.805704800,-2.683369609
4.805908200,-2.687292499
4.806111700,-2.683215351
4.806315100,-2.691138241
4.806518600,-2.695061093
4.806722000,-2.698983983
4.806925500,-2.702906835
4.807128900,-2.706829725
4.807332400,-2.710752577
4.807535800,-2.714675467
4.807739300,-2.714598319
4.807942700,-2.718521209
4.808146200,-2.722444062
4.808349600,-2.730366951
4.808553100,-2.730289804
4.808756500,-2.734212694
4.808960000,-2.742135546
4.809163400,-2.746058436
4.809366900,-2.741981288
4.809570300,-2.745904178
4.809773800,-2.753827030
4.809977200,-2.757749920
4.810180700,-2.757672772
4.810384100,-2.765595662
4.810587600,-2.769518514
4.810791000,-2.769441404
4.810994500,-2.773364256
4.811197900,-2.777287146
4.811401400,-2.777209998
4.811604800,-2.781132888
4.811808300,-2.785055740
4.812011700,-2.788978630
4.812215200,-2.792901482
4.812418600,-2.796824372
4.812622100,-2.800747224
4.812825500,-2.800670114
4.813029000,-2.804592966
4.813232400,-2.808515856
4.813435900,-2.808438708
4.813639300,-2.816361598
4.813842800,-2.816284450
4.814046200,-2.820207340
4.814249700,-2.820130192
4.814453100,-2.824053082
4.814656600,-2.823975934
4.814860000,-2.827898824
4.815063500,-2.831821676
4.815266900,-2.835744566
4.815470400,-2.835667418
4.815673800,-2.843590308
4.815877300,-2.843513160
4.816080700,-2.843436050
4.816284200,-2.847358902
4.816487600,-2.851281792
4.816691100,-2.851204645
4.816894500,-2.855127534
4.817098000,-2.859050387
4.817301400,-2.862973277
4.817504900,-2.862896129
4.817708300,-2.866819019
4.817911800,-2.866741871
4.818115200,-2.870664761
4.818318700,-2.870587613
4.818522100,-2.874510503
4.818725600,-2.878433355
4.818929000,-2.882356245
4.819132500,-2.886279097
4.819335900,-2.890201987
4.819539400,-2.886124839
4.819742800,-2.890047729
4.819946300,-2.893970581
4.820149700,-2.897893471
4.820353200,-2.897816323
4.820556600,-2.905739213
4.820760100,-2.905662065
4.820963500,-2.909584955
4.821167000,-2.909507807
4.821370400,-2.913430697
4.821573900,-2.913353549
4.821777300,-2.921276439
4.821980800,-2.921199291
4.822184200,-2.925122181
4.822387700,-2.929045033
4.822591100,-2.932967923
4.822794600,-2.936890775
4.822998000,-2.932813665
4.823201500,-2.940736517
4.823404900,-2.940659407
4.823608400,-2.944582259
4.823811800,-2.948505149
4.824015300,-2.952428001
4.824218700,-2.952350891
4.824422200,-2.956273743
4.824625700,-2.956196596
4.824829100,-2.960119485
4.825032600,-2.960042338
4.825236000,-2.963965228
4.825439500,-2.967888080
4.825642900,-2.967810970
4.825846400,-2.971733822
4.826049800,-2.971656712
4.826253300,-2.975579564
4.826456700,-2.971502454
4.826660200,-2.975425306
4.826863600,-2.975348196
4.827067100,-2.975271048
4.827270500,-2.979193938
4.827474000,-2.979116790
4.827677400,-2.979039680
4.827880900,-2.978962532
4.828084300,-2.974885422
4.828287800,-2.974808274
4.828491200,-2.970731164
4.828694700,-2.970654016
4.828898100,-2.970576906
4.829101600,-2.970499758
4.829305000,-2.966422648
4.829508500,-2.962345500
4.829711900,-2.962268390
4.829915400,-2.954191242
4.830118800,-2.950114132
4.830322300,-2.946036984
4.830525700,-2.937959874
4.830729200,-2.933882726
4.830932600,-2.929805616
4.831136100,-2.925728468
4.831339500,-2.917651358
4.831543000,-2.913574210
4.831746400,-2.901497100
4.831949900,-2.893419952
4.832153300,-2.885342842
4.832356800,-2.881265694
4.832560200,-2.865188584
4.832763700,-2.861111436
4.832967100,-2.853034326
4.833170600,-2.836957179
4.833374000,-2.824880068
4.833577500,-2.816802921
4.833780900,-2.808725811
4.833984400,-2.792648663
4.834187800,-2.784571553
4.834391300,-2.772494405
4.834594700,-2.756417295
4.834798200,-2.744340147
4.835001600,-2.736263037
4.835205100,-2.712185889
4.835408500,-2.700108779
4.835612000,-2.688031631
4.835815400,-2.679954521
4.836018900,-2.655877373
4.836222300,-2.643800263
4.836425800,-2.635723115
4.836629200,-2.611646005
4.836832700,-2.599568857
4.837036100,-2.583491747
4.837239600,-2.559414599
4.837443000,-2.547337489
4.837646500,-2.535260341
4.837849900,-2.523183231
4.838053400,-2.499106083
4.838256800,-2.487028973
4.838460300,-2.474951825
4.838663700,-2.446874715
4.838867200,-2.434797567
4.839070600,-2.422720457
4.839274100,-2.394643309
4.839477500,-2.382566199
4.839681000,-2.370489051
4.839884400,-2.358411941
4.840087900,-2.334334793
4.840291300,-2.322257683
4.840494800,-2.306180535
4.840698200,-2.282103425
4.840901700,-2.270026277
4.841105100,-2.257949167
4.841308600,-2.233872019
4.841512000,-2.221794909
4.841715500,-2.209717762
4.841918900,-2.185640652
4.842122400,-2.173563504
4.842325800,-2.157486394
4.842529300,-2.145409246
4.842732700,-2.125332136
4.842936200,-2.113254988
4.843139600,-2.101177878
4.843343100,-2.077100730
4.843546500,-2.069023620
4.843750000,-2.056946472
4.843953500,-2.036869324
4.844156900,-2.020792214
4.844360400,-2.008715066
4.844563800,-2.000637956
4.844767300,-1.976560808
4.844970700,-1.968483698
4.845174200,-1.956406550
4.845377600,-1.936329440
4.845581100,-1.924252292
4.845784500,-1.916175182
4.845988000,-1.892098034
4.846191400,-1.884020924
4.846394900,-1.871943776
4.846598300,-1.863866666
4.846801800,-1.843789518
4.847005200,-1.835712408
4.847208700,-1.823635260
4.847412100,-1.803558150
4.847615600,-1.795481002
4.847819000,-1.783403892
4.848022500,-1.763326744
4.848225900,-1.755249634
4.848429400,-1.747172486
4.848632800,-1.735095376
4.848836300,-1.719018228
4.849039700,-1.710941118
4.849243200,-1.702863970
4.849446600,-1.682786860
4.849650100,-1.670709713
4.849853500,-1.662632602
4.850057000,-1.646555455
4.850260400,-1.638478345
4.850463900,-1.626401197
4.850667300,-1.618324087
4.850870800,-1.602246939
4.851074200,-1.594169829
4.851277700,-1.586092681
4.851481100,-1.566015571
4.851684600,-1.557938423
4.851888000,-1.549861313
4.852091500,-1.533784165
4.852294900,-1.525707055
4.852498400,-1.517629907
4.852701800,-1.501552797
4.852905300,-1.493475649
4.853108700,-1.485398539
4.853312200,-1.473321391
4.853515600,-1.461244281
4.853719100,-1.453167133
4.853922500,-1.445090023
4.854126000,-1.429012875
4.854329400,-1.420935765
4.854532900,-1.412858617
4.854736300,-1.400781507
4.854939800,-1.392704359
4.855143200,-1.380627249
4.855346700,-1.372550101
4.855550100,-1.360472991
4.855753600,-1.352395843
4.855957000,-1.344318733
4.856160500,-1.332241585
4.856363900,-1.324164475
4.856567400,-1.320087327
4.856770800,-1.304010217
4.856974300,-1.295933069
4.857177700,-1.287855959
4.857381200,-1.279778811
4.857584600,-1.267701701
4.857788100,-1.259624553
4.857991500,-1.255547443
4.858195000,-1.243470296
4.858398400,-1.235393185
4.858601900,-1.227316038
4.858805300,-1.211238928
4.859008800,-1.207161780
4.859212200,-1.199084670
4.859415700,-1.195007522
4.859619100,-1.182930412
4.859822600,-1.174853264
4.860026000,-1.170776154
4.860229500,-1.158699006
4.860432900,-1.154621896
4.860636400,-1.142544748
4.860839800,-1.130467638
4.861043300,-1.126390490
4.861246700,-1.122313380
4.861450200,-1.110236232
4.861653600,-1.102159122
4.861857100,-1.098081974
4.862060500,-1.094004864
4.862264000,-1.081927716
4.862467400,-1.073850606
4.862670900,-1.065773458
4.862874300,-1.057696348
4.863077800,-1.053619200
4.863281200,-1.045542090
4.863484700,-1.037464942
4.863688200,-1.033387794
4.863891600,-1.025310684
4.864095100,-1.021233536
4.864298500,-1.013156426
4.864502000,-1.001079278
4.864705400,-0.997002168
4.864908900,-0.988925020
4.865112300,-0.984847910
4.865315800,-0.980770762
4.865519200,-0.968693652
4.865722700,-0.964616504
4.865926100,-0.960539394
4.866129600,-0.956462246
4.866333000,-0.944385136
4.866536500,-0.936307989
4.866739900,-0.932230879
4.866943400,-0.924153731
4.867146800,-0.920076621
4.867350300,-0.915999473
4.867553700,-0.907922363
4.867757200,-0.903845215
4.867960600,-0.899768105
4.868164100,-0.891690957
4.868367500,-0.883613847
4.868571000,-0.879536699
4.868774400,-0.875459589
4.868977900,-0.867382441
4.869181300,-0.863305331
4.869384800,-0.859228183
4.869588200,-0.851151073
4.869791700,-0.847073925
4.869995100,-0.842996815
4.870198600,-0.830919667
4.870402000,-0.826842557
4.870605500,-0.822765409
4.870808900,-0.818688299
4.871012400,-0.810611151
4.871215800,-0.810534041
4.871419300,-0.806456893
4.871622700,-0.798379783
4.871826200,-0.794302635
4.872029600,-0.786225525
4.872233100,-0.782148377
4.872436500,-0.778071267
4.872640000,-0.773994119
4.872843400,-0.769917009
4.873046900,-0.765839861
4.873250300,-0.761762751
4.873453800,-0.757685603
4.873657200,-0.749608493
4.873860700,-0.749531345
4.874064100,-0.741454235
4.874267600,-0.737377087
4.874471000,-0.733299977
4.874674500,-0.729222830
4.874877900,-0.725145719
4.875081400,-0.721068572
4.875284800,-0.716991462
4.875488300,-0.716914314
4.875691700,-0.708837204
4.875895200,-0.704760056
4.876098600,-0.700682946
4.876302100,-0.696605798
4.876505500,-0.692528688
4.876709000,-0.692451540
4.876912400,-0.688374430
4.877115900,-0.684297282
4.877319300,-0.680220172
4.877522800,-0.680143024
4.877726200,-0.676065914
4.877929700,-0.667988766
4.878133100,-0.663911656
4.878336600,-0.659834508
4.878540000,-0.659757398
4.878743500,-0.655680250
4.878946900,-0.655603140
4.879150400,-0.651525992
4.879353800,-0.647448882
4.879557300,-0.647371734
4.879760700,-0.643294624
4.879964200,-0.635217476
4.880167600,-0.635140366
4.880371100,-0.631063218
4.880574500,-0.630986108
4.880778000,-0.626908960
4.880981400,-0.622831850
4.881184900,-0.622754702
4.881388300,-0.622677592
4.881591800,-0.618600444
4.881795200,-0.610523334
4.881998700,-0.610446186
4.882202100,-0.610369076
4.882405600,-0.606291928
4.882609000,-0.606214818
4.882812500,-0.602137670
4.883016000,-0.602060523
4.883219400,-0.597983413
4.883422900,-0.597906265
4.883626300,-0.597829155
4.883829800,-0.589752007
4.884033200,-0.589674897
4.884236700,-0.585597749
4.884440100,-0.585520639
4.884643600,-0.581443491
4.884847000,-0.581366381
4.885050500,-0.581289233
4.885253900,-0.577212123
4.885457400,-0.577134975
4.885660800,-0.577057865
4.885864300,-0.568980717
4.886067700,-0.568903607
4.886271200,-0.568826459
4.886474600,-0.564749349
4.886678100,-0.564672201
4.886881500,-0.564595091
4.887085000,-0.564517943
4.887288400,-0.560440833
4.887491900,-0.560363685
4.887695300,-0.560286575
4.887898800,-0.556209427
4.888102200,-0.556132317
4.888305700,-0.552055169
4.888509100,-0.551978059
4.888712600,-0.551900911
4.888916000,-0.551823801
4.889119500,-0.547746653
4.889322900,-0.547669543
4.889526400,-0.547592395
4.889729800,-0.543515285
4.889933300,-0.543438137
4.890136700,-0.543361027
4.890340200,-0.543283879
4.890543600,-0.539206769
4.890747100,-0.539129621
4.890950500,-0.539052511
4.891154000,-0.538975363
4.891357400,-0.538898253
4.891560900,-0.538821106
4.891764300,-0.534743996
4.891967800,-0.534666848
4.892171200,-0.534589738
4.892374700,-0.534512590
4.892578100,-0.534435480
4.892781600,-0.534358332
4.892985000,-0.534281222
4.893188500,-0.534204074
4.893391900,-0.534126964
4.893595400,-0.534049816
4.893798800,-0.529972706
4.894002300,-0.529895558
4.894205700,-0.529818448
4.894409200,-0.529741300
4.894612600,-0.529664190
4.894816100,-0.529587042
4.895019500,-0.529509932
4.895223000,-0.529432784
4.895426400,-0.529355674
4.895629900,-0.529278526
4.895833300,-0.529201416
4.896036800,-0.529124268
4.896240200,-0.529047158
4.896443700,-0.528970010
4.896647100,-0.528892900
4.896850600,-0.532815752
4.897054000,-0.532738642
4.897257500,-0.532661494
4.897460900,-0.532584384
4.897664400,-0.536507236
4.897867800,-0.536430126
4.898071300,-0.532352978
4.898274700,-0.536275868
4.898478200,-0.536198720
4.898681600,-0.536121610
4.898885100,-0.540044462
4.899088500,-0.539967352
4.899292000,-0.543890204
4.899495400,-0.543813094
4.899698900,-0.543735947
4.899902300,-0.547658836
4.900105800,-0.543581689
4.900309200,-0.543504579
4.900512700,-0.547427431
4.900716100,-0.547350321
4.900919600,-0.551273173
4.901123000,-0.551196063
4.901326500,-0.555118915
4.901529900,-0.555041805
4.901733400,-0.558964657
4.901936800,-0.562887547
4.902140300,-0.558810399
4.902343700,-0.558733289
4.902547200,-0.562656141
4.902750700,-0.566578993
4.902954100,-0.566501883
4.903157600,-0.566424735
4.903361000,-0.570347625
4.903564500,-0.574270477
4.903767900,-0.574193367
4.903971400,-0.578116219
4.904174800,-0.574039109
4.904378300,-0.577961961
4.904581700,-0.581884851
4.904785200,-0.581807703
4.904988600,-0.581730593
4.905192100,-0.585653445
4.905395500,-0.589576335
4.905599000,-0.589499187
4.905802400,-0.589422077
4.906005900,-0.593344929
4.906209300,-0.597267819
4.906412800,-0.593190671
4.906616200,-0.597113561
4.906819700,-0.597036413
4.907023100,-0.600959303
4.907226600,-0.600882155
4.907430000,-0.604805045
4.907633500,-0.604727897
4.907836900,-0.604650787
4.908040400,-0.608573640
4.908243800,-0.608496530
4.908447300,-0.608419382
4.908650700,-0.608342272
4.908854200,-0.612265124
4.909057600,-0.612188014
4.909261100,-0.612110866
4.909464500,-0.616033756
4.909668000,-0.615956608
4.909871400,-0.615879498
4.910074900,-0.619802350
4.910278300,-0.619725240
4.910481800,-0.615648092
4.910685200,-0.619570982
4.910888700,-0.619493834
4.911092100,-0.619416724
4.911295600,-0.623339576
4.911499000,-0.623262466
4.911702500,-0.623185318
4.911905900,-0.623108208
4.912109400,-0.623031060
4.912312800,-0.626953950
4.912516300,-0.626876802
4.912719700,-0.622799692
4.912923200,-0.622722544
4.913126600,-0.622645434
4.913330100,-0.626568286
4.913533500,-0.626491176
4.913737000,-0.626414028
4.913940400,-0.626336918
4.914143900,-0.626259770
4.914347300,-0.626182660
4.914550800,-0.630105512
4.914754200,-0.626028402
4.914957700,-0.625951254
4.915161100,-0.625874144
4.915364600,-0.625796996
4.915568000,-0.625719886
4.915771500,-0.625642738
4.915974900,-0.625565628
4.916178400,-0.629488481
4.916381800,-0.629411370
4.916585300,-0.629334223
4.916788700,-0.629257113
4.916992200,-0.625179965
4.917195600,-0.625102855
4.917399100,-0.625025707
4.917602500,-0.624948597
4.917806000,-0.624871449
4.918009400,-0.628794339
4.918212900,-0.628717191
4.918416300,-0.628640081
4.918619800,-0.628562933
4.918823200,-0.628485823
4.919026700,-0.628408675
4.919230100,-0.624331565
4.919433600,-0.628254417
4.919637000,-0.628177307
4.919840500,-0.628100159
4.920043900,-0.628023049
4.920247400,-0.627945901
4.920450800,-0.627868791
4.920654300,-0.627791643
4.920857700,-0.631714533
4.921061200,-0.631637385
4.921264600,-0.631560275
4.921468100,-0.627483127
4.921671500,-0.627406017
4.921875000,-0.631328869
4.922078500,-0.631251721
4.922281900,-0.631174611
4.922485400,-0.631097463
4.922688800,-0.631020353
4.922892300,-0.634943205
4.923095700,-0.634866095
4.923299200,-0.634788947
4.923502600,-0.630711837
4.923706100,-0.634634689
4.923909500,-0.634557579
4.924113000,-0.634480431
4.924316400,-0.634403321
4.924519900,-0.634326174
4.924723300,-0.638249064
4.924926800,-0.638171916
4.925130200,-0.638094806
4.925333700,-0.638017658
4.925537100,-0.641940548
4.925740600,-0.637863400
4.925944000,-0.637786290
4.926147500,-0.641709142
4.926350900,-0.641632032
4.926554400,-0.641554884
4.926757800,-0.641477774
4.926961300,-0.645400626
4.927164700,-0.645323516
4.927368200,-0.645246368
4.927571600,-0.649169258
4.927775100,-0.649092110
4.927978500,-0.645015000
4.928182000,-0.648937852
4.928385400,-0.648860742
4.928588900,-0.648783594
4.928792300,-0.648706484
4.928995800,-0.652629336
4.929199200,-0.652552226
4.929402700,-0.652475078
4.929606100,-0.652397968
4.929809600,-0.656320820
4.930013000,-0.656243710
4.930216500,-0.652166562
4.930419900,-0.652089452
4.930623400,-0.656012304
4.930826800,-0.655935194
4.931030300,-0.655858046
4.931233700,-0.655780936
4.931437200,-0.655703788
4.931640600,-0.659626678
4.931844100,-0.659549530
4.932047500,-0.659472420
4.932251000,-0.659395272
4.932454400,-0.655318162
4.932657900,-0.659241014
4.932861300,-0.659163904
4.933064800,-0.659086757
4.933268200,-0.659009647
4.933471700,-0.658932499
4.933675100,-0.658855389
4.933878600,-0.658778241
4.934082000,-0.658701131
4.934285500,-0.658623983
4.934488900,-0.658546873
4.934692400,-0.658469725
4.934895800,-0.654392615
4.935099300,-0.654315467
4.935302700,-0.654238357
4.935506200,-0.654161209
4.935709600,-0.654084099
4.935913100,-0.654006951
4.936116500,-0.653929841
4.936320000,-0.653852693
4.936523400,-0.653775583
4.936726900,-0.653698435
4.936930300,-0.653621325
4.937133800,-0.649544177
4.937337200,-0.649467067
4.937540700,-0.649389919
4.937744100,-0.645312809
4.937947600,-0.645235661
4.938151000,-0.645158551
4.938354500,-0.645081403
4.938557900,-0.645004293
4.938761400,-0.644927145
4.938964800,-0.640850035
4.939168300,-0.640772887
4.939371700,-0.636695777
4.939575200,-0.636618629
4.939778600,-0.632541519
4.939982100,-0.632464371
4.940185500,-0.632387261
4.940389000,-0.632310113
4.940592400,-0.628233003
4.940795900,-0.628155855
4.940999300,-0.628078745
4.941202800,-0.628001598
4.941406200,-0.623924487
4.941609700,-0.623847340
4.941813200,-0.619770192
4.942016600,-0.615693082
4.942220100,-0.615615934
4.942423500,-0.615538824
4.942627000,-0.611461676
4.942830400,-0.611384566
4.943033900,-0.607307418
4.943237300,-0.607230308
4.943440800,-0.607153160
4.943644200,-0.603076050
4.943847700,-0.602998902
4.944051100,-0.598921792
4.944254600,-0.594844644
4.944458000,-0.594767534
4.944661500,-0.594690386
4.944864900,-0.590613276
4.945068400,-0.590536128
4.945271800,-0.586459018
4.945475300,-0.586381870
4.945678700,-0.582304760
4.945882200,-0.582227612
4.946085600,-0.582150502
4.946289100,-0.578073354
4.946492500,-0.573996244
4.946696000,-0.569919096
4.946899400,-0.569841986
4.947102900,-0.565764838
4.947306300,-0.565687728
4.947509800,-0.565610580
4.947713200,-0.561533470
4.947916700,-0.561456322
4.948120100,-0.557379212
4.948323600,-0.557302064
4.948527000,-0.553224954
4.948730500,-0.553147806
4.948933900,-0.549070696
4.949137400,-0.544993548
4.949340800,-0.540916438
4.949544300,-0.540839291
4.949747700,-0.536762181
4.949951200,-0.536685033
4.950154600,-0.536607923
4.950358100,-0.532530775
4.950561500,-0.528453665
4.950765000,-0.528376517
4.950968400,-0.528299407
4.951171900,-0.520222259
4.951375300,-0.516145149
4.951578800,-0.516068001
4.951782200,-0.511990891
4.951985700,-0.511913743
4.952189100,-0.507836633
4.952392600,-0.503759485
4.952596000,-0.503682375
4.952799500,-0.499605227
4.953002900,-0.499528117
4.953206400,-0.495450969
4.953409800,-0.491373859
4.953613300,-0.487296711
4.953816700,-0.483219601
4.954020200,-0.479142453
4.954223600,-0.479065343
4.954427100,-0.474988195
4.954630500,-0.470911085
4.954834000,-0.470833937
4.955037400,-0.466756827
4.955240900,-0.462679679
4.955444300,-0.462602569
4.955647800,-0.458525421
4.955851200,-0.454448311
4.956054700,-0.446371163
4.956258100,-0.446294053
4.956461600,-0.442216905
4.956665000,-0.438139795
4.956868500,-0.434062647
4.957071900,-0.429985537
4.957275400,-0.425908389
4.957478800,-0.425831279
4.957682300,-0.421754131
4.957885700,-0.417677021
4.958089200,-0.413599874
4.958292600,-0.409522764
4.958496100,-0.401445616
4.958699500,-0.397368506
4.958903000,-0.397291358
4.959106400,-0.389214248
4.959309900,-0.385137100
4.959513300,-0.385059990
4.959716800,-0.380982842
4.959920200,-0.372905732
4.960123700,-0.368828584
4.960327100,-0.368751474
4.960530600,-0.360674326
4.960734000,-0.356597216
4.960937500,-0.352520068
4.961141000,-0.344442920
4.961344400,-0.340365810
4.961547900,-0.336288662
4.961751300,-0.332211552
4.961954800,-0.324134404
4.962158200,-0.324057294
4.962361700,-0.319980146
4.962565100,-0.311903036
4.962768600,-0.307825888
4.962972000,-0.303748778
4.963175500,-0.295671630
4.963378900,-0.291594520
4.963582400,-0.283517372
4.963785800,-0.279440262
4.963989300,-0.271363114
4.964192700,-0.267286004
4.964396200,-0.267208856
4.964599600,-0.259131746
4.964803100,-0.255054598
4.965006500,-0.250977488
4.965210000,-0.242900340
4.965413400,-0.238823230
4.965616900,-0.234746082
4.965820300,-0.222668972
4.966023800,-0.214591825
4.966227200,-0.210514715
4.966430700,-0.206437567
4.966634100,-0.198360457
4.966837600,-0.194283309
4.967041000,-0.190206199
4.967244500,-0.182129051
4.967447900,-0.178051941
4.967651400,-0.173974793
4.967854800,-0.165897683
4.968058300,-0.161820535
4.968261700,-0.157743425
4.968465200,-0.153666277
4.968668600,-0.141589167
4.968872100,-0.133512019
4.969075500,-0.129434909
4.969279000,-0.121357761
4.969482400,-0.117280651
4.969685900,-0.113203503
4.969889300,-0.105126393
4.970092800,-0.101049245
4.970296200,-0.096972135
4.970499700,-0.092894987
4.970703100,-0.084817877
4.970906600,-0.076740729
4.971110000,-0.068663619
4.971313500,-0.060586471
4.971516900,-0.056509361
4.971720400,-0.052432213
4.971923800,-0.044355103
4.972127300,-0.040277955
4.972330700,-0.036200845
4.972534200,-0.032123697
4.972737600,-0.020046587
4.972941100,-0.015969439
4.973144500,-0.011892329
4.973348000,-0.003815181
4.973551400,0.000261929
4.973754900,0.008339077
4.973958300,0.016416187
4.974161800,0.020493335
4.974365200,0.024570445
4.974568700,0.028647592
4.974772100,0.040724702
4.974975600,0.044801850
4.975179000,0.048878960
4.975382500,0.056956108
4.975585900,0.061033218
4.975789400,0.065110366
4.975992800,0.073187476
4.976196300,0.077264624
4.976399700,0.085341734
4.976603200,0.093418882
4.976806600,0.097495992
4.977010100,0.101573140
4.977213500,0.105650250
4.977417000,0.113727398
4.977620400,0.117804508
4.977823900,0.121881656
4.978027300,0.133958766
4.978230800,0.138035914
4.978434200,0.142113024
4.978637700,0.150190172
4.978841100,0.154267282
4.979044600,0.162344430
4.979248000,0.166421540
4.979451500,0.174498688
4.979654900,0.178575798
4.979858400,0.182652946
4.980061800,0.190730056
4.980265300,0.194807204
4.980468700,0.198884314
4.980672200,0.206961462
4.980875700,0.211038610
4.981079100,0.215115720
4.981282600,0.219192868
4.981486000,0.227269978
4.981689500,0.235347126
4.981892900,0.235424236
4.982096400,0.243501384
4.982299800,0.247578494
4.982503300,0.251655641
4.982706700,0.259732752
4.982910200,0.263809899
4.983113600,0.267887009
4.983317100,0.271964157
4.983520500,0.280041267
4.983724000,0.284118415
4.983927400,0.284195525
4.984130900,0.292272673
4.984334300,0.300349783
4.984537800,0.304426931
4.984741200,0.312504041
4.984944700,0.316581189
4.985148100,0.316658299
4.985351600,0.324735447
4.985555000,0.328812557
4.985758500,0.332889705
4.985961900,0.336966815
4.986165400,0.341043963
4.986368800,0.345121073
4.986572300,0.349198221
4.986775700,0.353275331
4.986979200,0.357352479
4.987182600,0.365429589
4.987386100,0.369506737
4.987589500,0.373583847
4.987793000,0.373660995
4.987996400,0.377738105
4.988199900,0.381815253
4.988403300,0.385892363
4.988606800,0.389969511
4.988810200,0.394046621
4.989013700,0.398123769
4.989217100,0.398200879
4.989420600,0.402278027
4.989624000,0.406355137
4.989827500,0.410432285
4.990030900,0.414509395
4.990234400,0.418586543
4.990437800,0.422663653
4.990641300,0.422740801
4.990844700,0.426817911
4.991048200,0.426895058
4.991251600,0.430972168
4.991455100,0.435049316
4.991658500,0.435126426
4.991862000,0.435203574
4.992065400,0.439280684
4.992268900,0.443357832
4.992472300,0.443434942
4.992675800,0.447512090
4.992879200,0.451589200
4.993082700,0.451666348
4.993286100,0.451743458
4.993489600,0.455820606
4.993693000,0.455897716
4.993896500,0.455974864
4.994099900,0.460051974
4.994303400,0.460129122
4.994506800,0.460206232
4.994710300,0.460283380
4.994913700,0.460360490
4.995117200,0.460437638
4.995320600,0.464514748
4.995524100,0.468591896
4.995727500,0.468669006
4.995931000,0.468746154
4.996134400,0.468823264
4.996337900,0.468900412
4.996541300,0.468977522
4.996744800,0.469054670
4.996948200,0.469131780
4.997151700,0.469208928
4.997355100,0.469286038
4.997558600,0.469363186
4.997762000,0.465440296
4.997965500,0.465517444
4.998168900,0.469594554
4.998372400,0.469671702
4.998575800,0.469748812
4.998779300,0.469825960
4.998982700,0.465903070
4.999186200,0.465980218
4.999389600,0.466057328
4.999593100,0.462134475
4.999796500,0.462211585
5.000000000,0.462288733
