x (mm),altura (µm)
0.000000000,30.353687931
0.000203500,30.349819999
0.000406900,30.345953967
0.000610400,30.342086034
0.000813800,30.338220002
0.001017300,30.334352069
0.001220700,30.330486038
0.001424200,30.326618105
0.001627600,30.322752073
0.001831100,30.318884140
0.002034500,30.315018108
0.002238000,30.311150176
0.002441400,30.307284144
0.002644900,30.303416211
0.002848300,30.299550179
0.003051800,30.295682247
0.003255200,30.291816215
0.003458700,30.287948282
0.003662100,30.284082250
0.003865600,30.280214317
0.004069000,30.276348285
0.004272500,30.272480353
0.004475900,30.268614321
0.004679400,30.264746388
0.004882800,30.260880356
0.005086300,30.257012424
0.005289700,30.253146392
0.005493200,30.249278459
0.005696600,30.245412427
0.005900100,30.241544494
0.006103500,30.237678463
0.006307000,30.233810530
0.006510400,30.229944498
0.006713900,30.222076565
0.006917300,30.218210533
0.007120800,30.214342601
0.007324200,30.206476569
0.007527700,30.202608636
0.007731100,30.194742604
0.007934600,30.190874672
0.008138000,30.183008640
0.008341500,30.179140707
0.008544900,30.171274675
0.008748400,30.163406742
0.008951800,30.159540710
0.009155300,30.147672778
0.009358700,30.139806746
0.009562200,30.135938813
0.009765600,30.124072781
0.009969100,30.116204849
0.010172500,30.108338817
0.010376000,30.100470884
0.010579400,30.088604852
0.010782900,30.080736919
0.010986300,30.068870888
0.011189800,30.057002955
0.011393200,30.049136923
0.011596700,30.037268990
0.011800100,30.021402958
0.012003600,30.013535026
0.012207000,30.001668994
0.012410500,29.989801061
0.012613900,29.973935029
0.012817400,29.962067097
0.013020800,29.954201065
0.013224300,29.934333132
0.013427700,29.922467100
0.013631200,29.910599167
0.013834600,29.890733135
0.014038100,29.878865203
0.014241500,29.866999171
0.014445000,29.851131238
0.014648400,29.831265206
0.014851900,29.819397274
0.015055300,29.803531242
0.015258800,29.783663309
0.015462200,29.767797277
0.015665700,29.755929344
0.015869100,29.732063313
0.016072600,29.720195380
0.016276000,29.704329348
0.016479500,29.680461415
0.016682900,29.668595383
0.016886400,29.652727451
0.017089800,29.636861419
0.017293300,29.612993486
0.017496700,29.601127454
0.017700200,29.585259522
0.017903600,29.561393490
0.018107100,29.545525557
0.018310500,29.533659525
0.018514000,29.509791592
0.018717400,29.493925560
0.018920900,29.482057628
0.019124300,29.466191596
0.019327800,29.442323663
0.019531300,29.426455731
0.019734700,29.414589699
0.019938200,29.390721766
0.020141600,29.374855734
0.020345100,29.362987801
0.020548500,29.339121770
0.020752000,29.327253837
0.020955400,29.311387805
0.021158900,29.299519872
0.021362300,29.275653840
0.021565800,29.263785908
0.021769200,29.251919876
0.021972700,29.228051943
0.022176100,29.216185911
0.022379600,29.208317979
0.022583000,29.188451947
0.022786500,29.172584014
0.022989900,29.160717982
0.023193400,29.148850049
0.023396800,29.128984017
0.023600300,29.117116085
0.023803700,29.105250053
0.024007200,29.089382120
0.024210600,29.077516088
0.024414100,29.065648156
0.024617500,29.045782124
0.024821000,29.033914191
0.025024400,29.026048159
0.025227900,29.006180226
0.025431300,28.994314195
0.025634800,28.986446262
0.025838200,28.974580230
0.026041700,28.958712297
0.026245100,28.946846265
0.026448600,28.934978333
0.026652000,28.919112301
0.026855500,28.911244368
0.027058900,28.899378336
0.027262400,28.883510404
0.027465800,28.875644372
0.027669300,28.863776439
0.027872700,28.855910407
0.028076200,28.840042474
0.028279600,28.828176442
0.028483100,28.820308510
0.028686500,28.804442478
0.028890000,28.792574545
0.029093400,28.784708513
0.029296900,28.768840581
0.029500300,28.760974549
0.029703800,28.749106616
0.029907200,28.741240584
0.030110700,28.725372651
0.030314100,28.717506620
0.030517600,28.705638687
0.030721000,28.689772655
0.030924500,28.681904722
0.031127900,28.674038690
0.031331400,28.658170758
0.031534800,28.646304726
0.031738300,28.638436793
0.031941700,28.630570761
0.032145200,28.614702829
0.032348600,28.602836797
0.032552100,28.594968864
0.032755500,28.579102832
0.032959000,28.571234899
0.033162400,28.559368867
0.033365900,28.547500935
0.033569300,28.535634903
0.033772800,28.527766970
0.033976200,28.515900938
0.034179700,28.504033006
0.034383100,28.492166974
0.034586600,28.484299041
0.034790000,28.468433009
0.034993500,28.456565076
0.035196900,28.448699045
0.035400400,28.432831112
0.035603800,28.420965080
0.035807300,28.413097147
0.036010700,28.397231115
0.036214200,28.385363183
0.036417600,28.377497151
0.036621100,28.365629218
0.036824500,28.349763186
0.037028000,28.341895254
0.037231400,28.330029222
0.037434900,28.314161289
0.037638300,28.302295257
0.037841800,28.294427324
0.038045200,28.278561292
0.038248700,28.266693360
0.038452100,28.254827328
0.038655600,28.246959395
0.038859000,28.227093363
0.039062500,28.219225431
0.039266000,28.207357498
0.039469400,28.191491466
0.039672900,28.179623533
0.039876300,28.167757501
0.040079800,28.151889569
0.040283200,28.140023537
0.040486700,28.128155604
0.040690100,28.120289572
0.040893600,28.100421640
0.041097000,28.088555608
0.041300500,28.076687675
0.041503900,28.060821643
0.041707400,28.048953710
0.041910800,28.037087679
0.042114300,28.017219746
0.042317700,28.005353714
0.042521200,27.993485781
0.042724600,27.981619749
0.042928100,27.965751817
0.043131500,27.953885785
0.043335000,27.942017852
0.043538400,27.922151820
0.043741900,27.910283888
0.043945300,27.898417856
0.044148800,27.878549923
0.044352200,27.866683891
0.044555700,27.854815958
0.044759100,27.834949926
0.044962600,27.823081994
0.045166000,27.811215962
0.045369500,27.795348029
0.045572900,27.775481997
0.045776400,27.763614065
0.045979800,27.751748033
0.046183300,27.731880100
0.046386700,27.720014068
0.046590200,27.708146135
0.046793600,27.688280104
0.046997100,27.672412171
0.047200500,27.660546139
0.047404000,27.648678206
0.047607400,27.628812174
0.047810900,27.616944242
0.048014300,27.605078210
0.048217800,27.581210277
0.048421200,27.569344245
0.048624700,27.557476313
0.048828100,27.537610281
0.049031600,27.525742348
0.049235000,27.513876316
0.049438500,27.502008383
0.049641900,27.478142351
0.049845400,27.466274419
0.050048800,27.454408387
0.050252300,27.434540454
0.050455700,27.422674422
0.050659200,27.410806490
0.050862600,27.390940458
0.051066100,27.379072525
0.051269500,27.367206493
0.051473000,27.355338560
0.051676400,27.331472529
0.051879900,27.319604596
0.052083300,27.307738564
0.052286800,27.287870631
0.052490200,27.276004599
0.052693700,27.264136667
0.052897100,27.244270635
0.053100600,27.232402702
0.053304000,27.220536670
0.053507500,27.212668738
0.053710900,27.192802706
0.053914400,27.180934773
0.054117800,27.169068741
0.054321300,27.149200808
0.054524700,27.137334776
0.054728200,27.125466844
0.054931600,27.105600812
0.055135100,27.093732879
0.055338500,27.085866847
0.055542000,27.065998915
0.055745400,27.054132883
0.055948900,27.042264950
0.056152300,27.030398918
0.056355800,27.014530985
0.056559200,27.002664954
0.056762700,26.990797021
0.056966100,26.970930989
0.057169600,26.959063056
0.057373000,26.951197024
0.057576500,26.931329092
0.057779900,26.919463060
0.057983400,26.907595127
0.058186800,26.899729095
0.058390300,26.879861163
0.058593800,26.867993230
0.058797200,26.860127198
0.059000700,26.840259265
0.059204100,26.828393233
0.059407600,26.816525301
0.059611000,26.800659269
0.059814500,26.788791336
0.060017900,26.776925304
0.060221400,26.769057372
0.060424800,26.749191340
0.060628300,26.737323407
0.060831700,26.729457375
0.061035200,26.709589442
0.061238600,26.697723411
0.061442100,26.689855478
0.061645500,26.669989446
0.061849000,26.658121513
0.062052400,26.650255481
0.062255900,26.638387549
0.062459300,26.618521517
0.062662800,26.610653584
0.062866200,26.598787552
0.063069700,26.578919620
0.063273100,26.571053588
0.063476600,26.559185655
0.063680000,26.539319623
0.063883500,26.531451690
0.064086900,26.519585658
0.064290400,26.503717726
0.064493800,26.491851694
0.064697300,26.479983761
0.064900700,26.468117729
0.065104200,26.452249797
0.065307600,26.440383765
0.065511100,26.432515832
0.065714500,26.412649800
0.065918000,26.404781867
0.066121400,26.392915836
0.066324900,26.377047903
0.066528300,26.365181871
0.066731800,26.353313938
0.066935200,26.345447906
0.067138700,26.325579974
0.067342100,26.317713942
0.067545600,26.305846009
0.067749000,26.289979977
0.067952500,26.278112045
0.068155900,26.266246013
0.068359400,26.250378080
0.068562800,26.238512048
0.068766300,26.230644115
0.068969700,26.218778083
0.069173200,26.202910151
0.069376600,26.191044119
0.069580100,26.183176186
0.069783500,26.163310154
0.069987000,26.155442222
0.070190400,26.143576190
0.070393900,26.127708257
0.070597300,26.115842225
0.070800800,26.107974292
0.071004200,26.096108261
0.071207700,26.080240328
0.071411100,26.068374296
0.071614600,26.060506363
0.071818000,26.040640331
0.072021500,26.032772399
0.072224900,26.020906367
0.072428400,26.005038434
0.072631800,25.993172402
0.072835300,25.985304470
0.073038700,25.965438438
0.073242200,25.957570505
0.073445600,25.945704473
0.073649100,25.933836540
0.073852500,25.917970508
0.074056000,25.906102576
0.074259400,25.894236544
0.074462900,25.878368611
0.074666300,25.866502579
0.074869800,25.854634647
0.075073200,25.838768615
0.075276700,25.826900682
0.075480100,25.815034650
0.075683600,25.803166717
0.075887000,25.787300686
0.076090500,25.775432753
0.076293900,25.763566721
0.076497400,25.743698788
0.076700800,25.731832756
0.076904300,25.723964824
0.077107700,25.704098792
0.077311200,25.692230859
0.077514600,25.680364827
0.077718100,25.668496895
0.077921500,25.648630863
0.078125000,25.636762930
0.078328500,25.624894997
0.078531900,25.605028965
0.078735400,25.593161033
0.078938800,25.577295001
0.079142300,25.557427068
0.079345700,25.545561036
0.079549200,25.533693104
0.079752600,25.521827072
0.079956100,25.497959139
0.080159500,25.486093107
0.080363000,25.474225174
0.080566400,25.454359142
0.080769900,25.438491210
0.080973300,25.426625178
0.081176800,25.406757245
0.081380200,25.390891213
0.081583700,25.379023281
0.081787100,25.367157249
0.081990600,25.343289316
0.082194000,25.331423284
0.082397500,25.315555351
0.082600900,25.295689320
0.082804400,25.279821387
0.083007800,25.267955355
0.083211300,25.244087422
0.083414700,25.232221390
0.083618200,25.216353458
0.083821600,25.196487426
0.084025100,25.180619493
0.084228500,25.168753461
0.084432000,25.152885529
0.084635400,25.129019497
0.084838900,25.117151564
0.085042300,25.105285532
0.085245800,25.081417599
0.085449200,25.065551567
0.085652700,25.053683635
0.085856100,25.029817603
0.086059600,25.017949670
0.086263000,25.006083638
0.086466500,24.990215706
0.086669900,24.970349674
0.086873400,24.954481741
0.087076800,24.942615709
0.087280300,24.918747776
0.087483700,24.906881745
0.087687200,24.895013812
0.087890600,24.875147780
0.088094100,24.859279847
0.088297500,24.847413815
0.088501000,24.835545883
0.088704400,24.815679851
0.088907900,24.803811918
0.089111300,24.791945886
0.089314800,24.772077954
0.089518200,24.760211922
0.089721700,24.748343989
0.089925100,24.728477957
0.090128600,24.716610024
0.090332000,24.704743992
0.090535500,24.692876060
0.090738900,24.677010028
0.090942400,24.665142095
0.091145800,24.653276063
0.091349300,24.637408131
0.091552700,24.625542099
0.091756200,24.617674166
0.091959600,24.601808134
0.092163100,24.589940201
0.092366500,24.582074170
0.092570000,24.566206237
0.092773400,24.554340205
0.092976900,24.546472272
0.093180300,24.538606240
0.093383800,24.522738308
0.093587200,24.514872276
0.093790700,24.503004343
0.093994100,24.491138311
0.094197600,24.483270379
0.094401000,24.475404347
0.094604500,24.459536414
0.094807900,24.451670382
0.095011400,24.443802449
0.095214800,24.435936417
0.095418300,24.424068485
0.095621700,24.416202453
0.095825200,24.408334520
0.096028600,24.396468488
0.096232100,24.388600556
0.096435500,24.380734524
0.096639000,24.372866591
0.096842400,24.365000559
0.097045900,24.357132626
0.097249300,24.349266595
0.097452800,24.337398662
0.097656200,24.333532630
0.097859700,24.325664697
0.098063200,24.313796765
0.098266600,24.309930733
0.098470100,24.302062800
0.098673500,24.290196768
0.098877000,24.286328836
0.099080400,24.278462804
0.099283900,24.270594871
0.099487300,24.262728839
0.099690800,24.254860906
0.099894200,24.246994874
0.100097700,24.239126942
0.100301100,24.231260910
0.100504600,24.227392977
0.100708000,24.215526945
0.100911500,24.211659013
0.101114900,24.203792981
0.101318400,24.195925048
0.101521800,24.188059016
0.101725300,24.180191083
0.101928700,24.176325052
0.102132200,24.164457119
0.102335600,24.160591087
0.102539100,24.152723154
0.102742500,24.144857122
0.102946000,24.136989190
0.103149400,24.129123158
0.103352900,24.121255225
0.103556300,24.113389193
0.103759800,24.109521261
0.103963200,24.101655229
0.104166700,24.093787296
0.104370100,24.085921264
0.104573600,24.078053331
0.104777000,24.070187299
0.104980500,24.062319367
0.105183900,24.058453335
0.105387400,24.046585402
0.105590800,24.038719370
0.105794300,24.034851438
0.105997700,24.026985406
0.106201200,24.019117473
0.106404600,24.011251441
0.106608100,24.003383508
0.106811500,23.995517477
0.107015000,23.987649544
0.107218400,23.979783512
0.107421900,23.971915579
0.107625300,23.964049547
0.107828800,23.960181615
0.108032200,23.952315583
0.108235700,23.940447650
0.108439100,23.936581618
0.108642600,23.928713686
0.108846000,23.920847654
0.109049500,23.912979721
0.109252900,23.905113689
0.109456400,23.897245756
0.109659800,23.889379724
0.109863300,23.881511792
0.110066700,23.877645760
0.110270200,23.865777827
0.110473600,23.857911795
0.110677100,23.854043863
0.110880500,23.842177831
0.111084000,23.834309898
0.111287400,23.830443866
0.111490900,23.818575933
0.111694300,23.814709902
0.111897800,23.806841969
0.112101200,23.794975937
0.112304700,23.791108004
0.112508100,23.783241972
0.112711600,23.775374040
0.112915000,23.767508008
0.113118500,23.759640075
0.113321900,23.751774043
0.113525400,23.743906111
0.113728800,23.736040079
0.113932300,23.732172146
0.114135700,23.720306114
0.114339200,23.716438181
0.114542600,23.708572149
0.114746100,23.700704217
0.114949500,23.692838185
0.115153000,23.684970252
0.115356400,23.677104220
0.115559900,23.669236288
0.115763300,23.661370256
0.115966800,23.657502323
0.116170200,23.645636291
0.116373700,23.641768358
0.116577100,23.633902327
0.116780600,23.626034394
0.116984000,23.618168362
0.117187500,23.610300429
0.117391000,23.602432497
0.117594400,23.594566465
0.117797900,23.586698532
0.118001300,23.582832500
0.118204800,23.570964567
0.118408200,23.567098536
0.118611700,23.559230603
0.118815100,23.555364571
0.119018600,23.543496638
0.119222000,23.539630606
0.119425500,23.531762674
0.119628900,23.523896642
0.119832400,23.516028709
0.120035800,23.508162677
0.120239300,23.500294745
0.120442700,23.492428713
0.120646200,23.488560780
0.120849600,23.476694748
0.121053100,23.472826815
0.121256500,23.464960783
0.121460000,23.461092851
0.121663400,23.449226819
0.121866900,23.445358886
0.122070300,23.437492854
0.122273800,23.429624922
0.122477200,23.421758890
0.122680700,23.413890957
0.122884100,23.406024925
0.123087600,23.402156992
0.123291000,23.394290961
0.123494500,23.386423028
0.123697900,23.378556996
0.123901400,23.370689063
0.124104800,23.366823031
0.124308300,23.354955099
0.124511700,23.351089067
0.124715200,23.343221134
0.124918600,23.335355102
0.125122100,23.327487170
0.125325500,23.323621138
0.125529000,23.315753205
0.125732400,23.307887173
0.125935900,23.300019240
0.126139300,23.296153208
0.126342800,23.284285276
0.126546200,23.280419244
0.126749700,23.272551311
0.126953100,23.264685279
0.127156600,23.256817347
0.127360000,23.248951315
0.127563500,23.245083382
0.127766900,23.237217350
0.127970400,23.229349417
0.128173800,23.221483386
0.128377300,23.213615453
0.128580700,23.205749421
0.128784200,23.201881488
0.128987600,23.190015456
0.129191100,23.186147524
0.129394500,23.178281492
0.129598000,23.170413559
0.129801400,23.162547527
0.130004900,23.154679595
0.130208300,23.150813563
0.130411800,23.138945630
0.130615200,23.135079598
0.130818700,23.127211665
0.131022100,23.119345633
0.131225600,23.111477701
0.131429000,23.103611669
0.131632500,23.095743736
0.131835900,23.087877704
0.132039400,23.084009772
0.132242800,23.076143740
0.132446300,23.068275807
0.132649700,23.060409775
0.132853200,23.052541842
0.133056600,23.044675811
0.133260100,23.036807878
0.133463500,23.028941846
0.133667000,23.021073913
0.133870400,23.013207881
0.134073900,23.005339949
0.134277300,23.001473917
0.134480800,22.989605984
0.134684200,22.981739952
0.134887700,22.977872020
0.135091100,22.966005988
0.135294600,22.958138055
0.135498000,22.954272023
0.135701500,22.942404090
0.135904900,22.934538058
0.136108400,22.926670126
0.136311800,22.922804094
0.136515300,22.910936161
0.136718700,22.903070129
0.136922200,22.895202197
0.137125700,22.887334264
0.137329100,22.879468232
0.137532600,22.871600299
0.137736000,22.859734267
0.137939500,22.855866335
0.138142900,22.848000303
0.138346400,22.840132370
0.138549800,22.828266338
0.138753300,22.820398406
0.138956700,22.816532374
0.139160200,22.804664441
0.139363600,22.796798409
0.139567100,22.788930477
0.139770500,22.777064445
0.139974000,22.769196512
0.140177400,22.765330480
0.140380900,22.753462547
0.140584300,22.745596515
0.140787800,22.737728583
0.140991200,22.729862551
0.141194700,22.717994618
0.141398100,22.714128586
0.141601600,22.706260654
0.141805000,22.694394622
0.142008500,22.686526689
0.142211900,22.678660657
0.142415400,22.666792724
0.142618800,22.658926693
0.142822300,22.651058760
0.143025700,22.647192728
0.143229200,22.635324795
0.143432600,22.627458763
0.143636100,22.619590831
0.143839500,22.607724799
0.144043000,22.599856866
0.144246400,22.591990834
0.144449900,22.580122902
0.144653300,22.572256870
0.144856800,22.564388937
0.145060200,22.560522905
0.145263700,22.548654972
0.145467100,22.540788940
0.145670600,22.532921008
0.145874000,22.521054976
0.146077500,22.513187043
0.146280900,22.505321011
0.146484400,22.493453079
0.146687800,22.485587047
0.146891300,22.477719114
0.147094700,22.469853082
0.147298200,22.457985149
0.147501600,22.450119118
0.147705100,22.442251185
0.147908500,22.430385153
0.148112000,22.426517220
0.148315400,22.418651188
0.148518900,22.406783256
0.148722300,22.398917224
0.148925800,22.391049291
0.149129200,22.379183259
0.149332700,22.371315327
0.149536100,22.363449295
0.149739600,22.355581362
0.149943000,22.343715330
0.150146500,22.335847397
0.150349900,22.327981365
0.150553400,22.316113433
0.150756800,22.308247401
0.150960300,22.300379468
0.151163700,22.288513436
0.151367200,22.280645504
0.151570600,22.272779472
0.151774100,22.264911539
0.151977500,22.253045507
0.152181000,22.245177574
0.152384400,22.237311543
0.152587900,22.221443610
0.152791300,22.213577578
0.152994800,22.205709645
0.153198200,22.193843613
0.153401700,22.185975681
0.153605100,22.178109649
0.153808600,22.170241716
0.154012000,22.158375684
0.154215500,22.150507752
0.154418900,22.142641720
0.154622400,22.130773787
0.154825800,22.122907755
0.155029300,22.111039822
0.155232700,22.099173790
0.155436200,22.091305858
0.155639600,22.083439826
0.155843100,22.075571893
0.156046500,22.063705861
0.156250000,22.055837929
0.156453500,22.047969996
0.156656900,22.032103964
0.156860400,22.024236031
0.157063800,22.016369999
0.157267300,22.004502067
0.157470700,21.996636035
0.157674200,21.984768102
0.157877600,21.976902070
0.158081100,21.965034138
0.158284500,21.957168106
0.158488000,21.949300173
0.158691400,21.933434141
0.158894900,21.925566208
0.159098300,21.917700177
0.159301800,21.905832244
0.159505200,21.897966212
0.159708700,21.886098279
0.159912100,21.874232247
0.160115600,21.866364315
0.160319000,21.858498283
0.160522500,21.850630350
0.160725900,21.834764318
0.160929400,21.826896386
0.161132800,21.819030354
0.161336300,21.803162421
0.161539700,21.795296389
0.161743200,21.787428456
0.161946600,21.771562424
0.162150100,21.763694492
0.162353500,21.755828460
0.162557000,21.747960527
0.162760400,21.732094495
0.162963900,21.724226563
0.163167300,21.716360531
0.163370800,21.700492598
0.163574200,21.692626566
0.163777700,21.684758633
0.163981100,21.668892602
0.164184600,21.661024669
0.164388000,21.653158637
0.164591500,21.641290704
0.164794900,21.629424672
0.164998400,21.617556740
0.165201800,21.609690708
0.165405300,21.597822775
0.165608700,21.585956743
0.165812200,21.578088811
0.166015600,21.562222779
0.166219100,21.554354846
0.166422500,21.546488814
0.166626000,21.534620881
0.166829400,21.518754849
0.167032900,21.510886917
0.167236300,21.503020885
0.167439800,21.487152952
0.167643200,21.475286920
0.167846700,21.467418988
0.168050100,21.451552956
0.168253600,21.443685023
0.168457000,21.431818991
0.168660500,21.419951058
0.168863900,21.408085027
0.169067400,21.400217094
0.169270800,21.388351062
0.169474300,21.372483129
0.169677700,21.364617097
0.169881200,21.352749165
0.170084600,21.336883133
0.170288100,21.329015200
0.170491500,21.317149168
0.170695000,21.301281236
0.170898400,21.293415204
0.171101900,21.281547271
0.171305300,21.273681239
0.171508800,21.257813306
0.171712200,21.245947274
0.171915700,21.238079342
0.172119100,21.222213310
0.172322600,21.210345377
0.172526000,21.202479345
0.172729500,21.182611413
0.172932900,21.174745381
0.173136400,21.162877448
0.173339800,21.155011416
0.173543300,21.139143483
0.173746700,21.127277452
0.173950200,21.115409519
0.174153600,21.099543487
0.174357100,21.091675554
0.174560500,21.079809522
0.174764000,21.063941590
0.174967400,21.052075558
0.175170900,21.044207625
0.175374300,21.032341593
0.175577800,21.016473661
0.175781300,21.004605728
0.175984700,20.996739696
0.176188200,20.976871763
0.176391600,20.969005731
0.176595100,20.957137799
0.176798500,20.941271767
0.177002000,20.929403834
0.177205400,20.921537802
0.177408900,20.909669870
0.177612300,20.893803838
0.177815800,20.881935905
0.178019200,20.870069873
0.178222700,20.854201940
0.178426100,20.842335909
0.178629600,20.834467976
0.178833000,20.814601944
0.179036500,20.806734011
0.179239900,20.794867979
0.179443400,20.779000047
0.179646800,20.767134015
0.179850300,20.755266082
0.180053700,20.747400050
0.180257200,20.727532118
0.180460600,20.719666086
0.180664100,20.707798153
0.180867500,20.691932121
0.181071000,20.680064188
0.181274400,20.668198156
0.181477900,20.652330224
0.181681300,20.640464192
0.181884800,20.632596259
0.182088200,20.620730227
0.182291700,20.600862295
0.182495100,20.592996263
0.182698600,20.581128330
0.182902000,20.565262298
0.183105500,20.553394365
0.183308900,20.541528334
0.183512400,20.525660401
0.183715800,20.513794369
0.183919300,20.501926436
0.184122700,20.494060404
0.184326200,20.474192472
0.184529600,20.466326440
0.184733100,20.454458507
0.184936500,20.434592475
0.185140000,20.426724543
0.185343400,20.414858511
0.185546900,20.394990578
0.185750300,20.387124546
0.185953800,20.375256613
0.186157200,20.363390581
0.186360700,20.347522649
0.186564100,20.335656617
0.186767600,20.323788684
0.186971000,20.307922652
0.187174500,20.296054720
0.187377900,20.284188688
0.187581400,20.268320755
0.187784800,20.256454723
0.187988300,20.244586790
0.188191700,20.228720759
0.188395200,20.216852826
0.188598600,20.204986794
0.188802100,20.193118861
0.189005500,20.177252829
0.189209000,20.165384897
0.189412400,20.153518865
0.189615900,20.137650932
0.189819300,20.125784900
0.190022800,20.113916968
0.190226200,20.098050936
0.190429700,20.086183003
0.190633100,20.074316971
0.190836600,20.066449038
0.191040000,20.046583006
0.191243500,20.034715074
0.191446900,20.022849042
0.191650400,20.006981109
0.191853800,19.995115077
0.192057300,19.983247145
0.192260700,19.967381113
0.192464200,19.955513180
0.192667600,19.943647148
0.192871100,19.935779215
0.193074500,19.915913184
0.193278000,19.904045251
0.193481400,19.896179219
0.193684900,19.876311286
0.193888300,19.864445254
0.194091800,19.852577322
0.194295200,19.836711290
0.194498700,19.824843357
0.194702100,19.812977325
0.194905600,19.805109393
0.195109000,19.785243361
0.195312500,19.773375428
0.195516000,19.765507495
0.195719400,19.745641463
0.195922900,19.737773531
0.196126300,19.725907499
0.196329800,19.706039566
0.196533200,19.698173534
0.196736700,19.686305602
0.196940100,19.666439570
0.197143600,19.658571637
0.197347000,19.646705605
0.197550500,19.634837672
0.197753900,19.618971640
0.197957400,19.607103708
0.198160800,19.595237676
0.198364300,19.579369743
0.198567700,19.567503711
0.198771200,19.559635779
0.198974600,19.539769747
0.199178100,19.531901814
0.199381500,19.520035782
0.199585000,19.508167849
0.199788400,19.492301818
0.199991900,19.480433885
0.200195300,19.468567853
0.200398800,19.452699920
0.200602200,19.440833888
0.200805700,19.432965956
0.201009100,19.413099924
0.201212600,19.405231991
0.201416000,19.393365959
0.201619500,19.381498027
0.201822900,19.365631995
0.202026400,19.357764062
0.202229800,19.345898030
0.202433300,19.330030097
0.202636700,19.318164065
0.202840200,19.306296133
0.203043600,19.290430101
0.203247100,19.278562168
0.203450500,19.270696136
0.203654000,19.258828204
0.203857400,19.242962172
0.204060900,19.231094239
0.204264300,19.223228207
0.204467800,19.203360274
0.204671200,19.195494243
0.204874700,19.183626310
0.205078100,19.167760278
0.205281600,19.155892345
0.205485000,19.144026313
0.205688500,19.136158381
0.205891900,19.120292349
0.206095400,19.108424416
0.206298800,19.096558384
0.206502300,19.080690452
0.206705700,19.068824420
0.206909200,19.060956487
0.207112600,19.045090455
0.207316100,19.033222522
0.207519500,19.021356490
0.207723000,19.005488558
0.207926400,18.993622526
0.208129900,18.985754593
0.208333300,18.973888561
0.208536800,18.958020629
0.208740200,18.946154597
0.208943700,18.938286664
0.209147100,18.918420632
0.209350600,18.910552699
0.209554000,18.898686668
0.209757500,18.882818735
0.209960900,18.870952703
0.210164400,18.859084770
0.210367800,18.851218738
0.210571300,18.831350806
0.210774700,18.823484774
0.210978200,18.811616841
0.211181600,18.795750809
0.211385100,18.783882877
0.211588500,18.772016845
0.211792000,18.756148912
0.211995400,18.744282880
0.212198900,18.736414947
0.212402300,18.724548915
0.212605800,18.708680983
0.212809200,18.696814951
0.213012700,18.688947018
0.213216100,18.669080986
0.213419600,18.661213054
0.213623000,18.649347022
0.213826500,18.633479089
0.214029900,18.621613057
0.214233400,18.609745124
0.214436800,18.597879093
0.214640300,18.582011160
0.214843800,18.570143227
0.215047200,18.562277195
0.215250700,18.542409263
0.215454100,18.534543231
0.215657600,18.522675298
0.215861000,18.506809266
0.216064500,18.494941334
0.216267900,18.487075302
0.216471400,18.467207369
0.216674800,18.459341337
0.216878300,18.447473404
0.217081700,18.435607372
0.217285200,18.419739440
0.217488600,18.407873408
0.217692100,18.400005475
0.217895500,18.380139443
0.218099000,18.372271511
0.218302400,18.360405479
0.218505900,18.344537546
0.218709300,18.332671514
0.218912800,18.320803581
0.219116200,18.312937550
0.219319700,18.297069617
0.219523100,18.285203585
0.219726600,18.273335652
0.219930000,18.257469620
0.220133500,18.245601688
0.220336900,18.237735656
0.220540400,18.221867723
0.220743800,18.210001691
0.220947300,18.198133759
0.221150700,18.190267727
0.221354200,18.170399794
0.221557600,18.162533762
0.221761100,18.150665829
0.221964500,18.134799797
0.222168000,18.122931865
0.222371400,18.115065833
0.222574900,18.099197900
0.222778300,18.087331868
0.222981800,18.075463936
0.223185200,18.067597904
0.223388700,18.051729971
0.223592100,18.039863939
0.223795600,18.027996006
0.223999000,18.012129975
0.224202500,18.004262042
0.224405900,17.992396010
0.224609400,17.976528077
0.224812800,17.964662045
0.225016300,17.956794113
0.225219700,17.944928081
0.225423200,17.929060148
0.225626600,17.917194116
0.225830100,17.909326184
0.226033500,17.893460152
0.226237000,17.881592219
0.226440400,17.869726187
0.226643900,17.853858254
0.226847300,17.845992222
0.227050800,17.834124290
0.227254200,17.818258258
0.227457700,17.806390325
0.227661100,17.798524293
0.227864600,17.786656361
0.228068000,17.770790329
0.228271500,17.758922396
0.228474900,17.751056364
0.228678400,17.735188431
0.228881800,17.723322400
0.229085300,17.711454467
0.229288700,17.695588435
0.229492200,17.687720502
0.229695600,17.675854470
0.229899100,17.663986538
0.230102500,17.648120506
0.230306000,17.640252573
0.230509400,17.628386541
0.230712900,17.612518609
0.230916300,17.600652577
0.231119800,17.592784644
0.231323200,17.572918612
0.231526700,17.565050679
0.231730100,17.553184647
0.231933600,17.541316715
0.232137000,17.525450683
0.232340500,17.517582750
0.232543900,17.505716718
0.232747400,17.489848786
0.232950800,17.477982754
0.233154300,17.466114821
0.233357700,17.450248789
0.233561200,17.442380856
0.233764600,17.430514825
0.233968100,17.418646892
0.234171500,17.402780860
0.234375000,17.394912927
0.234578500,17.383044995
0.234781900,17.367178963
0.234985400,17.355311030
0.235188800,17.343444998
0.235392300,17.327577065
0.235595700,17.319711034
0.235799200,17.307843101
0.236002600,17.291977069
0.236206100,17.280109136
0.236409500,17.272243104
0.236613000,17.260375172
0.236816400,17.244509140
0.237019900,17.232641207
0.237223300,17.224775175
0.237426800,17.204907243
0.237630200,17.197041211
0.237833700,17.185173278
0.238037100,17.169307246
0.238240600,17.157439313
0.238444000,17.149573281
0.238647500,17.137705349
0.238850900,17.121839317
0.239054400,17.109971384
0.239257800,17.102105352
0.239461300,17.086237420
0.239664700,17.074371388
0.239868200,17.066503455
0.240071600,17.046637423
0.240275100,17.038769490
0.240478500,17.026903459
0.240682000,17.019035526
0.240885400,17.003169494
0.241088900,16.991301561
0.241292300,16.979435529
0.241495800,16.963567597
0.241699200,16.955701565
0.241902700,16.943833632
0.242106100,16.927967600
0.242309600,16.916099668
0.242513000,16.908233636
0.242716500,16.896365703
0.242919900,16.880499671
0.243123400,16.872631738
0.243326800,16.860765706
0.243530300,16.844897774
0.243733700,16.833031742
0.243937200,16.825163809
0.244140600,16.805297777
0.244344100,16.797429845
0.244547500,16.785563813
0.244751000,16.769695880
0.244954400,16.757829848
0.245157900,16.749961915
0.245361300,16.738095884
0.245564800,16.722227951
0.245768200,16.710361919
0.245971700,16.702493986
0.246175100,16.686627954
0.246378600,16.674760022
0.246582000,16.662893990
0.246785500,16.647026057
0.246988900,16.639160025
0.247192400,16.627292093
0.247395800,16.615426061
0.247599300,16.599558128
0.247802700,16.587692096
0.248006200,16.579824163
0.248209600,16.563958131
0.248413100,16.552090199
0.248616500,16.540224167
0.248820000,16.524356234
0.249023400,16.512490202
0.249226900,16.504622270
0.249430300,16.492756238
0.249633800,16.476888305
0.249837200,16.465022273
0.250040700,16.457154340
0.250244100,16.437288309
0.250447600,16.429420376
0.250651000,16.417554344
0.250854500,16.401686411
0.251057900,16.389820379
0.251261400,16.377952447
0.251464800,16.370086415
0.251668300,16.350218482
0.251871700,16.342352450
0.252075200,16.330484518
0.252278600,16.314618486
0.252482100,16.302750553
0.252685500,16.290884521
0.252889000,16.275016588
0.253092400,16.263150556
0.253295900,16.255282624
0.253499300,16.243416592
0.253702800,16.227548659
0.253906300,16.215680727
0.254109700,16.203814695
0.254313200,16.187946762
0.254516600,16.176080730
0.254720100,16.168212797
0.254923500,16.148346765
0.255127000,16.140478833
0.255330400,16.128612801
0.255533900,16.112744868
0.255737300,16.100878836
0.255940800,16.093010904
0.256144200,16.081144872
0.256347700,16.065276939
0.256551100,16.053410907
0.256754600,16.041542975
0.256958000,16.025676943
0.257161500,16.013809010
0.257364900,16.005942978
0.257568400,15.990075045
0.257771800,15.978209013
0.257975300,15.966341081
0.258178700,15.958475049
0.258382200,15.938607116
0.258585600,15.930741084
0.258789100,15.918873152
0.258992500,15.903007120
0.259196000,15.891139187
0.259399400,15.883273155
0.259602900,15.863405222
0.259806300,15.855539191
0.260009800,15.843671258
0.260213200,15.835805226
0.260416700,15.815937293
0.260620100,15.808071261
0.260823600,15.796203329
0.261027000,15.780337297
0.261230500,15.768469364
0.261433900,15.760603332
0.261637400,15.740735400
0.261840800,15.732869368
0.262044300,15.721001435
0.262247700,15.713135403
0.262451200,15.693267470
0.262654600,15.685401438
0.262858100,15.673533506
0.263061500,15.657667474
0.263265000,15.645799541
0.263468400,15.637933509
0.263671900,15.622065577
0.263875300,15.610199545
0.264078800,15.598331612
0.264282200,15.582465580
0.264485700,15.574597647
0.264689100,15.562731616
0.264892600,15.550863683
0.265096000,15.534997651
0.265299500,15.527129718
0.265502900,15.515263686
0.265706400,15.499395754
0.265909800,15.487529722
0.266113300,15.475661789
0.266316700,15.459795757
0.266520200,15.451927825
0.266723600,15.440061793
0.266927100,15.428193860
0.267130500,15.412327828
0.267334000,15.400459895
0.267537400,15.392593863
0.267740900,15.372725931
0.267944300,15.364859899
0.268147800,15.352991966
0.268351200,15.337125934
0.268554700,15.325258002
0.268758100,15.317391970
0.268961600,15.305524037
0.269165000,15.289658005
0.269368500,15.277790072
0.269571900,15.265924041
0.269775400,15.250056108
0.269978800,15.238190076
0.270182300,15.226322143
0.270385700,15.210456111
0.270589200,15.198588179
0.270792600,15.190722147
0.270996100,15.178854214
0.271199500,15.162988182
0.271403000,15.151120250
0.271606400,15.139254218
0.271809900,15.123386285
0.272013300,15.111520253
0.272216800,15.099652320
0.272420200,15.083786288
0.272623700,15.071918356
0.272827100,15.064052324
0.273030600,15.044184391
0.273234000,15.032318359
0.273437500,15.024450427
0.273641000,15.012582494
0.273844400,14.996716462
0.274047900,14.984848529
0.274251300,14.972982497
0.274454800,14.957114565
0.274658200,14.945248533
0.274861700,14.933380600
0.275065100,14.917514568
0.275268600,14.905646636
0.275472000,14.893780604
0.275675500,14.885912671
0.275878900,14.866046639
0.276082400,14.854178706
0.276285800,14.846312675
0.276489300,14.826444742
0.276692700,14.814578710
0.276896200,14.806710777
0.277099600,14.786844745
0.277303100,14.778976813
0.277506500,14.767110781
0.277710000,14.755242848
0.277913400,14.739376816
0.278116900,14.727508884
0.278320300,14.715642852
0.278523800,14.699774919
0.278727200,14.687908887
0.278930700,14.676040954
0.279134100,14.660174922
0.279337600,14.648306990
0.279541000,14.640440958
0.279744500,14.628573025
0.279947900,14.608706993
0.280151400,14.600839061
0.280354800,14.588973029
0.280558300,14.573105096
0.280761700,14.561239064
0.280965200,14.549371131
0.281168600,14.533505100
0.281372100,14.521637167
0.281575500,14.513771135
0.281779000,14.501903202
0.281982400,14.486037170
0.282185900,14.474169238
0.282389300,14.462303206
0.282592800,14.446435273
0.282796200,14.434569241
0.282999700,14.426701309
0.283203100,14.406835277
0.283406600,14.398967344
0.283610000,14.387101312
0.283813500,14.371233379
0.284016900,14.359367347
0.284220400,14.347499415
0.284423800,14.339633383
0.284627300,14.319765450
0.284830700,14.311899418
0.285034200,14.300031486
0.285237600,14.284165454
0.285441100,14.272297521
0.285644500,14.264431489
0.285848000,14.244563556
0.286051400,14.236697525
0.286254900,14.224829592
0.286458300,14.216963560
0.286661800,14.197095627
0.286865200,14.189229595
0.287068700,14.177361663
0.287272100,14.161495631
0.287475600,14.149627698
0.287679000,14.141761666
0.287882500,14.125893734
0.288085900,14.114027702
0.288289400,14.102159769
0.288492800,14.094293737
0.288696300,14.078425804
0.288899700,14.066559772
0.289103200,14.058691840
0.289306600,14.042825808
0.289510100,14.030957875
0.289713500,14.023091843
0.289917000,14.003223911
0.290120400,13.995357879
0.290323900,13.983489946
0.290527300,13.975623914
0.290730800,13.959755981
0.290934200,13.947889950
0.291137700,13.940022017
0.291341100,13.924155985
0.291544600,13.912288052
0.291748000,13.904422020
0.291951500,13.888554088
0.292154900,13.876688056
0.292358400,13.868820123
0.292561800,13.852954091
0.292765300,13.845086159
0.292968800,13.833218226
0.293172200,13.825352194
0.293375700,13.809484261
0.293579100,13.797618229
0.293782600,13.789750297
0.293986000,13.773884265
0.294189500,13.762016332
0.294392900,13.754150300
0.294596400,13.738282368
0.294799800,13.730416336
0.295003300,13.718548403
0.295206700,13.710682371
0.295410200,13.694814438
0.295613600,13.686948406
0.295817100,13.675080474
0.296020500,13.663214442
0.296224000,13.651346509
0.296427400,13.643480477
0.296630900,13.627612545
0.296834300,13.619746513
0.297037800,13.607878580
0.297241200,13.600012548
0.297444700,13.584144616
0.297648100,13.576278584
0.297851600,13.564410651
0.298055000,13.552544619
0.298258500,13.540676686
0.298461900,13.532810654
0.298665400,13.516942722
0.298868800,13.509076690
0.299072300,13.497208757
0.299275700,13.489342725
0.299479200,13.473474793
0.299682600,13.465608761
0.299886100,13.457740828
0.300089500,13.441874796
0.300293000,13.430006863
0.300496400,13.422140832
0.300699900,13.406272899
0.300903300,13.398406867
0.301106800,13.390538934
0.301310200,13.378672902
0.301513700,13.366804970
0.301717100,13.354938938
0.301920600,13.347071005
0.302124000,13.331204973
0.302327500,13.323337041
0.302530900,13.311471009
0.302734400,13.299603076
0.302937800,13.287737044
0.303141300,13.279869111
0.303344700,13.264003079
0.303548200,13.256135147
0.303751600,13.244269115
0.303955100,13.236401182
0.304158500,13.220535150
0.304362000,13.212667218
0.304565400,13.200801186
0.304768900,13.188933253
0.304972300,13.177067221
0.305175800,13.169199288
0.305379200,13.153333257
0.305582700,13.145465324
0.305786100,13.133599292
0.305989600,13.125731359
0.306193000,13.109865327
0.306396500,13.101997395
0.306599900,13.094131363
0.306803400,13.078263430
0.307006800,13.066397398
0.307210300,13.058529466
0.307413700,13.042663434
0.307617200,13.034795501
0.307820600,13.026929469
0.308024100,13.015061536
0.308227500,13.003195504
0.308431000,12.991327572
0.308634400,12.983461540
0.308837900,12.967593607
0.309041300,12.959727575
0.309244800,12.947859643
0.309448200,12.935993611
0.309651700,12.924125678
0.309855100,12.916259646
0.310058600,12.908391713
0.310262000,12.892525682
0.310465500,12.880657749
0.310668900,12.872791717
0.310872400,12.856923784
0.311075800,12.849057752
0.311279300,12.841189820
0.311482700,12.825323788
0.311686200,12.817455855
0.311889600,12.805589823
0.312093100,12.789721891
0.312296500,12.781855859
0.312500000,12.773987926
0.312703500,12.762119993
0.312906900,12.750253961
0.313110400,12.738386029
0.313313800,12.730519997
0.313517300,12.714652064
0.313720700,12.706786032
0.313924200,12.694918100
0.314127600,12.683052068
0.314331100,12.671184135
0.314534500,12.663318103
0.314738000,12.651450170
0.314941400,12.639584138
0.315144900,12.627716206
0.315348300,12.619850174
0.315551800,12.603982241
0.315755200,12.596116209
0.315958700,12.584248277
0.316162100,12.572382245
0.316365600,12.560514312
0.316569000,12.552648280
0.316772500,12.540780347
0.316975900,12.528914316
0.317179400,12.517046383
0.317382800,12.509180351
0.317586300,12.493312418
0.317789700,12.485446386
0.317993200,12.473578454
0.318196600,12.457712422
0.318400100,12.449844489
0.318603500,12.441978457
0.318807000,12.430110525
0.319010400,12.414244493
0.319213900,12.406376560
0.319417300,12.398510528
0.319620800,12.382642595
0.319824200,12.370776563
0.320027700,12.362908631
0.320231100,12.347042599
0.320434600,12.339174666
0.320638000,12.327308634
0.320841500,12.311440702
0.321044900,12.303574670
0.321248400,12.291706737
0.321451800,12.283840705
0.321655300,12.267972772
0.321858700,12.260106741
0.322062200,12.248238808
0.322265600,12.236372776
0.322469100,12.224504843
0.322672500,12.216638811
0.322876000,12.200770879
0.323079400,12.188904847
0.323282900,12.181036914
0.323486300,12.173170882
0.323689800,12.157302950
0.323893200,12.145436918
0.324096700,12.137568985
0.324300100,12.121702953
0.324503600,12.113835020
0.324707000,12.101968988
0.324910500,12.086101056
0.325113900,12.078235024
0.325317400,12.066367091
0.325520800,12.058501059
0.325724300,12.042633127
0.325927700,12.034767095
0.326131200,12.022899162
0.326334600,12.011033130
0.326538100,11.999165197
0.326741500,11.991299166
0.326945000,11.975431233
0.327148400,11.963565201
0.327351900,11.955697268
0.327555300,11.947831236
0.327758800,11.931963304
0.327962200,11.920097272
0.328165700,11.912229339
0.328369100,11.896363307
0.328572600,11.888495375
0.328776000,11.876629343
0.328979500,11.860761410
0.329182900,11.852895378
0.329386400,11.841027445
0.329589800,11.833161413
0.329793300,11.817293481
0.329996700,11.809427449
0.330200200,11.797559516
0.330403600,11.781693484
0.330607100,11.773825552
0.330810500,11.761959520
0.331014000,11.750091587
0.331217400,11.738225555
0.331420900,11.730357622
0.331624300,11.714491591
0.331827800,11.702623658
0.332031200,11.694757626
0.332234700,11.682889693
0.332438200,11.667021761
0.332641600,11.659155729
0.332845100,11.647287796
0.333048500,11.631421764
0.333252000,11.623553832
0.333455400,11.611687800
0.333658900,11.595819867
0.333862300,11.587953835
0.334065800,11.576085902
0.334269200,11.568219870
0.334472700,11.548351938
0.334676100,11.540485906
0.334879600,11.528617973
0.335083000,11.512751941
0.335286500,11.504884009
0.335489900,11.493017977
0.335693400,11.477150044
0.335896800,11.465284012
0.336100300,11.457416079
0.336303700,11.445550047
0.336507200,11.429682115
0.336710600,11.417816083
0.336914100,11.409948150
0.337117500,11.390082118
0.337321000,11.382214186
0.337524400,11.370348154
0.337727900,11.354480221
0.337931300,11.342614189
0.338134800,11.330746257
0.338338200,11.322880225
0.338541700,11.303012292
0.338745100,11.295146260
0.338948600,11.283278327
0.339152000,11.267412295
0.339355500,11.255544363
0.339558900,11.243678331
0.339762400,11.227810398
0.339965800,11.215944366
0.340169300,11.204076434
0.340372700,11.188210402
0.340576200,11.176342469
0.340779600,11.164476437
0.340983100,11.156608504
0.341186500,11.136742473
0.341390000,11.124874540
0.341593400,11.117008508
0.341796900,11.097140575
0.342000300,11.085274543
0.342203800,11.077406611
0.342407200,11.057540579
0.342610700,11.049672646
0.342814100,11.037806614
0.343017600,11.025938682
0.343221000,11.010072650
0.343424500,10.998204717
0.343627900,10.986338685
0.343831400,10.970470752
0.344034800,10.958604720
0.344238300,10.946736788
0.344441700,10.930870756
0.344645200,10.919002823
0.344848600,10.907136791
0.345052100,10.895268859
0.345255500,10.879402827
0.345459000,10.867534894
0.345662400,10.855668862
0.345865900,10.839800929
0.346069300,10.827934898
0.346272800,10.820066965
0.346476200,10.800200933
0.346679700,10.788333000
0.346883100,10.780466968
0.347086600,10.768599036
0.347290000,10.752733004
0.347493500,10.740865071
0.347696900,10.728999039
0.347900400,10.713131107
0.348103800,10.701265075
0.348307300,10.689397142
0.348510700,10.673531110
0.348714200,10.661663177
0.348917600,10.653797145
0.349121100,10.641929213
0.349324500,10.626063181
0.349528000,10.614195248
0.349731400,10.602329216
0.349934900,10.586461284
0.350138300,10.574595252
0.350341800,10.566727319
0.350545200,10.550861287
0.350748700,10.538993354
0.350952100,10.527127323
0.351155600,10.511259390
0.351359000,10.503393358
0.351562500,10.491525425
0.351766000,10.479657493
0.351969400,10.463791461
0.352172900,10.455923528
0.352376300,10.444057496
0.352579800,10.428189563
0.352783200,10.416323532
0.352986700,10.408455599
0.353190100,10.392589567
0.353393600,10.380721634
0.353597000,10.372855602
0.353800500,10.360987670
0.354003900,10.345121638
0.354207400,10.337253705
0.354410800,10.325387673
0.354614300,10.313519741
0.354817700,10.301653709
0.355021200,10.293785776
0.355224600,10.277919744
0.355428100,10.266051811
0.355631500,10.258185779
0.355835000,10.250317847
0.356038400,10.234451815
0.356241900,10.226583882
0.356445300,10.214717850
0.356648800,10.198849918
0.356852200,10.190983886
0.357055700,10.183115953
0.357259100,10.167249921
0.357462600,10.159381988
0.357666000,10.147515957
0.357869500,10.139648024
0.358072900,10.127781992
0.358276400,10.115914059
0.358479800,10.108048027
0.358683300,10.096180095
0.358886700,10.084314063
0.359090200,10.076446130
0.359293600,10.064580098
0.359497100,10.052712166
0.359700500,10.044846134
0.359904000,10.032978201
0.360107400,10.025112169
0.360310900,10.013244236
0.360514300,10.005378204
0.360717800,9.993510272
0.360921200,9.985644240
0.361124700,9.977776307
0.361328100,9.961910275
0.361531600,9.954042343
0.361735000,9.946176311
0.361938500,9.934308378
0.362141900,9.926442346
0.362345400,9.918574413
0.362548800,9.910708382
0.362752300,9.898840449
0.362955700,9.890974417
0.363159200,9.883106484
0.363362600,9.867240452
0.363566100,9.859372520
0.363769500,9.851506488
0.363973000,9.839638555
0.364176400,9.831772523
0.364379900,9.823904591
0.364583300,9.816038559
0.364786800,9.804170626
0.364990200,9.796304594
0.365193700,9.788436661
0.365397100,9.780570629
0.365600600,9.772702697
0.365804000,9.764836665
0.366007500,9.752968732
0.366210900,9.745102700
0.366414400,9.737234768
0.366617800,9.729368736
0.366821300,9.717500803
0.367024700,9.709634771
0.367228200,9.701766838
0.367431600,9.693900807
0.367635100,9.686032874
0.367838500,9.678166842
0.368042000,9.666298909
0.368245400,9.658432877
0.368448900,9.654564945
0.368652300,9.642698913
0.368855800,9.634830980
0.369059200,9.626964948
0.369262700,9.619097016
0.369466100,9.611230984
0.369669600,9.603363051
0.369873000,9.595497019
0.370076500,9.583629086
0.370279900,9.579763054
0.370483400,9.571895122
0.370686800,9.560029090
0.370890300,9.552161157
0.371093700,9.548295125
0.371297200,9.540427193
0.371500700,9.528559260
0.371704100,9.524693228
0.371907600,9.516825295
0.372111000,9.504959263
0.372314500,9.497091331
0.372517900,9.493225299
0.372721400,9.481357366
0.372924800,9.473491334
0.373128300,9.465623402
0.373331700,9.461757370
0.373535200,9.449889437
0.373738600,9.442023405
0.373942100,9.438155473
0.374145500,9.426289441
0.374349000,9.418421508
0.374552400,9.410555476
0.374755900,9.402687543
0.374959300,9.394821511
0.375162800,9.386953579
0.375366200,9.379087547
0.375569700,9.371219614
0.375773100,9.363353582
0.375976600,9.355485650
0.376180000,9.347619618
0.376383500,9.339751685
0.376586900,9.331885653
0.376790400,9.320017720
0.376993800,9.316151689
0.377197300,9.308283756
0.377400700,9.300417724
0.377604200,9.288549791
0.377807600,9.284683759
0.378011100,9.276815827
0.378214500,9.264949795
0.378418000,9.257081862
0.378621400,9.249215830
0.378824900,9.241347898
0.379028300,9.233481866
0.379231800,9.225613933
0.379435200,9.213747901
0.379638700,9.205879968
0.379842100,9.202013936
0.380045600,9.194146004
0.380249000,9.182279972
0.380452500,9.174412039
0.380655900,9.166546007
0.380859400,9.158678075
0.381062800,9.150812043
0.381266300,9.142944110
0.381469700,9.131078078
0.381673200,9.123210145
0.381876600,9.115344114
0.382080100,9.107476181
0.382283500,9.099610149
0.382487000,9.091742216
0.382690400,9.083876184
0.382893900,9.072008252
0.383097300,9.064142220
0.383300800,9.056274287
0.383504200,9.048408255
0.383707700,9.040540323
0.383911100,9.032674291
0.384114600,9.024806358
0.384318000,9.012940326
0.384521500,9.005072393
0.384724900,9.001206361
0.384928400,8.989338429
0.385131800,8.981472397
0.385335300,8.973604464
0.385538700,8.961738432
0.385742200,8.957870500
0.385945600,8.950004468
0.386149100,8.942136535
0.386352500,8.930270503
0.386556000,8.922402570
0.386759400,8.914536539
0.386962900,8.906668606
0.387166300,8.898802574
0.387369800,8.890934641
0.387573200,8.879068609
0.387776700,8.875200677
0.387980100,8.867334645
0.388183600,8.855466712
0.388387000,8.847600680
0.388590500,8.839732748
0.388793900,8.835866716
0.388997400,8.823998783
0.389200800,8.816132751
0.389404300,8.808264818
0.389607700,8.800398786
0.389811200,8.792530854
0.390014600,8.784664822
0.390218100,8.772796889
0.390421500,8.768930857
0.390625000,8.761062925
0.390828500,8.753194992
0.391031900,8.741328960
0.391235400,8.737461027
0.391438800,8.729594995
0.391642300,8.717727063
0.391845700,8.709861031
0.392049200,8.705993098
0.392252600,8.694127066
0.392456100,8.686259134
0.392659500,8.678393102
0.392863000,8.674525169
0.393066400,8.662659137
0.393269900,8.654791204
0.393473300,8.650925173
0.393676800,8.639057240
0.393880200,8.631191208
0.394083700,8.623323275
0.394287100,8.615457243
0.394490600,8.607589311
0.394694000,8.599723279
0.394897500,8.591855346
0.395100900,8.583989314
0.395304400,8.576121382
0.395507800,8.568255350
0.395711300,8.560387417
0.395914700,8.552521385
0.396118200,8.544653452
0.396321600,8.532787420
0.396525100,8.528919488
0.396728500,8.521053456
0.396932000,8.513185523
0.397135400,8.501319491
0.397338900,8.493451559
0.397542300,8.489585527
0.397745800,8.477717594
0.397949200,8.469851562
0.398152700,8.461983629
0.398356100,8.454117598
0.398559600,8.446249665
0.398763000,8.438383633
0.398966500,8.426515700
0.399169900,8.418649668
0.399373400,8.414781736
0.399576800,8.406915704
0.399780300,8.395047771
0.399983700,8.387181739
0.400187200,8.379313807
0.400390600,8.371447775
0.400594100,8.363579842
0.400797500,8.355713810
0.401001000,8.343845877
0.401204400,8.335979845
0.401407900,8.332111913
0.401611300,8.324245881
0.401814800,8.312377948
0.402018200,8.304511916
0.402221700,8.296643984
0.402425100,8.288777952
0.402628600,8.280910019
0.402832000,8.273043987
0.403035500,8.261176054
0.403238900,8.253310023
0.403442400,8.245442090
0.403645800,8.241576058
0.403849300,8.229708125
0.404052700,8.221842093
0.404256200,8.213974161
0.404459600,8.202108129
0.404663100,8.194240196
0.404866500,8.190374164
0.405070000,8.178506232
0.405273400,8.170640200
0.405476900,8.162772267
0.405680300,8.154906235
0.405883800,8.143038302
0.406087200,8.139172270
0.406290700,8.131304338
0.406494100,8.119438306
0.406697600,8.111570373
0.406901000,8.103704341
0.407104500,8.095836409
0.407307900,8.087970377
0.407511400,8.080102444
0.407714800,8.068236412
0.407918300,8.060368479
0.408121700,8.052502448
0.408325200,8.044634515
0.408528600,8.036768483
0.408732100,8.028900550
0.408935500,8.021034518
0.409139000,8.009166586
0.409342400,8.001300554
0.409545900,7.993432621
0.409749300,7.985566589
0.409952800,7.977698657
0.410156200,7.969832625
0.410359700,7.961964692
0.410563200,7.950096759
0.410766600,7.946230727
0.410970100,7.938362795
0.411173500,7.926496763
0.411377000,7.918628830
0.411580400,7.910762798
0.411783900,7.898894866
0.411987300,7.895028834
0.412190800,7.887160901
0.412394200,7.879294869
0.412597700,7.867426936
0.412801100,7.859560904
0.413004600,7.851692972
0.413208000,7.843826940
0.413411500,7.835959007
0.413614900,7.828092975
0.413818400,7.816225043
0.414021800,7.808359011
0.414225300,7.804491078
0.414428700,7.796625046
0.414632200,7.784757114
0.414835600,7.776891082
0.415039100,7.769023149
0.415242500,7.761157117
0.415446000,7.753289184
0.415649400,7.745423152
0.415852900,7.733555220
0.416056300,7.725689188
0.416259800,7.717821255
0.416463200,7.709955223
0.416666700,7.702087291
0.416870100,7.694221259
0.417073600,7.686353326
0.417277000,7.674487294
0.417480500,7.670619361
0.417683900,7.662753330
0.417887400,7.650885397
0.418090800,7.643019365
0.418294300,7.635151432
0.418497700,7.627285400
0.418701200,7.619417468
0.418904600,7.611551436
0.419108100,7.603683503
0.419311500,7.591817471
0.419515000,7.583949539
0.419718400,7.576083507
0.419921900,7.568215574
0.420125300,7.560349542
0.420328800,7.552481609
0.420532200,7.540615577
0.420735700,7.532747645
0.420939100,7.528881613
0.421142600,7.521013680
0.421346000,7.509147648
0.421549500,7.501279716
0.421752900,7.493413684
0.421956400,7.481545751
0.422159800,7.473679719
0.422363300,7.469811786
0.422566700,7.457945755
0.422770200,7.450077822
0.422973600,7.442211790
0.423177100,7.434343857
0.423380500,7.422477825
0.423584000,7.418609893
0.423787400,7.410743861
0.423990900,7.398875928
0.424194300,7.391009896
0.424397800,7.383141964
0.424601200,7.371275932
0.424804700,7.363407999
0.425008100,7.359541967
0.425211600,7.351674034
0.425415000,7.339808002
0.425618500,7.331940070
0.425821900,7.324074038
0.426025400,7.312206105
0.426228800,7.304340073
0.426432300,7.300472141
0.426635700,7.288606109
0.426839200,7.280738176
0.427042600,7.272872144
0.427246100,7.261004211
0.427449500,7.253138180
0.427653000,7.245270247
0.427856400,7.241404215
0.428059900,7.229536282
0.428263300,7.221670250
0.428466800,7.213802318
0.428670200,7.201936286
0.428873700,7.194068353
0.429077100,7.186202321
0.429280600,7.178334389
0.429484000,7.170468357
0.429687500,7.162600424
0.429891000,7.154732491
0.430094400,7.142866459
0.430297900,7.134998527
0.430501300,7.131132495
0.430704800,7.119264562
0.430908200,7.111398530
0.431111700,7.103530598
0.431315100,7.091664566
0.431518600,7.083796633
0.431722000,7.075930601
0.431925500,7.072062668
0.432128900,7.060196636
0.432332400,7.052328704
0.432535800,7.044462672
0.432739300,7.032594739
0.432942700,7.028728707
0.433146200,7.020860775
0.433349600,7.008994743
0.433553100,7.001126810
0.433756500,6.993260778
0.433960000,6.985392845
0.434163400,6.977526814
0.434366900,6.969658881
0.434570300,6.961792849
0.434773800,6.949924916
0.434977200,6.942058884
0.435180700,6.938190952
0.435384100,6.926324920
0.435587600,6.918456987
0.435791000,6.910590955
0.435994500,6.898723023
0.436197900,6.894856991
0.436401400,6.886989058
0.436604800,6.879123026
0.436808300,6.867255093
0.437011700,6.859389061
0.437215200,6.855521129
0.437418600,6.843655097
0.437622100,6.835787164
0.437825500,6.827921132
0.438029000,6.816053200
0.438232400,6.812187168
0.438435900,6.804319235
0.438639300,6.796453203
0.438842800,6.784585270
0.439046200,6.776719239
0.439249700,6.772851306
0.439453100,6.760985274
0.439656600,6.753117341
0.439860000,6.745251309
0.440063500,6.737383377
0.440266900,6.729517345
0.440470400,6.721649412
0.440673800,6.713783380
0.440877300,6.701915448
0.441080700,6.694049416
0.441284200,6.690181483
0.441487600,6.678315451
0.441691100,6.670447518
0.441894500,6.662581486
0.442098000,6.650713554
0.442301400,6.646847522
0.442504900,6.638979589
0.442708300,6.631113557
0.442911800,6.619245625
0.443115200,6.611379593
0.443318700,6.603511660
0.443522100,6.595645628
0.443725600,6.587777695
0.443929000,6.579911664
0.444132500,6.568043731
0.444335900,6.560177699
0.444539400,6.552309766
0.444742800,6.544443734
0.444946300,6.536575802
0.445149700,6.528709770
0.445353200,6.520841837
0.445556600,6.508975805
0.445760100,6.501107873
0.445963500,6.497241841
0.446167000,6.485373908
0.446370400,6.477507876
0.446573900,6.469639943
0.446777300,6.457773911
0.446980800,6.449905979
0.447184200,6.446039947
0.447387700,6.438172014
0.447591100,6.426305982
0.447794600,6.418438050
0.447998000,6.410572018
0.448201500,6.398704085
0.448404900,6.394838053
0.448608400,6.386970120
0.448811800,6.375104089
0.449015300,6.367236156
0.449218700,6.359370124
0.449422200,6.351502191
0.449625700,6.343634259
0.449829100,6.335768227
0.450032600,6.327900294
0.450236000,6.316034262
0.450439500,6.308166330
0.450642900,6.300300298
0.450846400,6.292432365
0.451049800,6.284566333
0.451253300,6.276698400
0.451456700,6.268832368
0.451660200,6.260964436
0.451863600,6.253098404
0.452067100,6.245230471
0.452270500,6.233364439
0.452474000,6.225496507
0.452677400,6.221630475
0.452880900,6.209762542
0.453084300,6.201896510
0.453287800,6.194028577
0.453491200,6.190162545
0.453694700,6.178294613
0.453898100,6.170428581
0.454101600,6.162560648
0.454305000,6.154694616
0.454508500,6.146826684
0.454711900,6.138960652
0.454915400,6.131092719
0.455118800,6.123226687
0.455322300,6.115358755
0.455525700,6.107492723
0.455729200,6.099624790
0.455932600,6.091758758
0.456136100,6.083890825
0.456339500,6.076024793
0.456543000,6.068156861
0.456746400,6.060290829
0.456949900,6.052422896
0.457153300,6.044556864
0.457356800,6.036688932
0.457560200,6.028822900
0.457763700,6.020954967
0.457967100,6.013088935
0.458170600,6.009221002
0.458374000,5.997354971
0.458577500,5.989487038
0.458780900,5.985621006
0.458984400,5.973753073
0.459187800,5.969887041
0.459391300,5.962019109
0.459594700,5.950153077
0.459798200,5.946285144
0.460001600,5.938419112
0.460205100,5.930551180
0.460408500,5.922685148
0.460612000,5.914817215
0.460815400,5.906951183
0.461018900,5.899083250
0.461222300,5.891217218
0.461425800,5.883349286
0.461629200,5.875483254
0.461832700,5.867615321
0.462036100,5.859749289
0.462239600,5.855881357
0.462443000,5.844015325
0.462646500,5.836147392
0.462849900,5.832281360
0.463053400,5.820413427
0.463256800,5.812547396
0.463460300,5.808679463
0.463663700,5.796813431
0.463867200,5.788945498
0.464070600,5.785079466
0.464274100,5.773211534
0.464477500,5.765345502
0.464681000,5.761477569
0.464884400,5.753611537
0.465087900,5.741743605
0.465291300,5.737877573
0.465494800,5.730009640
0.465698200,5.718143608
0.465901700,5.710275675
0.466105100,5.706409643
0.466308600,5.694541711
0.466512000,5.686675679
0.466715500,5.682807746
0.466918900,5.674941714
0.467122400,5.663073782
0.467325800,5.655207750
0.467529300,5.651339817
0.467732700,5.639473785
0.467936200,5.631605852
0.468139600,5.627739821
0.468343100,5.615871888
0.468546500,5.608005856
0.468750000,5.600137923
0.468953500,5.596269991
0.469156900,5.584403959
0.469360400,5.576536026
0.469563800,5.568669994
0.469767300,5.560802061
0.469970700,5.552936030
0.470174200,5.545068097
0.470377600,5.537202065
0.470581100,5.529334132
0.470784500,5.521468100
0.470988000,5.513600168
0.471191400,5.505734136
0.471394900,5.497866203
0.471598300,5.490000171
0.471801800,5.482132239
0.472005200,5.474266207
0.472208700,5.466398274
0.472412100,5.454532242
0.472615600,5.450664309
0.472819000,5.442798277
0.473022500,5.434930345
0.473225900,5.423064313
0.473429400,5.419196380
0.473632800,5.411330348
0.473836300,5.399462416
0.474039700,5.391596384
0.474243200,5.387728451
0.474446600,5.375862419
0.474650100,5.367994486
0.474853500,5.360128455
0.475057000,5.352260522
0.475260400,5.344394490
0.475463900,5.336526557
0.475667300,5.328660525
0.475870800,5.320792593
0.476074200,5.312926561
0.476277700,5.305058628
0.476481100,5.297192596
0.476684600,5.289324664
0.476888000,5.281458632
0.477091500,5.269590699
0.477294900,5.265724667
0.477498400,5.257856734
0.477701800,5.249990702
0.477905300,5.238122770
0.478108700,5.230256738
0.478312200,5.226388805
0.478515600,5.214522773
0.478719100,5.206654841
0.478922500,5.198788809
0.479126000,5.190920876
0.479329400,5.183054844
0.479532900,5.175186911
0.479736300,5.167320880
0.479939800,5.159452947
0.480143200,5.151586915
0.480346700,5.143718982
0.480550100,5.131852950
0.480753600,5.123985018
0.480957000,5.120118986
0.481160500,5.108251053
0.481363900,5.100385021
0.481567400,5.092517089
0.481770800,5.088651057
0.481974300,5.076783124
0.482177700,5.068917092
0.482381200,5.061049159
0.482584600,5.049183127
0.482788100,5.045315195
0.482991500,5.037449163
0.483195000,5.025581230
0.483398400,5.017715198
0.483601900,5.009847266
0.483805300,5.001981234
0.484008800,4.994113301
0.484212200,4.986247269
0.484415700,4.978379336
0.484619100,4.970513305
0.484822600,4.962645372
0.485026000,4.954779340
0.485229500,4.942911407
0.485432900,4.935045375
0.485636400,4.931177443
0.485839800,4.919311411
0.486043300,4.911443478
0.486246700,4.903577446
0.486450200,4.895709514
0.486653600,4.887843482
0.486857100,4.879975549
0.487060500,4.872109517
0.487264000,4.864241584
0.487467400,4.856375552
0.487670900,4.848507620
0.487874300,4.836641588
0.488077800,4.828773655
0.488281200,4.824907623
0.488484700,4.817039691
0.488688200,4.805171758
0.488891600,4.797305726
0.489095100,4.793437793
0.489298500,4.781571761
0.489502000,4.773703829
0.489705400,4.765837797
0.489908900,4.757969864
0.490112300,4.750103832
0.490315800,4.742235900
0.490519200,4.734369868
0.490722700,4.726501935
0.490926100,4.718635903
0.491129600,4.710767971
0.491333000,4.702901939
0.491536500,4.695034006
0.491739900,4.687167974
0.491943400,4.679300041
0.492146800,4.671434009
0.492350300,4.663566077
0.492553700,4.651700045
0.492757200,4.647832112
0.492960600,4.639966080
0.493164100,4.632098148
0.493367500,4.624232116
0.493571000,4.616364183
0.493774400,4.608498151
0.493977900,4.596630218
0.494181300,4.592764186
0.494384800,4.584896254
0.494588200,4.573030222
0.494791700,4.565162289
0.494995100,4.561296257
0.495198600,4.553428325
0.495402000,4.541562293
0.495605500,4.533694360
0.495808900,4.529828328
0.496012400,4.517960396
0.496215800,4.510094364
0.496419300,4.502226431
0.496622700,4.494360399
0.496826200,4.486492466
0.497029600,4.478626434
0.497233100,4.470758502
0.497436500,4.462892470
0.497640000,4.455024537
0.497843400,4.447158505
0.498046900,4.435290573
0.498250300,4.427424541
0.498453800,4.423556608
0.498657200,4.411690576
0.498860700,4.403822643
0.499064100,4.395956612
0.499267600,4.388088679
0.499471000,4.380222647
0.499674500,4.372354714
0.499877900,4.364488682
0.500081400,4.352620750
0.500284800,4.344754718
0.500488300,4.336886785
0.500691700,4.329020753
0.500895200,4.321152821
0.501098600,4.313286789
0.501302100,4.305418856
0.501505500,4.293552824
0.501709000,4.285684891
0.501912400,4.277818859
0.502115900,4.265950927
0.502319300,4.258084895
0.502522800,4.254216962
0.502726200,4.242350930
0.502929700,4.234482998
0.503133100,4.226616966
0.503336600,4.214749033
0.503540000,4.206883001
0.503743500,4.199015068
0.503946900,4.191149037
0.504150400,4.179281104
0.504353800,4.171415072
0.504557300,4.163547139
0.504760700,4.151681107
0.504964200,4.143813175
0.505167600,4.135947143
0.505371100,4.124079210
0.505574500,4.120213178
0.505778000,4.112345246
0.505981400,4.104479214
0.506184900,4.092611281
0.506388300,4.084745249
0.506591800,4.076877316
0.506795200,4.065011284
0.506998700,4.057143352
0.507202100,4.049277320
0.507405600,4.037409387
0.507609000,4.029543355
0.507812500,4.021675423
0.508016000,4.013807490
0.508219400,4.001941458
0.508422900,3.994073525
0.508626300,3.986207493
0.508829800,3.974339561
0.509033200,3.966473529
0.509236700,3.958605596
0.509440100,3.946739564
0.509643600,3.938871632
0.509847000,3.931005600
0.510050500,3.923137667
0.510253900,3.911271635
0.510457400,3.903403702
0.510660800,3.899537671
0.510864300,3.887669738
0.511067700,3.879803706
0.511271200,3.871935773
0.511474600,3.860069741
0.511678100,3.852201809
0.511881500,3.844335777
0.512085000,3.832467844
0.512288400,3.824601812
0.512491900,3.816733880
0.512695300,3.808867848
0.512898800,3.800999915
0.513102200,3.793133883
0.513305700,3.785265950
0.513509100,3.773399918
0.513712600,3.765531986
0.513916000,3.757665954
0.514119500,3.749798021
0.514322900,3.741931989
0.514526400,3.734064057
0.514729800,3.726198025
0.514933300,3.714330092
0.515136700,3.706464060
0.515340200,3.702596127
0.515543600,3.690730096
0.515747100,3.682862163
0.515950500,3.674996131
0.516154000,3.667128198
0.516357400,3.659262166
0.516560900,3.651394234
0.516764300,3.643528202
0.516967800,3.631660269
0.517171200,3.627794237
0.517374700,3.619926305
0.517578100,3.608060273
0.517781600,3.600192340
0.517985000,3.596326308
0.518188500,3.584458375
0.518391900,3.576592343
0.518595400,3.568724411
0.518798800,3.564858379
0.519002300,3.552990446
0.519205700,3.545124414
0.519409200,3.537256482
0.519612600,3.529390450
0.519816100,3.521522517
0.520019500,3.513656485
0.520223000,3.505788552
0.520426400,3.497922521
0.520629900,3.490054588
0.520833300,3.482188556
0.521036800,3.474320623
0.521240200,3.466454591
0.521443700,3.458586659
0.521647100,3.450720627
0.521850600,3.442852694
0.522054000,3.434986662
0.522257500,3.427118730
0.522460900,3.419252698
0.522664400,3.411384765
0.522867800,3.403518733
0.523071300,3.395650800
0.523274700,3.387784768
0.523478200,3.379916836
0.523681600,3.372050804
0.523885100,3.364182871
0.524088500,3.356316839
0.524292000,3.348448907
0.524495400,3.340582875
0.524698900,3.332714942
0.524902300,3.324848910
0.525105800,3.316980977
0.525309200,3.309114946
0.525512700,3.305247013
0.525716100,3.293380981
0.525919600,3.285513048
0.526123000,3.281647016
0.526326500,3.269779084
0.526529900,3.261913052
0.526733400,3.258045119
0.526936800,3.246179087
0.527140300,3.238311155
0.527343700,3.230445123
0.527547200,3.226577190
0.527750700,3.214709257
0.527954100,3.206843225
0.528157600,3.202975293
0.528361000,3.191109261
0.528564500,3.183241328
0.528767900,3.179375296
0.528971400,3.167507364
0.529174800,3.159641332
0.529378300,3.155773399
0.529581700,3.147907367
0.529785200,3.136039434
0.529988600,3.132173402
0.530192100,3.124305470
0.530395500,3.112439438
0.530599000,3.108571505
0.530802400,3.100705473
0.531005900,3.088837541
0.531209300,3.084971509
0.531412800,3.077103576
0.531616200,3.069237544
0.531819700,3.061369612
0.532023100,3.053503580
0.532226600,3.045635647
0.532430000,3.037769615
0.532633500,3.029901682
0.532836900,3.022035650
0.533040400,3.014167718
0.533243800,3.006301686
0.533447300,2.998433753
0.533650700,2.990567721
0.533854200,2.982699789
0.534057600,2.974833757
0.534261100,2.970965824
0.534464500,2.959099792
0.534668000,2.951231859
0.534871400,2.947365828
0.535074900,2.935497895
0.535278300,2.931631863
0.535481800,2.923763930
0.535685200,2.911897898
0.535888700,2.908029966
0.536092100,2.900163934
0.536295600,2.892296001
0.536499000,2.884429969
0.536702500,2.876562037
0.536905900,2.868696005
0.537109400,2.860828072
0.537312800,2.852962040
0.537516300,2.849094107
0.537719700,2.837228075
0.537923200,2.833360143
0.538126600,2.825494111
0.538330100,2.817626178
0.538533500,2.809760146
0.538737000,2.801892214
0.538940400,2.798026182
0.539143900,2.786158249
0.539347300,2.782292217
0.539550800,2.774424284
0.539754200,2.766558253
0.539957700,2.758690320
0.540161100,2.750824288
0.540364600,2.742956355
0.540568000,2.735090323
0.540771500,2.731222391
0.540974900,2.723356359
0.541178400,2.715488426
0.541381800,2.707622394
0.541585300,2.699754462
0.541788700,2.691888430
0.541992200,2.688020497
0.542195600,2.680154465
0.542399100,2.672286532
0.542602500,2.664420500
0.542806000,2.656552568
0.543009400,2.652686536
0.543212900,2.644818603
0.543416300,2.636952571
0.543619800,2.629084639
0.543823200,2.621218607
0.544026700,2.617350674
0.544230100,2.609484642
0.544433600,2.601616709
0.544637000,2.593750678
0.544840500,2.589882745
0.545043900,2.582016713
0.545247400,2.574148780
0.545450800,2.566282748
0.545654300,2.562414816
0.545857700,2.550548784
0.546061200,2.546680851
0.546264600,2.538814819
0.546468100,2.530946887
0.546671500,2.527080855
0.546875000,2.519212922
0.547078500,2.515344989
0.547281900,2.503478957
0.547485400,2.499611025
0.547688800,2.491744993
0.547892300,2.483877060
0.548095700,2.480011028
0.548299200,2.472143096
0.548502600,2.464277064
0.548706100,2.456409131
0.548909500,2.452543099
0.549113000,2.444675166
0.549316400,2.436809134
0.549519900,2.432941202
0.549723300,2.425075170
0.549926800,2.417207237
0.550130200,2.413341205
0.550333700,2.405473273
0.550537100,2.397607241
0.550740600,2.393739308
0.550944000,2.385873276
0.551147500,2.378005343
0.551350900,2.374139312
0.551554400,2.366271379
0.551757800,2.362405347
0.551961300,2.354537414
0.552164700,2.346671382
0.552368200,2.342803450
0.552571600,2.334937418
0.552775100,2.327069485
0.552978500,2.323203453
0.553182000,2.315335521
0.553385400,2.311469489
0.553588900,2.303601556
0.553792300,2.299735524
0.553995800,2.291867591
0.554199200,2.284001559
0.554402700,2.280133627
0.554606100,2.272267595
0.554809600,2.264399662
0.555013000,2.260533630
0.555216500,2.252665698
0.555419900,2.248799666
0.555623400,2.240931733
0.555826800,2.237065701
0.556030300,2.229197768
0.556233700,2.221331737
0.556437200,2.217463804
0.556640600,2.209597772
0.556844100,2.205729839
0.557047500,2.197863807
0.557251000,2.189995875
0.557454400,2.186129843
0.557657900,2.182261910
0.557861300,2.174395878
0.558064800,2.166527946
0.558268200,2.162661914
0.558471700,2.158793981
0.558675100,2.150927949
0.558878600,2.143060016
0.559082000,2.139193984
0.559285500,2.131326052
0.559488900,2.127460020
0.559692400,2.119592087
0.559895800,2.115726055
0.560099300,2.107858123
0.560302700,2.103992091
0.560506200,2.096124158
0.560709600,2.092258126
0.560913100,2.084390193
0.561116500,2.080524162
0.561320000,2.072656229
0.561523400,2.068790197
0.561726900,2.060922264
0.561930300,2.057056232
0.562133800,2.049188300
0.562337200,2.045322268
0.562540700,2.037454335
0.562744100,2.033588303
0.562947600,2.025720371
0.563151000,2.021854339
0.563354500,2.013986406
0.563557900,2.010120374
0.563761400,2.006252441
0.563964800,1.998386409
0.564168300,1.994518477
0.564371700,1.986652445
0.564575200,1.982784512
0.564778600,1.974918480
0.564982100,1.971050548
0.565185500,1.967184516
0.565389000,1.959316583
0.565592400,1.955450551
0.565795900,1.947582618
0.565999300,1.943716587
0.566202800,1.935848654
0.566406200,1.931982622
0.566609700,1.928114689
0.566813200,1.920246757
0.567016600,1.916380725
0.567220100,1.908512792
0.567423500,1.904646760
0.567627000,1.896778828
0.567830400,1.892912796
0.568033900,1.885044863
0.568237300,1.881178831
0.568440800,1.877310898
0.568644200,1.869444866
0.568847700,1.865576934
0.569051100,1.861710902
0.569254600,1.853842969
0.569458000,1.849976937
0.569661500,1.842109005
0.569864900,1.838242973
0.570068400,1.834375040
0.570271800,1.826509008
0.570475300,1.822641075
0.570678700,1.814775043
0.570882200,1.810907111
0.571085600,1.807041079
0.571289100,1.799173146
0.571492500,1.795307114
0.571696000,1.791439182
0.571899400,1.783573150
0.572102900,1.779705217
0.572306300,1.771839185
0.572509800,1.767971253
0.572713200,1.760105221
0.572916700,1.756237288
0.573120100,1.752371256
0.573323600,1.748503323
0.573527000,1.740637291
0.573730500,1.736769359
0.573933900,1.728903327
0.574137400,1.725035394
0.574340800,1.717169362
0.574544300,1.713301430
0.574747700,1.709435398
0.574951200,1.701567465
0.575154600,1.697701433
0.575358100,1.693833500
0.575561500,1.685967469
0.575765000,1.682099536
0.575968400,1.674233504
0.576171900,1.670365571
0.576375300,1.662499539
0.576578800,1.658631607
0.576782200,1.654765575
0.576985700,1.646897642
0.577189100,1.643031610
0.577392600,1.639163678
0.577596000,1.631297646
0.577799500,1.627429713
0.578002900,1.619563681
0.578206400,1.615695748
0.578409800,1.611829716
0.578613300,1.603961784
0.578816700,1.600095752
0.579020200,1.592227819
0.579223600,1.588361787
0.579427100,1.584493855
0.579630500,1.576627823
0.579834000,1.572759890
0.580037400,1.568893858
0.580240900,1.561025925
0.580444300,1.557159894
0.580647800,1.549291961
0.580851200,1.545425929
0.581054700,1.541557996
0.581258100,1.533691964
0.581461600,1.529824032
0.581665000,1.521958000
0.581868500,1.518090067
0.582071900,1.514224035
0.582275400,1.506356103
0.582478800,1.502490071
0.582682300,1.498622138
0.582885700,1.490756106
0.583089200,1.486888173
0.583292600,1.483022141
0.583496100,1.475154209
0.583699500,1.471288177
0.583903000,1.467420244
0.584106400,1.459554212
0.584309900,1.455686280
0.584513300,1.451820248
0.584716800,1.443952315
0.584920200,1.440086283
0.585123700,1.436218350
0.585327100,1.428352319
0.585530600,1.424484386
0.585734000,1.416618354
0.585937500,1.412750421
0.586141000,1.408882489
0.586344400,1.401016457
0.586547900,1.397148524
0.586751300,1.393282492
0.586954800,1.385414559
0.587158200,1.381548528
0.587361700,1.377680595
0.587565100,1.373814563
0.587768600,1.365946630
0.587972000,1.362080598
0.588175500,1.358212666
0.588378900,1.350346634
0.588582400,1.346478701
0.588785800,1.342612669
0.588989300,1.334744737
0.589192700,1.330878705
0.589396200,1.327010772
0.589599600,1.323144740
0.589803100,1.315276807
0.590006500,1.311410775
0.590210000,1.307542843
0.590413400,1.299676811
0.590616900,1.295808878
0.590820300,1.291942846
0.591023800,1.288074914
0.591227200,1.280208882
0.591430700,1.276340949
0.591634100,1.272474917
0.591837600,1.268606984
0.592041000,1.260740953
0.592244500,1.256873020
0.592447900,1.253006988
0.592651400,1.249139055
0.592854800,1.241273023
0.593058300,1.237405091
0.593261700,1.233539059
0.593465200,1.229671126
0.593668600,1.221805094
0.593872100,1.217937162
0.594075500,1.214071130
0.594279000,1.206203197
0.594482400,1.202337165
0.594685900,1.198469232
0.594889300,1.194603200
0.595092800,1.186735268
0.595296200,1.182869236
0.595499700,1.179001303
0.595703100,1.175135271
0.595906600,1.167267339
0.596110000,1.163401307
0.596313500,1.159533374
0.596516900,1.155667342
0.596720400,1.147799409
0.596923800,1.143933378
0.597127300,1.140065445
0.597330700,1.136199413
0.597534200,1.132331480
0.597737600,1.124465448
0.597941100,1.120597516
0.598144500,1.116731484
0.598348000,1.108863551
0.598551400,1.104997519
0.598754900,1.101129587
0.598958300,1.093263555
0.599161800,1.089395622
0.599365200,1.085529590
0.599568700,1.081661657
0.599772100,1.073795625
0.599975600,1.069927693
0.600179000,1.066061661
0.600382500,1.062193728
0.600585900,1.054327696
0.600789400,1.050459764
0.600992800,1.046593732
0.601196300,1.038725799
0.601399700,1.034859767
0.601603200,1.030991834
0.601806600,1.023125803
0.602010100,1.019257870
0.602213500,1.015391838
0.602417000,1.011523905
0.602620400,1.003657873
0.602823900,0.999789941
0.603027300,0.995923909
0.603230800,0.988055976
0.603434200,0.984189944
0.603637700,0.980322012
0.603841100,0.972455980
0.604044600,0.968588047
0.604248000,0.964722015
0.604451500,0.956854082
0.604654900,0.952988050
0.604858400,0.949120118
0.605061800,0.941254086
0.605265300,0.937386153
0.605468800,0.933518221
0.605672200,0.929652189
0.605875700,0.921784256
0.606079100,0.917918224
0.606282600,0.914050291
0.606486000,0.906184259
0.606689500,0.902316327
0.606892900,0.898450295
0.607096400,0.890582362
0.607299800,0.886716330
0.607503300,0.882848398
0.607706700,0.874982366
0.607910200,0.871114433
0.608113600,0.867248401
0.608317100,0.863380469
0.608520500,0.855514437
0.608724000,0.851646504
0.608927400,0.847780472
0.609130900,0.839912539
0.609334300,0.836046507
0.609537800,0.832178575
0.609741200,0.824312543
0.609944700,0.820444610
0.610148100,0.816578578
0.610351600,0.812710646
0.610555000,0.804844614
0.610758500,0.800976681
0.610961900,0.797110649
0.611165400,0.789242716
0.611368800,0.785376684
0.611572300,0.781508752
0.611775700,0.777642720
0.611979200,0.769774787
0.612182600,0.765908755
0.612386100,0.762040823
0.612589500,0.758174791
0.612793000,0.750306858
0.612996400,0.746440826
0.613199900,0.742572894
0.613403300,0.738706862
0.613606800,0.734838929
0.613810200,0.726972897
0.614013700,0.723104964
0.614217100,0.719238932
0.614420600,0.715371000
0.614624000,0.711504968
0.614827500,0.703637035
0.615030900,0.699771003
0.615234400,0.695903071
0.615437800,0.692037039
0.615641300,0.688169106
0.615844700,0.680303074
0.616048200,0.676435141
0.616251600,0.672569110
0.616455100,0.668701177
0.616658500,0.664835145
0.616862000,0.660967212
0.617065400,0.657101180
0.617268900,0.649233248
0.617472300,0.645367216
0.617675800,0.641499283
0.617879200,0.637633251
0.618082700,0.633765319
0.618286100,0.629899287
0.618489600,0.626031354
0.618693000,0.618165322
0.618896500,0.614297389
0.619099900,0.610431357
0.619303400,0.606563425
0.619506800,0.602697393
0.619710300,0.598829460
0.619913700,0.594963428
0.620117200,0.591095496
0.620320600,0.587229464
0.620524100,0.583361531
0.620727500,0.575495499
0.620931000,0.571627566
0.621134400,0.567761535
0.621337900,0.563893602
0.621541300,0.560027570
0.621744800,0.556159637
0.621948200,0.552293605
0.622151700,0.548425673
0.622355100,0.544559641
0.622558600,0.540691708
0.622762000,0.536825676
0.622965500,0.532957744
0.623168900,0.525091712
0.623372400,0.521223779
0.623575800,0.517357747
0.623779300,0.513489814
0.623982700,0.509623782
0.624186200,0.505755850
0.624389600,0.501889818
0.624593100,0.498021885
0.624796500,0.494155853
0.625000000,0.490287921
0.625203500,0.482419988
0.625406900,0.478553956
0.625610400,0.474686023
0.625813800,0.470819991
0.626017300,0.466952059
0.626220700,0.463086027
0.626424200,0.459218094
0.626627600,0.455352062
0.626831100,0.447484130
0.627034500,0.443618098
0.627238000,0.439750165
0.627441400,0.435884133
0.627644900,0.432016200
0.627848300,0.428150169
0.628051800,0.424282236
0.628255200,0.420416204
0.628458700,0.412548271
0.628662100,0.408682239
0.628865600,0.404814307
0.629069000,0.400948275
0.629272500,0.397080342
0.629475900,0.393214310
0.629679400,0.385346378
0.629882800,0.381480346
0.630086300,0.377612413
0.630289700,0.373746381
0.630493200,0.369878448
0.630696600,0.366012416
0.630900100,0.358144484
0.631103500,0.354278452
0.631307000,0.350410519
0.631510400,0.346544487
0.631713900,0.342676555
0.631917300,0.338810523
0.632120800,0.330942590
0.632324200,0.327076558
0.632527700,0.323208625
0.632731100,0.319342594
0.632934600,0.315474661
0.633138000,0.311608629
0.633341500,0.303740696
0.633544900,0.299874664
0.633748400,0.296006732
0.633951800,0.292140700
0.634155300,0.288272767
0.634358700,0.284406735
0.634562200,0.276538803
0.634765600,0.272672771
0.634969100,0.268804838
0.635172500,0.264938806
0.635376000,0.261070873
0.635579400,0.253204841
0.635782900,0.249336909
0.635986300,0.245470877
0.636189800,0.241602944
0.636393200,0.237736912
0.636596700,0.233868980
0.636800100,0.226002948
0.637003600,0.222135015
0.637207000,0.218268983
0.637410500,0.214401050
0.637613900,0.210535019
0.637817400,0.202667086
0.638020800,0.198801054
0.638224300,0.194933121
0.638427700,0.191067089
0.638631200,0.187199157
0.638834600,0.179333125
0.639038100,0.175465192
0.639241500,0.171599160
0.639445000,0.167731228
0.639648400,0.163865196
0.639851900,0.155997263
0.640055300,0.152131231
0.640258800,0.148263298
0.640462200,0.144397266
0.640665700,0.140529334
0.640869100,0.132663302
0.641072600,0.128795369
0.641276000,0.124929337
0.641479500,0.121061405
0.641682900,0.113195373
0.641886400,0.109327440
0.642089800,0.105461408
0.642293300,0.101593475
0.642496700,0.097727444
0.642700200,0.089859511
0.642903600,0.085993479
0.643107100,0.082125546
0.643310500,0.078259514
0.643514000,0.070391582
0.643717400,0.066525550
0.643920900,0.062657617
0.644124300,0.058791585
0.644327800,0.050923653
0.644531300,0.047055720
0.644734700,0.043189688
0.644938200,0.039321755
0.645141600,0.031455723
0.645345100,0.027587791
0.645548500,0.023721759
0.645752000,0.019853826
0.645955400,0.015987794
0.646158900,0.008119862
0.646362300,0.004253830
0.646565800,0.000385897
0.646769200,-0.007480135
0.646972700,-0.011348068
0.647176100,-0.015214100
0.647379600,-0.019082032
0.647583000,-0.026948064
0.647786500,-0.030815997
0.647989900,-0.034682029
0.648193400,-0.042549961
0.648396800,-0.046415993
0.648600300,-0.050283926
0.648803700,-0.054149958
0.649007200,-0.062017890
0.649210600,-0.065883922
0.649414100,-0.069751855
0.649617500,-0.073617887
0.649821000,-0.081485820
0.650024400,-0.085351852
0.650227900,-0.089219784
0.650431300,-0.097085816
0.650634800,-0.100953749
0.650838200,-0.104819781
0.651041700,-0.108687713
0.651245100,-0.116553745
0.651448600,-0.120421678
0.651652000,-0.124287710
0.651855500,-0.132155643
0.652058900,-0.136021675
0.652262400,-0.139889607
0.652465800,-0.143755639
0.652669300,-0.151623572
0.652872700,-0.155489604
0.653076200,-0.159357536
0.653279600,-0.167223568
0.653483100,-0.171091501
0.653686500,-0.174957533
0.653890000,-0.178825465
0.654093400,-0.186691497
0.654296900,-0.190559430
0.654500300,-0.194425462
0.654703800,-0.198293395
0.654907200,-0.206159427
0.655110700,-0.210027359
0.655314100,-0.213893391
0.655517600,-0.221761324
0.655721000,-0.225627356
0.655924500,-0.229495288
0.656127900,-0.233361320
0.656331400,-0.241229253
0.656534800,-0.245095285
0.656738300,-0.248963218
0.656941700,-0.252829249
0.657145200,-0.256697182
0.657348600,-0.264563214
0.657552100,-0.268431147
0.657755500,-0.272297179
0.657959000,-0.276165111
0.658162400,-0.280031143
0.658365900,-0.287899076
0.658569300,-0.291765108
0.658772800,-0.295633040
0.658976200,-0.299499072
0.659179700,-0.303367005
0.659383100,-0.311233037
0.659586600,-0.315100970
0.659790000,-0.318967002
0.659993500,-0.322834934
0.660196900,-0.326700966
0.660400400,-0.334568899
0.660603800,-0.338434931
0.660807300,-0.342302863
0.661010700,-0.346168895
0.661214200,-0.350036828
0.661417600,-0.353902860
0.661621100,-0.361770793
0.661824500,-0.365636824
0.662028000,-0.369504757
0.662231400,-0.373370789
0.662434900,-0.377238722
0.662638300,-0.381104754
0.662841800,-0.384972686
0.663045200,-0.392838718
0.663248700,-0.396706651
0.663452100,-0.400572683
0.663655600,-0.404440615
0.663859000,-0.408306647
0.664062500,-0.412174580
0.664266000,-0.416042513
0.664469400,-0.419908545
0.664672900,-0.423776477
0.664876300,-0.431642509
0.665079800,-0.435510442
0.665283200,-0.439376474
0.665486700,-0.443244406
0.665690100,-0.447110438
0.665893600,-0.450978371
0.666097000,-0.454844403
0.666300500,-0.458712336
0.666503900,-0.462578368
0.666707400,-0.466446300
0.666910800,-0.470312332
0.667114300,-0.478180265
0.667317700,-0.482046297
0.667521200,-0.485914229
0.667724600,-0.489780261
0.667928100,-0.493648194
0.668131500,-0.497514226
0.668335000,-0.501382159
0.668538400,-0.505248190
0.668741900,-0.509116123
0.668945300,-0.512982155
0.669148800,-0.516850088
0.669352200,-0.520716120
0.669555700,-0.524584052
0.669759100,-0.528450084
0.669962600,-0.536318017
0.670166000,-0.540184049
0.670369500,-0.544051981
0.670572900,-0.547918013
0.670776400,-0.551785946
0.670979800,-0.555651978
0.671183300,-0.559519911
0.671386700,-0.563385943
0.671590200,-0.567253875
0.671793600,-0.571119907
0.671997100,-0.574987840
0.672200500,-0.578853872
0.672404000,-0.582721804
0.672607400,-0.586587836
0.672810900,-0.590455769
0.673014300,-0.594321801
0.673217800,-0.598189734
0.673421200,-0.602055765
0.673624700,-0.605923698
0.673828100,-0.609789730
0.674031600,-0.613657663
0.674235000,-0.617523695
0.674438500,-0.621391627
0.674641900,-0.625257659
0.674845400,-0.629125592
0.675048800,-0.632991624
0.675252300,-0.636859556
0.675455700,-0.640725588
0.675659200,-0.644593521
0.675862600,-0.648459553
0.676066100,-0.652327486
0.676269500,-0.656193518
0.676473000,-0.660061450
0.676676400,-0.663927482
0.676879900,-0.667795415
0.677083300,-0.671661447
0.677286800,-0.675529379
0.677490200,-0.679395411
0.677693700,-0.683263344
0.677897100,-0.687129376
0.678100600,-0.690997309
0.678304000,-0.694863340
0.678507500,-0.698731273
0.678710900,-0.702597305
0.678914400,-0.706465238
0.679117800,-0.710331270
0.679321300,-0.714199202
0.679524700,-0.718065234
0.679728200,-0.721933167
0.679931600,-0.725799199
0.680135100,-0.729667131
0.680338500,-0.733533163
0.680542000,-0.737401096
0.680745400,-0.741267128
0.680948900,-0.745135061
0.681152300,-0.749001093
0.681355800,-0.752869025
0.681559200,-0.756735057
0.681762700,-0.760602990
0.681966100,-0.764469022
0.682169600,-0.768336954
0.682373000,-0.772202986
0.682576500,-0.776070919
0.682779900,-0.779936951
0.682983400,-0.783804884
0.683186800,-0.787670915
0.683390300,-0.791538848
0.683593800,-0.795406781
0.683797200,-0.799272813
0.684000700,-0.803140745
0.684204100,-0.807006777
0.684407600,-0.810874710
0.684611000,-0.814740742
0.684814500,-0.818608674
0.685017900,-0.822474706
0.685221400,-0.826342639
0.685424800,-0.830208671
0.685628300,-0.834076604
0.685831700,-0.841942636
0.686035200,-0.845810568
0.686238600,-0.849676600
0.686442100,-0.853544533
0.686645500,-0.857410565
0.686849000,-0.861278497
0.687052400,-0.865144529
0.687255900,-0.869012462
0.687459300,-0.872878494
0.687662800,-0.876746427
0.687866200,-0.880612459
0.688069700,-0.884480391
0.688273100,-0.888346423
0.688476600,-0.892214356
0.688680000,-0.900080388
0.688883500,-0.903948320
0.689086900,-0.907814352
0.689290400,-0.911682285
0.689493800,-0.915548317
0.689697300,-0.919416249
0.689900700,-0.923282281
0.690104200,-0.927150214
0.690307600,-0.931016246
0.690511100,-0.934884179
0.690714500,-0.938750211
0.690918000,-0.942618143
0.691121400,-0.946484175
0.691324900,-0.950352108
0.691528300,-0.958218140
0.691731800,-0.962086072
0.691935200,-0.965952104
0.692138700,-0.969820037
0.692342100,-0.973686069
0.692545600,-0.977554002
0.692749000,-0.981420033
0.692952500,-0.985287966
0.693155900,-0.989153998
0.693359400,-0.993021931
0.693562800,-0.996887963
0.693766300,-1.000755895
0.693969700,-1.004621927
0.694173200,-1.008489860
0.694376600,-1.016355892
0.694580100,-1.020223824
0.694783500,-1.024089856
0.694987000,-1.027957789
0.695190400,-1.031823821
0.695393900,-1.035691754
0.695597300,-1.039557786
0.695800800,-1.043425718
0.696004200,-1.047291750
0.696207700,-1.051159683
0.696411100,-1.055025715
0.696614600,-1.058893647
0.696818000,-1.062759679
0.697021500,-1.066627612
0.697224900,-1.070493644
0.697428400,-1.074361577
0.697631800,-1.078227608
0.697835300,-1.082095541
0.698038700,-1.085961573
0.698242200,-1.089829506
0.698445600,-1.093695538
0.698649100,-1.097563470
0.698852500,-1.101429502
0.699056000,-1.105297435
0.699259400,-1.109163467
0.699462900,-1.113031399
0.699666300,-1.116897431
0.699869800,-1.120765364
0.700073200,-1.128631396
0.700276700,-1.132499329
0.700480100,-1.136365361
0.700683600,-1.140233293
0.700887000,-1.144099325
0.701090500,-1.147967258
0.701293900,-1.151833290
0.701497400,-1.155701222
0.701700800,-1.159567254
0.701904300,-1.163435187
0.702107700,-1.167301219
0.702311200,-1.171169152
0.702514600,-1.175035183
0.702718100,-1.178903116
0.702921500,-1.182769148
0.703125000,-1.186637081
0.703328500,-1.190505013
0.703531900,-1.194371045
0.703735400,-1.198238978
0.703938800,-1.202105010
0.704142300,-1.205972943
0.704345700,-1.209838974
0.704549200,-1.213706907
0.704752600,-1.217572939
0.704956100,-1.221440872
0.705159500,-1.225306904
0.705363000,-1.229174836
0.705566400,-1.233040868
0.705769900,-1.236908801
0.705973300,-1.240774833
0.706176800,-1.244642765
0.706380200,-1.248508797
0.706583700,-1.252376730
0.706787100,-1.256242762
0.706990600,-1.260110695
0.707194000,-1.263976727
0.707397500,-1.267844659
0.707600900,-1.271710691
0.707804400,-1.275578624
0.708007800,-1.279444656
0.708211300,-1.283312588
0.708414700,-1.287178620
0.708618200,-1.291046553
0.708821600,-1.294912585
0.709025100,-1.298780518
0.709228500,-1.302646549
0.709432000,-1.306514482
0.709635400,-1.310380514
0.709838900,-1.314248447
0.710042300,-1.318114479
0.710245800,-1.317982411
0.710449200,-1.321848443
0.710652700,-1.325716376
0.710856100,-1.329582408
0.711059600,-1.333450340
0.711263000,-1.337316372
0.711466500,-1.341184305
0.711669900,-1.345050337
0.711873400,-1.348918270
0.712076800,-1.352784302
0.712280300,-1.356652234
0.712483700,-1.360518266
0.712687200,-1.364386199
0.712890600,-1.368252231
0.713094100,-1.372120163
0.713297500,-1.375986195
0.713501000,-1.379854128
0.713704400,-1.383720160
0.713907900,-1.387588093
0.714111300,-1.391454124
0.714314800,-1.395322057
0.714518200,-1.399188089
0.714721700,-1.403056022
0.714925100,-1.406922054
0.715128600,-1.410789986
0.715332000,-1.414656018
0.715535500,-1.418523951
0.715738900,-1.422389983
0.715942400,-1.426257915
0.716145800,-1.430123947
0.716349300,-1.433991880
0.716552700,-1.437857912
0.716756200,-1.441725845
0.716959600,-1.445591877
0.717163100,-1.449459809
0.717366500,-1.453325841
0.717570000,-1.457193774
0.717773400,-1.461059806
0.717976900,-1.464927738
0.718180300,-1.468793770
0.718383800,-1.472661703
0.718587200,-1.476527735
0.718790700,-1.480395668
0.718994100,-1.484261699
0.719197600,-1.488129632
0.719401000,-1.491995664
0.719604500,-1.495863597
0.719807900,-1.499729629
0.720011400,-1.503597561
0.720214800,-1.507463593
0.720418300,-1.511331526
0.720621700,-1.515197558
0.720825200,-1.519065490
0.721028600,-1.522931522
0.721232100,-1.526799455
0.721435500,-1.530665487
0.721639000,-1.534533420
0.721842400,-1.538399452
0.722045900,-1.542267384
0.722249300,-1.546133416
0.722452800,-1.550001349
0.722656300,-1.553869281
0.722859700,-1.557735313
0.723063200,-1.561603246
0.723266600,-1.565469278
0.723470100,-1.569337211
0.723673500,-1.573203243
0.723877000,-1.577071175
0.724080400,-1.580937207
0.724283900,-1.584805140
0.724487300,-1.588671172
0.724690800,-1.592539104
0.724894200,-1.596405136
0.725097700,-1.600273069
0.725301100,-1.604139101
0.725504600,-1.608007033
0.725708000,-1.611873065
0.725911500,-1.615740998
0.726114900,-1.619607030
0.726318400,-1.623474963
0.726521800,-1.627340995
0.726725300,-1.631208927
0.726928700,-1.639074959
0.727132200,-1.642942892
0.727335600,-1.646808924
0.727539100,-1.650676856
0.727742500,-1.654542888
0.727946000,-1.658410821
0.728149400,-1.662276853
0.728352900,-1.666144786
0.728556300,-1.670010818
0.728759800,-1.673878750
0.728963200,-1.681744782
0.729166700,-1.685612715
0.729370100,-1.689478747
0.729573600,-1.693346679
0.729777000,-1.697212711
0.729980500,-1.701080644
0.730183900,-1.704946676
0.730387400,-1.712814608
0.730590800,-1.716680640
0.730794300,-1.720548573
0.730997700,-1.724414605
0.731201200,-1.728282538
0.731404600,-1.732148570
0.731608100,-1.740016502
0.731811500,-1.743882534
0.732015000,-1.747750467
0.732218400,-1.751616499
0.732421900,-1.755484431
0.732625300,-1.759350463
0.732828800,-1.767218396
0.733032200,-1.771084428
0.733235700,-1.774952361
0.733439100,-1.778818392
0.733642600,-1.782686325
0.733846000,-1.786552357
0.734049500,-1.790420290
0.734252900,-1.798286322
0.734456400,-1.802154254
0.734659800,-1.806020286
0.734863300,-1.809888219
0.735066700,-1.813754251
0.735270200,-1.817622183
0.735473600,-1.825488215
0.735677100,-1.829356148
0.735880500,-1.833222180
0.736084000,-1.837090113
0.736287400,-1.840956145
0.736490900,-1.844824077
0.736694300,-1.848690109
0.736897800,-1.856558042
0.737101200,-1.860424074
0.737304700,-1.864292006
0.737508100,-1.868158038
0.737711600,-1.872025971
0.737915000,-1.875892003
0.738118500,-1.879759936
0.738321900,-1.883625967
0.738525400,-1.887493900
0.738728800,-1.891359932
0.738932300,-1.899227865
0.739135700,-1.903093897
0.739339200,-1.906961829
0.739542600,-1.910827861
0.739746100,-1.914695794
0.739949500,-1.918561826
0.740153000,-1.922429758
0.740356400,-1.926295790
0.740559900,-1.930163723
0.740763300,-1.934029755
0.740966800,-1.937897688
0.741170200,-1.941763720
0.741373700,-1.945631652
0.741577100,-1.949497684
0.741780600,-1.953365617
0.741984000,-1.957231649
0.742187500,-1.961099581
0.742391000,-1.964967514
0.742594400,-1.968833546
0.742797900,-1.972701479
0.743001300,-1.976567511
0.743204800,-1.980435443
0.743408200,-1.984301475
0.743611700,-1.988169408
0.743815100,-1.992035440
0.744018600,-1.995903372
0.744222000,-1.999769404
0.744425500,-1.999637337
0.744628900,-2.003503369
0.744832400,-2.007371302
0.745035800,-2.011237333
0.745239300,-2.015105266
0.745442700,-2.018971298
0.745646200,-2.022839231
0.745849600,-2.026705263
0.746053100,-2.030573195
0.746256500,-2.034439227
0.746460000,-2.038307160
0.746663400,-2.042173192
0.746866900,-2.042041124
0.747070300,-2.045907156
0.747273800,-2.049775089
0.747477200,-2.053641121
0.747680700,-2.057509054
0.747884100,-2.061375086
0.748087600,-2.065243018
0.748291000,-2.069109050
0.748494500,-2.068976983
0.748697900,-2.072843015
0.748901400,-2.076710947
0.749104800,-2.080576979
0.749308300,-2.084444912
0.749511700,-2.088310944
0.749715200,-2.088178877
0.749918600,-2.092044908
0.750122100,-2.095912841
0.750325500,-2.099778873
0.750529000,-2.099646806
0.750732400,-2.103512838
0.750935900,-2.107380770
0.751139300,-2.111246802
0.751342800,-2.115114735
0.751546200,-2.114980767
0.751749700,-2.118848699
0.751953100,-2.122714731
0.752156600,-2.126582664
0.752360000,-2.126448696
0.752563500,-2.130316629
0.752766900,-2.134182661
0.752970400,-2.134050593
0.753173800,-2.137916625
0.753377300,-2.141784558
0.753580700,-2.141650590
0.753784200,-2.145518522
0.753987600,-2.149384554
0.754191100,-2.149252487
0.754394500,-2.153118519
0.754598000,-2.156986452
0.754801400,-2.156852483
0.755004900,-2.160720416
0.755208300,-2.160586448
0.755411800,-2.164454381
0.755615200,-2.168320413
0.755818700,-2.168188345
0.756022100,-2.172054377
0.756225600,-2.171922310
0.756429000,-2.175788342
0.756632500,-2.175656274
0.756835900,-2.179522306
0.757039400,-2.183390239
0.757242800,-2.183256271
0.757446300,-2.187124204
0.757649700,-2.186990236
0.757853200,-2.190858168
0.758056600,-2.190724200
0.758260100,-2.194592133
0.758463500,-2.198458165
0.758667000,-2.198326097
0.758870400,-2.202192129
0.759073900,-2.202060062
0.759277300,-2.205926094
0.759480800,-2.205794027
0.759684200,-2.209660058
0.759887700,-2.209527991
0.760091100,-2.213394023
0.760294600,-2.213261956
0.760498000,-2.217127988
0.760701500,-2.216995920
0.760904900,-2.220861952
0.761108400,-2.224729885
0.761311800,-2.224595917
0.761515300,-2.228463849
0.761718800,-2.228331782
0.761922200,-2.232197814
0.762125700,-2.232065747
0.762329100,-2.235931779
0.762532600,-2.239799711
0.762736000,-2.239665743
0.762939500,-2.243533676
0.763142900,-2.243399708
0.763346400,-2.247267640
0.763549800,-2.251133672
0.763753300,-2.251001605
0.763956700,-2.254867637
0.764160200,-2.258735570
0.764363600,-2.258601602
0.764567100,-2.262469534
0.764770500,-2.266335566
0.764974000,-2.266203499
0.765177400,-2.270069531
0.765380900,-2.273937463
0.765584300,-2.277803495
0.765787800,-2.277671428
0.765991200,-2.281537460
0.766194700,-2.285405392
0.766398100,-2.289271424
0.766601600,-2.293139357
0.766805000,-2.293005389
0.767008500,-2.296873322
0.767211900,-2.300739354
0.767415400,-2.304607286
0.767618800,-2.308473318
0.767822300,-2.312341251
0.768025700,-2.312207283
0.768229200,-2.316075215
0.768432600,-2.319941247
0.768636100,-2.323809180
0.768839500,-2.327675212
0.769043000,-2.331543145
0.769246400,-2.335409177
0.769449900,-2.339277109
0.769653300,-2.343143141
0.769856800,-2.347011074
0.770060200,-2.350877106
0.770263700,-2.354745038
0.770467100,-2.358611070
0.770670600,-2.362479003
0.770874000,-2.366345035
0.771077500,-2.366212967
0.771280900,-2.370078999
0.771484400,-2.373946932
0.771687800,-2.377812964
0.771891300,-2.381680897
0.772094700,-2.385546929
0.772298200,-2.389414861
0.772501600,-2.393280893
0.772705100,-2.397148826
0.772908500,-2.401014858
0.773112000,-2.404882790
0.773315400,-2.408748822
0.773518900,-2.412616755
0.773722300,-2.416482787
0.773925800,-2.420350720
0.774129200,-2.420216751
0.774332700,-2.424084684
0.774536100,-2.427950716
0.774739600,-2.431818649
0.774943000,-2.435684681
0.775146500,-2.439552613
0.775349900,-2.439418645
0.775553400,-2.443286578
0.775756800,-2.447152610
0.775960300,-2.451020542
0.776163700,-2.450886574
0.776367200,-2.454754507
0.776570600,-2.458620539
0.776774100,-2.458488472
0.776977500,-2.462354504
0.777181000,-2.466222436
0.777384400,-2.470088468
0.777587900,-2.469956401
0.777791300,-2.473822433
0.777994800,-2.473690365
0.778198200,-2.477556397
0.778401700,-2.477424330
0.778605100,-2.481290362
0.778808600,-2.481158295
0.779012000,-2.485024326
0.779215500,-2.488892259
0.779418900,-2.488758291
0.779622400,-2.492626224
0.779825800,-2.492492256
0.780029300,-2.496360188
0.780232700,-2.496226220
0.780436200,-2.496094153
0.780639600,-2.499960185
0.780843100,-2.499828117
0.781046500,-2.503694149
0.781250000,-2.503562082
0.781453500,-2.503430015
0.781656900,-2.507296047
0.781860400,-2.507163979
0.782063800,-2.511030011
0.782267300,-2.510897944
0.782470700,-2.510763976
0.782674200,-2.514631908
0.782877600,-2.514497940
0.783081100,-2.514365873
0.783284500,-2.518231905
0.783488000,-2.518099838
0.783691400,-2.517965870
0.783894900,-2.521833802
0.784098300,-2.521699834
0.784301800,-2.521567767
0.784505200,-2.521433799
0.784708700,-2.525301731
0.784912100,-2.525167763
0.785115600,-2.525035696
0.785319000,-2.528901728
0.785522500,-2.528769661
0.785725900,-2.528635692
0.785929400,-2.532503625
0.786132800,-2.532369657
0.786336300,-2.532237590
0.786539700,-2.536103622
0.786743200,-2.535971554
0.786946600,-2.535837586
0.787150100,-2.539705519
0.787353500,-2.539571551
0.787557000,-2.539439483
0.787760400,-2.543305515
0.787963900,-2.547173448
0.788167300,-2.547039480
0.788370800,-2.546907413
0.788574200,-2.550773445
0.788777700,-2.550641377
0.788981100,-2.550507409
0.789184600,-2.554375342
0.789388000,-2.558241374
0.789591500,-2.558109306
0.789794900,-2.557975338
0.789998400,-2.561843271
0.790201800,-2.561709303
0.790405300,-2.565577236
0.790608700,-2.565443267
0.790812200,-2.569311200
0.791015600,-2.569177232
0.791219100,-2.573045165
0.791422500,-2.572911197
0.791626000,-2.576779129
0.791829400,-2.576645161
0.792032900,-2.580513094
0.792236300,-2.580379126
0.792439800,-2.584247058
0.792643200,-2.588113090
0.792846700,-2.587981023
0.793050100,-2.591847055
0.793253600,-2.591714988
0.793457000,-2.595581020
0.793660500,-2.595448952
0.793863900,-2.599314984
0.794067400,-2.603182917
0.794270800,-2.603048949
0.794474300,-2.606916881
0.794677700,-2.606782913
0.794881200,-2.610650846
0.795084600,-2.610516878
0.795288100,-2.614384811
0.795491500,-2.618250842
0.795695000,-2.618118775
0.795898400,-2.621984807
0.796101900,-2.621852740
0.796305300,-2.621718772
0.796508800,-2.625586704
0.796712200,-2.629452736
0.796915700,-2.629320669
0.797119100,-2.633186701
0.797322600,-2.633054633
0.797526000,-2.636920665
0.797729500,-2.636788598
0.797932900,-2.640654630
0.798136400,-2.640522563
0.798339800,-2.640388595
0.798543300,-2.644256527
0.798746700,-2.648122559
0.798950200,-2.647990492
0.799153600,-2.647856524
0.799357100,-2.651724456
0.799560500,-2.655590488
0.799764000,-2.655458421
0.799967400,-2.655324453
0.800170900,-2.659192386
0.800374300,-2.659058417
0.800577800,-2.658926350
0.800781300,-2.662794283
0.800984700,-2.662660315
0.801188200,-2.666528247
0.801391600,-2.666394279
0.801595100,-2.670262212
0.801798500,-2.670128244
0.802002000,-2.669996176
0.802205400,-2.673862208
0.802408900,-2.673730141
0.802612300,-2.673596173
0.802815800,-2.677464106
0.803019200,-2.677330138
0.803222700,-2.677198070
0.803426100,-2.677064102
0.803629600,-2.680932035
0.803833000,-2.680798067
0.804036500,-2.680665999
0.804239900,-2.684532031
0.804443400,-2.684399964
0.804646800,-2.684265996
0.804850300,-2.688133929
0.805053700,-2.687999961
0.805257200,-2.687867893
0.805460600,-2.691733925
0.805664100,-2.691601858
0.805867500,-2.691467890
0.806071000,-2.695335822
0.806274400,-2.695201854
0.806477900,-2.695069787
0.806681300,-2.694935819
0.806884800,-2.698803751
0.807088200,-2.698669783
0.807291700,-2.698537716
0.807495100,-2.702403748
0.807698600,-2.702271681
0.807902000,-2.702137713
0.808105500,-2.706005645
0.808308900,-2.705871677
0.808512400,-2.705739610
0.808715800,-2.709605642
0.808919300,-2.709473574
0.809122700,-2.709339606
0.809326200,-2.709207539
0.809529600,-2.713073571
0.809733100,-2.712941504
0.809936500,-2.712807536
0.810140000,-2.716675468
0.810343400,-2.716541500
0.810546900,-2.716409433
0.810750300,-2.720275465
0.810953800,-2.720143397
0.811157200,-2.720009429
0.811360700,-2.723877362
0.811564100,-2.723743394
0.811767600,-2.723611326
0.811971000,-2.727477358
0.812174500,-2.727345291
0.812377900,-2.731211323
0.812581400,-2.731079256
0.812784800,-2.730945288
0.812988300,-2.734813220
0.813191700,-2.734679252
0.813395200,-2.734547185
0.813598600,-2.738413217
0.813802100,-2.738281149
0.814005500,-2.738147181
0.814209000,-2.742015114
0.814412400,-2.741881146
0.814615900,-2.741749079
0.814819300,-2.745615110
0.815022800,-2.745483043
0.815226200,-2.745349075
0.815429700,-2.749217008
0.815633100,-2.749083040
0.815836600,-2.748950972
0.816040000,-2.752817004
0.816243500,-2.752684937
0.816446900,-2.756550969
0.816650400,-2.756418901
0.816853800,-2.756284933
0.817057300,-2.756152866
0.817260700,-2.756018898
0.817464200,-2.759886831
0.817667600,-2.759752863
0.817871100,-2.759620795
0.818074500,-2.763486827
0.818278000,-2.763354760
0.818481400,-2.763220792
0.818684900,-2.763088724
0.818888300,-2.766954756
0.819091800,-2.766822689
0.819295200,-2.766688721
0.819498700,-2.770556654
0.819702100,-2.770422685
0.819905600,-2.770290618
0.820109000,-2.770156650
0.820312500,-2.774024583
0.820516000,-2.773892515
0.820719400,-2.773758547
0.820922900,-2.773626480
0.821126300,-2.777492512
0.821329800,-2.777360445
0.821533200,-2.777226476
0.821736700,-2.777094409
0.821940100,-2.776960441
0.822143600,-2.780828374
0.822347000,-2.780694406
0.822550500,-2.780562338
0.822753900,-2.780428370
0.822957400,-2.784296303
0.823160800,-2.784162335
0.823364300,-2.784030267
0.823567700,-2.783896299
0.823771200,-2.783764232
0.823974600,-2.783630264
0.824178100,-2.787498197
0.824381500,-2.787364229
0.824585000,-2.787232161
0.824788400,-2.787098193
0.824991900,-2.786966126
0.825195300,-2.790832158
0.825398800,-2.786700090
0.825602200,-2.790566122
0.825805700,-2.790434055
0.826009100,-2.790300087
0.826212600,-2.790168020
0.826416000,-2.790034051
0.826619500,-2.789901984
0.826822900,-2.789768016
0.827026400,-2.793635949
0.827229800,-2.789501981
0.827433300,-2.793369913
0.827636700,-2.793235945
0.827840200,-2.793103878
0.828043600,-2.792969910
0.828247100,-2.792837842
0.828450500,-2.796703874
0.828654000,-2.792571807
0.828857400,-2.796437839
0.829060900,-2.796305772
0.829264300,-2.796171804
0.829467800,-2.796039736
0.829671200,-2.795905768
0.829874700,-2.799773701
0.830078100,-2.795639733
0.830281600,-2.799507665
0.830485000,-2.799373697
0.830688500,-2.799241630
0.830891900,-2.799107662
0.831095400,-2.802975595
0.831298800,-2.798841626
0.831502300,-2.802709559
0.831705700,-2.802575591
0.831909200,-2.802443524
0.832112600,-2.802309556
0.832316100,-2.802177488
0.832519500,-2.806043520
0.832723000,-2.801911453
0.832926400,-2.805777485
0.833129900,-2.805645417
0.833333300,-2.805511449
0.833536800,-2.805379382
0.833740200,-2.805245414
0.833943700,-2.809113347
0.834147100,-2.808979379
0.834350600,-2.808847311
0.834554000,-2.808713343
0.834757500,-2.808581276
0.834960900,-2.808447308
0.835164400,-2.812315240
0.835367800,-2.812181272
0.835571300,-2.812049205
0.835774700,-2.811915237
0.835978200,-2.811783170
0.836181600,-2.811649201
0.836385100,-2.815517134
0.836588500,-2.815383166
0.836792000,-2.815251099
0.836995400,-2.815117131
0.837198900,-2.818985063
0.837402300,-2.818851095
0.837605800,-2.818719028
0.837809200,-2.818585060
0.838012700,-2.818452992
0.838216100,-2.822319024
0.838419600,-2.822186957
0.838623000,-2.822052989
0.838826500,-2.821920922
0.839029900,-2.825786954
0.839233400,-2.825654886
0.839436800,-2.825520918
0.839640300,-2.825388851
0.839843800,-2.829256783
0.840047200,-2.829122815
0.840250700,-2.828990748
0.840454100,-2.832856780
0.840657600,-2.832724713
0.840861000,-2.832590745
0.841064500,-2.832458677
0.841267900,-2.836324709
0.841471400,-2.836192642
0.841674800,-2.836058674
0.841878300,-2.835926606
0.842081700,-2.835792638
0.842285200,-2.839660571
0.842488600,-2.839526603
0.842692100,-2.843394535
0.842895500,-2.843260567
0.843099000,-2.843128500
0.843302400,-2.842994532
0.843505900,-2.842862465
0.843709300,-2.846728497
0.843912800,-2.846596429
0.844116200,-2.846462461
0.844319700,-2.850330394
0.844523100,-2.850196426
0.844726600,-2.850064358
0.844930000,-2.849930390
0.845133500,-2.853798323
0.845336900,-2.853664355
0.845540400,-2.853532288
0.845743800,-2.857398320
0.845947300,-2.857266252
0.846150700,-2.857132284
0.846354200,-2.857000217
0.846557600,-2.860866249
0.846761100,-2.860734181
0.846964500,-2.860600213
0.847168000,-2.864468146
0.847371400,-2.864334178
0.847574900,-2.864202110
0.847778300,-2.864068142
0.847981800,-2.867936075
0.848185200,-2.867802107
0.848388700,-2.867670040
0.848592100,-2.871536072
0.848795600,-2.871404004
0.848999000,-2.871270036
0.849202500,-2.871137969
0.849405900,-2.875004001
0.849609400,-2.874871933
0.849812800,-2.874737965
0.850016300,-2.878605898
0.850219700,-2.874471930
0.850423200,-2.878339863
0.850626600,-2.878205894
0.850830100,-2.878073827
0.851033500,-2.877939859
0.851237000,-2.881807792
0.851440400,-2.881673824
0.851643900,-2.881541756
0.851847300,-2.885407788
0.852050800,-2.885275721
0.852254200,-2.885141753
0.852457700,-2.885009685
0.852661100,-2.888875717
0.852864600,-2.884743650
0.853068000,-2.888609682
0.853271500,-2.888477615
0.853474900,-2.892343647
0.853678400,-2.892211579
0.853881800,-2.892077611
0.854085300,-2.891945544
0.854288700,-2.891811576
0.854492200,-2.895679508
0.854695600,-2.895545540
0.854899100,-2.895413473
0.855102500,-2.895279505
0.855306000,-2.899147438
0.855509400,-2.895013469
0.855712900,-2.898881402
0.855916300,-2.898747434
0.856119800,-2.902615367
0.856323200,-2.898481399
0.856526700,-2.902349331
0.856730100,-2.902215363
0.856933600,-2.902083296
0.857137000,-2.901949328
0.857340500,-2.905817260
0.857543900,-2.905683292
0.857747400,-2.905551225
0.857950800,-2.905417257
0.858154300,-2.909285190
0.858357700,-2.909151222
0.858561200,-2.909019154
0.858764600,-2.908885186
0.858968100,-2.908753119
0.859171500,-2.912619151
0.859375000,-2.912487083
0.859578500,-2.912355016
0.859781900,-2.912221048
0.859985400,-2.916088981
0.860188800,-2.915955013
0.860392300,-2.915822945
0.860595700,-2.915688977
0.860799200,-2.915556910
0.861002600,-2.915422942
0.861206100,-2.919290874
0.861409500,-2.919156906
0.861613000,-2.919024839
0.861816400,-2.918890871
0.862019900,-2.922758804
0.862223300,-2.922624835
0.862426800,-2.922492768
0.862630200,-2.922358800
0.862833700,-2.922226733
0.863037100,-2.922092765
0.863240600,-2.925960697
0.863444000,-2.925826729
0.863647500,-2.925694662
0.863850900,-2.925560694
0.864054400,-2.925428626
0.864257800,-2.929294658
0.864461300,-2.925162591
0.864664700,-2.929028623
0.864868200,-2.928896556
0.865071600,-2.928762588
0.865275100,-2.928630520
0.865478500,-2.928496552
0.865682000,-2.928364485
0.865885400,-2.928230517
0.866088900,-2.932098449
0.866292300,-2.927964481
0.866495800,-2.931832414
0.866699200,-2.931698446
0.866902700,-2.931566379
0.867106100,-2.931432410
0.867309600,-2.931300343
0.867513000,-2.935166375
0.867716500,-2.931034308
0.867919900,-2.934900340
0.868123400,-2.934768272
0.868326800,-2.930634304
0.868530300,-2.934502237
0.868733700,-2.934368269
0.868937200,-2.934236201
0.869140600,-2.934102233
0.869344100,-2.933970166
0.869547500,-2.937836198
0.869751000,-2.933704131
0.869954400,-2.933570163
0.870157900,-2.937438095
0.870361300,-2.933304127
0.870564800,-2.937172060
0.870768200,-2.937038092
0.870971700,-2.936906024
0.871175100,-2.936772056
0.871378600,-2.936639989
0.871582000,-2.936506021
0.871785500,-2.936373954
0.871988900,-2.936239985
0.872192400,-2.940107918
0.872395800,-2.935973950
0.872599300,-2.939841883
0.872802700,-2.939707915
0.873006200,-2.939575847
0.873209600,-2.939441879
0.873413100,-2.939309812
0.873616500,-2.943175844
0.873820000,-2.939043776
0.874023400,-2.942909808
0.874226900,-2.942777741
0.874430300,-2.942643773
0.874633800,-2.942511706
0.874837200,-2.942377738
0.875040700,-2.942245670
0.875244100,-2.942111702
0.875447600,-2.945979635
0.875651000,-2.945845667
0.875854500,-2.945713599
0.876057900,-2.945579631
0.876261400,-2.949447564
0.876464800,-2.945313596
0.876668300,-2.949181529
0.876871700,-2.949047560
0.877075200,-2.948915493
0.877278600,-2.948781525
0.877482100,-2.952649458
0.877685500,-2.952515490
0.877889000,-2.952383422
0.878092400,-2.952249454
0.878295900,-2.956117387
0.878499300,-2.955983419
0.878702800,-2.955851351
0.878906300,-2.955719284
0.879109700,-2.955585316
0.879313200,-2.959453249
0.879516600,-2.959319281
0.879720100,-2.963187213
0.879923500,-2.959053245
0.880127000,-2.962921178
0.880330400,-2.962787210
0.880533900,-2.962655142
0.880737300,-2.966521174
0.880940800,-2.966389107
0.881144200,-2.966255139
0.881347700,-2.966123072
0.881551100,-2.969989104
0.881754600,-2.969857036
0.881958000,-2.969723068
0.882161500,-2.973591001
0.882364900,-2.973457033
0.882568400,-2.973324965
0.882771800,-2.973190997
0.882975300,-2.977058930
0.883178700,-2.976924962
0.883382200,-2.976792894
0.883585600,-2.980658926
0.883789100,-2.980526859
0.883992500,-2.980392891
0.884196000,-2.980260824
0.884399400,-2.984126856
0.884602900,-2.983994788
0.884806300,-2.983860820
0.885009800,-2.987728753
0.885213200,-2.987594785
0.885416700,-2.987462717
0.885620100,-2.991328749
0.885823600,-2.987196682
0.886027000,-2.991062714
0.886230500,-2.990930647
0.886433900,-2.994796679
0.886637400,-2.994664611
0.886840800,-2.994530643
0.887044300,-2.998398576
0.887247700,-2.998264608
0.887451200,-2.998132540
0.887654600,-3.001998572
0.887858100,-2.997866505
0.888061500,-3.001732537
0.888265000,-3.001600469
0.888468400,-3.005466501
0.888671900,-3.005334434
0.888875300,-3.005200466
0.889078800,-3.009068399
0.889282200,-3.008934431
0.889485700,-3.008802363
0.889689100,-3.008668395
0.889892600,-3.008536328
0.890096000,-3.012402360
0.890299500,-3.012270292
0.890502900,-3.016136324
0.890706400,-3.016004257
0.890909800,-3.015870289
0.891113300,-3.019738222
0.891316700,-3.019604253
0.891520200,-3.019472186
0.891723600,-3.019338218
0.891927100,-3.019206151
0.892130500,-3.023072183
0.892334000,-3.022940115
0.892537400,-3.026806147
0.892740900,-3.026674080
0.892944300,-3.026540112
0.893147800,-3.030408044
0.893351200,-3.030274076
0.893554700,-3.030142009
0.893758100,-3.034008041
0.893961600,-3.029875974
0.894165000,-3.033742006
0.894368500,-3.033609938
0.894571900,-3.033475970
0.894775400,-3.037343903
0.894978800,-3.037209935
0.895182300,-3.041077867
0.895385700,-3.040943899
0.895589200,-3.040811832
0.895792600,-3.044677864
0.895996100,-3.044545797
0.896199500,-3.044411828
0.896403000,-3.048279761
0.896606400,-3.048145793
0.896809900,-3.048013726
0.897013300,-3.051879758
0.897216800,-3.051747690
0.897420200,-3.051613722
0.897623700,-3.055481655
0.897827100,-3.055347687
0.898030600,-3.055215619
0.898234000,-3.055081651
0.898437500,-3.058949584
0.898641000,-3.058817517
0.898844400,-3.058683549
0.899047900,-3.062551481
0.899251300,-3.062417513
0.899454800,-3.062285446
0.899658200,-3.066151478
0.899861700,-3.066019410
0.900065100,-3.065885442
0.900268600,-3.069753375
0.900472000,-3.069619407
0.900675500,-3.069487340
0.900878900,-3.073353372
0.901082400,-3.073221304
0.901285800,-3.077087336
0.901489300,-3.076955269
0.901692700,-3.076821301
0.901896200,-3.080689233
0.902099600,-3.080555265
0.902303100,-3.080423198
0.902506500,-3.084289230
0.902710000,-3.084157163
0.902913400,-3.084023194
0.903116900,-3.087891127
0.903320300,-3.087757159
0.903523800,-3.087625092
0.903727200,-3.091491124
0.903930700,-3.091359056
0.904134100,-3.091225088
0.904337600,-3.095093021
0.904541000,-3.094959053
0.904744500,-3.094826985
0.904947900,-3.094693017
0.905151400,-3.098560950
0.905354800,-3.098426982
0.905558300,-3.098294915
0.905761700,-3.102160947
0.905965200,-3.102028879
0.906168600,-3.101894911
0.906372100,-3.105762844
0.906575500,-3.105628876
0.906779000,-3.105496808
0.906982400,-3.109362840
0.907185900,-3.109230773
0.907389300,-3.109096805
0.907592800,-3.112964738
0.907796200,-3.112830769
0.907999700,-3.116698702
0.908203100,-3.116564734
0.908406600,-3.116432667
0.908610000,-3.120298699
0.908813500,-3.120166631
0.909016900,-3.120032663
0.909220400,-3.123900596
0.909423800,-3.123766628
0.909627300,-3.123634560
0.909830700,-3.127500592
0.910034200,-3.127368525
0.910237600,-3.127234557
0.910441100,-3.131102490
0.910644500,-3.130968522
0.910848000,-3.130836454
0.911051400,-3.134702486
0.911254900,-3.134570419
0.911458300,-3.134436451
0.911661800,-3.138304383
0.911865200,-3.138170415
0.912068700,-3.138038348
0.912272100,-3.141904380
0.912475600,-3.141772313
0.912679000,-3.145638344
0.912882500,-3.145506277
0.913085900,-3.145372309
0.913289400,-3.149240242
0.913492800,-3.149106274
0.913696300,-3.148974206
0.913899700,-3.152840238
0.914103200,-3.152708171
0.914306600,-3.156574203
0.914510100,-3.156442135
0.914713500,-3.160308167
0.914917000,-3.160176100
0.915120400,-3.160042132
0.915323900,-3.163910065
0.915527300,-3.163776097
0.915730800,-3.163644029
0.915934200,-3.167510061
0.916137700,-3.167377994
0.916341100,-3.171244026
0.916544600,-3.171111958
0.916748000,-3.174977990
0.916951500,-3.174845923
0.917154900,-3.174711955
0.917358400,-3.178579888
0.917561800,-3.178445919
0.917765300,-3.182313852
0.917968800,-3.182181785
0.918172200,-3.182047817
0.918375700,-3.185915749
0.918579100,-3.185781781
0.918782600,-3.189649714
0.918986000,-3.189515746
0.919189500,-3.193383678
0.919392900,-3.193249710
0.919596400,-3.193117643
0.919799800,-3.196983675
0.920003300,-3.196851608
0.920206700,-3.200717640
0.920410200,-3.200585572
0.920613600,-3.204451604
0.920817100,-3.204319537
0.921020500,-3.204185569
0.921224000,-3.208053501
0.921427400,-3.211919533
0.921630900,-3.211787466
0.921834300,-3.211653498
0.922037800,-3.215521431
0.922241200,-3.215387463
0.922444700,-3.219255395
0.922648100,-3.219121427
0.922851600,-3.218989360
0.923055000,-3.222855392
0.923258500,-3.222723324
0.923461900,-3.226589356
0.923665400,-3.226457289
0.923868800,-3.230323321
0.924072300,-3.230191253
0.924275700,-3.230057285
0.924479200,-3.233925218
0.924682600,-3.233791250
0.924886100,-3.233659183
0.925089500,-3.237525215
0.925293000,-3.241393147
0.925496400,-3.241259179
0.925699900,-3.241127112
0.925903300,-3.244993144
0.926106800,-3.244861076
0.926310200,-3.244727108
0.926513700,-3.248595041
0.926717100,-3.248461073
0.926920600,-3.252329006
0.927124000,-3.252195038
0.927327500,-3.256062970
0.927530900,-3.255929002
0.927734400,-3.255796935
0.927937800,-3.259662967
0.928141300,-3.259530899
0.928344700,-3.259396931
0.928548200,-3.263264864
0.928751600,-3.263130896
0.928955100,-3.262998828
0.929158500,-3.266864860
0.929362000,-3.266732793
0.929565400,-3.270598825
0.929768900,-3.270466758
0.929972300,-3.270332790
0.930175800,-3.274200722
0.930379200,-3.274066754
0.930582700,-3.273934687
0.930786100,-3.277800719
0.930989600,-3.277668651
0.931193000,-3.277534683
0.931396500,-3.281402616
0.931599900,-3.281268648
0.931803400,-3.281136581
0.932006800,-3.285002612
0.932210300,-3.284870545
0.932413700,-3.284736577
0.932617200,-3.288604510
0.932820600,-3.288470542
0.933024100,-3.288338474
0.933227500,-3.288204506
0.933431000,-3.292072439
0.933634400,-3.291938471
0.933837900,-3.291806403
0.934041300,-3.295672435
0.934244800,-3.295540368
0.934448200,-3.295406400
0.934651700,-3.295274333
0.934855100,-3.299140365
0.935058600,-3.299008297
0.935262000,-3.298874329
0.935465500,-3.298742262
0.935668900,-3.298608294
0.935872400,-3.302476226
0.936075800,-3.302342258
0.936279300,-3.306210191
0.936482700,-3.302076223
0.936686200,-3.305944156
0.936889600,-3.305810187
0.937093100,-3.305678120
0.937296500,-3.305544152
0.937500000,-3.309412085
0.937703500,-3.305280017
0.937906900,-3.309146049
0.938110400,-3.309013982
0.938313800,-3.312880014
0.938517300,-3.308747947
0.938720700,-3.312613978
0.938924200,-3.312481911
0.939127600,-3.312347943
0.939331100,-3.312215876
0.939534500,-3.316081908
0.939738000,-3.311949840
0.939941400,-3.315815872
0.940144900,-3.315683805
0.940348300,-3.315549837
0.940551800,-3.315417769
0.940755200,-3.315283801
0.940958700,-3.319151734
0.941162100,-3.315017766
0.941365600,-3.318885699
0.941569000,-3.318751731
0.941772500,-3.318619663
0.941975900,-3.318485695
0.942179400,-3.322353628
0.942382800,-3.318219660
0.942586300,-3.322087592
0.942789700,-3.321953624
0.942993200,-3.321821557
0.943196600,-3.321687589
0.943400100,-3.321555522
0.943603500,-3.325421553
0.943807000,-3.321289486
0.944010400,-3.325155518
0.944213900,-3.325023451
0.944417300,-3.324889483
0.944620800,-3.324757415
0.944824200,-3.324623447
0.945027700,-3.328491380
0.945231100,-3.328357412
0.945434600,-3.328225344
0.945638000,-3.328091376
0.945841500,-3.327959309
0.946044900,-3.327825341
0.946248400,-3.331693274
0.946451800,-3.327559306
0.946655300,-3.331427238
0.946858700,-3.331293270
0.947062200,-3.331161203
0.947265600,-3.331027235
0.947469100,-3.334895167
0.947672500,-3.334761199
0.947876000,-3.334629132
0.948079400,-3.334495164
0.948282900,-3.334363097
0.948486300,-3.334229128
0.948689800,-3.338097061
0.948893200,-3.337963093
0.949096700,-3.337831026
0.949300100,-3.337697058
0.949503600,-3.337564990
0.949707000,-3.341431022
0.949910500,-3.341298955
0.950113900,-3.341164987
0.950317400,-3.341032919
0.950520800,-3.340898951
0.950724300,-3.340766884
0.950927700,-3.344632916
0.951131200,-3.344500849
0.951334600,-3.344366881
0.951538100,-3.344234813
0.951741500,-3.348100845
0.951945000,-3.347968778
0.952148400,-3.347834810
0.952351900,-3.347702742
0.952555300,-3.347568774
0.952758800,-3.351436707
0.952962200,-3.351302739
0.953165700,-3.351170672
0.953369100,-3.351036703
0.953572600,-3.350904636
0.953776000,-3.354770668
0.953979500,-3.354638601
0.954182900,-3.354504633
0.954386400,-3.354372565
0.954589800,-3.354238597
0.954793300,-3.358106530
0.954996700,-3.357972562
0.955200200,-3.357840494
0.955403600,-3.357706526
0.955607100,-3.357574459
0.955810500,-3.361440491
0.956014000,-3.361308424
0.956217400,-3.361174456
0.956420900,-3.361042388
0.956624300,-3.360908420
0.956827800,-3.360776353
0.957031300,-3.364644285
0.957234700,-3.364510317
0.957438200,-3.364378250
0.957641600,-3.364244282
0.957845100,-3.368112215
0.958048500,-3.363978247
0.958252000,-3.367846179
0.958455400,-3.367712211
0.958658900,-3.367580144
0.958862300,-3.367446176
0.959065800,-3.371314108
0.959269200,-3.367180140
0.959472700,-3.371048073
0.959676100,-3.370914105
0.959879600,-3.370782037
0.960083000,-3.370648069
0.960286500,-3.374516002
0.960489900,-3.374382034
0.960693400,-3.374249967
0.960896800,-3.374115999
0.961100300,-3.373983931
0.961303700,-3.373849963
0.961507200,-3.373717896
0.961710600,-3.377583928
0.961914100,-3.373451860
0.962117500,-3.377317892
0.962321000,-3.377185825
0.962524400,-3.381051857
0.962727900,-3.376919790
0.962931300,-3.380785822
0.963134800,-3.380653754
0.963338200,-3.380519786
0.963541700,-3.380387719
0.963745100,-3.380253751
0.963948600,-3.380121683
0.964152000,-3.379987715
0.964355500,-3.383855648
0.964558900,-3.383721680
0.964762400,-3.383589612
0.964965800,-3.383455644
0.965169300,-3.383323577
0.965372700,-3.383189609
0.965576200,-3.383057542
0.965779600,-3.386923574
0.965983100,-3.382791506
0.966186500,-3.386657538
0.966390000,-3.386525471
0.966593400,-3.386391503
0.966796900,-3.386259435
0.967000300,-3.386125467
0.967203800,-3.389993400
0.967407200,-3.385859432
0.967610700,-3.389727365
0.967814100,-3.389593397
0.968017600,-3.389461329
0.968221000,-3.389327361
0.968424500,-3.389195294
0.968627900,-3.393061326
0.968831400,-3.388929258
0.969034800,-3.392795290
0.969238300,-3.392663223
0.969441700,-3.392529255
0.969645200,-3.392397187
0.969848600,-3.392263219
0.970052100,-3.392131152
0.970255500,-3.391997184
0.970459000,-3.391865117
0.970662400,-3.391731149
0.970865900,-3.391599081
0.971069300,-3.391465113
0.971272800,-3.395333046
0.971476200,-3.391199078
0.971679700,-3.391067010
0.971883100,-3.394933042
0.972086600,-3.390800975
0.972290000,-3.390667007
0.972493500,-3.394534940
0.972696900,-3.390400971
0.972900400,-3.390268904
0.973103800,-3.394134936
0.973307300,-3.394002869
0.973510700,-3.389868901
0.973714200,-3.393736833
0.973917600,-3.393602865
0.974121100,-3.389470798
0.974324500,-3.389336830
0.974528000,-3.389204762
0.974731400,-3.389070794
0.974934900,-3.388938727
0.975138300,-3.388804759
0.975341800,-3.388672692
0.975545200,-3.388538724
0.975748700,-3.388406656
0.975952100,-3.388272688
0.976155600,-3.384140621
0.976359000,-3.384006653
0.976562500,-3.383874585
0.976766000,-3.383742518
0.976969400,-3.383608550
0.977172900,-3.383476483
0.977376300,-3.383342515
0.977579800,-3.379210447
0.977783200,-3.379076479
0.977986700,-3.378944412
0.978190100,-3.374810444
0.978393600,-3.374678376
0.978597000,-3.378544408
0.978800500,-3.374412341
0.979003900,-3.374278373
0.979207400,-3.374146306
0.979410800,-3.370012337
0.979614300,-3.369880270
0.979817700,-3.369746302
0.980021200,-3.369614235
0.980224600,-3.365480267
0.980428100,-3.365348199
0.980631500,-3.365214231
0.980835000,-3.361082164
0.981038400,-3.364948196
0.981241900,-3.364816128
0.981445300,-3.360682160
0.981648800,-3.360550093
0.981852200,-3.360416125
0.982055700,-3.360284058
0.982259100,-3.356150090
0.982462600,-3.356018022
0.982666000,-3.355884054
0.982869500,-3.351751987
0.983072900,-3.355618019
0.983276400,-3.355485951
0.983479800,-3.351351983
0.983683300,-3.351219916
0.983886700,-3.351085948
0.984090200,-3.350953881
0.984293600,-3.350819912
0.984497100,-3.350687845
0.984700500,-3.350553877
0.984904000,-3.346421810
0.985107400,-3.346287842
0.985310900,-3.350155774
0.985514300,-3.346021806
0.985717800,-3.345889739
0.985921200,-3.345755771
0.986124700,-3.349623703
0.986328100,-3.345489735
0.986531600,-3.345357668
0.986735000,-3.345223700
0.986938500,-3.345091633
0.987141900,-3.344957665
0.987345400,-3.344825597
0.987548800,-3.344691629
0.987752300,-3.344559562
0.987955700,-3.344425594
0.988159200,-3.348293526
0.988362600,-3.344159558
0.988566100,-3.348027491
0.988769500,-3.347893523
0.988973000,-3.343761456
0.989176400,-3.347627487
0.989379900,-3.347495420
0.989583300,-3.347361452
0.989786800,-3.347229385
0.989990200,-3.347095417
0.990193700,-3.346963349
0.990397100,-3.346829381
0.990600600,-3.350697314
0.990804000,-3.350563346
0.991007500,-3.350431278
0.991210900,-3.350297310
0.991414400,-3.350165243
0.991617800,-3.350031275
0.991821300,-3.349899208
0.992024700,-3.353765240
0.992228200,-3.349633172
0.992431600,-3.353499204
0.992635100,-3.353367137
0.992838500,-3.353233169
0.993042000,-3.353101101
0.993245400,-3.352967133
0.993448900,-3.356835066
0.993652300,-3.352701098
0.993855800,-3.356569031
0.994059200,-3.356435062
0.994262700,-3.356302995
0.994466100,-3.356169027
0.994669600,-3.360036960
0.994873000,-3.359902992
0.995076500,-3.359770924
0.995279900,-3.359636956
0.995483400,-3.359504889
0.995686800,-3.359370921
0.995890300,-3.359238853
0.996093800,-3.359106786
0.996297200,-3.358972818
0.996500700,-3.358840751
0.996704100,-3.362706783
0.996907600,-3.362574715
0.997111000,-3.362440747
0.997314500,-3.362308680
0.997517900,-3.362174712
0.997721400,-3.362042644
0.997924800,-3.361908676
0.998128300,-3.361776609
0.998331700,-3.361642641
0.998535200,-3.361510574
0.998738600,-3.365376606
0.998942100,-3.361244538
0.999145500,-3.361110570
0.999349000,-3.364978503
0.999552400,-3.364844535
0.999755900,-3.364712467
0.999959300,-3.364578499
1.000162800,-3.364446432
1.000366200,-3.364312464
1.000569700,-3.364180396
1.000773100,-3.364046428
1.000976600,-3.363914361
1.001180000,-3.363780393
1.001383500,-3.363648326
1.001586900,-3.367514358
1.001790400,-3.363382290
1.001993800,-3.363248322
1.002197300,-3.367116255
1.002400700,-3.362982287
1.002604200,-3.366850219
1.002807600,-3.366716251
1.003011100,-3.362584184
1.003214500,-3.366450216
1.003418000,-3.366318149
1.003621400,-3.366184181
1.003824900,-3.366052113
1.004028300,-3.365918145
1.004231800,-3.365786078
1.004435200,-3.365652110
1.004638700,-3.365520042
1.004842100,-3.365386074
1.005045600,-3.365254007
1.005249000,-3.365120039
1.005452500,-3.364987971
1.005655900,-3.364854003
1.005859400,-3.364721936
1.006062800,-3.364587968
1.006266300,-3.364455901
1.006469700,-3.364321933
1.006673200,-3.364189865
1.006876600,-3.364055897
1.007080100,-3.363923830
1.007283500,-3.363789862
1.007487000,-3.363657794
1.007690400,-3.359523826
1.007893900,-3.363391759
1.008097300,-3.363257791
1.008300800,-3.363125724
1.008504200,-3.358991756
1.008707700,-3.362859688
1.008911100,-3.362725720
1.009114600,-3.358593653
1.009318000,-3.358459685
1.009521500,-3.362327617
1.009724900,-3.358193649
1.009928400,-3.358061582
1.010131800,-3.357927614
1.010335300,-3.357795546
1.010538700,-3.357661578
1.010742200,-3.357529511
1.010945600,-3.357395543
1.011149100,-3.353263476
1.011352500,-3.353129508
1.011556000,-3.356997440
1.011759400,-3.352863472
1.011962900,-3.352731405
1.012166300,-3.352597437
1.012369800,-3.352465369
1.012573200,-3.348331401
1.012776700,-3.348199334
1.012980100,-3.348065366
1.013183600,-3.347933299
1.013387000,-3.347799330
1.013590500,-3.347667263
1.013793900,-3.343533295
1.013997400,-3.343401228
1.014200800,-3.343267260
1.014404300,-3.343135192
1.014607700,-3.339001224
1.014811200,-3.338869157
1.015014600,-3.338735189
1.015218100,-3.334603121
1.015421500,-3.334469153
1.015625000,-3.334337086
1.015828500,-3.330205019
1.016031900,-3.330071051
1.016235400,-3.329938983
1.016438800,-3.329805015
1.016642300,-3.325672948
1.016845700,-3.325538980
1.017049200,-3.325406912
1.017252600,-3.321272944
1.017456100,-3.321140877
1.017659500,-3.321006909
1.017863000,-3.316874842
1.018066400,-3.316740874
1.018269900,-3.316608806
1.018473300,-3.312474838
1.018676800,-3.312342771
1.018880200,-3.312208803
1.019083700,-3.312076735
1.019287100,-3.307942767
1.019490600,-3.307810700
1.019694000,-3.307676732
1.019897500,-3.303544665
1.020100900,-3.299410696
1.020304400,-3.299278629
1.020507800,-3.295144661
1.020711300,-3.295012594
1.020914700,-3.294878626
1.021118200,-3.294746558
1.021321600,-3.290612590
1.021525100,-3.290480523
1.021728500,-3.290346555
1.021932000,-3.286214487
1.022135400,-3.282080519
1.022338900,-3.281948452
1.022542300,-3.277814484
1.022745800,-3.277682417
1.022949200,-3.277548449
1.023152700,-3.277416381
1.023356100,-3.273282413
1.023559600,-3.273150346
1.023763000,-3.273016378
1.023966500,-3.264884310
1.024169900,-3.264750342
1.024373400,-3.264618275
1.024576800,-3.260484307
1.024780300,-3.260352240
1.024983700,-3.260218271
1.025187200,-3.260086204
1.025390600,-3.251952236
1.025594100,-3.251820169
1.025797500,-3.251686201
1.026001000,-3.247554133
1.026204400,-3.247420165
1.026407900,-3.247288098
1.026611300,-3.243154130
1.026814800,-3.243022062
1.027018200,-3.238888094
1.027221700,-3.234756027
1.027425100,-3.234622059
1.027628600,-3.234489992
1.027832000,-3.234356024
1.028035500,-3.230223956
1.028238900,-3.230089988
1.028442400,-3.229957921
1.028645800,-3.225823953
1.028849300,-3.221691885
1.029052700,-3.221557917
1.029256200,-3.217425850
1.029459600,-3.217291882
1.029663100,-3.217159815
1.029866500,-3.217025846
1.030070000,-3.212893779
1.030273400,-3.212759811
1.030476900,-3.212627744
1.030680300,-3.208493776
1.030883800,-3.208361708
1.031087200,-3.208227740
1.031290700,-3.204095673
1.031494100,-3.203961705
1.031697600,-3.203829637
1.031901000,-3.203695669
1.032104500,-3.199563602
1.032307900,-3.199429634
1.032511400,-3.199297567
1.032714800,-3.195163599
1.032918300,-3.195031531
1.033121700,-3.194897563
1.033325200,-3.190765496
1.033528600,-3.190631528
1.033732100,-3.190499460
1.033935500,-3.190365492
1.034139000,-3.186233425
1.034342400,-3.186099457
1.034545900,-3.185967390
1.034749300,-3.181833421
1.034952800,-3.181701354
1.035156300,-3.181569287
1.035359700,-3.177435319
1.035563200,-3.177303251
1.035766600,-3.181169283
1.035970100,-3.177037216
1.036173500,-3.176903248
1.036377000,-3.176771180
1.036580400,-3.176637212
1.036783900,-3.172505145
1.036987300,-3.172371177
1.037190800,-3.176239110
1.037394200,-3.172105142
1.037597700,-3.171973074
1.037801100,-3.171839106
1.038004600,-3.171707039
1.038208000,-3.171573071
1.038411500,-3.171441003
1.038614900,-3.171307035
1.038818400,-3.171174968
1.039021800,-3.171041000
1.039225300,-3.170908933
1.039428700,-3.170774965
1.039632200,-3.170642897
1.039835600,-3.170508929
1.040039100,-3.170376862
1.040242500,-3.170242894
1.040446000,-3.170110826
1.040649400,-3.169976858
1.040852900,-3.169844791
1.041056300,-3.169710823
1.041259800,-3.173578755
1.041463200,-3.169444787
1.041666700,-3.173312720
1.041870100,-3.173178752
1.042073600,-3.173046685
1.042277000,-3.172912717
1.042480500,-3.176780649
1.042683900,-3.176646681
1.042887400,-3.176514614
1.043090800,-3.176380646
1.043294300,-3.180248578
1.043497700,-3.180114610
1.043701200,-3.179982543
1.043904600,-3.183848575
1.044108100,-3.183716508
1.044311500,-3.183582540
1.044515000,-3.187450472
1.044718400,-3.187316504
1.044921900,-3.191184437
1.045125300,-3.191050469
1.045328800,-3.194918401
1.045532200,-3.194784433
1.045735700,-3.198652366
1.045939100,-3.198518398
1.046142600,-3.202386330
1.046346000,-3.202252362
1.046549500,-3.206120295
1.046752900,-3.205986327
1.046956400,-3.209854260
1.047159800,-3.213720292
1.047363300,-3.213588224
1.047566700,-3.217454256
1.047770200,-3.221322189
1.047973600,-3.221188221
1.048177100,-3.225056153
1.048380500,-3.228922185
1.048584000,-3.228790118
1.048787400,-3.232656150
1.048990900,-3.236524083
1.049194300,-3.240390114
1.049397800,-3.240258047
1.049601200,-3.244124079
1.049804700,-3.247992012
1.050008100,-3.251858044
1.050211600,-3.251725976
1.050415000,-3.255592008
1.050618500,-3.259459941
1.050821900,-3.263325973
1.051025400,-3.263193905
1.051228800,-3.267059937
1.051432300,-3.270927870
1.051635700,-3.274793902
1.051839200,-3.278661835
1.052042600,-3.278527867
1.052246100,-3.282395799
1.052449500,-3.286261831
1.052653000,-3.290129764
1.052856400,-3.289995796
1.053059900,-3.293863728
1.053263300,-3.297729760
1.053466800,-3.301597693
1.053670200,-3.301463725
1.053873700,-3.305331658
1.054077100,-3.309197689
1.054280600,-3.313065622
1.054484000,-3.312931654
1.054687500,-3.316799587
1.054891000,-3.320667519
1.055094400,-3.320533551
1.055297900,-3.324401484
1.055501300,-3.328267516
1.055704800,-3.328135449
1.055908200,-3.332001480
1.056111700,-3.335869413
1.056315100,-3.335735445
1.056518600,-3.339603378
1.056722000,-3.343469410
1.056925500,-3.343337342
1.057128900,-3.347203374
1.057332400,-3.347071307
1.057535800,-3.350937339
1.057739300,-3.350805271
1.057942700,-3.354671303
1.058146200,-3.358539236
1.058349600,-3.358405268
1.058553100,-3.358273201
1.058756500,-3.362139233
1.058960000,-3.362007165
1.059163400,-3.365873197
1.059366900,-3.365741130
1.059570300,-3.369607162
1.059773800,-3.369475094
1.059977200,-3.373341126
1.060180700,-3.373209059
1.060384100,-3.373075091
1.060587600,-3.376943024
1.060791000,-3.376809055
1.060994500,-3.376676988
1.061197900,-3.380543020
1.061401400,-3.384410953
1.061604800,-3.384276985
1.061808300,-3.384144917
1.062011700,-3.388010949
1.062215200,-3.387878882
1.062418600,-3.387744914
1.062622100,-3.391612846
1.062825500,-3.391478878
1.063029000,-3.391346811
1.063232400,-3.391212843
1.063435900,-3.395080776
1.063639300,-3.394946808
1.063842800,-3.394814740
1.064046200,-3.398680772
1.064249700,-3.398548705
1.064453100,-3.398414737
1.064656600,-3.402282669
1.064860000,-3.402148701
1.065063500,-3.402016634
1.065266900,-3.401882666
1.065470400,-3.405750599
1.065673800,-3.405616630
1.065877300,-3.405484563
1.066080700,-3.409350595
1.066284200,-3.405218528
1.066487600,-3.409084560
1.066691100,-3.408952492
1.066894500,-3.412818524
1.067098000,-3.412686457
1.067301400,-3.412552489
1.067504900,-3.412420421
1.067708300,-3.412286453
1.067911800,-3.416154386
1.068115200,-3.416020418
1.068318700,-3.415888351
1.068522100,-3.415754383
1.068725600,-3.419622315
1.068929000,-3.419488347
1.069132500,-3.419356280
1.069335900,-3.423222312
1.069539400,-3.423090244
1.069742800,-3.422956276
1.069946300,-3.422824209
1.070149700,-3.426690241
1.070353200,-3.426558174
1.070556600,-3.426424205
1.070760100,-3.430292138
1.070963500,-3.430158170
1.071167000,-3.430026103
1.071370400,-3.429892135
1.071573900,-3.433760067
1.071777300,-3.433626099
1.071980800,-3.433494032
1.072184200,-3.437360064
1.072387700,-3.437227996
1.072591100,-3.437094028
1.072794600,-3.436961961
1.072998000,-3.440827993
1.073201500,-3.440695926
1.073404900,-3.440561958
1.073608400,-3.444429890
1.073811800,-3.444295922
1.074015300,-3.444163855
1.074218800,-3.448031787
1.074422200,-3.447897819
1.074625700,-3.447765752
1.074829100,-3.451631784
1.075032600,-3.451499717
1.075236000,-3.451365749
1.075439500,-3.455233681
1.075642900,-3.455099713
1.075846400,-3.454967646
1.076049800,-3.458833678
1.076253300,-3.458701610
1.076456700,-3.458567642
1.076660200,-3.462435575
1.076863600,-3.462301607
1.077067100,-3.462169539
1.077270500,-3.466035571
1.077474000,-3.465903504
1.077677400,-3.469769536
1.077880900,-3.469637469
1.078084300,-3.469503501
1.078287800,-3.473371433
1.078491200,-3.473237465
1.078694700,-3.473105398
1.078898100,-3.476971430
1.079101600,-3.476839362
1.079305000,-3.480705394
1.079508500,-3.480573327
1.079711900,-3.484439359
1.079915400,-3.484307292
1.080118800,-3.484173324
1.080322300,-3.488041256
1.080525700,-3.487907288
1.080729200,-3.487775221
1.080932600,-3.491641253
1.081136100,-3.491509185
1.081339500,-3.491375217
1.081543000,-3.495243150
1.081746400,-3.495109182
1.081949900,-3.494977114
1.082153300,-3.498843146
1.082356800,-3.498711079
1.082560200,-3.498577111
1.082763700,-3.502445044
1.082967100,-3.502311076
1.083170600,-3.502179008
1.083374000,-3.506045040
1.083577500,-3.505912973
1.083780900,-3.505779005
1.083984400,-3.509646937
1.084187800,-3.509512969
1.084391300,-3.513380902
1.084594700,-3.513246934
1.084798200,-3.513114867
1.085001600,-3.516980899
1.085205100,-3.516848831
1.085408500,-3.516714863
1.085612000,-3.520582796
1.085815400,-3.520448828
1.086018900,-3.520316760
1.086222300,-3.524182792
1.086425800,-3.524050725
1.086629200,-3.523916757
1.086832700,-3.523784689
1.087036100,-3.527650721
1.087239600,-3.527518654
1.087443000,-3.527384686
1.087646500,-3.531252619
1.087849900,-3.531118651
1.088053400,-3.530986583
1.088256800,-3.534852615
1.088460300,-3.534720548
1.088663700,-3.534586580
1.088867200,-3.538454512
1.089070600,-3.538320544
1.089274100,-3.538188477
1.089477500,-3.538054509
1.089681000,-3.541922442
1.089884400,-3.541788473
1.090087900,-3.541656406
1.090291300,-3.545522438
1.090494800,-3.545390371
1.090698200,-3.545256403
1.090901700,-3.549124335
1.091105100,-3.548990367
1.091308600,-3.548858300
1.091512000,-3.552724332
1.091715500,-3.552592264
1.091918900,-3.552458296
1.092122400,-3.556326229
1.092325800,-3.556192261
1.092529300,-3.560060194
1.092732700,-3.559926226
1.092936200,-3.559794158
1.093139600,-3.563660190
1.093343100,-3.563528123
1.093546500,-3.563394155
1.093750000,-3.567262087
1.093953500,-3.567130020
1.094156900,-3.566996052
1.094360400,-3.570863985
1.094563800,-3.570730017
1.094767300,-3.574597949
1.094970700,-3.574463981
1.095174200,-3.578331914
1.095377600,-3.578197946
1.095581100,-3.578065878
1.095784500,-3.581931910
1.095988000,-3.581799843
1.096191400,-3.581665875
1.096394900,-3.585533808
1.096598300,-3.585399839
1.096801800,-3.589267772
1.097005200,-3.589133804
1.097208700,-3.593001737
1.097412100,-3.592867769
1.097615600,-3.592735701
1.097819000,-3.596601733
1.098022500,-3.596469666
1.098225900,-3.600335698
1.098429400,-3.600203630
1.098632800,-3.604069662
1.098836300,-3.603937595
1.099039700,-3.607803627
1.099243200,-3.607671560
1.099446600,-3.607537592
1.099650100,-3.611405524
1.099853500,-3.615271556
1.100057000,-3.615139489
1.100260400,-3.615005521
1.100463900,-3.618873453
1.100667300,-3.618739485
1.100870800,-3.622607418
1.101074200,-3.622473450
1.101277700,-3.626341383
1.101481100,-3.626207414
1.101684600,-3.630075347
1.101888000,-3.629941379
1.102091500,-3.633809312
1.102294900,-3.633675344
1.102498400,-3.637543276
1.102701800,-3.637409308
1.102905300,-3.641277241
1.103108700,-3.641143273
1.103312200,-3.645011205
1.103515600,-3.644877237
1.103719100,-3.648745170
1.103922500,-3.648611202
1.104126000,-3.652479135
1.104329400,-3.652345167
1.104532900,-3.656213099
1.104736300,-3.656079131
1.104939800,-3.659947064
1.105143200,-3.659813096
1.105346700,-3.663681028
1.105550100,-3.663547060
1.105753600,-3.667414993
1.105957000,-3.667281025
1.106160500,-3.671148958
1.106363900,-3.671014989
1.106567400,-3.674882922
1.106770800,-3.674748954
1.106974300,-3.678616887
1.107177700,-3.678482919
1.107381200,-3.682350851
1.107584600,-3.682216883
1.107788100,-3.686084816
1.107991500,-3.689950848
1.108195000,-3.689818780
1.108398400,-3.689684812
1.108601900,-3.693552745
1.108805300,-3.693418777
1.109008800,-3.697286710
1.109212200,-3.701152742
1.109415700,-3.701020674
1.109619100,-3.704886706
1.109822600,-3.704754639
1.110026000,-3.708620671
1.110229500,-3.708488603
1.110432900,-3.712354635
1.110636400,-3.712222568
1.110839800,-3.716088600
1.111043300,-3.715956533
1.111246700,-3.719822564
1.111450200,-3.719690497
1.111653600,-3.723556529
1.111857100,-3.727424462
1.112060500,-3.727290494
1.112264000,-3.731158426
1.112467400,-3.731024458
1.112670900,-3.734892391
1.112874300,-3.734758423
1.113077800,-3.738626355
1.113281300,-3.742494288
1.113484700,-3.742360320
1.113688200,-3.746228253
1.113891600,-3.750094285
1.114095100,-3.749962217
1.114298500,-3.753828249
1.114502000,-3.753696182
1.114705400,-3.757562214
1.114908900,-3.757430146
1.115112300,-3.761296178
1.115315800,-3.765164111
1.115519200,-3.765030143
1.115722700,-3.768898076
1.115926100,-3.772764108
1.116129600,-3.772632040
1.116333000,-3.776498072
1.116536500,-3.780366005
1.116739900,-3.780232037
1.116943400,-3.784099969
1.117146800,-3.787966001
1.117350300,-3.787833934
1.117553700,-3.791699966
1.117757200,-3.795567898
1.117960600,-3.795433930
1.118164100,-3.799301863
1.118367500,-3.803167895
1.118571000,-3.803035828
1.118774400,-3.806901860
1.118977900,-3.810769792
1.119181300,-3.810635824
1.119384800,-3.814503757
1.119588200,-3.818369789
1.119791700,-3.822237721
1.119995100,-3.822103753
1.120198600,-3.825971686
1.120402000,-3.829837718
1.120605500,-3.829705651
1.120808900,-3.833571683
1.121012400,-3.837439615
1.121215800,-3.841305647
1.121419300,-3.841173580
1.121622700,-3.845039612
1.121826200,-3.848907544
1.122029600,-3.852773576
1.122233100,-3.852641509
1.122436500,-3.856507541
1.122640000,-3.860375473
1.122843400,-3.864241505
1.123046900,-3.864109438
1.123250300,-3.867975470
1.123453800,-3.871843403
1.123657200,-3.875709435
1.123860700,-3.875577367
1.124064100,-3.879443399
1.124267600,-3.883311332
1.124471000,-3.887177364
1.124674500,-3.891045296
1.124877900,-3.890911328
1.125081400,-3.894779261
1.125284800,-3.898645293
1.125488300,-3.902513226
1.125691700,-3.902379258
1.125895200,-3.906247190
1.126098600,-3.910113222
1.126302100,-3.913981155
1.126505500,-3.913847187
1.126709000,-3.917715119
1.126912400,-3.921581151
1.127115900,-3.925449084
1.127319300,-3.929315116
1.127522800,-3.929183048
1.127726200,-3.933049080
1.127929700,-3.936917013
1.128133100,-3.940783045
1.128336600,-3.940650978
1.128540000,-3.944517010
1.128743500,-3.948384942
1.128946900,-3.952250974
1.129150400,-3.956118907
1.129353800,-3.955984939
1.129557300,-3.959852871
1.129760700,-3.963718903
1.129964200,-3.967586836
1.130167600,-3.967452868
1.130371100,-3.971320801
1.130574500,-3.975186832
1.130778000,-3.979054765
1.130981400,-3.978920797
1.131184900,-3.982788730
1.131388300,-3.986654762
1.131591800,-3.986522694
1.131795200,-3.990388726
1.131998700,-3.994256659
1.132202100,-3.998122691
1.132405600,-3.997990623
1.132609000,-4.001856655
1.132812500,-4.005724588
1.133016000,-4.009592521
1.133219400,-4.009458553
1.133422900,-4.013326485
1.133626300,-4.017192517
1.133829800,-4.017060450
1.134033200,-4.020926482
1.134236700,-4.024794414
1.134440100,-4.028660446
1.134643600,-4.028528379
1.134847000,-4.032394411
1.135050500,-4.036262344
1.135253900,-4.036128376
1.135457400,-4.039996308
1.135660800,-4.043862340
1.135864300,-4.043730273
1.136067700,-4.047596305
1.136271200,-4.051464237
1.136474600,-4.051330269
1.136678100,-4.055198202
1.136881500,-4.059064234
1.137085000,-4.058932167
1.137288400,-4.062798198
1.137491900,-4.066666131
1.137695300,-4.066532163
1.137898800,-4.070400096
1.138102200,-4.070266128
1.138305700,-4.074134060
1.138509100,-4.074000092
1.138712600,-4.077868025
1.138916000,-4.081734057
1.139119500,-4.081601989
1.139322900,-4.085468021
1.139526400,-4.085335954
1.139729800,-4.089201986
1.139933300,-4.089069919
1.140136700,-4.092935951
1.140340200,-4.096803883
1.140543600,-4.096669915
1.140747100,-4.096537848
1.140950500,-4.100403880
1.141154000,-4.100271812
1.141357400,-4.104137844
1.141560900,-4.104005777
1.141764300,-4.107871809
1.141967800,-4.107739742
1.142171200,-4.111605773
1.142374700,-4.111473706
1.142578100,-4.111339738
1.142781600,-4.115207671
1.142985000,-4.115073703
1.143188500,-4.114941635
1.143391900,-4.118807667
1.143595400,-4.118675600
1.143798800,-4.118541632
1.144002300,-4.118409564
1.144205700,-4.122275596
1.144409200,-4.118143529
1.144612600,-4.122009561
1.144816100,-4.121877494
1.145019500,-4.121743526
1.145223000,-4.121611458
1.145426400,-4.121477490
1.145629900,-4.125345423
1.145833300,-4.121211455
1.146036800,-4.121079387
1.146240200,-4.124945419
1.146443700,-4.120813352
1.146647100,-4.120679384
1.146850600,-4.120547317
1.147054000,-4.120413348
1.147257500,-4.120281281
1.147460900,-4.120147313
1.147664400,-4.120015246
1.147867800,-4.115881278
1.148071300,-4.115749210
1.148274700,-4.115615242
1.148478200,-4.111483175
1.148681600,-4.111349207
1.148885100,-4.111217139
1.149088500,-4.111083171
1.149292000,-4.102951104
1.149495400,-4.102817136
1.149698900,-4.102685069
1.149902300,-4.098551101
1.150105800,-4.098419033
1.150309200,-4.094285065
1.150512700,-4.090152998
1.150716100,-4.090019030
1.150919600,-4.085886962
1.151123000,-4.081752994
1.151326500,-4.077620927
1.151529900,-4.077486959
1.151733400,-4.077354892
1.151936800,-4.069220923
1.152140300,-4.069088856
1.152343800,-4.064956789
1.152547200,-4.056822821
1.152750700,-4.056690753
1.152954100,-4.056556785
1.153157600,-4.048424718
1.153361000,-4.044290750
1.153564500,-4.044158682
1.153767900,-4.040024714
1.153971400,-4.031892647
1.154174800,-4.031758679
1.154378300,-4.027626612
1.154581700,-4.019492644
1.154785200,-4.019360576
1.154988600,-4.015226608
1.155192100,-4.007094541
1.155395500,-4.006960573
1.155599000,-4.002828505
1.155802400,-3.998694537
1.156005900,-3.990562470
1.156209300,-3.990428502
1.156412800,-3.986296435
1.156616200,-3.978162467
1.156819700,-3.978030399
1.157023100,-3.973896431
1.157226600,-3.965764364
1.157430000,-3.961630396
1.157633500,-3.961498328
1.157836900,-3.957364360
1.158040400,-3.949232293
1.158243800,-3.949098325
1.158447300,-3.944966257
1.158650700,-3.936832289
1.158854200,-3.932700222
1.159057600,-3.932566254
1.159261100,-3.924434187
1.159464500,-3.920300219
1.159668000,-3.920168151
1.159871400,-3.916034183
1.160074900,-3.907902116
1.160278300,-3.907768148
1.160481800,-3.903636080
1.160685200,-3.895502112
1.160888700,-3.895370045
1.161092100,-3.891236077
1.161295600,-3.883104010
1.161499000,-3.882970042
1.161702500,-3.878837974
1.161905900,-3.870704006
1.162109400,-3.870571939
1.162312800,-3.866437971
1.162516300,-3.866305903
1.162719700,-3.858171935
1.162923200,-3.858039868
1.163126600,-3.853905900
1.163330100,-3.845773832
1.163533500,-3.845639864
1.163737000,-3.845507797
1.163940400,-3.837373829
1.164143900,-3.833241762
1.164347300,-3.833107794
1.164550800,-3.832975726
1.164754200,-3.824841758
1.164957700,-3.824709691
1.165161100,-3.820575723
1.165364600,-3.816443655
1.165568000,-3.812309687
1.165771500,-3.812177620
1.165974900,-3.804043652
1.166178400,-3.803911585
1.166381800,-3.803777617
1.166585300,-3.799645549
1.166788700,-3.795511581
1.166992200,-3.795379514
1.167195600,-3.791245546
1.167399100,-3.787113478
1.167602500,-3.786979510
1.167806000,-3.782847443
1.168009400,-3.778713475
1.168212900,-3.778581407
1.168416300,-3.778447439
1.168619800,-3.774315372
1.168823200,-3.770181404
1.169026700,-3.770049337
1.169230100,-3.769915369
1.169433600,-3.761783301
1.169637000,-3.761649333
1.169840500,-3.761517266
1.170043900,-3.757383298
1.170247400,-3.757251230
1.170450800,-3.757117262
1.170654300,-3.748985195
1.170857700,-3.748851227
1.171061200,-3.748719160
1.171264600,-3.748585191
1.171468100,-3.744453124
1.171671500,-3.744319156
1.171875000,-3.744187089
1.172078500,-3.740055021
1.172281900,-3.739921053
1.172485400,-3.739788986
1.172688800,-3.735655018
1.172892300,-3.735522951
1.173095700,-3.735388982
1.173299200,-3.735256915
1.173502600,-3.731122947
1.173706100,-3.734990880
1.173909500,-3.734856912
1.174113000,-3.730724844
1.174316400,-3.730590876
1.174519900,-3.730458809
1.174723300,-3.726324841
1.174926800,-3.730192773
1.175130200,-3.730058805
1.175333700,-3.729926738
1.175537100,-3.725792770
1.175740600,-3.725660703
1.175944000,-3.729526735
1.176147500,-3.725394667
1.176350900,-3.725260699
1.176554400,-3.725128632
1.176757800,-3.724994664
1.176961300,-3.724862596
1.177164700,-3.724728628
1.177368200,-3.724596561
1.177571600,-3.724462593
1.177775100,-3.724330526
1.177978500,-3.724196557
1.178182000,-3.724064490
1.178385400,-3.723930522
1.178588900,-3.727798455
1.178792300,-3.723664487
1.178995800,-3.723532419
1.179199200,-3.727398451
1.179402700,-3.723266384
1.179606100,-3.727132416
1.179809600,-3.727000348
1.180013000,-3.726866380
1.180216500,-3.726734313
1.180419900,-3.726600345
1.180623400,-3.726468278
1.180826800,-3.726334310
1.181030300,-3.726202242
1.181233700,-3.726068274
1.181437200,-3.725936207
1.181640600,-3.725802239
1.181844100,-3.729670171
1.182047500,-3.729536203
1.182251000,-3.729404136
1.182454400,-3.729270168
1.182657900,-3.729138101
1.182861300,-3.729004132
1.183064800,-3.728872065
1.183268200,-3.728738097
1.183471700,-3.728606030
1.183675100,-3.728472062
1.183878600,-3.728339994
1.184082000,-3.732206026
1.184285500,-3.728073959
1.184488900,-3.727939991
1.184692400,-3.731807923
1.184895800,-3.727673955
1.185099300,-3.727541888
1.185302700,-3.731407920
1.185506200,-3.727275853
1.185709600,-3.727141885
1.185913100,-3.727009817
1.186116500,-3.730875849
1.186320000,-3.726743782
1.186523400,-3.726609814
1.186726900,-3.726477746
1.186930300,-3.726343778
1.187133800,-3.726211711
1.187337200,-3.726077743
1.187540700,-3.725945676
1.187744100,-3.725811707
1.187947600,-3.725679640
1.188151000,-3.725545672
1.188354500,-3.725413605
1.188557900,-3.725279637
1.188761400,-3.725147569
1.188964800,-3.721013601
1.189168300,-3.724881534
1.189371700,-3.724747566
1.189575200,-3.720615498
1.189778600,-3.720481530
1.189982100,-3.720349463
1.190185500,-3.720215495
1.190389000,-3.720083428
1.190592400,-3.719949460
1.190795900,-3.719817392
1.190999300,-3.719683424
1.191202800,-3.719551357
1.191406300,-3.719419289
1.191609700,-3.719285321
1.191813200,-3.719153254
1.192016600,-3.719019286
1.192220100,-3.718887219
1.192423500,-3.718753251
1.192627000,-3.718621183
1.192830400,-3.722487215
1.193033900,-3.718355148
1.193237300,-3.722221180
1.193440800,-3.722089112
1.193644200,-3.721955144
1.193847700,-3.721823077
1.194051100,-3.721689109
1.194254600,-3.721557041
1.194458000,-3.725423073
1.194661500,-3.725291006
1.194864900,-3.725157038
1.195068400,-3.725024971
1.195271800,-3.728891003
1.195475300,-3.728758935
1.195678700,-3.728624967
1.195882200,-3.732492900
1.196085600,-3.736358932
1.196289100,-3.736226864
1.196492500,-3.736092896
1.196696000,-3.739960829
1.196899400,-3.743826861
1.197102900,-3.743694794
1.197306300,-3.747560826
1.197509800,-3.751428758
1.197713200,-3.751294790
1.197916700,-3.755162723
1.198120100,-3.759028755
1.198323600,-3.762896687
1.198527000,-3.762762719
1.198730500,-3.766630652
1.198933900,-3.770496684
1.199137400,-3.774364616
1.199340800,-3.778230648
1.199544300,-3.782098581
1.199747700,-3.789964613
1.199951200,-3.793832546
1.200154600,-3.797698578
1.200358100,-3.801566510
1.200561500,-3.805432542
1.200765000,-3.813300475
1.200968400,-3.817166507
1.201171900,-3.821034439
1.201375300,-3.828900471
1.201578800,-3.832768404
1.201782200,-3.840634436
1.201985700,-3.844502369
1.202189100,-3.848368401
1.202392600,-3.856236333
1.202596000,-3.864102365
1.202799500,-3.867970298
1.203002900,-3.875836330
1.203206400,-3.879704262
1.203409800,-3.887570294
1.203613300,-3.891438227
1.203816700,-3.899304259
1.204020200,-3.907172191
1.204223600,-3.915038223
1.204427100,-3.922906156
1.204630500,-3.926772188
1.204834000,-3.934640121
1.205037400,-3.942506153
1.205240900,-3.946374085
1.205444300,-3.954240117
1.205647800,-3.958108050
1.205851200,-3.969974082
1.206054700,-3.973842014
1.206258100,-3.981708046
1.206461600,-3.989575979
1.206665000,-3.993442011
1.206868500,-3.997309944
1.207071900,-4.005175975
1.207275400,-4.013043908
1.207478800,-4.016909940
1.207682300,-4.024777873
1.207885700,-4.028643905
1.208089200,-4.032511837
1.208292600,-4.040377869
1.208496100,-4.044245802
1.208699500,-4.048111834
1.208903000,-4.051979766
1.209106400,-4.059845798
1.209309900,-4.063713731
1.209513300,-4.067579763
1.209716800,-4.071447696
1.209920200,-4.075313728
1.210123700,-4.075181660
1.210327100,-4.079047692
1.210530600,-4.082915625
1.210734000,-4.086781657
1.210937500,-4.086649589
1.211141000,-4.090517522
1.211344400,-4.090383554
1.211547900,-4.094251487
1.211751300,-4.094117519
1.211954800,-4.093985451
1.212158200,-4.097851483
1.212361700,-4.097719416
1.212565100,-4.097585448
1.212768600,-4.097453380
1.212972000,-4.097319412
1.213175500,-4.097187345
1.213378900,-4.097053377
1.213582400,-4.096921310
1.213785800,-4.092787341
1.213989300,-4.092655274
1.214192700,-4.092521306
1.214396200,-4.092389239
1.214599600,-4.088255271
1.214803100,-4.088123203
1.215006500,-4.087989235
1.215210000,-4.079857168
1.215413400,-4.079723200
1.215616900,-4.079591132
1.215820300,-4.071457164
1.216023800,-4.071325097
1.216227200,-4.071191129
1.216430700,-4.071059062
1.216634100,-4.062925094
1.216837600,-4.062793026
1.217041000,-4.058659058
1.217244500,-4.050526991
1.217447900,-4.050393023
1.217651400,-4.050260955
1.217854800,-4.042126987
1.218058300,-4.041994920
1.218261700,-4.037860952
1.218465200,-4.029728885
1.218668600,-4.029594916
1.218872100,-4.029462849
1.219075500,-4.025328881
1.219279000,-4.017196814
1.219482400,-4.017062846
1.219685900,-4.016930778
1.219889300,-4.008796810
1.220092800,-4.008664743
1.220296200,-4.004530775
1.220499700,-4.000398707
1.220703100,-3.996264739
1.220906600,-3.996132672
1.221110000,-3.995998704
1.221313500,-3.987866637
1.221516900,-3.987732669
1.221720400,-3.983600601
1.221923800,-3.979466633
1.222127300,-3.979334566
1.222330700,-3.975200598
1.222534200,-3.971068530
1.222737600,-3.970934562
1.222941100,-3.970802495
1.223144500,-3.966668527
1.223348000,-3.962536460
1.223551400,-3.962402491
1.223754900,-3.962270424
1.223958300,-3.958136456
1.224161800,-3.958004389
1.224365200,-3.953870421
1.224568700,-3.949738353
1.224772100,-3.949604385
1.224975600,-3.949472318
1.225179000,-3.949338350
1.225382500,-3.945206282
1.225585900,-3.945072314
1.225789400,-3.944940247
1.225992800,-3.940806279
1.226196300,-3.940674212
1.226399700,-3.940540244
1.226603200,-3.936408176
1.226806600,-3.936274208
1.227010100,-3.936142141
1.227213500,-3.932008173
1.227417000,-3.935876105
1.227620400,-3.935742137
1.227823900,-3.935610070
1.228027300,-3.931476102
1.228230800,-3.931344035
1.228434200,-3.931210066
1.228637700,-3.927077999
1.228841100,-3.926944031
1.229044600,-3.926811964
1.229248000,-3.926677996
1.229451500,-3.926545928
1.229654900,-3.926411960
1.229858400,-3.926279893
1.230061800,-3.922145925
1.230265300,-3.922013857
1.230468700,-3.921879889
1.230672200,-3.917747822
1.230875700,-3.917615755
1.231079100,-3.921481787
1.231282600,-3.917349719
1.231486000,-3.917215751
1.231689500,-3.917083684
1.231892900,-3.916949716
1.232096400,-3.912817648
1.232299800,-3.912683680
1.232503300,-3.912551613
1.232706700,-3.908417645
1.232910200,-3.908285578
1.233113600,-3.908151610
1.233317100,-3.904019542
1.233520500,-3.903885574
1.233724000,-3.903753507
1.233927400,-3.903619539
1.234130900,-3.899487471
1.234334300,-3.899353503
1.234537800,-3.899221436
1.234741200,-3.891087468
1.234944700,-3.890955400
1.235148100,-3.890821432
1.235351600,-3.886689365
1.235555000,-3.886555397
1.235758500,-3.886423330
1.235961900,-3.886289362
1.236165400,-3.878157294
1.236368800,-3.878023326
1.236572300,-3.877891259
1.236775700,-3.869757291
1.236979200,-3.869625223
1.237182600,-3.869491255
1.237386100,-3.861359188
1.237589500,-3.861225220
1.237793000,-3.861093153
1.237996400,-3.856959185
1.238199900,-3.852827117
1.238403300,-3.852693149
1.238606800,-3.852561082
1.238810200,-3.844427114
1.239013700,-3.844295046
1.239217100,-3.844161078
1.239420600,-3.836029011
1.239624000,-3.835895043
1.239827500,-3.835762975
1.240030900,-3.827629007
1.240234400,-3.827496940
1.240437800,-3.827362972
1.240641300,-3.823230905
1.240844700,-3.819096937
1.241048200,-3.818964869
1.241251600,-3.814830901
1.241455100,-3.810698834
1.241658500,-3.810564866
1.241862000,-3.806432798
1.242065400,-3.802298830
1.242268900,-3.802166763
1.242472300,-3.802032795
1.242675800,-3.797900728
1.242879200,-3.793766760
1.243082700,-3.793634692
1.243286100,-3.793500724
1.243489600,-3.789368657
1.243693000,-3.789234689
1.243896500,-3.789102621
1.244099900,-3.780968653
1.244303400,-3.780836586
1.244506800,-3.780702618
1.244710300,-3.780570550
1.244913700,-3.776436582
1.245117200,-3.776304515
1.245320600,-3.776170547
1.245524100,-3.776038480
1.245727500,-3.775904512
1.245931000,-3.775772444
1.246134400,-3.771638476
1.246337900,-3.771506409
1.246541300,-3.771372441
1.246744800,-3.767240373
1.246948200,-3.771106405
1.247151700,-3.770974338
1.247355100,-3.770840370
1.247558600,-3.766708303
1.247762000,-3.766574334
1.247965500,-3.770442267
1.248168900,-3.766308299
1.248372400,-3.766176232
1.248575800,-3.770042264
1.248779300,-3.765910196
1.248982700,-3.765776228
1.249186200,-3.769644161
1.249389600,-3.769510193
1.249593100,-3.765378125
1.249796500,-3.769244157
1.250000000,-3.769112090
1.250203500,-3.768980023
1.250406900,-3.768846055
1.250610400,-3.768713987
1.250813800,-3.768580019
1.251017300,-3.768447952
1.251220700,-3.768313984
1.251424200,-3.772181916
1.251627600,-3.768047948
1.251831100,-3.767915881
1.252034500,-3.771781913
1.252238000,-3.767649846
1.252441400,-3.767515878
1.252644900,-3.771383810
1.252848300,-3.767249842
1.253051800,-3.767117775
1.253255200,-3.766983807
1.253458700,-3.770851739
1.253662100,-3.766717771
1.253865600,-3.766585704
1.254069000,-3.766451736
1.254272500,-3.766319669
1.254475900,-3.766185700
1.254679400,-3.766053633
1.254882800,-3.761919665
1.255086300,-3.761787598
1.255289700,-3.761653630
1.255493200,-3.761521562
1.255696600,-3.761387594
1.255900100,-3.761255527
1.256103500,-3.761121559
1.256307000,-3.756989491
1.256510400,-3.756855523
1.256713900,-3.756723456
1.256917300,-3.752589488
1.257120800,-3.752457421
1.257324200,-3.752323453
1.257527700,-3.748191385
1.257731100,-3.748057417
1.257934600,-3.747925350
1.258138000,-3.747791382
1.258341500,-3.743659314
1.258544900,-3.743525346
1.258748400,-3.743393279
1.258951800,-3.739259311
1.259155300,-3.739127244
1.259358700,-3.738993275
1.259562200,-3.734861208
1.259765600,-3.734727240
1.259969100,-3.734595173
1.260172500,-3.734461205
1.260376000,-3.730329137
1.260579400,-3.730195169
1.260782900,-3.730063102
1.260986300,-3.725929134
1.261189800,-3.725797066
1.261393200,-3.725663098
1.261596700,-3.721531031
1.261800100,-3.721397063
1.262003600,-3.725264996
1.262207000,-3.725131028
1.262410500,-3.720998960
1.262613900,-3.720864992
1.262817400,-3.720732925
1.263020800,-3.720598957
1.263224300,-3.720466889
1.263427700,-3.720332921
1.263631200,-3.716200854
1.263834600,-3.720066886
1.264038100,-3.719934819
1.264241500,-3.719800850
1.264445000,-3.719668783
1.264648400,-3.719534815
1.264851900,-3.719402748
1.265055300,-3.719268780
1.265258800,-3.719136712
1.265462200,-3.723002744
1.265665700,-3.722870677
1.265869100,-3.722736709
1.266072600,-3.722604641
1.266276000,-3.722470673
1.266479500,-3.726338606
1.266682900,-3.726204638
1.266886400,-3.730072571
1.267089800,-3.729938603
1.267293300,-3.729806535
1.267496700,-3.733672567
1.267700200,-3.733540500
1.267903600,-3.733406532
1.268107100,-3.737274464
1.268310500,-3.737140496
1.268514000,-3.741008429
1.268717400,-3.740874461
1.268920900,-3.744742394
1.269124300,-3.744608425
1.269327800,-3.748476358
1.269531200,-3.748342390
1.269734700,-3.748210323
1.269938200,-3.752078255
1.270141600,-3.751944287
1.270345100,-3.755812220
1.270548500,-3.755678252
1.270752000,-3.759546184
1.270955400,-3.759412216
1.271158900,-3.759280149
1.271362300,-3.763146181
1.271565800,-3.763014114
1.271769200,-3.762880146
1.271972700,-3.766748078
1.272176100,-3.766614110
1.272379600,-3.766482043
1.272583000,-3.766348075
1.272786500,-3.770216007
1.272989900,-3.770082039
1.273193400,-3.769949972
1.273396800,-3.769816004
1.273600300,-3.769683937
1.273803700,-3.769549969
1.274007200,-3.769417901
1.274210600,-3.769283933
1.274414100,-3.769151866
1.274617500,-3.769017898
1.274821000,-3.768885830
1.275024400,-3.764751862
1.275227900,-3.764619795
1.275431300,-3.764485827
1.275634800,-3.764353759
1.275838200,-3.760219791
1.276041700,-3.760087724
1.276245100,-3.759953756
1.276448600,-3.751821689
1.276652000,-3.751687721
1.276855500,-3.751555653
1.277058900,-3.743421685
1.277262400,-3.743289618
1.277465800,-3.743155650
1.277669300,-3.743023582
1.277872700,-3.734889614
1.278076200,-3.730757547
1.278279600,-3.730623579
1.278483100,-3.722491512
1.278686500,-3.722357544
1.278890000,-3.718225476
1.279093400,-3.710091508
1.279296900,-3.709959441
1.279500300,-3.705825473
1.279703800,-3.705693405
1.279907200,-3.697559437
1.280110700,-3.693427370
1.280314100,-3.693293402
1.280517600,-3.685161334
1.280721000,-3.681027366
1.280924500,-3.676895299
1.281127900,-3.668761331
1.281331400,-3.668629264
1.281534800,-3.664495296
1.281738300,-3.664363228
1.281941700,-3.652229260
1.282145200,-3.652097193
1.282348600,-3.647963225
1.282552100,-3.639831157
1.282755500,-3.639697189
1.282959000,-3.635565122
1.283162400,-3.627431154
1.283365900,-3.623299087
1.283569300,-3.623165119
1.283772800,-3.623033051
1.283976200,-3.614899083
1.284179700,-3.610767016
1.284383100,-3.610633048
1.284586600,-3.602500980
1.284790000,-3.602367012
1.284993500,-3.598234945
1.285196900,-3.594100977
1.285400400,-3.589968909
1.285603800,-3.589834941
1.285807300,-3.585702874
1.286010700,-3.581568906
1.286214200,-3.581436839
1.286417600,-3.581302871
1.286621100,-3.577170803
1.286824500,-3.577036835
1.287028000,-3.576904768
1.287231400,-3.572770800
1.287434900,-3.572638732
1.287638300,-3.572504764
1.287841800,-3.568372697
1.288045200,-3.572238729
1.288248700,-3.572106662
1.288452100,-3.571972693
1.288655600,-3.571840626
1.288859000,-3.571706658
1.289062500,-3.571574591
1.289266000,-3.571442523
1.289469400,-3.571308555
1.289672900,-3.575176488
1.289876300,-3.575042520
1.290079800,-3.574910453
1.290283200,-3.578776484
1.290486700,-3.582644417
1.290690100,-3.582510449
1.290893600,-3.586378382
1.291097000,-3.586244414
1.291300500,-3.590112346
1.291503900,-3.593978378
1.291707400,-3.597846311
1.291910800,-3.597712343
1.292114300,-3.601580275
1.292317700,-3.605446307
1.292521200,-3.609314240
1.292724600,-3.613180272
1.292928100,-3.617048205
1.293131500,-3.624914237
1.293335000,-3.628782169
1.293538400,-3.632648201
1.293741900,-3.636516134
1.293945300,-3.644382166
1.294148800,-3.648250098
1.294352200,-3.652116130
1.294555700,-3.659984063
1.294759100,-3.663850095
1.294962600,-3.671718028
1.295166000,-3.675584059
1.295369500,-3.683451992
1.295572900,-3.687318024
1.295776400,-3.695185957
1.295979800,-3.703051989
1.296183300,-3.710919921
1.296386700,-3.714785953
1.296590200,-3.722653886
1.296793600,-3.730519918
1.296997100,-3.738387850
1.297200500,-3.742253882
1.297404000,-3.754121815
1.297607400,-3.761987847
1.297810900,-3.765855780
1.298014300,-3.777721812
1.298217800,-3.785589744
1.298421200,-3.793455776
1.298624700,-3.801323709
1.298828100,-3.809189741
1.299031600,-3.817057673
1.299235000,-3.824923705
1.299438500,-3.836791638
1.299641900,-3.844657670
1.299845400,-3.852525603
1.300048800,-3.864391634
1.300252300,-3.872259567
1.300455700,-3.880125599
1.300659200,-3.891993532
1.300862600,-3.899859564
1.301066100,-3.907727496
1.301269500,-3.915593528
1.301473000,-3.927461461
1.301676400,-3.935327493
1.301879900,-3.943195425
1.302083300,-3.955061457
1.302286800,-3.962929390
1.302490200,-3.970795422
1.302693700,-3.982663355
1.302897100,-3.990529387
1.303100600,-3.994397319
1.303304000,-4.006263351
1.303507500,-4.014131284
1.303710900,-4.021997316
1.303914400,-4.029865248
1.304117800,-4.041731280
1.304321300,-4.049599213
1.304524700,-4.053465245
1.304728200,-4.065333178
1.304931600,-4.073199209
1.305135100,-4.077067142
1.305338500,-4.088933174
1.305542000,-4.092801107
1.305745400,-4.100667139
1.305948900,-4.104535071
1.306152300,-4.112401103
1.306355800,-4.120269036
1.306559200,-4.124135068
1.306762700,-4.132003000
1.306966100,-4.135869032
1.307169600,-4.143736965
1.307373000,-4.147602997
1.307576500,-4.151470930
1.307779900,-4.155336962
1.307983400,-4.159204894
1.308186800,-4.163070926
1.308390300,-4.166938859
1.308593700,-4.170804891
1.308797200,-4.174672823
1.309000700,-4.178540756
1.309204100,-4.178406788
1.309407600,-4.178274721
1.309611000,-4.182140753
1.309814500,-4.186008685
1.310017900,-4.185874717
1.310221400,-4.185742650
1.310424800,-4.185608682
1.310628300,-4.185476614
1.310831700,-4.185342646
1.311035200,-4.185210579
1.311238600,-4.185076611
1.311442100,-4.180944543
1.311645500,-4.180810575
1.311849000,-4.180678508
1.312052400,-4.180544540
1.312255900,-4.176412473
1.312459300,-4.176278505
1.312662800,-4.176146437
1.312866200,-4.168012469
1.313069700,-4.167880402
1.313273100,-4.163746434
1.313476600,-4.159614366
1.313680000,-4.155480398
1.313883500,-4.155348331
1.314086900,-4.147214363
1.314290400,-4.143082296
1.314493800,-4.142948328
1.314697300,-4.138816260
1.314900700,-4.130682292
1.315104200,-4.126550225
1.315307600,-4.126416257
1.315511100,-4.114284189
1.315714500,-4.114150221
1.315918000,-4.110018154
1.316121400,-4.097884186
1.316324900,-4.097752118
1.316528300,-4.093618150
1.316731800,-4.089486083
1.316935200,-4.081352115
1.317138700,-4.077220048
1.317342100,-4.077086080
1.317545600,-4.064954012
1.317749000,-4.060820044
1.317952500,-4.060687977
1.318155900,-4.048554009
1.318359400,-4.048421941
1.318562800,-4.044287973
1.318766300,-4.040155906
1.318969700,-4.032021938
1.319173200,-4.027889871
1.319376600,-4.027755903
1.319580100,-4.019623835
1.319783500,-4.015489867
1.319987000,-4.011357800
1.320190400,-4.003223832
1.320393900,-4.003091764
1.320597300,-3.998957796
1.320800800,-3.998825729
1.321004200,-3.990691761
1.321207700,-3.990559693
1.321411100,-3.986425725
1.321614600,-3.978293658
1.321818000,-3.978159690
1.322021500,-3.978027623
1.322224900,-3.969893655
1.322428400,-3.969761587
1.322631800,-3.965627619
1.322835300,-3.961495552
1.323038700,-3.961361584
1.323242200,-3.961229516
1.323445600,-3.957095548
1.323649100,-3.952963481
1.323852500,-3.952829513
1.324056000,-3.952697446
1.324259400,-3.948563478
1.324462900,-3.948431410
1.324666300,-3.948297442
1.324869800,-3.944165375
1.325073200,-3.944031407
1.325276700,-3.943899339
1.325480100,-3.943765371
1.325683600,-3.939633304
1.325887000,-3.939499336
1.326090500,-3.939367268
1.326293900,-3.939233300
1.326497400,-3.939101233
1.326700800,-3.938967265
1.326904300,-3.934835198
1.327107700,-3.934701230
1.327311200,-3.938569162
1.327514600,-3.938435194
1.327718100,-3.934303127
1.327921500,-3.938169159
1.328125000,-3.938037091
1.328328500,-3.933905024
1.328531900,-3.937771056
1.328735400,-3.937638989
1.328938800,-3.933505021
1.329142300,-3.937372953
1.329345700,-3.937238985
1.329549200,-3.937106918
1.329752600,-3.936972950
1.329956100,-3.936840882
1.330159500,-3.940706914
1.330363000,-3.936574847
1.330566400,-3.936440879
1.330769900,-3.940308812
1.330973300,-3.936174843
1.331176800,-3.940042776
1.331380200,-3.939908808
1.331583700,-3.939776741
1.331787100,-3.939642773
1.331990600,-3.939510705
1.332194000,-3.939376737
1.332397500,-3.939244670
1.332600900,-3.939110702
1.332804400,-3.942978634
1.333007800,-3.938844666
1.333211300,-3.942712599
1.333414700,-3.942578631
1.333618200,-3.938446564
1.333821600,-3.942312596
1.334025100,-3.942180528
1.334228500,-3.942046560
1.334432000,-3.941914493
1.334635400,-3.941780525
1.334838900,-3.945648457
1.335042300,-3.941514489
1.335245800,-3.945382422
1.335449200,-3.945248454
1.335652700,-3.945116387
1.335856100,-3.944982418
1.336059600,-3.944850351
1.336263000,-3.948716383
1.336466500,-3.944584316
1.336669900,-3.948450348
1.336873400,-3.948318280
1.337076800,-3.948184312
1.337280300,-3.952052245
1.337483700,-3.951918277
1.337687200,-3.951786209
1.337890600,-3.951652241
1.338094100,-3.955520174
1.338297500,-3.955386206
1.338501000,-3.959254139
1.338704400,-3.959120171
1.338907900,-3.962988103
1.339111300,-3.962854135
1.339314800,-3.966722068
1.339518200,-3.966588100
1.339721700,-3.970456032
1.339925100,-3.970322064
1.340128600,-3.974189997
1.340332000,-3.978056029
1.340535500,-3.977923962
1.340738900,-3.981789993
1.340942400,-3.985657926
1.341145800,-3.985523958
1.341349300,-3.989391891
1.341552700,-3.993257923
1.341756200,-3.997125855
1.341959600,-4.000991887
1.342163100,-4.004859820
1.342366500,-4.008725852
1.342570000,-4.012593784
1.342773400,-4.016459816
1.342976900,-4.020327749
1.343180300,-4.024193781
1.343383800,-4.028061714
1.343587200,-4.031927746
1.343790700,-4.035795678
1.343994100,-4.039661710
1.344197600,-4.043529643
1.344401000,-4.047395675
1.344604500,-4.055263607
1.344807900,-4.059129639
1.345011400,-4.062997572
1.345214800,-4.066863604
1.345418300,-4.070731537
1.345621700,-4.074597568
1.345825200,-4.082465501
1.346028600,-4.086331533
1.346232100,-4.090199466
1.346435500,-4.094065498
1.346639000,-4.097933430
1.346842400,-4.101799462
1.347045900,-4.109667395
1.347249300,-4.113533427
1.347452800,-4.117401359
1.347656200,-4.121267391
1.347859700,-4.125135324
1.348063200,-4.129003257
1.348266600,-4.132869289
1.348470100,-4.136737221
1.348673500,-4.140603253
1.348877000,-4.144471186
1.349080400,-4.152337218
1.349283900,-4.156205150
1.349487300,-4.160071182
1.349690800,-4.159939115
1.349894200,-4.163805147
1.350097700,-4.167673080
1.350301100,-4.171539112
1.350504600,-4.175407044
1.350708000,-4.179273076
1.350911500,-4.183141009
1.351114900,-4.187007041
1.351318400,-4.190874973
1.351521800,-4.190741005
1.351725300,-4.194608938
1.351928700,-4.198474970
1.352132200,-4.202342902
1.352335600,-4.202208934
1.352539100,-4.206076867
1.352742500,-4.209942899
1.352946000,-4.209810832
1.353149400,-4.213676864
1.353352900,-4.213544796
1.353556300,-4.217410828
1.353759800,-4.221278761
1.353963200,-4.221144793
1.354166700,-4.225012725
1.354370100,-4.224878757
1.354573600,-4.228746690
1.354777000,-4.228612722
1.354980500,-4.232480655
1.355183900,-4.232346687
1.355387400,-4.236214619
1.355590800,-4.236080651
1.355794300,-4.239948584
1.355997700,-4.239814616
1.356201200,-4.243682548
1.356404600,-4.243548580
1.356608100,-4.243416513
1.356811500,-4.247282545
1.357015000,-4.247150477
1.357218400,-4.247016509
1.357421900,-4.250884442
1.357625300,-4.250750474
1.357828800,-4.254618407
1.358032200,-4.254484439
1.358235700,-4.254352371
1.358439100,-4.254218403
1.358642600,-4.254086336
1.358846000,-4.257952368
1.359049500,-4.257820300
1.359252900,-4.257686332
1.359456400,-4.257554265
1.359659800,-4.261420297
1.359863300,-4.261288230
1.360066700,-4.261154262
1.360270200,-4.261022194
1.360473600,-4.264888226
1.360677100,-4.260756159
1.360880500,-4.264622191
1.361084000,-4.264490123
1.361287400,-4.264356155
1.361490900,-4.264224088
1.361694300,-4.264090120
1.361897800,-4.263958052
1.362101200,-4.263824084
1.362304700,-4.263692017
1.362508100,-4.267558049
1.362711600,-4.263425982
1.362915000,-4.263292014
1.363118500,-4.263159946
1.363321900,-4.263025978
1.363525400,-4.262893911
1.363728800,-4.262759943
1.363932300,-4.262627875
1.364135700,-4.262493907
1.364339200,-4.262361840
1.364542600,-4.262227872
1.364746100,-4.258095805
1.364949500,-4.257961836
1.365153000,-4.257829769
1.365356400,-4.253695801
1.365559900,-4.257563734
1.365763300,-4.257429766
1.365966800,-4.253297698
1.366170200,-4.253163730
1.366373700,-4.253031663
1.366577100,-4.252897695
1.366780600,-4.248765627
1.366984000,-4.248631659
1.367187500,-4.248499592
1.367391000,-4.240367525
1.367594400,-4.240233557
1.367797900,-4.240101489
1.368001300,-4.235967521
1.368204800,-4.235835454
1.368408200,-4.235701486
1.368611700,-4.235569418
1.368815100,-4.231435450
1.369018600,-4.227303383
1.369222000,-4.227169415
1.369425500,-4.223037348
1.369628900,-4.222903380
1.369832400,-4.218771312
1.370035800,-4.214637344
1.370239300,-4.214505277
1.370442700,-4.214371309
1.370646200,-4.206239241
1.370849600,-4.206105273
1.371053100,-4.205973206
1.371256500,-4.201839238
1.371460000,-4.197707171
1.371663400,-4.193573202
1.371866900,-4.193441135
1.372070300,-4.189307167
1.372273800,-4.185175100
1.372477200,-4.185041132
1.372680700,-4.176909064
1.372884100,-4.176775096
1.373087600,-4.172643029
1.373291000,-4.172509061
1.373494500,-4.164376993
1.373697900,-4.164243025
1.373901400,-4.160110958
1.374104800,-4.151976990
1.374308300,-4.151844923
1.374511700,-4.147710955
1.374715200,-4.139578887
1.374918600,-4.139444919
1.375122100,-4.135312852
1.375325500,-4.135178884
1.375529000,-4.123046816
1.375732400,-4.122912848
1.375935900,-4.118780781
1.376139300,-4.110646813
1.376342800,-4.106514746
1.376546200,-4.102380777
1.376749700,-4.094248710
1.376953100,-4.090114742
1.377156600,-4.085982675
1.377360000,-4.085848707
1.377563500,-4.073716639
1.377766900,-4.069582671
1.377970400,-4.065450604
1.378173800,-4.053316636
1.378377300,-4.049184568
1.378580700,-4.045050600
1.378784200,-4.032918533
1.378987600,-4.028784565
1.379191100,-4.024652498
1.379394500,-4.012518530
1.379598000,-4.008386462
1.379801400,-4.004252494
1.380004900,-4.000120427
1.380208300,-3.983986459
1.380411800,-3.979854391
1.380615200,-3.975720423
1.380818700,-3.959588356
1.381022100,-3.955454388
1.381225600,-3.951322321
1.381429000,-3.935188352
1.381632500,-3.931056285
1.381835900,-3.922922317
1.382039400,-3.918790250
1.382242800,-3.902656282
1.382446300,-3.898524214
1.382649700,-3.890390246
1.382853200,-3.874258179
1.383056600,-3.870124211
1.383260100,-3.861992143
1.383463500,-3.845858175
1.383667000,-3.837726108
1.383870400,-3.833592140
1.384073900,-3.825460073
1.384277300,-3.809326105
1.384480800,-3.801194037
1.384684200,-3.793060069
1.384887700,-3.776928002
1.385091100,-3.768794034
1.385294600,-3.764661966
1.385498000,-3.744527998
1.385701500,-3.740395931
1.385904900,-3.732261963
1.386108400,-3.724129896
1.386311800,-3.707995927
1.386515300,-3.699863860
1.386718700,-3.691729892
1.386922200,-3.675597825
1.387125700,-3.667465757
1.387329100,-3.659331789
1.387532600,-3.643199722
1.387736000,-3.635065754
1.387939500,-3.626933686
1.388142900,-3.618799718
1.388346400,-3.602667651
1.388549800,-3.594533683
1.388753300,-3.590401616
1.388956700,-3.570267648
1.389160200,-3.562135580
1.389363600,-3.558001612
1.389567100,-3.537869545
1.389770500,-3.533735577
1.389974000,-3.525603509
1.390177400,-3.509469541
1.390380900,-3.501337474
1.390584300,-3.497203506
1.390787800,-3.489071439
1.390991200,-3.472937471
1.391194700,-3.464805403
1.391398100,-3.460671435
1.391601600,-3.444539368
1.391805000,-3.436405400
1.392008500,-3.432273332
1.392211900,-3.416139364
1.392415400,-3.408007297
1.392618800,-3.403873329
1.392822300,-3.399741261
1.393025700,-3.383607293
1.393229200,-3.375475226
1.393432600,-3.371341258
1.393636100,-3.359209191
1.393839500,-3.351075223
1.394043000,-3.346943155
1.394246400,-3.334809187
1.394449900,-3.326677120
1.394653300,-3.322543152
1.394856800,-3.318411084
1.395060200,-3.306277116
1.395263700,-3.302145049
1.395467100,-3.298011081
1.395670600,-3.285879014
1.395874000,-3.281745046
1.396077500,-3.277612978
1.396280900,-3.265479010
1.396484400,-3.261346943
1.396687800,-3.257212975
1.396891300,-3.253080907
1.397094700,-3.240946939
1.397298200,-3.240814872
1.397501600,-3.236680904
1.397705100,-3.224548836
1.397908500,-3.224414868
1.398112000,-3.220282801
1.398315400,-3.212148833
1.398518900,-3.208016766
1.398722300,-3.207882798
1.398925800,-3.195750730
1.399129200,-3.195616762
1.399332700,-3.191484695
1.399536100,-3.191350727
1.399739600,-3.183218659
1.399943000,-3.179084691
1.400146500,-3.178952624
1.400349900,-3.170818656
1.400553400,-3.170686589
1.400756800,-3.166552621
1.400960300,-3.162420553
1.401163700,-3.158286585
1.401367200,-3.158154518
1.401570600,-3.158020550
1.401774100,-3.149888482
1.401977500,-3.149754514
1.402181000,-3.149622447
1.402384400,-3.141488479
1.402587900,-3.141356411
1.402791300,-3.141222443
1.402994800,-3.133090376
1.403198200,-3.132956408
1.403401700,-3.132824341
1.403605100,-3.132690373
1.403808600,-3.124558305
1.404012000,-3.124424337
1.404215500,-3.124292270
1.404418900,-3.120158302
1.404622400,-3.116026234
1.404825800,-3.115892266
1.405029300,-3.111760199
1.405232700,-3.111626231
1.405436200,-3.111494164
1.405639600,-3.107360195
1.405843100,-3.103228128
1.406046500,-3.103094160
1.406250000,-3.102962093
1.406453500,-3.094830025
1.406656900,-3.094696057
1.406860400,-3.094563990
1.407063800,-3.086430022
1.407267300,-3.086297955
1.407470700,-3.086163986
1.407674200,-3.082031919
1.407877600,-3.077897951
1.408081100,-3.077765884
1.408284500,-3.073631916
1.408488000,-3.069499848
1.408691400,-3.069365880
1.408894900,-3.065233813
1.409098300,-3.061099845
1.409301800,-3.056967777
1.409505200,-3.056833809
1.409708700,-3.048701742
1.409912100,-3.048567774
1.410115600,-3.048435707
1.410319000,-3.044301739
1.410522500,-3.040169671
1.410725900,-3.036035703
1.410929400,-3.035903636
1.411132800,-3.027769668
1.411336300,-3.027637600
1.411539700,-3.023503632
1.411743200,-3.015371565
1.411946600,-3.015237597
1.412150100,-3.015105530
1.412353500,-3.010971561
1.412557000,-3.002839494
1.412760400,-3.002705526
1.412963900,-3.002573459
1.413167300,-2.994439491
1.413370800,-2.990307423
1.413574200,-2.990173455
1.413777700,-2.982041388
1.413981100,-2.981907420
1.414184600,-2.977775352
1.414388000,-2.977641384
1.414591500,-2.969509317
1.414794900,-2.969375349
1.414998400,-2.965243282
1.415201800,-2.957109314
1.415405300,-2.956977246
1.415608700,-2.952843278
1.415812200,-2.948711211
1.416015600,-2.944577243
1.416219100,-2.944445175
1.416422500,-2.940311207
1.416626000,-2.936179140
1.416829400,-2.932045172
1.417032900,-2.931913105
1.417236300,-2.923779136
1.417439800,-2.923647069
1.417643200,-2.919513101
1.417846700,-2.911381034
1.418050100,-2.911247066
1.418253600,-2.911114998
1.418457000,-2.902981030
1.418660500,-2.898848963
1.418863900,-2.898714995
1.419067400,-2.898582927
1.419270800,-2.890448959
1.419474300,-2.886316892
1.419677700,-2.886182924
1.419881200,-2.878050857
1.420084600,-2.877916889
1.420288100,-2.873784821
1.420491500,-2.869650853
1.420695000,-2.865518786
1.420898400,-2.865384818
1.421101900,-2.865252750
1.421305300,-2.857118782
1.421508800,-2.852986715
1.421712200,-2.852852747
1.421915700,-2.844720680
1.422119100,-2.844586711
1.422322600,-2.844454644
1.422526000,-2.836320676
1.422729500,-2.832188609
1.422932900,-2.832054641
1.423136400,-2.831922573
1.423339800,-2.823788605
1.423543300,-2.823656538
1.423746700,-2.819522570
1.423950200,-2.815390502
1.424153600,-2.811256534
1.424357100,-2.811124467
1.424560500,-2.802990499
1.424764000,-2.802858432
1.424967400,-2.802724464
1.425170900,-2.798592396
1.425374300,-2.794458428
1.425577800,-2.794326361
1.425781200,-2.790192393
1.425984700,-2.786060325
1.426188200,-2.781928258
1.426391600,-2.781794290
1.426595100,-2.777662223
1.426798500,-2.777528255
1.427002000,-2.773396187
1.427205400,-2.769262219
1.427408900,-2.769130152
1.427612300,-2.768996184
1.427815800,-2.764864116
1.428019200,-2.760730148
1.428222700,-2.760598081
1.428426100,-2.760464113
1.428629600,-2.752332045
1.428833000,-2.752198077
1.429036500,-2.752066010
1.429239900,-2.747932042
1.429443400,-2.747799975
1.429646800,-2.747666007
1.429850300,-2.747533939
1.430053700,-2.743399971
1.430257200,-2.743267904
1.430460600,-2.743133936
1.430664100,-2.735001868
1.430867500,-2.734867900
1.431071000,-2.734735833
1.431274400,-2.730601865
1.431477900,-2.730469798
1.431681300,-2.730335830
1.431884800,-2.730203762
1.432088200,-2.726069794
1.432291700,-2.725937727
1.432495100,-2.725803759
1.432698600,-2.721671691
1.432902000,-2.721537723
1.433105500,-2.721405656
1.433308900,-2.717271688
1.433512400,-2.717139620
1.433715800,-2.717005652
1.433919300,-2.716873585
1.434122700,-2.708739617
1.434326200,-2.708607550
1.434529600,-2.708473582
1.434733100,-2.704341514
1.434936500,-2.704207546
1.435140000,-2.704075479
1.435343400,-2.695941511
1.435546900,-2.695809443
1.435750300,-2.695675475
1.435953800,-2.695543408
1.436157200,-2.687409440
1.436360700,-2.687277373
1.436564100,-2.687143405
1.436767600,-2.679011337
1.436971000,-2.678877369
1.437174500,-2.674745302
1.437377900,-2.666611334
1.437581400,-2.666479266
1.437784800,-2.666345298
1.437988300,-2.658213231
1.438191700,-2.654079263
1.438395200,-2.653947195
1.438598600,-2.649813227
1.438802100,-2.641681160
1.439005500,-2.637547192
1.439209000,-2.637415125
1.439412400,-2.625281157
1.439615900,-2.625149089
1.439819300,-2.621015121
1.440022800,-2.608883054
1.440226200,-2.608749086
1.440429700,-2.604617018
1.440633100,-2.600483050
1.440836600,-2.588350983
1.441040000,-2.588217015
1.441243500,-2.584084948
1.441446900,-2.571950980
1.441650400,-2.567818912
1.441853800,-2.563684944
1.442057300,-2.551552877
1.442260700,-2.547418909
1.442464200,-2.543286841
1.442667600,-2.539152873
1.442871100,-2.527020806
1.443074500,-2.522886838
1.443278000,-2.518754770
1.443481400,-2.506620802
1.443684900,-2.502488735
1.443888300,-2.498354767
1.444091800,-2.482222700
1.444295200,-2.478088732
1.444498700,-2.473956664
1.444702100,-2.469822696
1.444905600,-2.457690629
1.445109000,-2.453556661
1.445312500,-2.449424593
1.445516000,-2.437292526
1.445719400,-2.429158558
1.445922900,-2.425026491
1.446126300,-2.412892523
1.446329800,-2.408760455
1.446533200,-2.404626487
1.446736700,-2.392494420
1.446940100,-2.388360452
1.447143600,-2.384228384
1.447347000,-2.380094416
1.447550500,-2.367962349
1.447753900,-2.363828381
1.447957400,-2.359696314
1.448160800,-2.347562345
1.448364300,-2.343430278
1.448567700,-2.339296310
1.448771200,-2.327164243
1.448974600,-2.323030275
1.449178100,-2.318898207
1.449381500,-2.314764239
1.449585000,-2.302632172
1.449788400,-2.302498204
1.449991900,-2.298366136
1.450195300,-2.286232168
1.450398800,-2.282100101
1.450602200,-2.281966133
1.450805700,-2.269834066
1.451009100,-2.265700098
1.451212600,-2.265568030
1.451416000,-2.261434062
1.451619500,-2.249301995
1.451822900,-2.249168027
1.452026400,-2.245035959
1.452229800,-2.236901991
1.452433300,-2.232769924
1.452636700,-2.232635956
1.452840200,-2.224503889
1.453043600,-2.220369920
1.453247100,-2.216237853
1.453450500,-2.216103885
1.453654000,-2.207971818
1.453857400,-2.203837850
1.454060900,-2.203705782
1.454264300,-2.195571814
1.454467800,-2.195439747
1.454671200,-2.191305779
1.454874700,-2.187173711
1.455078100,-2.183039743
1.455281600,-2.182907676
1.455485000,-2.182773708
1.455688500,-2.174641641
1.455891900,-2.174507673
1.456095400,-2.170375605
1.456298800,-2.166241637
1.456502300,-2.166109570
1.456705700,-2.161975602
1.456909200,-2.157843534
1.457112600,-2.157709566
1.457316100,-2.157577499
1.457519500,-2.149443531
1.457723000,-2.149311464
1.457926400,-2.149177495
1.458129900,-2.149045428
1.458333300,-2.144911460
1.458536800,-2.144779393
1.458740200,-2.140645425
1.458943700,-2.136513357
1.459147100,-2.136379389
1.459350600,-2.136247322
1.459554000,-2.132113354
1.459757500,-2.131981286
1.459960900,-2.131847318
1.460164400,-2.131715251
1.460367800,-2.127581283
1.460571300,-2.127449216
1.460774700,-2.127315248
1.460978200,-2.127183180
1.461181600,-2.127049212
1.461385100,-2.126917145
1.461588500,-2.122783177
1.461792000,-2.122651109
1.461995400,-2.122517141
1.462198900,-2.122385074
1.462402300,-2.118251106
1.462605800,-2.118119039
1.462809200,-2.121985070
1.463012700,-2.117853003
1.463216100,-2.117719035
1.463419600,-2.117586968
1.463623000,-2.113453000
1.463826500,-2.113320932
1.464029900,-2.113186964
1.464233400,-2.113054897
1.464436800,-2.112920929
1.464640300,-2.112788861
1.464843700,-2.112654893
1.465047200,-2.108522826
1.465250700,-2.108390759
1.465454100,-2.108256791
1.465657600,-2.104124723
1.465861000,-2.103990755
1.466064500,-2.107858688
1.466267900,-2.103724720
1.466471400,-2.103592652
1.466674800,-2.103458684
1.466878300,-2.103326617
1.467081700,-2.099192649
1.467285200,-2.099060582
1.467488600,-2.098926614
1.467692100,-2.094794546
1.467895500,-2.094660578
1.468099000,-2.094528511
1.468302400,-2.090394543
1.468505900,-2.090262475
1.468709300,-2.090128507
1.468912800,-2.089996440
1.469116200,-2.081862472
1.469319700,-2.081730404
1.469523100,-2.081596436
1.469726600,-2.077464369
1.469930000,-2.077330401
1.470133500,-2.077198334
1.470336900,-2.069064366
1.470540400,-2.068932298
1.470743800,-2.068798330
1.470947300,-2.068666263
1.471150700,-2.060532295
1.471354200,-2.060400227
1.471557600,-2.060266259
1.471761100,-2.052134192
1.471964500,-2.052000224
1.472168000,-2.051868157
1.472371400,-2.043734189
1.472574900,-2.043602121
1.472778300,-2.043468153
1.472981800,-2.043336086
1.473185200,-2.035202118
1.473388700,-2.035070050
1.473592100,-2.030936082
1.473795600,-2.026804015
1.473999000,-2.022670047
1.474202500,-2.022537979
1.474405900,-2.014404011
1.474609400,-2.014271944
1.474812800,-2.014137976
1.475016300,-2.006005909
1.475219700,-2.001871941
1.475423200,-2.001739873
1.475626600,-2.001605905
1.475830100,-1.993473838
1.476033500,-1.989339870
1.476237000,-1.989207802
1.476440400,-1.981073834
1.476643900,-1.980941767
1.476847300,-1.976807799
1.477050800,-1.968675732
1.477254200,-1.968541764
1.477457700,-1.968409696
1.477661100,-1.964275728
1.477864600,-1.956143661
1.478068000,-1.956009693
1.478271500,-1.955877625
1.478474900,-1.947743657
1.478678400,-1.943611590
1.478881800,-1.943477622
1.479085300,-1.935345554
1.479288700,-1.935211586
1.479492200,-1.931079519
1.479695600,-1.930945551
1.479899100,-1.922813484
1.480102500,-1.922679516
1.480306000,-1.918547448
1.480509400,-1.914413480
1.480712900,-1.910281413
1.480916300,-1.910147445
1.481119800,-1.902015377
1.481323200,-1.901881409
1.481526700,-1.901749342
1.481730100,-1.897615374
1.481933600,-1.893483307
1.482137000,-1.893349339
1.482340500,-1.889217271
1.482543900,-1.885083303
1.482747400,-1.884951236
1.482950800,-1.884817268
1.483154300,-1.876685200
1.483357700,-1.876551232
1.483561200,-1.876419165
1.483764600,-1.876285197
1.483968100,-1.872153129
1.484171500,-1.872019161
1.484375000,-1.871887094
1.484578500,-1.867755027
1.484781900,-1.867621059
1.484985400,-1.867488991
1.485188800,-1.863355023
1.485392300,-1.863222956
1.485595700,-1.863088988
1.485799200,-1.862956920
1.486002600,-1.862822952
1.486206100,-1.862690885
1.486409500,-1.862556917
1.486613000,-1.862424850
1.486816400,-1.862290882
1.487019900,-1.866158814
1.487223300,-1.862024846
1.487426800,-1.865892779
1.487630200,-1.865758811
1.487833700,-1.865626743
1.488037100,-1.869492775
1.488240600,-1.869360708
1.488444000,-1.873226740
1.488647500,-1.873094673
1.488850900,-1.876960704
1.489054400,-1.876828637
1.489257800,-1.880694669
1.489461300,-1.880562602
1.489664700,-1.884428634
1.489868200,-1.888296566
1.490071600,-1.892162598
1.490275100,-1.896030531
1.490478500,-1.895896563
1.490682000,-1.899764495
1.490885400,-1.903630527
1.491088900,-1.907498460
1.491292300,-1.911364492
1.491495800,-1.915232425
1.491699200,-1.919098457
1.491902700,-1.922966389
1.492106100,-1.926832421
1.492309600,-1.934700354
1.492513000,-1.938566386
1.492716500,-1.942434318
1.492919900,-1.946300350
1.493123400,-1.950168283
1.493326800,-1.958034315
1.493530300,-1.961902248
1.493733700,-1.965768279
1.493937200,-1.973636212
1.494140600,-1.977502244
1.494344100,-1.981370177
1.494547500,-1.989236209
1.494751000,-1.993104141
1.494954400,-2.000970173
1.495157900,-2.004838106
1.495361300,-2.012704138
1.495564800,-2.016572070
1.495768200,-2.024438102
1.495971700,-2.028306035
1.496175100,-2.036172067
1.496378600,-2.040040000
1.496582000,-2.047906032
1.496785500,-2.051773964
1.496988900,-2.059639996
1.497192400,-2.063507929
1.497395800,-2.071373961
1.497599300,-2.075241893
1.497802700,-2.079107925
1.498006200,-2.086975858
1.498209600,-2.094841890
1.498413100,-2.098709823
1.498616500,-2.106575854
1.498820000,-2.110443787
1.499023400,-2.114309819
1.499226900,-2.122177752
1.499430300,-2.126043784
1.499633800,-2.133911716
1.499837200,-2.137777748
1.500040700,-2.145645681
1.500244100,-2.149511713
1.500447600,-2.153379645
1.500651000,-2.161245677
1.500854500,-2.165113610
1.501057900,-2.168979642
1.501261400,-2.176847575
1.501464800,-2.180713607
1.501668300,-2.184581539
1.501871700,-2.192447571
1.502075200,-2.196315504
1.502278600,-2.200181536
1.502482100,-2.208049468
1.502685500,-2.211915500
1.502889000,-2.215783433
1.503092400,-2.219649465
1.503295900,-2.227517398
1.503499300,-2.231383429
1.503702800,-2.235251362
1.503906200,-2.239117394
1.504109700,-2.246985327
1.504313200,-2.250853259
1.504516600,-2.254719291
1.504720100,-2.258587224
1.504923500,-2.266453256
1.505127000,-2.270321188
1.505330400,-2.274187220
1.505533900,-2.278055153
1.505737300,-2.285921185
1.505940800,-2.289789118
1.506144200,-2.293655150
1.506347700,-2.297523082
1.506551100,-2.301389114
1.506754600,-2.309257047
1.506958000,-2.313123079
1.507161500,-2.316991011
1.507364900,-2.324857043
1.507568400,-2.328724976
1.507771800,-2.332591008
1.507975300,-2.336458941
1.508178700,-2.344324973
1.508382200,-2.348192905
1.508585600,-2.352058937
1.508789100,-2.359926870
1.508992500,-2.363792902
1.509196000,-2.367660834
1.509399400,-2.375526866
1.509602900,-2.379394799
1.509806300,-2.383260831
1.510009800,-2.391128763
1.510213200,-2.394994795
1.510416700,-2.402862728
1.510620100,-2.406728760
1.510823600,-2.414596693
1.511027000,-2.418462725
1.511230500,-2.422330657
1.511433900,-2.430196689
1.511637400,-2.434064622
1.511840800,-2.441930654
1.512044300,-2.445798586
1.512247700,-2.453664618
1.512451200,-2.457532551
1.512654600,-2.465398583
1.512858100,-2.473266516
1.513061500,-2.477132548
1.513265000,-2.485000480
1.513468400,-2.488866512
1.513671900,-2.496734445
1.513875300,-2.500600477
1.514078800,-2.508468409
1.514282200,-2.516334441
1.514485700,-2.520202374
1.514689100,-2.524068406
1.514892600,-2.531936338
1.515096000,-2.539802370
1.515299500,-2.543670303
1.515502900,-2.551536335
1.515706400,-2.555404268
1.515909800,-2.563270300
1.516113300,-2.571138232
1.516316700,-2.575004264
1.516520200,-2.578872197
1.516723600,-2.586738229
1.516927100,-2.590606161
1.517130500,-2.598472193
1.517334000,-2.602340126
1.517537400,-2.610206158
1.517740900,-2.614074091
1.517944300,-2.617940123
1.518147800,-2.625808055
1.518351200,-2.629674087
1.518554700,-2.633542020
1.518758100,-2.637408052
1.518961600,-2.645275984
1.519165000,-2.649142016
1.519368500,-2.653009949
1.519571900,-2.656875981
1.519775400,-2.660743913
1.519978800,-2.664609945
1.520182300,-2.668477878
1.520385700,-2.672343910
1.520589200,-2.676211843
1.520792600,-2.680077875
1.520996100,-2.683945807
1.521199500,-2.687811839
1.521403000,-2.691679772
1.521606400,-2.691545804
1.521809900,-2.695413736
1.522013300,-2.699279768
1.522216800,-2.699147701
1.522420200,-2.703013733
1.522623700,-2.706881666
1.522827100,-2.706747697
1.523030600,-2.710615630
1.523234000,-2.710481662
1.523437500,-2.714349595
1.523641000,-2.714217527
1.523844400,-2.714083559
1.524047900,-2.717951492
1.524251300,-2.713817524
1.524454800,-2.717685457
1.524658200,-2.717551488
1.524861700,-2.717419421
1.525065100,-2.717285453
1.525268600,-2.717153386
1.525472000,-2.721019418
1.525675500,-2.716887350
1.525878900,-2.716753382
1.526082400,-2.716621315
1.526285800,-2.716487347
1.526489300,-2.716355279
1.526692700,-2.716221311
1.526896200,-2.712089244
1.527099600,-2.711955276
1.527303100,-2.711823209
1.527506500,-2.711689241
1.527710000,-2.707557173
1.527913400,-2.707423205
1.528116900,-2.707291138
1.528320300,-2.703157170
1.528523800,-2.703025102
1.528727200,-2.698891134
1.528930700,-2.694759067
1.529134100,-2.694625099
1.529337600,-2.694493032
1.529541000,-2.694359063
1.529744500,-2.686226996
1.529947900,-2.686093028
1.530151400,-2.685960961
1.530354800,-2.681826993
1.530558300,-2.677694925
1.530761700,-2.677560957
1.530965200,-2.673428890
1.531168600,-2.673294922
1.531372100,-2.669162854
1.531575500,-2.669028886
1.531779000,-2.664896819
1.531982400,-2.664762851
1.532185900,-2.660630784
1.532389300,-2.656496816
1.532592800,-2.656364748
1.532796200,-2.656230780
1.532999700,-2.648098713
1.533203100,-2.647964745
1.533406600,-2.647832677
1.533610000,-2.643698709
1.533813500,-2.639566642
1.534016900,-2.639432674
1.534220400,-2.639300607
1.534423800,-2.635166638
1.534627300,-2.635034571
1.534830700,-2.634900603
1.535034200,-2.630768536
1.535237600,-2.630634568
1.535441100,-2.630502500
1.535644500,-2.626368532
1.535848000,-2.626236465
1.536051400,-2.626102497
1.536254900,-2.625970429
1.536458300,-2.621836461
1.536661800,-2.621704394
1.536865200,-2.621570426
1.537068700,-2.617438359
1.537272100,-2.617304391
1.537475600,-2.621172323
1.537679000,-2.617038355
1.537882500,-2.616906288
1.538085900,-2.620772320
1.538289400,-2.620640252
1.538492800,-2.616506284
1.538696300,-2.620374217
1.538899700,-2.620240249
1.539103200,-2.620108182
1.539306600,-2.619974213
1.539510100,-2.623842146
1.539713500,-2.623708178
1.539917000,-2.623576111
1.540120400,-2.627442143
1.540323900,-2.627310075
1.540527300,-2.627176107
1.540730800,-2.631044040
1.540934200,-2.634910072
1.541137700,-2.634778004
1.541341100,-2.638644036
1.541544600,-2.642511969
1.541748000,-2.642378001
1.541951500,-2.646245934
1.542154900,-2.650111966
1.542358400,-2.649979898
1.542561800,-2.653845930
1.542765300,-2.657713863
1.542968700,-2.661579895
1.543172200,-2.665447827
1.543375700,-2.669315760
1.543579100,-2.673181792
1.543782600,-2.677049725
1.543986000,-2.680915757
1.544189500,-2.684783689
1.544392900,-2.692649721
1.544596400,-2.696517654
1.544799800,-2.700383686
1.545003300,-2.704251618
1.545206700,-2.712117650
1.545410200,-2.715985583
1.545613600,-2.719851615
1.545817100,-2.727719547
1.546020500,-2.731585579
1.546224000,-2.735453512
1.546427400,-2.743319544
1.546630900,-2.747187477
1.546834300,-2.755053509
1.547037800,-2.758921441
1.547241200,-2.766787473
1.547444700,-2.770655406
1.547648100,-2.778521438
1.547851600,-2.786389370
1.548055000,-2.790255402
1.548258500,-2.798123335
1.548461900,-2.801989367
1.548665400,-2.809857300
1.548868800,-2.813723332
1.549072300,-2.821591264
1.549275700,-2.829457296
1.549479200,-2.833325229
1.549682600,-2.841191261
1.549886100,-2.849059193
1.550089500,-2.852925225
1.550293000,-2.860793158
1.550496400,-2.868659190
1.550699900,-2.872527122
1.550903300,-2.880393154
1.551106800,-2.888261087
1.551310200,-2.892127119
1.551513700,-2.899995052
1.551717100,-2.903861084
1.551920600,-2.911729016
1.552124000,-2.915595048
1.552327500,-2.923462981
1.552530900,-2.931329013
1.552734400,-2.935196945
1.552937800,-2.939062977
1.553141300,-2.946930910
1.553344700,-2.950796942
1.553548200,-2.958664875
1.553751600,-2.962530907
1.553955100,-2.970398839
1.554158500,-2.974264871
1.554362000,-2.982132804
1.554565400,-2.985998836
1.554768900,-2.989866768
1.554972300,-2.997732800
1.555175800,-3.001600733
1.555379200,-3.005466765
1.555582700,-3.013334697
1.555786100,-3.017200729
1.555989600,-3.021068662
1.556193000,-3.028934694
1.556396500,-3.032802627
1.556599900,-3.036668659
1.556803400,-3.040536591
1.557006800,-3.044402623
1.557210300,-3.052270556
1.557413700,-3.056136588
1.557617200,-3.060004520
1.557820600,-3.063870552
1.558024100,-3.067738485
1.558227500,-3.071604517
1.558431000,-3.075472450
1.558634400,-3.079338482
1.558837900,-3.087206414
1.559041300,-3.091072446
1.559244800,-3.094940379
1.559448200,-3.098806411
1.559651700,-3.102674343
1.559855100,-3.106540375
1.560058600,-3.110408308
1.560262000,-3.114274340
1.560465500,-3.118142272
1.560668900,-3.122008304
1.560872400,-3.125876237
1.561075800,-3.129742269
1.561279300,-3.133610202
1.561482700,-3.137476234
1.561686200,-3.141344166
1.561889600,-3.145210198
1.562093100,-3.149078131
1.562296500,-3.152944163
1.562500000,-3.156812095
1.562703500,-3.160680028
1.562906900,-3.164546060
1.563110400,-3.168413993
1.563313800,-3.172280025
1.563517300,-3.176147957
1.563720700,-3.180013989
1.563924200,-3.183881922
1.564127600,-3.187747954
1.564331100,-3.187615886
1.564534500,-3.191481918
1.564738000,-3.195349851
1.564941400,-3.199215883
1.565144900,-3.203083816
1.565348300,-3.206949847
1.565551800,-3.210817780
1.565755200,-3.214683812
1.565958700,-3.218551745
1.566162100,-3.222417777
1.566365600,-3.226285709
1.566569000,-3.230151741
1.566772500,-3.234019674
1.566975900,-3.233885706
1.567179400,-3.237753638
1.567382800,-3.241619670
1.567586300,-3.245487603
1.567789700,-3.249353635
1.567993200,-3.253221568
1.568196600,-3.257087600
1.568400100,-3.260955532
1.568603500,-3.260821564
1.568807000,-3.264689497
1.569010400,-3.268555529
1.569213900,-3.272423461
1.569417300,-3.276289493
1.569620800,-3.276157426
1.569824200,-3.280023458
1.570027700,-3.283891391
1.570231100,-3.287757422
1.570434600,-3.291625355
1.570638000,-3.291491387
1.570841500,-3.295359320
1.571044900,-3.299225352
1.571248400,-3.303093284
1.571451800,-3.302959316
1.571655300,-3.306827249
1.571858700,-3.310693281
1.572062200,-3.310561213
1.572265600,-3.314427245
1.572469100,-3.318295178
1.572672500,-3.318161210
1.572876000,-3.322029143
1.573079400,-3.325895175
1.573282900,-3.329763107
1.573486300,-3.329629139
1.573689800,-3.333497072
1.573893200,-3.337363104
1.574096700,-3.337231036
1.574300100,-3.341097068
1.574503600,-3.344965001
1.574707000,-3.344831033
1.574910500,-3.348698966
1.575113900,-3.352564997
1.575317400,-3.356432930
1.575520800,-3.356298962
1.575724300,-3.360166895
1.575927700,-3.364032927
1.576131200,-3.363900859
1.576334600,-3.367766891
1.576538100,-3.371634824
1.576741500,-3.375500856
1.576945000,-3.379368788
1.577148400,-3.379234820
1.577351900,-3.383102753
1.577555300,-3.386968785
1.577758800,-3.390836718
1.577962200,-3.394702750
1.578165700,-3.398570682
1.578369100,-3.402436714
1.578572600,-3.402304647
1.578776000,-3.406170679
1.578979500,-3.410038611
1.579182900,-3.413904643
1.579386400,-3.417772576
1.579589800,-3.421638608
1.579793300,-3.425506541
1.579996700,-3.429372572
1.580200200,-3.433240505
1.580403600,-3.437106537
1.580607100,-3.444974470
1.580810500,-3.448840502
1.581014000,-3.452708434
1.581217400,-3.456574466
1.581420900,-3.460442399
1.581624300,-3.464308431
1.581827800,-3.472176363
1.582031200,-3.476042395
1.582234700,-3.479910328
1.582438200,-3.483778261
1.582641600,-3.487644293
1.582845100,-3.495512225
1.583048500,-3.499378257
1.583252000,-3.503246190
1.583455400,-3.511112222
1.583658900,-3.514980154
1.583862300,-3.518846186
1.584065800,-3.526714119
1.584269200,-3.530580151
1.584472700,-3.538448084
1.584676100,-3.542314116
1.584879600,-3.546182048
1.585083000,-3.554048080
1.585286500,-3.557916013
1.585489900,-3.565782045
1.585693400,-3.569649977
1.585896800,-3.573516009
1.586100300,-3.581383942
1.586303700,-3.585249974
1.586507200,-3.593117906
1.586710600,-3.596983938
1.586914100,-3.604851871
1.587117500,-3.608717903
1.587321000,-3.612585836
1.587524400,-3.620451868
1.587727900,-3.624319800
1.587931300,-3.632185832
1.588134800,-3.636053765
1.588338200,-3.643919797
1.588541700,-3.647787729
1.588745100,-3.651653761
1.588948600,-3.659521694
1.589152000,-3.663387726
1.589355500,-3.671255659
1.589558900,-3.675121691
1.589762400,-3.678989623
1.589965800,-3.686855655
1.590169300,-3.690723588
1.590372700,-3.694589620
1.590576200,-3.702457552
1.590779600,-3.706323584
1.590983100,-3.714191517
1.591186500,-3.718057549
1.591390000,-3.721925481
1.591593400,-3.725791513
1.591796900,-3.733659446
1.592000300,-3.737525478
1.592203800,-3.741393411
1.592407200,-3.749259443
1.592610700,-3.753127375
1.592814100,-3.756993407
1.593017600,-3.764861340
1.593221000,-3.768727372
1.593424500,-3.772595304
1.593627900,-3.776461336
1.593831400,-3.784329269
1.594034800,-3.788195301
1.594238300,-3.792063234
1.594441700,-3.795929266
1.594645200,-3.803797198
1.594848600,-3.807663230
1.595052100,-3.811531163
1.595255500,-3.819397195
1.595459000,-3.823265127
1.595662400,-3.827131159
1.595865900,-3.830999092
1.596069300,-3.838865124
1.596272800,-3.842733056
1.596476200,-3.846599088
1.596679700,-3.854467021
1.596883100,-3.858333053
1.597086600,-3.866200986
1.597290000,-3.870067018
1.597493500,-3.873934950
1.597696900,-3.881800982
1.597900400,-3.885668915
1.598103800,-3.889534947
1.598307300,-3.897402879
1.598510700,-3.901268911
1.598714200,-3.909136844
1.598917600,-3.917002876
1.599121100,-3.920870809
1.599324500,-3.924736841
1.599528000,-3.932604773
1.599731400,-3.940470805
1.599934900,-3.944338738
1.600138300,-3.952204770
1.600341800,-3.960072702
1.600545200,-3.963938734
1.600748700,-3.971806667
1.600952100,-3.979672699
1.601155600,-3.983540631
1.601359000,-3.991406663
1.601562500,-3.999274596
1.601766000,-4.007142529
1.601969400,-4.011008561
1.602172900,-4.018876493
1.602376300,-4.026742525
1.602579800,-4.034610458
1.602783200,-4.042476490
1.602986700,-4.054344422
1.603190100,-4.058210454
1.603393600,-4.066078387
1.603597000,-4.073944419
1.603800500,-4.085812352
1.604003900,-4.093678384
1.604207400,-4.097546316
1.604410800,-4.109412348
1.604614300,-4.117280281
1.604817700,-4.125146313
1.605021200,-4.137014245
1.605224600,-4.144880277
1.605428100,-4.156748210
1.605631500,-4.164614242
1.605835000,-4.176482175
1.606038400,-4.184348206
1.606241900,-4.192216139
1.606445300,-4.208082171
1.606648800,-4.215950104
1.606852200,-4.223816136
1.607055700,-4.239684068
1.607259100,-4.247550100
1.607462600,-4.255418033
1.607666000,-4.267284065
1.607869500,-4.283151997
1.608072900,-4.291018029
1.608276400,-4.298885962
1.608479800,-4.314751994
1.608683300,-4.326619927
1.608886700,-4.334485959
1.609090200,-4.350353891
1.609293600,-4.362219923
1.609497100,-4.370087856
1.609700500,-4.389953888
1.609904000,-4.397821820
1.610107400,-4.409687852
1.610310900,-4.417555785
1.610514300,-4.437421817
1.610717800,-4.445289750
1.610921200,-4.457155781
1.611124700,-4.473023714
1.611328100,-4.484889746
1.611531600,-4.496757679
1.611735000,-4.512623711
1.611938500,-4.524491643
1.612141900,-4.536357675
1.612345400,-4.544225608
1.612548800,-4.564091640
1.612752300,-4.571959572
1.612955700,-4.583825604
1.613159200,-4.599693537
1.613362600,-4.611559569
1.613566100,-4.619427502
1.613769500,-4.639293534
1.613973000,-4.647161466
1.614176400,-4.659027498
1.614379900,-4.666895431
1.614583300,-4.682761463
1.614786800,-4.694629395
1.614990200,-4.702495427
1.615193700,-4.718363360
1.615397100,-4.730229392
1.615600600,-4.738097325
1.615804000,-4.753963356
1.616007500,-4.761831289
1.616210900,-4.769697321
1.616414400,-4.781565254
1.616617800,-4.793431286
1.616821300,-4.801299218
1.617024700,-4.809165250
1.617228200,-4.821033183
1.617431600,-4.828899215
1.617635100,-4.836767147
1.617838500,-4.848633179
1.618042000,-4.856501112
1.618245400,-4.864367144
1.618448900,-4.872235077
1.618652300,-4.880101109
1.618855800,-4.887969041
1.619059200,-4.891835073
1.619262700,-4.899703006
1.619466100,-4.907569038
1.619669600,-4.911436970
1.619873000,-4.919303002
1.620076500,-4.923170935
1.620279900,-4.927036967
1.620483400,-4.934904900
1.620686800,-4.938770931
1.620890300,-4.942638864
1.621093700,-4.946504896
1.621297200,-4.950372829
1.621500700,-4.954240761
1.621704100,-4.958106793
1.621907600,-4.957974726
1.622111000,-4.961840758
1.622314500,-4.965708690
1.622517900,-4.965574722
1.622721400,-4.969442655
1.622924800,-4.969308687
1.623128300,-4.973176620
1.623331700,-4.973042652
1.623535200,-4.972910584
1.623738600,-4.976776616
1.623942100,-4.976644549
1.624145500,-4.976510581
1.624349000,-4.976378513
1.624552400,-4.976244545
1.624755900,-4.976112478
1.624959300,-4.975978510
1.625162800,-4.975846443
1.625366200,-4.975712475
1.625569700,-4.975580407
1.625773100,-4.975446439
1.625976600,-4.971314372
1.626180000,-4.971180404
1.626383500,-4.971048336
1.626586900,-4.966914368
1.626790400,-4.966782301
1.626993800,-4.966648333
1.627197300,-4.966516265
1.627400700,-4.962382297
1.627604200,-4.962250230
1.627807600,-4.962116262
1.628011100,-4.957984195
1.628214500,-4.957850227
1.628418000,-4.953718159
1.628621400,-4.949584191
1.628824900,-4.949452124
1.629028300,-4.949318156
1.629231800,-4.945186088
1.629435200,-4.945052120
1.629638700,-4.944920053
1.629842100,-4.944786085
1.630045600,-4.936654018
1.630249000,-4.936520050
1.630452500,-4.936387982
1.630655900,-4.932254014
1.630859400,-4.932121947
1.631062800,-4.931987979
1.631266300,-4.927855911
1.631469700,-4.927721943
1.631673200,-4.927589876
1.631876600,-4.923455908
1.632080100,-4.919323840
1.632283500,-4.919189872
1.632487000,-4.919057805
1.632690400,-4.914923837
1.632893900,-4.914791770
1.633097300,-4.914657802
1.633300800,-4.910525734
1.633504200,-4.910391766
1.633707700,-4.910259699
1.633911100,-4.910125731
1.634114600,-4.905993663
1.634318000,-4.905859695
1.634521500,-4.905727628
1.634724900,-4.901593660
1.634928400,-4.901461593
1.635131800,-4.901327625
1.635335300,-4.897195557
1.635538700,-4.893061589
1.635742200,-4.892929522
1.635945600,-4.892795554
1.636149100,-4.888663486
1.636352500,-4.888529518
1.636556000,-4.888397451
1.636759400,-4.884263483
1.636962900,-4.884131415
1.637166300,-4.883997447
1.637369800,-4.879865380
1.637573200,-4.879731412
1.637776700,-4.879599345
1.637980100,-4.875465377
1.638183600,-4.875333309
1.638387000,-4.875199341
1.638590500,-4.871067274
1.638793900,-4.866933306
1.638997400,-4.866801238
1.639200800,-4.866667270
1.639404300,-4.862535203
1.639607700,-4.862401235
1.639811200,-4.862269168
1.640014600,-4.854135200
1.640218100,-4.854003132
1.640421500,-4.853869164
1.640625000,-4.853737097
1.640828500,-4.845605029
1.641031900,-4.845471061
1.641235400,-4.845338994
1.641438800,-4.841205026
1.641642300,-4.837072959
1.641845700,-4.836938990
1.642049200,-4.832806923
1.642252600,-4.828672955
1.642456100,-4.828540888
1.642659500,-4.828406920
1.642863000,-4.820274852
1.643066400,-4.820140884
1.643269900,-4.820008817
1.643473300,-4.811874849
1.643676800,-4.811742781
1.643880200,-4.811608813
1.644083700,-4.803476746
1.644287100,-4.803342778
1.644490600,-4.799210711
1.644694000,-4.799076743
1.644897500,-4.794944675
1.645100900,-4.790810707
1.645304400,-4.790678640
1.645507800,-4.782544672
1.645711300,-4.782412604
1.645914700,-4.782278636
1.646118200,-4.774146569
1.646321600,-4.770012601
1.646525100,-4.769880534
1.646728500,-4.761746565
1.646932000,-4.761614498
1.647135400,-4.761480530
1.647338900,-4.757348463
1.647542300,-4.749214495
1.647745800,-4.749082427
1.647949200,-4.748948459
1.648152700,-4.740816392
1.648356100,-4.740682424
1.648559600,-4.736550356
1.648763000,-4.728416388
1.648966500,-4.728284321
1.649169900,-4.728150353
1.649373400,-4.724018286
1.649576800,-4.719884318
1.649780300,-4.715752250
1.649983700,-4.715618282
1.650187200,-4.707486215
1.650390600,-4.707352247
1.650594100,-4.703220179
1.650797500,-4.699086211
1.651001000,-4.694954144
1.651204400,-4.694820176
1.651407900,-4.694688109
1.651611300,-4.686554140
1.651814800,-4.686422073
1.652018200,-4.682288105
1.652221700,-4.678156038
1.652425100,-4.674022070
1.652628600,-4.673890002
1.652832000,-4.669756034
1.653035500,-4.665623967
1.653238900,-4.665489999
1.653442400,-4.665357931
1.653645800,-4.657223963
1.653849300,-4.657091896
1.654052700,-4.656957928
1.654256200,-4.648825861
1.654459600,-4.648691893
1.654663100,-4.648559825
1.654866500,-4.644425857
1.655070000,-4.644293790
1.655273400,-4.644159822
1.655476900,-4.640027754
1.655680300,-4.635893786
1.655883800,-4.635761719
1.656087200,-4.635627751
1.656290700,-4.631495684
1.656494100,-4.631361715
1.656697600,-4.631229648
1.656901000,-4.627095680
1.657104500,-4.626963613
1.657307900,-4.626829645
1.657511400,-4.622697577
1.657714800,-4.622563609
1.657918300,-4.622431542
1.658121700,-4.622297574
1.658325200,-4.618165506
1.658528600,-4.618031538
1.658732100,-4.621899471
1.658935500,-4.617765503
1.659139000,-4.617633436
1.659342400,-4.617499468
1.659545900,-4.617367400
1.659749300,-4.617233432
1.659952800,-4.617101365
1.660156200,-4.616967397
1.660359700,-4.616835329
1.660563200,-4.616703262
1.660766600,-4.616569294
1.660970100,-4.616437227
1.661173500,-4.616303259
1.661377000,-4.616171191
1.661580400,-4.616037223
1.661783900,-4.615905156
1.661987300,-4.619771188
1.662190800,-4.619639120
1.662394200,-4.619505152
1.662597700,-4.619373085
1.662801100,-4.619239117
1.663004600,-4.619107049
1.663208000,-4.618973081
1.663411500,-4.622841014
1.663614900,-4.618707046
1.663818400,-4.622574979
1.664021800,-4.622441011
1.664225300,-4.626308943
1.664428700,-4.622174975
1.664632200,-4.626042908
1.664835600,-4.625908940
1.665039100,-4.625776872
1.665242500,-4.625642904
1.665446000,-4.629510837
1.665649400,-4.625376869
1.665852900,-4.629244802
1.666056300,-4.629110834
1.666259800,-4.628978766
1.666463200,-4.628844798
1.666666700,-4.632712731
1.666870100,-4.632578763
1.667073600,-4.632446695
1.667277000,-4.632312727
1.667480500,-4.636180660
1.667683900,-4.636046692
1.667887400,-4.635914624
1.668090800,-4.635780656
1.668294300,-4.635648589
1.668497700,-4.635514621
1.668701200,-4.639382554
1.668904600,-4.639248586
1.669108100,-4.639116518
1.669311500,-4.638982550
1.669515000,-4.642850483
1.669718400,-4.638716515
1.669921900,-4.642584447
1.670125300,-4.642450479
1.670328800,-4.642318412
1.670532200,-4.642184444
1.670735700,-4.646052377
1.670939100,-4.645918409
1.671142600,-4.645786341
1.671346000,-4.645652373
1.671549500,-4.645520306
1.671752900,-4.645386338
1.671956400,-4.649254270
1.672159800,-4.649120302
1.672363300,-4.648988235
1.672566700,-4.648854267
1.672770200,-4.648722199
1.672973600,-4.652588231
1.673177100,-4.652456164
1.673380500,-4.652322196
1.673584000,-4.652190129
1.673787400,-4.652056161
1.673990900,-4.655924093
1.674194300,-4.655790125
1.674397800,-4.655658058
1.674601200,-4.655524090
1.674804700,-4.659392022
1.675008100,-4.655258054
1.675211600,-4.659125987
1.675415000,-4.658992019
1.675618500,-4.662859952
1.675821900,-4.662725984
1.676025400,-4.662593916
1.676228800,-4.662459948
1.676432300,-4.662327881
1.676635700,-4.666193913
1.676839200,-4.666061845
1.677042600,-4.665927877
1.677246100,-4.665795810
1.677449500,-4.669661842
1.677653000,-4.669529774
1.677856400,-4.669395806
1.678059900,-4.673263739
1.678263300,-4.673129771
1.678466800,-4.672997704
1.678670200,-4.672863736
1.678873700,-4.676731668
1.679077100,-4.676597700
1.679280600,-4.676465633
1.679484000,-4.680331665
1.679687500,-4.680199597
1.679891000,-4.680067530
1.680094400,-4.679933562
1.680297900,-4.683801495
1.680501300,-4.683667527
1.680704800,-4.683535459
1.680908200,-4.687401491
1.681111700,-4.687269424
1.681315100,-4.687135456
1.681518600,-4.691003388
1.681722000,-4.690869420
1.681925500,-4.690737353
1.682128900,-4.690603385
1.682332400,-4.694471318
1.682535800,-4.694337349
1.682739300,-4.694205282
1.682942700,-4.698071314
1.683146200,-4.697939247
1.683349600,-4.697805279
1.683553100,-4.697673211
1.683756500,-4.701539243
1.683960000,-4.701407176
1.684163400,-4.701273208
1.684366900,-4.705141140
1.684570300,-4.705007172
1.684773800,-4.704875105
1.684977200,-4.708741137
1.685180700,-4.704609070
1.685384100,-4.708475102
1.685587600,-4.708343034
1.685791000,-4.708209066
1.685994500,-4.712076999
1.686197900,-4.711943031
1.686401400,-4.715810963
1.686604800,-4.711676995
1.686808300,-4.715544928
1.687011700,-4.715410960
1.687215200,-4.715278893
1.687418600,-4.719144924
1.687622100,-4.719012857
1.687825500,-4.718878889
1.688029000,-4.718746822
1.688232400,-4.722612854
1.688435900,-4.722480786
1.688639300,-4.722346818
1.688842800,-4.722214751
1.689046200,-4.726080783
1.689249700,-4.721948715
1.689453100,-4.725814747
1.689656600,-4.725682680
1.689860000,-4.725548712
1.690063500,-4.725416645
1.690266900,-4.729282677
1.690470400,-4.729150609
1.690673800,-4.729016641
1.690877300,-4.728884574
1.691080700,-4.732750606
1.691284200,-4.728618538
1.691487600,-4.732484570
1.691691100,-4.732352503
1.691894500,-4.732218535
1.692098000,-4.732086468
1.692301400,-4.731952499
1.692504900,-4.735820432
1.692708300,-4.735686464
1.692911800,-4.735554397
1.693115200,-4.735420429
1.693318700,-4.735288361
1.693522100,-4.735154393
1.693725600,-4.739022326
1.693929000,-4.734888358
1.694132500,-4.738756290
1.694335900,-4.738622322
1.694539400,-4.738490255
1.694742800,-4.738356287
1.694946300,-4.738224220
1.695149700,-4.742090252
1.695353200,-4.737958184
1.695556600,-4.741824216
1.695760100,-4.741692149
1.695963500,-4.741558181
1.696167000,-4.741426113
1.696370400,-4.745292145
1.696573900,-4.741160078
1.696777300,-4.745026110
1.696980800,-4.744894043
1.697184200,-4.744760074
1.697387700,-4.744628007
1.697591100,-4.748494039
1.697794600,-4.748361972
1.697998000,-4.748228004
1.698201500,-4.752095936
1.698404900,-4.751961968
1.698608400,-4.751829901
1.698811800,-4.755695933
1.699015300,-4.755563865
1.699218700,-4.759429897
1.699422200,-4.759297830
1.699625700,-4.759165763
1.699829100,-4.763031795
1.700032600,-4.762899727
1.700236000,-4.766765759
1.700439500,-4.766633692
1.700642900,-4.770499724
1.700846400,-4.774367656
1.701049800,-4.774233688
1.701253300,-4.778101621
1.701456700,-4.777967653
1.701660200,-4.781835586
1.701863600,-4.785701618
1.702067100,-4.789569550
1.702270500,-4.793435582
1.702474000,-4.793303515
1.702677400,-4.797169547
1.702880900,-4.801037479
1.703084300,-4.804903511
1.703287800,-4.808771444
1.703491200,-4.812637476
1.703694700,-4.816505408
1.703898100,-4.820371440
1.704101600,-4.824239373
1.704305000,-4.828105405
1.704508500,-4.831973338
1.704711900,-4.839839370
1.704915400,-4.843707302
1.705118800,-4.847573334
1.705322300,-4.851441267
1.705525700,-4.855307299
1.705729200,-4.863175231
1.705932600,-4.867041263
1.706136100,-4.870909196
1.706339500,-4.878775228
1.706543000,-4.882643161
1.706746400,-4.890509193
1.706949900,-4.894377125
1.707153300,-4.898243157
1.707356800,-4.906111090
1.707560200,-4.909977122
1.707763700,-4.917845054
1.707967100,-4.921711086
1.708170600,-4.929579019
1.708374000,-4.933445051
1.708577500,-4.941312983
1.708780900,-4.945179015
1.708984400,-4.953046948
1.709187800,-4.956912980
1.709391300,-4.964780913
1.709594700,-4.968646945
1.709798200,-4.976514877
1.710001600,-4.980380909
1.710205100,-4.988248842
1.710408500,-4.992114874
1.710612000,-4.999982806
1.710815400,-5.003848838
1.711018900,-5.011716771
1.711222300,-5.015582803
1.711425800,-5.023450736
1.711629200,-5.027316768
1.711832700,-5.031184700
1.712036100,-5.039050732
1.712239600,-5.042918665
1.712443000,-5.050784697
1.712646500,-5.054652629
1.712849900,-5.058518661
1.713053400,-5.066386594
1.713256800,-5.070252626
1.713460300,-5.074120558
1.713663700,-5.077986590
1.713867200,-5.085854523
1.714070600,-5.089720555
1.714274100,-5.093588488
1.714477500,-5.097454520
1.714681000,-5.101322452
1.714884400,-5.109188484
1.715087900,-5.113056417
1.715291300,-5.116922449
1.715494800,-5.120790381
1.715698200,-5.124656413
1.715901700,-5.128524346
1.716105100,-5.132390378
1.716308600,-5.136258311
1.716512000,-5.140124343
1.716715500,-5.143992275
1.716918900,-5.147858307
1.717122400,-5.151726240
1.717325800,-5.155592272
1.717529300,-5.155460204
1.717732700,-5.159326236
1.717936200,-5.163194169
1.718139600,-5.167060201
1.718343100,-5.170928133
1.718546500,-5.170794165
1.718750000,-5.174662098
1.718953500,-5.178530031
1.719156900,-5.182396063
1.719360400,-5.182263995
1.719563800,-5.186130027
1.719767300,-5.189997960
1.719970700,-5.189863992
1.720174200,-5.193731924
1.720377600,-5.193597956
1.720581100,-5.197465889
1.720784500,-5.201331921
1.720988000,-5.201199854
1.721191400,-5.205065886
1.721394900,-5.204933818
1.721598300,-5.204799850
1.721801800,-5.208667783
1.722005200,-5.212533815
1.722208700,-5.212401747
1.722412100,-5.212267779
1.722615600,-5.216135712
1.722819000,-5.216001744
1.723022500,-5.215869677
1.723225900,-5.219735708
1.723429400,-5.219603641
1.723632800,-5.219469673
1.723836300,-5.219337606
1.724039700,-5.223203638
1.724243200,-5.223071570
1.724446600,-5.222937602
1.724650100,-5.222805535
1.724853500,-5.222671567
1.725057000,-5.222539499
1.725260400,-5.222405531
1.725463900,-5.226273464
1.725667300,-5.222139496
1.725870800,-5.222007429
1.726074200,-5.221873461
1.726277700,-5.221741393
1.726481100,-5.221607425
1.726684600,-5.221475358
1.726888000,-5.217341390
1.727091500,-5.217209322
1.727294900,-5.217075354
1.727498400,-5.216943287
1.727701800,-5.212809319
1.727905300,-5.212677252
1.728108700,-5.212543283
1.728312200,-5.208411216
1.728515600,-5.208277248
1.728719100,-5.208145181
1.728922500,-5.200011213
1.729126000,-5.199879145
1.729329400,-5.199745177
1.729532900,-5.199613110
1.729736300,-5.191479142
1.729939800,-5.191347074
1.730143200,-5.191213106
1.730346700,-5.183081039
1.730550100,-5.182947071
1.730753600,-5.182815004
1.730957000,-5.174681036
1.731160500,-5.174548968
1.731363900,-5.170415000
1.731567400,-5.170282933
1.731770800,-5.162148965
1.731974300,-5.162016897
1.732177700,-5.157882929
1.732381200,-5.153750862
1.732584600,-5.149616894
1.732788100,-5.149484827
1.732991500,-5.141350858
1.733195000,-5.141218791
1.733398400,-5.137084823
1.733601900,-5.128952756
1.733805300,-5.128818788
1.734008800,-5.128686720
1.734212200,-5.124552752
1.734415700,-5.116420685
1.734619100,-5.116286717
1.734822600,-5.116154649
1.735026000,-5.108020681
1.735229500,-5.103888614
1.735432900,-5.103754646
1.735636400,-5.095622579
1.735839800,-5.095488611
1.736043300,-5.095356543
1.736246700,-5.091222575
1.736450200,-5.087090508
1.736653600,-5.082956540
1.736857100,-5.082824472
1.737060500,-5.074690504
1.737264000,-5.074558437
1.737467400,-5.074424469
1.737670900,-5.066292402
1.737874300,-5.066158433
1.738077800,-5.066026366
1.738281200,-5.061892398
1.738484700,-5.057760331
1.738688200,-5.057628263
1.738891600,-5.053494295
1.739095100,-5.049362228
1.739298500,-5.049228260
1.739502000,-5.049096192
1.739705400,-5.040962224
1.739908900,-5.040830157
1.740112300,-5.040696189
1.740315800,-5.040564122
1.740519200,-5.036430154
1.740722700,-5.036298086
1.740926100,-5.036164118
1.741129600,-5.032032051
1.741333000,-5.027898083
1.741536500,-5.027766015
1.741739900,-5.023632047
1.741943400,-5.023499980
1.742146800,-5.023366012
1.742350300,-5.019233945
1.742553700,-5.023099977
1.742757200,-5.022967909
1.742960600,-5.022833941
1.743164100,-5.018701874
1.743367500,-5.018567906
1.743571000,-5.018435838
1.743774400,-5.014301870
1.743977900,-5.018169803
1.744181300,-5.018035835
1.744384800,-5.013903767
1.744588200,-5.013769799
1.744791700,-5.013637732
1.744995100,-5.017503764
1.745198600,-5.013371697
1.745402000,-5.013237729
1.745605500,-5.017105661
1.745808900,-5.012971693
1.746012400,-5.012839626
1.746215800,-5.016705658
1.746419300,-5.012573590
1.746622700,-5.016439622
1.746826200,-5.016307555
1.747029600,-5.016173587
1.747233100,-5.016041520
1.747436500,-5.015907552
1.747640000,-5.019775484
1.747843400,-5.015641516
1.748046900,-5.019509449
1.748250300,-5.019375481
1.748453800,-5.019243413
1.748657200,-5.019109445
1.748860700,-5.022977378
1.749064100,-5.022843410
1.749267600,-5.022711342
1.749471000,-5.022577374
1.749674500,-5.026445307
1.749877900,-5.026311339
1.750081400,-5.026179272
1.750284800,-5.030045304
1.750488300,-5.025913236
1.750691700,-5.029779268
1.750895200,-5.029647201
1.751098600,-5.033513233
1.751302100,-5.033381165
1.751505500,-5.033247197
1.751709000,-5.037115130
1.751912400,-5.032981162
1.752115900,-5.036849095
1.752319300,-5.036715127
1.752522800,-5.036583059
1.752726200,-5.040449091
1.752929700,-5.040317024
1.753133100,-5.040183056
1.753336600,-5.040050988
1.753540000,-5.043917020
1.753743500,-5.043784953
1.753946900,-5.043650985
1.754150400,-5.047518917
1.754353800,-5.047384949
1.754557300,-5.047252882
1.754760700,-5.047118914
1.754964200,-5.050986847
1.755167600,-5.050852879
1.755371100,-5.050720811
1.755574500,-5.050586843
1.755778000,-5.054454776
1.755981400,-5.054320808
1.756184900,-5.054188740
1.756388300,-5.058054772
1.756591800,-5.053922705
1.756795200,-5.057788737
1.756998700,-5.057656670
1.757202100,-5.057522702
1.757405600,-5.061390634
1.757609000,-5.061256666
1.757812500,-5.065124599
1.758016000,-5.064992531
1.758219400,-5.064858563
1.758422900,-5.068726496
1.758626300,-5.068592528
1.758829800,-5.068460461
1.759033200,-5.072326492
1.759236700,-5.072194425
1.759440100,-5.072060457
1.759643600,-5.075928390
1.759847000,-5.075794422
1.760050500,-5.075662354
1.760253900,-5.079528386
1.760457400,-5.083396319
1.760660800,-5.083262351
1.760864300,-5.083130283
1.761067700,-5.086996315
1.761271200,-5.086864248
1.761474600,-5.090730280
1.761678100,-5.094598213
1.761881500,-5.094464245
1.762085000,-5.098332177
1.762288400,-5.098198209
1.762491900,-5.102066142
1.762695300,-5.105932174
1.762898800,-5.105800106
1.763102200,-5.109666138
1.763305700,-5.113534071
1.763509100,-5.117400103
1.763712600,-5.117268036
1.763916000,-5.121134067
1.764119500,-5.125002000
1.764322900,-5.128868032
1.764526400,-5.132735965
1.764729800,-5.132601997
1.764933300,-5.136469929
1.765136700,-5.140335961
1.765340200,-5.144203894
1.765543600,-5.148069926
1.765747100,-5.151937858
1.765950500,-5.155803890
1.766154000,-5.159671823
1.766357400,-5.163537855
1.766560900,-5.167405788
1.766764300,-5.171271820
1.766967800,-5.175139752
1.767171200,-5.179005784
1.767374700,-5.182873717
1.767578100,-5.186739749
1.767781600,-5.190607681
1.767985000,-5.194473713
1.768188500,-5.198341646
1.768391900,-5.202207678
1.768595400,-5.206075611
1.768798800,-5.209941642
1.769002300,-5.213809575
1.769205700,-5.217675607
1.769409200,-5.225543540
1.769612600,-5.229409572
1.769816100,-5.233277504
1.770019500,-5.237143536
1.770223000,-5.241011469
1.770426400,-5.244877501
1.770629900,-5.248745433
1.770833300,-5.252611465
1.771036800,-5.256479398
1.771240200,-5.260345430
1.771443700,-5.264213363
1.771647100,-5.268079395
1.771850600,-5.271947327
1.772054000,-5.275813359
1.772257500,-5.279681292
1.772460900,-5.283547324
1.772664400,-5.287415256
1.772867800,-5.291281288
1.773071300,-5.291149221
1.773274700,-5.295015253
1.773478200,-5.298883186
1.773681600,-5.302749217
1.773885100,-5.306617150
1.774088500,-5.310483182
1.774292000,-5.310351115
1.774495400,-5.314217147
1.774698900,-5.318085079
1.774902300,-5.321951111
1.775105800,-5.321819044
1.775309200,-5.325685076
1.775512700,-5.329553008
1.775716100,-5.329419040
1.775919600,-5.333286973
1.776123000,-5.337153005
1.776326500,-5.337020938
1.776529900,-5.340886970
1.776733400,-5.340754902
1.776936800,-5.344620934
1.777140300,-5.348488867
1.777343700,-5.348354899
1.777547200,-5.352222831
1.777750700,-5.352090764
1.777954100,-5.355956796
1.778157600,-5.355824729
1.778361000,-5.359690761
1.778564500,-5.359558693
1.778767900,-5.359424725
1.778971400,-5.363292658
1.779174800,-5.363158690
1.779378300,-5.367026622
1.779581700,-5.366892654
1.779785200,-5.366760587
1.779988600,-5.370626619
1.780192100,-5.370494551
1.780395500,-5.370360583
1.780599000,-5.374228516
1.780802400,-5.374094548
1.781005900,-5.373962481
1.781209300,-5.377828513
1.781412800,-5.377696445
1.781616200,-5.377562477
1.781819700,-5.377430410
1.782023100,-5.381296442
1.782226600,-5.381164374
1.782430000,-5.381030406
1.782633500,-5.384898339
1.782836900,-5.380764371
1.783040400,-5.384632304
1.783243800,-5.384498336
1.783447300,-5.384366268
1.783650700,-5.384232300
1.783854200,-5.388100233
1.784057600,-5.387966265
1.784261100,-5.387834197
1.784464500,-5.387700229
1.784668000,-5.387568162
1.784871400,-5.387434194
1.785074900,-5.387302126
1.785278300,-5.387168158
1.785481800,-5.387036091
1.785685200,-5.386902123
1.785888700,-5.390770056
1.786092100,-5.390636088
1.786295600,-5.386504020
1.786499000,-5.390370052
1.786702500,-5.390237985
1.786905900,-5.390104017
1.787109400,-5.389971949
1.787312800,-5.389837981
1.787516300,-5.389705914
1.787719700,-5.389571946
1.787923200,-5.389439879
1.788126600,-5.389305911
1.788330100,-5.389173843
1.788533500,-5.389039875
1.788737000,-5.388907808
1.788940400,-5.388773840
1.789143900,-5.388641772
1.789347300,-5.388507804
1.789550800,-5.388375737
1.789754200,-5.388241769
1.789957700,-5.388109701
1.790161100,-5.387975733
1.790364600,-5.387843666
1.790568000,-5.387709698
1.790771500,-5.387577631
1.790974900,-5.387443663
1.791178400,-5.387311595
1.791381800,-5.391177627
1.791585300,-5.387045560
1.791788700,-5.386911592
1.791992200,-5.390779524
1.792195600,-5.386645556
1.792399100,-5.390513489
1.792602500,-5.390379521
1.792806000,-5.390247454
1.793009400,-5.390113486
1.793212900,-5.389981418
1.793416300,-5.393847450
1.793619800,-5.393715383
1.793823200,-5.393581415
1.794026700,-5.393449347
1.794230100,-5.393315379
1.794433600,-5.397183312
1.794637000,-5.397049344
1.794840500,-5.400917276
1.795043900,-5.400783308
1.795247400,-5.400651241
1.795450800,-5.404517273
1.795654300,-5.404385206
1.795857700,-5.408251238
1.796061200,-5.412119170
1.796264600,-5.411985202
1.796468100,-5.415853135
1.796671500,-5.415719167
1.796875000,-5.419587099
1.797078500,-5.419455032
1.797281900,-5.423321064
1.797485400,-5.427188997
1.797688800,-5.431055029
1.797892300,-5.430922961
1.798095700,-5.434788993
1.798299200,-5.438656926
1.798502600,-5.442522958
1.798706100,-5.446390890
1.798909500,-5.450256922
1.799113000,-5.450124855
1.799316400,-5.453990887
1.799519900,-5.457858820
1.799723300,-5.461724851
1.799926800,-5.465592784
1.800130200,-5.469458816
1.800333700,-5.473326749
1.800537100,-5.477192781
1.800740600,-5.481060713
1.800944000,-5.484926745
1.801147500,-5.488794678
1.801350900,-5.492660710
1.801554400,-5.496528642
1.801757800,-5.500394674
1.801961300,-5.504262607
1.802164700,-5.512128639
1.802368200,-5.515996572
1.802571600,-5.519862604
1.802775100,-5.523730536
1.802978500,-5.527596568
1.803182000,-5.531464501
1.803385400,-5.535330533
1.803588900,-5.539198465
1.803792300,-5.543064497
1.803995800,-5.546932430
1.804199200,-5.550798462
1.804402700,-5.554666395
1.804606100,-5.558532426
1.804809600,-5.562400359
1.805013000,-5.566266391
1.805216500,-5.570134324
1.805419900,-5.574000356
1.805623400,-5.577868288
1.805826800,-5.577734320
1.806030300,-5.581602253
1.806233700,-5.585468285
1.806437200,-5.589336217
1.806640600,-5.593202249
1.806844100,-5.597070182
1.807047500,-5.596936214
1.807251000,-5.600804147
1.807454400,-5.604670179
1.807657900,-5.608538111
1.807861300,-5.608404143
1.808064800,-5.612272076
1.808268200,-5.616138108
1.808471700,-5.620006040
1.808675100,-5.619872072
1.808878600,-5.623740005
1.809082000,-5.627606037
1.809285500,-5.627473970
1.809488900,-5.631340001
1.809692400,-5.631207934
1.809895800,-5.635073966
1.810099300,-5.638941899
1.810302700,-5.638807931
1.810506200,-5.642675863
1.810709600,-5.646541895
1.810913100,-5.646409828
1.811116500,-5.650275860
1.811320000,-5.650143792
1.811523400,-5.654009824
1.811726900,-5.653877757
1.811930300,-5.657743789
1.812133800,-5.661611722
1.812337200,-5.661477754
1.812540700,-5.661345686
1.812744100,-5.665211718
1.812947600,-5.669079651
1.813151000,-5.668945683
1.813354500,-5.672813615
1.813557900,-5.672679647
1.813761400,-5.676547580
1.813964800,-5.676413612
1.814168300,-5.680281545
1.814371700,-5.680147576
1.814575200,-5.684015509
1.814778600,-5.683881541
1.814982100,-5.687749474
1.815185500,-5.687615506
1.815389000,-5.691483438
1.815592400,-5.691349470
1.815795900,-5.695217403
1.815999300,-5.695083435
1.816202800,-5.698951367
1.816406200,-5.702817399
1.816609700,-5.702685332
1.816813200,-5.702553265
1.817016600,-5.706419297
1.817220100,-5.706287229
1.817423500,-5.710153261
1.817627000,-5.710021194
1.817830400,-5.713887226
1.818033900,-5.713755158
1.818237300,-5.717621190
1.818440800,-5.717489123
1.818644200,-5.721355155
1.818847700,-5.721223088
1.819051100,-5.725089120
1.819254600,-5.724957052
1.819458000,-5.728823084
1.819661500,-5.728691017
1.819864900,-5.732557049
1.820068400,-5.732424981
1.820271800,-5.736291013
1.820475300,-5.736158946
1.820678700,-5.740024978
1.820882200,-5.739892910
1.821085600,-5.743758942
1.821289100,-5.743626875
1.821492500,-5.747492907
1.821696000,-5.747360840
1.821899400,-5.747226872
1.822102900,-5.751094804
1.822306300,-5.754960836
1.822509800,-5.754828769
1.822713200,-5.754694801
1.822916700,-5.758562733
1.823120100,-5.762428765
1.823323600,-5.762296698
1.823527000,-5.762162730
1.823730500,-5.766030663
1.823933900,-5.765896695
1.824137400,-5.769764627
1.824340800,-5.769630659
1.824544300,-5.769498592
1.824747700,-5.773364624
1.824951200,-5.773232556
1.825154600,-5.777098588
1.825358100,-5.776966521
1.825561500,-5.776832553
1.825765000,-5.780700485
1.825968400,-5.780566517
1.826171900,-5.780434450
1.826375300,-5.784300482
1.826578800,-5.780168415
1.826782200,-5.784034447
1.826985700,-5.783902379
1.827189100,-5.787768411
1.827392600,-5.783636344
1.827596000,-5.783502376
1.827799500,-5.787370308
1.828002900,-5.783236340
1.828206400,-5.787104273
1.828409800,-5.786970305
1.828613300,-5.782838238
1.828816700,-5.782704270
1.829020200,-5.782572202
1.829223600,-5.782438234
1.829427100,-5.782306167
1.829630500,-5.782172199
1.829834000,-5.782040131
1.830037400,-5.777906163
1.830240900,-5.777774096
1.830444300,-5.777640128
1.830647800,-5.769508060
1.830851200,-5.769374092
1.831054700,-5.769242025
1.831258100,-5.765108057
1.831461600,-5.764975990
1.831665000,-5.760842022
1.831868500,-5.760709954
1.832071900,-5.756575986
1.832275400,-5.752443919
1.832478800,-5.752309951
1.832682300,-5.744177883
1.832885700,-5.744043915
1.833089200,-5.739911848
1.833292600,-5.731777880
1.833496100,-5.731645813
1.833699500,-5.727511845
1.833903000,-5.727379777
1.834106400,-5.719245809
1.834309900,-5.715113742
1.834513300,-5.714979774
1.834716800,-5.706847706
1.834920200,-5.702713738
1.835123700,-5.702581671
1.835327100,-5.694447703
1.835530600,-5.690315635
1.835734000,-5.690181667
1.835937500,-5.686049600
1.836141000,-5.677917533
1.836344400,-5.677783565
1.836547900,-5.677651497
1.836751300,-5.669517529
1.836954800,-5.665385462
1.837158200,-5.665251494
1.837361700,-5.657119426
1.837565100,-5.656985458
1.837768600,-5.656853391
1.837972000,-5.648719423
1.838175500,-5.648587356
1.838378900,-5.648453388
1.838582400,-5.644321320
1.838785800,-5.640187352
1.838989300,-5.640055285
1.839192700,-5.639921317
1.839396200,-5.635789249
1.839599600,-5.635655281
1.839803100,-5.635523214
1.840006500,-5.631389246
1.840210000,-5.631257179
1.840413400,-5.631123210
1.840616900,-5.630991143
1.840820300,-5.630857175
1.841023800,-5.630725108
1.841227200,-5.630591140
1.841430700,-5.630459072
1.841634100,-5.630325104
1.841837600,-5.630193037
1.842041000,-5.630059069
1.842244500,-5.629927001
1.842447900,-5.633793033
1.842651400,-5.633660966
1.842854800,-5.633526998
1.843058300,-5.637394931
1.843261700,-5.637260963
1.843465200,-5.637128895
1.843668600,-5.640994927
1.843872100,-5.640862860
1.844075500,-5.640728892
1.844279000,-5.644596824
1.844482400,-5.644462856
1.844685900,-5.648330789
1.844889300,-5.648196821
1.845092800,-5.648064754
1.845296200,-5.647930785
1.845499700,-5.647798718
1.845703100,-5.651664750
1.845906600,-5.651532683
1.846110000,-5.651398715
1.846313500,-5.651266647
1.846516900,-5.655132679
1.846720400,-5.651000612
1.846923800,-5.654866644
1.847127300,-5.654734576
1.847330700,-5.654600608
1.847534200,-5.654468541
1.847737600,-5.654334573
1.847941100,-5.654202506
1.848144500,-5.650068538
1.848348000,-5.649936470
1.848551400,-5.649802502
1.848754900,-5.649670435
1.848958300,-5.649536467
1.849161800,-5.649404399
1.849365200,-5.645270431
1.849568700,-5.641138364
1.849772100,-5.641004396
1.849975600,-5.640872329
1.850179000,-5.636738360
1.850382500,-5.632606293
1.850585900,-5.632472325
1.850789400,-5.628340258
1.850992800,-5.624206290
1.851196300,-5.624074222
1.851399700,-5.619940254
1.851603200,-5.615808187
1.851806600,-5.611674219
1.852010100,-5.611542151
1.852213500,-5.603408183
1.852417000,-5.599276116
1.852620400,-5.595142148
1.852823900,-5.587010081
1.853027300,-5.586876113
1.853230800,-5.586744045
1.853434200,-5.582610077
1.853637700,-5.574478010
1.853841100,-5.570344042
1.854044600,-5.570211974
1.854248000,-5.558078006
1.854451500,-5.553945939
1.854654900,-5.553811971
1.854858400,-5.541679904
1.855061800,-5.537545935
1.855265300,-5.533413868
1.855468700,-5.533279900
1.855672200,-5.521147833
1.855875700,-5.517015765
1.856079100,-5.512881797
1.856282600,-5.500749730
1.856486000,-5.500615762
1.856689500,-5.496483694
1.856892900,-5.484349726
1.857096400,-5.480217659
1.857299800,-5.476083691
1.857503300,-5.463951624
1.857706700,-5.459817656
1.857910200,-5.455685588
1.858113600,-5.455551620
1.858317100,-5.443419553
1.858520500,-5.439285585
1.858724000,-5.435153517
1.858927400,-5.423019549
1.859130900,-5.418887482
1.859334300,-5.414753514
1.859537800,-5.402621447
1.859741200,-5.398487479
1.859944700,-5.394355411
1.860148100,-5.390221443
1.860351600,-5.378089376
1.860555000,-5.373955408
1.860758500,-5.369823340
1.860961900,-5.357689372
1.861165400,-5.353557305
1.861368800,-5.353423337
1.861572300,-5.341291269
1.861775700,-5.337157301
1.861979200,-5.333025234
1.862182600,-5.328891266
1.862386100,-5.316759199
1.862589500,-5.312625231
1.862793000,-5.308493163
1.862996400,-5.296359195
1.863199900,-5.292227128
1.863403300,-5.288093160
1.863606800,-5.275961092
1.863810200,-5.271827124
1.864013700,-5.267695057
1.864217100,-5.263561089
1.864420600,-5.255429022
1.864624000,-5.251295054
1.864827500,-5.247162986
1.865030900,-5.235029018
1.865234400,-5.230896951
1.865437800,-5.226762983
1.865641300,-5.214630915
1.865844700,-5.210496947
1.866048200,-5.206364880
1.866251600,-5.194230912
1.866455100,-5.190098844
1.866658500,-5.185964876
1.866862000,-5.181832809
1.867065400,-5.173698841
1.867268900,-5.169566774
1.867472300,-5.165432806
1.867675800,-5.153300738
1.867879200,-5.149166770
1.868082700,-5.145034703
1.868286100,-5.132900735
1.868489600,-5.128768667
1.868693000,-5.124634699
1.868896500,-5.120502632
1.869099900,-5.112368664
1.869303400,-5.108236597
1.869506800,-5.104102629
1.869710300,-5.091970561
1.869913700,-5.087836593
1.870117200,-5.083704526
1.870320600,-5.071570558
1.870524100,-5.067438490
1.870727500,-5.063304522
1.870931000,-5.063172455
1.871134400,-5.051038487
1.871337900,-5.046906419
1.871541300,-5.042772451
1.871744800,-5.030640384
1.871948200,-5.026506416
1.872151700,-5.022374349
1.872355100,-5.010240381
1.872558600,-5.006108313
1.872762000,-5.001974345
1.872965500,-4.997842278
1.873168900,-4.989708310
1.873372400,-4.985576242
1.873575800,-4.981442274
1.873779300,-4.969310207
1.873982700,-4.965176239
1.874186200,-4.961044172
1.874389600,-4.948910204
1.874593100,-4.944778136
1.874796500,-4.940644168
1.875000000,-4.936512101
1.875203500,-4.924380033
1.875406900,-4.924246065
1.875610400,-4.920113998
1.875813800,-4.907980030
1.876017300,-4.903847963
1.876220700,-4.899713994
1.876424200,-4.887581927
1.876627600,-4.883447959
1.876831100,-4.879315892
1.877034500,-4.871181924
1.877238000,-4.867049856
1.877441400,-4.862915888
1.877644900,-4.858783821
1.877848300,-4.846649853
1.878051800,-4.842517785
1.878255200,-4.842383817
1.878458700,-4.830251750
1.878662100,-4.826117782
1.878865600,-4.821985715
1.879069000,-4.813851747
1.879272500,-4.809719679
1.879475900,-4.805585711
1.879679400,-4.801453644
1.879882800,-4.793319676
1.880086300,-4.789187608
1.880289700,-4.785053640
1.880493200,-4.776921573
1.880696600,-4.772787605
1.880900100,-4.768655538
1.881103500,-4.760521569
1.881307000,-4.756389502
1.881510400,-4.756255534
1.881713900,-4.752123467
1.881917300,-4.743989499
1.882120800,-4.739857431
1.882324200,-4.739723463
1.882527700,-4.727591396
1.882731100,-4.727457428
1.882934600,-4.723325360
1.883138000,-4.715191392
1.883341500,-4.715059325
1.883544900,-4.710925357
1.883748400,-4.710793290
1.883951800,-4.702659322
1.884155300,-4.698527254
1.884358700,-4.698393286
1.884562200,-4.690261219
1.884765600,-4.686127251
1.884969100,-4.685995183
1.885172500,-4.677861215
1.885376000,-4.673729148
1.885579400,-4.673595180
1.885782900,-4.665463113
1.885986300,-4.665329144
1.886189800,-4.661197077
1.886393200,-4.661063109
1.886596700,-4.652931042
1.886800100,-4.652797074
1.887003600,-4.648665006
1.887207000,-4.644531038
1.887410500,-4.640398971
1.887613900,-4.640265003
1.887817400,-4.632132935
1.888020800,-4.631998967
1.888224300,-4.627866900
1.888427700,-4.627732932
1.888631200,-4.619600865
1.888834600,-4.619466897
1.889038100,-4.615334829
1.889241500,-4.607200861
1.889445000,-4.607068794
1.889648400,-4.606934826
1.889851900,-4.598802758
1.890055300,-4.594668790
1.890258800,-4.594536723
1.890462200,-4.590402755
1.890665700,-4.582270688
1.890869100,-4.582136719
1.891072600,-4.578004652
1.891276000,-4.569870684
1.891479500,-4.569738617
1.891682900,-4.565604649
1.891886400,-4.557472581
1.892089800,-4.557338613
1.892293300,-4.553206546
1.892496700,-4.553072578
1.892700200,-4.540940510
1.892903600,-4.540806542
1.893107100,-4.536674475
1.893310500,-4.528540507
1.893514000,-4.524408440
1.893717400,-4.524274472
1.893920900,-4.512142404
1.894124300,-4.512008436
1.894327800,-4.507876369
1.894531200,-4.499742401
1.894734700,-4.495610333
1.894938200,-4.491478266
1.895141600,-4.491344298
1.895345100,-4.479212231
1.895548500,-4.479078263
1.895752000,-4.474946195
1.895955400,-4.466812227
1.896158900,-4.462680160
1.896362300,-4.458546192
1.896565800,-4.450414124
1.896769200,-4.446280156
1.896972700,-4.442148089
1.897176100,-4.438014121
1.897379600,-4.429882053
1.897583000,-4.425748085
1.897786500,-4.425616018
1.897989900,-4.413482050
1.898193400,-4.409349983
1.898396800,-4.409216015
1.898600300,-4.397083947
1.898803700,-4.396949979
1.899007200,-4.392817912
1.899210600,-4.388683944
1.899414100,-4.380551876
1.899617500,-4.376417908
1.899821000,-4.372285841
1.900024400,-4.364151873
1.900227900,-4.360019806
1.900431300,-4.359885838
1.900634800,-4.351753770
1.900838200,-4.347619802
1.901041700,-4.343487735
1.901245100,-4.343353767
1.901448600,-4.335221699
1.901652000,-4.331087731
1.901855500,-4.326955664
1.902058900,-4.318821696
1.902262400,-4.318689628
1.902465800,-4.314555660
1.902669300,-4.306423593
1.902872700,-4.306289625
1.903076200,-4.302157558
1.903279600,-4.302023590
1.903483100,-4.293891522
1.903686500,-4.289757554
1.903890000,-4.289625487
1.904093400,-4.281491519
1.904296900,-4.281359451
1.904500300,-4.277225483
1.904703800,-4.269093416
1.904907200,-4.268959448
1.905110700,-4.268827381
1.905314100,-4.260693413
1.905517600,-4.260561345
1.905721000,-4.256427377
1.905924500,-4.256295310
1.906127900,-4.248161342
1.906331400,-4.248029274
1.906534800,-4.247895306
1.906738300,-4.239763239
1.906941700,-4.239629271
1.907145200,-4.235497203
1.907348600,-4.231363235
1.907552100,-4.227231168
1.907755500,-4.227097200
1.907959000,-4.226965133
1.908162400,-4.218831165
1.908365900,-4.218699097
1.908569300,-4.218565129
1.908772800,-4.210433062
1.908976200,-4.210299094
1.909179700,-4.206167026
1.909383100,-4.202033058
1.909586600,-4.197900991
1.909790000,-4.197767023
1.909993500,-4.197634956
1.910196900,-4.189500988
1.910400400,-4.189368920
1.910603800,-4.189234952
1.910807300,-4.181102885
1.911010700,-4.180968917
1.911214200,-4.180836849
1.911417600,-4.172702881
1.911621100,-4.172570814
1.911824500,-4.172436846
1.912028000,-4.168304778
1.912231400,-4.164170810
1.912434900,-4.160038743
1.912638300,-4.159904775
1.912841800,-4.151772708
1.913045200,-4.151638740
1.913248700,-4.151506672
1.913452100,-4.143372704
1.913655600,-4.143240637
1.913859000,-4.143106669
1.914062500,-4.134974601
1.914266000,-4.134842534
1.914469400,-4.130708566
1.914672900,-4.130576499
1.914876300,-4.122442531
1.915079800,-4.122310463
1.915283200,-4.122176495
1.915486700,-4.114044428
1.915690100,-4.113910460
1.915893600,-4.113778392
1.916097000,-4.105644424
1.916300500,-4.105512357
1.916503900,-4.101378389
1.916707400,-4.101246322
1.916910800,-4.093112353
1.917114300,-4.092980286
1.917317700,-4.092846318
1.917521200,-4.084714251
1.917724600,-4.084580283
1.917928100,-4.080448215
1.918131500,-4.076314247
1.918335000,-4.072182180
1.918538400,-4.072048212
1.918741900,-4.071916144
1.918945300,-4.063782176
1.919148800,-4.063650109
1.919352200,-4.059516141
1.919555700,-4.055384074
1.919759100,-4.051250106
1.919962600,-4.051118038
1.920166000,-4.042984070
1.920369500,-4.042852003
1.920572900,-4.038718035
1.920776400,-4.038585967
1.920979800,-4.030451999
1.921183300,-4.030319932
1.921386700,-4.026185964
1.921590200,-4.018053897
1.921793600,-4.017919928
1.921997100,-4.013787861
1.922200500,-4.009653893
1.922404000,-4.005521826
1.922607400,-4.005387858
1.922810900,-4.001255790
1.923014300,-3.993121822
1.923217800,-3.992989755
1.923421200,-3.988855787
1.923624700,-3.980723719
1.923828100,-3.980589751
1.924031600,-3.976457684
1.924235000,-3.968323716
1.924438500,-3.968191649
1.924641900,-3.964057681
1.924845400,-3.955925613
1.925048800,-3.951791645
1.925252300,-3.951659578
1.925455700,-3.947525610
1.925659200,-3.939393542
1.925862600,-3.939259574
1.926066100,-3.935127507
1.926269500,-3.926993539
1.926473000,-3.922861472
1.926676400,-3.922727503
1.926879900,-3.910595436
1.927083300,-3.910461468
1.927286800,-3.906329401
1.927490200,-3.902195433
1.927693700,-3.894063365
1.927897100,-3.893929397
1.928100600,-3.889797330
1.928304000,-3.881663362
1.928507500,-3.877531294
1.928710900,-3.873397326
1.928914400,-3.865265259
1.929117800,-3.861131291
1.929321300,-3.860999224
1.929524700,-3.856865256
1.929728200,-3.848733188
1.929931600,-3.844599220
1.930135100,-3.840467153
1.930338500,-3.832333185
1.930542000,-3.832201117
1.930745400,-3.828067149
1.930948900,-3.819935082
1.931152300,-3.815801114
1.931355800,-3.811669047
1.931559200,-3.811535078
1.931762700,-3.803403011
1.931966100,-3.799269043
1.932169600,-3.795136976
1.932373000,-3.787003008
1.932576500,-3.786870940
1.932779900,-3.782736972
1.932983400,-3.774604905
1.933186800,-3.770470937
1.933390300,-3.770338869
1.933593700,-3.762204901
1.933797200,-3.758072834
1.934000700,-3.757940767
1.934204100,-3.753806799
1.934407600,-3.745674731
1.934611000,-3.745540763
1.934814500,-3.745408696
1.935017900,-3.737274728
1.935221400,-3.733142660
1.935424800,-3.733008692
1.935628300,-3.724876625
1.935831700,-3.724742657
1.936035200,-3.720610590
1.936238600,-3.720476622
1.936442100,-3.712344554
1.936645500,-3.712210586
1.936849000,-3.712078519
1.937052400,-3.703944551
1.937255900,-3.703812483
1.937459300,-3.699678515
1.937662800,-3.695546448
1.937866200,-3.695412480
1.938069700,-3.691280412
1.938273100,-3.691146444
1.938476600,-3.687014377
1.938680000,-3.682880409
1.938883500,-3.682748342
1.939086900,-3.678614374
1.939290400,-3.678482306
1.939493800,-3.674348338
1.939697300,-3.670216271
1.939900700,-3.670082303
1.940104200,-3.669950235
1.940307600,-3.669816267
1.940511100,-3.661684200
1.940714500,-3.661550232
1.940918000,-3.661418165
1.941121400,-3.657284197
1.941324900,-3.657152129
1.941528300,-3.657018161
1.941731800,-3.648886094
1.941935200,-3.648752126
1.942138700,-3.648620058
1.942342100,-3.644486090
1.942545600,-3.644354023
1.942749000,-3.644220055
1.942952500,-3.644087987
1.943155900,-3.639954019
1.943359400,-3.639821952
1.943562800,-3.639687984
1.943766300,-3.635555917
1.943969700,-3.635421949
1.944173200,-3.635289881
1.944376600,-3.631155913
1.944580100,-3.631023846
1.944783500,-3.630889878
1.944987000,-3.630757810
1.945190400,-3.626623842
1.945393900,-3.626491775
1.945597300,-3.626357807
1.945800800,-3.622225740
1.946004200,-3.622091772
1.946207700,-3.621959704
1.946411100,-3.621825736
1.946614600,-3.621693669
1.946818000,-3.621559701
1.947021500,-3.621427633
1.947224900,-3.617293665
1.947428400,-3.617161598
1.947631800,-3.617027630
1.947835300,-3.616895562
1.948038700,-3.616761594
1.948242200,-3.616629527
1.948445600,-3.612495559
1.948649100,-3.616363492
1.948852500,-3.616229524
1.949056000,-3.616097456
1.949259400,-3.611963488
1.949462900,-3.615831421
1.949666300,-3.615697453
1.949869800,-3.611565385
1.950073200,-3.611431417
1.950276700,-3.615299350
1.950480100,-3.611165382
1.950683600,-3.615033315
1.950887000,-3.614899347
1.951090500,-3.614767279
1.951293900,-3.614633311
1.951497400,-3.614501244
1.951700800,-3.614367276
1.951904300,-3.614235208
1.952107700,-3.614101240
1.952311200,-3.617969173
1.952514600,-3.613835205
1.952718100,-3.617703137
1.952921500,-3.617569169
1.953125000,-3.617437102
1.953328500,-3.617305035
1.953531900,-3.617171067
1.953735400,-3.621038999
1.953938800,-3.620905031
1.954142300,-3.620772964
1.954345700,-3.620638996
1.954549200,-3.620506928
1.954752600,-3.624372960
1.954956100,-3.624240893
1.955159500,-3.624106925
1.955363000,-3.623974858
1.955566400,-3.627840890
1.955769900,-3.627708822
1.955973300,-3.627574854
1.956176800,-3.631442787
1.956380200,-3.631308819
1.956583700,-3.631176751
1.956787100,-3.635042783
1.956990600,-3.634910716
1.957194000,-3.638776748
1.957397500,-3.638644681
1.957600900,-3.642510712
1.957804400,-3.642378645
1.958007800,-3.642244677
1.958211300,-3.646112610
1.958414700,-3.645978642
1.958618200,-3.649846574
1.958821600,-3.649712606
1.959025100,-3.653580539
1.959228500,-3.653446571
1.959432000,-3.657314503
1.959635400,-3.657180535
1.959838900,-3.661048468
1.960042300,-3.660914500
1.960245800,-3.664782433
1.960449200,-3.668648465
1.960652700,-3.668516397
1.960856100,-3.672382429
1.961059600,-3.672250362
1.961263000,-3.676116394
1.961466500,-3.679984326
1.961669900,-3.679850358
1.961873400,-3.683718291
1.962076800,-3.687584323
1.962280300,-3.687452256
1.962483700,-3.691318287
1.962687200,-3.695186220
1.962890600,-3.695052252
1.963094100,-3.698920185
1.963297500,-3.702786217
1.963501000,-3.706654149
1.963704400,-3.710520181
1.963907900,-3.710388114
1.964111300,-3.714254146
1.964314800,-3.718122078
1.964518200,-3.721988110
1.964721700,-3.721856043
1.964925100,-3.725722075
1.965128600,-3.729590008
1.965332000,-3.733456040
1.965535500,-3.737323972
1.965738900,-3.741190004
1.965942400,-3.741057937
1.966145800,-3.744923969
1.966349300,-3.748791901
1.966552700,-3.752657933
1.966756200,-3.756525866
1.966959600,-3.760391898
1.967163100,-3.764259831
1.967366500,-3.768125862
1.967570000,-3.771993795
1.967773400,-3.775859827
1.967976900,-3.779727760
1.968180300,-3.783593792
1.968383800,-3.787461724
1.968587200,-3.791327756
1.968790700,-3.795195689
1.968994100,-3.799061721
1.969197600,-3.802929653
1.969401000,-3.806795685
1.969604500,-3.810663618
1.969807900,-3.814529650
1.970011400,-3.818397583
1.970214800,-3.822263615
1.970418300,-3.826131547
1.970621700,-3.829997579
1.970825200,-3.833865512
1.971028600,-3.837731544
1.971232100,-3.841599476
1.971435500,-3.849465508
1.971639000,-3.853333441
1.971842400,-3.857199473
1.972045900,-3.861067406
1.972249300,-3.864933437
1.972452800,-3.868801370
1.972656200,-3.872667402
1.972859700,-3.876535335
1.973063200,-3.884403267
1.973266600,-3.888269299
1.973470100,-3.892137232
1.973673500,-3.896003264
1.973877000,-3.899871196
1.974080400,-3.907737228
1.974283900,-3.911605161
1.974487300,-3.915471193
1.974690800,-3.919339126
1.974894200,-3.923205158
1.975097700,-3.931073090
1.975301100,-3.934939122
1.975504600,-3.938807055
1.975708000,-3.942673087
1.975911500,-3.946541019
1.976114900,-3.954407051
1.976318400,-3.958274984
1.976521800,-3.962141016
1.976725300,-3.970008949
1.976928700,-3.973874981
1.977132200,-3.977742913
1.977335600,-3.981608945
1.977539100,-3.985476878
1.977742500,-3.993342910
1.977946000,-3.997210842
1.978149400,-4.001076874
1.978352900,-4.004944807
1.978556300,-4.012810839
1.978759800,-4.016678771
1.978963200,-4.020544803
1.979166700,-4.024412736
1.979370100,-4.028278768
1.979573600,-4.036146701
1.979777000,-4.040012733
1.979980500,-4.043880665
1.980183900,-4.047746697
1.980387400,-4.055614630
1.980590800,-4.059480662
1.980794300,-4.063348594
1.980997700,-4.067214626
1.981201200,-4.071082559
1.981404600,-4.074948591
1.981608100,-4.078816524
1.981811500,-4.086682556
1.982015000,-4.090550488
1.982218400,-4.094416520
1.982421900,-4.098284453
1.982625300,-4.102150485
1.982828800,-4.106018417
1.983032200,-4.109884449
1.983235700,-4.113752382
1.983439100,-4.117618414
1.983642600,-4.121486346
1.983846000,-4.125352378
1.984049500,-4.129220311
1.984252900,-4.133086343
1.984456400,-4.136954276
1.984659800,-4.140820308
1.984863300,-4.144688240
1.985066700,-4.148554272
1.985270200,-4.152422205
1.985473600,-4.156288237
1.985677100,-4.160156169
1.985880500,-4.164022201
1.986084000,-4.167890134
1.986287400,-4.167756166
1.986490900,-4.171624099
1.986694300,-4.175490131
1.986897800,-4.179358063
1.987101200,-4.183224095
1.987304700,-4.187092028
1.987508100,-4.186958060
1.987711600,-4.190825992
1.987915000,-4.194692024
1.988118500,-4.198559957
1.988321900,-4.198425989
1.988525400,-4.202293921
1.988728800,-4.206159953
1.988932300,-4.210027886
1.989135700,-4.209893918
1.989339200,-4.213761851
1.989542600,-4.217627883
1.989746100,-4.217495815
1.989949500,-4.221361847
1.990153000,-4.225229780
1.990356400,-4.225095812
1.990559900,-4.228963744
1.990763300,-4.232829776
1.990966800,-4.232697709
1.991170200,-4.236563741
1.991373700,-4.236431674
1.991577100,-4.240297706
1.991780600,-4.240165638
1.991984000,-4.244031670
1.992187500,-4.243899603
1.992391000,-4.247767535
1.992594400,-4.251633567
1.992797900,-4.251501500
1.993001300,-4.255367532
1.993204800,-4.255235465
1.993408200,-4.259101496
1.993611700,-4.258969429
1.993815100,-4.262835461
1.994018600,-4.262703394
1.994222000,-4.262569426
1.994425500,-4.266437358
1.994628900,-4.266303390
1.994832400,-4.270171323
1.995035800,-4.270037355
1.995239300,-4.273905287
1.995442700,-4.273771319
1.995646200,-4.273639252
1.995849600,-4.277505284
1.996053100,-4.281373217
1.996256500,-4.281239249
1.996460000,-4.281107181
1.996663400,-4.284973213
1.996866900,-4.284841146
1.997070300,-4.284707178
1.997273800,-4.288575110
1.997477200,-4.288441142
1.997680700,-4.292309075
1.997884100,-4.292175107
1.998087600,-4.296043040
1.998291000,-4.295909071
1.998494500,-4.295777004
1.998697900,-4.299643036
1.998901400,-4.299510969
1.999104800,-4.299377001
1.999308300,-4.303244933
1.999511700,-4.303110965
1.999715200,-4.306978898
1.999918600,-4.306844930
2.000122100,-4.310712862
2.000325500,-4.310578894
2.000529000,-4.310446827
2.000732400,-4.314312859
2.000935900,-4.314180792
2.001139300,-4.314046824
2.001342800,-4.317914756
2.001546200,-4.321780788
2.001749700,-4.321648721
2.001953100,-4.321514753
2.002156600,-4.325382685
2.002360000,-4.325248717
2.002563500,-4.329116650
2.002766900,-4.328982682
2.002970400,-4.328850615
2.003173800,-4.332716646
2.003377300,-4.332584579
2.003580700,-4.336450611
2.003784200,-4.336318544
2.003987600,-4.340184576
2.004191100,-4.340052508
2.004394500,-4.339918540
2.004598000,-4.343786473
2.004801400,-4.347652505
2.005004900,-4.347520437
2.005208300,-4.347386469
2.005411800,-4.351254402
2.005615200,-4.355120434
2.005818700,-4.354988367
2.006022100,-4.354854399
2.006225600,-4.358722331
2.006429000,-4.358588363
2.006632500,-4.362456296
2.006835900,-4.366322328
2.007039400,-4.366190260
2.007242800,-4.366056292
2.007446300,-4.369924225
2.007649700,-4.373790257
2.007853200,-4.373658190
2.008056600,-4.377524221
2.008260100,-4.377392154
2.008463500,-4.377258186
2.008667000,-4.381126119
2.008870400,-4.384992151
2.009073900,-4.384860083
2.009277300,-4.388726115
2.009480800,-4.388594048
2.009684200,-4.392460080
2.009887700,-4.392328012
2.010091100,-4.396194044
2.010294600,-4.400061977
2.010498000,-4.399928009
2.010701500,-4.403795942
2.010904900,-4.403661974
2.011108400,-4.407529906
2.011311800,-4.411395938
2.011515300,-4.411263871
2.011718700,-4.415129903
2.011922200,-4.414997835
2.012125700,-4.418865768
2.012329100,-4.422731800
2.012532600,-4.422599733
2.012736000,-4.426465765
2.012939500,-4.430333697
2.013142900,-4.430199729
2.013346400,-4.434067662
2.013549800,-4.437933694
2.013753300,-4.437801626
2.013956700,-4.441667658
2.014160200,-4.445535591
2.014363600,-4.449401623
2.014567100,-4.449269555
2.014770500,-4.453135587
2.014974000,-4.457003520
2.015177400,-4.460869552
2.015380900,-4.460737485
2.015584300,-4.464603517
2.015787800,-4.468471449
2.015991200,-4.472337481
2.016194700,-4.476205414
2.016398100,-4.480071446
2.016601600,-4.479939378
2.016805000,-4.483805410
2.017008500,-4.487673343
2.017211900,-4.491539375
2.017415400,-4.495407308
2.017618800,-4.499273340
2.017822300,-4.499141272
2.018025700,-4.503007304
2.018229200,-4.506875237
2.018432600,-4.510741269
2.018636100,-4.514609201
2.018839500,-4.518475233
2.019043000,-4.522343166
2.019246400,-4.526209198
2.019449900,-4.530077130
2.019653300,-4.533943162
2.019856800,-4.537811095
2.020060200,-4.541677127
2.020263700,-4.545545060
2.020467100,-4.549411092
2.020670600,-4.553279024
2.020874000,-4.557145056
2.021077500,-4.561012989
2.021280900,-4.560879021
2.021484400,-4.564746953
2.021687800,-4.568612985
2.021891300,-4.572480918
2.022094700,-4.576346950
2.022298200,-4.580214883
2.022501600,-4.584080915
2.022705100,-4.587948847
2.022908500,-4.591814879
2.023112000,-4.595682812
2.023315400,-4.599548844
2.023518900,-4.607416776
2.023722300,-4.611282808
2.023925800,-4.615150741
2.024129200,-4.619016773
2.024332700,-4.622884705
2.024536100,-4.626750737
2.024739600,-4.630618670
2.024943000,-4.634484702
2.025146500,-4.638352635
2.025349900,-4.642218667
2.025553400,-4.646086599
2.025756800,-4.649952631
2.025960300,-4.653820564
2.026163700,-4.657686596
2.026367200,-4.661554528
2.026570600,-4.665420560
2.026774100,-4.669288493
2.026977500,-4.673154525
2.027181000,-4.677022458
2.027384400,-4.680888490
2.027587900,-4.684756422
2.027791300,-4.688622454
2.027994800,-4.692490387
2.028198200,-4.696356419
2.028401700,-4.700224351
2.028605100,-4.704090383
2.028808600,-4.707958316
2.029012000,-4.711824348
2.029215500,-4.715692280
2.029418900,-4.719558312
2.029622400,-4.723426245
2.029825800,-4.727292277
2.030029300,-4.731160210
2.030232700,-4.735026242
2.030436200,-4.738894174
2.030639600,-4.742760206
2.030843100,-4.746628139
2.031046500,-4.750494171
2.031250000,-4.754362103
2.031453500,-4.758230036
2.031656900,-4.762096068
2.031860400,-4.765964001
2.032063800,-4.769830033
2.032267300,-4.773697965
2.032470700,-4.777563997
2.032674200,-4.781431930
2.032877600,-4.785297962
2.033081100,-4.789165894
2.033284500,-4.793031926
2.033488000,-4.796899859
2.033691400,-4.800765891
2.033894900,-4.804633824
2.034098300,-4.808499855
2.034301800,-4.812367788
2.034505200,-4.816233820
2.034708700,-4.816101753
2.034912100,-4.819967785
2.035115600,-4.823835717
2.035319000,-4.827701749
2.035522500,-4.831569682
2.035725900,-4.835435714
2.035929400,-4.839303646
2.036132800,-4.843169678
2.036336300,-4.847037611
2.036539700,-4.850903643
2.036743200,-4.850771576
2.036946600,-4.854637608
2.037150100,-4.858505540
2.037353500,-4.862371572
2.037557000,-4.866239505
2.037760400,-4.870105537
2.037963900,-4.873973469
2.038167300,-4.873839501
2.038370800,-4.877707434
2.038574200,-4.881573466
2.038777700,-4.885441399
2.038981100,-4.889307430
2.039184600,-4.893175363
2.039388000,-4.893041395
2.039591500,-4.896909328
2.039794900,-4.900775360
2.039998400,-4.904643292
2.040201800,-4.908509324
2.040405300,-4.912377257
2.040608700,-4.912243289
2.040812200,-4.916111221
2.041015600,-4.919977253
2.041219100,-4.923845186
2.041422500,-4.923711218
2.041626000,-4.927579151
2.041829400,-4.931445183
2.042032900,-4.935313115
2.042236300,-4.939179147
2.042439800,-4.943047080
2.042643200,-4.942913112
2.042846700,-4.946781044
2.043050100,-4.950647076
2.043253600,-4.954515009
2.043457000,-4.954381041
2.043660500,-4.958248974
2.043863900,-4.962115005
2.044067400,-4.965982938
2.044270800,-4.965848970
2.044474300,-4.969716903
2.044677700,-4.973582935
2.044881200,-4.977450867
2.045084600,-4.981316899
2.045288100,-4.981184832
2.045491500,-4.985050864
2.045695000,-4.988918796
2.045898400,-4.992784828
2.046101900,-4.992652761
2.046305300,-4.996518793
2.046508800,-5.000386726
2.046712200,-5.004252758
2.046915700,-5.004120690
2.047119100,-5.007986722
2.047322600,-5.011854655
2.047526000,-5.015720687
2.047729500,-5.015588619
2.047932900,-5.019454651
2.048136400,-5.023322584
2.048339800,-5.027188616
2.048543300,-5.027056549
2.048746700,-5.030922580
2.048950200,-5.034790513
2.049153600,-5.038656545
2.049357100,-5.038524478
2.049560500,-5.042390510
2.049764000,-5.046258442
2.049967400,-5.046124474
2.050170900,-5.049992407
2.050374300,-5.053858439
2.050577800,-5.057726371
2.050781200,-5.057592403
2.050984700,-5.061460336
2.051188200,-5.065328269
2.051391600,-5.069194301
2.051595100,-5.069062233
2.051798500,-5.072928265
2.052002000,-5.076796198
2.052205400,-5.076662230
2.052408900,-5.080530162
2.052612300,-5.084396194
2.052815800,-5.088264127
2.053019200,-5.088130159
2.053222700,-5.091998092
2.053426100,-5.095864124
2.053629600,-5.099732056
2.053833000,-5.099598088
2.054036500,-5.103466021
2.054239900,-5.107332053
2.054443400,-5.111199985
2.054646800,-5.115066017
2.054850300,-5.114933950
2.055053700,-5.118799982
2.055257200,-5.122667914
2.055460600,-5.126533946
2.055664100,-5.126401879
2.055867500,-5.130267911
2.056071000,-5.134135844
2.056274400,-5.138001876
2.056477900,-5.137869808
2.056681300,-5.141735840
2.056884800,-5.145603773
2.057088200,-5.149469805
2.057291700,-5.153337737
2.057495100,-5.153203769
2.057698600,-5.157071702
2.057902000,-5.160937734
2.058105500,-5.164805667
2.058308900,-5.168671699
2.058512400,-5.172539631
2.058715800,-5.176405663
2.058919300,-5.176273596
2.059122700,-5.180139628
2.059326200,-5.184007560
2.059529600,-5.187873592
2.059733100,-5.191741525
2.059936500,-5.195607557
2.060140000,-5.199475489
2.060343400,-5.199341521
2.060546900,-5.203209454
2.060750300,-5.207075486
2.060953800,-5.210943419
2.061157200,-5.214809451
2.061360700,-5.218677383
2.061564100,-5.222543415
2.061767600,-5.226411348
2.061971000,-5.230277380
2.062174500,-5.230145312
2.062377900,-5.234011344
2.062581400,-5.237879277
2.062784800,-5.241745309
2.062988300,-5.245613242
2.063191700,-5.249479274
2.063395200,-5.253347206
2.063598600,-5.257213238
2.063802100,-5.261081171
2.064005500,-5.264947203
2.064209000,-5.268815135
2.064412400,-5.272681167
2.064615900,-5.276549100
2.064819300,-5.280415132
2.065022800,-5.284283064
2.065226200,-5.288149096
2.065429700,-5.292017029
2.065633100,-5.295883061
2.065836600,-5.299750994
2.066040000,-5.303617026
2.066243500,-5.303484958
2.066446900,-5.307350990
2.066650400,-5.311218923
2.066853800,-5.315084955
2.067057300,-5.318952887
2.067260700,-5.322818919
2.067464200,-5.326686852
2.067667600,-5.330552884
2.067871100,-5.334420817
2.068074500,-5.338286849
2.068278000,-5.342154781
2.068481400,-5.346020813
2.068684900,-5.349888746
2.068888300,-5.353754778
2.069091800,-5.357622710
2.069295200,-5.357488742
2.069498700,-5.361356675
2.069702100,-5.365222707
2.069905600,-5.369090639
2.070109000,-5.372956671
2.070312500,-5.376824604
2.070516000,-5.376692537
2.070719400,-5.380558569
2.070922900,-5.384426501
2.071126300,-5.388292533
2.071329800,-5.392160466
2.071533200,-5.392026498
2.071736700,-5.395894430
2.071940100,-5.399760462
2.072143600,-5.399628395
2.072347000,-5.403494427
2.072550500,-5.407362360
2.072753900,-5.407228392
2.072957400,-5.411096324
2.073160800,-5.410962356
2.073364300,-5.414830289
2.073567700,-5.418696321
2.073771200,-5.418564253
2.073974600,-5.422430285
2.074178100,-5.422298218
2.074381500,-5.422164250
2.074585000,-5.426032183
2.074788400,-5.425898214
2.074991900,-5.429766147
2.075195300,-5.429632179
2.075398800,-5.429500112
2.075602200,-5.433366144
2.075805700,-5.433234076
2.076009100,-5.433100108
2.076212600,-5.436968041
2.076416000,-5.432834073
2.076619500,-5.436702005
2.076822900,-5.436568037
2.077026400,-5.436435970
2.077229800,-5.436302002
2.077433300,-5.436169935
2.077636700,-5.440035967
2.077840200,-5.435903899
2.078043600,-5.435769931
2.078247100,-5.439637864
2.078450500,-5.435503896
2.078654000,-5.435371828
2.078857400,-5.435237860
2.079060900,-5.435105793
2.079264300,-5.434971825
2.079467800,-5.434839758
2.079671200,-5.434705789
2.079874700,-5.430573722
2.080078100,-5.430439754
2.080281600,-5.430307687
2.080485000,-5.426173719
2.080688500,-5.426041651
2.080891900,-5.425907683
2.081095400,-5.421775616
2.081298800,-5.421641648
2.081502300,-5.421509580
2.081705700,-5.421375612
2.081909200,-5.417243545
2.082112600,-5.417109577
2.082316100,-5.416977510
2.082519500,-5.412843542
2.082723000,-5.408711474
2.082926400,-5.408577506
2.083129900,-5.404445439
2.083333300,-5.404311471
2.083536800,-5.404179403
2.083740200,-5.404045435
2.083943700,-5.395913368
2.084147100,-5.395779400
2.084350600,-5.395647333
2.084554000,-5.391513364
2.084757500,-5.387381297
2.084960900,-5.387247329
2.085164400,-5.383115262
2.085367800,-5.382981294
2.085571300,-5.378849226
2.085774700,-5.374715258
2.085978200,-5.374583191
2.086181600,-5.370449223
2.086385100,-5.370317155
2.086588500,-5.366183187
2.086792000,-5.366051120
2.086995400,-5.361917152
2.087198900,-5.357785085
2.087402300,-5.357651117
2.087605800,-5.353519049
2.087809200,-5.349385081
2.088012700,-5.349253014
2.088216100,-5.345119046
2.088419600,-5.344986978
2.088623000,-5.340853010
2.088826500,-5.336720943
2.089029900,-5.336586975
2.089233400,-5.332454908
2.089436800,-5.328320939
2.089640300,-5.328188872
2.089843700,-5.324054904
2.090047200,-5.319922837
2.090250700,-5.319790769
2.090454100,-5.319656801
2.090657600,-5.311524734
2.090861000,-5.311390766
2.091064500,-5.311258699
2.091267900,-5.303124730
2.091471400,-5.302992663
2.091674800,-5.302858695
2.091878300,-5.298726628
2.092081700,-5.294592660
2.092285200,-5.294460592
2.092488600,-5.294326624
2.092692100,-5.286194557
2.092895500,-5.286060589
2.093099000,-5.285928521
2.093302400,-5.281794553
2.093505900,-5.277662486
2.093709300,-5.277528518
2.093912800,-5.273396451
2.094116200,-5.273262483
2.094319700,-5.269130415
2.094523100,-5.268996447
2.094726600,-5.264864380
2.094930000,-5.264730412
2.095133500,-5.260598344
2.095336900,-5.256464376
2.095540400,-5.256332309
2.095743800,-5.256198341
2.095947300,-5.248066273
2.096150700,-5.247932305
2.096354200,-5.247800238
2.096557600,-5.243666270
2.096761100,-5.243534203
2.096964500,-5.239400235
2.097168000,-5.239268167
2.097371400,-5.235134199
2.097574900,-5.235002132
2.097778300,-5.234868164
2.097981800,-5.230736096
2.098185200,-5.226602128
2.098388700,-5.226470061
2.098592100,-5.222336093
2.098795600,-5.222204026
2.098999000,-5.222070058
2.099202500,-5.221937990
2.099405900,-5.217804022
2.099609400,-5.217671955
2.099812800,-5.213537987
2.100016300,-5.209405919
2.100219700,-5.209271951
2.100423200,-5.209139884
2.100626600,-5.205005916
2.100830100,-5.204873848
2.101033500,-5.204739880
2.101237000,-5.204607813
2.101440400,-5.200473845
2.101643900,-5.200341778
2.101847300,-5.200207810
2.102050800,-5.196075742
2.102254200,-5.195941774
2.102457700,-5.195809707
2.102661100,-5.191675739
2.102864600,-5.191543671
2.103068000,-5.191409703
2.103271500,-5.191277636
2.103474900,-5.187143668
2.103678400,-5.187011601
2.103881800,-5.186877633
2.104085300,-5.182745565
2.104288700,-5.182611597
2.104492200,-5.186479530
2.104695600,-5.182345562
2.104899100,-5.182213494
2.105102500,-5.182079526
2.105306000,-5.177947459
2.105509400,-5.177813491
2.105712900,-5.177681423
2.105916300,-5.177547455
2.106119800,-5.177415388
2.106323200,-5.177281420
2.106526700,-5.177149353
2.106730100,-5.173015385
2.106933600,-5.172883317
2.107137000,-5.176749349
2.107340500,-5.172617282
2.107543900,-5.172483314
2.107747400,-5.172351246
2.107950800,-5.176217278
2.108154300,-5.172085211
2.108357700,-5.171951243
2.108561200,-5.171819176
2.108764600,-5.171685208
2.108968100,-5.171553140
2.109171500,-5.171419172
2.109375000,-5.171287105
2.109578500,-5.171155037
2.109781900,-5.171021069
2.109985400,-5.170889002
2.110188800,-5.170755034
2.110392300,-5.170622967
2.110595700,-5.174488998
2.110799200,-5.170356931
2.111002600,-5.170222963
2.111206100,-5.174090896
2.111409500,-5.169956928
2.111613000,-5.173824860
2.111816400,-5.173690892
2.112019900,-5.173558825
2.112223300,-5.173424857
2.112426800,-5.173292789
2.112630200,-5.177158821
2.112833700,-5.173026754
2.113037100,-5.176892786
2.113240600,-5.176760719
2.113444000,-5.176626751
2.113647500,-5.176494683
2.113850900,-5.180360715
2.114054400,-5.180228648
2.114257800,-5.180094680
2.114461300,-5.183962612
2.114664700,-5.183828644
2.114868200,-5.183696577
2.115071600,-5.183562609
2.115275100,-5.187430542
2.115478500,-5.187296573
2.115682000,-5.187164506
2.115885400,-5.191030538
2.116088900,-5.190898471
2.116292300,-5.194764503
2.116495800,-5.194632435
2.116699200,-5.198498467
2.116902700,-5.198366400
2.117106100,-5.198232432
2.117309600,-5.202100364
2.117513000,-5.201966396
2.117716500,-5.205834329
2.117919900,-5.205700361
2.118123400,-5.209568294
2.118326800,-5.209434326
2.118530300,-5.213302258
2.118733700,-5.213168290
2.118937200,-5.217036223
2.119140600,-5.216902255
2.119344100,-5.220770187
2.119547500,-5.220636219
2.119751000,-5.224504152
2.119954400,-5.228370184
2.120157900,-5.228238117
2.120361300,-5.232104148
2.120564800,-5.235972081
2.120768200,-5.239838113
2.120971700,-5.239706046
2.121175100,-5.243572078
2.121378600,-5.247440010
2.121582000,-5.247306042
2.121785500,-5.251173975
2.121988900,-5.255040007
2.122192400,-5.254907939
2.122395800,-5.258773971
2.122599300,-5.262641904
2.122802700,-5.266507936
2.123006200,-5.270375869
2.123209600,-5.274241901
2.123413100,-5.274109833
2.123616500,-5.277975865
2.123820000,-5.281843798
2.124023400,-5.285709830
2.124226900,-5.289577762
2.124430300,-5.293443794
2.124633800,-5.297311727
2.124837200,-5.297177759
2.125040700,-5.301045692
2.125244100,-5.304911723
2.125447600,-5.308779656
2.125651000,-5.312645688
2.125854500,-5.316513621
2.126057900,-5.320379653
2.126261400,-5.324247585
2.126464800,-5.328113617
2.126668300,-5.331981550
2.126871700,-5.335847582
2.127075200,-5.339715514
2.127278600,-5.343581546
2.127482100,-5.347449479
2.127685500,-5.351315511
2.127889000,-5.359183444
2.128092400,-5.363049476
2.128295900,-5.366917408
2.128499300,-5.370783440
2.128702800,-5.374651373
2.128906200,-5.378517405
2.129109700,-5.382385337
2.129313200,-5.386253270
2.129516600,-5.390119302
2.129720100,-5.393987235
2.129923500,-5.397853267
2.130127000,-5.401721199
2.130330400,-5.409587231
2.130533900,-5.413455164
2.130737300,-5.417321196
2.130940800,-5.421189128
2.131144200,-5.425055160
2.131347700,-5.428923093
2.131551100,-5.432789125
2.131754600,-5.436657057
2.131958000,-5.440523089
2.132161500,-5.444391022
2.132364900,-5.448257054
2.132568400,-5.452124987
2.132771800,-5.455991019
2.132975300,-5.459858951
2.133178700,-5.463724983
2.133382200,-5.467592916
2.133585600,-5.471458948
2.133789100,-5.475326880
2.133992500,-5.479192912
2.134196000,-5.483060845
2.134399400,-5.486926877
2.134602900,-5.490794810
2.134806300,-5.494660842
2.135009800,-5.498528774
2.135213200,-5.502394806
2.135416700,-5.502262739
2.135620100,-5.506128771
2.135823600,-5.509996703
2.136027000,-5.513862735
2.136230500,-5.513730668
2.136433900,-5.517596700
2.136637400,-5.521464632
2.136840800,-5.521330664
2.137044300,-5.525198597
2.137247700,-5.525064629
2.137451200,-5.528932562
2.137654600,-5.528798594
2.137858100,-5.532666526
2.138061500,-5.532532558
2.138265000,-5.536400491
2.138468400,-5.536266523
2.138671900,-5.536134455
2.138875300,-5.540000487
2.139078800,-5.539868420
2.139282200,-5.539734452
2.139485700,-5.543602385
2.139689100,-5.539468417
2.139892600,-5.543336349
2.140096000,-5.543202381
2.140299500,-5.543070314
2.140502900,-5.542936346
2.140706400,-5.542804278
2.140909800,-5.542670310
2.141113300,-5.542538243
2.141316700,-5.542404275
2.141520200,-5.542272207
2.141723600,-5.538138239
2.141927100,-5.538006172
2.142130500,-5.541872204
2.142334000,-5.537740137
2.142537400,-5.537606169
2.142740900,-5.537474101
2.142944300,-5.537340133
2.143147800,-5.533208066
2.143351200,-5.533074098
2.143554700,-5.532942030
2.143758100,-5.528808062
2.143961600,-5.528675995
2.144165000,-5.524542027
2.144368500,-5.520409960
2.144571900,-5.520275992
2.144775400,-5.520143924
2.144978800,-5.520009956
2.145182300,-5.515877889
2.145385700,-5.511743921
2.145589200,-5.511611853
2.145792600,-5.507477885
2.145996100,-5.507345818
2.146199500,-5.507211850
2.146403000,-5.499079782
2.146606400,-5.498945814
2.146809900,-5.498813747
2.147013300,-5.498679779
2.147216800,-5.490547712
2.147420200,-5.490413744
2.147623700,-5.490281676
2.147827100,-5.482147708
2.148030600,-5.482015641
2.148234000,-5.481881673
2.148437500,-5.473749605
2.148641000,-5.473617538
2.148844400,-5.473483570
2.149047900,-5.473351503
2.149251300,-5.465217535
2.149454800,-5.465085467
2.149658200,-5.464951499
2.149861700,-5.460819432
2.150065100,-5.456685464
2.150268600,-5.456553396
2.150472000,-5.452419428
2.150675500,-5.448287361
2.150878900,-5.448153393
2.151082400,-5.448021326
2.151285800,-5.443887357
2.151489300,-5.439755290
2.151692700,-5.439621322
2.151896200,-5.435489255
2.152099600,-5.435355287
2.152303100,-5.431223219
2.152506500,-5.427089251
2.152710000,-5.426957184
2.152913400,-5.426823216
2.153116900,-5.418691148
2.153320300,-5.418557180
2.153523800,-5.418425113
2.153727200,-5.418291145
2.153930700,-5.410159078
2.154134100,-5.410025110
2.154337600,-5.409893042
2.154541000,-5.405759074
2.154744500,-5.405627007
2.154947900,-5.401493039
2.155151400,-5.397360971
2.155354800,-5.397227003
2.155558300,-5.397094936
2.155761700,-5.396960968
2.155965200,-5.388828901
2.156168600,-5.388694932
2.156372100,-5.388562865
2.156575500,-5.384428897
2.156779000,-5.384296830
2.156982400,-5.380162862
2.157185900,-5.376030794
2.157389300,-5.375896826
2.157592800,-5.375764759
2.157796200,-5.375630791
2.157999700,-5.367498723
2.158203100,-5.367364755
2.158406600,-5.367232688
2.158610000,-5.363098720
2.158813500,-5.362966653
2.159016900,-5.362832685
2.159220400,-5.354700617
2.159423800,-5.354566649
2.159627300,-5.354434582
2.159830700,-5.354300614
2.160034200,-5.350168546
2.160237600,-5.346034578
2.160441100,-5.345902511
2.160644500,-5.341768543
2.160848000,-5.341636476
2.161051400,-5.341502507
2.161254900,-5.333370440
2.161458300,-5.333236472
2.161661800,-5.333104405
2.161865200,-5.328970437
2.162068700,-5.328838369
2.162272100,-5.328704401
2.162475600,-5.328572334
2.162679000,-5.320438366
2.162882500,-5.320306298
2.163085900,-5.320172330
2.163289400,-5.316040263
2.163492800,-5.315906295
2.163696300,-5.311774228
2.163899700,-5.307640260
2.164103200,-5.307508192
2.164306600,-5.307374224
2.164510100,-5.307242157
2.164713500,-5.303108189
2.164917000,-5.298976121
2.165120400,-5.298842153
2.165323900,-5.294710086
2.165527300,-5.294576118
2.165730800,-5.294444051
2.165934200,-5.290310082
2.166137700,-5.286178015
2.166341100,-5.286044047
2.166544600,-5.285911980
2.166748000,-5.281778012
2.166951500,-5.281645944
2.167154900,-5.281511976
2.167358400,-5.277379909
2.167561800,-5.273245941
2.167765300,-5.273113873
2.167968700,-5.268979905
2.168172200,-5.268847838
2.168375700,-5.268715771
2.168579100,-5.268581803
2.168782600,-5.264449735
2.168986000,-5.260315767
2.169189500,-5.260183700
2.169392900,-5.256049732
2.169596400,-5.255917664
2.169799800,-5.255783696
2.170003300,-5.251651629
2.170206700,-5.251517661
2.170410200,-5.247385594
2.170613600,-5.247251626
2.170817100,-5.243119558
2.171020500,-5.242985590
2.171224000,-5.242853523
2.171427400,-5.238719555
2.171630900,-5.238587487
2.171834300,-5.234453519
2.172037800,-5.230321452
2.172241200,-5.230187484
2.172444700,-5.230055416
2.172648100,-5.225921448
2.172851600,-5.225789381
2.173055000,-5.225655413
2.173258500,-5.221523346
2.173461900,-5.217389378
2.173665400,-5.217257310
2.173868800,-5.217123342
2.174072300,-5.212991275
2.174275700,-5.212857307
2.174479200,-5.212725239
2.174682600,-5.204591271
2.174886100,-5.204459204
2.175089500,-5.204325236
2.175293000,-5.204193169
2.175496400,-5.200059201
2.175699900,-5.199927133
2.175903300,-5.195793165
2.176106800,-5.191661098
2.176310200,-5.191527130
2.176513700,-5.191395062
2.176717100,-5.187261094
2.176920600,-5.187129027
2.177124000,-5.182995059
2.177327500,-5.182862991
2.177530900,-5.178729023
2.177734400,-5.178596956
2.177937800,-5.178462988
2.178141300,-5.170330921
2.178344700,-5.170196953
2.178548200,-5.170064885
2.178751600,-5.165930917
2.178955100,-5.165798850
2.179158500,-5.161664882
2.179362000,-5.161532814
2.179565400,-5.157398846
2.179768900,-5.157266779
2.179972300,-5.157132811
2.180175800,-5.149000744
2.180379200,-5.148866776
2.180582700,-5.148734708
2.180786100,-5.144600740
2.180989600,-5.140468673
2.181193000,-5.140334705
2.181396500,-5.136202637
2.181599900,-5.136068669
2.181803400,-5.131936602
2.182006800,-5.131802634
2.182210300,-5.127670566
2.182413700,-5.127536598
2.182617200,-5.127404531
2.182820600,-5.119270563
2.183024100,-5.119138496
2.183227500,-5.119004528
2.183431000,-5.114872460
2.183634400,-5.110738492
2.183837900,-5.110606425
2.184041300,-5.110472457
2.184244800,-5.106340389
2.184448200,-5.102206421
2.184651700,-5.102074354
2.184855100,-5.097940386
2.185058600,-5.097808319
2.185262000,-5.097674351
2.185465500,-5.089542283
2.185668900,-5.089408315
2.185872400,-5.089276248
2.186075800,-5.089142280
2.186279300,-5.081010212
2.186482700,-5.080876244
2.186686200,-5.080744177
2.186889600,-5.076610209
2.187093100,-5.072478141
2.187296500,-5.072344173
2.187500000,-5.068212106
2.187703500,-5.068080039
2.187906900,-5.067946071
2.188110400,-5.063814003
2.188313800,-5.059680035
2.188517300,-5.059547968
2.188720700,-5.059414000
2.188924200,-5.051281932
2.189127600,-5.051147964
2.189331100,-5.051015897
2.189534500,-5.046881929
2.189738000,-5.042749862
2.189941400,-5.042615894
2.190144900,-5.038483826
2.190348300,-5.038349858
2.190551800,-5.034217791
2.190755200,-5.034083823
2.190958700,-5.029951755
2.191162100,-5.029817787
2.191365600,-5.025685720
2.191569000,-5.021551752
2.191772500,-5.021419685
2.191975900,-5.021285716
2.192179400,-5.013153649
2.192382800,-5.013019681
2.192586300,-5.012887614
2.192789700,-5.012753646
2.192993200,-5.004621578
2.193196600,-5.004487610
2.193400100,-5.004355543
2.193603500,-4.996221575
2.193807000,-4.996089507
2.194010400,-4.995955539
2.194213900,-4.987823472
2.194417300,-4.987689504
2.194620800,-4.987557437
2.194824200,-4.987423469
2.195027700,-4.979291401
2.195231100,-4.979157433
2.195434600,-4.979025366
2.195638000,-4.974891398
2.195841500,-4.970759330
2.196044900,-4.970625362
2.196248400,-4.966493295
2.196451800,-4.966359327
2.196655300,-4.962227260
2.196858700,-4.962093291
2.197062200,-4.957961224
2.197265600,-4.957827256
2.197469100,-4.953695189
2.197672500,-4.949561221
2.197876000,-4.949429153
2.198079400,-4.949295185
2.198282900,-4.941163118
2.198486300,-4.941029150
2.198689800,-4.940897082
2.198893200,-4.940763114
2.199096700,-4.936631047
2.199300100,-4.936497079
2.199503600,-4.932365012
2.199707000,-4.928231044
2.199910500,-4.928098976
2.200113900,-4.927965008
2.200317400,-4.923832941
2.200520800,-4.923698973
2.200724300,-4.919566905
2.200927700,-4.915432937
2.201131200,-4.915300870
2.201334600,-4.915166902
2.201538100,-4.915034835
2.201741500,-4.910900866
2.201945000,-4.910768799
2.202148400,-4.910634831
2.202351900,-4.906502764
2.202555300,-4.906368796
2.202758800,-4.906236728
2.202962200,-4.898102760
2.203165700,-4.897970693
2.203369100,-4.897836725
2.203572600,-4.897704657
2.203776000,-4.893570689
2.203979500,-4.893438622
2.204182900,-4.893304654
2.204386400,-4.889172587
2.204589800,-4.889038619
2.204793300,-4.888906551
2.204996700,-4.884772583
2.205200200,-4.884640516
2.205403600,-4.884506548
2.205607100,-4.884374480
2.205810500,-4.880240512
2.206014000,-4.884108445
2.206217400,-4.883974477
2.206420900,-4.879842410
2.206624300,-4.879708441
2.206827800,-4.879576374
2.207031200,-4.875442406
2.207234700,-4.875310339
2.207438200,-4.875178271
2.207641600,-4.875044303
2.207845100,-4.870912236
2.208048500,-4.870778268
2.208252000,-4.870646201
2.208455400,-4.866512232
2.208658900,-4.866380165
2.208862300,-4.866246197
2.209065800,-4.862114130
2.209269200,-4.865980162
2.209472700,-4.865848094
2.209676100,-4.861714126
2.209879600,-4.861582059
2.210083000,-4.861448091
2.210286500,-4.861316023
2.210489900,-4.857182055
2.210693400,-4.857049988
2.210896800,-4.856916020
2.211100300,-4.852783953
2.211303700,-4.852649985
2.211507200,-4.852517917
2.211710600,-4.852383949
2.211914100,-4.852251882
2.212117500,-4.852117914
2.212321000,-4.851985846
2.212524400,-4.847851878
2.212727900,-4.847719811
2.212931300,-4.847585843
2.213134800,-4.843453775
2.213338200,-4.843319807
2.213541700,-4.843187740
2.213745100,-4.839053772
2.213948600,-4.838921705
2.214152000,-4.838787737
2.214355500,-4.838655669
2.214558900,-4.834521701
2.214762400,-4.834389634
2.214965800,-4.834255666
2.215169300,-4.834123598
2.215372700,-4.833989630
2.215576200,-4.833857563
2.215779600,-4.829723595
2.215983100,-4.829591528
2.216186500,-4.829457560
2.216390000,-4.829325492
2.216593400,-4.825191524
2.216796900,-4.825059457
2.217000300,-4.824925489
2.217203800,-4.820793421
2.217407200,-4.820659453
2.217610700,-4.820527386
2.217814100,-4.816393418
2.218017600,-4.816261350
2.218221000,-4.816127382
2.218424500,-4.815995315
2.218627900,-4.811861347
2.218831400,-4.811729280
2.219034800,-4.811595312
2.219238300,-4.811463244
2.219441700,-4.811329276
2.219645200,-4.811197209
2.219848600,-4.807063241
2.220052100,-4.806931173
2.220255500,-4.806797205
2.220459000,-4.802665138
2.220662400,-4.802531170
2.220865900,-4.802399103
2.221069300,-4.802265135
2.221272800,-4.798133067
2.221476200,-4.797999099
2.221679700,-4.797867032
2.221883100,-4.797733064
2.222086600,-4.797600996
2.222290000,-4.797467028
2.222493500,-4.793334961
2.222696900,-4.793200993
2.222900400,-4.793068925
2.223103800,-4.792934957
2.223307300,-4.792802890
2.223510700,-4.792668922
2.223714200,-4.792536855
2.223917600,-4.788402887
2.224121100,-4.788270819
2.224324500,-4.788136851
2.224528000,-4.788004784
2.224731400,-4.787870816
2.224934900,-4.787738748
2.225138300,-4.787604780
2.225341800,-4.783472713
2.225545200,-4.787338745
2.225748700,-4.787206678
2.225952100,-4.783072710
2.226155600,-4.782940642
2.226359000,-4.782806674
2.226562500,-4.782674607
2.226766000,-4.782542539
2.226969400,-4.782408571
2.227172900,-4.782276504
2.227376300,-4.782142536
2.227579800,-4.782010469
2.227783200,-4.781876500
2.227986700,-4.781744433
2.228190100,-4.781610465
2.228393600,-4.781478398
2.228597000,-4.781344430
2.228800500,-4.781212362
2.229003900,-4.781078394
2.229207400,-4.780946327
2.229410800,-4.780812359
2.229614300,-4.780680291
2.229817700,-4.780546323
2.230021200,-4.780414256
2.230224600,-4.780280288
2.230428100,-4.780148221
2.230631500,-4.780014253
2.230835000,-4.779882185
2.231038400,-4.779748217
2.231241900,-4.779616150
2.231445300,-4.779482182
2.231648800,-4.779350114
2.231852200,-4.783216146
2.232055700,-4.779084079
2.232259100,-4.782950111
2.232462600,-4.782818044
2.232666000,-4.782684075
2.232869500,-4.782552008
2.233072900,-4.782418040
2.233276400,-4.782285973
2.233479800,-4.782152005
2.233683300,-4.782019937
2.233886700,-4.785885969
2.234090200,-4.781753902
2.234293600,-4.785619934
2.234497100,-4.785487866
2.234700500,-4.785353898
2.234904000,-4.785221831
2.235107400,-4.785087863
2.235310900,-4.784955796
2.235514300,-4.784821828
2.235717800,-4.788689760
2.235921200,-4.788555792
2.236124700,-4.788423725
2.236328100,-4.788289757
2.236531600,-4.788157689
2.236735000,-4.788023721
2.236938500,-4.787891654
2.237141900,-4.791757686
2.237345400,-4.787625619
2.237548800,-4.791491650
2.237752300,-4.791359583
2.237955700,-4.791225615
2.238159200,-4.791093548
2.238362600,-4.794959580
2.238566100,-4.794827512
2.238769500,-4.794693544
2.238973000,-4.794561477
2.239176400,-4.794427509
2.239379900,-4.794295441
2.239583300,-4.798161473
2.239786800,-4.798029406
2.239990200,-4.797895438
2.240193700,-4.797763371
2.240397100,-4.797629403
2.240600600,-4.801497335
2.240804000,-4.801363367
2.241007500,-4.801231300
2.241210900,-4.801097332
2.241414400,-4.800965264
2.241617800,-4.800831296
2.241821300,-4.804699229
2.242024700,-4.804565261
2.242228200,-4.804433194
2.242431600,-4.804299225
2.242635100,-4.808167158
2.242838500,-4.804033190
2.243042000,-4.807901123
2.243245400,-4.807767155
2.243448900,-4.807635087
2.243652300,-4.807501119
2.243855800,-4.811369052
2.244059200,-4.807235084
2.244262700,-4.811103016
2.244466100,-4.810969048
2.244669600,-4.814836981
2.244873000,-4.810703013
2.245076500,-4.814570946
2.245279900,-4.814436978
2.245483400,-4.814304910
2.245686800,-4.814170942
2.245890300,-4.814038875
2.246093700,-4.813904907
2.246297200,-4.817772839
2.246500700,-4.817640772
2.246704100,-4.817506804
2.246907600,-4.817374737
2.247111000,-4.817240769
2.247314500,-4.821108701
2.247517900,-4.820974733
2.247721400,-4.820842666
2.247924800,-4.820708698
2.248128300,-4.820576630
2.248331700,-4.820442662
2.248535200,-4.824310595
2.248738600,-4.820176627
2.248942100,-4.824044560
2.249145500,-4.823910591
2.249349000,-4.827778524
2.249552400,-4.823644556
2.249755900,-4.827512489
2.249959300,-4.827378521
2.250162800,-4.827246453
2.250366200,-4.827112485
2.250569700,-4.830980418
2.250773100,-4.826846450
2.250976600,-4.830714382
2.251180000,-4.830580414
2.251383500,-4.830448347
2.251586900,-4.830314379
2.251790400,-4.834182312
2.251993800,-4.834048344
2.252197300,-4.833916276
2.252400700,-4.833782308
2.252604200,-4.837650241
2.252807600,-4.833516273
2.253011100,-4.837384205
2.253214500,-4.837250237
2.253418000,-4.841118170
2.253621400,-4.836984202
2.253824900,-4.840852134
2.254028300,-4.840718166
2.254231800,-4.840586099
2.254435200,-4.844452131
2.254638700,-4.844320064
2.254842100,-4.844186096
2.255045600,-4.844054028
2.255249000,-4.847920060
2.255452500,-4.847787993
2.255655900,-4.847654025
2.255859400,-4.847521957
2.256062800,-4.851387989
2.256266300,-4.851255922
2.256469700,-4.851121954
2.256673200,-4.854989887
2.256876600,-4.854855919
2.257080100,-4.854723851
2.257283500,-4.858589883
2.257487000,-4.858457816
2.257690400,-4.858323848
2.257893900,-4.862191780
2.258097300,-4.862057812
2.258300800,-4.861925745
2.258504200,-4.861791777
2.258707700,-4.865659709
2.258911100,-4.865525741
2.259114600,-4.869393674
2.259318000,-4.869259706
2.259521500,-4.869127639
2.259724900,-4.872993671
2.259928400,-4.872861603
2.260131800,-4.876727635
2.260335300,-4.876595568
2.260538700,-4.876461600
2.260742200,-4.880329532
2.260945600,-4.880195564
2.261149100,-4.880063497
2.261352500,-4.883929529
2.261556000,-4.883797462
2.261759400,-4.883663494
2.261962900,-4.887531426
2.262166300,-4.887397458
2.262369800,-4.891265391
2.262573200,-4.891131423
2.262776700,-4.894999355
2.262980100,-4.894865387
2.263183600,-4.894733320
2.263387000,-4.898599352
2.263590500,-4.898467284
2.263793900,-4.902333316
2.263997400,-4.902201249
2.264200800,-4.906067281
2.264404300,-4.905935214
2.264607700,-4.905801246
2.264811200,-4.909669178
2.265014600,-4.909535210
2.265218100,-4.913403143
2.265421500,-4.913269175
2.265625000,-4.913137107
2.265828500,-4.917005040
2.266031900,-4.916871072
2.266235400,-4.920739005
2.266438800,-4.920605037
2.266642300,-4.924472969
2.266845700,-4.924339001
2.267049200,-4.924206934
2.267252600,-4.928072966
2.267456100,-4.931940898
2.267659500,-4.931806930
2.267863000,-4.931674863
2.268066400,-4.935540895
2.268269900,-4.935408828
2.268473300,-4.939274859
2.268676800,-4.939142792
2.268880200,-4.943008824
2.269083700,-4.942876757
2.269287100,-4.946742789
2.269490600,-4.946610721
2.269694000,-4.946476753
2.269897500,-4.950344686
2.270100900,-4.950210718
2.270304400,-4.954078650
2.270507800,-4.953944682
2.270711300,-4.957812615
2.270914700,-4.957678647
2.271118200,-4.961546580
2.271321600,-4.961412612
2.271525100,-4.965280544
2.271728500,-4.965146576
2.271932000,-4.969014509
2.272135400,-4.968880541
2.272338900,-4.968748473
2.272542300,-4.972614505
2.272745800,-4.976482438
2.272949200,-4.976348470
2.273152700,-4.976216403
2.273356100,-4.980082434
2.273559600,-4.983950367
2.273763000,-4.983816399
2.273966500,-4.983684332
2.274169900,-4.987550364
2.274373400,-4.987418296
2.274576800,-4.991284328
2.274780300,-4.991152261
2.274983700,-4.995018293
2.275187200,-4.994886225
2.275390600,-4.998752257
2.275594100,-4.998620190
2.275797500,-5.002486222
2.276001000,-5.002354155
2.276204400,-5.006220187
2.276407900,-5.006088119
2.276611300,-5.009954151
2.276814800,-5.009822084
2.277018200,-5.009688116
2.277221700,-5.013556048
2.277425100,-5.013422080
2.277628600,-5.017290013
2.277832000,-5.017156045
2.278035500,-5.021023978
2.278238900,-5.020890009
2.278442400,-5.020757942
2.278645800,-5.024623974
2.278849300,-5.024491907
2.279052700,-5.024357939
2.279256200,-5.028225871
2.279459600,-5.028091903
2.279663100,-5.031959836
2.279866500,-5.031825868
2.280070000,-5.031693800
2.280273400,-5.035559832
2.280476900,-5.035427765
2.280680300,-5.035293797
2.280883800,-5.035161730
2.281087200,-5.035027762
2.281290700,-5.038895694
2.281494100,-5.038761726
2.281697600,-5.042629659
2.281901000,-5.038495691
2.282104500,-5.042363623
2.282307900,-5.042229655
2.282511400,-5.042097588
2.282714800,-5.041963620
2.282918300,-5.045831553
2.283121700,-5.041697584
2.283325200,-5.045565517
2.283528600,-5.045431549
2.283732100,-5.045299482
2.283935500,-5.045165514
2.284139000,-5.045033446
2.284342400,-5.044899478
2.284545900,-5.044767411
2.284749300,-5.044633443
2.284952800,-5.044501375
2.285156200,-5.044367407
2.285359700,-5.044235340
2.285563200,-5.044103273
2.285766600,-5.039969305
2.285970100,-5.043837237
2.286173500,-5.043703269
2.286377000,-5.043571202
2.286580400,-5.039437234
2.286783900,-5.039305166
2.286987300,-5.039171198
2.287190800,-5.035039131
2.287394200,-5.038905163
2.287597700,-5.038773096
2.287801100,-5.034639128
2.288004600,-5.034507060
2.288208000,-5.034373092
2.288411500,-5.034241025
2.288614900,-5.030107057
2.288818400,-5.029974989
2.289021800,-5.025841021
2.289225300,-5.021708954
2.289428700,-5.021574986
2.289632200,-5.021442918
2.289835600,-5.017308950
2.290039100,-5.017176883
2.290242500,-5.017042915
2.290446000,-5.012910848
2.290649400,-5.008776880
2.290852900,-5.008644812
2.291056300,-5.008510844
2.291259800,-5.000378777
2.291463200,-5.000244809
2.291666700,-5.000112741
2.291870100,-4.995978773
2.292073600,-4.991846706
2.292277000,-4.991712738
2.292480500,-4.991580671
2.292683900,-4.983446703
2.292887400,-4.983314635
2.293090800,-4.983180667
2.293294300,-4.975048600
2.293497700,-4.974914632
2.293701200,-4.974782564
2.293904600,-4.966648596
2.294108100,-4.966516529
2.294311500,-4.962382561
2.294515000,-4.962250493
2.294718400,-4.954116525
2.294921900,-4.953984458
2.295125300,-4.953850490
2.295328800,-4.945718423
2.295532200,-4.945584455
2.295735700,-4.941452387
2.295939100,-4.937318419
2.296142600,-4.933186352
2.296346000,-4.933052384
2.296549500,-4.924920316
2.296752900,-4.924786348
2.296956400,-4.924654281
2.297159800,-4.920520313
2.297363300,-4.916388246
2.297566700,-4.912254278
2.297770200,-4.912122210
2.297973600,-4.903988242
2.298177100,-4.903856175
2.298380500,-4.903722207
2.298584000,-4.895590139
2.298787400,-4.895456171
2.298990900,-4.895324104
2.299194300,-4.891190136
2.299397800,-4.887058068
2.299601200,-4.886924100
2.299804700,-4.882792033
2.300008100,-4.878658065
2.300211600,-4.878525998
2.300415000,-4.874392030
2.300618500,-4.870259962
2.300821900,-4.870125994
2.301025400,-4.869993927
2.301228800,-4.865859959
2.301432300,-4.861727891
2.301635700,-4.861593923
2.301839200,-4.861461856
2.302042600,-4.853327888
2.302246100,-4.853195821
2.302449500,-4.853061853
2.302653000,-4.848929785
2.302856400,-4.848795817
2.303059900,-4.848663750
2.303263300,-4.848529782
2.303466800,-4.844397714
2.303670200,-4.844263746
2.303873700,-4.844131679
2.304077100,-4.839997711
2.304280600,-4.839865643
2.304484000,-4.839731675
2.304687500,-4.835599608
2.304891000,-4.835467541
2.305094400,-4.835333573
2.305297900,-4.831201505
2.305501300,-4.831067537
2.305704800,-4.830935470
2.305908200,-4.830801502
2.306111700,-4.830669434
2.306315100,-4.830535466
2.306518600,-4.830403399
2.306722000,-4.830269431
2.306925500,-4.830137364
2.307128900,-4.830003396
2.307332400,-4.825871328
2.307535800,-4.829737360
2.307739300,-4.829605293
2.307942700,-4.829471325
2.308146200,-4.829339257
2.308349600,-4.829205289
2.308553100,-4.829073222
2.308756500,-4.828939254
2.308960000,-4.828807187
2.309163400,-4.832673218
2.309366900,-4.828541151
2.309570300,-4.832407183
2.309773800,-4.832275116
2.309977200,-4.832141148
2.310180700,-4.832009080
2.310384100,-4.835875112
2.310587600,-4.835743045
2.310791000,-4.835609077
2.310994500,-4.835477009
2.311197900,-4.839343041
2.311401400,-4.839210974
2.311604800,-4.839077006
2.311808300,-4.838944939
2.312011700,-4.842810971
2.312215200,-4.842678903
2.312418600,-4.842544935
2.312622100,-4.846412868
2.312825500,-4.846278900
2.313029000,-4.846146832
2.313232400,-4.850012864
2.313435900,-4.849880797
2.313639300,-4.849746829
2.313842800,-4.853614762
2.314046200,-4.853480793
2.314249700,-4.853348726
2.314453100,-4.857214758
2.314656600,-4.857082691
2.314860000,-4.856948723
2.315063500,-4.856816655
2.315266900,-4.860682687
2.315470400,-4.860550620
2.315673800,-4.860416652
2.315877300,-4.864284584
2.316080700,-4.864150616
2.316284200,-4.864018549
2.316487600,-4.867884581
2.316691100,-4.867752514
2.316894500,-4.867618546
2.317098000,-4.871486478
2.317301400,-4.871352510
2.317504900,-4.871220443
2.317708300,-4.875086475
2.317911800,-4.874954407
2.318115200,-4.874820439
2.318318700,-4.878688372
2.318522100,-4.878554404
2.318725600,-4.882422337
2.318929000,-4.882288368
2.319132500,-4.882156301
2.319335900,-4.886022333
2.319539400,-4.885890266
2.319742800,-4.885756298
2.319946300,-4.889624230
2.320149700,-4.889490262
2.320353200,-4.889358195
2.320556600,-4.893224227
2.320760100,-4.893092159
2.320963500,-4.892958191
2.321167000,-4.896826124
2.321370400,-4.896692156
2.321573900,-4.896560089
2.321777300,-4.900426121
2.321980800,-4.900294053
2.322184200,-4.900160085
2.322387700,-4.904028018
2.322591100,-4.903894050
2.322794600,-4.907761982
2.322998000,-4.907628014
2.323201500,-4.907495947
2.323404900,-4.911361979
2.323608400,-4.911229912
2.323811800,-4.911095943
2.324015300,-4.914963876
2.324218700,-4.914829908
2.324422200,-4.914697841
2.324625700,-4.918565773
2.324829100,-4.918431805
2.325032600,-4.918299738
2.325236000,-4.922165770
2.325439500,-4.922033703
2.325642900,-4.925899734
2.325846400,-4.925767667
2.326049800,-4.929633699
2.326253300,-4.929501632
2.326456700,-4.929367664
2.326660200,-4.933235596
2.326863600,-4.933101628
2.327067100,-4.936969561
2.327270500,-4.936835593
2.327474000,-4.940703525
2.327677400,-4.940569557
2.327880900,-4.944437490
2.328084300,-4.944303522
2.328287800,-4.944171455
2.328491200,-4.948037487
2.328694700,-4.951905419
2.328898100,-4.951771451
2.329101600,-4.955639384
2.329305000,-4.955505416
2.329508500,-4.959373348
2.329711900,-4.959239380
2.329915400,-4.963107313
2.330118800,-4.966973345
2.330322300,-4.966841277
2.330525700,-4.970707309
2.330729200,-4.974575242
2.330932600,-4.974441274
2.331136100,-4.978309207
2.331339500,-4.978175239
2.331543000,-4.982043171
2.331746400,-4.985909203
2.331949900,-4.989777136
2.332153300,-4.989643168
2.332356800,-4.993511100
2.332560200,-4.997377132
2.332763700,-5.001245065
2.332967100,-5.001111097
2.333170600,-5.004979030
2.333374000,-5.008845062
2.333577500,-5.012712994
2.333780900,-5.012579026
2.333984400,-5.016446959
2.334187800,-5.020312991
2.334391300,-5.024180923
2.334594700,-5.028046955
2.334798200,-5.031914888
2.335001600,-5.035780920
2.335205100,-5.039648852
2.335408500,-5.043514884
2.335612000,-5.047382817
2.335815400,-5.047248849
2.336018900,-5.051116782
2.336222300,-5.054982814
2.336425800,-5.058850746
2.336629200,-5.062716778
2.336832700,-5.066584711
2.337036100,-5.070450743
2.337239600,-5.078318675
2.337443000,-5.082184707
2.337646500,-5.086052640
2.337849900,-5.089918672
2.338053400,-5.093786605
2.338256800,-5.097652637
2.338460300,-5.101520569
2.338663700,-5.105386601
2.338867200,-5.109254534
2.339070600,-5.113120566
2.339274100,-5.116988498
2.339477500,-5.124854530
2.339681000,-5.128722463
2.339884400,-5.132588495
2.340087900,-5.136456427
2.340291300,-5.140322459
2.340494800,-5.148190392
2.340698200,-5.152056424
2.340901700,-5.155924357
2.341105100,-5.159790389
2.341308600,-5.163658321
2.341512000,-5.167524353
2.341715500,-5.175392286
2.341918900,-5.179258318
2.342122400,-5.183126250
2.342325800,-5.186992282
2.342529300,-5.194860215
2.342732700,-5.198726247
2.342936200,-5.202594180
2.343139600,-5.210460212
2.343343100,-5.214328144
2.343546500,-5.218194176
2.343750000,-5.222062109
2.343953500,-5.229930041
2.344156900,-5.233796073
2.344360400,-5.237664006
2.344563800,-5.245530038
2.344767300,-5.249397971
2.344970700,-5.253264002
2.345174200,-5.261131935
2.345377600,-5.264997967
2.345581100,-5.268865900
2.345784500,-5.276731932
2.345988000,-5.280599864
2.346191400,-5.284465896
2.346394900,-5.292333829
2.346598300,-5.296199861
2.346801800,-5.300067793
2.347005200,-5.303933825
2.347208700,-5.311801758
2.347412100,-5.315667790
2.347615600,-5.323535723
2.347819000,-5.327401755
2.348022500,-5.331269687
2.348225900,-5.339135719
2.348429400,-5.343003652
2.348632800,-5.350869684
2.348836300,-5.354737616
2.349039700,-5.358603648
2.349243200,-5.366471581
2.349446600,-5.370337613
2.349650100,-5.374205546
2.349853500,-5.382071577
2.350057000,-5.385939510
2.350260400,-5.393805542
2.350463900,-5.397673475
2.350667300,-5.405539507
2.350870800,-5.409407439
2.351074200,-5.413273471
2.351277700,-5.421141404
2.351481100,-5.425007436
2.351684600,-5.432875368
2.351888000,-5.436741400
2.352091500,-5.444609333
2.352294900,-5.448475365
2.352498400,-5.456343298
2.352701800,-5.460209330
2.352905300,-5.464077262
2.353108700,-5.471943294
2.353312200,-5.479811227
2.353515600,-5.483677259
2.353719100,-5.487545191
2.353922500,-5.495411223
2.354126000,-5.499279156
2.354329400,-5.507145188
2.354532900,-5.515013121
2.354736300,-5.518879152
2.354939800,-5.522747085
2.355143200,-5.530613117
2.355346700,-5.538481050
2.355550100,-5.542347082
2.355753600,-5.550215014
2.355957000,-5.554081046
2.356160500,-5.561948979
2.356363900,-5.565815011
2.356567400,-5.573682943
2.356770800,-5.581548975
2.356974300,-5.585416908
2.357177700,-5.593282940
2.357381200,-5.601150873
2.357584600,-5.605016905
2.357788100,-5.612884837
2.357991500,-5.620750869
2.358195000,-5.624618802
2.358398400,-5.632484834
2.358601900,-5.640352766
2.358805300,-5.644218798
2.359008800,-5.652086731
2.359212200,-5.659952763
2.359415700,-5.663820696
2.359619100,-5.671686727
2.359822600,-5.675554660
2.360026000,-5.687420692
2.360229500,-5.691288625
2.360432900,-5.699154657
2.360636400,-5.707022589
2.360839800,-5.710888621
2.361043300,-5.718756554
2.361246700,-5.726622586
2.361450200,-5.734490518
2.361653600,-5.738356550
2.361857100,-5.750224483
2.362060500,-5.754090515
2.362264000,-5.761958448
2.362467400,-5.769824480
2.362670900,-5.777692412
2.362874300,-5.785558444
2.363077800,-5.789426377
2.363281200,-5.801292409
2.363484700,-5.805160341
2.363688200,-5.813028274
2.363891600,-5.820894306
2.364095100,-5.828762239
2.364298500,-5.836628271
2.364502000,-5.844496203
2.364705400,-5.852362235
2.364908900,-5.860230168
2.365112300,-5.868096200
2.365315800,-5.875964132
2.365519200,-5.883830164
2.365722700,-5.891698097
2.365926100,-5.899564129
2.366129600,-5.907432062
2.366333000,-5.915298093
2.366536500,-5.919166026
2.366739900,-5.931032058
2.366943400,-5.938899991
2.367146800,-5.946766023
2.367350300,-5.954633955
2.367553700,-5.962499987
2.367757200,-5.970367920
2.367960600,-5.982233952
2.368164100,-5.986101884
2.368367500,-5.993967916
2.368571000,-6.001835849
2.368774400,-6.013701881
2.368977900,-6.021569814
2.369181300,-6.025435846
2.369384800,-6.037303778
2.369588200,-6.045169810
2.369791700,-6.053037743
2.369995100,-6.064903775
2.370198600,-6.068771707
2.370402000,-6.076637739
2.370605500,-6.084505672
2.370808900,-6.096371704
2.371012400,-6.104239636
2.371215800,-6.112105668
2.371419300,-6.119973601
2.371622700,-6.127839633
2.371826200,-6.135707566
2.372029600,-6.147573598
2.372233100,-6.155441530
2.372436500,-6.163307562
2.372640000,-6.175175495
2.372843400,-6.179041527
2.373046900,-6.186909459
2.373250300,-6.194775491
2.373453800,-6.206643424
2.373657200,-6.214509456
2.373860700,-6.222377389
2.374064100,-6.230243421
2.374267600,-6.238111353
2.374471000,-6.245977385
2.374674500,-6.257845318
2.374877900,-6.265711350
2.375081400,-6.269579282
2.375284800,-6.277445314
2.375488300,-6.289313247
2.375691700,-6.297179279
2.375895200,-6.301047211
2.376098600,-6.312913243
2.376302100,-6.320781176
2.376505500,-6.328647208
2.376709000,-6.336515141
2.376912400,-6.344381173
2.377115900,-6.352249105
2.377319300,-6.356115137
2.377522800,-6.367983070
2.377726200,-6.371849102
2.377929700,-6.379717034
2.378133100,-6.387583066
2.378336600,-6.395450999
2.378540000,-6.403317031
2.378743500,-6.411184964
2.378946900,-6.415050996
2.379150400,-6.422918928
2.379353800,-6.430784960
2.379557300,-6.438652893
2.379760700,-6.442518925
2.379964200,-6.450386857
2.380167600,-6.458252889
2.380371100,-6.462120822
2.380574500,-6.469986854
2.380778000,-6.473854786
2.380981400,-6.481720818
2.381184900,-6.485588751
2.381388300,-6.493454783
2.381591800,-6.497322716
2.381795200,-6.505188748
2.381998700,-6.509056680
2.382202100,-6.512922712
2.382405600,-6.520790645
2.382609000,-6.524656677
2.382812500,-6.528524609
2.383016000,-6.536392542
2.383219400,-6.540258574
2.383422900,-6.544126507
2.383626300,-6.547992539
2.383829800,-6.551860471
2.384033200,-6.559726503
2.384236700,-6.563594436
2.384440100,-6.567460468
2.384643600,-6.571328400
2.384847000,-6.575194432
2.385050500,-6.579062365
2.385253900,-6.582928397
2.385457400,-6.586796330
2.385660800,-6.590662361
2.385864300,-6.594530294
2.386067700,-6.598396326
2.386271200,-6.602264259
2.386474600,-6.606130291
2.386678100,-6.605998223
2.386881500,-6.609864255
2.387085000,-6.613732188
2.387288400,-6.617598220
2.387491900,-6.621466152
2.387695300,-6.621332184
2.387898800,-6.625200117
2.388102200,-6.629066149
2.388305700,-6.632934082
2.388509100,-6.636800114
2.388712600,-6.636668046
2.388916000,-6.640534078
2.389119500,-6.644402011
2.389322900,-6.644268043
2.389526400,-6.648135975
2.389729800,-6.652002007
2.389933300,-6.655869940
2.390136700,-6.655735972
2.390340200,-6.659603905
2.390543600,-6.663469936
2.390747100,-6.663337869
2.390950500,-6.667203901
2.391154000,-6.671071834
2.391357400,-6.670937866
2.391560900,-6.674805798
2.391764300,-6.674671830
2.391967800,-6.678539763
2.392171200,-6.682405795
2.392374700,-6.682273727
2.392578100,-6.686139759
2.392781600,-6.690007692
2.392985000,-6.689873724
2.393188500,-6.693741657
2.393391900,-6.697607689
2.393595400,-6.697475621
2.393798800,-6.701341653
2.394002300,-6.705209586
2.394205700,-6.705075618
2.394409200,-6.708943550
2.394612600,-6.712809582
2.394816100,-6.716677515
2.395019500,-6.716543547
2.395223000,-6.720411480
2.395426400,-6.724277511
2.395629900,-6.724145444
2.395833300,-6.728011476
2.396036800,-6.731879409
2.396240200,-6.731745441
2.396443700,-6.735613373
2.396647100,-6.739479405
2.396850600,-6.743347338
2.397054000,-6.743213370
2.397257500,-6.747081302
2.397460900,-6.750947334
2.397664400,-6.750815267
2.397867800,-6.754681299
2.398071300,-6.758549232
2.398274700,-6.762415264
2.398478200,-6.766283196
2.398681600,-6.766149228
2.398885100,-6.770017161
2.399088500,-6.773883193
2.399292000,-6.777751125
2.399495400,-6.781617157
2.399698900,-6.781485090
2.399902300,-6.785351122
2.400105800,-6.789219055
2.400309200,-6.793085086
2.400512700,-6.796953019
2.400716100,-6.800819051
2.400919600,-6.800686984
2.401123000,-6.804553016
2.401326500,-6.808420948
2.401529900,-6.812286980
2.401733400,-6.816154913
2.401936800,-6.820020945
2.402140300,-6.823888877
2.402343800,-6.827756810
2.402547200,-6.831622842
2.402750700,-6.835490775
2.402954100,-6.835356807
2.403157600,-6.839224739
2.403361000,-6.843090771
2.403564500,-6.846958704
2.403767900,-6.850824736
2.403971400,-6.854692668
2.404174800,-6.858558700
2.404378300,-6.862426633
2.404581700,-6.866292665
2.404785200,-6.870160598
2.404988600,-6.874026630
2.405192100,-6.877894562
2.405395500,-6.881760594
2.405599000,-6.885628527
2.405802400,-6.889494559
2.406005900,-6.893362491
2.406209300,-6.897228523
2.406412800,-6.905096456
2.406616200,-6.908962488
2.406819700,-6.912830421
2.407023100,-6.916696452
2.407226600,-6.920564385
2.407430000,-6.924430417
2.407633500,-6.928298350
2.407836900,-6.932164382
2.408040400,-6.936032314
2.408243800,-6.939898346
2.408447300,-6.943766279
2.408650700,-6.951632311
2.408854200,-6.955500243
2.409057600,-6.959366275
2.409261100,-6.963234208
2.409464500,-6.967100240
2.409668000,-6.970968173
2.409871400,-6.974834205
2.410074900,-6.978702137
2.410278300,-6.982568169
2.410481800,-6.990436102
2.410685200,-6.994302134
2.410888700,-6.998170066
2.411092100,-7.002036098
2.411295600,-7.005904031
2.411499000,-7.009770063
2.411702500,-7.017637995
2.411905900,-7.021504027
2.412109400,-7.025371960
2.412312800,-7.029237992
2.412516300,-7.033105925
2.412719700,-7.036971957
2.412923200,-7.040839889
2.413126600,-7.044705921
2.413330100,-7.052573854
2.413533500,-7.056439886
2.413737000,-7.060307818
2.413940400,-7.064173850
2.414143900,-7.068041783
2.414347300,-7.071907815
2.414550800,-7.075775748
2.414754200,-7.079641780
2.414957700,-7.087509712
2.415161100,-7.091375744
2.415364600,-7.095243677
2.415568000,-7.099109709
2.415771500,-7.102977641
2.415974900,-7.106843673
2.416178400,-7.110711606
2.416381800,-7.114577638
2.416585300,-7.118445570
2.416788700,-7.122311602
2.416992200,-7.126179535
2.417195600,-7.134045567
2.417399100,-7.137913500
2.417602500,-7.141779532
2.417806000,-7.145647464
2.418009400,-7.149513496
2.418212900,-7.153381429
2.418416300,-7.157247461
2.418619800,-7.161115393
2.418823200,-7.164981425
2.419026700,-7.168849358
2.419230100,-7.172715390
2.419433600,-7.176583323
2.419637000,-7.180449355
2.419840500,-7.184317287
2.420043900,-7.188183319
2.420247400,-7.192051252
2.420450800,-7.195917284
2.420654300,-7.199785216
2.420857700,-7.203651248
2.421061200,-7.207519181
2.421264600,-7.211385213
2.421468100,-7.215253145
2.421671500,-7.219119177
2.421875000,-7.222987110
2.422078500,-7.226855043
2.422281900,-7.230721075
2.422485400,-7.234589007
2.422688800,-7.238455039
2.422892300,-7.242322972
2.423095700,-7.246189004
2.423299200,-7.250056936
2.423502600,-7.253922968
2.423706100,-7.257790901
2.423909500,-7.261656933
2.424113000,-7.265524866
2.424316400,-7.269390898
2.424519900,-7.277258830
2.424723300,-7.281124862
2.424926800,-7.284992795
2.425130200,-7.288858827
2.425333700,-7.292726759
2.425537100,-7.296592791
2.425740600,-7.300460724
2.425944000,-7.304326756
2.426147500,-7.308194689
2.426350900,-7.312060720
2.426554400,-7.315928653
2.426757800,-7.319794685
2.426961300,-7.323662618
2.427164700,-7.327528650
2.427368200,-7.331396582
2.427571600,-7.335262614
2.427775100,-7.339130547
2.427978500,-7.342996579
2.428182000,-7.346864511
2.428385400,-7.350730543
2.428588900,-7.354598476
2.428792300,-7.358464508
2.428995800,-7.362332441
2.429199200,-7.366198473
2.429402700,-7.370066405
2.429606100,-7.373932437
2.429809600,-7.377800370
2.430013000,-7.381666402
2.430216500,-7.385534334
2.430419900,-7.389400366
2.430623400,-7.393268299
2.430826800,-7.397134331
2.431030300,-7.401002264
2.431233700,-7.408868295
2.431437200,-7.412736228
2.431640600,-7.416602260
2.431844100,-7.420470193
2.432047500,-7.424336225
2.432251000,-7.428204157
2.432454400,-7.432070189
2.432657900,-7.435938122
2.432861300,-7.439804154
2.433064800,-7.443672086
2.433268200,-7.447538118
2.433471700,-7.451406051
2.433675100,-7.455272083
2.433878600,-7.459140016
2.434082000,-7.463006048
2.434285500,-7.466873980
2.434488900,-7.470740012
2.434692400,-7.478607945
2.434895800,-7.482473977
2.435099300,-7.486341909
2.435302700,-7.490207941
2.435506200,-7.494075874
2.435709600,-7.497941906
2.435913100,-7.501809839
2.436116500,-7.505675870
2.436320000,-7.509543803
2.436523400,-7.513409835
2.436726900,-7.517277768
2.436930300,-7.521143800
2.437133800,-7.525011732
2.437337200,-7.532877764
2.437540700,-7.536745697
2.437744100,-7.540611729
2.437947600,-7.544479661
2.438151000,-7.548345693
2.438354500,-7.552213626
2.438557900,-7.556079658
2.438761400,-7.559947591
2.438964800,-7.563813623
2.439168300,-7.567681555
2.439371700,-7.571547587
2.439575200,-7.575415520
2.439778600,-7.583281552
2.439982100,-7.587149484
2.440185500,-7.591015516
2.440389000,-7.594883449
2.440592400,-7.598749481
2.440795900,-7.602617414
2.440999300,-7.606483445
2.441202800,-7.610351378
2.441406300,-7.614219311
2.441609700,-7.622085343
2.441813200,-7.625953275
2.442016600,-7.629819307
2.442220100,-7.633687240
2.442423500,-7.637553272
2.442627000,-7.641421205
2.442830400,-7.645287236
2.443033900,-7.649155169
2.443237300,-7.657021201
2.443440800,-7.660889134
2.443644200,-7.664755166
2.443847700,-7.668623098
2.444051100,-7.672489130
2.444254600,-7.676357063
2.444458000,-7.680223095
2.444661500,-7.688091027
2.444864900,-7.691957059
2.445068400,-7.695824992
2.445271800,-7.699691024
2.445475300,-7.703558957
2.445678700,-7.711424989
2.445882200,-7.715292921
2.446085600,-7.719158953
2.446289100,-7.723026886
2.446492500,-7.726892918
2.446696000,-7.730760850
2.446899400,-7.738626882
2.447102900,-7.742494815
2.447306300,-7.746360847
2.447509800,-7.750228779
2.447713200,-7.758094811
2.447916700,-7.761962744
2.448120100,-7.765828776
2.448323600,-7.769696709
2.448527000,-7.777562741
2.448730500,-7.781430673
2.448933900,-7.785296705
2.449137400,-7.793164638
2.449340800,-7.797030670
2.449544300,-7.800898602
2.449747700,-7.808764634
2.449951200,-7.812632567
2.450154600,-7.816498599
2.450358100,-7.824366532
2.450561500,-7.828232564
2.450765000,-7.832100496
2.450968400,-7.839966528
2.451171900,-7.843834461
2.451375300,-7.847700493
2.451578800,-7.855568425
2.451782200,-7.859434457
2.451985700,-7.867302390
2.452189100,-7.871168422
2.452392600,-7.879036354
2.452596000,-7.882902386
2.452799500,-7.890770319
2.453002900,-7.894636351
2.453206400,-7.902504284
2.453409800,-7.906370316
2.453613300,-7.914238248
2.453816700,-7.918104280
2.454020200,-7.925972213
2.454223600,-7.933838245
2.454427100,-7.937706177
2.454630500,-7.945572209
2.454834000,-7.949440142
2.455037400,-7.957306174
2.455240900,-7.961174107
2.455444300,-7.969040139
2.455647800,-7.976908071
2.455851200,-7.980774103
2.456054700,-7.988642036
2.456258100,-7.996508068
2.456461600,-8.000376000
2.456665000,-8.008242032
2.456868500,-8.016109965
2.457071900,-8.023975997
2.457275400,-8.027843929
2.457478800,-8.035709961
2.457682300,-8.043577894
2.457885700,-8.047443926
2.458089200,-8.055311859
2.458292600,-8.063177891
2.458496100,-8.071045823
2.458699500,-8.074911855
2.458903000,-8.086779788
2.459106400,-8.090645820
2.459309900,-8.098513752
2.459513300,-8.106379784
2.459716800,-8.114247717
2.459920200,-8.118113749
2.460123700,-8.125981682
2.460327100,-8.133847714
2.460530600,-8.141715646
2.460734000,-8.149581678
2.460937500,-8.157449611
2.461141000,-8.165317543
2.461344400,-8.169183575
2.461547900,-8.181051508
2.461751300,-8.188917540
2.461954800,-8.192785473
2.462158200,-8.200651504
2.462361700,-8.208519437
2.462565100,-8.216385469
2.462768600,-8.224253402
2.462972000,-8.232119434
2.463175500,-8.239987366
2.463378900,-8.247853398
2.463582400,-8.255721331
2.463785800,-8.263587363
2.463989300,-8.271455295
2.464192700,-8.279321327
2.464396200,-8.287189260
2.464599600,-8.295055292
2.464803100,-8.302923225
2.465006500,-8.314789257
2.465210000,-8.322657189
2.465413400,-8.326523221
2.465616900,-8.338391154
2.465820300,-8.346257186
2.466023800,-8.354125118
2.466227200,-8.361991150
2.466430700,-8.373859083
2.466634100,-8.377725115
2.466837600,-8.385593048
2.467041000,-8.397459079
2.467244500,-8.405327012
2.467447900,-8.413193044
2.467651400,-8.425060977
2.467854800,-8.432927009
2.468058300,-8.440794941
2.468261700,-8.452660973
2.468465200,-8.460528906
2.468668600,-8.468394938
2.468872100,-8.476262870
2.469075500,-8.488128902
2.469279000,-8.495996835
2.469482400,-8.503862867
2.469685900,-8.515730800
2.469889300,-8.523596832
2.470092800,-8.531464764
2.470296200,-8.543330796
2.470499700,-8.551198729
2.470703100,-8.559064761
2.470906600,-8.566932693
2.471110000,-8.578798725
2.471313500,-8.586666658
2.471516900,-8.594532690
2.471720400,-8.606400623
2.471923800,-8.614266654
2.472127300,-8.622134587
2.472330700,-8.634000619
2.472534200,-8.641868552
2.472737600,-8.645734584
2.472941100,-8.653602516
2.473144500,-8.665468548
2.473348000,-8.673336481
2.473551400,-8.681202513
2.473754900,-8.693070445
2.473958300,-8.700936477
2.474161800,-8.708804410
2.474365200,-8.720670442
2.474568700,-8.724538375
2.474772100,-8.732404407
2.474975600,-8.740272339
2.475179000,-8.752138371
2.475382500,-8.756006304
2.475585900,-8.763872336
2.475789400,-8.775740268
2.475992800,-8.779606300
2.476196300,-8.787474233
2.476399700,-8.795340265
2.476603200,-8.803208198
2.476806600,-8.811074229
2.477010100,-8.818942162
2.477213500,-8.826808194
2.477417000,-8.830676127
2.477620400,-8.838542159
2.477823900,-8.846410091
2.478027300,-8.850276123
2.478230800,-8.858144056
2.478434200,-8.866010088
2.478637700,-8.869878020
2.478841100,-8.873744052
2.479044600,-8.881611985
2.479248000,-8.889478017
2.479451500,-8.893345950
2.479654900,-8.897211982
2.479858400,-8.905079914
2.480061800,-8.908945946
2.480265300,-8.912813879
2.480468800,-8.920681811
2.480672200,-8.924547843
2.480875700,-8.928415776
2.481079100,-8.932281808
2.481282600,-8.940149741
2.481486000,-8.944015773
2.481689500,-8.947883705
2.481892900,-8.951749737
2.482096400,-8.955617670
2.482299800,-8.959483702
2.482503300,-8.963351634
2.482706700,-8.967217666
2.482910200,-8.971085599
2.483113600,-8.974951631
2.483317100,-8.978819564
2.483520500,-8.982685595
2.483724000,-8.986553528
2.483927400,-8.990419560
2.484130900,-8.994287493
2.484334300,-8.998153525
2.484537800,-9.002021457
2.484741200,-9.005887489
2.484944700,-9.009755422
2.485148100,-9.013621454
2.485351600,-9.017489386
2.485555000,-9.017355418
2.485758500,-9.021223351
2.485961900,-9.025089383
2.486165400,-9.028957316
2.486368800,-9.032823348
2.486572300,-9.036691280
2.486775700,-9.040557312
2.486979200,-9.044425245
2.487182600,-9.044291277
2.487386100,-9.048159209
2.487589500,-9.052025241
2.487793000,-9.055893174
2.487996400,-9.059759206
2.488199900,-9.063627138
2.488403300,-9.067493170
2.488606800,-9.067361103
2.488810200,-9.071227135
2.489013700,-9.075095068
2.489217100,-9.078961100
2.489420600,-9.082829032
2.489624000,-9.086695064
2.489827500,-9.086562997
2.490030900,-9.090429029
2.490234400,-9.094296961
2.490437800,-9.098162993
2.490641300,-9.102030926
2.490844700,-9.105896958
2.491048200,-9.109764891
2.491251600,-9.109630923
2.491455100,-9.113498855
2.491658500,-9.117364887
2.491862000,-9.121232820
2.492065400,-9.125098852
2.492268900,-9.128966784
2.492472300,-9.128832816
2.492675800,-9.132700749
2.492879200,-9.136566781
2.493082700,-9.140434713
2.493286100,-9.140300745
2.493489600,-9.144168678
2.493693000,-9.148034710
2.493896500,-9.151902643
2.494099900,-9.151768675
2.494303400,-9.155636607
2.494506800,-9.159502639
2.494710300,-9.163370572
2.494913700,-9.163236604
2.495117200,-9.167104536
2.495320600,-9.170970568
2.495524100,-9.170838501
2.495727500,-9.174704533
2.495931000,-9.174572466
2.496134400,-9.178438498
2.496337900,-9.182306430
2.496541300,-9.182172462
2.496744800,-9.186040395
2.496948200,-9.185906427
2.497151700,-9.189774359
2.497355100,-9.189640391
2.497558600,-9.193508324
2.497762000,-9.193374356
2.497965500,-9.193242288
2.498168900,-9.197108320
2.498372400,-9.196976253
2.498575800,-9.200842285
2.498779300,-9.200710218
2.498982700,-9.200576250
2.499186200,-9.204444182
2.499389600,-9.204310214
2.499593100,-9.204178147
2.499796500,-9.208044179
2.500000000,-9.203912111
2.500203500,-9.207780044
2.500406900,-9.207646076
2.500610400,-9.207514009
2.500813800,-9.207380041
2.501017300,-9.211247973
2.501220700,-9.211114005
2.501424200,-9.206981938
2.501627600,-9.210847970
2.501831100,-9.210715902
2.502034500,-9.210581934
2.502238000,-9.210449867
2.502441400,-9.210315899
2.502644900,-9.210183832
2.502848300,-9.210049863
2.503051800,-9.209917796
2.503255200,-9.209783828
2.503458700,-9.209651761
2.503662100,-9.209517793
2.503865600,-9.209385725
2.504069000,-9.205251757
2.504272500,-9.209119690
2.504475900,-9.208985722
2.504679400,-9.204853654
2.504882800,-9.204719686
2.505086300,-9.204587619
2.505289700,-9.204453651
2.505493200,-9.204321584
2.505696600,-9.204187616
2.505900100,-9.204055548
2.506103500,-9.203921580
2.506307000,-9.203789513
2.506510400,-9.203655545
2.506713900,-9.199523477
2.506917300,-9.203389509
2.507120800,-9.203257442
2.507324200,-9.199123474
2.507527700,-9.202991407
2.507731100,-9.202857438
2.507934600,-9.202725371
2.508138000,-9.202591403
2.508341500,-9.202459336
2.508544900,-9.202325368
2.508748400,-9.202193300
2.508951800,-9.202059332
2.509155300,-9.201927265
2.509358700,-9.201793297
2.509562200,-9.201661229
2.509765600,-9.205527261
2.509969100,-9.205395194
2.510172500,-9.205261226
2.510376000,-9.205129159
2.510579400,-9.204995191
2.510782900,-9.204863123
2.510986300,-9.208729155
2.511189800,-9.208597088
2.511393200,-9.208463120
2.511596700,-9.208331052
2.511800100,-9.212197084
2.512003600,-9.212065017
2.512207000,-9.211931049
2.512410500,-9.215798982
2.512613900,-9.215665013
2.512817400,-9.215532946
2.513020800,-9.219398978
2.513224300,-9.219266911
2.513427700,-9.219132943
2.513631200,-9.223000875
2.513834600,-9.222866907
2.514038100,-9.226734840
2.514241500,-9.226600872
2.514445000,-9.230468804
2.514648400,-9.230334836
2.514851900,-9.230202769
2.515055300,-9.234068801
2.515258800,-9.237936734
2.515462200,-9.237802766
2.515665700,-9.241670698
2.515869100,-9.241536730
2.516072600,-9.241404663
2.516276000,-9.245270695
2.516479500,-9.249138627
2.516682900,-9.249004659
2.516886400,-9.252872592
2.517089800,-9.252738624
2.517293300,-9.256606557
2.517496700,-9.256472588
2.517700200,-9.260340521
2.517903600,-9.264206553
2.518107100,-9.264074486
2.518310500,-9.267940518
2.518514000,-9.267808450
2.518717400,-9.271674482
2.518920900,-9.275542415
2.519124300,-9.275408447
2.519327800,-9.279276379
2.519531300,-9.279144312
2.519734700,-9.283010344
2.519938200,-9.286878277
2.520141600,-9.286744309
2.520345100,-9.290612241
2.520548500,-9.294478273
2.520752000,-9.294346206
2.520955400,-9.298212238
2.521158900,-9.298080170
2.521362300,-9.301946202
2.521565800,-9.301814135
2.521769200,-9.305680167
2.521972700,-9.309548100
2.522176100,-9.309414132
2.522379600,-9.313282064
2.522583000,-9.313148096
2.522786500,-9.317016029
2.522989900,-9.316882061
2.523193400,-9.320749993
2.523396800,-9.324616025
2.523600300,-9.324483958
2.523803700,-9.328349990
2.524007200,-9.328217923
2.524210600,-9.332083954
2.524414100,-9.331951887
2.524617500,-9.335817919
2.524821000,-9.335685852
2.525024400,-9.339551884
2.525227900,-9.343419816
2.525431300,-9.343285848
2.525634800,-9.347153781
2.525838200,-9.347019813
2.526041700,-9.350887745
2.526245100,-9.350753777
2.526448600,-9.354621710
2.526652000,-9.354487742
2.526855500,-9.358355675
2.527058900,-9.358221707
2.527262400,-9.362089639
2.527465800,-9.365955671
2.527669300,-9.365823604
2.527872700,-9.365689636
2.528076200,-9.369557568
2.528279600,-9.369423600
2.528483100,-9.373291533
2.528686500,-9.377157565
2.528890000,-9.377025497
2.529093400,-9.380891529
2.529296900,-9.380759462
2.529500300,-9.384625494
2.529703800,-9.384493427
2.529907200,-9.388359459
2.530110700,-9.392227391
2.530314100,-9.392093423
2.530517600,-9.395961356
2.530721000,-9.395827388
2.530924500,-9.399695320
2.531127900,-9.403561352
2.531331400,-9.403429285
2.531534800,-9.407295317
2.531738300,-9.407163250
2.531941700,-9.411029282
2.532145200,-9.414897214
2.532348600,-9.414763246
2.532552100,-9.418631179
2.532755500,-9.422497211
2.532959000,-9.422365143
2.533162400,-9.426231175
2.533365900,-9.430099108
2.533569300,-9.433965140
2.533772800,-9.437833072
2.533976200,-9.437699104
2.534179700,-9.441567037
2.534383100,-9.445433069
2.534586600,-9.449301002
2.534790000,-9.453167034
2.534993500,-9.453034966
2.535196900,-9.456900998
2.535400400,-9.460768931
2.535603800,-9.464634963
2.535807300,-9.468502895
2.536010700,-9.472368927
2.536214200,-9.476236860
2.536417600,-9.480102892
2.536621100,-9.483970825
2.536824500,-9.487836857
2.537028000,-9.491704789
2.537231400,-9.495570821
2.537434900,-9.499438754
2.537638300,-9.503304786
2.537841800,-9.507172718
2.538045200,-9.511038750
2.538248700,-9.514906683
2.538452100,-9.518772715
2.538655600,-9.522640647
2.538859000,-9.530506679
2.539062500,-9.534374612
2.539266000,-9.538242545
2.539469400,-9.542108577
2.539672900,-9.545976509
2.539876300,-9.549842541
2.540079800,-9.557710474
2.540283200,-9.561576506
2.540486700,-9.565444438
2.540690100,-9.569310470
2.540893600,-9.573178403
2.541097000,-9.581044435
2.541300500,-9.584912368
2.541503900,-9.588778400
2.541707400,-9.596646332
2.541910800,-9.600512364
2.542114300,-9.604380297
2.542317700,-9.608246329
2.542521200,-9.616114261
2.542724600,-9.619980293
2.542928100,-9.623848226
2.543131500,-9.631714258
2.543335000,-9.635582191
2.543538400,-9.639448222
2.543741900,-9.647316155
2.543945300,-9.651182187
2.544148800,-9.655050120
2.544352200,-9.662916152
2.544555700,-9.666784084
2.544759100,-9.670650116
2.544962600,-9.674518049
2.545166000,-9.682384081
2.545369500,-9.686252013
2.545572900,-9.690118045
2.545776400,-9.693985978
2.545979800,-9.701852010
2.546183300,-9.705719943
2.546386700,-9.709585975
2.546590200,-9.713453907
2.546793600,-9.717319939
2.546997100,-9.721187872
2.547200500,-9.729053904
2.547404000,-9.732921836
2.547607400,-9.736787868
2.547810900,-9.740655801
2.548014300,-9.744521833
2.548217800,-9.748389766
2.548421200,-9.752255797
2.548624700,-9.756123730
2.548828100,-9.755989762
2.549031600,-9.759857695
2.549235000,-9.763723727
2.549438500,-9.767591659
2.549641900,-9.771457691
2.549845400,-9.771325624
2.550048800,-9.775191656
2.550252300,-9.779059588
2.550455700,-9.778925620
2.550659200,-9.782793553
2.550862600,-9.786659585
2.551066100,-9.786527518
2.551269500,-9.786393550
2.551473000,-9.790261482
2.551676400,-9.790127514
2.551879900,-9.789995447
2.552083300,-9.793861479
2.552286800,-9.793729411
2.552490200,-9.793595443
2.552693700,-9.793463376
2.552897100,-9.797329408
2.553100600,-9.793197341
2.553304000,-9.797063372
2.553507500,-9.796931305
2.553710900,-9.796797337
2.553914400,-9.796665270
2.554117800,-9.796531302
2.554321300,-9.796399234
2.554524700,-9.796265266
2.554728200,-9.796133199
2.554931600,-9.795999231
2.555135100,-9.791867163
2.555338500,-9.791733195
2.555542000,-9.791601128
2.555745400,-9.791467160
2.555948900,-9.787335093
2.556152300,-9.787201125
2.556355800,-9.787069057
2.556559200,-9.782935089
2.556762700,-9.782803022
2.556966100,-9.782669054
2.557169600,-9.778536986
2.557373000,-9.778403018
2.557576500,-9.778270951
2.557779900,-9.778136983
2.557983400,-9.774004916
2.558186800,-9.773870947
2.558390300,-9.773738880
2.558593800,-9.769606813
2.558797200,-9.769472845
2.559000700,-9.769340777
2.559204100,-9.765206809
2.559407600,-9.765074742
2.559611000,-9.764940774
2.559814500,-9.764808707
2.560017900,-9.764674738
2.560221400,-9.764542671
2.560424800,-9.764408703
2.560628300,-9.760276636
2.560831700,-9.760142668
2.561035200,-9.760010600
2.561238600,-9.755876632
2.561442100,-9.759744565
2.561645500,-9.759610597
2.561849000,-9.759478529
2.562052400,-9.755344561
2.562255900,-9.759212494
2.562459300,-9.759078526
2.562662800,-9.754946459
2.562866200,-9.758812491
2.563069700,-9.758680423
2.563273100,-9.758546455
2.563476600,-9.758414388
2.563680000,-9.758280420
2.563883500,-9.758148352
2.564086900,-9.762014384
2.564290400,-9.761882317
2.564493800,-9.765748349
2.564697300,-9.765616282
2.564900700,-9.765482313
2.565104200,-9.769350246
2.565307600,-9.769216278
2.565511100,-9.769084211
2.565714500,-9.772950243
2.565918000,-9.772818175
2.566121400,-9.776684207
2.566324900,-9.780552140
2.566528300,-9.780418172
2.566731800,-9.784286104
2.566935200,-9.784152136
2.567138700,-9.788020069
2.567342100,-9.791886101
2.567545600,-9.791754034
2.567749000,-9.795620066
2.567952500,-9.799487998
2.568155900,-9.803354030
2.568359400,-9.807221963
2.568562800,-9.807087995
2.568766300,-9.810955927
2.568969700,-9.814821959
2.569173200,-9.818689892
2.569376600,-9.822555924
2.569580100,-9.826423856
2.569783500,-9.826289888
2.569987000,-9.830157821
2.570190400,-9.834023853
2.570393900,-9.837891786
2.570597300,-9.841757818
2.570800800,-9.845625750
2.571004200,-9.849491782
2.571207700,-9.849359715
2.571411100,-9.853225747
2.571614600,-9.857093679
2.571818000,-9.860959711
2.572021500,-9.864827644
2.572224900,-9.868693676
2.572428400,-9.868561609
2.572631800,-9.872427641
2.572835300,-9.876295573
2.573038700,-9.880161605
2.573242200,-9.880029538
2.573445600,-9.883895570
2.573649100,-9.887763502
2.573852500,-9.887629534
2.574056000,-9.891497467
2.574259400,-9.895363499
2.574462900,-9.895231431
2.574666300,-9.899097463
2.574869800,-9.898965396
2.575073200,-9.902831428
2.575276700,-9.902699361
2.575480100,-9.902565393
2.575683600,-9.906433325
2.575887000,-9.906299357
2.576090500,-9.906167290
2.576293900,-9.910033322
2.576497400,-9.909901254
2.576700800,-9.909767286
2.576904300,-9.909635219
2.577107700,-9.913501251
2.577311200,-9.913369184
2.577514600,-9.913235216
2.577718100,-9.913103148
2.577921500,-9.912969180
2.578125000,-9.912837113
2.578328500,-9.912705045
2.578531900,-9.912571077
2.578735400,-9.912439010
2.578938800,-9.912305042
2.579142300,-9.912172975
2.579345700,-9.912039006
2.579549200,-9.907906939
2.579752600,-9.907772971
2.579956100,-9.907640904
2.580159500,-9.907506936
2.580363000,-9.907374868
2.580566400,-9.907240900
2.580769900,-9.903108833
2.580973300,-9.902974865
2.581176800,-9.902842797
2.581380200,-9.898708829
2.581583700,-9.898576762
2.581787100,-9.898442794
2.581990600,-9.898310727
2.582194000,-9.894176759
2.582397500,-9.894044691
2.582600900,-9.893910723
2.582804400,-9.889778656
2.583007800,-9.889644688
2.583211300,-9.889512620
2.583414700,-9.885378652
2.583618200,-9.885246585
2.583821600,-9.885112617
2.584025100,-9.884980550
2.584228500,-9.880846581
2.584432000,-9.880714514
2.584635400,-9.880580546
2.584838900,-9.876448479
2.585042300,-9.876314511
2.585245800,-9.876182443
2.585449200,-9.872048475
2.585652700,-9.875916408
2.585856100,-9.875782440
2.586059600,-9.875650372
2.586263000,-9.871516404
2.586466500,-9.871384337
2.586669900,-9.871250369
2.586873400,-9.871118302
2.587076800,-9.870984334
2.587280300,-9.870852266
2.587483700,-9.870718298
2.587687200,-9.870586231
2.587890600,-9.870452263
2.588094100,-9.870320195
2.588297500,-9.870186227
2.588501000,-9.870054160
2.588704400,-9.869920192
2.588907900,-9.869788125
2.589111300,-9.869654156
2.589314800,-9.873522089
2.589518200,-9.869388121
2.589721700,-9.873256054
2.589925100,-9.873122086
2.590128600,-9.872990018
2.590332000,-9.872856050
2.590535500,-9.872723983
2.590738900,-9.876590015
2.590942400,-9.872457947
2.591145800,-9.876323979
2.591349300,-9.876191912
2.591552700,-9.876057944
2.591756200,-9.875925877
2.591959600,-9.879791909
2.592163100,-9.879659841
2.592366500,-9.879525873
2.592570000,-9.879393806
2.592773400,-9.883259838
2.592976900,-9.883127770
2.593180300,-9.882993802
2.593383800,-9.882861735
2.593587200,-9.882727767
2.593790700,-9.886595700
2.593994100,-9.886461731
2.594197600,-9.886329664
2.594401000,-9.886195696
2.594604500,-9.890063629
2.594807900,-9.889929661
2.595011400,-9.889797593
2.595214800,-9.889663625
2.595418300,-9.889531558
2.595621700,-9.889397590
2.595825200,-9.889265522
2.596028600,-9.893131554
2.596232100,-9.888999487
2.596435500,-9.892865519
2.596639000,-9.892733452
2.596842400,-9.892599484
2.597045900,-9.892467416
2.597249300,-9.892333448
2.597452800,-9.896201381
2.597656300,-9.892069313
2.597859700,-9.895935345
2.598063200,-9.895803278
2.598266600,-9.891669310
2.598470100,-9.895537243
2.598673500,-9.895403275
2.598877000,-9.895271207
2.599080400,-9.895137239
2.599283900,-9.895005172
2.599487300,-9.894871204
2.599690800,-9.894739136
2.599894200,-9.894605168
2.600097700,-9.894473101
2.600301100,-9.890339133
2.600504600,-9.894207066
2.600708000,-9.894073097
2.600911500,-9.889941030
2.601114900,-9.893807062
2.601318400,-9.893674995
2.601521800,-9.893541027
2.601725300,-9.889408959
2.601928700,-9.893274991
2.602132200,-9.893142924
2.602335600,-9.889008956
2.602539100,-9.888876888
2.602742500,-9.888742920
2.602946000,-9.888610853
2.603149400,-9.888476885
2.603352900,-9.888344818
2.603556300,-9.888210850
2.603759800,-9.888078782
2.603963200,-9.887944814
2.604166700,-9.887812747
2.604370100,-9.887678779
2.604573600,-9.887546711
2.604777000,-9.887412743
2.604980500,-9.887280676
2.605183900,-9.887146708
2.605387400,-9.887014641
2.605590800,-9.890880672
2.605794300,-9.886748605
2.605997700,-9.886614637
2.606201200,-9.890482570
2.606404600,-9.886348602
2.606608100,-9.890216534
2.606811500,-9.890082566
2.607015000,-9.889950499
2.607218400,-9.889816531
2.607421900,-9.889684463
2.607625300,-9.893550495
2.607828800,-9.893418428
2.608032200,-9.893284460
2.608235700,-9.893152393
2.608439100,-9.893018425
2.608642600,-9.896886357
2.608846000,-9.896752389
2.609049500,-9.896620322
2.609252900,-9.900486354
2.609456400,-9.900354286
2.609659800,-9.900220318
2.609863300,-9.904088251
2.610066700,-9.903954283
2.610270200,-9.907822215
2.610473600,-9.907688247
2.610677100,-9.907556180
2.610880500,-9.911422212
2.611084000,-9.911290145
2.611287400,-9.915156177
2.611490900,-9.915024109
2.611694300,-9.918890141
2.611897800,-9.918758074
2.612101200,-9.922624106
2.612304700,-9.926492038
2.612508100,-9.926358070
2.612711600,-9.930226003
2.612915000,-9.930092035
2.613118500,-9.933959968
2.613321900,-9.937826000
2.613525400,-9.937693932
2.613728800,-9.941559964
2.613932300,-9.945427897
2.614135700,-9.945293929
2.614339200,-9.949161861
2.614542600,-9.953027893
2.614746100,-9.952895826
2.614949500,-9.956761858
2.615153000,-9.960629790
2.615356400,-9.964495822
2.615559900,-9.968363755
2.615763300,-9.968229787
2.615966800,-9.972097720
2.616170200,-9.975963752
2.616373700,-9.979831684
2.616577100,-9.983697716
2.616780600,-9.983565649
2.616984000,-9.987431681
2.617187500,-9.991299613
2.617391000,-9.995167546
2.617594400,-9.999033578
2.617797900,-10.002901511
2.618001300,-10.006767543
2.618204800,-10.010635475
2.618408200,-10.014501507
2.618611700,-10.018369440
2.618815100,-10.022235472
2.619018600,-10.026103404
2.619222000,-10.029969436
2.619425500,-10.033837369
2.619628900,-10.037703401
2.619832400,-10.041571334
2.620035800,-10.045437365
2.620239300,-10.049305298
2.620442700,-10.053171330
2.620646200,-10.057039263
2.620849600,-10.060905295
2.621053100,-10.064773227
2.621256500,-10.068639259
2.621460000,-10.072507192
2.621663400,-10.076373224
2.621866900,-10.084241156
2.622070300,-10.088107188
2.622273800,-10.091975121
2.622477200,-10.095841153
2.622680700,-10.103709086
2.622884100,-10.107575118
2.623087600,-10.111443050
2.623291000,-10.115309082
2.623494500,-10.123177015
2.623697900,-10.127043047
2.623901400,-10.130910979
2.624104800,-10.138777011
2.624308300,-10.142644944
2.624511700,-10.146510976
2.624715200,-10.154378909
2.624918600,-10.158244940
2.625122100,-10.162112873
2.625325500,-10.169978905
2.625529000,-10.173846838
2.625732400,-10.181712870
2.625935900,-10.185580802
2.626139300,-10.193446834
2.626342800,-10.197314767
2.626546200,-10.205180799
2.626749700,-10.209048731
2.626953100,-10.212914763
2.627156600,-10.220782696
2.627360000,-10.228648728
2.627563500,-10.232516661
2.627766900,-10.236382693
2.627970400,-10.244250625
2.628173800,-10.252116657
2.628377300,-10.255984590
2.628580700,-10.263850622
2.628784200,-10.267718554
2.628987600,-10.275584586
2.629191100,-10.283452519
2.629394500,-10.287318551
2.629598000,-10.295186484
2.629801400,-10.299052515
2.630004900,-10.306920448
2.630208300,-10.310786480
2.630411800,-10.318654413
2.630615200,-10.326520445
2.630818700,-10.330388377
2.631022100,-10.338254409
2.631225600,-10.342122342
2.631429000,-10.349988374
2.631632500,-10.353856306
2.631835900,-10.361722338
2.632039400,-10.365590271
2.632242800,-10.373456303
2.632446300,-10.377324236
2.632649700,-10.385190268
2.632853200,-10.389058200
2.633056600,-10.396924232
2.633260100,-10.400792165
2.633463500,-10.408658197
2.633667000,-10.412526129
2.633870400,-10.416392161
2.634073900,-10.424260094
2.634277300,-10.428126126
2.634480800,-10.431994059
2.634684200,-10.439860090
2.634887700,-10.443728023
2.635091100,-10.451594055
2.635294600,-10.455461988
2.635498000,-10.459328020
2.635701500,-10.463195952
2.635904900,-10.471061984
2.636108400,-10.474929917
2.636311800,-10.478795949
2.636515300,-10.482663881
2.636718800,-10.486531814
2.636922200,-10.490397846
2.637125700,-10.498265779
2.637329100,-10.502131811
2.637532600,-10.505999743
2.637736000,-10.509865775
2.637939500,-10.513733708
2.638142900,-10.517599740
2.638346400,-10.521467672
2.638549800,-10.525333704
2.638753300,-10.529201637
2.638956700,-10.533067669
2.639160200,-10.536935602
2.639363600,-10.536801634
2.639567100,-10.540669566
2.639770500,-10.544535598
2.639974000,-10.548403531
2.640177400,-10.552269563
2.640380900,-10.556137495
2.640584300,-10.560003527
2.640787800,-10.559871460
2.640991200,-10.563737492
2.641194700,-10.567605425
2.641398100,-10.567471456
2.641601600,-10.571339389
2.641805000,-10.575205421
2.642008500,-10.575073354
2.642211900,-10.578939386
2.642415400,-10.582807318
2.642618800,-10.586673350
2.642822300,-10.586541283
2.643025700,-10.590407315
2.643229200,-10.594275247
2.643432600,-10.594141279
2.643636100,-10.598009212
2.643839500,-10.597875244
2.644043000,-10.601743177
2.644246400,-10.601609209
2.644449900,-10.605477141
2.644653300,-10.605343173
2.644856800,-10.609211106
2.645060200,-10.609077138
2.645263700,-10.612945070
2.645467100,-10.612811102
2.645670600,-10.616679035
2.645874000,-10.616545067
2.646077500,-10.616412999
2.646280900,-10.620279031
2.646484400,-10.624146964
2.646687800,-10.624012996
2.646891300,-10.623880929
2.647094700,-10.627746961
2.647298200,-10.627614893
2.647501600,-10.627480925
2.647705100,-10.631348858
2.647908500,-10.631214890
2.648112000,-10.631082822
2.648315400,-10.634948854
2.648518900,-10.634816787
2.648722300,-10.634682819
2.648925800,-10.638550752
2.649129200,-10.638416784
2.649332700,-10.642284716
2.649536100,-10.642150748
2.649739600,-10.642018681
2.649943000,-10.645884713
2.650146500,-10.641752645
2.650349900,-10.645618677
2.650553400,-10.645486610
2.650756800,-10.645352642
2.650960300,-10.645220574
2.651163700,-10.649086606
2.651367200,-10.648954539
2.651570600,-10.648820571
2.651774100,-10.648688504
2.651977500,-10.652554536
2.652181000,-10.652422468
2.652384400,-10.652288500
2.652587900,-10.652156433
2.652791300,-10.652022465
2.652994800,-10.651890397
2.653198200,-10.655756429
2.653401700,-10.655624362
2.653605100,-10.655490394
2.653808600,-10.655358327
2.654012000,-10.655224359
2.654215500,-10.655092291
2.654418900,-10.658958323
2.654622400,-10.658826256
2.654825800,-10.658692288
2.655029300,-10.658560220
2.655232700,-10.658426252
2.655436200,-10.662294185
2.655639600,-10.658160217
2.655843100,-10.662028149
2.656046500,-10.661894181
2.656250000,-10.661762114
2.656453500,-10.661630047
2.656656900,-10.665496079
2.656860400,-10.665364011
2.657063800,-10.665230043
2.657267300,-10.665097976
2.657470700,-10.664964008
2.657674200,-10.668831940
2.657877600,-10.668697972
2.658081100,-10.672565905
2.658284500,-10.672431937
2.658488000,-10.672299870
2.658691400,-10.676165902
2.658894900,-10.676033834
2.659098300,-10.675899866
2.659301800,-10.679767799
2.659505200,-10.679633831
2.659708700,-10.683501763
2.659912100,-10.683367795
2.660115600,-10.687235728
2.660319000,-10.687101760
2.660522500,-10.690969693
2.660725900,-10.690835724
2.660929400,-10.694703657
2.661132800,-10.694569689
2.661336300,-10.698437622
2.661539700,-10.702303654
2.661743200,-10.702171586
2.661946600,-10.706037618
2.662150100,-10.709905551
2.662353500,-10.709771583
2.662557000,-10.713639515
2.662760400,-10.717505547
2.662963900,-10.721373480
2.663167300,-10.725239512
2.663370800,-10.729107445
2.663574200,-10.728973477
2.663777700,-10.732841409
2.663981100,-10.736707441
2.664184600,-10.740575374
2.664388000,-10.744441406
2.664591500,-10.748309338
2.664794900,-10.752175370
2.664998400,-10.756043303
2.665201800,-10.759909335
2.665405300,-10.763777268
2.665608700,-10.767643299
2.665812200,-10.771511232
2.666015600,-10.775377264
2.666219100,-10.779245197
2.666422500,-10.783111229
2.666626000,-10.786979161
2.666829400,-10.790845193
2.667032900,-10.794713126
2.667236300,-10.798579158
2.667439800,-10.806447090
2.667643200,-10.810313122
2.667846700,-10.814181055
2.668050100,-10.818047087
2.668253600,-10.821915020
2.668457000,-10.825781052
2.668660500,-10.829648984
2.668863900,-10.833515016
2.669067400,-10.841382949
2.669270800,-10.845248981
2.669474300,-10.849116913
2.669677700,-10.852982945
2.669881200,-10.856850878
2.670084600,-10.860716910
2.670288100,-10.868584843
2.670491500,-10.872450874
2.670695000,-10.876318807
2.670898400,-10.880184839
2.671101900,-10.884052772
2.671305300,-10.887918804
2.671508800,-10.891786736
2.671712200,-10.899652768
2.671915700,-10.903520701
2.672119100,-10.907386733
2.672322600,-10.911254665
2.672526000,-10.915120697
2.672729500,-10.918988630
2.672932900,-10.922854662
2.673136400,-10.930722595
2.673339800,-10.934588627
2.673543300,-10.938456559
2.673746700,-10.942322591
2.673950200,-10.946190524
2.674153600,-10.950056556
2.674357100,-10.953924488
2.674560500,-10.957790520
2.674764000,-10.961658453
2.674967400,-10.965524485
2.675170900,-10.973392418
2.675374300,-10.977258449
2.675577800,-10.981126382
2.675781300,-10.984994315
2.675984700,-10.988860347
2.676188200,-10.992728279
2.676391600,-10.996594311
2.676595100,-11.000462244
2.676798500,-11.004328276
2.677002000,-11.008196209
2.677205400,-11.012062240
2.677408900,-11.015930173
2.677612300,-11.019796205
2.677815800,-11.023664138
2.678019200,-11.027530170
2.678222700,-11.031398102
2.678426100,-11.035264134
2.678629600,-11.039132067
2.678833000,-11.042998099
2.679036500,-11.046866031
2.679239900,-11.046732063
2.679443400,-11.050599996
2.679646800,-11.054466028
2.679850300,-11.058333961
2.680053700,-11.062199993
2.680257200,-11.066067925
2.680460600,-11.069933957
2.680664100,-11.069801890
2.680867500,-11.073667922
2.681071000,-11.077535854
2.681274400,-11.081401886
2.681477900,-11.081269819
2.681681300,-11.085135851
2.681884800,-11.089003784
2.682088200,-11.092869815
2.682291700,-11.092737748
2.682495100,-11.096603780
2.682698600,-11.100471713
2.682902000,-11.104337745
2.683105500,-11.104205677
2.683308900,-11.108071709
2.683512400,-11.111939642
2.683715800,-11.111805674
2.683919300,-11.115673606
2.684122700,-11.119539638
2.684326200,-11.119407571
2.684529600,-11.123273603
2.684733100,-11.127141536
2.684936500,-11.127007568
2.685140000,-11.130875500
2.685343400,-11.134741532
2.685546900,-11.134609465
2.685750300,-11.138475497
2.685953800,-11.142343429
2.686157200,-11.142209461
2.686360700,-11.146077394
2.686564100,-11.149943426
2.686767600,-11.149811358
2.686971000,-11.153677390
2.687174500,-11.157545323
2.687377900,-11.161411355
2.687581400,-11.165279288
2.687784800,-11.165145320
2.687988300,-11.169013252
2.688191700,-11.172879284
2.688395200,-11.176747217
2.688598600,-11.180613249
2.688802100,-11.184481181
2.689005500,-11.188347213
2.689209000,-11.192215146
2.689412400,-11.196081178
2.689615900,-11.195949111
2.689819300,-11.199815143
2.690022800,-11.207683075
2.690226200,-11.211549107
2.690429700,-11.215417040
2.690633100,-11.219283072
2.690836600,-11.223151004
2.691040000,-11.227017036
2.691243500,-11.230884969
2.691446900,-11.234751001
2.691650400,-11.238618933
2.691853800,-11.242484965
2.692057300,-11.250352898
2.692260700,-11.254218930
2.692464200,-11.258086863
2.692667600,-11.261952895
2.692871100,-11.265820827
2.693074500,-11.269686859
2.693278000,-11.273554792
2.693481400,-11.281420824
2.693684900,-11.285288756
2.693888300,-11.289154788
2.694091800,-11.293022721
2.694295200,-11.296888753
2.694498700,-11.300756686
2.694702100,-11.304622718
2.694905600,-11.304490650
2.695109000,-11.308356682
2.695312500,-11.312224615
2.695516000,-11.316092547
2.695719400,-11.319958579
2.695922900,-11.319826512
2.696126300,-11.323692544
2.696329800,-11.327560477
2.696533200,-11.327426508
2.696736700,-11.331294441
2.696940100,-11.331160473
2.697143600,-11.335028406
2.697347000,-11.334894438
2.697550500,-11.334762370
2.697753900,-11.338628402
2.697957400,-11.338496335
2.698160800,-11.338362367
2.698364300,-11.338230299
2.698567700,-11.338096331
2.698771200,-11.337964264
2.698974600,-11.337830296
2.699178100,-11.337698229
2.699381500,-11.333564261
2.699585000,-11.333432193
2.699788400,-11.333298225
2.699991900,-11.329166158
2.700195300,-11.329032190
2.700398800,-11.324900122
2.700602200,-11.320766154
2.700805700,-11.320634087
2.701009100,-11.316500119
2.701212600,-11.316368052
2.701416000,-11.308234083
2.701619500,-11.308102016
2.701822900,-11.303968048
2.702026400,-11.295835981
2.702229800,-11.295702013
2.702433300,-11.291569945
2.702636700,-11.283435977
2.702840200,-11.279303910
2.703043600,-11.275169942
2.703247100,-11.275037874
2.703450500,-11.262903906
2.703654000,-11.262771839
2.703857400,-11.258637871
2.704060900,-11.250505804
2.704264300,-11.246371836
2.704467800,-11.242239768
2.704671200,-11.234105800
2.704874700,-11.229973733
2.705078100,-11.225839765
2.705281600,-11.217707697
2.705485000,-11.213573729
2.705688500,-11.209441662
2.705891900,-11.205307694
2.706095400,-11.197175627
2.706298800,-11.193041658
2.706502300,-11.192909591
2.706705700,-11.180775623
2.706909200,-11.176643556
2.707112600,-11.176509588
2.707316100,-11.164377520
2.707519500,-11.164243552
2.707723000,-11.160111485
2.707926400,-11.159977517
2.708129900,-11.147845449
2.708333300,-11.147711481
2.708536800,-11.143579414
2.708740200,-11.135445446
2.708943700,-11.135313379
2.709147100,-11.131179411
2.709350600,-11.123047343
2.709554000,-11.122913375
2.709757500,-11.118781308
2.709960900,-11.118647340
2.710164400,-11.110515272
2.710367800,-11.110381304
2.710571300,-11.106249237
2.710774700,-11.102115269
2.710978200,-11.101983202
2.711181600,-11.097849233
2.711385100,-11.093717166
2.711588500,-11.093583198
2.711792000,-11.089451131
2.711995400,-11.089317163
2.712198900,-11.085185095
2.712402300,-11.085051127
2.712605800,-11.084919060
2.712809200,-11.080785092
2.713012700,-11.080653024
2.713216100,-11.080519056
2.713419600,-11.076386989
2.713623000,-11.076253021
2.713826500,-11.076120954
2.714029900,-11.075986986
2.714233400,-11.071854918
2.714436800,-11.071720950
2.714640300,-11.071588883
2.714843800,-11.067456815
2.715047200,-11.067322847
2.715250700,-11.067190780
2.715454100,-11.067056812
2.715657600,-11.066924745
2.715861000,-11.066790777
2.716064500,-11.066658709
2.716267900,-11.066524741
2.716471400,-11.066392674
2.716674800,-11.066258706
2.716878300,-11.066126638
2.717081700,-11.065992670
2.717285200,-11.069860603
2.717488600,-11.065726635
2.717692100,-11.069594568
2.717895500,-11.069460599
2.718099000,-11.069328532
2.718302400,-11.069194564
2.718505900,-11.069062497
2.718709300,-11.072928529
2.718912800,-11.068796461
2.719116200,-11.072662493
2.719319700,-11.072530426
2.719523100,-11.072396458
2.719726600,-11.072264390
2.719930000,-11.076130422
2.720133500,-11.075998355
2.720336900,-11.075864387
2.720540400,-11.079732320
2.720743800,-11.079598352
2.720947300,-11.079466284
2.721150700,-11.083332316
2.721354200,-11.083200249
2.721557600,-11.083066281
2.721761100,-11.082934213
2.721964500,-11.086800245
2.722168000,-11.086668178
2.722371400,-11.086534210
2.722574900,-11.090402143
2.722778300,-11.090268174
2.722981800,-11.090136107
2.723185200,-11.094002139
2.723388700,-11.093870072
2.723592100,-11.093736104
2.723795600,-11.097604036
2.723999000,-11.097470068
2.724202500,-11.097338001
2.724405900,-11.101204033
2.724609400,-11.101071965
2.724812800,-11.100937997
2.725016300,-11.104805930
2.725219700,-11.104671962
2.725423200,-11.108539895
2.725626600,-11.108405927
2.725830100,-11.108273859
2.726033500,-11.112139891
2.726237000,-11.112007824
2.726440400,-11.111873856
2.726643900,-11.115741788
2.726847300,-11.115607820
2.727050800,-11.115475753
2.727254200,-11.115341785
2.727457700,-11.119209717
2.727661100,-11.119075749
2.727864600,-11.118943682
2.728068000,-11.122809714
2.728271500,-11.122677647
2.728474900,-11.122543679
2.728678400,-11.122411611
2.728881800,-11.122277643
2.729085300,-11.126145576
2.729288700,-11.126011608
2.729492200,-11.125879540
2.729695600,-11.125745572
2.729899100,-11.129613505
2.730102500,-11.129479537
2.730306000,-11.129347470
2.730509400,-11.129213502
2.730712900,-11.133081434
2.730916300,-11.128947466
2.731119800,-11.132815399
2.731323200,-11.132681431
2.731526700,-11.136549363
2.731730100,-11.132415395
2.731933600,-11.136283328
2.732137000,-11.136149360
2.732340500,-11.136017292
2.732543900,-11.135883324
2.732747400,-11.139751257
2.732950800,-11.135617289
2.733154300,-11.139485222
2.733357700,-11.139351254
2.733561200,-11.139219186
2.733764600,-11.139085218
2.733968100,-11.142953151
2.734171500,-11.142819183
2.734375000,-11.142687115
2.734578500,-11.142555048
2.734781900,-11.146421080
2.734985400,-11.142289013
2.735188800,-11.146155045
2.735392300,-11.146022977
2.735595700,-11.145889009
2.735799200,-11.145756942
2.736002600,-11.149622974
2.736206100,-11.149490906
2.736409500,-11.149356938
2.736613000,-11.153224871
2.736816400,-11.153090903
2.737019900,-11.152958836
2.737223300,-11.152824867
2.737426800,-11.156692800
2.737630200,-11.156558832
2.737833700,-11.156426765
2.738037100,-11.160292797
2.738240600,-11.160160729
2.738444000,-11.160026761
2.738647500,-11.163894694
2.738850900,-11.163760726
2.739054400,-11.167628658
2.739257800,-11.167494690
2.739461300,-11.171362623
2.739664700,-11.171228655
2.739868200,-11.171096588
2.740071600,-11.174962620
2.740275100,-11.174830552
2.740478500,-11.174696584
2.740682000,-11.178564517
2.740885400,-11.182430549
2.741088900,-11.182298481
2.741292300,-11.182164513
2.741495800,-11.186032446
2.741699200,-11.185898478
2.741902700,-11.189766411
2.742106100,-11.189632442
2.742309600,-11.193500375
2.742513000,-11.193366407
2.742716500,-11.197234340
2.742919900,-11.197100372
2.743123400,-11.196968304
2.743326800,-11.200834336
2.743530300,-11.204702269
2.743733700,-11.204568301
2.743937200,-11.204436233
2.744140600,-11.208302265
2.744344100,-11.208170198
2.744547500,-11.212036230
2.744751000,-11.211904163
2.744954400,-11.215770195
2.745157900,-11.215638127
2.745361300,-11.215504159
2.745564800,-11.219372092
2.745768200,-11.219238124
2.745971700,-11.223106056
2.746175100,-11.222972088
2.746378600,-11.222840021
2.746582000,-11.226706053
2.746785500,-11.226573986
2.746988900,-11.230440017
2.747192400,-11.230307950
2.747395800,-11.234173982
2.747599300,-11.234041915
2.747802700,-11.233907947
2.748006200,-11.237775879
2.748209600,-11.237641911
2.748413100,-11.237509844
2.748616500,-11.241375876
2.748820000,-11.241243808
2.749023400,-11.245109840
2.749226900,-11.244977773
2.749430300,-11.244843805
2.749633800,-11.248711738
2.749837200,-11.248577770
2.750040700,-11.248445702
2.750244100,-11.252311734
2.750447600,-11.252179667
2.750651000,-11.252045699
2.750854500,-11.255913631
2.751057900,-11.255779663
2.751261400,-11.255647596
2.751464800,-11.259513628
2.751668300,-11.259381561
2.751871700,-11.259247592
2.752075200,-11.259115525
2.752278600,-11.262981557
2.752482100,-11.262849490
2.752685500,-11.262715522
2.752889000,-11.266583454
2.753092400,-11.266449486
2.753295900,-11.266317419
2.753499300,-11.270183451
2.753702800,-11.270051383
2.753906300,-11.269919316
2.754109700,-11.269785348
2.754313200,-11.273653281
2.754516600,-11.273519313
2.754720100,-11.273387245
2.754923500,-11.273253277
2.755127000,-11.273121210
2.755330400,-11.276987242
2.755533900,-11.276855174
2.755737300,-11.276721206
2.755940800,-11.276589139
2.756144200,-11.280455171
2.756347700,-11.280323104
2.756551100,-11.280189136
2.756754600,-11.280057068
2.756958000,-11.279923100
2.757161500,-11.279791033
2.757364900,-11.283657065
2.757568400,-11.283524997
2.757771800,-11.283391029
2.757975300,-11.283258962
2.758178700,-11.283124994
2.758382200,-11.286992927
2.758585600,-11.282858958
2.758789100,-11.286726891
2.758992500,-11.286592923
2.759196000,-11.286460856
2.759399400,-11.286326888
2.759602900,-11.286194820
2.759806300,-11.286060852
2.760009800,-11.285928785
2.760213200,-11.285794817
2.760416700,-11.289662749
2.760620100,-11.285528781
2.760823600,-11.289396714
2.761027000,-11.289262746
2.761230500,-11.285130679
2.761433900,-11.288996711
2.761637400,-11.288864643
2.761840800,-11.288730675
2.762044300,-11.288598608
2.762247700,-11.288464640
2.762451200,-11.288332572
2.762654600,-11.288198604
2.762858100,-11.288066537
2.763061500,-11.291932569
2.763265000,-11.287800502
2.763468400,-11.291666533
2.763671900,-11.291534466
2.763875300,-11.291400498
2.764078800,-11.291268431
2.764282200,-11.291134463
2.764485700,-11.295002395
2.764689100,-11.290868427
2.764892600,-11.294736360
2.765096000,-11.294602392
2.765299500,-11.294470324
2.765502900,-11.294336356
2.765706400,-11.298204289
2.765909800,-11.298070321
2.766113300,-11.297938254
2.766316700,-11.301804286
2.766520200,-11.301672218
2.766723600,-11.301538250
2.766927100,-11.305406183
2.767130500,-11.309272215
2.767334000,-11.309140147
2.767537400,-11.309006179
2.767740900,-11.312874112
2.767944300,-11.312740144
2.768147800,-11.316608076
2.768351200,-11.320474108
2.768554700,-11.324342041
2.768758100,-11.324208073
2.768961600,-11.328076006
2.769165000,-11.331942038
2.769368500,-11.331809970
2.769571900,-11.335676002
2.769775400,-11.339543935
2.769978800,-11.343409967
2.770182300,-11.347277899
2.770385700,-11.351143931
2.770589200,-11.355011864
2.770792600,-11.358877896
2.770996100,-11.366745829
2.771199500,-11.370611861
2.771403000,-11.374479793
2.771606400,-11.378345825
2.771809900,-11.386213758
2.772013300,-11.390079790
2.772216800,-11.397947722
2.772420200,-11.401813754
2.772623700,-11.409681687
2.772827100,-11.413547719
2.773030600,-11.421415651
2.773234000,-11.425281683
2.773437500,-11.433149616
2.773641000,-11.441017549
2.773844400,-11.448883581
2.774047900,-11.456751513
2.774251300,-11.464617545
2.774454800,-11.468485478
2.774658200,-11.480351510
2.774861700,-11.488219442
2.775065100,-11.496085474
2.775268600,-11.503953407
2.775472000,-11.515819439
2.775675500,-11.523687372
2.775878900,-11.531553404
2.776082400,-11.543421336
2.776285800,-11.551287368
2.776489300,-11.559155301
2.776692700,-11.575021333
2.776896200,-11.582889265
2.777099600,-11.590755297
2.777303100,-11.598623230
2.777506500,-11.614489262
2.777710000,-11.626357195
2.777913400,-11.634223226
2.778116900,-11.650091159
2.778320300,-11.661957191
2.778523800,-11.669825124
2.778727200,-11.685691156
2.778930700,-11.697559088
2.779134100,-11.709425120
2.779337600,-11.717293053
2.779541000,-11.737159085
2.779744500,-11.749027017
2.779947900,-11.756893049
2.780151400,-11.776760982
2.780354800,-11.788627014
2.780558300,-11.800494947
2.780761700,-11.820360979
2.780965200,-11.832228911
2.781168600,-11.844094943
2.781372100,-11.863962876
2.781575500,-11.875828908
2.781779000,-11.887696840
2.781982400,-11.899562872
2.782185900,-11.919430805
2.782389300,-11.931296837
2.782592800,-11.943164770
2.782796200,-11.967030801
2.782999700,-11.978898734
2.783203100,-11.990764766
2.783406600,-12.014632699
2.783610000,-12.026498731
2.783813500,-12.038366663
2.784016900,-12.050232695
2.784220400,-12.074100628
2.784423800,-12.085966660
2.784627300,-12.101834592
2.784830700,-12.121700624
2.785034200,-12.133568557
2.785237600,-12.149434589
2.785441100,-12.169302522
2.785644500,-12.185168554
2.785848000,-12.197036486
2.786051400,-12.208902518
2.786254900,-12.232770451
2.786458300,-12.244636483
2.786661800,-12.256504415
2.786865200,-12.280370447
2.787068700,-12.292238380
2.787272100,-12.304104412
2.787475600,-12.323972345
2.787679000,-12.335838376
2.787882500,-12.351706309
2.788085900,-12.363572341
2.788289400,-12.383440274
2.788492800,-12.395306306
2.788696300,-12.407174238
2.788899700,-12.427040270
2.789103200,-12.438908203
2.789306600,-12.450774235
2.789510100,-12.470642167
2.789713500,-12.482508199
2.789917000,-12.494376132
2.790120400,-12.502242164
2.790323900,-12.522110097
2.790527300,-12.533976129
2.790730800,-12.541844061
2.790934200,-12.557710093
2.791137700,-12.569578026
2.791341100,-12.577444058
2.791544600,-12.593311990
2.791748000,-12.605178022
2.791951500,-12.613045955
2.792154900,-12.628911987
2.792358400,-12.636779920
2.792561800,-12.644645951
2.792765300,-12.652513884
2.792968800,-12.664381817
2.793172200,-12.672247849
2.793375700,-12.680115781
2.793579100,-12.691981813
2.793782600,-12.695849746
2.793986000,-12.703715778
2.794189500,-12.711583711
2.794392900,-12.719449742
2.794596400,-12.723317675
2.794799800,-12.731183707
2.795003300,-12.739051640
2.795206700,-12.742917672
2.795410200,-12.746785604
2.795613600,-12.750651636
2.795817100,-12.754519569
2.796020500,-12.758385601
2.796224000,-12.762253533
2.796427400,-12.766119565
2.796630900,-12.769987498
2.796834300,-12.773853530
2.797037800,-12.773721463
2.797241200,-12.777587495
2.797444700,-12.777455427
2.797648100,-12.777321459
2.797851600,-12.781189392
2.798055000,-12.781055424
2.798258500,-12.776923356
2.798461900,-12.780789388
2.798665400,-12.780657321
2.798868800,-12.780523353
2.799072300,-12.776391286
2.799275700,-12.776257317
2.799479200,-12.776125250
2.799682600,-12.771991282
2.799886100,-12.771859215
2.800089500,-12.771725247
2.800293000,-12.763593179
2.800496400,-12.763459211
2.800699900,-12.763327144
2.800903300,-12.755193176
2.801106800,-12.755061108
2.801310200,-12.750927140
2.801513700,-12.750795073
2.801717100,-12.742661105
2.801920600,-12.742529038
2.802124000,-12.738395070
2.802327500,-12.730263002
2.802530900,-12.730129034
2.802734400,-12.725996967
2.802937800,-12.717862999
2.803141300,-12.717730931
2.803344700,-12.713596963
2.803548200,-12.713464896
2.803751600,-12.701330928
2.803955100,-12.701198860
2.804158500,-12.697064892
2.804362000,-12.688932825
2.804565400,-12.688798857
2.804768900,-12.684666790
2.804972300,-12.676532822
2.805175800,-12.676400754
2.805379200,-12.672266786
2.805582700,-12.672134719
2.805786100,-12.664000751
2.805989600,-12.659868683
2.806193000,-12.659734715
2.806396500,-12.651602648
2.806599900,-12.651468680
2.806803400,-12.647336613
2.807006800,-12.643202645
2.807210300,-12.639070577
2.807413700,-12.638936609
2.807617200,-12.638804542
2.807820600,-12.630670574
2.808024100,-12.630538506
2.808227500,-12.630404538
2.808431000,-12.626272471
2.808634400,-12.622138503
2.808837900,-12.622006435
2.809041300,-12.617872467
2.809244800,-12.617740400
2.809448200,-12.617606432
2.809651700,-12.617474365
2.809855100,-12.613340397
2.810058600,-12.617208329
2.810262000,-12.617074361
2.810465500,-12.612942294
2.810668900,-12.612808326
2.810872400,-12.612676258
2.811075800,-12.612542290
2.811279300,-12.612410223
2.811482700,-12.616276255
2.811686200,-12.612144188
2.811889600,-12.616010220
2.812093100,-12.615878152
2.812296500,-12.619744184
2.812500000,-12.619612117
2.812703500,-12.619480049
2.812906900,-12.623346081
2.813110400,-12.623214014
2.813313800,-12.627080046
2.813517300,-12.626947979
2.813720700,-12.630814010
2.813924200,-12.630681943
2.814127600,-12.634547975
2.814331100,-12.638415908
2.814534500,-12.642281940
2.814738000,-12.646149872
2.814941400,-12.646015904
2.815144900,-12.649883837
2.815348300,-12.653749869
2.815551800,-12.657617801
2.815755200,-12.661483833
2.815958700,-12.665351766
2.816162100,-12.673217798
2.816365600,-12.677085731
2.816569000,-12.680951763
2.816772500,-12.684819695
2.816975900,-12.692685727
2.817179400,-12.696553660
2.817382800,-12.700419692
2.817586300,-12.708287624
2.817789700,-12.716153656
2.817993200,-12.720021589
2.818196600,-12.723887621
2.818400100,-12.731755554
2.818603500,-12.739621585
2.818807000,-12.743489518
2.819010400,-12.751355550
2.819213900,-12.759223483
2.819417300,-12.767089515
2.819620800,-12.774957447
2.819824200,-12.782823479
2.820027700,-12.790691412
2.820231100,-12.798557444
2.820434600,-12.810425376
2.820638000,-12.818291408
2.820841500,-12.822159341
2.821044900,-12.830025373
2.821248400,-12.845893306
2.821451800,-12.853759338
2.821655300,-12.861627270
2.821858700,-12.873493302
2.822062200,-12.881361235
2.822265600,-12.893227267
2.822469100,-12.905095199
2.822672500,-12.916961231
2.822876000,-12.924829164
2.823079400,-12.936695196
2.823282900,-12.952563129
2.823486300,-12.960429160
2.823689800,-12.972297093
2.823893200,-12.988163125
2.824096700,-13.000031058
2.824300100,-13.011897090
2.824503600,-13.031765022
2.824707000,-13.043631054
2.824910500,-13.055498987
2.825113900,-13.067365019
2.825317400,-13.087232951
2.825520800,-13.099098983
2.825724300,-13.110966916
2.825927700,-13.134832948
2.826131200,-13.146700881
2.826334600,-13.162566913
2.826538100,-13.186434845
2.826741500,-13.198300877
2.826945000,-13.214168810
2.827148400,-13.226034842
2.827351900,-13.253902774
2.827555300,-13.265768806
2.827758800,-13.281636739
2.827962200,-13.309502771
2.828165700,-13.325370704
2.828369100,-13.341236735
2.828572600,-13.369104668
2.828776000,-13.384970700
2.828979500,-13.400838633
2.829182900,-13.428704665
2.829386400,-13.444572597
2.829589800,-13.460438629
2.829793300,-13.476306562
2.829996700,-13.508172594
2.830200200,-13.524040526
2.830403600,-13.539906558
2.830607100,-13.571774491
2.830810500,-13.587640523
2.831014000,-13.607508456
2.831217400,-13.635374488
2.831420900,-13.651242420
2.831624300,-13.671108452
2.831827800,-13.686976385
2.832031300,-13.718844317
2.832234700,-13.734710349
2.832438200,-13.750578282
2.832641600,-13.782444314
2.832845100,-13.798312247
2.833048500,-13.814178279
2.833252000,-13.842046211
2.833455400,-13.857912243
2.833658900,-13.873780176
2.833862300,-13.889646208
2.834065800,-13.917514140
2.834269200,-13.933380172
2.834472700,-13.949248105
2.834676100,-13.977114137
2.834879600,-13.992982070
2.835083000,-14.004848101
2.835286500,-14.032716034
2.835489900,-14.044582066
2.835693400,-14.060449999
2.835896800,-14.072316031
2.836100300,-14.096183963
2.836303700,-14.112049995
2.836507200,-14.123917928
2.836710600,-14.143783960
2.836914100,-14.155651892
2.837117500,-14.167517924
2.837321000,-14.187385857
2.837524400,-14.199251889
2.837727900,-14.211119822
2.837931300,-14.222985854
2.838134800,-14.238853786
2.838338200,-14.250719818
2.838541700,-14.262587751
2.838745100,-14.278453783
2.838948600,-14.286321715
2.839152000,-14.294187747
2.839355500,-14.310055680
2.839558900,-14.317921712
2.839762400,-14.325789645
2.839965800,-14.337655676
2.840169300,-14.345523609
2.840372700,-14.353389641
2.840576200,-14.361257574
2.840779600,-14.373123606
2.840983100,-14.380991538
2.841186500,-14.388857570
2.841390000,-14.396725503
2.841593400,-14.404591535
2.841796900,-14.412459467
2.842000300,-14.420325499
2.842203800,-14.424193432
2.842407200,-14.432059464
2.842610700,-14.435927397
2.842814100,-14.443793429
2.843017600,-14.451661361
2.843221000,-14.455527393
2.843424500,-14.463395326
2.843627900,-14.467261358
2.843831400,-14.475129290
2.844034800,-14.478995322
2.844238300,-14.486863255
2.844441700,-14.490729287
2.844645200,-14.494597219
2.844848600,-14.502463251
2.845052100,-14.506331184
2.845255500,-14.510197216
2.845459000,-14.518065149
2.845662400,-14.521931181
2.845865900,-14.525799113
2.846069300,-14.529665145
2.846272800,-14.533533078
2.846476200,-14.541399110
2.846679700,-14.545267042
2.846883100,-14.549133074
2.847086600,-14.553001007
2.847290000,-14.556867039
2.847493500,-14.564734972
2.847696900,-14.568601004
2.847900400,-14.572468936
2.848103800,-14.576334968
2.848307300,-14.580202901
2.848510700,-14.584068933
2.848714200,-14.591936865
2.848917600,-14.595802897
2.849121100,-14.599670830
2.849324500,-14.603536862
2.849528000,-14.607404794
2.849731400,-14.611270826
2.849934900,-14.615138759
2.850138300,-14.619004791
2.850341800,-14.622872724
2.850545200,-14.626738756
2.850748700,-14.630606688
2.850952100,-14.634472720
2.851155600,-14.638340653
2.851359000,-14.642206685
2.851562500,-14.646074617
2.851766000,-14.649942550
2.851969400,-14.653808582
2.852172900,-14.657676515
2.852376300,-14.661542547
2.852579800,-14.665410479
2.852783200,-14.669276511
2.852986700,-14.673144444
2.853190100,-14.673010476
2.853393600,-14.676878408
2.853597000,-14.680744440
2.853800500,-14.684612373
2.854003900,-14.688478405
2.854207400,-14.688346338
2.854410800,-14.692212369
2.854614300,-14.696080302
2.854817700,-14.695946334
2.855021200,-14.699814267
2.855224600,-14.699680299
2.855428100,-14.703548231
2.855631500,-14.703414263
2.855835000,-14.707282196
2.856038400,-14.707148228
2.856241900,-14.707016160
2.856445300,-14.710882192
2.856648800,-14.710750125
2.856852200,-14.710616157
2.857055700,-14.714484090
2.857259100,-14.714350122
2.857462600,-14.718218054
2.857666000,-14.714084086
2.857869500,-14.717952019
2.858072900,-14.717818051
2.858276400,-14.713685983
2.858479800,-14.717552015
2.858683300,-14.717419948
2.858886700,-14.713285980
2.859090200,-14.713153913
2.859293600,-14.713019944
2.859497100,-14.708887877
2.859700500,-14.708753909
2.859904000,-14.708621842
2.860107400,-14.708487874
2.860310900,-14.704355806
2.860514300,-14.704221838
2.860717800,-14.704089771
2.860921200,-14.699955803
2.861124700,-14.695823735
2.861328100,-14.695689767
2.861531600,-14.691557700
2.861735000,-14.687423732
2.861938500,-14.687291665
2.862141900,-14.687157697
2.862345400,-14.679025629
2.862548800,-14.674891661
2.862752300,-14.674759594
2.862955700,-14.666625626
2.863159200,-14.662493558
2.863362600,-14.662359590
2.863566100,-14.654227523
2.863769500,-14.650093555
2.863973000,-14.645961488
2.864176400,-14.645827519
2.864379900,-14.633695452
2.864583300,-14.629561484
2.864786800,-14.629429417
2.864990200,-14.617295449
2.865193700,-14.613163381
2.865397100,-14.609029413
2.865600600,-14.600897346
2.865804000,-14.596763378
2.866007500,-14.592631310
2.866210900,-14.588497342
2.866414400,-14.576365275
2.866617800,-14.572231307
2.866821300,-14.568099240
2.867024700,-14.555965272
2.867228200,-14.551833204
2.867431600,-14.547699236
2.867635100,-14.535567169
2.867838500,-14.531433201
2.868042000,-14.527301133
2.868245400,-14.511167165
2.868448900,-14.507035098
2.868652300,-14.502901130
2.868855800,-14.498769063
2.869059200,-14.486635094
2.869262700,-14.478503027
2.869466100,-14.474369059
2.869669600,-14.462236992
2.869873000,-14.458103024
2.870076500,-14.449970956
2.870279900,-14.437836988
2.870483400,-14.433704921
2.870686800,-14.425570953
2.870890300,-14.421438885
2.871093800,-14.409306818
2.871297200,-14.401172850
2.871500700,-14.397040783
2.871704100,-14.384906815
2.871907600,-14.376774747
2.872111000,-14.372640779
2.872314500,-14.356508712
2.872517900,-14.352374744
2.872721400,-14.348242676
2.872924800,-14.344108708
2.873128300,-14.327976641
2.873331700,-14.323842673
2.873535200,-14.315710606
2.873738600,-14.303576638
2.873942100,-14.295444570
2.874145500,-14.291310602
2.874349000,-14.279178535
2.874552400,-14.271044567
2.874755900,-14.266912499
2.874959300,-14.262778531
2.875162800,-14.246646464
2.875366200,-14.242512496
2.875569700,-14.234380429
2.875773100,-14.222246460
2.875976600,-14.218114393
2.876180000,-14.209980425
2.876383500,-14.197848358
2.876586900,-14.189714390
2.876790400,-14.185582322
2.876993800,-14.169448354
2.877197300,-14.165316287
2.877400700,-14.161182319
2.877604200,-14.157050251
2.877807600,-14.140916283
2.878011100,-14.136784216
2.878214500,-14.132650248
2.878418000,-14.116518181
2.878621400,-14.112384213
2.878824900,-14.104252145
2.879028300,-14.092118177
2.879231800,-14.087986110
2.879435200,-14.079852142
2.879638700,-14.075720074
2.879842100,-14.063586106
2.880045600,-14.055454039
2.880249000,-14.051320071
2.880452500,-14.039188004
2.880655900,-14.031054035
2.880859400,-14.026921968
2.881062800,-14.014788000
2.881266300,-14.006655933
2.881469700,-14.002521965
2.881673200,-13.998389897
2.881876600,-13.982255929
2.882080100,-13.978123862
2.882283500,-13.973989894
2.882487000,-13.957857826
2.882690400,-13.953723858
2.882893900,-13.949591791
2.883097300,-13.933457823
2.883300800,-13.929325756
2.883504200,-13.925191788
2.883707700,-13.921059720
2.883911100,-13.904925752
2.884114600,-13.900793685
2.884318000,-13.896659717
2.884521500,-13.880527649
2.884724900,-13.876393681
2.884928400,-13.872261614
2.885131800,-13.856127646
2.885335300,-13.851995578
2.885538700,-13.847861610
2.885742200,-13.839729543
2.885945600,-13.827595575
2.886149100,-13.823463508
2.886352500,-13.815329540
2.886556000,-13.803197472
2.886759400,-13.799063504
2.886962900,-13.790931437
2.887166300,-13.778797469
2.887369800,-13.774665401
2.887573200,-13.766531433
2.887776700,-13.754399366
2.887980100,-13.750265398
2.888183600,-13.742133331
2.888387000,-13.737999363
2.888590500,-13.725867295
2.888793900,-13.721733327
2.888997400,-13.713601260
2.889200800,-13.701467292
2.889404300,-13.697335224
2.889607700,-13.689201256
2.889811200,-13.677069189
2.890014600,-13.672935221
2.890218100,-13.668803153
2.890421500,-13.660669185
2.890625000,-13.648537118
2.890828500,-13.644405051
2.891031900,-13.640271083
2.891235400,-13.624139015
2.891438800,-13.620005047
2.891642300,-13.615872980
2.891845700,-13.603739012
2.892049200,-13.595606944
2.892252600,-13.591472976
2.892456100,-13.587340909
2.892659500,-13.575206941
2.892863000,-13.571074874
2.893066400,-13.562940906
2.893269900,-13.550808838
2.893473300,-13.546674870
2.893676800,-13.542542803
2.893880200,-13.530408835
2.894083700,-13.526276767
2.894287100,-13.518142799
2.894490600,-13.514010732
2.894694000,-13.501876764
2.894897500,-13.497744697
2.895100900,-13.493610728
2.895304400,-13.481478661
2.895507800,-13.473344693
2.895711300,-13.469212626
2.895914700,-13.457078658
2.896118200,-13.452946590
2.896321600,-13.448812622
2.896525100,-13.436680555
2.896728500,-13.432546587
2.896932000,-13.428414519
2.897135400,-13.420280551
2.897338900,-13.408148484
2.897542300,-13.404014516
2.897745800,-13.399882449
2.897949200,-13.387748481
2.898152700,-13.383616413
2.898356100,-13.379482445
2.898559600,-13.363350378
2.898763000,-13.359216410
2.898966500,-13.355084342
2.899169900,-13.350950374
2.899373400,-13.338818307
2.899576800,-13.334684339
2.899780300,-13.326552272
2.899983700,-13.314418303
2.900187200,-13.310286236
2.900390600,-13.306152268
2.900594100,-13.294020201
2.900797500,-13.285886233
2.901001000,-13.281754165
2.901204400,-13.277620197
2.901407900,-13.265488130
2.901611300,-13.261354162
2.901814800,-13.257222094
2.902018200,-13.241088126
2.902221700,-13.236956059
2.902425100,-13.232822091
2.902628600,-13.220690024
2.902832000,-13.212556056
2.903035500,-13.208423988
2.903238900,-13.204290020
2.903442400,-13.192157953
2.903645800,-13.188023985
2.903849300,-13.179891917
2.904052700,-13.167757949
2.904256200,-13.163625882
2.904459600,-13.159491914
2.904663100,-13.147359847
2.904866500,-13.139225878
2.905070000,-13.135093811
2.905273400,-13.122959843
2.905476900,-13.118827776
2.905680300,-13.114693808
2.905883800,-13.110561740
2.906087200,-13.094427772
2.906290700,-13.090295705
2.906494100,-13.086161737
2.906697600,-13.074029669
2.906901000,-13.069895701
2.907104500,-13.065763634
2.907307900,-13.053629666
2.907511400,-13.045497599
2.907714800,-13.041363631
2.907918300,-13.037231563
2.908121700,-13.025097595
2.908325200,-13.020965528
2.908528600,-13.016831560
2.908732100,-13.004699492
2.908935500,-13.000565524
2.909139000,-12.996433457
2.909342400,-12.984299489
2.909545900,-12.980167422
2.909749300,-12.976033453
2.909952800,-12.971901386
2.910156300,-12.959769319
2.910359700,-12.955635351
2.910563200,-12.951503283
2.910766600,-12.943369315
2.910970100,-12.939237248
2.911173500,-12.935103280
2.911377000,-12.922971213
2.911580400,-12.918837244
2.911783900,-12.914705177
2.911987300,-12.910571209
2.912190800,-12.902439142
2.912394200,-12.898305174
2.912597700,-12.894173106
2.912801100,-12.882039138
2.913004600,-12.881907071
2.913208000,-12.877773103
2.913411500,-12.865641035
2.913614900,-12.865507067
2.913818400,-12.861375000
2.914021800,-12.857241032
2.914225300,-12.845108965
2.914428700,-12.844974997
2.914632200,-12.840842929
2.914835600,-12.828708961
2.915039100,-12.828576894
2.915242500,-12.824442926
2.915446000,-12.816310858
2.915649400,-12.812176890
2.915852900,-12.808044823
2.916056300,-12.799910855
2.916259800,-12.795778788
2.916463200,-12.791644819
2.916666700,-12.791512752
2.916870100,-12.779378784
2.917073600,-12.775246717
2.917277000,-12.775112749
2.917480500,-12.762980681
2.917683900,-12.762846713
2.917887400,-12.758714646
2.918090800,-12.750580678
2.918294300,-12.746448610
2.918497700,-12.742314642
2.918701200,-12.742182575
2.918904600,-12.730048607
2.919108100,-12.725916540
2.919311500,-12.725782572
2.919515000,-12.713650504
2.919718400,-12.713516536
2.919921900,-12.709384469
2.920125300,-12.701250501
2.920328800,-12.697118433
2.920532200,-12.692984465
2.920735700,-12.692852398
2.920939100,-12.680718430
2.921142600,-12.676586363
2.921346000,-12.676452394
2.921549500,-12.664320327
2.921752900,-12.664186359
2.921956400,-12.660054292
2.922159800,-12.651920324
2.922363300,-12.647788256
2.922566700,-12.643654288
2.922770200,-12.643522221
2.922973600,-12.631388253
2.923177100,-12.627256185
2.923380500,-12.627122217
2.923584000,-12.614990150
2.923787400,-12.614856182
2.923990900,-12.610724115
2.924194300,-12.602590147
2.924397800,-12.598458079
2.924601200,-12.594324111
2.924804700,-12.586192044
2.925008100,-12.582058076
2.925211600,-12.577926008
2.925415000,-12.577792040
2.925618500,-12.565659973
2.925821900,-12.565526005
2.926025400,-12.561393937
2.926228800,-12.553259969
2.926432300,-12.549127902
2.926635700,-12.544993934
2.926839200,-12.536861867
2.927042600,-12.532727899
2.927246100,-12.532595831
2.927449500,-12.528461863
2.927653000,-12.520329796
2.927856400,-12.516195828
2.928059900,-12.512063760
2.928263300,-12.503929792
2.928466800,-12.499797725
2.928670200,-12.499663757
2.928873700,-12.487531690
2.929077100,-12.487397722
2.929280600,-12.483265654
2.929484000,-12.479131686
2.929687500,-12.470999619
2.929891000,-12.466867551
2.930094400,-12.466733583
2.930297900,-12.458601516
2.930501300,-12.454467548
2.930704800,-12.450335481
2.930908200,-12.442201512
2.931111700,-12.438069445
2.931315100,-12.437935477
2.931518600,-12.433803410
2.931722000,-12.425669442
2.931925500,-12.421537374
2.932128900,-12.421403406
2.932332400,-12.413271339
2.932535800,-12.409137371
2.932739300,-12.409005303
2.932942700,-12.396871335
2.933146200,-12.396739268
2.933349600,-12.392605300
2.933553100,-12.392473233
2.933756500,-12.380339265
2.933960000,-12.380207197
2.934163400,-12.376073229
2.934366900,-12.367941162
2.934570300,-12.367807194
2.934773800,-12.363675126
2.934977200,-12.355541158
2.935180700,-12.351409091
2.935384100,-12.351275123
2.935587600,-12.343143056
2.935791000,-12.339009087
2.935994500,-12.338877020
2.936197900,-12.334743052
2.936401400,-12.326610985
2.936604800,-12.322477017
2.936808300,-12.322344949
2.937011700,-12.314210981
2.937215200,-12.310078914
2.937418600,-12.309944946
2.937622100,-12.301812878
2.937825500,-12.297678910
2.938029000,-12.297546843
2.938232400,-12.293412875
2.938435900,-12.285280808
2.938639300,-12.285146840
2.938842800,-12.281014772
2.939046200,-12.272880804
2.939249700,-12.272748737
2.939453100,-12.268614769
2.939656600,-12.260482701
2.939860000,-12.260348733
2.940063500,-12.260216666
2.940266900,-12.256082698
2.940470400,-12.247950631
2.940673800,-12.247816662
2.940877300,-12.243684595
2.941080700,-12.239550627
2.941284200,-12.235418560
2.941487600,-12.235284592
2.941691100,-12.227152524
2.941894500,-12.227018556
2.942098000,-12.222886489
2.942301400,-12.222752521
2.942504900,-12.214620453
2.942708300,-12.214486485
2.942911800,-12.210354418
2.943115200,-12.206220450
2.943318700,-12.202088383
2.943522100,-12.201954415
2.943725600,-12.197822347
2.943929000,-12.193688379
2.944132500,-12.193556312
2.944335900,-12.189422344
2.944539400,-12.185290276
2.944742800,-12.185156308
2.944946300,-12.185024241
2.945149700,-12.176890273
2.945353200,-12.176758206
2.945556600,-12.176624237
2.945760100,-12.172492170
2.945963500,-12.172358202
2.946167000,-12.168226135
2.946370400,-12.164092167
2.946573900,-12.163960099
2.946777300,-12.163826131
2.946980800,-12.163694064
2.947184200,-12.159560096
2.947387700,-12.159428028
2.947591100,-12.159294060
2.947794600,-12.151161993
2.947998000,-12.151028025
2.948201500,-12.150895958
2.948404900,-12.146761990
2.948608400,-12.146629922
2.948811800,-12.146495954
2.949015300,-12.146363887
2.949218800,-12.142231819
2.949422200,-12.142097851
2.949625700,-12.141965784
2.949829100,-12.137831816
2.950032600,-12.137699749
2.950236000,-12.137565781
2.950439500,-12.133433713
2.950642900,-12.133299745
2.950846400,-12.133167678
2.951049800,-12.133033710
2.951253300,-12.128901642
2.951456700,-12.128767674
2.951660200,-12.128635607
2.951863600,-12.124501639
2.952067100,-12.124369572
2.952270500,-12.124235603
2.952474000,-12.120103536
2.952677400,-12.119969568
2.952880900,-12.119837501
2.953084300,-12.115703533
2.953287800,-12.115571465
2.953491200,-12.115437497
2.953694700,-12.115305430
2.953898100,-12.111171462
2.954101600,-12.107039394
2.954305000,-12.106905426
2.954508500,-12.102773359
2.954711900,-12.102639391
2.954915400,-12.098507324
2.955118800,-12.094373356
2.955322300,-12.094241288
2.955525700,-12.090107320
2.955729200,-12.089975253
2.955932600,-12.081841285
2.956136100,-12.081709217
2.956339500,-12.081575249
2.956543000,-12.073443182
2.956746400,-12.069309214
2.956949900,-12.069177147
2.957153300,-12.061043178
2.957356800,-12.060911111
2.957560200,-12.056777143
2.957763700,-12.052645076
2.957967100,-12.044511108
2.958170600,-12.044379040
2.958374000,-12.040245072
2.958577500,-12.032113005
2.958780900,-12.027979037
2.958984400,-12.023846969
2.959187800,-12.015713001
2.959391300,-12.011580934
2.959594700,-12.011446966
2.959798200,-12.007314899
2.960001600,-11.995180931
2.960205100,-11.991048863
2.960408500,-11.990914895
2.960612000,-11.978782828
2.960815400,-11.974648860
2.961018900,-11.970516792
2.961222300,-11.958382824
2.961425800,-11.954250757
2.961629200,-11.954116789
2.961832700,-11.949984721
2.962036100,-11.937850753
2.962239600,-11.933718686
2.962443000,-11.929584718
2.962646500,-11.917452651
2.962849900,-11.913318683
2.963053400,-11.909186615
2.963256800,-11.897052647
2.963460300,-11.892920580
2.963663700,-11.888786612
2.963867200,-11.876654544
2.964070600,-11.872520576
2.964274100,-11.868388509
2.964477500,-11.864254541
2.964681000,-11.852122474
2.964884400,-11.847988506
2.965087900,-11.847856438
2.965291300,-11.835722470
2.965494800,-11.831590403
2.965698200,-11.827456435
2.965901700,-11.815324367
2.966105100,-11.811190399
2.966308600,-11.807058332
2.966512000,-11.802924364
2.966715500,-11.790792296
2.966918900,-11.786658328
2.967122400,-11.786526261
2.967325800,-11.774392293
2.967529300,-11.770260226
2.967732700,-11.766126258
2.967936200,-11.753994190
2.968139600,-11.753860222
2.968343100,-11.749728155
2.968546500,-11.745594187
2.968750000,-11.733462119
2.968953500,-11.729330052
2.969156900,-11.729196084
2.969360400,-11.717064017
2.969563800,-11.712930049
2.969767300,-11.712797981
2.969970700,-11.700664013
2.970174200,-11.696531946
2.970377600,-11.696397978
2.970581100,-11.692265910
2.970784500,-11.684131942
2.970988000,-11.679999875
2.971191400,-11.675865907
2.971394900,-11.667733840
2.971598300,-11.663599871
2.971801800,-11.663467804
2.972005200,-11.651333836
2.972208700,-11.651201769
2.972412100,-11.647067801
2.972615600,-11.638935733
2.972819000,-11.634801765
2.973022500,-11.634669698
2.973225900,-11.630535730
2.973429400,-11.622403662
2.973632800,-11.618269694
2.973836300,-11.618137627
2.974039700,-11.610003659
2.974243200,-11.605871592
2.974446600,-11.605737624
2.974650100,-11.597605556
2.974853500,-11.593471588
2.975057000,-11.593339521
2.975260400,-11.589205553
2.975463900,-11.581073485
2.975667300,-11.580939517
2.975870800,-11.576807450
2.976074200,-11.568673482
2.976277700,-11.568541415
2.976481100,-11.564407446
2.976684600,-11.556275379
2.976888000,-11.556141411
2.977091500,-11.556009344
2.977294900,-11.551875376
2.977498400,-11.543743308
2.977701800,-11.543609340
2.977905300,-11.539477273
2.978108700,-11.535343305
2.978312200,-11.531211237
2.978515600,-11.531077269
2.978719100,-11.522945202
2.978922500,-11.522811234
2.979126000,-11.518679167
2.979329400,-11.518545199
2.979532900,-11.510413131
2.979736300,-11.510279163
2.979939800,-11.510147096
2.980143200,-11.502013128
2.980346700,-11.501881060
2.980550100,-11.497747092
2.980753600,-11.493615025
2.980957000,-11.489481057
2.981160500,-11.489348990
2.981363900,-11.489215021
2.981567400,-11.481082954
2.981770800,-11.480948986
2.981974300,-11.480816919
2.982177700,-11.472682951
2.982381200,-11.472550883
2.982584600,-11.472416915
2.982788100,-11.464284848
2.982991500,-11.464150880
2.983195000,-11.464018812
2.983398400,-11.455884844
2.983601900,-11.455752777
2.983805300,-11.455618809
2.984008800,-11.455486742
2.984212200,-11.447352774
2.984415700,-11.447220706
2.984619100,-11.447086738
2.984822600,-11.442954671
2.985026000,-11.442820703
2.985229500,-11.438688635
2.985432900,-11.434554667
2.985636400,-11.434422600
2.985839800,-11.434288632
2.986043300,-11.434156565
2.986246700,-11.426022596
2.986450200,-11.425890529
2.986653600,-11.425756561
2.986857100,-11.421624494
2.987060500,-11.421490526
2.987264000,-11.417358458
2.987467400,-11.413224490
2.987670900,-11.413092423
2.987874300,-11.412958455
2.988077800,-11.412826387
2.988281300,-11.408694320
2.988484700,-11.404560352
2.988688200,-11.404428285
2.988891600,-11.400294317
2.989095100,-11.400162249
2.989298500,-11.400028281
2.989502000,-11.395896214
2.989705400,-11.395762246
2.989908900,-11.395630178
2.990112300,-11.395496210
2.990315800,-11.387364143
2.990519200,-11.387230175
2.990722700,-11.387098108
2.990926100,-11.382964140
2.991129600,-11.382832072
2.991333000,-11.382698104
2.991536500,-11.378566037
2.991739900,-11.378432069
2.991943400,-11.378300001
2.992146800,-11.374166033
2.992350300,-11.374033966
2.992553700,-11.373899998
2.992757200,-11.373767931
2.992960600,-11.369633962
2.993164100,-11.369501895
2.993367500,-11.369367927
2.993571000,-11.365235860
2.993774400,-11.365101892
2.993977900,-11.364969824
2.994181300,-11.364835856
2.994384800,-11.364703789
2.994588200,-11.364569821
2.994791700,-11.364437753
2.994995100,-11.360303785
2.995198600,-11.360171718
2.995402000,-11.364037750
2.995605500,-11.359905683
2.995808900,-11.359771715
2.996012400,-11.359639647
2.996215800,-11.359505679
2.996419300,-11.359373612
2.996622700,-11.359239644
2.996826200,-11.363107576
2.997029600,-11.358973608
2.997233100,-11.358841541
2.997436500,-11.362707573
2.997640000,-11.358575506
2.997843400,-11.358441537
2.998046900,-11.362309470
2.998250300,-11.358175502
2.998453800,-11.362043435
2.998657200,-11.361909467
2.998860700,-11.361777399
2.999064100,-11.361643431
2.999267600,-11.361511364
2.999471000,-11.365377396
2.999674500,-11.365245328
2.999877900,-11.365111360
3.000081400,-11.364979293
3.000284800,-11.364845325
3.000488300,-11.364713258
3.000691700,-11.368579290
3.000895200,-11.368447222
3.001098600,-11.368313254
3.001302100,-11.368181187
3.001505500,-11.372047219
3.001709000,-11.367915151
3.001912400,-11.371781183
3.002115900,-11.371649116
3.002319300,-11.371515148
3.002522800,-11.371383080
3.002726200,-11.375249112
3.002929700,-11.371117045
3.003133100,-11.374983077
3.003336600,-11.374851010
3.003540000,-11.374717042
3.003743500,-11.374584974
3.003946900,-11.374451006
3.004150400,-11.374318939
3.004353800,-11.374184971
3.004557300,-11.374052903
3.004760700,-11.373918935
3.004964200,-11.373786868
3.005167600,-11.373652900
3.005371100,-11.373520833
3.005574500,-11.373386865
3.005778000,-11.373254797
3.005981400,-11.373120829
3.006184900,-11.372988762
3.006388300,-11.368854794
3.006591800,-11.368722726
3.006795200,-11.368588758
3.006998700,-11.364456691
3.007202100,-11.368322723
3.007405600,-11.368190655
3.007609000,-11.368056687
3.007812500,-11.359924620
3.008016000,-11.359792553
3.008219400,-11.359658585
3.008422900,-11.355526517
3.008626300,-11.355392549
3.008829800,-11.355260482
3.009033200,-11.351126514
3.009236700,-11.350994446
3.009440100,-11.350860478
3.009643600,-11.346728411
3.009847000,-11.342594443
3.010050500,-11.342462376
3.010253900,-11.342328408
3.010457400,-11.334196340
3.010660800,-11.334062372
3.010864300,-11.333930305
3.011067700,-11.325796337
3.011271200,-11.325664269
3.011474600,-11.321530301
3.011678100,-11.317398234
3.011881500,-11.313264266
3.012085000,-11.313132199
3.012288400,-11.312998230
3.012491900,-11.304866163
3.012695300,-11.300732195
3.012898800,-11.300600128
3.013102200,-11.292466160
3.013305700,-11.292334092
3.013509100,-11.288200124
3.013712600,-11.280068057
3.013916000,-11.279934089
3.014119500,-11.279802021
3.014322900,-11.275668053
3.014526400,-11.267535986
3.014729800,-11.267402018
3.014933300,-11.263269951
3.015136700,-11.255135983
3.015340200,-11.255003915
3.015543600,-11.250869947
3.015747100,-11.242737880
3.015950500,-11.242603912
3.016154000,-11.238471844
3.016357400,-11.238337876
3.016560900,-11.230205809
3.016764300,-11.226071841
3.016967800,-11.225939774
3.017171200,-11.217805805
3.017374700,-11.213673738
3.017578100,-11.213539770
3.017781600,-11.205407703
3.017985000,-11.205273735
3.018188500,-11.201141667
3.018391900,-11.201007699
3.018595400,-11.192875632
3.018798800,-11.188741664
3.019002300,-11.188609596
3.019205700,-11.180475628
3.019409200,-11.176343561
3.019612600,-11.176209593
3.019816100,-11.168077526
3.020019500,-11.167943558
3.020223000,-11.163811490
3.020426400,-11.159677522
3.020629900,-11.155545455
3.020833300,-11.155411487
3.021036800,-11.155279419
3.021240200,-11.147145451
3.021443700,-11.147013384
3.021647100,-11.142879416
3.021850600,-11.138747349
3.022054000,-11.134613380
3.022257500,-11.134481313
3.022460900,-11.130347345
3.022664400,-11.126215278
3.022867800,-11.126081310
3.023071300,-11.125949242
3.023274700,-11.117815274
3.023478200,-11.117683207
3.023681600,-11.117549239
3.023885100,-11.113417171
3.024088500,-11.109283203
3.024292000,-11.109151136
3.024495400,-11.105017168
3.024698900,-11.104885101
3.024902300,-11.104751133
3.025105800,-11.104619065
3.025309200,-11.096485097
3.025512700,-11.096353030
3.025716100,-11.096219062
3.025919600,-11.092086994
3.026123000,-11.091953026
3.026326500,-11.091820959
3.026529900,-11.087686991
3.026733400,-11.087554924
3.026936800,-11.087420955
3.027140300,-11.087288888
3.027343800,-11.083156821
3.027547200,-11.083022853
3.027750700,-11.082890785
3.027954100,-11.078756817
3.028157600,-11.078624750
3.028361000,-11.082490782
3.028564500,-11.078358715
3.028767900,-11.078224746
3.028971400,-11.078092679
3.029174800,-11.077958711
3.029378300,-11.073826644
3.029581700,-11.073692676
3.029785200,-11.077560608
3.029988600,-11.073426640
3.030192100,-11.073294573
3.030395500,-11.073160605
3.030599000,-11.069028537
3.030802400,-11.072894569
3.031005900,-11.072762502
3.031209300,-11.068628534
3.031412800,-11.068496467
3.031616200,-11.068362499
3.031819700,-11.072230431
3.032023100,-11.068096463
3.032226600,-11.067964396
3.032430000,-11.067830428
3.032633500,-11.067698360
3.032836900,-11.067564392
3.033040400,-11.067432325
3.033243800,-11.067298357
3.033447300,-11.067166290
3.033650700,-11.067032321
3.033854200,-11.066900254
3.034057600,-11.066766286
3.034261100,-11.066634219
3.034464500,-11.066500251
3.034668000,-11.062368183
3.034871400,-11.066234215
3.035074900,-11.066102148
3.035278300,-11.061968180
3.035481800,-11.061836112
3.035685200,-11.065702144
3.035888700,-11.065570077
3.036092100,-11.061436109
3.036295600,-11.061304042
3.036499000,-11.061170074
3.036702500,-11.061038006
3.036905900,-11.060904038
3.037109400,-11.060771971
3.037312800,-11.056638003
3.037516300,-11.056505935
3.037719700,-11.056371967
3.037923200,-11.056239900
3.038126600,-11.056105932
3.038330100,-11.055973865
3.038533500,-11.055839896
3.038737000,-11.051707829
3.038940400,-11.051573861
3.039143900,-11.051441794
3.039347300,-11.047307826
3.039550800,-11.047175758
3.039754200,-11.047041790
3.039957700,-11.042909723
3.040161100,-11.042775755
3.040364600,-11.042643687
3.040568000,-11.042509719
3.040771500,-11.034377652
3.040974900,-11.034243684
3.041178400,-11.034111617
3.041381800,-11.029977649
3.041585300,-11.029845581
3.041788700,-11.029711613
3.041992200,-11.021579546
3.042195600,-11.021445578
3.042399100,-11.021313510
3.042602500,-11.021179542
3.042806000,-11.013047475
3.043009400,-11.012913507
3.043212900,-11.008781439
3.043416300,-11.004647471
3.043619800,-11.000515404
3.043823200,-11.000381436
3.044026700,-10.992249369
3.044230100,-10.992115401
3.044433600,-10.991983333
3.044637000,-10.987849365
3.044840500,-10.979717298
3.045043900,-10.979583330
3.045247400,-10.975451262
3.045450800,-10.967317294
3.045654300,-10.967185227
3.045857700,-10.963051259
3.046061200,-10.954919192
3.046264600,-10.954785224
3.046468100,-10.950653156
3.046671500,-10.946519188
3.046875000,-10.938387121
3.047078500,-10.938255053
3.047281900,-10.934121085
3.047485400,-10.925989018
3.047688800,-10.921855050
3.047892300,-10.917722983
3.048095700,-10.909589014
3.048299200,-10.905456947
3.048502600,-10.901322979
3.048706100,-10.893190912
3.048909500,-10.889056944
3.049113000,-10.884924876
3.049316400,-10.884790908
3.049519900,-10.872658841
3.049723300,-10.868524873
3.049926800,-10.864392805
3.050130200,-10.856258837
3.050333700,-10.852126770
3.050537100,-10.847992802
3.050740600,-10.835860735
3.050944000,-10.835726767
3.051147500,-10.831594699
3.051350900,-10.827460731
3.051554400,-10.815328664
3.051757800,-10.811194696
3.051961300,-10.807062628
3.052164700,-10.798928660
3.052368200,-10.794796593
3.052571600,-10.790662625
3.052775100,-10.778530558
3.052978500,-10.774396589
3.053182000,-10.770264522
3.053385400,-10.766130554
3.053588900,-10.757998487
3.053792300,-10.753864519
3.053995800,-10.749732451
3.054199200,-10.737598483
3.054402700,-10.733466416
3.054606100,-10.729332448
3.054809600,-10.721200380
3.055013000,-10.717066412
3.055216500,-10.712934345
3.055419900,-10.708800377
3.055623400,-10.696668310
3.055826800,-10.692534342
3.056030300,-10.688402274
3.056233700,-10.680268306
3.056437200,-10.676136239
3.056640600,-10.672002271
3.056844100,-10.659870203
3.057047500,-10.655736235
3.057251000,-10.655604168
3.057454400,-10.651470200
3.057657900,-10.639338133
3.057861300,-10.635204164
3.058064800,-10.631072097
3.058268200,-10.622938129
3.058471700,-10.618806062
3.058675100,-10.614672094
3.058878600,-10.602540026
3.059082000,-10.598406058
3.059285500,-10.598273991
3.059488900,-10.586140023
3.059692400,-10.582007955
3.059895800,-10.577873987
3.060099300,-10.577741920
3.060302700,-10.565607952
3.060506200,-10.561475885
3.060709600,-10.557341917
3.060913100,-10.549209849
3.061116500,-10.545075881
3.061320000,-10.540943814
3.061523400,-10.528809846
3.061726900,-10.528677778
3.061930300,-10.524543810
3.062133800,-10.520411743
3.062337200,-10.508277775
3.062540700,-10.508145708
3.062744100,-10.504011739
3.062947600,-10.491879672
3.063151000,-10.487745704
3.063354500,-10.483613637
3.063557900,-10.475479669
3.063761400,-10.471347601
3.063964800,-10.467213633
3.064168300,-10.463081566
3.064371700,-10.454947598
3.064575200,-10.450815530
3.064778600,-10.446681562
3.064982100,-10.438549495
3.065185500,-10.434415527
3.065389000,-10.430283460
3.065592400,-10.418149492
3.065795900,-10.418017424
3.065999300,-10.413883456
3.066202800,-10.409751389
3.066406300,-10.397619321
3.066609700,-10.393485353
3.066813200,-10.393353286
3.067016600,-10.381219318
3.067220100,-10.377087251
3.067423500,-10.372953283
3.067627000,-10.364821215
3.067830400,-10.360687247
3.068033900,-10.356555180
3.068237300,-10.344421212
3.068440800,-10.340289144
3.068644200,-10.336155176
3.068847700,-10.336023109
3.069051100,-10.323889141
3.069254600,-10.319757074
3.069458000,-10.315623105
3.069661500,-10.303491038
3.069864900,-10.299357070
3.070068400,-10.295225003
3.070271800,-10.287091035
3.070475300,-10.282958967
3.070678700,-10.278824999
3.070882200,-10.274692932
3.071085600,-10.262558964
3.071289100,-10.258426896
3.071492500,-10.254292928
3.071696000,-10.242160861
3.071899400,-10.242026893
3.072102900,-10.237894826
3.072306300,-10.225760858
3.072509800,-10.221628790
3.072713200,-10.217494822
3.072916700,-10.213362755
3.073120100,-10.201228787
3.073323600,-10.197096719
3.073527000,-10.192962751
3.073730500,-10.180830684
3.073933900,-10.176696716
3.074137400,-10.172564649
3.074340800,-10.160430680
3.074544300,-10.156298613
3.074747700,-10.152164645
3.074951200,-10.148032578
3.075154600,-10.135898610
3.075358100,-10.131766542
3.075561500,-10.127632574
3.075765000,-10.111500507
3.075968400,-10.107366539
3.076171900,-10.103234471
3.076375300,-10.091100503
3.076578800,-10.086968436
3.076782200,-10.082834468
3.076985700,-10.070702401
3.077189100,-10.066568433
3.077392600,-10.058436365
3.077596000,-10.054302397
3.077799500,-10.042170330
3.078002900,-10.038036362
3.078206400,-10.033904294
3.078409800,-10.021770326
3.078613300,-10.013638259
3.078816700,-10.009504291
3.079020200,-9.997372224
3.079223600,-9.993238255
3.079427100,-9.989106188
3.079630500,-9.980972220
3.079834000,-9.968840153
3.080037400,-9.964706185
3.080240900,-9.960574117
3.080444300,-9.944440149
3.080647800,-9.940308082
3.080851200,-9.936174114
3.081054700,-9.924042046
3.081258100,-9.915908078
3.081461600,-9.911776011
3.081665000,-9.907642043
3.081868500,-9.895509976
3.082071900,-9.887376008
3.082275400,-9.883243940
3.082478800,-9.871109972
3.082682300,-9.866977905
3.082885700,-9.862843937
3.083089200,-9.846711869
3.083292600,-9.842577901
3.083496100,-9.838445834
3.083699500,-9.834311866
3.083903000,-9.818179798
3.084106400,-9.814045830
3.084309900,-9.809913763
3.084513300,-9.797779795
3.084716800,-9.793647728
3.084920200,-9.785513760
3.085123700,-9.773381692
3.085327100,-9.769247724
3.085530600,-9.765115657
3.085734000,-9.760981689
3.085937500,-9.748849621
3.086141000,-9.740717554
3.086344400,-9.736583586
3.086547900,-9.724451519
3.086751300,-9.720317551
3.086954800,-9.716185483
3.087158200,-9.704051515
3.087361700,-9.699919448
3.087565100,-9.695785480
3.087768600,-9.679653412
3.087972000,-9.675519444
3.088175500,-9.671387377
3.088378900,-9.667253409
3.088582400,-9.655121342
3.088785800,-9.650987373
3.088989300,-9.646855306
3.089192700,-9.634721338
3.089396200,-9.630589271
3.089599600,-9.626455303
3.089803100,-9.614323235
3.090006500,-9.610189267
3.090210000,-9.606057200
3.090413400,-9.601923232
3.090616900,-9.589791164
3.090820300,-9.585657196
3.091023800,-9.581525129
3.091227200,-9.569391161
3.091430700,-9.565259094
3.091634100,-9.561125126
3.091837600,-9.548993058
3.092041000,-9.540859090
3.092244500,-9.536727023
3.092447900,-9.532593055
3.092651400,-9.520460987
3.092854800,-9.516327019
3.093058300,-9.512194952
3.093261700,-9.500060984
3.093465200,-9.495928917
3.093668600,-9.491794948
3.093872100,-9.479662881
3.094075500,-9.475528913
3.094279000,-9.471396846
3.094482400,-9.467262878
3.094685900,-9.455130810
3.094889300,-9.450996842
3.095092800,-9.446864775
3.095296200,-9.438730807
3.095499700,-9.434598739
3.095703100,-9.430464771
3.095906600,-9.418332704
3.096110000,-9.414198736
3.096313500,-9.410066669
3.096516900,-9.397932701
3.096720400,-9.393800633
3.096923800,-9.389666665
3.097127300,-9.385534598
3.097330700,-9.373400630
3.097534200,-9.369268562
3.097737600,-9.365134594
3.097941100,-9.353002527
3.098144500,-9.348868559
3.098348000,-9.344736492
3.098551400,-9.332602523
3.098754900,-9.328470456
3.098958300,-9.324336488
3.099161800,-9.324204421
3.099365200,-9.312070453
3.099568700,-9.307938385
3.099772100,-9.303804417
3.099975600,-9.291672350
3.100179000,-9.287538382
3.100382500,-9.283406314
3.100585900,-9.275272346
3.100789400,-9.271140279
3.100992800,-9.267006311
3.101196300,-9.262874244
3.101399700,-9.250740276
3.101603200,-9.246608208
3.101806600,-9.246474240
3.102010100,-9.234342173
3.102213500,-9.230208205
3.102417000,-9.226076137
3.102620400,-9.217942169
3.102823900,-9.213810102
3.103027300,-9.209676134
3.103230800,-9.205544067
3.103434200,-9.197410098
3.103637700,-9.193278031
3.103841100,-9.189144063
3.104044600,-9.177011996
3.104248000,-9.176878028
3.104451500,-9.172745960
3.104654900,-9.160611992
3.104858400,-9.160479925
3.105061800,-9.156345957
3.105265300,-9.152213889
3.105468800,-9.144081822
3.105672200,-9.139947854
3.105875700,-9.135815787
3.106079100,-9.127681819
3.106282600,-9.123549751
3.106486000,-9.119415783
3.106689500,-9.111283716
3.106892900,-9.107149748
3.107096400,-9.107017680
3.107299800,-9.094883712
3.107503300,-9.094751645
3.107706700,-9.090617677
3.107910200,-9.086485610
3.108113600,-9.078351642
3.108317100,-9.078219574
3.108520500,-9.074085606
3.108724000,-9.065953539
3.108927400,-9.061819571
3.109130900,-9.061687503
3.109334300,-9.049553535
3.109537800,-9.049421468
3.109741200,-9.045287500
3.109944700,-9.045155433
3.110148100,-9.037021464
3.110351600,-9.032889397
3.110555000,-9.032755429
3.110758500,-9.024623362
3.110961900,-9.020489394
3.111165400,-9.020357326
3.111368800,-9.012223358
3.111572300,-9.008091291
3.111775700,-9.007957323
3.111979200,-9.003825255
3.112182600,-8.999691287
3.112386100,-8.995559220
3.112589500,-8.995425252
3.112793000,-8.987293185
3.112996400,-8.987159217
3.113199900,-8.983027149
3.113403300,-8.978893181
3.113606800,-8.974761114
3.113810200,-8.974627146
3.114013700,-8.974495078
3.114217100,-8.966361110
3.114420600,-8.966229043
3.114624000,-8.966095075
3.114827500,-8.957963008
3.115030900,-8.957829039
3.115234400,-8.953696972
3.115437800,-8.949563004
3.115641300,-8.949430937
3.115844700,-8.949296969
3.116048200,-8.941164901
3.116251600,-8.941030933
3.116455100,-8.940898866
3.116658500,-8.940764898
3.116862000,-8.932632830
3.117065400,-8.932498862
3.117268900,-8.932366795
3.117472300,-8.928232827
3.117675800,-8.924100760
3.117879200,-8.923966792
3.118082700,-8.919834724
3.118286100,-8.919700756
3.118489600,-8.919568689
3.118693000,-8.919434721
3.118896500,-8.915302653
3.119099900,-8.915168685
3.119303400,-8.915036618
3.119506800,-8.906902650
3.119710300,-8.906770582
3.119913700,-8.906636614
3.120117200,-8.902504547
3.120320600,-8.902370579
3.120524100,-8.902238512
3.120727500,-8.902104544
3.120931000,-8.897972476
3.121134400,-8.897838508
3.121337900,-8.897706441
3.121541300,-8.893572473
3.121744800,-8.893440405
3.121948200,-8.893306437
3.122151700,-8.889174370
3.122355100,-8.889040402
3.122558600,-8.888908335
3.122762000,-8.888774367
3.122965500,-8.884642299
3.123168900,-8.884508331
3.123372400,-8.884376264
3.123575800,-8.880242296
3.123779300,-8.880110228
3.123982700,-8.879976260
3.124186200,-8.879844193
3.124389600,-8.879710225
3.124593100,-8.879578157
3.124796500,-8.875444189
3.125000000,-8.875312122
3.125203500,-8.875180055
3.125406900,-8.875046087
3.125610400,-8.874914019
3.125813800,-8.874780051
3.126017300,-8.874647984
3.126220700,-8.870514016
3.126424200,-8.870381948
3.126627600,-8.874247980
3.126831100,-8.870115913
3.127034500,-8.869981945
3.127238000,-8.869849878
3.127441400,-8.869715910
3.127644900,-8.869583842
3.127848300,-8.869449874
3.128051800,-8.869317807
3.128255200,-8.869183839
3.128458700,-8.869051771
3.128662100,-8.868917803
3.128865600,-8.868785736
3.129069000,-8.868651768
3.129272500,-8.868519701
3.129475900,-8.872385732
3.129679400,-8.868253665
3.129882800,-8.868119697
3.130086300,-8.871987630
3.130289700,-8.867853662
3.130493200,-8.871721594
3.130696600,-8.871587626
3.130900100,-8.871455559
3.131103500,-8.871321591
3.131307000,-8.875189523
3.131510400,-8.875055555
3.131713900,-8.874923488
3.131917300,-8.874789520
3.132120800,-8.878657453
3.132324200,-8.878523485
3.132527700,-8.878391417
3.132731100,-8.882257449
3.132934600,-8.882125382
3.133138000,-8.881991414
3.133341500,-8.885859346
3.133544900,-8.885725378
3.133748400,-8.885593311
3.133951800,-8.889459343
3.134155300,-8.889327276
3.134358700,-8.893193307
3.134562200,-8.893061240
3.134765600,-8.896927272
3.134969100,-8.896795205
3.135172500,-8.900661237
3.135376000,-8.900529169
3.135579400,-8.904395201
3.135782900,-8.904263134
3.135986300,-8.908129166
3.136189800,-8.911997098
3.136393200,-8.911863130
3.136596700,-8.915731063
3.136800100,-8.919597095
3.137003600,-8.919465028
3.137207000,-8.923331060
3.137410500,-8.927198992
3.137613900,-8.931065024
3.137817400,-8.934932957
3.138020800,-8.934798989
3.138224300,-8.938666921
3.138427700,-8.942532953
3.138631200,-8.946400886
3.138834600,-8.950266918
3.139038100,-8.950134851
3.139241500,-8.954000882
3.139445000,-8.957868815
3.139648400,-8.961734847
3.139851900,-8.965602780
3.140055300,-8.969468812
3.140258800,-8.973336744
3.140462200,-8.973202776
3.140665700,-8.977070709
3.140869100,-8.980936741
3.141072600,-8.984804673
3.141276000,-8.988670705
3.141479500,-8.992538638
3.141682900,-8.996404670
3.141886400,-9.000272603
3.142089800,-9.004138635
3.142293300,-9.004006567
3.142496700,-9.007872599
3.142700200,-9.011740532
3.142903600,-9.015606564
3.143107100,-9.019474496
3.143310500,-9.023340528
3.143514000,-9.023208461
3.143717400,-9.027074493
3.143920900,-9.030942426
3.144124300,-9.034808457
3.144327800,-9.034676390
3.144531300,-9.038544323
3.144734700,-9.042410355
3.144938200,-9.046278287
3.145141600,-9.046144319
3.145345100,-9.050012252
3.145548500,-9.053878284
3.145752000,-9.053746217
3.145955400,-9.057612248
3.146158900,-9.061480181
3.146362300,-9.061346213
3.146565800,-9.065214146
3.146769200,-9.065080178
3.146972700,-9.068948110
3.147176100,-9.068814142
3.147379600,-9.072682075
3.147583000,-9.072548107
3.147786500,-9.076416039
3.147989900,-9.076282071
3.148193400,-9.080150004
3.148396800,-9.080016036
3.148600300,-9.079883969
3.148803700,-9.083750001
3.149007200,-9.083617933
3.149210600,-9.087483965
3.149414100,-9.087351898
3.149617500,-9.091217930
3.149821000,-9.091085862
3.150024400,-9.090951894
3.150227900,-9.094819827
3.150431300,-9.094685859
3.150634800,-9.094553792
3.150838200,-9.094419823
3.151041700,-9.098287756
3.151245100,-9.098153788
3.151448600,-9.098021721
3.151652000,-9.101887753
3.151855500,-9.101755685
3.152058900,-9.101621717
3.152262400,-9.105489650
3.152465800,-9.105355682
3.152669300,-9.105223614
3.152872700,-9.109089646
3.153076200,-9.108957579
3.153279600,-9.108823611
3.153483100,-9.108691544
3.153686500,-9.112557576
3.153890000,-9.112425508
3.154093400,-9.112291540
3.154296900,-9.116159473
3.154500300,-9.116025505
3.154703800,-9.115893437
3.154907200,-9.119759469
3.155110700,-9.119627402
3.155314100,-9.119493434
3.155517600,-9.123361367
3.155721000,-9.123227398
3.155924500,-9.123095331
3.156127900,-9.126961363
3.156331400,-9.126829296
3.156534800,-9.126695328
3.156738300,-9.130563260
3.156941700,-9.134429292
3.157145200,-9.134297225
3.157348600,-9.134163257
3.157552100,-9.138031189
3.157755500,-9.137897221
3.157959000,-9.141765154
3.158162400,-9.141631186
3.158365900,-9.145499119
3.158569300,-9.145365151
3.158772800,-9.149233083
3.158976200,-9.149099115
3.159179700,-9.148967048
3.159383100,-9.152833080
3.159586600,-9.156701012
3.159790000,-9.156567044
3.159993500,-9.160434977
3.160196900,-9.160301009
3.160400400,-9.164168941
3.160603800,-9.164034973
3.160807300,-9.167902906
3.161010700,-9.171768938
3.161214200,-9.171636871
3.161417600,-9.175502903
3.161621100,-9.175370835
3.161824500,-9.179236867
3.162028000,-9.179104800
3.162231400,-9.182970832
3.162434900,-9.186838764
3.162638300,-9.186704796
3.162841800,-9.190572729
3.163045200,-9.190438761
3.163248700,-9.194306694
3.163452100,-9.194172726
3.163655600,-9.198040658
3.163859000,-9.201906690
3.164062500,-9.201774623
3.164266000,-9.205642555
3.164469400,-9.209508587
3.164672900,-9.209376520
3.164876300,-9.213242552
3.165079800,-9.213110485
3.165283200,-9.216976516
3.165486700,-9.216844449
3.165690100,-9.220710481
3.165893600,-9.224578414
3.166097000,-9.224444446
3.166300500,-9.228312378
3.166503900,-9.232178410
3.166707400,-9.232046343
3.166910800,-9.235912375
3.167114300,-9.235780307
3.167317700,-9.239646339
3.167521200,-9.239514272
3.167724600,-9.243380304
3.167928100,-9.243248237
3.168131500,-9.247114269
3.168335000,-9.250982201
3.168538400,-9.250848233
3.168741900,-9.250716166
3.168945300,-9.254582198
3.169148800,-9.258450130
3.169352200,-9.258316162
3.169555700,-9.262184095
3.169759100,-9.262050127
3.169962600,-9.261918060
3.170166000,-9.265784091
3.170369500,-9.269652024
3.170572900,-9.269518056
3.170776400,-9.269385989
3.170979800,-9.273252021
3.171183300,-9.277119953
3.171386700,-9.276985985
3.171590200,-9.276853918
3.171793600,-9.280719950
3.171997100,-9.280587882
3.172200500,-9.284453914
3.172404000,-9.284321847
3.172607400,-9.284187879
3.172810900,-9.288055812
3.173014300,-9.287921844
3.173217800,-9.291789776
3.173421200,-9.291655808
3.173624700,-9.291523741
3.173828100,-9.295389773
3.174031600,-9.295257705
3.174235000,-9.295123737
3.174438500,-9.298991670
3.174641900,-9.298857702
3.174845400,-9.298725635
3.175048800,-9.302591666
3.175252300,-9.302459599
3.175455700,-9.302325631
3.175659200,-9.306193564
3.175862600,-9.306059596
3.176066100,-9.305927528
3.176269500,-9.305793560
3.176473000,-9.309661493
3.176676400,-9.309527525
3.176879900,-9.309395457
3.177083300,-9.313261489
3.177286800,-9.313129422
3.177490200,-9.312995454
3.177693700,-9.312863387
3.177897100,-9.316729419
3.178100600,-9.312597351
3.178304000,-9.316463383
3.178507500,-9.316331316
3.178710900,-9.316197348
3.178914400,-9.316065280
3.179117800,-9.315931312
3.179321300,-9.319799245
3.179524700,-9.315665277
3.179728200,-9.319533210
3.179931600,-9.319399241
3.180135100,-9.319267174
3.180338500,-9.319133206
3.180542000,-9.319001139
3.180745400,-9.318867171
3.180948900,-9.318735103
3.181152300,-9.322601135
3.181355800,-9.322469068
3.181559200,-9.318335100
3.181762700,-9.322203032
3.181966100,-9.322069064
3.182169600,-9.317936997
3.182373000,-9.321803029
3.182576500,-9.321670962
3.182779900,-9.317536994
3.182983400,-9.317404926
3.183186800,-9.321270958
3.183390300,-9.317138891
3.183593800,-9.317006823
3.183797200,-9.320872855
3.184000700,-9.320740788
3.184204100,-9.316606820
3.184407600,-9.316474753
3.184611000,-9.316340785
3.184814500,-9.316208717
3.185017900,-9.316074749
3.185221400,-9.315942682
3.185424800,-9.311808714
3.185628300,-9.311676646
3.185831700,-9.315542678
3.186035200,-9.315410611
3.186238600,-9.311276643
3.186442100,-9.311144576
3.186645500,-9.311010607
3.186849000,-9.306878540
3.187052400,-9.306744572
3.187255900,-9.310612505
3.187459300,-9.306478537
3.187662800,-9.306346469
3.187866200,-9.306212501
3.188069700,-9.306080434
3.188273100,-9.301946466
3.188476600,-9.301814398
3.188680000,-9.301680430
3.188883500,-9.297548363
3.189086900,-9.297414395
3.189290400,-9.297282328
3.189493800,-9.293148360
3.189697300,-9.293016292
3.189900700,-9.292882324
3.190104200,-9.292750257
3.190307600,-9.288616289
3.190511100,-9.288484221
3.190714500,-9.288350253
3.190918000,-9.284218186
3.191121400,-9.284084218
3.191324900,-9.283952151
3.191528300,-9.279818182
3.191731800,-9.279686115
3.191935200,-9.279552147
3.192138700,-9.275420080
3.192342100,-9.275286112
3.192545600,-9.271154044
3.192749000,-9.271020076
3.192952500,-9.266888009
3.193155900,-9.266754041
3.193359400,-9.266621973
3.193562800,-9.262488005
3.193766300,-9.262355938
3.193969700,-9.258221970
3.194173200,-9.254089903
3.194376600,-9.253955935
3.194580100,-9.253823867
3.194783500,-9.253689899
3.194987000,-9.245557832
3.195190400,-9.245423864
3.195393900,-9.245291796
3.195597300,-9.241157828
3.195800800,-9.237025761
3.196004200,-9.236891793
3.196207700,-9.232759726
3.196411100,-9.232625757
3.196614600,-9.228493690
3.196818000,-9.228359722
3.197021500,-9.224227655
3.197224900,-9.220093687
3.197428400,-9.219961619
3.197631800,-9.215827651
3.197835300,-9.215695584
3.198038700,-9.211561616
3.198242200,-9.207429548
3.198445600,-9.207295580
3.198649100,-9.203163513
3.198852500,-9.203029545
3.199056000,-9.198897478
3.199259400,-9.194763510
3.199462900,-9.194631442
3.199666300,-9.190497474
3.199869800,-9.186365407
3.200073200,-9.186231439
3.200276700,-9.182099371
3.200480100,-9.177965403
3.200683600,-9.177833336
3.200887000,-9.173699368
3.201090500,-9.169567300
3.201293900,-9.169433332
3.201497400,-9.169301265
3.201700800,-9.161167297
3.201904300,-9.161035230
3.202107700,-9.160901262
3.202311200,-9.152769194
3.202514600,-9.152635226
3.202718100,-9.152503159
3.202921500,-9.144369191
3.203125000,-9.144237123
3.203328500,-9.144105056
3.203531900,-9.139971088
3.203735400,-9.135839021
3.203938800,-9.131705053
3.204142300,-9.131572985
3.204345700,-9.127439017
3.204549200,-9.123306950
3.204752600,-9.123172982
3.204956100,-9.119040914
3.205159500,-9.114906946
3.205363000,-9.114774879
3.205566400,-9.114640911
3.205769900,-9.106508844
3.205973300,-9.106374875
3.206176800,-9.106242808
3.206380200,-9.098108840
3.206583700,-9.097976773
3.206787100,-9.097842805
3.206990600,-9.089710737
3.207194000,-9.089576769
3.207397500,-9.089444702
3.207600900,-9.085310734
3.207804400,-9.081178666
3.208007800,-9.077044698
3.208211300,-9.076912631
3.208414700,-9.072778663
3.208618200,-9.068646596
3.208821600,-9.068512628
3.209025100,-9.064380560
3.209228500,-9.060246592
3.209432000,-9.060114525
3.209635400,-9.059980557
3.209838900,-9.051848489
3.210042300,-9.051714521
3.210245800,-9.051582454
3.210449200,-9.043448486
3.210652700,-9.043316419
3.210856100,-9.043182450
3.211059600,-9.035050383
3.211263000,-9.034916415
3.211466500,-9.034784348
3.211669900,-9.026650380
3.211873400,-9.026518312
3.212076800,-9.026384344
3.212280300,-9.026252277
3.212483700,-9.018118309
3.212687200,-9.017986241
3.212890600,-9.017852273
3.213094100,-9.009720206
3.213297500,-9.009586238
3.213501000,-9.009454171
3.213704400,-9.005320203
3.213907900,-9.001188135
3.214111300,-9.001054167
3.214314800,-9.000922100
3.214518200,-8.996788132
3.214721700,-8.992656064
3.214925100,-8.992522096
3.215128600,-8.988390029
3.215332000,-8.988256061
3.215535500,-8.988123994
3.215738900,-8.979990025
3.215942400,-8.979857958
3.216145800,-8.979723990
3.216349300,-8.979591923
3.216552700,-8.975457955
3.216756200,-8.971325887
3.216959600,-8.971191919
3.217163100,-8.967059852
3.217366500,-8.966925884
3.217570000,-8.966793816
3.217773400,-8.958659848
3.217976900,-8.958527781
3.218180300,-8.958393813
3.218383800,-8.958261746
3.218587200,-8.954127778
3.218790700,-8.953995710
3.218994100,-8.949861742
3.219197600,-8.945729675
3.219401000,-8.945595707
3.219604500,-8.945463639
3.219807900,-8.941329671
3.220011400,-8.941197604
3.220214800,-8.937063636
3.220418300,-8.932931569
3.220621700,-8.932797600
3.220825200,-8.932665533
3.221028600,-8.932531565
3.221232100,-8.928399498
3.221435500,-8.924265530
3.221639000,-8.924133462
3.221842400,-8.919999494
3.222045900,-8.919867427
3.222249300,-8.919733459
3.222452800,-8.911601391
3.222656300,-8.911469324
3.222859700,-8.911335356
3.223063200,-8.911203289
3.223266600,-8.907069321
3.223470100,-8.906937253
3.223673500,-8.906803285
3.223877000,-8.898671218
3.224080400,-8.898537250
3.224283900,-8.898405182
3.224487300,-8.894271214
3.224690800,-8.894139147
3.224894200,-8.894005179
3.225097700,-8.893873112
3.225301100,-8.889739144
3.225504600,-8.885607076
3.225708000,-8.885473108
3.225911500,-8.881341041
3.226114900,-8.881207073
3.226318400,-8.881075005
3.226521800,-8.876941037
3.226725300,-8.876808970
3.226928700,-8.876675002
3.227132200,-8.876542935
3.227335600,-8.872408966
3.227539100,-8.872276899
3.227742500,-8.872142931
3.227946000,-8.864010864
3.228149400,-8.863876896
3.228352900,-8.863744828
3.228556300,-8.859610860
3.228759800,-8.859478793
3.228963200,-8.859344825
3.229166700,-8.859212757
3.229370100,-8.855078789
3.229573600,-8.854946722
3.229777000,-8.854812754
3.229980500,-8.850680687
3.230183900,-8.850546719
3.230387400,-8.854414651
3.230590800,-8.850280683
3.230794300,-8.850148616
3.230997700,-8.850014648
3.231201200,-8.845882580
3.231404600,-8.845748612
3.231608100,-8.845616545
3.231811500,-8.845482577
3.232015000,-8.841350510
3.232218400,-8.841216541
3.232421900,-8.841084474
3.232625300,-8.836950506
3.232828800,-8.836818439
3.233032200,-8.840684471
3.233235700,-8.836552403
3.233439100,-8.836418435
3.233642600,-8.836286368
3.233846000,-8.836152400
3.234049500,-8.832020332
3.234252900,-8.831886364
3.234456400,-8.831754297
3.234659800,-8.827620329
3.234863300,-8.831488262
3.235066700,-8.831354294
3.235270200,-8.827222226
3.235473600,-8.827088258
3.235677100,-8.826956191
3.235880500,-8.826822223
3.236084000,-8.822690155
3.236287400,-8.822556187
3.236490900,-8.826424120
3.236694300,-8.822290152
3.236897800,-8.822158085
3.237101200,-8.822024116
3.237304700,-8.817892049
3.237508100,-8.817758081
3.237711600,-8.817626014
3.237915000,-8.817492046
3.238118500,-8.817359978
3.238321900,-8.817226010
3.238525400,-8.817093943
3.238728800,-8.812959975
3.238932300,-8.812827907
3.239135700,-8.812693939
3.239339200,-8.808561872
3.239542600,-8.812427904
3.239746100,-8.812295837
3.239949500,-8.808161869
3.240153000,-8.808029801
3.240356400,-8.807895833
3.240559900,-8.807763766
3.240763300,-8.803629798
3.240966800,-8.807497730
3.241170200,-8.807363762
3.241373700,-8.803231695
3.241577100,-8.803097727
3.241780600,-8.802965659
3.241984000,-8.798831691
3.242187500,-8.798699624
3.242391000,-8.802567557
3.242594400,-8.802433589
3.242797900,-8.798301521
3.243001300,-8.798167553
3.243204800,-8.798035486
3.243408200,-8.797901518
3.243611700,-8.797769450
3.243815100,-8.797635482
3.244018600,-8.793503415
3.244222000,-8.793369447
3.244425500,-8.793237380
3.244628900,-8.797103412
3.244832400,-8.792971344
3.245035800,-8.792837376
3.245239300,-8.792705309
3.245442700,-8.788571341
3.245646200,-8.792439273
3.245849600,-8.792305305
3.246053100,-8.788173238
3.246256500,-8.788039270
3.246460000,-8.787907203
3.246663400,-8.787773234
3.246866900,-8.787641167
3.247070300,-8.787507199
3.247273800,-8.787375132
3.247477200,-8.783241164
3.247680700,-8.783109096
3.247884100,-8.782975128
3.248087600,-8.782843061
3.248291000,-8.782709093
3.248494500,-8.782577025
3.248697900,-8.778443057
3.248901400,-8.778310990
3.249104800,-8.778177022
3.249308300,-8.778044955
3.249511700,-8.777910987
3.249715200,-8.777778919
3.249918600,-8.777644951
3.250122100,-8.773512884
3.250325500,-8.773378916
3.250529000,-8.773246848
3.250732400,-8.769112880
3.250935900,-8.768980813
3.251139300,-8.768846845
3.251342800,-8.768714778
3.251546200,-8.764580809
3.251749700,-8.764448742
3.251953100,-8.764314774
3.252156600,-8.760182707
3.252360000,-8.760048739
3.252563500,-8.759916671
3.252766900,-8.755782703
3.252970400,-8.755650636
3.253173800,-8.755516668
3.253377300,-8.755384600
3.253580700,-8.751250632
3.253784200,-8.751118565
3.253987600,-8.750984597
3.254191100,-8.746852530
3.254394500,-8.746718562
3.254598000,-8.746586494
3.254801400,-8.742452526
3.255004900,-8.742320459
3.255208300,-8.742186491
3.255411800,-8.742054423
3.255615200,-8.737920455
3.255818700,-8.737788388
3.256022100,-8.737654420
3.256225600,-8.729522353
3.256429000,-8.729388384
3.256632500,-8.729256317
3.256835900,-8.725122349
3.257039400,-8.724990282
3.257242800,-8.724856314
3.257446300,-8.724724246
3.257649700,-8.720590278
3.257853200,-8.720458211
3.258056600,-8.720324243
3.258260100,-8.716192175
3.258463500,-8.712058207
3.258667000,-8.711926140
3.258870400,-8.707792172
3.259073900,-8.707660105
3.259277300,-8.707526137
3.259480800,-8.703394069
3.259684200,-8.703260101
3.259887700,-8.703128034
3.260091100,-8.702994066
3.260294600,-8.698861998
3.260498000,-8.694728030
3.260701500,-8.694595963
3.260904900,-8.690461995
3.261108400,-8.690329928
3.261311800,-8.690195959
3.261515300,-8.686063892
3.261718800,-8.685931825
3.261922200,-8.685797857
3.262125700,-8.685665789
3.262329100,-8.681531821
3.262532600,-8.681399754
3.262736000,-8.681265786
3.262939500,-8.677133719
3.263142900,-8.676999750
3.263346400,-8.676867683
3.263549800,-8.672733715
3.263753300,-8.672601648
3.263956700,-8.672467680
3.264160200,-8.672335612
3.264363600,-8.668201644
3.264567100,-8.668069577
3.264770500,-8.667935609
3.264974000,-8.663803541
3.265177400,-8.663669573
3.265380900,-8.663537506
3.265584300,-8.659403538
3.265787800,-8.659271471
3.265991200,-8.659137503
3.266194700,-8.659005435
3.266398100,-8.654871467
3.266601600,-8.654739400
3.266805000,-8.654605432
3.267008500,-8.650473364
3.267211900,-8.650339396
3.267415400,-8.650207329
3.267618800,-8.650073361
3.267822300,-8.649941294
3.268025700,-8.649807325
3.268229200,-8.645675258
3.268432600,-8.645541290
3.268636100,-8.645409223
3.268839500,-8.649275255
3.269043000,-8.645143187
3.269246400,-8.645009219
3.269449900,-8.644877152
3.269653300,-8.644743184
3.269856800,-8.644611116
3.270060200,-8.644477148
3.270263700,-8.640345081
3.270467100,-8.644211113
3.270670600,-8.644079046
3.270874000,-8.643945078
3.271077500,-8.643813010
3.271280900,-8.643679042
3.271484400,-8.643546975
3.271687800,-8.643413007
3.271891300,-8.643280939
3.272094700,-8.643146971
3.272298200,-8.643014904
3.272501600,-8.642880936
3.272705100,-8.642748869
3.272908500,-8.642614900
3.273112000,-8.642482833
3.273315400,-8.642348865
3.273518900,-8.646216798
3.273722300,-8.642082830
3.273925800,-8.645950762
3.274129200,-8.645816794
3.274332700,-8.645684727
3.274536100,-8.645550759
3.274739600,-8.645418691
3.274943000,-8.649284723
3.275146500,-8.645152656
3.275349900,-8.649018688
3.275553400,-8.648886621
3.275756800,-8.648752653
3.275960300,-8.648620585
3.276163700,-8.648486617
3.276367200,-8.648354550
3.276570600,-8.652220582
3.276774100,-8.652088514
3.276977500,-8.651954546
3.277181000,-8.651822479
3.277384400,-8.655688511
3.277587900,-8.655556444
3.277791300,-8.655422475
3.277994800,-8.655290408
3.278198200,-8.659156440
3.278401700,-8.655024373
3.278605100,-8.658890405
3.278808600,-8.658758337
3.279012000,-8.658624369
3.279215500,-8.658492302
3.279418900,-8.662358334
3.279622400,-8.662226266
3.279825800,-8.662092298
3.280029300,-8.665960231
3.280232700,-8.665826263
3.280436200,-8.665694196
3.280639600,-8.665560228
3.280843100,-8.669428160
3.281046500,-8.669294192
3.281250000,-8.669162125
3.281453500,-8.673030057
3.281656900,-8.672896089
3.281860400,-8.672764022
3.282063800,-8.676630054
3.282267300,-8.676497987
3.282470700,-8.676364018
3.282674200,-8.680231951
3.282877600,-8.680097983
3.283081100,-8.679965916
3.283284500,-8.683831948
3.283488000,-8.683699880
3.283691400,-8.687565912
3.283894900,-8.687433845
3.284098300,-8.687299877
3.284301800,-8.691167809
3.284505200,-8.691033841
3.284708700,-8.690901774
3.284912100,-8.694767806
3.285115600,-8.694635739
3.285319000,-8.698501771
3.285522500,-8.698369703
3.285725900,-8.702235735
3.285929400,-8.702103668
3.286132800,-8.705969700
3.286336300,-8.705837632
3.286539700,-8.705703664
3.286743200,-8.709571597
3.286946600,-8.713437629
3.287150100,-8.713305562
3.287353500,-8.713171593
3.287557000,-8.717039526
3.287760400,-8.716905558
3.287963900,-8.720773491
3.288167300,-8.724639523
3.288370800,-8.724507455
3.288574200,-8.728373487
3.288777700,-8.728241420
3.288981100,-8.732107452
3.289184600,-8.731975384
3.289388000,-8.735841416
3.289591500,-8.739709349
3.289794900,-8.739575381
3.289998400,-8.743443314
3.290201800,-8.743309346
3.290405300,-8.747177278
3.290608700,-8.747043310
3.290812200,-8.750911243
3.291015600,-8.754777275
3.291219100,-8.754645207
3.291422500,-8.758511239
3.291626000,-8.762379172
3.291829400,-8.762245204
3.292032900,-8.766113137
3.292236300,-8.769979168
3.292439800,-8.773847101
3.292643200,-8.773713133
3.292846700,-8.777581066
3.293050100,-8.781447098
3.293253600,-8.781315030
3.293457000,-8.785181062
3.293660500,-8.789048995
3.293863900,-8.792915027
3.294067400,-8.796782959
3.294270800,-8.796648991
3.294474300,-8.800516924
3.294677700,-8.804382956
3.294881200,-8.808250889
3.295084600,-8.812116921
3.295288100,-8.815984853
3.295491500,-8.815850885
3.295695000,-8.819718818
3.295898400,-8.823584850
3.296101900,-8.827452782
3.296305300,-8.831318814
3.296508800,-8.835186747
3.296712200,-8.839052779
3.296915700,-8.842920712
3.297119100,-8.846786743
3.297322600,-8.850654676
3.297526000,-8.854520708
3.297729500,-8.858388641
3.297932900,-8.862254673
3.298136400,-8.866122605
3.298339800,-8.869988637
3.298543300,-8.873856570
3.298746700,-8.877722602
3.298950200,-8.881590534
3.299153600,-8.885456566
3.299357100,-8.889324499
3.299560500,-8.893190531
3.299764000,-8.901058464
3.299967400,-8.904924496
3.300170900,-8.908792428
3.300374300,-8.912658460
3.300577800,-8.916526393
3.300781300,-8.920394325
3.300984700,-8.924260357
3.301188200,-8.932128290
3.301391600,-8.935994322
3.301595100,-8.939862255
3.301798500,-8.943728287
3.302002000,-8.947596219
3.302205400,-8.955462251
3.302408900,-8.959330184
3.302612300,-8.963196216
3.302815800,-8.967064148
3.303019200,-8.970930180
3.303222700,-8.974798113
3.303426100,-8.982664145
3.303629600,-8.986532078
3.303833000,-8.990398109
3.304036500,-8.994266042
3.304239900,-8.998132074
3.304443400,-9.006000007
3.304646800,-9.009866039
3.304850300,-9.013733971
3.305053700,-9.017600003
3.305257200,-9.021467936
3.305460600,-9.025333968
3.305664100,-9.033201900
3.305867500,-9.037067932
3.306071000,-9.040935865
3.306274400,-9.044801897
3.306477900,-9.048669830
3.306681300,-9.052535862
3.306884800,-9.056403794
3.307088200,-9.060269826
3.307291700,-9.064137759
3.307495100,-9.068003791
3.307698600,-9.071871723
3.307902000,-9.075737755
3.308105500,-9.079605688
3.308308900,-9.083471720
3.308512400,-9.087339653
3.308715800,-9.091205684
3.308919300,-9.095073617
3.309122700,-9.098939649
3.309326200,-9.102807582
3.309529600,-9.106673614
3.309733100,-9.110541546
3.309936500,-9.114407578
3.310140000,-9.118275511
3.310343400,-9.122141543
3.310546900,-9.122009475
3.310750300,-9.125875507
3.310953800,-9.129743440
3.311157200,-9.133609472
3.311360700,-9.137477405
3.311564100,-9.137343437
3.311767600,-9.141211369
3.311971000,-9.145077401
3.312174500,-9.148945334
3.312377900,-9.152811366
3.312581400,-9.152679298
3.312784800,-9.156545330
3.312988300,-9.160413263
3.313191700,-9.164279295
3.313395200,-9.164147228
3.313598600,-9.168013259
3.313802100,-9.171881192
3.314005500,-9.175747224
3.314209000,-9.175615157
3.314412400,-9.179481189
3.314615900,-9.183349121
3.314819300,-9.187215153
3.315022800,-9.187083086
3.315226200,-9.190949118
3.315429700,-9.194817050
3.315633100,-9.194683082
3.315836600,-9.198551015
3.316040000,-9.202417047
3.316243500,-9.206284980
3.316446900,-9.206151012
3.316650400,-9.210018944
3.316853800,-9.213884976
3.317057300,-9.217752909
3.317260700,-9.221618941
3.317464200,-9.221486873
3.317667600,-9.225352905
3.317871100,-9.229220838
3.318074500,-9.229086870
3.318278000,-9.232954802
3.318481400,-9.236820834
3.318684900,-9.240688767
3.318888300,-9.244554799
3.319091800,-9.244422732
3.319295200,-9.248288764
3.319498700,-9.252156696
3.319702100,-9.256022728
3.319905600,-9.259890661
3.320109000,-9.263756693
3.320312500,-9.263624625
3.320516000,-9.267492558
3.320719400,-9.271358590
3.320922900,-9.275226523
3.321126300,-9.279092555
3.321329800,-9.282960487
3.321533200,-9.282826519
3.321736700,-9.286694452
3.321940100,-9.290560484
3.322143600,-9.294428416
3.322347000,-9.298294448
3.322550500,-9.302162381
3.322753900,-9.306028413
3.322957400,-9.309896346
3.323160800,-9.313762377
3.323364300,-9.317630310
3.323567700,-9.317496342
3.323771200,-9.321364275
3.323974600,-9.325230307
3.324178100,-9.329098239
3.324381500,-9.332964271
3.324585000,-9.336832204
3.324788400,-9.340698236
3.324991900,-9.344566168
3.325195300,-9.348432200
3.325398800,-9.348300133
3.325602200,-9.352166165
3.325805700,-9.356034098
3.326009100,-9.359900130
3.326212600,-9.363768062
3.326416000,-9.367634094
3.326619500,-9.371502027
3.326822900,-9.371368059
3.327026400,-9.375235991
3.327229800,-9.379102023
3.327433300,-9.382969956
3.327636700,-9.386835988
3.327840200,-9.390703921
3.328043600,-9.390569952
3.328247100,-9.394437885
3.328450500,-9.398303917
3.328654000,-9.402171850
3.328857400,-9.402037882
3.329060900,-9.405905814
3.329264300,-9.409771846
3.329467800,-9.413639779
3.329671200,-9.413505811
3.329874700,-9.417373743
3.330078100,-9.421239775
3.330281600,-9.421107708
3.330485000,-9.424973740
3.330688500,-9.428841673
3.330891900,-9.428707705
3.331095400,-9.432575637
3.331298800,-9.436441669
3.331502300,-9.436309602
3.331705700,-9.440175634
3.331909200,-9.440043566
3.332112600,-9.443909598
3.332316100,-9.443777531
3.332519500,-9.447643563
3.332723000,-9.447511496
3.332926400,-9.447377527
3.333129900,-9.451245460
3.333333300,-9.451111492
3.333536800,-9.454979425
3.333740200,-9.454845457
3.333943700,-9.458713389
3.334147100,-9.458579421
3.334350600,-9.458447354
3.334554000,-9.458313386
3.334757500,-9.462181318
3.334960900,-9.462047350
3.335164400,-9.461915283
3.335367800,-9.465781315
3.335571300,-9.461649248
3.335774700,-9.465515280
3.335978200,-9.465383212
3.336181600,-9.469249244
3.336385100,-9.465117177
3.336588500,-9.468983209
3.336792000,-9.468851141
3.336995400,-9.464717173
3.337198900,-9.468585106
3.337402300,-9.468451138
3.337605800,-9.468319071
3.337809200,-9.468185102
3.338012700,-9.468053035
3.338216100,-9.467919067
3.338419600,-9.467787000
3.338623000,-9.467653032
3.338826500,-9.467520964
3.339029900,-9.467386996
3.339233400,-9.467254929
3.339436800,-9.467120961
3.339640300,-9.462988893
3.339843800,-9.466856826
3.340047200,-9.466722858
3.340250700,-9.466590791
3.340454100,-9.462456823
3.340657600,-9.462324755
3.340861000,-9.462190787
3.341064500,-9.458058720
3.341267900,-9.461924752
3.341471400,-9.461792684
3.341674800,-9.457658716
3.341878300,-9.457526649
3.342081700,-9.457392681
3.342285200,-9.457260614
3.342488600,-9.453126646
3.342692100,-9.452994578
3.342895500,-9.452860610
3.343099000,-9.448728543
3.343302400,-9.448594575
3.343505900,-9.448462507
3.343709300,-9.444328539
3.343912800,-9.444196472
3.344116200,-9.444062504
3.344319700,-9.439930437
3.344523100,-9.439796468
3.344726600,-9.439664401
3.344930000,-9.439530433
3.345133500,-9.435398366
3.345336900,-9.435264398
3.345540400,-9.435132330
3.345743800,-9.430998362
3.345947300,-9.430866295
3.346150700,-9.430732327
3.346354200,-9.426600259
3.346557600,-9.426466291
3.346761100,-9.422334224
3.346964500,-9.422200256
3.347168000,-9.418068189
3.347371400,-9.417934221
3.347574900,-9.417802153
3.347778300,-9.413668185
3.347981800,-9.413536118
3.348185200,-9.413402150
3.348388700,-9.405270082
3.348592100,-9.405136114
3.348795600,-9.405004047
3.348999000,-9.404870079
3.349202500,-9.400738012
3.349405900,-9.396604043
3.349609400,-9.396471976
3.349812800,-9.392338008
3.350016300,-9.392205941
3.350219700,-9.392071973
3.350423200,-9.383939905
3.350626600,-9.383805937
3.350830100,-9.383673870
3.351033500,-9.383539902
3.351237000,-9.375407834
3.351440400,-9.375273866
3.351643900,-9.375141799
3.351847300,-9.371007831
3.352050800,-9.366875764
3.352254200,-9.366741796
3.352457700,-9.362609728
3.352661100,-9.362475760
3.352864600,-9.358343693
3.353068000,-9.358209725
3.353271500,-9.354077657
3.353474900,-9.349943689
3.353678400,-9.349811622
3.353881800,-9.345677654
3.354085300,-9.341545587
3.354288700,-9.341411618
3.354492200,-9.337279551
3.354695600,-9.333145583
3.354899100,-9.333013516
3.355102500,-9.328879548
3.355306000,-9.324747480
3.355509400,-9.324613512
3.355712900,-9.324481445
3.355916300,-9.316347477
3.356119800,-9.316215409
3.356323200,-9.316081441
3.356526700,-9.307949374
3.356730100,-9.307815406
3.356933600,-9.307683339
3.357137000,-9.299549371
3.357340500,-9.299417303
3.357543900,-9.299283335
3.357747400,-9.299151268
3.357950800,-9.291017300
3.358154300,-9.290885232
3.358357700,-9.290751264
3.358561200,-9.282619197
3.358764600,-9.282485229
3.358968100,-9.278353161
3.359171500,-9.274219193
3.359375000,-9.274087126
3.359578500,-9.269955059
3.359781900,-9.269821091
3.359985400,-9.265689023
3.360188800,-9.261555055
3.360392300,-9.261422988
3.360595700,-9.257289020
3.360799200,-9.253156952
3.361002600,-9.253022984
3.361206100,-9.248890917
3.361409500,-9.244756949
3.361613000,-9.244624882
3.361816400,-9.244490914
3.362019900,-9.240358846
3.362223300,-9.236224878
3.362426800,-9.236092811
3.362630200,-9.231958843
3.362833700,-9.227826775
3.363037100,-9.227692807
3.363240600,-9.223560740
3.363444000,-9.223426772
3.363647500,-9.219294705
3.363850900,-9.215160736
3.364054400,-9.215028669
3.364257800,-9.214894701
3.364461300,-9.210762634
3.364664700,-9.206628666
3.364868200,-9.206496598
3.365071600,-9.206362630
3.365275100,-9.198230563
3.365478500,-9.198096595
3.365682000,-9.197964527
3.365885400,-9.193830559
3.366088900,-9.189698492
3.366292300,-9.189564524
3.366495800,-9.189432457
3.366699200,-9.185298489
3.366902700,-9.185166421
3.367106100,-9.185032453
3.367309600,-9.176900386
3.367513000,-9.176766418
3.367716500,-9.176634350
3.367919900,-9.172500382
3.368123400,-9.172368315
3.368326800,-9.168234347
3.368530300,-9.168102280
3.368733700,-9.163968311
3.368937200,-9.163836244
3.369140600,-9.163702276
3.369344100,-9.155570209
3.369547500,-9.155436241
3.369751000,-9.155304173
3.369954400,-9.151170205
3.370157900,-9.151038138
3.370361300,-9.146904170
3.370564800,-9.146772102
3.370768200,-9.142638134
3.370971700,-9.142506067
3.371175100,-9.142372099
3.371378600,-9.134240032
3.371582000,-9.134106064
3.371785500,-9.133973996
3.371988900,-9.129840028
3.372192400,-9.125707961
3.372395800,-9.125573993
3.372599300,-9.121441925
3.372802700,-9.117307957
3.373006200,-9.117175890
3.373209600,-9.117041922
3.373413100,-9.108909855
3.373616500,-9.108775886
3.373820000,-9.108643819
3.374023400,-9.100509851
3.374226900,-9.100377784
3.374430300,-9.100243816
3.374633800,-9.092111748
3.374837200,-9.091977780
3.375040700,-9.087845713
3.375244100,-9.087711745
3.375447600,-9.079579677
3.375651000,-9.079445709
3.375854500,-9.075313642
3.376057900,-9.067179674
3.376261400,-9.067047607
3.376464800,-9.062913639
3.376668300,-9.054781571
3.376871700,-9.054647603
3.377075200,-9.050515536
3.377278600,-9.050381568
3.377482100,-9.042249500
3.377685500,-9.038115532
3.377889000,-9.033983465
3.378092400,-9.025849497
3.378295900,-9.025717430
3.378499300,-9.021583461
3.378702800,-9.013451394
3.378906300,-9.009319327
3.379109700,-9.005185359
3.379313200,-9.005053291
3.379516600,-8.992919323
3.379720100,-8.992787256
3.379923500,-8.988653288
3.380127000,-8.976521221
3.380330400,-8.976387252
3.380533900,-8.972255185
3.380737300,-8.960121217
3.380940800,-8.959989150
3.381144200,-8.955855182
3.381347700,-8.951723114
3.381551100,-8.943589146
3.381754600,-8.939457079
3.381958000,-8.935323111
3.382161500,-8.923191043
3.382364900,-8.923057075
3.382568400,-8.918925008
3.382771800,-8.906791040
3.382975300,-8.902658973
3.383178700,-8.902525005
3.383382200,-8.890392937
3.383585600,-8.886258969
3.383789100,-8.882126902
3.383992500,-8.881992934
3.384196000,-8.869860866
3.384399400,-8.865726898
3.384602900,-8.861594831
3.384806300,-8.853460863
3.385009800,-8.849328796
3.385213200,-8.845194827
3.385416700,-8.837062760
3.385620100,-8.832928792
3.385823600,-8.828796725
3.386027000,-8.828662757
3.386230500,-8.816530689
3.386433900,-8.812396721
3.386637400,-8.812264654
3.386840800,-8.800130686
3.387044300,-8.799998618
3.387247700,-8.795864650
3.387451200,-8.783732583
3.387654600,-8.783598615
3.387858100,-8.779466548
3.388061500,-8.775332580
3.388265000,-8.767200512
3.388468400,-8.767066544
3.388671900,-8.762934477
3.388875300,-8.754800509
3.389078800,-8.750668441
3.389282200,-8.750534473
3.389485700,-8.738402406
3.389689100,-8.738268438
3.389892600,-8.734136371
3.390096000,-8.734002402
3.390299500,-8.725870335
3.390502900,-8.721736367
3.390706400,-8.721604300
3.390909800,-8.713470332
3.391113300,-8.713338264
3.391316700,-8.709204296
3.391520200,-8.701072229
3.391723600,-8.700938261
3.391927100,-8.696806193
3.392130500,-8.692672225
3.392334000,-8.688540158
3.392537400,-8.688406190
3.392740900,-8.688274123
3.392944300,-8.680140155
3.393147800,-8.680008087
3.393351200,-8.679874119
3.393554700,-8.671742052
3.393758100,-8.671608084
3.393961600,-8.671476016
3.394165000,-8.663342048
3.394368500,-8.663209981
3.394571900,-8.663076013
3.394775400,-8.658943946
3.394978800,-8.654809977
3.395182300,-8.654677910
3.395385700,-8.654543942
3.395589200,-8.646411875
3.395792600,-8.646277907
3.395996100,-8.646145839
3.396199500,-8.642011871
3.396403000,-8.641879804
3.396606400,-8.641745836
3.396809900,-8.641613768
3.397013300,-8.637479800
3.397216800,-8.633347733
3.397420200,-8.633213765
3.397623700,-8.629081698
3.397827100,-8.628947730
3.398030600,-8.628815662
3.398234000,-8.624681694
3.398437500,-8.624549627
3.398641000,-8.624417559
3.398844400,-8.624283591
3.399047900,-8.620151524
3.399251300,-8.620017556
3.399454800,-8.619885489
3.399658200,-8.615751520
3.399861700,-8.615619453
3.400065100,-8.615485485
3.400268600,-8.611353418
3.400472000,-8.611219450
3.400675500,-8.611087382
3.400878900,-8.610953414
3.401082400,-8.606821347
3.401285800,-8.606687379
3.401489300,-8.606555311
3.401692700,-8.602421343
3.401896200,-8.606289276
3.402099600,-8.606155308
3.402303100,-8.602023241
3.402506500,-8.601889273
3.402710000,-8.601757205
3.402913400,-8.597623237
3.403116900,-8.597491170
3.403320300,-8.597357202
3.403523800,-8.597225134
3.403727200,-8.593091166
3.403930700,-8.592959099
3.404134100,-8.592825131
3.404337600,-8.592693064
3.404541000,-8.592559095
3.404744500,-8.592427028
3.404947900,-8.588293060
3.405151400,-8.588160993
3.405354800,-8.588027025
3.405558300,-8.587894957
3.405761700,-8.587760989
3.405965200,-8.587628922
3.406168600,-8.587494954
3.406372100,-8.583362886
3.406575500,-8.587228918
3.406779000,-8.587096851
3.406982400,-8.582962883
3.407185900,-8.582830816
3.407389300,-8.586696848
3.407592800,-8.586564780
3.407796200,-8.582430812
3.407999700,-8.586298745
3.408203100,-8.586164777
3.408406600,-8.582032709
3.408610000,-8.585898741
3.408813500,-8.585766674
3.409016900,-8.585632706
3.409220400,-8.585500639
3.409423800,-8.585366670
3.409627300,-8.589234603
3.409830700,-8.585100635
3.410034200,-8.588968568
3.410237600,-8.588834600
3.410441100,-8.588702532
3.410644500,-8.588568564
3.410848000,-8.592436497
3.411051400,-8.592302529
3.411254900,-8.592170461
3.411458300,-8.596036493
3.411661800,-8.595904426
3.411865200,-8.595770458
3.412068700,-8.599638391
3.412272100,-8.599504423
3.412475600,-8.599372355
3.412679000,-8.603238387
3.412882500,-8.603106320
3.413085900,-8.602972352
3.413289400,-8.606840284
3.413492800,-8.610706316
3.413696300,-8.610574249
3.413899700,-8.610440281
3.414103200,-8.614308214
3.414306600,-8.618174245
3.414510100,-8.618042178
3.414713500,-8.621908210
3.414917000,-8.621776143
3.415120400,-8.625642175
3.415323900,-8.625510107
3.415527300,-8.629376139
3.415730800,-8.629244072
3.415934200,-8.633110104
3.416137700,-8.636978036
3.416341100,-8.636844068
3.416544600,-8.640712001
3.416748000,-8.640578033
3.416951500,-8.644445966
3.417154900,-8.648311998
3.417358400,-8.648179930
3.417561800,-8.652045962
3.417765300,-8.655913895
3.417968800,-8.655781827
3.418172200,-8.659647859
3.418375700,-8.663515792
3.418579100,-8.663381824
3.418782600,-8.667249757
3.418986000,-8.671115789
3.419189500,-8.674983721
3.419392900,-8.674849753
3.419596400,-8.678717686
3.419799800,-8.682583718
3.420003300,-8.682451650
3.420206700,-8.686317682
3.420410200,-8.690185615
3.420613600,-8.694051647
3.420817100,-8.693919580
3.421020500,-8.697785611
3.421224000,-8.701653544
3.421427400,-8.705519576
3.421630900,-8.709387509
3.421834300,-8.709253541
3.422037800,-8.713121473
3.422241200,-8.716987505
3.422444700,-8.720855438
3.422648100,-8.720721470
3.422851600,-8.724589402
3.423055000,-8.728455434
3.423258500,-8.732323367
3.423461900,-8.736189399
3.423665400,-8.736057332
3.423868800,-8.739923364
3.424072300,-8.743791296
3.424275700,-8.747657328
3.424479200,-8.747525261
3.424682600,-8.751391293
3.424886100,-8.755259225
3.425089500,-8.759125257
3.425293000,-8.762993190
3.425496400,-8.766859222
3.425699900,-8.766727155
3.425903300,-8.770593186
3.426106800,-8.774461119
3.426310200,-8.778327151
3.426513700,-8.782195084
3.426717100,-8.782061116
3.426920600,-8.785929048
3.427124000,-8.789795080
3.427327500,-8.793663013
3.427530900,-8.797529045
3.427734400,-8.801396977
3.427937800,-8.801263009
3.428141300,-8.805130942
3.428344700,-8.808996974
3.428548200,-8.812864907
3.428751600,-8.812730939
3.428955100,-8.816598871
3.429158500,-8.820464903
3.429362000,-8.824332836
3.429565400,-8.828198868
3.429768900,-8.828066800
3.429972300,-8.831932832
3.430175800,-8.835800765
3.430379200,-8.839666797
3.430582700,-8.839534730
3.430786100,-8.843400761
3.430989600,-8.847268694
3.431193000,-8.847134726
3.431396500,-8.851002659
3.431599900,-8.854868691
3.431803400,-8.858736623
3.432006800,-8.858602655
3.432210300,-8.862470588
3.432413700,-8.866336620
3.432617200,-8.866204552
3.432820600,-8.870070584
3.433024100,-8.873938517
3.433227500,-8.873804549
3.433431000,-8.877672482
3.433634400,-8.881538514
3.433837900,-8.881406446
3.434041300,-8.885272478
3.434244800,-8.885140411
3.434448200,-8.889006443
3.434651700,-8.888874375
3.434855100,-8.892740407
3.435058600,-8.896608340
3.435262000,-8.896474372
3.435465500,-8.900342305
3.435668900,-8.900208336
3.435872400,-8.904076269
3.436075800,-8.903942301
3.436279300,-8.907810234
3.436482700,-8.911676266
3.436686200,-8.911544198
3.436889600,-8.915410230
3.437093100,-8.919278163
3.437296500,-8.919144195
3.437500000,-8.923012127
3.437703500,-8.922880060
3.437906900,-8.926746092
3.438110400,-8.926614025
3.438313800,-8.930480057
3.438517300,-8.934347989
3.438720700,-8.934214021
3.438924200,-8.938081954
3.439127600,-8.941947986
3.439331100,-8.941815918
3.439534500,-8.945681950
3.439738000,-8.949549883
3.439941400,-8.949415915
3.440144900,-8.953283848
3.440348300,-8.957149879
3.440551800,-8.961017812
3.440755200,-8.960883844
3.440958700,-8.964751777
3.441162100,-8.968617809
3.441365600,-8.972485741
3.441569000,-8.976351773
3.441772500,-8.980219706
3.441975900,-8.980085738
3.442179400,-8.983953670
3.442382800,-8.987819702
3.442586300,-8.991687635
3.442789700,-8.995553667
3.442993200,-8.999421600
3.443196600,-9.003287632
3.443400100,-9.007155564
3.443603500,-9.011021596
3.443807000,-9.014889529
3.444010400,-9.018755561
3.444213900,-9.022623493
3.444417300,-9.026489525
3.444620800,-9.030357458
3.444824200,-9.034223490
3.445027700,-9.038091423
3.445231100,-9.041957454
3.445434600,-9.045825387
3.445638000,-9.049691419
3.445841500,-9.053559352
3.446044900,-9.057425384
3.446248400,-9.061293316
3.446451800,-9.065159348
3.446655300,-9.069027281
3.446858700,-9.072893313
3.447062200,-9.076761245
3.447265600,-9.080627277
3.447469100,-9.080495210
3.447672500,-9.084361242
3.447876000,-9.088229175
3.448079400,-9.092095207
3.448282900,-9.095963139
3.448486300,-9.099829171
3.448689800,-9.099697104
3.448893200,-9.103563136
3.449096700,-9.107431068
3.449300100,-9.107297100
3.449503600,-9.111165033
3.449707000,-9.111031065
3.449910500,-9.114898998
3.450113900,-9.114765029
3.450317400,-9.118632962
3.450520800,-9.122498994
3.450724300,-9.122366927
3.450927700,-9.122232959
3.451131200,-9.126100891
3.451334600,-9.125966923
3.451538100,-9.125834856
3.451741500,-9.125700888
3.451945000,-9.129568820
3.452148400,-9.125434852
3.452351900,-9.129302785
3.452555300,-9.129168817
3.452758800,-9.125036750
3.452962200,-9.128902782
3.453165700,-9.128770714
3.453369100,-9.128636746
3.453572600,-9.124504679
3.453776000,-9.124370711
3.453979500,-9.124238643
3.454182900,-9.124104675
3.454386400,-9.123972608
3.454589800,-9.123838640
3.454793300,-9.119706573
3.454996700,-9.119572604
3.455200200,-9.119440537
3.455403600,-9.119306569
3.455607100,-9.115174502
3.455810500,-9.115040534
3.456014000,-9.110908466
3.456217400,-9.106774498
3.456420900,-9.106642431
3.456624300,-9.106508463
3.456827800,-9.102376395
3.457031300,-9.102244328
3.457234700,-9.102110360
3.457438200,-9.101978293
3.457641600,-9.093844325
3.457845100,-9.093712257
3.458048500,-9.093578289
3.458252000,-9.089446222
3.458455400,-9.089312254
3.458658900,-9.089180186
3.458862300,-9.081046218
3.459065800,-9.080914151
3.459269200,-9.080780183
3.459472700,-9.076648116
3.459676100,-9.076514148
3.459879600,-9.076382080
3.460083000,-9.076248112
3.460286500,-9.072116045
3.460489900,-9.071982077
3.460693400,-9.067850009
3.460896800,-9.063716041
3.461100300,-9.063583974
3.461303700,-9.063450006
3.461507200,-9.059317939
3.461710600,-9.059183970
3.461914100,-9.059051903
3.462117500,-9.058917935
3.462321000,-9.054785868
3.462524400,-9.058651900
3.462727900,-9.058519832
3.462931300,-9.054385864
3.463134800,-9.054253797
3.463338200,-9.054119829
3.463541700,-9.049987761
3.463745100,-9.049853793
3.463948600,-9.049721726
3.464152000,-9.053587758
3.464355500,-9.049455691
3.464558900,-9.049321723
3.464762400,-9.049189655
3.464965800,-9.049055687
3.465169300,-9.048923620
3.465372700,-9.048789652
3.465576200,-9.048657584
3.465779600,-9.048523616
3.465983100,-9.048391549
3.466186500,-9.048257581
3.466390000,-9.048125514
3.466593400,-9.047991545
3.466796900,-9.047859478
3.467000300,-9.047725510
3.467203800,-9.047593443
3.467407200,-9.051459475
3.467610700,-9.047327407
3.467814100,-9.051193439
3.468017600,-9.051061372
3.468221000,-9.046927404
3.468424500,-9.050795336
3.468627900,-9.050661368
3.468831400,-9.054529301
3.469034800,-9.050395333
3.469238300,-9.054263266
3.469441700,-9.054129298
3.469645200,-9.053997230
3.469848600,-9.053863262
3.470052100,-9.053731195
3.470255500,-9.053597227
3.470459000,-9.053465159
3.470662400,-9.057331191
3.470865900,-9.057199124
3.471069300,-9.057065156
3.471272800,-9.056933089
3.471476200,-9.056799120
3.471679700,-9.056667053
3.471883100,-9.056533085
3.472086600,-9.060401018
3.472290000,-9.060267050
3.472493500,-9.060134982
3.472696900,-9.060001014
3.472900400,-9.063868947
3.473103800,-9.059734979
3.473307300,-9.059602911
3.473510700,-9.063468943
3.473714200,-9.059336876
3.473917600,-9.063202908
3.474121100,-9.063070841
3.474324500,-9.062936873
3.474528000,-9.062804805
3.474731400,-9.062670837
3.474934900,-9.066538770
3.475138300,-9.062404802
3.475341800,-9.062272734
3.475545200,-9.066138766
3.475748700,-9.062006699
3.475952100,-9.061872731
3.476155600,-9.065740663
3.476359000,-9.061606695
3.476562500,-9.065474628
3.476766000,-9.065342561
3.476969400,-9.065208593
3.477172900,-9.065076525
3.477376300,-9.064942557
3.477579800,-9.064810490
3.477783200,-9.064676522
3.477986700,-9.064544454
3.478190100,-9.064410486
3.478393600,-9.064278419
3.478597000,-9.064144451
3.478800500,-9.064012384
3.479003900,-9.063878416
3.479207400,-9.063746348
3.479410800,-9.063612380
3.479614300,-9.067480313
3.479817700,-9.063346345
3.480021200,-9.063214277
3.480224600,-9.067080309
3.480428100,-9.062948242
3.480631500,-9.062814274
3.480835000,-9.066682207
3.481038400,-9.062548238
3.481241900,-9.066416171
3.481445300,-9.066282203
3.481648800,-9.066150136
3.481852200,-9.066016168
3.482055700,-9.065884100
3.482259100,-9.065750132
3.482462600,-9.065618065
3.482666000,-9.065484097
3.482869500,-9.069352029
3.483072900,-9.065218061
3.483276400,-9.065085994
3.483479800,-9.068952026
3.483683300,-9.068819959
3.483886700,-9.068685991
3.484090200,-9.068553923
3.484293600,-9.068419955
3.484497100,-9.068287888
3.484700500,-9.068153920
3.484904000,-9.072021852
3.485107400,-9.067887884
3.485310900,-9.067755817
3.485514300,-9.071621849
3.485717800,-9.071489782
3.485921200,-9.071355813
3.486124700,-9.071223746
3.486328100,-9.071089778
3.486531600,-9.070957711
3.486735000,-9.070823743
3.486938500,-9.074691675
3.487141900,-9.070557707
3.487345400,-9.070425640
3.487548800,-9.074291672
3.487752300,-9.070159604
3.487955700,-9.074025636
3.488159200,-9.073893569
3.488362600,-9.073759601
3.488566100,-9.073627534
3.488769500,-9.073493566
3.488973000,-9.073361498
3.489176400,-9.073227530
3.489379900,-9.073095463
3.489583300,-9.072961495
3.489786800,-9.072829427
3.489990200,-9.072695459
3.490193700,-9.072563392
3.490397100,-9.076429424
3.490600600,-9.072297357
3.490804000,-9.072163388
3.491007500,-9.076031321
3.491210900,-9.071897353
3.491414400,-9.071765286
3.491617800,-9.071631318
3.491821300,-9.071499250
3.492024700,-9.071365282
3.492228200,-9.071233215
3.492431600,-9.075099247
3.492635100,-9.070967179
3.492838500,-9.070833211
3.493042000,-9.074701144
3.493245400,-9.070567176
3.493448900,-9.070435109
3.493652300,-9.074301141
3.493855800,-9.070169073
3.494059200,-9.070035105
3.494262700,-9.073903038
3.494466100,-9.073769070
3.494669600,-9.069637002
3.494873000,-9.073503034
3.495076500,-9.073370967
3.495279900,-9.069236999
3.495483400,-9.073104932
3.495686800,-9.072970963
3.495890300,-9.068838896
3.496093800,-9.072706829
3.496297200,-9.072572861
3.496500700,-9.072440793
3.496704100,-9.072306825
3.496907600,-9.072174758
3.497111000,-9.076040790
3.497314500,-9.071908723
3.497517900,-9.075774754
3.497721400,-9.075642687
3.497924800,-9.075508719
3.498128300,-9.075376652
3.498331700,-9.075242684
3.498535200,-9.075110616
3.498738600,-9.074976648
3.498942100,-9.078844581
3.499145500,-9.078710613
3.499349000,-9.078578545
3.499552400,-9.078444577
3.499755900,-9.082312510
3.499959300,-9.082178542
3.500162800,-9.082046475
3.500366200,-9.081912507
3.500569700,-9.081780439
3.500773100,-9.085646471
3.500976600,-9.085514404
3.501180000,-9.089380436
3.501383500,-9.089248368
3.501586900,-9.089114400
3.501790400,-9.092982333
3.501993800,-9.092848365
3.502197300,-9.092716298
3.502400700,-9.096582329
3.502604200,-9.096450262
3.502807600,-9.096316294
3.503011100,-9.100184227
3.503214500,-9.100050259
3.503418000,-9.099918191
3.503621400,-9.103784223
3.503824900,-9.103652156
3.504028300,-9.103518188
3.504231800,-9.107386120
3.504435200,-9.107252152
3.504638700,-9.107120085
3.504842100,-9.110986117
3.505045600,-9.114854050
3.505249000,-9.114720082
3.505452500,-9.114588014
3.505655900,-9.118454046
3.505859400,-9.118321979
3.506062800,-9.122188011
3.506266300,-9.122055943
3.506469700,-9.125921975
3.506673200,-9.125789908
3.506876600,-9.129655940
3.507080100,-9.129523873
3.507283500,-9.129389904
3.507487000,-9.133257837
3.507690400,-9.137123869
3.507893900,-9.136991802
3.508097300,-9.136857834
3.508300800,-9.140725766
3.508504200,-9.144591798
3.508707700,-9.144459731
3.508911100,-9.148325763
3.509114600,-9.148193695
3.509318000,-9.148059727
3.509521500,-9.151927660
3.509724900,-9.155793692
3.509928400,-9.155661625
3.510131800,-9.159527657
3.510335300,-9.159395589
3.510538700,-9.163261621
3.510742200,-9.163129554
3.510945600,-9.166995586
3.511149100,-9.166863518
3.511352500,-9.170729550
3.511556000,-9.170597483
3.511759400,-9.174463515
3.511962900,-9.178331448
3.512166300,-9.178197479
3.512369800,-9.178065412
3.512573200,-9.181931444
3.512776700,-9.181799377
3.512980100,-9.185665409
3.513183600,-9.185533341
3.513387000,-9.189399373
3.513590500,-9.189267306
3.513793900,-9.193133338
3.513997400,-9.193001270
3.514200800,-9.192867302
3.514404300,-9.196735235
3.514607700,-9.200601267
3.514811200,-9.200469200
3.515014600,-9.200335232
3.515218100,-9.204203164
3.515421500,-9.204069196
3.515625000,-9.203937129
3.515828500,-9.207805061
3.516031900,-9.207671093
3.516235400,-9.207539026
3.516438800,-9.211405058
3.516642300,-9.211272991
3.516845700,-9.211139022
3.517049200,-9.211006955
3.517252600,-9.214872987
3.517456100,-9.214740920
3.517659500,-9.214606952
3.517863000,-9.214474884
3.518066400,-9.214340916
3.518269900,-9.218208849
3.518473300,-9.218074881
3.518676800,-9.217942813
3.518880200,-9.217808845
3.519083700,-9.217676778
3.519287100,-9.217542810
3.519490600,-9.217410743
3.519694000,-9.217276775
3.519897500,-9.221144707
3.520100900,-9.217010739
3.520304400,-9.216878672
3.520507800,-9.220744704
3.520711300,-9.220612636
3.520914700,-9.216478668
3.521118200,-9.220346601
3.521321600,-9.220212633
3.521525100,-9.216080566
3.521728500,-9.215946597
3.521932000,-9.219814530
3.522135400,-9.215680562
3.522338900,-9.215548495
3.522542300,-9.215414527
3.522745800,-9.215282459
3.522949200,-9.215148491
3.523152700,-9.215016424
3.523356100,-9.214882456
3.523559600,-9.210750388
3.523763000,-9.210616420
3.523966500,-9.210484353
3.524169900,-9.210350385
3.524373400,-9.210218318
3.524576800,-9.210084350
3.524780300,-9.209952282
3.524983700,-9.205818314
3.525187200,-9.205686247
3.525390600,-9.205552279
3.525594100,-9.201420211
3.525797500,-9.201286243
3.526001000,-9.201154176
3.526204400,-9.201020208
3.526407900,-9.200888141
3.526611300,-9.200754172
3.526814800,-9.196622105
3.527018200,-9.196488137
3.527221700,-9.196356070
3.527425100,-9.196222102
3.527628600,-9.192090034
3.527832000,-9.191956066
3.528035500,-9.191823999
3.528238900,-9.187690031
3.528442400,-9.187557963
3.528645800,-9.187423995
3.528849300,-9.183291928
3.529052700,-9.183157960
3.529256200,-9.183025893
3.529459600,-9.182891925
3.529663100,-9.178759857
3.529866500,-9.178625889
3.530070000,-9.178493822
3.530273400,-9.174359854
3.530476900,-9.174227786
3.530680300,-9.174093818
3.530883800,-9.169961751
3.531087200,-9.169827783
3.531290700,-9.169695716
3.531494100,-9.169561747
3.531697600,-9.165429680
3.531901000,-9.165295712
3.532104500,-9.165163645
3.532307900,-9.161029677
3.532511400,-9.160897609
3.532714800,-9.160763641
3.532918300,-9.156631574
3.533121700,-9.156497606
3.533325200,-9.152365538
3.533528600,-9.152231570
3.533732100,-9.148099503
3.533935500,-9.147965535
3.534139000,-9.147833468
3.534342400,-9.143699500
3.534545900,-9.143567432
3.534749300,-9.143433464
3.534952800,-9.139301397
3.535156300,-9.139169329
3.535359700,-9.139035361
3.535563200,-9.134903294
3.535766600,-9.130769326
3.535970100,-9.130637259
3.536173500,-9.130503291
3.536377000,-9.126371223
3.536580400,-9.126237255
3.536783900,-9.126105188
3.536987300,-9.121971220
3.537190800,-9.121839152
3.537394200,-9.121705184
3.537597700,-9.117573117
3.537801100,-9.117439149
3.538004600,-9.117307082
3.538208000,-9.117173113
3.538411500,-9.113041046
3.538614900,-9.112907078
3.538818400,-9.112775011
3.539021800,-9.108641043
3.539225300,-9.108508975
3.539428700,-9.108375007
3.539632200,-9.104242940
3.539835600,-9.104108972
3.540039100,-9.103976904
3.540242500,-9.103842936
3.540446000,-9.099710869
3.540649400,-9.099576901
3.540852900,-9.099444834
3.541056300,-9.095310866
3.541259800,-9.099178798
3.541463200,-9.099044830
3.541666700,-9.094912763
3.541870100,-9.094778795
3.542073600,-9.094646727
3.542277000,-9.094512759
3.542480500,-9.094380692
3.542683900,-9.094246724
3.542887400,-9.094114657
3.543090800,-9.089980688
3.543294300,-9.093848621
3.543497700,-9.093714653
3.543701200,-9.089582586
3.543904600,-9.089448618
3.544108100,-9.093316550
3.544311500,-9.089182582
3.544515000,-9.089050515
3.544718400,-9.092916547
3.544921900,-9.092784479
3.545125300,-9.088650511
3.545328800,-9.092518444
3.545532200,-9.092384476
3.545735700,-9.088252409
3.545939100,-9.092118441
3.546142600,-9.091986373
3.546346000,-9.087852405
3.546549500,-9.091720338
3.546752900,-9.091586370
3.546956400,-9.091454302
3.547159800,-9.091320334
3.547363300,-9.091188267
3.547566700,-9.091054299
3.547770200,-9.090922232
3.547973600,-9.090788263
3.548177100,-9.090656196
3.548380500,-9.086522228
3.548584000,-9.090390161
3.548787400,-9.090256193
3.548990900,-9.090124125
3.549194300,-9.085990157
3.549397800,-9.085858090
3.549601200,-9.085724122
3.549804700,-9.085592054
3.550008100,-9.085458086
3.550211600,-9.085326019
3.550415000,-9.081192051
3.550618500,-9.081059984
3.550821900,-9.080926016
3.551025400,-9.080793948
3.551228800,-9.072659980
3.551432300,-9.072527913
3.551635700,-9.072393945
3.551839200,-9.068261877
3.552042600,-9.068127909
3.552246100,-9.063995842
3.552449500,-9.059861874
3.552653000,-9.055729807
3.552856400,-9.055595838
3.553059900,-9.055463771
3.553263300,-9.047329803
3.553466800,-9.043197736
3.553670200,-9.043063768
3.553873700,-9.034931700
3.554077100,-9.030797732
3.554280600,-9.030665665
3.554484000,-9.018531697
3.554687500,-9.018399629
3.554891000,-9.014267562
3.555094400,-9.002133594
3.555297900,-8.998001527
3.555501300,-8.997867559
3.555704800,-8.993735491
3.555908200,-8.981601523
3.556111700,-8.977469456
3.556315100,-8.973335488
3.556518600,-8.961203420
3.556722000,-8.957069452
3.556925500,-8.952937385
3.557128900,-8.936803417
3.557332400,-8.932671350
3.557535800,-8.928537381
3.557739300,-8.924405314
3.557942700,-8.908271346
3.558146200,-8.904139279
3.558349600,-8.900005311
3.558553100,-8.883873243
3.558756500,-8.875739275
3.558960000,-8.871607208
3.559163400,-8.855473240
3.559366900,-8.851341172
3.559570300,-8.843207204
3.559773800,-8.839075137
3.559977200,-8.822941169
3.560180700,-8.814809102
3.560384100,-8.810675134
3.560587600,-8.794543066
3.560791000,-8.786409098
3.560994500,-8.782277031
3.561197900,-8.762143063
3.561401400,-8.758010995
3.561604800,-8.749877027
3.561808300,-8.745744960
3.562011700,-8.729610992
3.562215200,-8.721478925
3.562418600,-8.713344956
3.562622100,-8.697212889
3.562825500,-8.689078921
3.563029000,-8.684946854
3.563232400,-8.668812886
3.563435900,-8.660680818
3.563639300,-8.652546850
3.563842800,-8.636414783
3.564046200,-8.632280815
3.564249700,-8.624148747
3.564453100,-8.616014779
3.564656600,-8.599882712
3.564860000,-8.595748744
3.565063500,-8.587616677
3.565266900,-8.571482709
3.565470400,-8.563350641
3.565673800,-8.559216673
3.565877300,-8.543084606
3.566080700,-8.534950638
3.566284200,-8.530818570
3.566487600,-8.522684602
3.566691100,-8.506552535
3.566894500,-8.502418567
3.567098000,-8.494286500
3.567301400,-8.478152531
3.567504900,-8.474020464
3.567708300,-8.465886496
3.567911800,-8.453754429
3.568115200,-8.445620461
3.568318700,-8.441488393
3.568522100,-8.433354425
3.568725600,-8.417222358
3.568929000,-8.413088390
3.569132500,-8.408956322
3.569335900,-8.392822354
3.569539400,-8.388690287
3.569742800,-8.380556319
3.569946300,-8.368424252
3.570149700,-8.360290284
3.570353200,-8.356158216
3.570556600,-8.352024248
3.570760100,-8.335892181
3.570963500,-8.331758213
3.571167000,-8.323626145
3.571370400,-8.311492177
3.571573900,-8.307360110
3.571777300,-8.299226142
3.571980800,-8.287094075
3.572184200,-8.282960106
3.572387700,-8.278828039
3.572591100,-8.270694071
3.572794600,-8.258562004
3.572998000,-8.254428036
3.573201500,-8.250295968
3.573404900,-8.234162000
3.573608400,-8.230029933
3.573811800,-8.225895965
3.574015300,-8.213763897
3.574218800,-8.209631830
3.574422200,-8.201497862
3.574625700,-8.189365795
3.574829100,-8.185231827
3.575032600,-8.181099759
3.575236000,-8.176965791
3.575439500,-8.164833724
3.575642900,-8.160699756
3.575846400,-8.152567688
3.576049800,-8.140433720
3.576253300,-8.136301653
3.576456700,-8.132167685
3.576660200,-8.120035618
3.576863600,-8.115901650
3.577067100,-8.111769582
3.577270500,-8.107635614
3.577474000,-8.095503547
3.577677400,-8.091369579
3.577880900,-8.087237511
3.578084300,-8.071103543
3.578287800,-8.066971476
3.578491200,-8.062837508
3.578694700,-8.050705441
3.578898100,-8.046571472
3.579101600,-8.042439405
3.579305000,-8.038305437
3.579508500,-8.026173370
3.579711900,-8.022039402
3.579915400,-8.017907334
3.580118800,-8.005773366
3.580322300,-8.001641299
3.580525700,-7.997507331
3.580729200,-7.985375263
3.580932600,-7.981241295
3.581136100,-7.977109228
3.581339500,-7.972975260
3.581543000,-7.960843193
3.581746400,-7.956709225
3.581949900,-7.952577157
3.582153300,-7.940443189
3.582356800,-7.936311122
3.582560200,-7.932177154
3.582763700,-7.920045086
3.582967100,-7.915911118
3.583170600,-7.911779051
3.583374000,-7.899645083
3.583577500,-7.895513016
3.583780900,-7.891379047
3.583984400,-7.883246980
3.584187800,-7.871113012
3.584391300,-7.866980945
3.584594700,-7.862846977
3.584798200,-7.850714909
3.585001600,-7.846580941
3.585205100,-7.842448874
3.585408500,-7.830314906
3.585612000,-7.826182838
3.585815400,-7.822048870
3.586018900,-7.817916803
3.586222300,-7.805782835
3.586425800,-7.801650768
3.586629200,-7.797516800
3.586832700,-7.785384732
3.587036100,-7.781250764
3.587239600,-7.777118697
3.587443000,-7.764984729
3.587646500,-7.760852661
3.587849900,-7.756718693
3.588053400,-7.752586626
3.588256800,-7.736452658
3.588460300,-7.732320591
3.588663700,-7.728186622
3.588867200,-7.716054555
3.589070600,-7.711920587
3.589274100,-7.707788520
3.589477500,-7.695654552
3.589681000,-7.691522484
3.589884400,-7.687388516
3.590087900,-7.679256449
3.590291300,-7.667122481
3.590494800,-7.662990413
3.590698200,-7.658856445
3.590901700,-7.646724378
3.591105100,-7.638590410
3.591308600,-7.634458343
3.591512000,-7.622324375
3.591715500,-7.618192307
3.591918900,-7.610058339
3.592122400,-7.597926272
3.592325800,-7.593792304
3.592529300,-7.589660236
3.592732700,-7.581526268
3.592936200,-7.569394201
3.593139600,-7.561260233
3.593343100,-7.557128166
3.593546500,-7.544994197
3.593750000,-7.536862130
3.593953500,-7.532730063
3.594156900,-7.516596095
3.594360400,-7.512464027
3.594563800,-7.504330059
3.594767300,-7.500197992
3.594970700,-7.484064024
3.595174200,-7.479931956
3.595377600,-7.471797988
3.595581100,-7.455665921
3.595784500,-7.451531953
3.595988000,-7.443399886
3.596191400,-7.427265918
3.596394900,-7.423133850
3.596598300,-7.414999882
3.596801800,-7.410867815
3.597005200,-7.394733847
3.597208700,-7.386601779
3.597412100,-7.382467811
3.597615600,-7.362335744
3.597819000,-7.358201776
3.598022500,-7.350069709
3.598225900,-7.333935740
3.598429400,-7.325803673
3.598632800,-7.321669705
3.598836300,-7.313537638
3.599039700,-7.297403670
3.599243200,-7.289271602
3.599446600,-7.285137634
3.599650100,-7.265005567
3.599853500,-7.260871599
3.600057000,-7.252739531
3.600260400,-7.236605563
3.600463900,-7.228473496
3.600667300,-7.220339528
3.600870800,-7.216207461
3.601074200,-7.196073493
3.601277700,-7.191941425
3.601481100,-7.183807457
3.601684600,-7.167675390
3.601888000,-7.159541422
3.602091500,-7.151409354
3.602294900,-7.135275386
3.602498400,-7.127143319
3.602701800,-7.119009351
3.602905300,-7.102877284
3.603108700,-7.094743315
3.603312200,-7.090611248
3.603515600,-7.082477280
3.603719100,-7.066345213
3.603922500,-7.058211245
3.604126000,-7.054079177
3.604329400,-7.033945209
3.604532900,-7.029813142
3.604736300,-7.021679174
3.604939800,-7.005547106
3.605143200,-6.997413138
3.605346700,-6.993281071
3.605550100,-6.985147103
3.605753600,-6.969015036
3.605957000,-6.960881068
3.606160500,-6.956749000
3.606363900,-6.940615032
3.606567400,-6.932482965
3.606770800,-6.928348997
3.606974300,-6.912216929
3.607177700,-6.904082961
3.607381200,-6.899950894
3.607584600,-6.891816926
3.607788100,-6.875684859
3.607991500,-6.871550890
3.608195000,-6.863418823
3.608398400,-6.847284855
3.608601900,-6.843152788
3.608805300,-6.835018820
3.609008800,-6.822886752
3.609212200,-6.814752784
3.609415700,-6.810620717
3.609619100,-6.802486749
3.609822600,-6.790354681
3.610026000,-6.782220713
3.610229500,-6.778088646
3.610432900,-6.761954678
3.610636400,-6.757822611
3.610839800,-6.753688643
3.611043300,-6.737556575
3.611246700,-6.733422607
3.611450200,-6.729290540
3.611653600,-6.713156572
3.611857100,-6.709024504
3.612060500,-6.704890536
3.612264000,-6.700758469
3.612467400,-6.684624501
3.612670900,-6.680492434
3.612874300,-6.676358465
3.613077800,-6.664226398
3.613281300,-6.656094331
3.613484700,-6.651960363
3.613688200,-6.639828295
3.613891600,-6.635694327
3.614095100,-6.631562260
3.614298500,-6.627428292
3.614502000,-6.615296225
3.614705400,-6.611162256
3.614908900,-6.607030189
3.615112300,-6.594896221
3.615315800,-6.590764154
3.615519200,-6.586630186
3.615722700,-6.574498118
3.615926100,-6.570364150
3.616129600,-6.566232083
3.616333000,-6.562098115
3.616536500,-6.549966047
3.616739900,-6.545832079
3.616943400,-6.541700012
3.617146800,-6.529566044
3.617350300,-6.525433977
3.617553700,-6.521300009
3.617757200,-6.513167941
3.617960600,-6.509033973
3.618164100,-6.504901906
3.618367500,-6.500767938
3.618571000,-6.488635870
3.618774400,-6.484501902
3.618977900,-6.484369835
3.619181300,-6.472235867
3.619384800,-6.468103800
3.619588200,-6.463969831
3.619791700,-6.455837764
3.619995100,-6.451703796
3.620198600,-6.447571729
3.620402000,-6.443437761
3.620605500,-6.435305693
3.620808900,-6.431171725
3.621012400,-6.427039658
3.621215800,-6.418905690
3.621419300,-6.414773622
3.621622700,-6.410639654
3.621826200,-6.398507587
3.622029600,-6.398373619
3.622233100,-6.394241552
3.622436500,-6.382107584
3.622640000,-6.381975516
3.622843400,-6.377841548
3.623046900,-6.373709481
3.623250300,-6.365575513
3.623453800,-6.361443445
3.623657200,-6.357309477
3.623860700,-6.349177410
3.624064100,-6.345043442
3.624267600,-6.340911375
3.624471000,-6.332777406
3.624674500,-6.328645339
3.624877900,-6.324511371
3.625081400,-6.320379304
3.625284800,-6.312245336
3.625488300,-6.308113268
3.625691700,-6.307979300
3.625895200,-6.295847233
3.626098600,-6.291713265
3.626302100,-6.291581197
3.626505500,-6.279447229
3.626709000,-6.275315162
3.626912400,-6.275181194
3.627115900,-6.271049127
3.627319300,-6.262915159
3.627522800,-6.258783091
3.627726200,-6.254649123
3.627929700,-6.246517056
3.628133100,-6.242383088
3.628336600,-6.238251020
3.628540000,-6.230117052
3.628743500,-6.225984985
3.628946900,-6.225851017
3.629150400,-6.221718950
3.629353800,-6.209584981
3.629557300,-6.209452914
3.629760700,-6.205318946
3.629964200,-6.197186879
3.630167600,-6.193052911
3.630371100,-6.188920843
3.630574500,-6.180786875
3.630778000,-6.176654808
3.630981400,-6.172520840
3.631184900,-6.164388772
3.631388300,-6.160254804
3.631591800,-6.160122737
3.631795200,-6.155988769
3.631998700,-6.143856702
3.632202100,-6.143722734
3.632405600,-6.139590666
3.632609000,-6.131456698
3.632812500,-6.127324631
3.633016000,-6.123192563
3.633219400,-6.115058595
3.633422900,-6.110926528
3.633626300,-6.106792560
3.633829800,-6.106660493
3.634033200,-6.094526524
3.634236700,-6.094394457
3.634440100,-6.090260489
3.634643600,-6.082128422
3.634847000,-6.077994454
3.635050500,-6.073862386
3.635253900,-6.065728418
3.635457400,-6.061596351
3.635660800,-6.057462383
3.635864300,-6.057330315
3.636067700,-6.045196347
3.636271200,-6.045064280
3.636474600,-6.040930312
3.636678100,-6.028798245
3.636881500,-6.028664277
3.637085000,-6.024532209
3.637288400,-6.016398241
3.637491900,-6.012266174
3.637695300,-6.008132206
3.637898800,-6.008000138
3.638102200,-5.995866170
3.638305700,-5.991734103
3.638509100,-5.991600135
3.638712600,-5.979468068
3.638916000,-5.979334099
3.639119500,-5.975202032
3.639322900,-5.963068064
3.639526400,-5.962935997
3.639729800,-5.958802029
3.639933300,-5.950669961
3.640136700,-5.946535993
3.640340200,-5.942403926
3.640543600,-5.942269958
3.640747100,-5.930137890
3.640950500,-5.930003922
3.641154000,-5.925871855
3.641357400,-5.913737887
3.641560900,-5.913605820
3.641764300,-5.909471852
3.641967800,-5.901339784
3.642171200,-5.897205816
3.642374700,-5.893073749
3.642578100,-5.892939781
3.642781600,-5.880807713
3.642985000,-5.876673745
3.643188500,-5.876541678
3.643391900,-5.864407710
3.643595400,-5.864275643
3.643798800,-5.860141674
3.644002300,-5.852009607
3.644205700,-5.847875639
3.644409200,-5.843743572
3.644612600,-5.839609604
3.644816100,-5.831477536
3.645019500,-5.827343568
3.645223000,-5.827211501
3.645426400,-5.815077533
3.645629900,-5.810945465
3.645833300,-5.810811497
3.646036800,-5.798679430
3.646240200,-5.794545462
3.646443700,-5.794413395
3.646647100,-5.790279427
3.646850600,-5.778147359
3.647054000,-5.778013391
3.647257500,-5.773881324
3.647460900,-5.761747356
3.647664400,-5.761615288
3.647867800,-5.757481320
3.648071300,-5.745349253
3.648274700,-5.745215285
3.648478200,-5.741083218
3.648681600,-5.736949249
3.648885100,-5.724817182
3.649088500,-5.724683214
3.649292000,-5.720551147
3.649495400,-5.708417179
3.649698900,-5.704285111
3.649902300,-5.704151143
3.650105800,-5.692019076
3.650309200,-5.687885108
3.650512700,-5.683753040
3.650716100,-5.675619072
3.650919600,-5.671487005
3.651123000,-5.667353037
3.651326500,-5.663220970
3.651529900,-5.651087002
3.651733400,-5.646954934
3.651936800,-5.642820966
3.652140300,-5.634688899
3.652343800,-5.630556831
3.652547200,-5.626422863
3.652750700,-5.614290796
3.652954100,-5.610156828
3.653157600,-5.606024761
3.653361000,-5.605890793
3.653564500,-5.593758725
3.653767900,-5.589624757
3.653971400,-5.585492690
3.654174800,-5.573358722
3.654378300,-5.569226654
3.654581700,-5.565092686
3.654785200,-5.556960619
3.654988600,-5.552826651
3.655192100,-5.548694584
3.655395500,-5.544560615
3.655599000,-5.532428548
3.655802400,-5.528294580
3.656005900,-5.524162513
3.656209300,-5.516028545
3.656412800,-5.511896477
3.656616200,-5.507762509
3.656819700,-5.495630442
3.657023100,-5.491496474
3.657226600,-5.487364406
3.657430000,-5.483230438
3.657633500,-5.475098371
3.657836900,-5.470964403
3.658040400,-5.466832336
3.658243800,-5.454698368
3.658447300,-5.450566300
3.658650700,-5.450432332
3.658854200,-5.438300265
3.659057600,-5.434166297
3.659261100,-5.430034229
3.659464500,-5.417900261
3.659668000,-5.417768194
3.659871400,-5.413634226
3.660074900,-5.409502159
3.660278300,-5.397368190
3.660481800,-5.397236123
3.660685200,-5.393102155
3.660888700,-5.380970088
3.661092100,-5.376836120
3.661295600,-5.376704052
3.661499000,-5.364570084
3.661702500,-5.360438017
3.661905900,-5.360304049
3.662109400,-5.356171981
3.662312800,-5.344038013
3.662516300,-5.343905946
3.662719700,-5.339771978
3.662923200,-5.327639911
3.663126600,-5.327505943
3.663330100,-5.323373875
3.663533500,-5.311239907
3.663737000,-5.311107840
3.663940400,-5.306973872
3.664143900,-5.302841804
3.664347300,-5.294707836
3.664550800,-5.290575769
3.664754200,-5.286441801
3.664957700,-5.278309734
3.665161100,-5.274175765
3.665364600,-5.274043698
3.665568000,-5.261909730
3.665771500,-5.257777663
3.665974900,-5.257643695
3.666178400,-5.253511627
3.666381800,-5.245377659
3.666585300,-5.241245592
3.666788700,-5.237111624
3.666992200,-5.228979556
3.667195600,-5.224845588
3.667399100,-5.220713521
3.667602500,-5.212579553
3.667806000,-5.208447486
3.668009400,-5.204313518
3.668212900,-5.196181450
3.668416300,-5.192047482
3.668619800,-5.187915415
3.668823200,-5.187781447
3.669026700,-5.175649379
3.669230100,-5.171515411
3.669433600,-5.171383344
3.669637000,-5.159249376
3.669840500,-5.155117309
3.670043900,-5.150983340
3.670247400,-5.142851273
3.670450800,-5.138717305
3.670654300,-5.134585238
3.670857700,-5.130451270
3.671061200,-5.118319202
3.671264600,-5.114185234
3.671468100,-5.114053167
3.671671500,-5.101919199
3.671875000,-5.097787131
3.672078500,-5.093655064
3.672281900,-5.081521096
3.672485400,-5.077389029
3.672688800,-5.073255061
3.672892300,-5.069122993
3.673095700,-5.056989025
3.673299200,-5.052856958
3.673502600,-5.048722990
3.673706100,-5.032590922
3.673909500,-5.028456954
3.674113000,-5.024324887
3.674316400,-5.012190919
3.674519900,-5.008058852
3.674723300,-5.003924883
3.674926800,-4.999792816
3.675130200,-4.983658848
3.675333700,-4.979526781
3.675537100,-4.975392813
3.675740600,-4.959260745
3.675944000,-4.955126777
3.676147500,-4.950994710
3.676350900,-4.938860742
3.676554400,-4.930728674
3.676757800,-4.926594706
3.676961300,-4.922462639
3.677164700,-4.906328671
3.677368200,-4.902196604
3.677571600,-4.898062636
3.677775100,-4.881930568
3.677978500,-4.877796600
3.678182000,-4.869664533
3.678385400,-4.857530565
3.678588900,-4.853398497
3.678792300,-4.845264529
3.678995800,-4.833132462
3.679199200,-4.824998494
3.679402700,-4.820866427
3.679606100,-4.816732458
3.679809600,-4.800600391
3.680013000,-4.796466423
3.680216500,-4.788334356
3.680419900,-4.776200388
3.680623400,-4.768068320
3.680826800,-4.763934352
3.681030300,-4.747802285
3.681233700,-4.743668317
3.681437200,-4.739536249
3.681640600,-4.735402281
3.681844100,-4.719270214
3.682047500,-4.715136246
3.682251000,-4.711004179
3.682454400,-4.694870211
3.682657900,-4.690738143
3.682861300,-4.682604175
3.683064800,-4.670472108
3.683268200,-4.666338140
3.683471700,-4.658206072
3.683675100,-4.654072104
3.683878600,-4.641940037
3.684082000,-4.637806069
3.684285500,-4.629674002
3.684488900,-4.617540033
3.684692400,-4.613407966
3.684895800,-4.605273998
3.685099300,-4.593141931
3.685302700,-4.589007963
3.685506200,-4.584875895
3.685709600,-4.576741927
3.685913100,-4.564609860
3.686116500,-4.560475892
3.686320000,-4.556343824
3.686523400,-4.540209856
3.686726900,-4.536077789
3.686930300,-4.531943821
3.687133800,-4.519811754
3.687337200,-4.515677786
3.687540700,-4.507545718
3.687744100,-4.495411750
3.687947600,-4.491279683
3.688151000,-4.487145715
3.688354500,-4.483013647
3.688557900,-4.470879679
3.688761400,-4.462747612
3.688964800,-4.458613644
3.689168300,-4.446481577
3.689371700,-4.442347608
3.689575200,-4.438215541
3.689778600,-4.426081573
3.689982100,-4.417949506
3.690185500,-4.413815538
3.690389000,-4.409683470
3.690592400,-4.397549502
3.690795900,-4.393417435
3.690999300,-4.389283467
3.691202800,-4.373151399
3.691406300,-4.369019332
3.691609700,-4.364885364
3.691813200,-4.352753297
3.692016600,-4.348619329
3.692220100,-4.344487261
3.692423500,-4.336353293
3.692627000,-4.324221226
3.692830400,-4.320087258
3.693033900,-4.315955190
3.693237300,-4.303821222
3.693440800,-4.299689155
3.693644200,-4.295555187
3.693847700,-4.279423120
3.694051100,-4.275289152
3.694254600,-4.271157084
3.694458000,-4.267023116
3.694661500,-4.254891049
3.694864900,-4.250757081
3.695068400,-4.246625013
3.695271800,-4.234491045
3.695475300,-4.226358978
3.695678700,-4.222225010
3.695882200,-4.210092943
3.696085600,-4.205958974
3.696289100,-4.201826907
3.696492500,-4.197692939
3.696696000,-4.185560872
3.696899400,-4.181426904
3.697102900,-4.177294836
3.697306300,-4.165160868
3.697509800,-4.161028801
3.697713200,-4.156894833
3.697916700,-4.144762765
3.698120100,-4.140628797
3.698323600,-4.136496730
3.698527000,-4.124362762
3.698730500,-4.120230695
3.698933900,-4.116096727
3.699137400,-4.111964659
3.699340800,-4.099830691
3.699544300,-4.095698624
3.699747700,-4.091564656
3.699951200,-4.083432588
3.700154600,-4.079298620
3.700358100,-4.075166553
3.700561500,-4.063032585
3.700765000,-4.058900518
3.700968400,-4.054766549
3.701171900,-4.054634482
3.701375300,-4.042500514
3.701578800,-4.038368447
3.701782200,-4.034234479
3.701985700,-4.026102411
3.702189100,-4.021968443
3.702392600,-4.017836376
3.702596000,-4.009702408
3.702799500,-4.005570340
3.703002900,-4.005436372
3.703206400,-4.001304305
3.703409800,-3.993170337
3.703613300,-3.989038270
3.703816700,-3.984904302
3.704020200,-3.976772234
3.704223600,-3.976638266
3.704427100,-3.972506199
3.704630500,-3.964372231
3.704834000,-3.960240163
3.705037400,-3.960106195
3.705240900,-3.955974128
3.705444300,-3.947840160
3.705647800,-3.947708093
3.705851200,-3.943574124
3.706054700,-3.935442057
3.706258100,-3.935308089
3.706461600,-3.931176022
3.706665000,-3.923042054
3.706868500,-3.922909986
3.707071900,-3.918776018
3.707275400,-3.910643951
3.707478800,-3.910509983
3.707682300,-3.906377915
3.707885700,-3.906243947
3.708089200,-3.898111880
3.708292600,-3.893977912
3.708496100,-3.893845845
3.708699500,-3.885711877
3.708903000,-3.885579809
3.709106400,-3.881445841
3.709309900,-3.873313774
3.709513300,-3.873179806
3.709716800,-3.869047738
3.709920200,-3.868913770
3.710123700,-3.860781703
3.710327100,-3.856647735
3.710530600,-3.856515668
3.710734000,-3.848381699
3.710937500,-3.844249632
3.711141000,-3.844117565
3.711344400,-3.835983597
3.711547900,-3.831851529
3.711751300,-3.831717561
3.711954800,-3.827585494
3.712158200,-3.819451526
3.712361700,-3.815319458
3.712565100,-3.815185490
3.712768600,-3.803053423
3.712972000,-3.802919455
3.713175500,-3.798787388
3.713378900,-3.790653420
3.713582400,-3.786521352
3.713785800,-3.782387384
3.713989300,-3.782255317
3.714192700,-3.770121349
3.714396200,-3.765989281
3.714599600,-3.765855313
3.714803100,-3.753723246
3.715006500,-3.749589278
3.715210000,-3.745457211
3.715413400,-3.737323242
3.715616900,-3.733191175
3.715820300,-3.729057207
3.716023800,-3.716925140
3.716227200,-3.712791172
3.716430700,-3.708659104
3.716634100,-3.704525136
3.716837600,-3.692393069
3.717041000,-3.688259101
3.717244500,-3.684127033
3.717447900,-3.671993065
3.717651400,-3.667860998
3.717854800,-3.663727030
3.718058300,-3.651594963
3.718261700,-3.647460995
3.718465200,-3.643328927
3.718668600,-3.639194959
3.718872100,-3.623062892
3.719075500,-3.618928924
3.719279000,-3.614796856
3.719482400,-3.602662888
3.719685900,-3.594530821
3.719889300,-3.590396853
3.720092800,-3.578264786
3.720296200,-3.574130817
3.720499700,-3.565998750
3.720703100,-3.561864782
3.720906600,-3.549732715
3.721110000,-3.541598747
3.721313500,-3.537466679
3.721516900,-3.525332711
3.721720400,-3.517200644
3.721923800,-3.513066676
3.722127300,-3.500934608
3.722330700,-3.492800640
3.722534200,-3.488668573
3.722737600,-3.484534605
3.722941100,-3.468402538
3.723144500,-3.464268570
3.723348000,-3.460136502
3.723551400,-3.444002534
3.723754900,-3.439870467
3.723958300,-3.435736499
3.724161800,-3.419604431
3.724365200,-3.415470463
3.724568700,-3.411338396
3.724772100,-3.407204428
3.724975600,-3.391072361
3.725179000,-3.386938392
3.725382500,-3.382806325
3.725585900,-3.370672357
3.725789400,-3.362540290
3.725992800,-3.358406322
3.726196300,-3.346274254
3.726399700,-3.342140286
3.726603200,-3.338008219
3.726806600,-3.321874251
3.727010100,-3.317742183
3.727213500,-3.313608215
3.727417000,-3.309476148
3.727620400,-3.297342180
3.727823900,-3.289210113
3.728027300,-3.285076145
3.728230800,-3.272944077
3.728434200,-3.268810109
3.728637700,-3.264678042
3.728841100,-3.248544074
3.729044600,-3.244412006
3.729248000,-3.240278038
3.729451500,-3.236145971
3.729654900,-3.220012003
3.729858400,-3.215879936
3.730061800,-3.211745967
3.730265300,-3.199613900
3.730468800,-3.191481833
3.730672200,-3.187347865
3.730875700,-3.175215797
3.731079100,-3.167081829
3.731282600,-3.162949762
3.731486000,-3.158815794
3.731689500,-3.142683727
3.731892900,-3.138549758
3.732096400,-3.134417691
3.732299800,-3.118283723
3.732503300,-3.114151656
3.732706700,-3.106017688
3.732910200,-3.093885620
3.733113600,-3.085751652
3.733317100,-3.081619585
3.733520500,-3.077485617
3.733724000,-3.061353549
3.733927400,-3.053219581
3.734130900,-3.049087514
3.734334300,-3.032953546
3.734537800,-3.024821479
3.734741200,-3.020687511
3.734944700,-3.004555443
3.735148100,-2.996421475
3.735351600,-2.992289408
3.735555000,-2.976155440
3.735758500,-2.968023372
3.735961900,-2.959889404
3.736165400,-2.955757337
3.736368800,-2.935623369
3.736572300,-2.931491302
3.736775700,-2.923357333
3.736979200,-2.907225266
3.737182600,-2.899091298
3.737386100,-2.890959231
3.737589500,-2.874825263
3.737793000,-2.866693195
3.737996400,-2.858559227
3.738199900,-2.850427160
3.738403300,-2.834293192
3.738606800,-2.826161124
3.738810200,-2.818027156
3.739013700,-2.797895089
3.739217100,-2.793761121
3.739420600,-2.785629054
3.739624000,-2.765495086
3.739827500,-2.757363018
3.740030900,-2.749229050
3.740234400,-2.741096983
3.740437800,-2.720963015
3.740641300,-2.712830947
3.740844700,-2.704696979
3.741048200,-2.684564912
3.741251600,-2.676430944
3.741455100,-2.668298877
3.741658500,-2.648164908
3.741862000,-2.640032841
3.742065400,-2.631898873
3.742268900,-2.623766806
3.742472300,-2.603632838
3.742675800,-2.595500770
3.742879200,-2.587366802
3.743082700,-2.567234735
3.743286100,-2.555100767
3.743489600,-2.546968699
3.743693000,-2.526834731
3.743896500,-2.518702664
3.744099900,-2.510568696
3.744303400,-2.498436629
3.744506800,-2.478302661
3.744710300,-2.470170593
3.744913700,-2.458036625
3.745117200,-2.437904558
3.745320600,-2.429770590
3.745524100,-2.417638522
3.745727500,-2.397504554
3.745931000,-2.385372487
3.746134400,-2.377238519
3.746337900,-2.353106452
3.746541300,-2.344972483
3.746744800,-2.332840416
3.746948200,-2.324706448
3.747151700,-2.300574381
3.747355100,-2.292440413
3.747558600,-2.280308345
3.747762000,-2.256174377
3.747965500,-2.248042310
3.748168900,-2.235908342
3.748372400,-2.211776274
3.748575800,-2.203642306
3.748779300,-2.191510239
3.748982700,-2.179376271
3.749186200,-2.155244204
3.749389600,-2.147110236
3.749593100,-2.134978168
3.749796500,-2.110844200
3.750000000,-2.098712133
3.750203500,-2.086580065
3.750406900,-2.062446097
3.750610400,-2.050314030
3.750813800,-2.038180062
3.751017300,-2.030047995
3.751220700,-2.001914027
3.751424200,-1.989781959
3.751627600,-1.977647991
3.751831100,-1.953515924
3.752034500,-1.941381956
3.752238000,-1.929249888
3.752441400,-1.901115920
3.752644900,-1.888983853
3.752848300,-1.876849885
3.753051800,-1.864717817
3.753255200,-1.836583849
3.753458700,-1.824451782
3.753662100,-1.812317814
3.753865600,-1.784185747
3.754069000,-1.772051779
3.754272500,-1.759919711
3.754475900,-1.727785743
3.754679400,-1.715653676
3.754882800,-1.703519708
3.755086300,-1.675387640
3.755289700,-1.659253672
3.755493200,-1.647121605
3.755696600,-1.634987637
3.755900100,-1.602855570
3.756103500,-1.590721601
3.756307000,-1.578589534
3.756510400,-1.546455566
3.756713900,-1.534323499
3.756917300,-1.522189531
3.757120800,-1.490057463
3.757324200,-1.477923495
3.757527700,-1.461791428
3.757731100,-1.449657460
3.757934600,-1.417525392
3.758138000,-1.405391424
3.758341500,-1.389259357
3.758544900,-1.361125389
3.758748400,-1.344993322
3.758951800,-1.332859354
3.759155300,-1.300727286
3.759358700,-1.288593318
3.759562200,-1.272461251
3.759765600,-1.260327283
3.759969100,-1.228195215
3.760172500,-1.216061247
3.760376000,-1.199929180
3.760579400,-1.171795212
3.760782900,-1.155663145
3.760986300,-1.143529176
3.761189800,-1.111397109
3.761393200,-1.099263141
3.761596700,-1.083131074
3.761800100,-1.070997106
3.762003600,-1.038865038
3.762207000,-1.026731070
3.762410500,-1.014599003
3.762613900,-0.982465035
3.762817400,-0.970332967
3.763020800,-0.958198999
3.763224300,-0.926066932
3.763427700,-0.913932964
3.763631200,-0.901800897
3.763834600,-0.869666929
3.764038100,-0.857534861
3.764241500,-0.845400893
3.764445000,-0.833268826
3.764648400,-0.805134858
3.764851900,-0.789002790
3.765055300,-0.776868822
3.765258800,-0.748736755
3.765462200,-0.736602787
3.765665700,-0.724470720
3.765869100,-0.696336751
3.766072600,-0.684204684
3.766276000,-0.672070716
3.766479500,-0.659938649
3.766682900,-0.631804681
3.766886400,-0.619672613
3.767089800,-0.607538645
3.767293300,-0.579406578
3.767496700,-0.567272610
3.767700200,-0.555140542
3.767903600,-0.531006574
3.768107100,-0.518874507
3.768310500,-0.506740539
3.768514000,-0.494608472
3.768717400,-0.466474504
3.768920900,-0.458342436
3.769124300,-0.446208468
3.769327800,-0.418076401
3.769531300,-0.405944333
3.769734700,-0.397810365
3.769938200,-0.369678298
3.770141600,-0.361544330
3.770345100,-0.349412263
3.770548500,-0.337278295
3.770752000,-0.313146227
3.770955400,-0.301012259
3.771158900,-0.288880192
3.771362300,-0.264746224
3.771565800,-0.252614156
3.771769200,-0.244480188
3.771972700,-0.216348121
3.772176100,-0.208214153
3.772379600,-0.196082086
3.772583000,-0.187948117
3.772786500,-0.159816050
3.772989900,-0.151682082
3.773193400,-0.139550015
3.773396800,-0.115416047
3.773600300,-0.107283979
3.773803700,-0.095150011
3.774007200,-0.071017944
3.774210600,-0.058883976
3.774414100,-0.050751908
3.774617500,-0.026617940
3.774821000,-0.014485873
3.775024400,-0.006351905
3.775227900,0.005780162
3.775431300,0.029914130
3.775634800,0.038046198
3.775838200,0.050180166
3.776041700,0.070312233
3.776245100,0.082446201
3.776448600,0.090578269
3.776652000,0.114712237
3.776855500,0.126844304
3.777058900,0.134978272
3.777262400,0.147110339
3.777465800,0.171244308
3.777669300,0.179376375
3.777872700,0.187510343
3.778076200,0.211642410
3.778279600,0.223776378
3.778483100,0.231908446
3.778686500,0.256042414
3.778890000,0.264174481
3.779093400,0.276308449
3.779296900,0.284440517
3.779500300,0.308574485
3.779703800,0.316706552
3.779907200,0.328840520
3.780110700,0.348972587
3.780314100,0.361106555
3.780517600,0.369238623
3.780721000,0.393372591
3.780924500,0.401504658
3.781127900,0.413638626
3.781331400,0.421770694
3.781534800,0.445904662
3.781738300,0.454036729
3.781941700,0.462170697
3.782145200,0.486302764
3.782348600,0.494436733
3.782552100,0.506568800
3.782755500,0.526702768
3.782959000,0.538834835
3.783162400,0.546968803
3.783365900,0.567100871
3.783569300,0.579234839
3.783772800,0.587366906
3.783976200,0.595500874
3.784179700,0.619632942
3.784383100,0.627766910
3.784586600,0.635898977
3.784790000,0.660032945
3.784993500,0.668165012
3.785196900,0.676298980
3.785400400,0.700431048
3.785603800,0.708565016
3.785807300,0.716697083
3.786010700,0.728831051
3.786214200,0.748963119
3.786417600,0.757097087
3.786621100,0.769229154
3.786824500,0.789363122
3.787028000,0.797495189
3.787231400,0.805629158
3.787434900,0.829761225
3.787638300,0.837895193
3.787841800,0.846027260
3.788045200,0.854161228
3.788248700,0.878293296
3.788452100,0.886427264
3.788655600,0.894559331
3.788859000,0.914693299
3.789062500,0.922825367
3.789266000,0.934957434
3.789469400,0.955091402
3.789672900,0.963223469
3.789876300,0.971357437
3.790079800,0.979489505
3.790283200,0.999623473
3.790486700,1.007755540
3.790690100,1.019889508
3.790893600,1.040021576
3.791097000,1.048155544
3.791300500,1.056287611
3.791503900,1.076421579
3.791707400,1.084553646
3.791910800,1.092687614
3.792114300,1.100819682
3.792317700,1.120953650
3.792521200,1.129085717
3.792724600,1.137219685
3.792928100,1.157351753
3.793131500,1.165485721
3.793335000,1.173617788
3.793538400,1.193751756
3.793741900,1.201883824
3.793945300,1.210017792
3.794148800,1.230149859
3.794352200,1.238283827
3.794555700,1.246415894
3.794759100,1.254549862
3.794962600,1.274681930
3.795166000,1.282815898
3.795369500,1.290947965
3.795572900,1.307081933
3.795776400,1.315214001
3.795979800,1.323347969
3.796183300,1.343480036
3.796386700,1.351614004
3.796590200,1.359746071
3.796793600,1.367880040
3.796997100,1.384012107
3.797200500,1.392146075
3.797404000,1.400278142
3.797607400,1.420412110
3.797810900,1.428544178
3.798014300,1.432678146
3.798217800,1.452810213
3.798421200,1.460944181
3.798624700,1.469076249
3.798828100,1.473210217
3.799031600,1.493342284
3.799235000,1.501476252
3.799438500,1.505608319
3.799641900,1.525742287
3.799845400,1.533874355
3.800048800,1.538008323
3.800252300,1.558140390
3.800455700,1.566274358
3.800659200,1.570406426
3.800862600,1.578540394
3.801066100,1.598672461
3.801269500,1.602806429
3.801473000,1.610938496
3.801676400,1.631072465
3.801879900,1.635204532
3.802083300,1.643338500
3.802286800,1.659470567
3.802490200,1.667604535
3.802693700,1.675736603
3.802897100,1.691870571
3.803100600,1.700002638
3.803304000,1.704136606
3.803507500,1.712268674
3.803710900,1.728402642
3.803914400,1.736534709
3.804117800,1.744668677
3.804321300,1.760800744
3.804524700,1.768934712
3.804728200,1.773066780
3.804931600,1.789200748
3.805135100,1.797332815
3.805338500,1.805466783
3.805542000,1.809598851
3.805745400,1.829732819
3.805948900,1.833864886
3.806152300,1.841998854
3.806355800,1.858130921
3.806559200,1.866264890
3.806762700,1.870396957
3.806966100,1.886530925
3.807169600,1.894662992
3.807373000,1.902796960
3.807576500,1.906929028
3.807779900,1.923062996
3.807983400,1.931195063
3.808186800,1.939329031
3.808390300,1.955461099
3.808593800,1.959593166
3.808797200,1.967727134
3.809000700,1.983859201
3.809204100,1.991993169
3.809407600,1.996125237
3.809611000,2.004259205
3.809814500,2.020391272
3.810017900,2.028525240
3.810221400,2.032657308
3.810424800,2.048791276
3.810628300,2.056923343
3.810831700,2.061057311
3.811035200,2.077189378
3.811238600,2.085323346
3.811442100,2.093455414
3.811645500,2.109589382
3.811849000,2.113721449
3.812052400,2.121855417
3.812255900,2.125987485
3.812459300,2.146121453
3.812662800,2.150253520
3.812866200,2.158387488
3.813069700,2.174519555
3.813273100,2.178653524
3.813476600,2.186785591
3.813680000,2.202919559
3.813883500,2.211051626
3.814086900,2.215185594
3.814290400,2.223317662
3.814493800,2.239451630
3.814697300,2.243583697
3.814900700,2.251717665
3.815104200,2.267849733
3.815307600,2.275983701
3.815511100,2.280115768
3.815714500,2.296249736
3.815918000,2.304381803
3.816121400,2.312515771
3.816324900,2.316647839
3.816528300,2.332781807
3.816731800,2.340913874
3.816935200,2.345047842
3.817138700,2.361179910
3.817342100,2.369313878
3.817545600,2.377445945
3.817749000,2.393579913
3.817952500,2.397711980
3.818155900,2.405845949
3.818359400,2.409978016
3.818562800,2.430111984
3.818766300,2.434244051
3.818969700,2.442378019
3.819173200,2.458510087
3.819376600,2.466644055
3.819580100,2.470776122
3.819783500,2.486910090
3.819987000,2.495042158
3.820190400,2.499176126
3.820393900,2.507308193
3.820597300,2.523442161
3.820800800,2.531574228
3.821004200,2.535708196
3.821207700,2.551840264
3.821411100,2.559974232
3.821614600,2.568106299
3.821818000,2.584240267
3.822021500,2.588372335
3.822224900,2.596506303
3.822428400,2.612638370
3.822631800,2.616772338
3.822835300,2.624904405
3.823038700,2.633038374
3.823242200,2.649170441
3.823445600,2.653304409
3.823649100,2.661436476
3.823852500,2.677570444
3.824056000,2.681702512
3.824259400,2.689836480
3.824462900,2.705968547
3.824666300,2.710102515
3.824869800,2.718234583
3.825073200,2.722368551
3.825276700,2.738500618
3.825480100,2.746634586
3.825683600,2.750766653
3.825887000,2.766900621
3.826090500,2.775032689
3.826293900,2.779166657
3.826497400,2.795298724
3.826700800,2.803432692
3.826904300,2.807564760
3.827107700,2.811698728
3.827311200,2.827830795
3.827514600,2.835964763
3.827718100,2.840096830
3.827921500,2.856230799
3.828125000,2.860362866
3.828328500,2.868494933
3.828531900,2.884628901
3.828735400,2.888760969
3.828938800,2.892894937
3.829142300,2.901027004
3.829345700,2.913160972
3.829549200,2.921293040
3.829752600,2.925427008
3.829956100,2.941559075
3.830159500,2.945693043
3.830363000,2.953825110
3.830566400,2.965959078
3.830769900,2.974091146
3.830973300,2.978225114
3.831176800,2.994357181
3.831380200,2.998491149
3.831583700,3.002623217
3.831787100,3.010757185
3.831990600,3.022889252
3.832194000,3.031023220
3.832397500,3.035155287
3.832600900,3.051289256
3.832804400,3.055421323
3.833007800,3.059555291
3.833211300,3.075687358
3.833414700,3.079821326
3.833618200,3.083953394
3.833821600,3.092087362
3.834025100,3.104219429
3.834228500,3.112353397
3.834432000,3.116485465
3.834635400,3.132619433
3.834838900,3.136751500
3.835042300,3.140885468
3.835245800,3.157017535
3.835449200,3.161151503
3.835652700,3.165283571
3.835856100,3.173417539
3.836059600,3.185549606
3.836263000,3.189683574
3.836466500,3.197815642
3.836669900,3.209949610
3.836873400,3.218081677
3.837076800,3.222215645
3.837280300,3.234347712
3.837483700,3.242481681
3.837687200,3.246613748
3.837890600,3.250747716
3.838094100,3.266879783
3.838297500,3.271013751
3.838501000,3.275145819
3.838704400,3.291279787
3.838907900,3.295411854
3.839111300,3.299545822
3.839314800,3.315677890
3.839518200,3.319811858
3.839721700,3.323943925
3.839925100,3.340077893
3.840128600,3.344209960
3.840332000,3.348343928
3.840535500,3.352475996
3.840738900,3.368609964
3.840942400,3.372742031
3.841145800,3.376875999
3.841349300,3.389008067
3.841552700,3.393142035
3.841756200,3.401274102
3.841959600,3.413408070
3.842163100,3.417540137
3.842366500,3.421674106
3.842570000,3.425806173
3.842773400,3.441940141
3.842976900,3.446072208
3.843180300,3.450206176
3.843383800,3.462338244
3.843587200,3.466472212
3.843790700,3.470604279
3.843994100,3.482738247
3.844197600,3.486870315
3.844401000,3.491004283
3.844604500,3.499136350
3.844807900,3.511270318
3.845011400,3.515402385
3.845214800,3.519536353
3.845418300,3.531668421
3.845621700,3.535802389
3.845825200,3.539934456
3.846028600,3.552068424
3.846232100,3.556200492
3.846435500,3.560334460
3.846639000,3.560466527
3.846842400,3.572600495
3.847045900,3.576732562
3.847249300,3.580866531
3.847452800,3.592998598
3.847656300,3.597130665
3.847859700,3.601264633
3.848063200,3.609396701
3.848266600,3.613530669
3.848470100,3.617662736
3.848673500,3.621796704
3.848877000,3.633928771
3.849080400,3.634062740
3.849283900,3.638194807
3.849487300,3.650328775
3.849690800,3.650460842
3.849894200,3.654594810
3.850097700,3.666726878
3.850301100,3.666860846
3.850504600,3.670992913
3.850708000,3.683126881
3.850911500,3.683258949
3.851114900,3.687392917
3.851318400,3.691524984
3.851521800,3.699658952
3.851725300,3.703791019
3.851928700,3.703924987
3.852132200,3.716057055
3.852335600,3.716191023
3.852539100,3.720323090
3.852742500,3.728457058
3.852946000,3.732589126
3.853149400,3.732723094
3.853352900,3.736855161
3.853556300,3.744989129
3.853759800,3.749121196
3.853963200,3.749255165
3.854166700,3.761387232
3.854370100,3.761521200
3.854573600,3.765653267
3.854777000,3.773787235
3.854980500,3.777919303
3.855183900,3.778053271
3.855387400,3.782185338
3.855590800,3.790319306
3.855794300,3.794451374
3.855997700,3.794585342
3.856201200,3.806717409
3.856404600,3.806851377
3.856608100,3.810983444
3.856811500,3.823117412
3.857015000,3.823249480
3.857218400,3.827383448
3.857421900,3.831515515
3.857625300,3.839649483
3.857828800,3.843781551
3.858032200,3.847915519
3.858235700,3.856047586
3.858439100,3.860181554
3.858642600,3.864313621
3.858846000,3.876447590
3.859049500,3.880579657
3.859252900,3.884713625
3.859456400,3.892845692
3.859659800,3.896979660
3.859863300,3.901111728
3.860066700,3.905245696
3.860270200,3.917377763
3.860473600,3.921511731
3.860677100,3.925643799
3.860880500,3.937777767
3.861084000,3.945909834
3.861287400,3.950043802
3.861490900,3.962175869
3.861694300,3.966309837
3.861897800,3.970441905
3.862101200,3.974575873
3.862304700,3.990707940
3.862508100,3.994841908
3.862711600,3.998973976
3.862915000,4.011107944
3.863118500,4.019240011
3.863321900,4.023373979
3.863525400,4.035506046
3.863728800,4.043640015
3.863932300,4.047772082
3.864135700,4.051906050
3.864339200,4.068038117
3.864542600,4.072172085
3.864746100,4.076304153
3.864949500,4.092438121
3.865153000,4.096570188
3.865356400,4.104704156
3.865559900,4.116836224
3.865763300,4.124970192
3.865966800,4.129102259
3.866170200,4.133236227
3.866373700,4.149368294
3.866577100,4.153502262
3.866780600,4.161634330
3.866984000,4.173768298
3.867187500,4.181900365
3.867391000,4.186032433
3.867594400,4.202166401
3.867797900,4.206298468
3.868001300,4.210432436
3.868204800,4.218564503
3.868408200,4.230698471
3.868611700,4.238830539
3.868815100,4.242964507
3.869018600,4.259096574
3.869222000,4.263230542
3.869425500,4.267362610
3.869628900,4.283496578
3.869832400,4.287628645
3.870035800,4.291762613
3.870239300,4.307894681
3.870442700,4.312028649
3.870646200,4.320160716
3.870849600,4.324294684
3.871053100,4.340426751
3.871256500,4.344560719
3.871460000,4.348692787
3.871663400,4.364826755
3.871866900,4.368958822
3.872070300,4.373092790
3.872273800,4.389224858
3.872477200,4.393358826
3.872680700,4.401490893
3.872884100,4.405624861
3.873087600,4.421756928
3.873291000,4.425890897
3.873494500,4.430022964
3.873697900,4.446156932
3.873901400,4.450288999
3.874104800,4.458422967
3.874308300,4.470555035
3.874511700,4.478689003
3.874715200,4.482821070
3.874918600,4.490955038
3.875122100,4.503087106
3.875325500,4.511221074
3.875529000,4.515353141
3.875732400,4.531487109
3.875935900,4.539619176
3.876139300,4.543753144
3.876342800,4.559885212
3.876546200,4.568019180
3.876749700,4.572151247
3.876953100,4.576285215
3.877156600,4.596417283
3.877360000,4.600551251
3.877563500,4.608683318
3.877766900,4.624817286
3.877970400,4.628949353
3.878173800,4.637083322
3.878377300,4.653215389
3.878580700,4.657349357
3.878784200,4.665481424
3.878987600,4.681615392
3.879191100,4.689747460
3.879394500,4.693881428
3.879598000,4.702013495
3.879801400,4.718147463
3.880004900,4.726279531
3.880208300,4.730413499
3.880411800,4.750545566
3.880615200,4.754679534
3.880818700,4.762811601
3.881022100,4.778945569
3.881225600,4.787077637
3.881429000,4.791211605
3.881632500,4.799343672
3.881835900,4.815477640
3.882039400,4.823609708
3.882242800,4.827743676
3.882446300,4.847875743
3.882649700,4.852009711
3.882853200,4.860141778
3.883056600,4.876275747
3.883260100,4.880407814
3.883463500,4.888541782
3.883667000,4.896673849
3.883870400,4.912807817
3.884073900,4.916939885
3.884277300,4.925073853
3.884480800,4.941205920
3.884684200,4.945339888
3.884887700,4.953471956
3.885091100,4.969605924
3.885294600,4.977737991
3.885498000,4.981871959
3.885701500,4.990004026
3.885904900,5.006137994
3.886108400,5.010270062
3.886311800,5.014404030
3.886515300,5.030536097
3.886718800,5.038668165
3.886922200,5.042802133
3.887125700,5.058934200
3.887329100,5.067068168
3.887532600,5.071200235
3.887736000,5.087334203
3.887939500,5.091466271
3.888142900,5.099600239
3.888346400,5.103732306
3.888549800,5.119866274
3.888753300,5.123998342
3.888956700,5.132132310
3.889160200,5.144264377
3.889363600,5.152398345
3.889567100,5.156530412
3.889770500,5.172664381
3.889974000,5.176796448
3.890177400,5.184930416
3.890380900,5.189062483
3.890584300,5.205196451
3.890787800,5.209328519
3.890991200,5.217462487
3.891194700,5.229594554
3.891398100,5.237728522
3.891601600,5.241860590
3.891805000,5.257994558
3.892008500,5.262126625
3.892211900,5.270260593
3.892415400,5.274392660
3.892618800,5.290526628
3.892822300,5.294658696
3.893025700,5.302792664
3.893229200,5.314924731
3.893432600,5.323058699
3.893636100,5.327190767
3.893839500,5.343324735
3.894043000,5.351456802
3.894246400,5.355590770
3.894449900,5.359722837
3.894653300,5.375856806
3.894856800,5.383988873
3.895060200,5.388122841
3.895263700,5.404254908
3.895467100,5.412388876
3.895670600,5.416520944
3.895874000,5.432654912
3.896077500,5.440786979
3.896280900,5.444920947
3.896484400,5.453053015
3.896687800,5.469186983
3.896891300,5.473319050
3.897094700,5.481453018
3.897298200,5.497585085
3.897501600,5.501719053
3.897705100,5.509851121
3.897908500,5.525985089
3.898112000,5.530117156
3.898315400,5.538251124
3.898518900,5.554383192
3.898722300,5.562517160
3.898925800,5.566649227
3.899129200,5.574783195
3.899332700,5.590915262
3.899536100,5.595049231
3.899739600,5.603181298
3.899943000,5.619315266
3.900146500,5.623447333
3.900349900,5.631581301
3.900553400,5.647713369
3.900756800,5.655847337
3.900960300,5.659979404
3.901163700,5.668113372
3.901367200,5.684245440
3.901570600,5.688379408
3.901774100,5.696511475
3.901977500,5.712645443
3.902181000,5.720777510
3.902384400,5.724911478
3.902587900,5.741043546
3.902791300,5.749177514
3.902994800,5.753309581
3.903198200,5.761443549
3.903401700,5.777575617
3.903605100,5.781709585
3.903808600,5.789841652
3.904012000,5.805975620
3.904215500,5.810107687
3.904418900,5.818241656
3.904622400,5.834373723
3.904825800,5.838507691
3.905029300,5.846639758
3.905232700,5.850773726
3.905436200,5.866905794
3.905639600,5.871039762
3.905843100,5.879171829
3.906046500,5.895305797
3.906250000,5.899437865
3.906453500,5.903569932
3.906656900,5.919703900
3.906860400,5.927835967
3.907063800,5.931969935
3.907267300,5.948102003
3.907470700,5.952235971
3.907674200,5.956368038
3.907877600,5.964502006
3.908081100,5.976634074
3.908284500,5.984768042
3.908488000,5.988900109
3.908691400,6.001034077
3.908894900,6.009166144
3.909098300,6.013300112
3.909301800,6.025432180
3.909505200,6.033566148
3.909708700,6.037698215
3.909912100,6.041832183
3.910115600,6.053964251
3.910319000,6.062098219
3.910522500,6.066230286
3.910725900,6.078364254
3.910929400,6.082496322
3.911132800,6.086630290
3.911336300,6.102762357
3.911539700,6.106896325
3.911743200,6.111028392
3.911946600,6.115162360
3.912150100,6.127294428
3.912353500,6.131428396
3.912557000,6.139560463
3.912760400,6.151694431
3.912963900,6.155826499
3.913167300,6.159960467
3.913370800,6.172092534
3.913574200,6.176226502
3.913777700,6.180358569
3.913981100,6.184492538
3.914184600,6.196624605
3.914388000,6.200758573
3.914591500,6.204890640
3.914794900,6.217024608
3.914998400,6.221156676
3.915201800,6.225290644
3.915405300,6.237422711
3.915608700,6.241556679
3.915812200,6.245688747
3.916015600,6.249822715
3.916219100,6.261954782
3.916422500,6.266088750
3.916626000,6.270220817
3.916829400,6.282354785
3.917032900,6.286486853
3.917236300,6.290620821
3.917439800,6.298752888
3.917643200,6.302886856
3.917846700,6.307018924
3.918050100,6.319152892
3.918253600,6.323284959
3.918457000,6.327418927
3.918660500,6.331550994
3.918863900,6.343684963
3.919067400,6.347817030
3.919270800,6.347950998
3.919474300,6.360083065
3.919677700,6.364217033
3.919881200,6.368349101
3.920084600,6.380483069
3.920288100,6.384615136
3.920491500,6.384749104
3.920695000,6.388881172
3.920898400,6.401015140
3.921101900,6.405147207
3.921305300,6.409281175
3.921508800,6.417413242
3.921712200,6.421547210
3.921915700,6.425679278
3.922119100,6.433813246
3.922322600,6.437945313
3.922526000,6.442079281
3.922729500,6.446211349
3.922932900,6.454345317
3.923136400,6.458477384
3.923339800,6.462611352
3.923543300,6.474743419
3.923746700,6.474877388
3.923950200,6.479009455
3.924153600,6.491143423
3.924357100,6.491275490
3.924560500,6.495409458
3.924764000,6.499541526
3.924967400,6.507675494
3.925170900,6.511807561
3.925374300,6.515941529
3.925577800,6.524073597
3.925781300,6.528205664
3.925984700,6.528339632
3.926188200,6.540471699
3.926391600,6.540605667
3.926595100,6.544737735
3.926798500,6.552871703
3.927002000,6.557003770
3.927205400,6.561137738
3.927408900,6.561269806
3.927612300,6.573403774
3.927815800,6.573535841
3.928019200,6.577669809
3.928222700,6.585801876
3.928426100,6.589935844
3.928629600,6.590067912
3.928833000,6.598201880
3.929036500,6.602333947
3.929239900,6.606467915
3.929443400,6.606599983
3.929646800,6.614733951
3.929850300,6.618866018
3.930053700,6.618999986
3.930257200,6.627132053
3.930460600,6.631266022
3.930664100,6.631398089
3.930867500,6.639532057
3.931071000,6.643664124
3.931274400,6.643798092
3.931477900,6.647930160
3.931681300,6.652064128
3.931884800,6.656196195
3.932088200,6.656330163
3.932291700,6.664462231
3.932495100,6.668596199
3.932698600,6.668728266
3.932902000,6.676862234
3.933105500,6.676994301
3.933308900,6.681128269
3.933512400,6.681260337
3.933715800,6.689394305
3.933919300,6.689526372
3.934122700,6.693660340
3.934326200,6.697792408
3.934529600,6.701926376
3.934733100,6.702058443
3.934936500,6.710192411
3.935140000,6.710324478
3.935343400,6.710458447
3.935546900,6.718590514
3.935750300,6.718724482
3.935953800,6.722856549
3.936157200,6.722990517
3.936360700,6.731122585
3.936564100,6.731256553
3.936767600,6.731388620
3.936971000,6.739522588
3.937174500,6.739654656
3.937377900,6.739788624
3.937581400,6.747920691
3.937784800,6.748054659
3.937988300,6.748186726
3.938191700,6.752320694
3.938395200,6.756452762
3.938598600,6.756586730
3.938802100,6.760718797
3.939005500,6.764852765
3.939209000,6.764984833
3.939412400,6.769118801
3.939615900,6.773250868
3.939819300,6.773384836
3.940022800,6.777516903
3.940226200,6.777650872
3.940429700,6.781782939
3.940633100,6.785916907
3.940836600,6.786048974
3.941040000,6.790182942
3.941243500,6.794315010
3.941446900,6.794448978
3.941650400,6.798581045
3.941853800,6.798715013
3.942057300,6.802847081
3.942260700,6.802981049
3.942464200,6.807113116
3.942667600,6.811247084
3.942871100,6.811379151
3.943074500,6.815513119
3.943278000,6.815645187
3.943481400,6.815779155
3.943684900,6.823911222
3.943888300,6.824045190
3.944091800,6.824177258
3.944295200,6.824311226
3.944498700,6.832443293
3.944702100,6.832577261
3.944905600,6.832709328
3.945109000,6.840843297
3.945312500,6.840975364
3.945516000,6.841107431
3.945719400,6.845241399
3.945922900,6.845373467
3.946126300,6.849507435
3.946329800,6.853639502
3.946533200,6.853773470
3.946736700,6.853905538
3.946940100,6.854039506
3.947143600,6.862171573
3.947347000,6.862305541
3.947550500,6.862437608
3.947753900,6.866571576
3.947957400,6.866703644
3.948160800,6.870837612
3.948364300,6.874969679
3.948567700,6.875103647
3.948771200,6.875235715
3.948974600,6.875369683
3.949178100,6.883501750
3.949381500,6.883635718
3.949585000,6.883767785
3.949788400,6.887901753
3.949991900,6.892033821
3.950195300,6.892167789
3.950398800,6.896299856
3.950602200,6.896433824
3.950805700,6.896565892
3.951009100,6.900699860
3.951212600,6.904831927
3.951416000,6.904965895
3.951619500,6.905097963
3.951822900,6.913231931
3.952026400,6.913363998
3.952229800,6.913497966
3.952433300,6.921630033
3.952636700,6.921764001
3.952840200,6.921896069
3.953043600,6.922030037
3.953247100,6.930162104
3.953450500,6.930296072
3.953654000,6.930428140
3.953857400,6.938562108
3.954060900,6.938694175
3.954264300,6.938828143
3.954467800,6.946960210
3.954671200,6.947094179
3.954874700,6.947226246
3.955078100,6.955360214
3.955281600,6.955492281
3.955485000,6.955626249
3.955688500,6.955758317
3.955891900,6.963892285
3.956095400,6.964024352
3.956298800,6.968158320
3.956502300,6.972290388
3.956705700,6.976424356
3.956909200,6.976556423
3.957112600,6.980690391
3.957316100,6.984822458
3.957519500,6.984956426
3.957723000,6.985088494
3.957926400,6.993222462
3.958129900,6.993354529
3.958333300,6.997488497
3.958536800,7.001620565
3.958740200,7.005754533
3.958943700,7.005886600
3.959147100,7.014020568
3.959350600,7.014152635
3.959554000,7.014286604
3.959757500,7.018418671
3.959960900,7.022552639
3.960164400,7.026684706
3.960367800,7.026818674
3.960571300,7.034950742
3.960774700,7.035084710
3.960978200,7.035216777
3.961181600,7.043350745
3.961385100,7.043482813
3.961588500,7.047616781
3.961792000,7.047748848
3.961995400,7.055882816
3.962198900,7.056014883
3.962402300,7.056148851
3.962605800,7.064280919
3.962809200,7.064414887
3.963012700,7.068546954
3.963216100,7.072680922
3.963419600,7.076812990
3.963623000,7.076946958
3.963826500,7.081079025
3.964029900,7.085212993
3.964233400,7.089345060
3.964436800,7.089479029
3.964640300,7.097611096
3.964843800,7.097743163
3.965047200,7.097877131
3.965250700,7.106009199
3.965454100,7.110143167
3.965657600,7.110275234
3.965861000,7.118409202
3.966064500,7.118541269
3.966267900,7.118675238
3.966471400,7.122807305
3.966674800,7.130941273
3.966878300,7.131073340
3.967081700,7.131207308
3.967285200,7.139339376
3.967488600,7.139473344
3.967692100,7.143605411
3.967895500,7.151739379
3.968099000,7.151871447
3.968302400,7.152005415
3.968505900,7.156137482
3.968709300,7.164271450
3.968912800,7.164403517
3.969116200,7.168537485
3.969319700,7.172669553
3.969523100,7.176803521
3.969726600,7.176935588
3.969930000,7.185069556
3.970133500,7.189201624
3.970336900,7.189335592
3.970540400,7.189467659
3.970743800,7.197601627
3.970947300,7.201733694
3.971150700,7.201867663
3.971354200,7.209999730
3.971557600,7.214133698
3.971761100,7.214265765
3.971964500,7.222399733
3.972168000,7.226531801
3.972371400,7.226665769
3.972574900,7.230797836
3.972778300,7.238931804
3.972981800,7.239063872
3.973185200,7.243197840
3.973388700,7.251329907
3.973592100,7.251463875
3.973795600,7.255595942
3.973999000,7.263729910
3.974202500,7.267861978
3.974405900,7.267995946
3.974609400,7.276128013
3.974812800,7.280261981
3.975016300,7.280394049
3.975219700,7.284528017
3.975423200,7.292660084
3.975626600,7.296794052
3.975830100,7.296926119
3.976033500,7.309060088
3.976237000,7.309192155
3.976440400,7.313326123
3.976643900,7.321458190
3.976847300,7.325592158
3.977050800,7.325724226
3.977254200,7.329858194
3.977457700,7.337990261
3.977661100,7.342124229
3.977864600,7.346256297
3.978068000,7.354390265
3.978271500,7.358522332
3.978474900,7.358656300
3.978678400,7.370788367
3.978881800,7.370922335
3.979085300,7.375054403
3.979288700,7.379188371
3.979492200,7.387320438
3.979695600,7.391454406
3.979899100,7.395586474
3.980102500,7.403720442
3.980306000,7.407852509
3.980509400,7.407986477
3.980712900,7.420118544
3.980916300,7.424252513
3.981119800,7.424384580
3.981323200,7.428518548
3.981526700,7.440650615
3.981730100,7.440784583
3.981933600,7.444916651
3.982137000,7.457050619
3.982340500,7.457182686
3.982543900,7.461316654
3.982747400,7.473448722
3.982950800,7.477582690
3.983154300,7.477714757
3.983357700,7.489848725
3.983561200,7.493980792
3.983764600,7.498114760
3.983968100,7.498246828
3.984171500,7.510380796
3.984375000,7.514512863
3.984578500,7.518644931
3.984781900,7.526778899
3.984985400,7.530910966
3.985188800,7.535044934
3.985392300,7.547177001
3.985595700,7.551310969
3.985799200,7.555443037
3.986002600,7.559577005
3.986206100,7.567709072
3.986409500,7.571843040
3.986613000,7.575975108
3.986816400,7.588109076
3.987019900,7.592241143
3.987223300,7.596375111
3.987426800,7.608507179
3.987630200,7.612641147
3.987833700,7.616773214
3.988037100,7.620907182
3.988240600,7.633039249
3.988444000,7.637173217
3.988647500,7.641305285
3.988850900,7.653439253
3.989054400,7.657571320
3.989257800,7.661705288
3.989461300,7.673837356
3.989664700,7.677971324
3.989868200,7.682103391
3.990071600,7.686237359
3.990275100,7.698369426
3.990478500,7.702503395
3.990682000,7.706635462
3.990885400,7.718769430
3.991088900,7.722901497
3.991292300,7.727035465
3.991495800,7.739167533
3.991699200,7.747301501
3.991902700,7.751433568
3.992106100,7.755567536
3.992309600,7.767699604
3.992513000,7.771833572
3.992716500,7.775965639
3.992919900,7.788099607
3.993123400,7.796231674
3.993326800,7.800365642
3.993530300,7.812497710
3.993733700,7.816631678
3.993937200,7.820763745
3.994140600,7.832897713
3.994344100,7.841029781
3.994547500,7.845163749
3.994751000,7.849295816
3.994954400,7.861429784
3.995157900,7.865561851
3.995361300,7.869695820
3.995564800,7.885827887
3.995768200,7.889961855
3.995971700,7.894093922
3.996175100,7.906227890
3.996378600,7.910359958
3.996582000,7.914493926
3.996785500,7.918625993
3.996988900,7.934759961
3.997192400,7.938892029
3.997395800,7.943025997
3.997599300,7.955158064
3.997802700,7.959292032
3.998006200,7.963424099
3.998209600,7.979558067
3.998413100,7.983690135
3.998616500,7.987824103
3.998820000,7.991956170
3.999023400,8.004090138
3.999226900,8.008222206
3.999430300,8.016356174
3.999633800,8.028488241
3.999837200,8.032622209
4.000040700,8.036754276
4.000244100,8.048888245
4.000447600,8.053020312
4.000651000,8.061154280
4.000854500,8.065286347
4.001057900,8.077420315
4.001261400,8.081552383
4.001464800,8.085686351
4.001668300,8.097818418
4.001871700,8.101952386
4.002075200,8.110084454
4.002278600,8.122218422
4.002482100,8.126350489
4.002685500,8.130484457
4.002889000,8.142616524
4.003092400,8.146750492
4.003295900,8.150882560
4.003499300,8.155016528
4.003702800,8.171148595
4.003906300,8.175280663
4.004109700,8.179414631
4.004313200,8.191546698
4.004516600,8.195680666
4.004720100,8.199812733
4.004923500,8.215946701
4.005127000,8.220078769
4.005330400,8.224212737
4.005533900,8.228344804
4.005737300,8.240478772
4.005940800,8.244610840
4.006144200,8.248744808
4.006347700,8.264876875
4.006551100,8.269010843
4.006754600,8.273142910
4.006958000,8.285276879
4.007161500,8.289408946
4.007364900,8.293542914
4.007568400,8.301674981
4.007771800,8.313808949
4.007975300,8.317941017
4.008178700,8.322074985
4.008382200,8.334207052
4.008585600,8.338341020
4.008789100,8.346473088
4.008992500,8.358607056
4.009196000,8.362739123
4.009399400,8.366873091
4.009602900,8.371005158
4.009806300,8.383139126
4.010009800,8.391271194
4.010213200,8.395405162
4.010416700,8.407537229
4.010620100,8.411671197
4.010823600,8.415803265
4.011027000,8.427937233
4.011230500,8.436069300
4.011433900,8.440203268
4.011637400,8.452335335
4.011840800,8.456469304
4.012044300,8.460601371
4.012247700,8.464735339
4.012451200,8.476867406
4.012654600,8.485001374
4.012858100,8.489133442
4.013061500,8.501267410
4.013265000,8.505399477
4.013468400,8.509533445
4.013671900,8.521665513
4.013875300,8.525799481
4.014078800,8.533931548
4.014282200,8.538065516
4.014485700,8.550197583
4.014689100,8.554331551
4.014892600,8.558463619
4.015096000,8.570597587
4.015299500,8.574729654
4.015502900,8.578863622
4.015706400,8.590995690
4.015909800,8.595129658
4.016113300,8.599261725
4.016316700,8.607395693
4.016520200,8.619527760
4.016723600,8.623661729
4.016927100,8.627793796
4.017130500,8.639927764
4.017334000,8.644059831
4.017537400,8.648193799
4.017740900,8.660325867
4.017944300,8.664459835
4.018147800,8.668591902
4.018351200,8.672725870
4.018554700,8.684857938
4.018758100,8.688991906
4.018961600,8.693123973
4.019165000,8.705257941
4.019368500,8.709390008
4.019571900,8.713523976
4.019775400,8.725656044
4.019978800,8.729790012
4.020182300,8.733922079
4.020385700,8.738056047
4.020589200,8.750188115
4.020792600,8.754322083
4.020996100,8.758454150
4.021199500,8.770588118
4.021403000,8.774720185
4.021606400,8.774854154
4.021809900,8.786986221
4.022013300,8.791120189
4.022216800,8.795252256
4.022420200,8.807386224
4.022623700,8.811518292
4.022827100,8.815652260
4.023030600,8.819784327
4.023234000,8.831918295
4.023437500,8.832050363
4.023641000,8.836182430
4.023844400,8.848316398
4.024047900,8.852448465
4.024251300,8.856582433
4.024454800,8.868714501
4.024658200,8.872848469
4.024861700,8.872980536
4.025065100,8.877114504
4.025268600,8.889246572
4.025472000,8.893380540
4.025675500,8.897512607
4.025878900,8.905646575
4.026082400,8.909778642
4.026285800,8.913912610
4.026489300,8.926044678
4.026692700,8.930178646
4.026896200,8.930310713
4.027099600,8.934444681
4.027303100,8.946576749
4.027506500,8.950710717
4.027710000,8.950842784
4.027913400,8.962976752
4.028116900,8.967108820
4.028320300,8.971242788
4.028523800,8.979374855
4.028727200,8.983508823
4.028930700,8.987640890
4.029134100,8.991774858
4.029337600,8.999906926
4.029541000,9.004040894
4.029744500,9.008172961
4.029947900,9.016306929
4.030151400,9.020438997
4.030354800,9.024572965
4.030558300,9.032705032
4.030761700,9.036839000
4.030965200,9.040971067
4.031168600,9.053105036
4.031372100,9.053237103
4.031575500,9.057371071
4.031779000,9.061503138
4.031982400,9.069637106
4.032185900,9.073769174
4.032389300,9.077903142
4.032592800,9.086035209
4.032796200,9.090169177
4.032999700,9.094301245
4.033203100,9.102435213
4.033406600,9.106567280
4.033610000,9.110701248
4.033813500,9.114833315
4.034016900,9.122967283
4.034220400,9.127099351
4.034423800,9.131233319
4.034627300,9.139365386
4.034830700,9.143499354
4.035034200,9.147631422
4.035237600,9.155765390
4.035441100,9.159897457
4.035644500,9.164031425
4.035848000,9.168163492
4.036051400,9.176297461
4.036254900,9.180429528
4.036458300,9.184563496
4.036661800,9.192695563
4.036865200,9.196829531
4.037068700,9.200961599
4.037272100,9.209095567
4.037475600,9.213227634
4.037679000,9.217361602
4.037882500,9.221493670
4.038085900,9.229627638
4.038289400,9.233759705
4.038492800,9.237893673
4.038696300,9.246025740
4.038899700,9.250159708
4.039103200,9.254291776
4.039306600,9.262425744
4.039510100,9.266557811
4.039713500,9.270691779
4.039917000,9.274823847
4.040120400,9.282957815
4.040323900,9.287089882
4.040527300,9.291223850
4.040730800,9.299355917
4.040934200,9.303489886
4.041137700,9.307621953
4.041341100,9.315755921
4.041544600,9.319887988
4.041748000,9.324021956
4.041951500,9.332154024
4.042154900,9.336287992
4.042358400,9.340420059
4.042561800,9.344554027
4.042765300,9.352686095
4.042968800,9.356818162
4.043172200,9.356952130
4.043375700,9.369084197
4.043579100,9.373218165
4.043782600,9.373350233
4.043986000,9.385484201
4.044189500,9.385616268
4.044392900,9.389750236
4.044596400,9.393882304
4.044799800,9.402016272
4.045003300,9.406148339
4.045206700,9.406282307
4.045410200,9.418414374
4.045613600,9.418548342
4.045817100,9.422680410
4.046020500,9.430814378
4.046224000,9.434946445
4.046427400,9.439080413
4.046630900,9.439212481
4.046834300,9.451346449
4.047037800,9.451478516
4.047241200,9.455612484
4.047444700,9.463744551
4.047648100,9.467878520
4.047851600,9.468010587
4.048055000,9.476144555
4.048258500,9.480276622
4.048461900,9.484410590
4.048665400,9.484542658
4.048868800,9.492676626
4.049072300,9.496808693
4.049275700,9.496942661
4.049479200,9.505074729
4.049682600,9.509208697
4.049886100,9.513340764
4.050089500,9.521474732
4.050293000,9.521606799
4.050496400,9.525740767
4.050699900,9.533872835
4.050903300,9.534006803
4.051106800,9.538138870
4.051310200,9.538272838
4.051513700,9.546404906
4.051717100,9.546538874
4.051920600,9.550670941
4.052124000,9.558804909
4.052327500,9.558936976
4.052530900,9.563070945
4.052734400,9.571203012
4.052937800,9.571336980
4.053141300,9.571469047
4.053344700,9.575603015
4.053548200,9.583735083
4.053751600,9.583869051
4.053955100,9.584001118
4.054158500,9.592135086
4.054362000,9.596267154
4.054565400,9.596401122
4.054768900,9.604533189
4.054972300,9.604667157
4.055175800,9.604799224
4.055379200,9.608933192
4.055582700,9.613065260
4.055786100,9.617199228
4.055989600,9.617331295
4.056193000,9.625465263
4.056396500,9.625597331
4.056599900,9.625731299
4.056803400,9.633863366
4.057006800,9.633997334
4.057210300,9.638129401
4.057413700,9.638263370
4.057617200,9.642395437
4.057820600,9.646529405
4.058024100,9.646661472
4.058227500,9.654795440
4.058431000,9.654927508
4.058634400,9.655061476
4.058837900,9.663193543
4.059041300,9.663327511
4.059244800,9.663459579
4.059448200,9.671593547
4.059651700,9.671725614
4.059855100,9.671859582
4.060058600,9.671991649
4.060262000,9.680125617
4.060465500,9.680257685
4.060668900,9.680391653
4.060872400,9.688523720
4.061075800,9.688657688
4.061279300,9.688789756
4.061482700,9.692923724
4.061686200,9.693055791
4.061889600,9.697189759
4.062093100,9.697321826
4.062296500,9.701455795
4.062500000,9.701587862
4.062703500,9.701719929
4.062906900,9.709853897
4.063110400,9.709985965
4.063313800,9.710119933
4.063517300,9.714252000
4.063720700,9.714385968
4.063924200,9.714518036
4.064127600,9.714652004
4.064331100,9.722784071
4.064534500,9.722918039
4.064738000,9.723050106
4.064941400,9.727184074
4.065144900,9.727316142
4.065348300,9.727450110
4.065551800,9.731582177
4.065755200,9.731716145
4.065958700,9.731848213
4.066162100,9.731982181
4.066365600,9.736114248
4.066569000,9.740248216
4.066772500,9.740380283
4.066975900,9.744514251
4.067179400,9.744646319
4.067382800,9.744780287
4.067586300,9.748912354
4.067789700,9.749046322
4.067993200,9.749178390
4.068196600,9.749312358
4.068400100,9.753444425
4.068603500,9.753578393
4.068807000,9.753710461
4.069010400,9.757844429
4.069213900,9.757976496
4.069417300,9.758110464
4.069620800,9.762242531
4.069824200,9.762376499
4.070027700,9.762508567
4.070231100,9.766642535
4.070434600,9.766774602
4.070638000,9.770908570
4.070841500,9.771040638
4.071044900,9.775174606
4.071248400,9.775306673
4.071451800,9.775440641
4.071655300,9.779572708
4.071858700,9.779706677
4.072062200,9.779838744
4.072265600,9.783972712
4.072469100,9.784104779
4.072672500,9.784238747
4.072876000,9.788370815
4.073079400,9.792504783
4.073282900,9.792636850
4.073486300,9.792770818
4.073689800,9.796902886
4.073893200,9.801036854
4.074096700,9.801168921
4.074300100,9.805302889
4.074503600,9.805434956
4.074707000,9.805568924
4.074910500,9.809700992
4.075113900,9.813834960
4.075317400,9.813967027
4.075520800,9.818100995
4.075724300,9.822233063
4.075927700,9.822367031
4.076131200,9.826499098
4.076334600,9.830633066
4.076538100,9.834765133
4.076741500,9.834899102
4.076945000,9.835031169
4.077148400,9.843165137
4.077351900,9.843297204
4.077555300,9.847431172
4.077758800,9.851563240
4.077962200,9.855697208
4.078165700,9.855829275
4.078369100,9.863963243
4.078572600,9.864095311
4.078776000,9.868229279
4.078979500,9.876361346
4.079182900,9.876495314
4.079386400,9.880627381
4.079589800,9.880761349
4.079793300,9.888893417
4.079996700,9.893027385
4.080200200,9.893159452
4.080403600,9.901293420
4.080607100,9.905425488
4.080810500,9.909559456
4.081014000,9.917691523
4.081217400,9.917825491
4.081420900,9.921957558
4.081624300,9.922091527
4.081827800,9.934223594
4.082031300,9.934355661
4.082234700,9.938489629
4.082438200,9.946621697
4.082641600,9.950755665
4.082845100,9.950887732
4.083048500,9.963021700
4.083252000,9.963153767
4.083455400,9.967287736
4.083658900,9.971419803
4.083862300,9.979553771
4.084065800,9.983685838
4.084269200,9.983819806
4.084472700,9.995951874
4.084676100,9.996085842
4.084879600,10.000217909
4.085083000,10.008351877
4.085286500,10.012483945
4.085489900,10.016617913
4.085693400,10.016749980
4.085896800,10.028883948
4.086100300,10.029016015
4.086303700,10.033149983
4.086507200,10.041282051
4.086710600,10.045416019
4.086914100,10.049548086
4.087117500,10.057682054
4.087321000,10.061814122
4.087524400,10.061948090
4.087727900,10.066080157
4.087931300,10.074214125
4.088134800,10.078346192
4.088338200,10.078480161
4.088541700,10.090612228
4.088745100,10.090746196
4.088948600,10.094878263
4.089152000,10.103012231
4.089355500,10.107144299
4.089558900,10.111278267
4.089762400,10.119410334
4.089965800,10.119544302
4.090169300,10.123676370
4.090372700,10.127810338
4.090576200,10.135942405
4.090779600,10.140076373
4.090983100,10.140208440
4.091186500,10.152342408
4.091390000,10.152474476
4.091593400,10.156608444
4.091796900,10.164740511
4.092000300,10.168874479
4.092203800,10.169006547
4.092407200,10.173140515
4.092610700,10.181272582
4.092814100,10.185406550
4.093017600,10.185538617
4.093221000,10.197672586
4.093424500,10.197804653
4.093627900,10.201938621
4.093831400,10.210070688
4.094034800,10.214204656
4.094238300,10.214336724
4.094441700,10.218470692
4.094645200,10.226602759
4.094848600,10.230736727
4.095052100,10.234868795
4.095255500,10.243002763
4.095459000,10.247134830
4.095662400,10.247268798
4.095865900,10.255400865
4.096069300,10.259534833
4.096272800,10.263666901
4.096476200,10.263800869
4.096679700,10.275932936
4.096883100,10.276066904
4.097086600,10.280198972
4.097290000,10.288332940
4.097493500,10.292465007
4.097696900,10.296598975
4.097900400,10.304731042
4.098103800,10.308865011
4.098307300,10.308997078
4.098510700,10.321131046
4.098714200,10.321263113
4.098917600,10.325397081
4.099121100,10.329529149
4.099324500,10.337663117
4.099528000,10.341795184
4.099731400,10.341929152
4.099934900,10.354061220
4.100138300,10.354195188
4.100341800,10.358327255
4.100545200,10.366461223
4.100748700,10.370593290
4.100952100,10.374727258
4.101155600,10.374859326
4.101359000,10.382993294
4.101562500,10.387125361
4.101766000,10.391257429
4.101969400,10.399391397
4.102172900,10.403523464
4.102376300,10.403657432
4.102579800,10.415789499
4.102783200,10.415923467
4.102986700,10.420055535
4.103190100,10.424189503
4.103393600,10.432321570
4.103597000,10.432455538
4.103800500,10.436587606
4.104003900,10.444721574
4.104207400,10.448853641
4.104410800,10.452987609
4.104614300,10.461119677
4.104817700,10.461253645
4.105021200,10.465385712
4.105224600,10.469519680
4.105428100,10.477651747
4.105631500,10.477785715
4.105835000,10.481917783
4.106038400,10.490051751
4.106241900,10.494183818
4.106445300,10.494317786
4.106648800,10.506449854
4.106852200,10.506583822
4.107055700,10.510715889
4.107259100,10.518849857
4.107462600,10.518981924
4.107666000,10.523115892
4.107869500,10.527247960
4.108072900,10.535381928
4.108276400,10.535513995
4.108479800,10.539647963
4.108683300,10.547780031
4.108886700,10.547913999
4.109090200,10.552046066
4.109293600,10.560180034
4.109497100,10.564312102
4.109700500,10.564446070
4.109904000,10.568578137
4.110107400,10.576712105
4.110310900,10.576844172
4.110514300,10.580978140
4.110717800,10.589110208
4.110921200,10.593244176
4.111124700,10.593376243
4.111328100,10.601510211
4.111531600,10.605642279
4.111735000,10.605776247
4.111938500,10.609908314
4.112141900,10.618042282
4.112345400,10.618174349
4.112548800,10.622308318
4.112752300,10.630440385
4.112955700,10.630574353
4.113159200,10.634706420
4.113362600,10.642840388
4.113566100,10.642972456
4.113769500,10.647106424
4.113973000,10.647238491
4.114176400,10.655372459
4.114379900,10.659504527
4.114583300,10.659638495
4.114786800,10.667770562
4.114990200,10.671904530
4.115193700,10.672036597
4.115397100,10.680170565
4.115600600,10.684302633
4.115804000,10.684436601
4.116007500,10.688568668
4.116210900,10.696702636
4.116414400,10.696834704
4.116617800,10.696968672
4.116821300,10.705100739
4.117024700,10.709234707
4.117228200,10.709366774
4.117431600,10.717500743
4.117635100,10.721632810
4.117838500,10.721766778
4.118042000,10.729898845
4.118245400,10.730032813
4.118448900,10.734164881
4.118652300,10.734298849
4.118855800,10.742430916
4.119059200,10.746564884
4.119262700,10.746696952
4.119466100,10.754830920
4.119669600,10.754962987
4.119873000,10.759096955
4.120076500,10.763229022
4.120279900,10.767362990
4.120483400,10.767495058
4.120686800,10.771629026
4.120890300,10.775761093
4.121093800,10.779893161
4.121297200,10.780027129
4.121500700,10.788159196
4.121704100,10.788293164
4.121907600,10.792425231
4.122111000,10.796559199
4.122314500,10.800691267
4.122517900,10.800825235
4.122721400,10.800957302
4.122924800,10.809091270
4.123128300,10.809223338
4.123331700,10.813357306
4.123535200,10.817489373
4.123738600,10.821623341
4.123942100,10.821755408
4.124145500,10.829889377
4.124349000,10.830021444
4.124552400,10.830155412
4.124755900,10.830287479
4.124959300,10.838421447
4.125162800,10.838553515
4.125366200,10.842687483
4.125569700,10.846819550
4.125773100,10.846953518
4.125976600,10.851085586
4.126180000,10.855219554
4.126383500,10.855351621
4.126586900,10.859485589
4.126790400,10.863617656
4.126993800,10.863751624
4.127197300,10.867883692
4.127400700,10.868017660
4.127604200,10.872149727
4.127807600,10.876283695
4.128011100,10.876415763
4.128214500,10.880549731
4.128418000,10.880681798
4.128621400,10.884815766
4.128824900,10.888947833
4.129028300,10.889081802
4.129231800,10.893213869
4.129435200,10.893347837
4.129638700,10.897479904
4.129842100,10.897613872
4.130045600,10.901745940
4.130249000,10.905879908
4.130452500,10.906011975
4.130655900,10.906145943
4.130859400,10.914278011
4.131062800,10.914411979
4.131266300,10.914544046
4.131469700,10.914678014
4.131673200,10.922810081
4.131876600,10.922944049
4.132080100,10.923076117
4.132283500,10.931210085
4.132487000,10.931342152
4.132690400,10.931476120
4.132893900,10.935608188
4.133097300,10.939742156
4.133300800,10.939874223
4.133504200,10.940008191
4.133707700,10.944140258
4.133911100,10.948274227
4.134114600,10.948406294
4.134318000,10.952540262
4.134521500,10.952672329
4.134724900,10.956806297
4.134928400,10.960938365
4.135131800,10.961072333
4.135335300,10.961204400
4.135538700,10.969338368
4.135742200,10.969470436
4.135945600,10.969604404
4.136149100,10.973736471
4.136352500,10.977870439
4.136556000,10.978002506
4.136759400,10.978136474
4.136962900,10.986268542
4.137166300,10.986402510
4.137369800,10.986534577
4.137573200,10.990668545
4.137776700,10.994800613
4.137980100,10.994934581
4.138183600,10.995066648
4.138387000,10.999200616
4.138590500,10.999332683
4.138793900,11.003466652
4.138997400,11.007598719
4.139200800,11.007732687
4.139404300,11.007864754
4.139607700,11.015998722
4.139811200,11.016130790
4.140014600,11.016264758
4.140218100,11.016396825
4.140421500,11.020530793
4.140625000,11.020662861
4.140828500,11.024794928
4.141031900,11.028928896
4.141235400,11.029060963
4.141438800,11.029194931
4.141642300,11.033326999
4.141845700,11.033460967
4.142049200,11.033593034
4.142252600,11.033727002
4.142456100,11.041859070
4.142659500,11.041993038
4.142863000,11.042125105
4.143066400,11.046259073
4.143269900,11.046391140
4.143473300,11.046525108
4.143676800,11.050657176
4.143880200,11.050791144
4.144083700,11.050923211
4.144287100,11.051057179
4.144490600,11.059189247
4.144694000,11.059323215
4.144897500,11.059455282
4.145100900,11.063589250
4.145304400,11.063721318
4.145507800,11.063855286
4.145711300,11.067987353
4.145914700,11.068121321
4.146118200,11.068253388
4.146321600,11.072387356
4.146525100,11.072519424
4.146728500,11.072653392
4.146932000,11.072785459
4.147135400,11.076919427
4.147338900,11.077051495
4.147542300,11.077185463
4.147745800,11.081317530
4.147949200,11.081451498
4.148152700,11.081583565
4.148356100,11.089717534
4.148559600,11.089849601
4.148763000,11.089983569
4.148966500,11.090115636
4.149169900,11.094249604
4.149373400,11.094381672
4.149576800,11.094515640
4.149780300,11.098647707
4.149983700,11.098781675
4.150187200,11.098913743
4.150390600,11.103047711
4.150594100,11.103179778
4.150797500,11.103313746
4.151001000,11.103445813
4.151204400,11.107579781
4.151407900,11.107711849
4.151611300,11.107845817
4.151814800,11.111977884
4.152018200,11.112111852
4.152221700,11.112243920
4.152425100,11.120377888
4.152628600,11.120509955
4.152832000,11.120643923
4.153035500,11.120775990
4.153238900,11.124909959
4.153442400,11.125042026
4.153645800,11.125175994
4.153849300,11.129308061
4.154052700,11.129442029
4.154256200,11.129574097
4.154459600,11.133708065
4.154663100,11.133840132
4.154866500,11.133974100
4.155070000,11.138106168
4.155273400,11.138240136
4.155476900,11.138372203
4.155680300,11.138506171
4.155883800,11.142638238
4.156087200,11.142772206
4.156290700,11.142904274
4.156494100,11.151038242
4.156697600,11.151170309
4.156901000,11.151304277
4.157104500,11.155436345
4.157307900,11.155570313
4.157511400,11.155702380
4.157714800,11.155836348
4.157918300,11.159968415
4.158121700,11.160102384
4.158325200,11.160234451
4.158528600,11.164368419
4.158732100,11.164500486
4.158935500,11.164634454
4.159139000,11.168766522
4.159342400,11.164900490
4.159545900,11.165032557
4.159749300,11.165166525
4.159952800,11.169298593
4.160156300,11.169430660
4.160359700,11.169564628
4.160563200,11.173696695
4.160766600,11.173830663
4.160970100,11.173962731
4.161173500,11.178096699
4.161377000,11.178228766
4.161580400,11.178362734
4.161783900,11.178494802
4.161987300,11.178628770
4.162190800,11.178760837
4.162394200,11.178894805
4.162597700,11.183026872
4.162801100,11.183160840
4.163004600,11.183292908
4.163208000,11.187426876
4.163411500,11.183558943
4.163614900,11.183692911
4.163818400,11.183824979
4.164021800,11.187958947
4.164225300,11.188091014
4.164428700,11.188224982
4.164632200,11.188357049
4.164835600,11.188491018
4.165039100,11.188623085
4.165242500,11.192757053
4.165446000,11.188889120
4.165649400,11.189023088
4.165852900,11.193155156
4.166056300,11.193289124
4.166259800,11.189421191
4.166463200,11.189555159
4.166666700,11.193687227
4.166870100,11.193821195
4.167073600,11.189953262
4.167277000,11.194087230
4.167480500,11.194219297
4.167683900,11.194353265
4.167887400,11.194485333
4.168090800,11.194619301
4.168294300,11.194751368
4.168497700,11.194885336
4.168701200,11.195017404
4.168904600,11.195151372
4.169108100,11.195283439
4.169311500,11.195417407
4.169515000,11.195549474
4.169718400,11.195683443
4.169921900,11.199815510
4.170125300,11.195949478
4.170328800,11.196081545
4.170532200,11.196215513
4.170735700,11.200347581
4.170939100,11.196481549
4.171142600,11.196613616
4.171346000,11.200747584
4.171549500,11.200879652
4.171752900,11.197013620
4.171956400,11.201145687
4.172159800,11.201279655
4.172363300,11.201411722
4.172566700,11.201545690
4.172770200,11.201677758
4.172973600,11.201811726
4.173177100,11.201943793
4.173380500,11.206077761
4.173584000,11.202209829
4.173787400,11.202343797
4.173990900,11.206475864
4.174194300,11.206609832
4.174397800,11.206741899
4.174601200,11.210875868
4.174804700,11.211007935
4.175008100,11.207141903
4.175211600,11.207273970
4.175415000,11.211407938
4.175618500,11.211540006
4.175821900,11.211673974
4.176025400,11.215806041
4.176228800,11.215940009
4.176432300,11.216072077
4.176635700,11.220206045
4.176839200,11.220338112
4.177042600,11.220472080
4.177246100,11.220604147
4.177449500,11.224738115
4.177653000,11.224870183
4.177856400,11.225004151
4.178059900,11.229136218
4.178263300,11.229270186
4.178466800,11.229402254
4.178670200,11.233536222
4.178873700,11.233668289
4.179077100,11.233802257
4.179280600,11.233934324
4.179484000,11.238068293
4.179687500,11.238200360
4.179891000,11.238332427
4.180094400,11.242466395
4.180297900,11.242598463
4.180501300,11.242732431
4.180704800,11.246864498
4.180908200,11.246998466
4.181111700,11.247130534
4.181315100,11.247264502
4.181518600,11.255396569
4.181722000,11.255530537
4.181925500,11.255662604
4.182128900,11.259796572
4.182332400,11.259928640
4.182535800,11.260062608
4.182739300,11.264194675
4.182942700,11.264328643
4.183146200,11.268460711
4.183349600,11.272594679
4.183553100,11.272726746
4.183756500,11.272860714
4.183960000,11.272992781
4.184163400,11.277126749
4.184366900,11.277258817
4.184570300,11.277392785
4.184773800,11.285524852
4.184977200,11.285658820
4.185180700,11.285790888
4.185384100,11.289924856
4.185587600,11.290056923
4.185791000,11.290190891
4.185994500,11.290322959
4.186197900,11.298456927
4.186401400,11.298588994
4.186604800,11.298722962
4.186808300,11.302855029
4.187011700,11.302988997
4.187215200,11.303121065
4.187418600,11.307255033
4.187622100,11.311387100
4.187825500,11.311521068
4.188029000,11.311653136
4.188232400,11.315787104
4.188435900,11.315919171
4.188639300,11.316053139
4.188842800,11.320185206
4.189046200,11.320319175
4.189249700,11.320451242
4.189453100,11.328585210
4.189656600,11.328717277
4.189860000,11.328851245
4.190063500,11.328983313
4.190266900,11.333117281
4.190470400,11.333249348
4.190673800,11.333383316
4.190877300,11.337515384
4.191080700,11.337649352
4.191284200,11.341781419
4.191487600,11.345915387
4.191691100,11.346047454
4.191894500,11.346181422
4.192098000,11.346313490
4.192301400,11.350447458
4.192504900,11.350579525
4.192708300,11.350713493
4.192911800,11.358845561
4.193115200,11.358979529
4.193318700,11.359111596
4.193522100,11.363245564
4.193725600,11.363377631
4.193929000,11.363511600
4.194132500,11.367643667
4.194335900,11.371777635
4.194539400,11.371909702
4.194742800,11.372043670
4.194946300,11.376175738
4.195149700,11.376309706
4.195353200,11.376441773
4.195556600,11.384575741
4.195760100,11.384707809
4.195963500,11.384841777
4.196167000,11.388973844
4.196370400,11.389107812
4.196573900,11.389239879
4.196777300,11.393373847
4.196980800,11.397505915
4.197184200,11.397639883
4.197387700,11.397771950
4.197591100,11.405905918
4.197794600,11.406037986
4.197998000,11.406171954
4.198201500,11.414304021
4.198404900,11.414437989
4.198608400,11.414570056
4.198811800,11.414704025
4.199015300,11.422836092
4.199218800,11.422968159
4.199422200,11.423102127
4.199625700,11.431234195
4.199829100,11.431368163
4.200032600,11.431500230
4.200236000,11.439634198
4.200439500,11.439766265
4.200642900,11.439900234
4.200846400,11.444032301
4.201049800,11.448166269
4.201253300,11.448298336
4.201456700,11.452432304
4.201660200,11.456564372
4.201863600,11.460698340
4.202067100,11.460830407
4.202270500,11.468964375
4.202474000,11.469096443
4.202677400,11.469230411
4.202880900,11.477362478
4.203084300,11.477496446
4.203287800,11.481628513
4.203491200,11.481762481
4.203694700,11.489894549
4.203898100,11.490028517
4.204101600,11.490160584
4.204305000,11.498294552
4.204508500,11.502426620
4.204711900,11.502560588
4.204915400,11.510692655
4.205118800,11.510826623
4.205322300,11.510958690
4.205525700,11.515092659
4.205729200,11.523224726
4.205932600,11.523358694
4.206136100,11.523490761
4.206339500,11.531624729
4.206543000,11.535756797
4.206746400,11.535890765
4.206949900,11.544022832
4.207153300,11.544156800
4.207356800,11.548288868
4.207560200,11.548422836
4.207763700,11.556554903
4.207967100,11.556688871
4.208170600,11.560820938
4.208374000,11.564954906
4.208577500,11.569086974
4.208780900,11.569220942
4.208984400,11.577353009
4.209187800,11.577486977
4.209391300,11.581619045
4.209594700,11.581753013
4.209798200,11.589885080
4.210001600,11.594019048
4.210205100,11.594151115
4.210408500,11.602285084
4.210612000,11.602417151
4.210815400,11.606551119
4.211018900,11.610683186
4.211222300,11.614817154
4.211425800,11.614949222
4.211629200,11.619083190
4.211832700,11.623215257
4.212036100,11.627349225
4.212239600,11.627481293
4.212443000,11.635615261
4.212646500,11.639747328
4.212849900,11.639881296
4.213053400,11.648013363
4.213256800,11.648147331
4.213460300,11.652279399
4.213663700,11.660413367
4.213867200,11.660545434
4.214070600,11.660679402
4.214274100,11.664811470
4.214477500,11.672945438
4.214681000,11.673077505
4.214884400,11.677211473
4.215087900,11.685343540
4.215291300,11.685477509
4.215494800,11.689609576
4.215698200,11.697743544
4.215901700,11.697875611
4.216105100,11.702009579
4.216308600,11.702141647
4.216512000,11.710275615
4.216715500,11.714407682
4.216918900,11.714541650
4.217122400,11.722673718
4.217325800,11.726807686
4.217529300,11.730939753
4.217732700,11.739073721
4.217936200,11.739205788
4.218139600,11.743339756
4.218343100,11.747471824
4.218546500,11.755605792
4.218750000,11.755737859
4.218953500,11.759869927
4.219156900,11.768003895
4.219360400,11.772135962
4.219563800,11.776269930
4.219767300,11.784401997
4.219970700,11.788535965
4.220174200,11.792668033
4.220377600,11.792802001
4.220581100,11.804934068
4.220784500,11.809068036
4.220988000,11.809200104
4.221191400,11.821334072
4.221394900,11.825466139
4.221598300,11.829600107
4.221801800,11.837732175
4.222005200,11.841866143
4.222208700,11.845998210
4.222412100,11.858132178
4.222615600,11.858264245
4.222819000,11.862398213
4.223022500,11.866530281
4.223225900,11.878664249
4.223429400,11.882796316
4.223632800,11.886930284
4.223836300,11.895062352
4.224039700,11.899196320
4.224243200,11.903328387
4.224446600,11.915462355
4.224650100,11.919594422
4.224853500,11.923728390
4.225057000,11.927860458
4.225260400,11.939994426
4.225463900,11.944126493
4.225667300,11.948260461
4.225870800,11.960392529
4.226074200,11.964526497
4.226277700,11.968658564
4.226481100,11.980792532
4.226684600,11.984924600
4.226888000,11.989058568
4.227091500,11.993190635
4.227294900,12.005324603
4.227498400,12.009456670
4.227701800,12.013590638
4.227905300,12.025722706
4.228108700,12.029856674
4.228312200,12.033988741
4.228515600,12.046122709
4.228719100,12.046254777
4.228922500,12.050388745
4.229126000,12.054520812
4.229329400,12.066654780
4.229532900,12.070786847
4.229736300,12.074920816
4.229939800,12.087052883
4.230143200,12.091186851
4.230346700,12.095318918
4.230550100,12.107452886
4.230753600,12.111584954
4.230957000,12.115718922
4.231160500,12.127850989
4.231363900,12.131984957
4.231567400,12.136117025
4.231770800,12.140250993
4.231974300,12.152383060
4.232177700,12.156517028
4.232381200,12.160649095
4.232584600,12.172783063
4.232788100,12.176915131
4.232991500,12.181049099
4.233195000,12.193181166
4.233398400,12.197315134
4.233601900,12.197447202
4.233805300,12.201581170
4.234008800,12.213713237
4.234212200,12.217847205
4.234415700,12.221979272
4.234619100,12.234113241
4.234822600,12.238245308
4.235026000,12.242379276
4.235229500,12.254511343
4.235432900,12.258645311
4.235636400,12.258777379
4.235839800,12.262911347
4.236043300,12.275043414
4.236246700,12.279177382
4.236450200,12.283309450
4.236653600,12.295443418
4.236857100,12.299575485
4.237060500,12.303709453
4.237264000,12.311841520
4.237467400,12.315975488
4.237670900,12.320107556
4.237874300,12.324241524
4.238077800,12.336373591
4.238281300,12.340505659
4.238484700,12.340639627
4.238688200,12.352771694
4.238891600,12.356905662
4.239095100,12.361037729
4.239298500,12.373171697
4.239502000,12.373303765
4.239705400,12.377437733
4.239908900,12.381569800
4.240112300,12.393703768
4.240315800,12.397835836
4.240519200,12.397969804
4.240722700,12.410101871
4.240926100,12.414235839
4.241129600,12.418367906
4.241333000,12.426501875
4.241536500,12.430633942
4.241739900,12.434767910
4.241943400,12.446899977
4.242146800,12.447033945
4.242350300,12.451166013
4.242553700,12.455299981
4.242757200,12.463432048
4.242960600,12.467566016
4.243164100,12.471698084
4.243367500,12.483832052
4.243571000,12.483964119
4.243774400,12.488098087
4.243977900,12.500230154
4.244181300,12.500364122
4.244384800,12.504496190
4.244588200,12.508630158
4.244791700,12.520762225
4.244995100,12.520896193
4.245198600,12.525028261
4.245402000,12.537162229
4.245605500,12.537294296
4.245808900,12.541428264
4.246012400,12.553560331
4.246215800,12.553694300
4.246419300,12.557826367
4.246622700,12.561960335
4.246826200,12.570092402
4.247029600,12.574226370
4.247233100,12.578358438
4.247436500,12.586492406
4.247640000,12.590624473
4.247843400,12.594758441
4.248046900,12.602890509
4.248250300,12.607024477
4.248453800,12.611156544
4.248657200,12.611290512
4.248860700,12.623422579
4.249064100,12.627556547
4.249267600,12.627688615
4.249471000,12.639822583
4.249674500,12.643954650
4.249877900,12.644088618
4.250081400,12.656220686
4.250284800,12.660354654
4.250488300,12.660486721
4.250691700,12.672620689
4.250895200,12.676752756
4.251098600,12.676886725
4.251302100,12.681018792
4.251505500,12.689152760
4.251709000,12.693284827
4.251912400,12.697418795
4.252115900,12.705550863
4.252319300,12.709684831
4.252522800,12.713816898
4.252726200,12.721950866
4.252929700,12.726082934
4.253133100,12.730216902
4.253336600,12.730348969
4.253540000,12.742482937
4.253743500,12.746615004
4.253946900,12.746748972
4.254150400,12.758881040
4.254353800,12.763015008
4.254557300,12.763147075
4.254760700,12.775281043
4.254964200,12.775413111
4.255167600,12.779547079
4.255371100,12.783679146
4.255574500,12.791813114
4.255778000,12.795945181
4.255981400,12.800079150
4.256184900,12.808211217
4.256388300,12.812345185
4.256591800,12.812477252
4.256795200,12.824611220
4.256998700,12.828743288
4.257202100,12.828877256
4.257405600,12.833009323
4.257609000,12.841143291
4.257812500,12.845275359
4.258016000,12.849407426
4.258219400,12.857541394
4.258422900,12.861673461
4.258626300,12.861807429
4.258829800,12.873939497
4.259033200,12.874073465
4.259236700,12.878205532
4.259440100,12.882339500
4.259643600,12.890471568
4.259847000,12.894605536
4.260050500,12.898737603
4.260253900,12.906871571
4.260457400,12.911003638
4.260660800,12.911137606
4.260864300,12.923269674
4.261067700,12.923403642
4.261271200,12.927535709
4.261474600,12.935669677
4.261678100,12.939801745
4.261881500,12.943935713
4.262085000,12.948067780
4.262288400,12.956201748
4.262491900,12.960333816
4.262695300,12.960467784
4.262898800,12.972599851
4.263102200,12.976733819
4.263305700,12.976865886
4.263509100,12.988999854
4.263712600,12.989131922
4.263916000,12.993265890
4.264119500,12.997397957
4.264322900,13.005531925
4.264526400,13.009663993
4.264729800,13.013797961
4.264933300,13.021930028
4.265136700,13.026063996
4.265340200,13.026196063
4.265543600,13.038330031
4.265747100,13.042462099
4.265950500,13.042596067
4.266154000,13.046728134
4.266357400,13.058862102
4.266560900,13.058994170
4.266764300,13.063128138
4.266967800,13.075260205
4.267171200,13.075394173
4.267374700,13.079526241
4.267578100,13.091660209
4.267781600,13.091792276
4.267985000,13.095926244
4.268188500,13.100058311
4.268391900,13.108192279
4.268595400,13.112324347
4.268798800,13.116458315
4.269002300,13.124590382
4.269205700,13.128724350
4.269409200,13.132856418
4.269612600,13.140990386
4.269816100,13.145122453
4.270019500,13.149256421
4.270223000,13.157388488
4.270426400,13.161522457
4.270629900,13.165654524
4.270833300,13.165788492
4.271036800,13.177920559
4.271240200,13.182054527
4.271443700,13.182186595
4.271647100,13.194320563
4.271850600,13.198452630
4.272054000,13.198586598
4.272257500,13.210718666
4.272460900,13.214852634
4.272664400,13.214984701
4.272867800,13.219118669
4.273071300,13.231250736
4.273274700,13.231384704
4.273478200,13.235516772
4.273681600,13.243650740
4.273885100,13.247782807
4.274088500,13.251916775
4.274292000,13.260048843
4.274495400,13.264182811
4.274698900,13.268314878
4.274902300,13.268448846
4.275105800,13.280580913
4.275309200,13.284714882
4.275512700,13.284846949
4.275716100,13.296980917
4.275919600,13.297112984
4.276123000,13.301246952
4.276326500,13.309379020
4.276529900,13.313512988
4.276733400,13.317645055
4.276936800,13.317779023
4.277140300,13.329911091
4.277343800,13.330043158
4.277547200,13.334177126
4.277750700,13.346309193
4.277954100,13.346443161
4.278157600,13.350575229
4.278361000,13.358709197
4.278564500,13.362841264
4.278767900,13.366975232
4.278971400,13.375107300
4.279174800,13.379241268
4.279378300,13.379373335
4.279581700,13.383507303
4.279785200,13.391639370
4.279988600,13.395773338
4.280192100,13.399905406
4.280395500,13.408039374
4.280599000,13.412171441
4.280802400,13.412305409
4.281005900,13.424437477
4.281209300,13.424571445
4.281412800,13.428703512
4.281616200,13.432837480
4.281819700,13.440969547
4.282023100,13.445103516
4.282226600,13.445235583
4.282430000,13.457369551
4.282633500,13.457501618
4.282836900,13.461635586
4.283040400,13.469767654
4.283243800,13.473901622
4.283447300,13.478033689
4.283650700,13.478167657
4.283854200,13.490299725
4.284057600,13.490433693
4.284261100,13.494565760
4.284464500,13.502699728
4.284668000,13.506831795
4.284871400,13.510965763
4.285074900,13.519097831
4.285278300,13.523231799
4.285481800,13.527363866
4.285685200,13.527497834
4.285888700,13.539629902
4.286092100,13.539763870
4.286295600,13.543895937
4.286499000,13.552029905
4.286702500,13.556161972
4.286905900,13.560295941
4.287109400,13.568428008
4.287312800,13.572561976
4.287516300,13.576694043
4.287719700,13.576828011
4.287923200,13.588960079
4.288126600,13.589094047
4.288330100,13.593226114
4.288533500,13.601360082
4.288737000,13.605492150
4.288940400,13.609626118
4.289143900,13.617758185
4.289347300,13.621892153
4.289550800,13.622024220
4.289754200,13.634158188
4.289957700,13.634290256
4.290161100,13.638424224
4.290364600,13.642556291
4.290568000,13.650690259
4.290771500,13.654822327
4.290974900,13.654956295
4.291178400,13.667088362
4.291381800,13.667222330
4.291585300,13.671354397
4.291788700,13.679488366
4.291992200,13.683620433
4.292195600,13.687754401
4.292399100,13.687886468
4.292602500,13.700020436
4.292806000,13.700152504
4.293009400,13.704286472
4.293212900,13.712418539
4.293416300,13.716552507
4.293619800,13.716684575
4.293823200,13.728818543
4.294026700,13.728950610
4.294230100,13.733084578
4.294433600,13.737216645
4.294637000,13.745350613
4.294840500,13.745482681
4.295043900,13.749616649
4.295247400,13.757748716
4.295450800,13.761882684
4.295654300,13.766014752
4.295857700,13.774148720
4.296061200,13.774280787
4.296264600,13.778414755
4.296468100,13.782546822
4.296671500,13.790680791
4.296875000,13.790812858
4.297078500,13.794944925
4.297281900,13.803078893
4.297485400,13.807210961
4.297688800,13.811344929
4.297892300,13.819476996
4.298095700,13.819610964
4.298299200,13.823743032
4.298502600,13.831877000
4.298706100,13.836009067
4.298909500,13.836143035
4.299113000,13.840275102
4.299316400,13.848409070
4.299519900,13.852541138
4.299723300,13.852675106
4.299926800,13.864807173
4.300130200,13.864941141
4.300333700,13.869073209
4.300537100,13.877207177
4.300740600,13.881339244
4.300944000,13.881473212
4.301147500,13.885605279
4.301350900,13.893739247
4.301554400,13.897871315
4.301757800,13.898005283
4.301961300,13.910137350
4.302164700,13.910271318
4.302368200,13.914403386
4.302571600,13.922537354
4.302775100,13.926669421
4.302978500,13.926803389
4.303182000,13.930935457
4.303385400,13.939069425
4.303588900,13.943201492
4.303792300,13.943335460
4.303995800,13.955467527
4.304199200,13.955601495
4.304402700,13.959733563
4.304606100,13.967867531
4.304809600,13.971999598
4.305013000,13.972133566
4.305216500,13.976265634
4.305419900,13.984399602
4.305623400,13.988531669
4.305826800,13.988665637
4.306030300,14.000797704
4.306233700,14.000931673
4.306437200,14.005063740
4.306640600,14.013197708
4.306844100,14.017329775
4.307047500,14.017463743
4.307251000,14.029595811
4.307454400,14.029729779
4.307657900,14.033861846
4.307861300,14.037995814
4.308064800,14.046127882
4.308268200,14.046261850
4.308471700,14.050393917
4.308675100,14.058527885
4.308878600,14.062659952
4.309082000,14.066793920
4.309285500,14.074925988
4.309488900,14.075059956
4.309692400,14.079192023
4.309895800,14.083325991
4.310099300,14.091458059
4.310302700,14.091592027
4.310506200,14.095724094
4.310709600,14.103858062
4.310913100,14.107990129
4.311116500,14.108124098
4.311320000,14.120256165
4.311523400,14.120390133
4.311726900,14.124522200
4.311930300,14.124656168
4.312133800,14.136788236
4.312337200,14.136922204
4.312540700,14.141054271
4.312744100,14.149188239
4.312947600,14.153320307
4.313151000,14.153454275
4.313354500,14.161586342
4.313557900,14.165720310
4.313761400,14.165852377
4.313964800,14.169986345
4.314168300,14.178118413
4.314371700,14.182252381
4.314575200,14.182384448
4.314778600,14.190518416
4.314982100,14.194650484
4.315185500,14.194784452
4.315389000,14.202916519
4.315592400,14.207050487
4.315795900,14.211182554
4.315999300,14.211316523
4.316202800,14.219448590
4.316406300,14.223580657
4.316609700,14.223714625
4.316813200,14.231846693
4.317016600,14.235980661
4.317220100,14.236112728
4.317423500,14.244246696
4.317627000,14.248378763
4.317830400,14.248512732
4.318033900,14.260644799
4.318237300,14.260778767
4.318440800,14.264910834
4.318644200,14.265044802
4.318847700,14.273176870
4.319051100,14.277310838
4.319254600,14.277442905
4.319458000,14.285576873
4.319661500,14.289708941
4.319864900,14.289842909
4.320068400,14.297974976
4.320271800,14.302108944
4.320475300,14.302241011
4.320678700,14.306374979
4.320882200,14.314507047
4.321085600,14.314641015
4.321289100,14.318773082
4.321492500,14.326907050
4.321696000,14.331039118
4.321899400,14.331173086
4.322102900,14.339305153
4.322306300,14.343439121
4.322509800,14.343571188
4.322713200,14.347705157
4.322916700,14.355837224
4.323120100,14.355971192
4.323323600,14.360103259
4.323527000,14.368237227
4.323730500,14.372369295
4.323933900,14.372503263
4.324137400,14.380635330
4.324340800,14.384769298
4.324544300,14.384901366
4.324747700,14.389035334
4.324951200,14.397167401
4.325154600,14.397301369
4.325358100,14.401433436
4.325561500,14.409567404
4.325765000,14.413699472
4.325968400,14.413833440
4.326171900,14.421965507
4.326375300,14.426099475
4.326578800,14.426231543
4.326782200,14.434365511
4.326985700,14.438497578
4.327189100,14.438631546
4.327392600,14.442763613
4.327596000,14.450897582
4.327799500,14.455029649
4.328002900,14.455163617
4.328206400,14.463295684
4.328409800,14.467429652
4.328613300,14.467561720
4.328816700,14.475695688
4.329020200,14.479827755
4.329223600,14.479961723
4.329427100,14.484093791
4.329630500,14.492227759
4.329834000,14.496359826
4.330037400,14.496493794
4.330240900,14.504625861
4.330444300,14.508759829
4.330647800,14.508891897
4.330851200,14.517025865
4.331054700,14.521157932
4.331258100,14.521291900
4.331461600,14.525423968
4.331665000,14.533557936
4.331868500,14.533690003
4.332071900,14.537823971
4.332275400,14.545956038
4.332478800,14.546090007
4.332682300,14.550222074
4.332885700,14.558356042
4.333089200,14.558488109
4.333292600,14.562622077
4.333496100,14.562754145
4.333699500,14.570888113
4.333903000,14.571020180
4.334106400,14.575154148
4.334309900,14.583286216
4.334513300,14.583420184
4.334716800,14.587552251
4.334920200,14.595686219
4.335123700,14.595818286
4.335327100,14.599952254
4.335530600,14.600084322
4.335734000,14.608218290
4.335937500,14.608350357
4.336141000,14.612482425
4.336344400,14.620616393
4.336547900,14.620748460
4.336751300,14.624882428
4.336954800,14.633014495
4.337158200,14.633148463
4.337361700,14.633280531
4.337565100,14.641414499
4.337768600,14.645546566
4.337972000,14.645680534
4.338175500,14.649812602
4.338378900,14.653946570
4.338582400,14.658078637
4.338785800,14.658212605
4.338989300,14.666344673
4.339192700,14.670478641
4.339396200,14.670610708
4.339599600,14.678744676
4.339803100,14.678876743
4.340006500,14.683010711
4.340210000,14.683142779
4.340413400,14.691276747
4.340616900,14.691408814
4.340820300,14.695542782
4.341023800,14.703674850
4.341227200,14.703808818
4.341430700,14.707940885
4.341634100,14.712074853
4.341837600,14.716206920
4.342041000,14.716340888
4.342244500,14.720472956
4.342447900,14.728606924
4.342651400,14.728738991
4.342854800,14.728872959
4.343058300,14.737005027
4.343261700,14.741138995
4.343465200,14.741271062
4.343668600,14.749405030
4.343872100,14.749537098
4.344075500,14.753671066
4.344279000,14.753803133
4.344482400,14.761937101
4.344685900,14.762069168
4.344889300,14.766203136
4.345092800,14.774335204
4.345296200,14.774469172
4.345499700,14.774601239
4.345703100,14.782735207
4.345906600,14.782867275
4.346110000,14.787001243
4.346313500,14.795133310
4.346516900,14.795267278
4.346720400,14.795399345
4.346923800,14.799533314
4.347127300,14.807665381
4.347330700,14.807799349
4.347534200,14.807931416
4.347737600,14.816065384
4.347941100,14.816197452
4.348144500,14.820331420
4.348348000,14.828463487
4.348551400,14.828597455
4.348754900,14.828729523
4.348958300,14.832863491
4.349161800,14.836995558
4.349365200,14.841129526
4.349568700,14.841261593
4.349772100,14.849395561
4.349975600,14.849527629
4.350179000,14.853661597
4.350382500,14.857793664
4.350585900,14.861927632
4.350789400,14.862059700
4.350992800,14.862193668
4.351196300,14.870325735
4.351399700,14.870459703
4.351603200,14.874591770
4.351806600,14.878725739
4.352010100,14.882857806
4.352213500,14.882991774
4.352417000,14.891123841
4.352620400,14.891257809
4.352823900,14.891389877
4.353027300,14.895523845
4.353230800,14.899655912
4.353434200,14.903789880
4.353637700,14.903921948
4.353841100,14.912055916
4.354044600,14.912187983
4.354248000,14.912321951
4.354451500,14.920454018
4.354654900,14.920587986
4.354858400,14.920720054
4.355061800,14.928854022
4.355265300,14.928986089
4.355468800,14.933118157
4.355672200,14.933252125
4.355875700,14.941384192
4.356079100,14.941518160
4.356282600,14.941650227
4.356486000,14.949784195
4.356689500,14.949916263
4.356892900,14.950050231
4.357096400,14.958182298
4.357299800,14.958316266
4.357503300,14.958448334
4.357706700,14.962582302
4.357910200,14.966714369
4.358113600,14.970848337
4.358317100,14.970980404
4.358520500,14.975114373
4.358724000,14.979246440
4.358927400,14.979380408
4.359130900,14.983512475
4.359334300,14.987646443
4.359537800,14.987778511
4.359741200,14.987912479
4.359944700,14.996044546
4.360148100,14.996178514
4.360351600,14.996310582
4.360555000,15.004444550
4.360758500,15.004576617
4.360961900,15.004710585
4.361165400,15.012842652
4.361368800,15.012976620
4.361572300,15.013108688
4.361775700,15.017242656
4.361979200,15.021374723
4.362182600,15.021508691
4.362386100,15.025640759
4.362589500,15.029774727
4.362793000,15.029906794
4.362996400,15.034040762
4.363199900,15.038172829
4.363403300,15.038306798
4.363606800,15.042438865
4.363810200,15.042572833
4.364013700,15.046704900
4.364217100,15.050838868
4.364420600,15.050970936
4.364624000,15.055104904
4.364827500,15.055236971
4.365030900,15.059370939
4.365234400,15.063503007
4.365437800,15.063636975
4.365641300,15.067769042
4.365844700,15.071903010
4.366048200,15.072035077
4.366251600,15.076169045
4.366455100,15.076301113
4.366658500,15.080435081
4.366862000,15.084567148
4.367065400,15.084701116
4.367268900,15.088833184
4.367472300,15.092967152
4.367675800,15.093099219
4.367879200,15.097233187
4.368082700,15.097365254
4.368286100,15.101499223
4.368489600,15.101631290
4.368693000,15.105765258
4.368896500,15.109897325
4.369099900,15.110031293
4.369303400,15.114163361
4.369506800,15.118297329
4.369710300,15.118429396
4.369913700,15.122563364
4.370117200,15.126695432
4.370320600,15.126829400
4.370524100,15.126961467
4.370727500,15.135095435
4.370931000,15.135227502
4.371134400,15.135361470
4.371337900,15.143493538
4.371541300,15.143627506
4.371744800,15.143759573
4.371948200,15.151893541
4.372151700,15.152025609
4.372355100,15.152159577
4.372558600,15.152291644
4.372762000,15.160425612
4.372965500,15.160557679
4.373168900,15.160691648
4.373372400,15.168823715
4.373575800,15.168957683
4.373779300,15.169089750
4.373982700,15.177223718
4.374186200,15.177355786
4.374389600,15.177489754
4.374593100,15.185621821
4.374796500,15.185755789
4.375000000,15.185887857
4.375203500,15.186019924
4.375406900,15.194153892
4.375610400,15.194285959
4.375813800,15.194419927
4.376017300,15.202551995
4.376220700,15.202685963
4.376424200,15.202818030
4.376627600,15.210951998
4.376831100,15.211084066
4.377034500,15.211218034
4.377238000,15.211350101
4.377441400,15.219484069
4.377644900,15.219616136
4.377848300,15.219750104
4.378051800,15.227882172
4.378255200,15.228016140
4.378458700,15.228148207
4.378662100,15.232282175
4.378865600,15.236414243
4.379069000,15.236548211
4.379272500,15.236680278
4.379475900,15.240814246
4.379679400,15.244946314
4.379882800,15.245080282
4.380086300,15.249212349
4.380289700,15.249346317
4.380493200,15.253478384
4.380696600,15.257612352
4.380900100,15.257744420
4.381103500,15.257878388
4.381307000,15.262010455
4.381510400,15.266144423
4.381713900,15.266276491
4.381917300,15.266410459
4.382120800,15.274542526
4.382324200,15.274676494
4.382527700,15.274808561
4.382731100,15.282942529
4.382934600,15.283074597
4.383138000,15.283208565
4.383341500,15.283340632
4.383544900,15.291474600
4.383748400,15.291606668
4.383951800,15.291740636
4.384155300,15.295872703
4.384358700,15.300006671
4.384562200,15.300138739
4.384765600,15.304272707
4.384969100,15.308404774
4.385172500,15.308538742
4.385376000,15.312670809
4.385579400,15.312804777
4.385782900,15.316936845
4.385986300,15.317070813
4.386189800,15.321202880
4.386393200,15.321336848
4.386596700,15.325468916
4.386800100,15.329602884
4.387003600,15.329734951
4.387207000,15.329868919
4.387410500,15.338000986
4.387613900,15.338134955
4.387817400,15.338267022
4.388020800,15.338400990
4.388224300,15.346533057
4.388427700,15.346667025
4.388631200,15.346799093
4.388834600,15.354933061
4.389038100,15.355065128
4.389241500,15.355199096
4.389445000,15.359331164
4.389648400,15.359465132
4.389851900,15.363597199
4.390055300,15.363731167
4.390258800,15.367863234
4.390462200,15.367997202
4.390665700,15.372129270
4.390869100,15.376263238
4.391072600,15.376395305
4.391276000,15.376529273
4.391479500,15.380661341
4.391682900,15.384795309
4.391886400,15.384927376
4.392089800,15.385061344
4.392293300,15.389193411
4.392496700,15.389327380
4.392700200,15.393459447
4.392903600,15.397593415
4.393107100,15.397725482
4.393310500,15.397859450
4.393514000,15.401991518
4.393717400,15.402125486
4.393920900,15.406257553
4.394124300,15.410391521
4.394327800,15.410523589
4.394531300,15.410655656
4.394734700,15.410789624
4.394938200,15.414921691
4.395141600,15.415055659
4.395345100,15.419187727
4.395548500,15.423321695
4.395752000,15.423453762
4.395955400,15.423587730
4.396158900,15.427719798
4.396362300,15.427853766
4.396565800,15.427985833
4.396769200,15.428119801
4.396972700,15.436251868
4.397176100,15.436385836
4.397379600,15.436517904
4.397583000,15.440651872
4.397786500,15.440783939
4.397989900,15.440917907
4.398193400,15.445049975
4.398396800,15.445183943
4.398600300,15.445316010
4.398803700,15.449449978
4.399007200,15.453582045
4.399210600,15.453716014
4.399414100,15.453848081
4.399617500,15.457982049
4.399821000,15.458114116
4.400024400,15.458248084
4.400227900,15.462380152
4.400431300,15.462514120
4.400634800,15.462646187
4.400838200,15.466780155
4.401041700,15.470912223
4.401245100,15.471046191
4.401448600,15.471178258
4.401652000,15.475312226
4.401855500,15.475444293
4.402058900,15.475578261
4.402262400,15.479710329
4.402465800,15.479844297
4.402669300,15.479976364
4.402872700,15.488110332
4.403076200,15.488242400
4.403279600,15.488376368
4.403483100,15.488508435
4.403686500,15.492642403
4.403890000,15.492774470
4.404093400,15.492908439
4.404296900,15.497040506
4.404500300,15.497174474
4.404703800,15.497306541
4.404907200,15.501440509
4.405110700,15.501572577
4.405314100,15.501706545
4.405517600,15.501838612
4.405721000,15.505972580
4.405924500,15.506104648
4.406127900,15.510238616
4.406331400,15.514370683
4.406534800,15.514504651
4.406738300,15.514636718
4.406941700,15.518770686
4.407145200,15.518902754
4.407348600,15.519036722
4.407552100,15.519168789
4.407755500,15.523302757
4.407959000,15.523434825
4.408162400,15.523568793
4.408365900,15.527700860
4.408569300,15.527834828
4.408772800,15.527966895
4.408976200,15.532100864
4.409179700,15.532232931
4.409383100,15.532366899
4.409586600,15.532498966
4.409790000,15.536632934
4.409993500,15.536765002
4.410196900,15.536898970
4.410400400,15.541031037
4.410603800,15.541165005
4.410807300,15.541297073
4.411010700,15.545431041
4.411214200,15.545563108
4.411417600,15.545697076
4.411621100,15.541829143
4.411824500,15.545963111
4.412028000,15.546095179
4.412231400,15.546229147
4.412434900,15.550361214
4.412638300,15.550495182
4.412841800,15.550627250
4.413045200,15.554761218
4.413248700,15.554893285
4.413452100,15.555027253
4.413655600,15.559159320
4.413859000,15.559293289
4.414062500,15.555425356
4.414266000,15.555557423
4.414469400,15.559691391
4.414672900,15.559823459
4.414876300,15.559957427
4.415079800,15.564089494
4.415283200,15.564223462
4.415486700,15.564355530
4.415690100,15.564489498
4.415893600,15.564621565
4.416097000,15.564755533
4.416300500,15.564887600
4.416503900,15.569021568
4.416707400,15.569153636
4.416910800,15.569287604
4.417114300,15.569419671
4.417317700,15.569553639
4.417521200,15.569685707
4.417724600,15.573819675
4.417928100,15.573951742
4.418131500,15.574085710
4.418335000,15.574217777
4.418538400,15.574351745
4.418741900,15.574483813
4.418945300,15.574617781
4.419148800,15.578749848
4.419352200,15.578883816
4.419555700,15.579015884
4.419759100,15.579149852
4.419962600,15.579281919
4.420166000,15.579415887
4.420369500,15.579547955
4.420572900,15.583681923
4.420776400,15.583813990
4.420979800,15.583947958
4.421183300,15.588080025
4.421386700,15.588213993
4.421590200,15.588346061
4.421793600,15.588480029
4.421997100,15.588612096
4.422200500,15.588746064
4.422404000,15.592878132
4.422607400,15.593012100
4.422810900,15.593144167
4.423014300,15.593278135
4.423217800,15.597410202
4.423421200,15.597544170
4.423624700,15.597676238
4.423828100,15.601810206
4.424031600,15.601942273
4.424235000,15.602076241
4.424438500,15.606208309
4.424641900,15.606342277
4.424845400,15.606474344
4.425048800,15.610608312
4.425252300,15.614740380
4.425455700,15.614874348
4.425659200,15.615006415
4.425862600,15.619140383
4.426066100,15.619272450
4.426269500,15.619406418
4.426473000,15.623538486
4.426676400,15.623672454
4.426879900,15.623804521
4.427083300,15.627938489
4.427286800,15.632070557
4.427490200,15.632204525
4.427693700,15.632336592
4.427897100,15.636470560
4.428100600,15.636602627
4.428304000,15.640736596
4.428507500,15.644868663
4.428710900,15.645002631
4.428914400,15.645134698
4.429117800,15.645268666
4.429321300,15.649400734
4.429524700,15.653534702
4.429728200,15.653666769
4.429931600,15.657800737
4.430135100,15.657932805
4.430338500,15.658066773
4.430542000,15.662198840
4.430745400,15.666332808
4.430948900,15.666464875
4.431152300,15.666598843
4.431355800,15.670730911
4.431559200,15.670864879
4.431762700,15.670996946
4.431966100,15.675130914
4.432169600,15.679262982
4.432373000,15.679396950
4.432576500,15.683529017
4.432779900,15.683662985
4.432983400,15.683795052
4.433186800,15.687929021
4.433390300,15.688061088
4.433593800,15.692193155
4.433797200,15.692327123
4.434000700,15.696459191
4.434204100,15.696593159
4.434407600,15.696725226
4.434611000,15.700859194
4.434814500,15.700991261
4.435017900,15.701125230
4.435221400,15.709257297
4.435424800,15.709391265
4.435628300,15.709523332
4.435831700,15.709657300
4.436035200,15.713789368
4.436238600,15.713923336
4.436442100,15.714055403
4.436645500,15.718189371
4.436849000,15.718321439
4.437052400,15.718455407
4.437255900,15.726587474
4.437459300,15.726721442
4.437662800,15.726853509
4.437866200,15.726987477
4.438069700,15.731119545
4.438273100,15.731253513
4.438476600,15.731385580
4.438680000,15.735519548
4.438883500,15.735651616
4.439086900,15.735785584
4.439290400,15.743917651
4.439493800,15.744051619
4.439697300,15.744183686
4.439900700,15.744317655
4.440104200,15.748449722
4.440307600,15.748583690
4.440511100,15.748715757
4.440714500,15.752849725
4.440918000,15.752981793
4.441121400,15.753115761
4.441324900,15.761247828
4.441528300,15.761381796
4.441731800,15.761513864
4.441935200,15.765647832
4.442138700,15.765779899
4.442342100,15.765913867
4.442545600,15.766045934
4.442749000,15.770179902
4.442952500,15.770311970
4.443155900,15.770445938
4.443359400,15.774578005
4.443562800,15.774711973
4.443766300,15.774844041
4.443969700,15.782978009
4.444173200,15.783110076
4.444376600,15.783244044
4.444580100,15.783376111
4.444783500,15.787510080
4.444987000,15.787642147
4.445190400,15.787776115
4.445393900,15.791908182
4.445597300,15.792042150
4.445800800,15.792174218
4.446004200,15.796308186
4.446207700,15.796440253
4.446411100,15.796574221
4.446614600,15.796706289
4.446818000,15.800840257
4.447021500,15.800972324
4.447224900,15.805106292
4.447428400,15.809238359
4.447631800,15.809372327
4.447835300,15.809504395
4.448038700,15.813638363
4.448242200,15.813770430
4.448445600,15.813904398
4.448649100,15.814036466
4.448852500,15.818170434
4.449056000,15.818302501
4.449259400,15.818436469
4.449462900,15.822568536
4.449666300,15.822702505
4.449869800,15.822834572
4.450073200,15.826968540
4.450276700,15.827100607
4.450480100,15.827234575
4.450683600,15.835366643
4.450887000,15.835500611
4.451090500,15.835632678
4.451293900,15.835766646
4.451497400,15.839898714
4.451700800,15.840032682
4.451904300,15.840164749
4.452107700,15.844298717
4.452311200,15.844430784
4.452514600,15.844564752
4.452718100,15.848696820
4.452921500,15.848830788
4.453125000,15.848962855
4.453328500,15.853094923
4.453531900,15.857228891
4.453735400,15.857360958
4.453938800,15.857494926
4.454142300,15.861626993
4.454345700,15.861760961
4.454549200,15.861893029
4.454752600,15.866026997
4.454956100,15.866159064
4.455159500,15.866293032
4.455363000,15.866425100
4.455566400,15.870559068
4.455769900,15.870691135
4.455973300,15.870825103
4.456176800,15.874957171
4.456380200,15.875091139
4.456583700,15.875223206
4.456787100,15.883357174
4.456990600,15.883489241
4.457194000,15.883623209
4.457397500,15.883755277
4.457600900,15.887889245
4.457804400,15.888021312
4.458007800,15.888155280
4.458211300,15.892287348
4.458414700,15.892421316
4.458618200,15.892553383
4.458821600,15.896687351
4.459025100,15.896819418
4.459228500,15.896953386
4.459432000,15.897085454
4.459635400,15.901219422
4.459838900,15.897351489
4.460042300,15.897485457
4.460245800,15.901617525
4.460449200,15.901751493
4.460652700,15.901883560
4.460856100,15.906017528
4.461059600,15.906149596
4.461263000,15.906283564
4.461466500,15.910415631
4.461669900,15.910549599
4.461873400,15.910681666
4.462076800,15.910815634
4.462280300,15.914947702
4.462483700,15.915081670
4.462687200,15.915213737
4.462890600,15.915347705
4.463094100,15.915479773
4.463297500,15.915613741
4.463501000,15.919745808
4.463704400,15.919879776
4.463907900,15.920011843
4.464111300,15.920145811
4.464314800,15.924277879
4.464518200,15.924411847
4.464721700,15.924543914
4.464925100,15.924677882
4.465128600,15.924809950
4.465332000,15.924943918
4.465535500,15.929075985
4.465738900,15.929209953
4.465942400,15.929342021
4.466145800,15.929475989
4.466349300,15.929608056
4.466552700,15.929742024
4.466756200,15.929874091
4.466959600,15.934008059
4.467163100,15.934140127
4.467366500,15.934274095
4.467570000,15.934406162
4.467773400,15.934540130
4.467976900,15.934672198
4.468180300,15.934806166
4.468383800,15.938938233
4.468587200,15.939072201
4.468790700,15.935204268
4.468994100,15.939338237
4.469197600,15.939470304
4.469401000,15.939604272
4.469604500,15.939736339
4.469807900,15.939870307
4.470011400,15.940002375
4.470214800,15.944136343
4.470418300,15.944268410
4.470621700,15.940402378
4.470825200,15.940534446
4.471028600,15.944668414
4.471232100,15.944800481
4.471435500,15.940934449
4.471639000,15.945066516
4.471842400,15.945200484
4.472045900,15.945332552
4.472249300,15.945466520
4.472452800,15.945598587
4.472656300,15.945730655
4.472859700,15.941864623
4.473063200,15.945996690
4.473266600,15.946130658
4.473470100,15.946262725
4.473673500,15.946396693
4.473877000,15.946528761
4.474080400,15.946662729
4.474283900,15.946794796
4.474487300,15.946928764
4.474690800,15.947060832
4.474894200,15.943194800
4.475097700,15.947326867
4.475301100,15.947460835
4.475504600,15.943592902
4.475708000,15.947726871
4.475911500,15.943858938
4.476114900,15.943992906
4.476318400,15.948124973
4.476521800,15.944258941
4.476725300,15.944391009
4.476928700,15.944524977
4.477132200,15.944657044
4.477335600,15.944791012
4.477539100,15.944923080
4.477742500,15.945057048
4.477946000,15.945189115
4.478149400,15.941323083
4.478352900,15.945455150
4.478556300,15.945589118
4.478759800,15.941721186
4.478963200,15.945855154
4.479166700,15.941987221
4.479370100,15.942121189
4.479573600,15.942253257
4.479777000,15.942387225
4.479980500,15.942519292
4.480183900,15.942653260
4.480387400,15.942785327
4.480590800,15.942919296
4.480794300,15.939051363
4.480997700,15.943185331
4.481201200,15.939317398
4.481404600,15.939451366
4.481608100,15.939583434
4.481811500,15.939717402
4.482015000,15.939849469
4.482218400,15.939983437
4.482421900,15.940115505
4.482625300,15.940249473
4.482828800,15.936381540
4.483032200,15.940515508
4.483235700,15.940647575
4.483439100,15.936781543
4.483642600,15.936913611
4.483846000,15.937047579
4.484049500,15.937179646
4.484252900,15.937313614
4.484456400,15.937445682
4.484659800,15.937579650
4.484863300,15.937711717
4.485066700,15.937845685
4.485270200,15.937977752
4.485473600,15.934111721
4.485677100,15.934243788
4.485880500,15.934377756
4.486084000,15.934509823
4.486287400,15.934643791
4.486490900,15.934775859
4.486694300,15.934909827
4.486897800,15.935041894
4.487101200,15.935175862
4.487304700,15.935307930
4.487508100,15.931441898
4.487711600,15.931573965
4.487915000,15.931707933
4.488118500,15.931840000
4.488321900,15.931973968
4.488525400,15.932106036
4.488728800,15.928240004
4.488932300,15.928372071
4.489135700,15.928506039
4.489339200,15.928638107
4.489542600,15.928772075
4.489746100,15.928904142
4.489949500,15.929038110
4.490153000,15.925170177
4.490356400,15.925304146
4.490559900,15.925436213
4.490763300,15.925570181
4.490966800,15.921702248
4.491170200,15.921836216
4.491373700,15.921968284
4.491577100,15.922102252
4.491780600,15.922234319
4.491984000,15.918368287
4.492187500,15.918500355
4.492391000,15.914632422
4.492594400,15.918766390
4.492797900,15.914898457
4.493001300,15.915032425
4.493204800,15.915164493
4.493408200,15.911298461
4.493611700,15.911430528
4.493815100,15.911564496
4.494018600,15.907696564
4.494222000,15.907830532
4.494425500,15.903962599
4.494628900,15.904096567
4.494832400,15.904228634
4.495035800,15.900362602
4.495239300,15.900494670
4.495442700,15.900628638
4.495646200,15.896760705
4.495849600,15.896894673
4.496053100,15.897026741
4.496256500,15.893160709
4.496460000,15.893292776
4.496663400,15.893426744
4.496866900,15.889558812
4.497070300,15.889692780
4.497273800,15.885824847
4.497477200,15.885958815
4.497680700,15.882090882
4.497884100,15.882224850
4.498087600,15.882356918
4.498291000,15.878490886
4.498494500,15.878622953
4.498697900,15.874756921
4.498901400,15.874888989
4.499104800,15.871022957
4.499308300,15.871155024
4.499511700,15.867288992
4.499715200,15.867421059
4.499918600,15.863555027
4.500122100,15.863687095
4.500325500,15.859821063
4.500529000,15.859953130
4.500732400,15.856087098
4.500935900,15.856219166
4.501139300,15.852353134
4.501342800,15.852485201
4.501546200,15.848619169
4.501749700,15.844751237
4.501953100,15.844885205
4.502156600,15.841017272
4.502360000,15.841151240
4.502563500,15.837283307
4.502766900,15.837417275
4.502970400,15.833549343
4.503173800,15.829683311
4.503377300,15.829815378
4.503580700,15.825949346
4.503784200,15.822081414
4.503987600,15.822215382
4.504191100,15.818347449
4.504394500,15.818481417
4.504598000,15.814613484
4.504801400,15.810747453
4.505004900,15.810879520
4.505208300,15.807013488
4.505411800,15.803145555
4.505615200,15.803279523
4.505818700,15.799411591
4.506022100,15.795545559
4.506225600,15.795677626
4.506429000,15.791811594
4.506632500,15.787943662
4.506835900,15.788077630
4.507039400,15.784209697
4.507242800,15.780343665
4.507446300,15.776475732
4.507649700,15.776609700
4.507853200,15.772741768
4.508056600,15.768875736
4.508260100,15.765007803
4.508463500,15.765141771
4.508667000,15.761273839
4.508870400,15.757407807
4.509073900,15.753539874
4.509277300,15.753673842
4.509480800,15.749805909
4.509684200,15.745939878
4.509887700,15.742071945
4.510091100,15.738205913
4.510294600,15.734337980
4.510498000,15.730471948
4.510701500,15.730604016
4.510904900,15.726737984
4.511108400,15.722870051
4.511311800,15.719004019
4.511515300,15.715136087
4.511718800,15.711268154
4.511922200,15.707402122
4.512125700,15.703534189
4.512329100,15.699668157
4.512532600,15.695800225
4.512736000,15.695934193
4.512939500,15.692066260
4.513142900,15.688200228
4.513346400,15.684332296
4.513549800,15.680466264
4.513753300,15.676598331
4.513956700,15.672732299
4.514160200,15.668864366
4.514363600,15.664998334
4.514567100,15.661130402
4.514770500,15.657264370
4.514974000,15.653396437
4.515177400,15.649530405
4.515380900,15.645662473
4.515584300,15.641796441
4.515787800,15.637928508
4.515991200,15.634062476
4.516194700,15.630194543
4.516398100,15.626328512
4.516601600,15.622460579
4.516805000,15.618594547
4.517008500,15.614726614
4.517211900,15.610860582
4.517415400,15.602992650
4.517618800,15.599126618
4.517822300,15.595258685
4.518025700,15.591392653
4.518229200,15.587524721
4.518432600,15.583658689
4.518636100,15.579790756
4.518839500,15.575924724
4.519043000,15.572056791
4.519246400,15.568190759
4.519449900,15.564322827
4.519653300,15.560456795
4.519856800,15.556588862
4.520060200,15.552722830
4.520263700,15.548854898
4.520467100,15.544988866
4.520670600,15.541120933
4.520874000,15.537254901
4.521077500,15.533386968
4.521280900,15.529520937
4.521484400,15.525653004
4.521687800,15.521786972
4.521891300,15.517919039
4.522094700,15.514053007
4.522298200,15.510185075
4.522501600,15.506319043
4.522705100,15.498451110
4.522908500,15.494585078
4.523112000,15.490717146
4.523315400,15.486851114
4.523518900,15.482983181
4.523722300,15.479117149
4.523925800,15.475249216
4.524129200,15.471383184
4.524332700,15.467515252
4.524536100,15.463649220
4.524739600,15.459781287
4.524943000,15.455915255
4.525146500,15.452047323
4.525349900,15.448181291
4.525553400,15.444313358
4.525756800,15.440447326
4.525960300,15.436579393
4.526163700,15.428713362
4.526367200,15.424845429
4.526570600,15.420979397
4.526774100,15.417111464
4.526977500,15.413245432
4.527181000,15.409377500
4.527384400,15.405511468
4.527587900,15.401643535
4.527791300,15.397777503
4.527994800,15.393909571
4.528198200,15.386043539
4.528401700,15.382175606
4.528605100,15.378309574
4.528808600,15.374441641
4.529012000,15.370575609
4.529215500,15.366707677
4.529418900,15.362841645
4.529622400,15.354973712
4.529825800,15.351107680
4.530029300,15.347239748
4.530232700,15.343373716
4.530436200,15.339505783
4.530639600,15.335639751
4.530843100,15.331771818
4.531046500,15.323905787
4.531250000,15.320037854
4.531453500,15.316169921
4.531656900,15.312303889
4.531860400,15.308435957
4.532063800,15.304569925
4.532267300,15.296701992
4.532470700,15.292835960
4.532674200,15.288968028
4.532877600,15.285101996
4.533081100,15.277234063
4.533284500,15.273368031
4.533488000,15.269500098
4.533691400,15.265634066
4.533894900,15.261766134
4.534098300,15.253900102
4.534301800,15.250032169
4.534505200,15.246166137
4.534708700,15.242298205
4.534912100,15.234432173
4.535115600,15.230564240
4.535319000,15.226698208
4.535522500,15.222830275
4.535725900,15.214964243
4.535929400,15.211096311
4.536132800,15.207230279
4.536336300,15.203362346
4.536539700,15.195496314
4.536743200,15.191628382
4.536946600,15.187762350
4.537150100,15.183894417
4.537353500,15.176028385
4.537557000,15.172160453
4.537760400,15.168294421
4.537963900,15.164426488
4.538167300,15.156560456
4.538370800,15.152692523
4.538574200,15.148826491
4.538777700,15.144958559
4.538981100,15.137092527
4.539184600,15.133224594
4.539388000,15.129358562
4.539591500,15.121490630
4.539794900,15.117624598
4.539998400,15.113756665
4.540201800,15.109890633
4.540405300,15.102022700
4.540608700,15.098156668
4.540812200,15.094288736
4.541015600,15.086422704
4.541219100,15.082554771
4.541422500,15.078688739
4.541626000,15.074820807
4.541829400,15.066954775
4.542032900,15.063086842
4.542236300,15.059220810
4.542439800,15.055352878
4.542643200,15.047486846
4.542846700,15.043618913
4.543050100,15.039752881
4.543253600,15.035884948
4.543457000,15.028018916
4.543660500,15.024150984
4.543863900,15.020284952
4.544067400,15.012417019
4.544270800,15.008550987
4.544474300,15.004683055
4.544677700,15.000817023
4.544881200,14.992949090
4.545084600,14.989083058
4.545288100,14.985215125
4.545491500,14.977349094
4.545695000,14.973481161
4.545898400,14.969615129
4.546101900,14.965747196
4.546305300,14.957881164
4.546508800,14.954013232
4.546712200,14.950147200
4.546915700,14.942279267
4.547119100,14.938413235
4.547322600,14.934545303
4.547526000,14.926679271
4.547729500,14.922811338
4.547932900,14.918945306
4.548136400,14.911077373
4.548339800,14.907211341
4.548543300,14.903343409
4.548746700,14.895477377
4.548950200,14.891609444
4.549153600,14.887743412
4.549357100,14.879875480
4.549560500,14.876009448
4.549764000,14.868141515
4.549967400,14.864275483
4.550170900,14.860407550
4.550374300,14.852541519
4.550577800,14.848673586
4.550781300,14.844805653
4.550984700,14.836939621
4.551188200,14.833071689
4.551391600,14.829205657
4.551595100,14.821337724
4.551798500,14.817471692
4.552002000,14.809603759
4.552205400,14.805737728
4.552408900,14.797869795
4.552612300,14.794003763
4.552815800,14.790135830
4.553019200,14.782269798
4.553222700,14.778401866
4.553426100,14.770535834
4.553629600,14.766667901
4.553833000,14.758801869
4.554036500,14.754933937
4.554239900,14.751067905
4.554443400,14.743199972
4.554646800,14.739333940
4.554850300,14.731466007
4.555053700,14.727599975
4.555257200,14.719732043
4.555460600,14.715866011
4.555664100,14.711998078
4.555867500,14.704132046
4.556071000,14.700264114
4.556274400,14.692398082
4.556477900,14.684530149
4.556681300,14.680664117
4.556884800,14.676796184
4.557088200,14.668930153
4.557291700,14.665062220
4.557495100,14.657196188
4.557698600,14.653328255
4.557902000,14.645462223
4.558105500,14.641594291
4.558308900,14.633728259
4.558512400,14.629860326
4.558715800,14.621994294
4.558919300,14.618126362
4.559122700,14.610260330
4.559326200,14.606392397
4.559529600,14.598526365
4.559733100,14.594658432
4.559936500,14.586792400
4.560140000,14.582924468
4.560343400,14.575058436
4.560546900,14.567190503
4.560750300,14.563324471
4.560953800,14.559456539
4.561157200,14.551590507
4.561360700,14.543722574
4.561564100,14.539856542
4.561767600,14.531988609
4.561971000,14.528122578
4.562174500,14.520254645
4.562377900,14.516388613
4.562581400,14.508520680
4.562784800,14.500654648
4.562988300,14.496786716
4.563191700,14.488920684
4.563395200,14.485052751
4.563598600,14.477186719
4.563802100,14.473318787
4.564005500,14.465452755
4.564209000,14.457584822
4.564412400,14.453718790
4.564615900,14.445850857
4.564819300,14.437984825
4.565022800,14.434116893
4.565226200,14.426250861
4.565429700,14.422382928
4.565633100,14.414516896
4.565836600,14.406648964
4.566040000,14.402782932
4.566243500,14.394914999
4.566446900,14.387048967
4.566650400,14.379181034
4.566853800,14.375315003
4.567057300,14.367447070
4.567260700,14.359581038
4.567464200,14.355713105
4.567667600,14.347847073
4.567871100,14.339979141
4.568074500,14.332113109
4.568278000,14.328245176
4.568481400,14.320379144
4.568684900,14.312511212
4.568888300,14.308645180
4.569091800,14.300777247
4.569295200,14.292911215
4.569498700,14.285043282
4.569702100,14.277177250
4.569905600,14.269309318
4.570109000,14.265443286
4.570312500,14.257575353
4.570516000,14.249707421
4.570719400,14.241841389
4.570922900,14.233973456
4.571126300,14.230107424
4.571329800,14.218239491
4.571533200,14.214373459
4.571736700,14.206505527
4.571940100,14.194639495
4.572143600,14.190771562
4.572347000,14.182905530
4.572550500,14.175037598
4.572753900,14.167171566
4.572957400,14.159303633
4.573160800,14.151437601
4.573364300,14.143569669
4.573567700,14.135703637
4.573771200,14.127835704
4.573974600,14.119969672
4.574178100,14.112101739
4.574381500,14.104235707
4.574585000,14.096367775
4.574788400,14.088501743
4.574991900,14.084633810
4.575195300,14.076767778
4.575398800,14.064899846
4.575602200,14.061033814
4.575805700,14.053165881
4.576009100,14.041299849
4.576212600,14.037431916
4.576416000,14.029565884
4.576619500,14.017697952
4.576822900,14.013831920
4.577026400,14.005963987
4.577229800,13.998097955
4.577433300,13.990230023
4.577636700,13.982363991
4.577840200,13.974496058
4.578043600,13.966630026
4.578247100,13.958762094
4.578450500,13.954896062
4.578654000,13.943028129
4.578857400,13.939162097
4.579060900,13.931294164
4.579264300,13.923428132
4.579467800,13.915560200
4.579671200,13.907694168
4.579874700,13.903826235
4.580078100,13.895960203
4.580281600,13.888092271
4.580485000,13.880226239
4.580688500,13.872358306
4.580891900,13.868492274
4.581095400,13.860624341
4.581298800,13.856758309
4.581502300,13.844890377
4.581705700,13.841024345
4.581909200,13.833156412
4.582112600,13.825290380
4.582316100,13.821422448
4.582519500,13.813556416
4.582723000,13.805688483
4.582926400,13.801822451
4.583129900,13.797954519
4.583333300,13.790088487
4.583536800,13.782220554
4.583740200,13.778354522
4.583943700,13.770486589
4.584147100,13.766620557
4.584350600,13.758752625
4.584554000,13.754886593
4.584757500,13.747018660
4.584960900,13.743152628
4.585164400,13.735284696
4.585367800,13.731418664
4.585571300,13.723550731
4.585774700,13.719684699
4.585978200,13.715816766
4.586181600,13.707950735
4.586385100,13.704082802
4.586588500,13.700216770
4.586792000,13.692348837
4.586995400,13.688482805
4.587198900,13.684614873
4.587402300,13.676748841
4.587605800,13.672880908
4.587809200,13.669014876
4.588012700,13.665146944
4.588216100,13.657280912
4.588419600,13.653412979
4.588623000,13.649546947
4.588826500,13.645679014
4.589029900,13.641812982
4.589233400,13.633945050
4.589436800,13.630079018
4.589640300,13.626211085
4.589843800,13.622343153
4.590047200,13.618477121
4.590250700,13.614609188
4.590454100,13.610743156
4.590657600,13.606875223
4.590861000,13.599009191
4.591064500,13.595141259
4.591267900,13.591275227
4.591471400,13.587407294
4.591674800,13.583541262
4.591878300,13.579673330
4.592081700,13.575807298
4.592285200,13.571939365
4.592488600,13.568073333
4.592692100,13.564205400
4.592895500,13.560339369
4.593099000,13.556471436
4.593302400,13.552605404
4.593505900,13.548737471
4.593709300,13.544871439
4.593912800,13.541003507
4.594116200,13.537137475
4.594319700,13.533269542
4.594523100,13.529403510
4.594726600,13.525535578
4.594930000,13.521669546
4.595133500,13.517801613
4.595336900,13.513935581
4.595540400,13.510067648
4.595743800,13.506201616
4.595947300,13.502333684
4.596150700,13.498467652
4.596354200,13.494599719
4.596557600,13.490733687
4.596761100,13.486865755
4.596964500,13.482999723
4.597168000,13.479131790
4.597371400,13.475265758
4.597574900,13.471397825
4.597778300,13.467531794
4.597981800,13.463663861
4.598185200,13.459797829
4.598388700,13.455929896
4.598592100,13.452063864
4.598795600,13.448195932
4.598999000,13.444329900
4.599202500,13.440461967
4.599405900,13.436595935
4.599609400,13.432728003
4.599812800,13.428861971
4.600016300,13.424994038
4.600219700,13.421128006
4.600423200,13.417260073
4.600626600,13.413394041
4.600830100,13.409526109
4.601033500,13.405660077
4.601237000,13.401792144
4.601440400,13.397926112
4.601643900,13.394058180
4.601847300,13.390192148
4.602050800,13.386324215
4.602254200,13.378458183
4.602457700,13.374590250
4.602661100,13.370724219
4.602864600,13.366856286
4.603068000,13.362990254
4.603271500,13.359122321
4.603474900,13.355256289
4.603678400,13.351388357
4.603881800,13.347522325
4.604085300,13.343654392
4.604288700,13.335788360
4.604492200,13.331920428
4.604695600,13.328054396
4.604899100,13.324186463
4.605102500,13.320320431
4.605306000,13.316452498
4.605509400,13.312586466
4.605712900,13.304718534
4.605916300,13.300852502
4.606119800,13.296984569
4.606323200,13.293118537
4.606526700,13.289250605
4.606730100,13.285384573
4.606933600,13.277516640
4.607137000,13.273650608
4.607340500,13.269782675
4.607543900,13.265916644
4.607747400,13.258048711
4.607950800,13.254182679
4.608154300,13.250314746
4.608357700,13.246448714
4.608561200,13.238580782
4.608764600,13.234714750
4.608968100,13.230846817
4.609171500,13.226980785
4.609375000,13.219112853
4.609578500,13.215244920
4.609781900,13.211378888
4.609985400,13.203510955
4.610188800,13.199644923
4.610392300,13.195776991
4.610595700,13.187910959
4.610799200,13.184043026
4.611002600,13.176176994
4.611206100,13.172309062
4.611409500,13.168443030
4.611613000,13.160575097
4.611816400,13.156709065
4.612019900,13.152841132
4.612223300,13.144975100
4.612426800,13.137107168
4.612630200,13.133241136
4.612833700,13.129373203
4.613037100,13.121507171
4.613240600,13.117639239
4.613444000,13.109773207
4.613647500,13.105905274
4.613850900,13.098039242
4.614054400,13.094171310
4.614257800,13.086305278
4.614461300,13.082437345
4.614664700,13.074571313
4.614868200,13.070703380
4.615071600,13.062837348
4.615275100,13.058969416
4.615478500,13.051103384
4.615682000,13.043235451
4.615885400,13.039369419
4.616088900,13.035501487
4.616292300,13.027635455
4.616495800,13.019767522
4.616699200,13.015901490
4.616902700,13.008033557
4.617106100,13.004167525
4.617309600,12.996299593
4.617513000,12.992433561
4.617716500,12.984565628
4.617919900,12.976699596
4.618123400,12.972831664
4.618326800,12.968965632
4.618530300,12.961097699
4.618733700,12.953231667
4.618937200,12.949363735
4.619140600,12.941497703
4.619344100,12.933629770
4.619547500,12.929763738
4.619751000,12.921895805
4.619954400,12.918029773
4.620157900,12.910161841
4.620361300,12.906295809
4.620564800,12.898427876
4.620768200,12.890561844
4.620971700,12.886693912
4.621175100,12.878827880
4.621378600,12.874959947
4.621582000,12.867093915
4.621785500,12.859225982
4.621988900,12.855359950
4.622192400,12.847492018
4.622395800,12.839625986
4.622599300,12.835758053
4.622802700,12.827892021
4.623006200,12.824024089
4.623209600,12.816158057
4.623413100,12.812290124
4.623616500,12.804424092
4.623820000,12.796556160
4.624023400,12.792690128
4.624226900,12.784822195
4.624430300,12.776956163
4.624633800,12.773088230
4.624837200,12.765222198
4.625040700,12.761354266
4.625244100,12.753488234
4.625447600,12.745620301
4.625651000,12.741754269
4.625854500,12.733886337
4.626057900,12.730020305
4.626261400,12.722152372
4.626464800,12.714286340
4.626668300,12.710418407
4.626871700,12.702552376
4.627075200,12.698684443
4.627278600,12.690818411
4.627482100,12.682950478
4.627685500,12.679084446
4.627889000,12.671216514
4.628092400,12.663350482
4.628295900,12.659482549
4.628499300,12.651616517
4.628702800,12.647748585
4.628906300,12.639880652
4.629109700,12.636014620
4.629313200,12.628146687
4.629516600,12.620280655
4.629720100,12.616412723
4.629923500,12.608546691
4.630127000,12.604678758
4.630330400,12.596812726
4.630533900,12.588944794
4.630737300,12.585078762
4.630940800,12.577210829
4.631144200,12.573344797
4.631347700,12.565476864
4.631551100,12.561610832
4.631754600,12.553742900
4.631958000,12.545876868
4.632161500,12.542008935
4.632364900,12.534142903
4.632568400,12.530274971
4.632771800,12.522408939
4.632975300,12.518541006
4.633178700,12.510674974
4.633382200,12.502807041
4.633585600,12.498941010
4.633789100,12.495073077
4.633992500,12.487207045
4.634196000,12.479339112
4.634399400,12.475473080
4.634602900,12.467605148
4.634806300,12.463739116
4.635009800,12.455871183
4.635213200,12.448005151
4.635416700,12.444137219
4.635620100,12.440271187
4.635823600,12.432403254
4.636027000,12.424537222
4.636230500,12.420669289
4.636433900,12.412803257
4.636637400,12.408935325
4.636840800,12.401069293
4.637044300,12.397201360
4.637247700,12.389335328
4.637451200,12.381467396
4.637654600,12.377601364
4.637858100,12.373733431
4.638061500,12.365867399
4.638265000,12.357999466
4.638468400,12.354133435
4.638671900,12.346265502
4.638875300,12.338399470
4.639078800,12.334531537
4.639282200,12.326665505
4.639485700,12.322797573
4.639689100,12.314931541
4.639892600,12.311063608
4.640096000,12.303197576
4.640299500,12.295329644
4.640502900,12.291463612
4.640706400,12.283595679
4.640909800,12.279729647
4.641113300,12.271861714
4.641316700,12.263995682
4.641520200,12.260127750
4.641723600,12.252261718
4.641927100,12.244393785
4.642130500,12.240527753
4.642334000,12.232659821
4.642537400,12.228793789
4.642740900,12.220925856
4.642944300,12.213059824
4.643147800,12.209191891
4.643351200,12.201325860
4.643554700,12.197457927
4.643758100,12.189591895
4.643961600,12.181723962
4.644165000,12.177857930
4.644368500,12.169989998
4.644571900,12.166123966
4.644775400,12.158256033
4.644978800,12.150390001
4.645182300,12.146522069
4.645385700,12.138656037
4.645589200,12.134788104
4.645792600,12.126922072
4.645996100,12.119054139
4.646199500,12.115188107
4.646403000,12.107320175
4.646606400,12.103454143
4.646809900,12.095586210
4.647013300,12.087720178
4.647216800,12.083852246
4.647420200,12.075986214
4.647623700,12.072118281
4.647827100,12.064252249
4.648030600,12.056384316
4.648234000,12.052518285
4.648437500,12.048650352
4.648641000,12.040782419
4.648844400,12.032916387
4.649047900,12.029048455
4.649251300,12.021182423
4.649454800,12.017314490
4.649658200,12.009448458
4.649861700,12.005580526
4.650065100,11.997714494
4.650268600,11.989846561
4.650472000,11.985980529
4.650675500,11.978112596
4.650878900,11.974246564
4.651082400,11.966378632
4.651285800,11.962512600
4.651489300,11.954644667
4.651692700,11.950778635
4.651896200,11.942910703
4.652099600,11.935044671
4.652303100,11.931176738
4.652506500,11.927310706
4.652710000,11.919442773
4.652913400,11.911576741
4.653116900,11.907708809
4.653320300,11.899842777
4.653523800,11.895974844
4.653727200,11.888108812
4.653930700,11.884240880
4.654134100,11.876374848
4.654337600,11.868506915
4.654541000,11.864640883
4.654744500,11.856772951
4.654947900,11.852906919
4.655151400,11.845038986
4.655354800,11.841172954
4.655558300,11.833305021
4.655761700,11.825438989
4.655965200,11.821571057
4.656168600,11.813705025
4.656372100,11.805837092
4.656575500,11.801971060
4.656779000,11.794103128
4.656982400,11.786237096
4.657185900,11.782369163
4.657389300,11.774503131
4.657592800,11.766635198
4.657796200,11.762769166
4.657999700,11.754901234
4.658203100,11.747035202
4.658406600,11.739167269
4.658610000,11.735301237
4.658813500,11.727433305
4.659016900,11.719567273
4.659220400,11.711699340
4.659423800,11.707833308
4.659627300,11.695965376
4.659830700,11.692099344
4.660034200,11.684231411
4.660237600,11.676365379
4.660441100,11.668497446
4.660644500,11.664631414
4.660848000,11.652763482
4.661051400,11.648897450
4.661254900,11.641029517
4.661458300,11.629163485
4.661661800,11.625295553
4.661865200,11.617429521
4.662068700,11.609561588
4.662272100,11.601695556
4.662475600,11.593827623
4.662679000,11.585961592
4.662882500,11.578093659
4.663085900,11.570227627
4.663289400,11.566359694
4.663492800,11.554493662
4.663696300,11.546625730
4.663899700,11.542759698
4.664103200,11.534891765
4.664306600,11.523025733
4.664510100,11.515157801
4.664713500,11.511291769
4.664917000,11.499423836
4.665120400,11.491557804
4.665323900,11.487689871
4.665527300,11.475823839
4.665730800,11.467955907
4.665934200,11.464089875
4.666137700,11.456221942
4.666341100,11.444355910
4.666544600,11.436487978
4.666748000,11.432621946
4.666951500,11.420754013
4.667154900,11.412887981
4.667358400,11.409020048
4.667561800,11.397154017
4.667765300,11.389286084
4.667968800,11.381418151
4.668172200,11.377552119
4.668375700,11.365684187
4.668579100,11.357818155
4.668782600,11.349950222
4.668986000,11.342084190
4.669189500,11.334216257
4.669392900,11.326350226
4.669596400,11.318482293
4.669799800,11.310616261
4.670003300,11.302748328
4.670206700,11.294882296
4.670410200,11.287014364
4.670613600,11.279148332
4.670817100,11.271280399
4.671020500,11.263414367
4.671224000,11.255546435
4.671427400,11.247680403
4.671630900,11.239812470
4.671834300,11.231946438
4.672037800,11.224078505
4.672241200,11.212212473
4.672444700,11.208344541
4.672648100,11.200478509
4.672851600,11.192610576
4.673055000,11.180744544
4.673258500,11.172876612
4.673461900,11.169010580
4.673665400,11.157142647
4.673868800,11.149276615
4.674072300,11.141408682
4.674275700,11.129542651
4.674479200,11.121674718
4.674682600,11.117808686
4.674886100,11.109940753
4.675089500,11.098074721
4.675293000,11.090206789
4.675496400,11.082340757
4.675699900,11.070472824
4.675903300,11.062606792
4.676106800,11.054738860
4.676310200,11.042872828
4.676513700,11.035004895
4.676717100,11.027138863
4.676920600,11.019270930
4.677124000,11.007404898
4.677327500,10.999536966
4.677530900,10.991670934
4.677734400,10.979803001
4.677937800,10.971936969
4.678141300,10.964069037
4.678344700,10.952203005
4.678548200,10.944335072
4.678751600,10.936469040
4.678955100,10.928601107
4.679158500,10.916735076
4.679362000,10.908867143
4.679565400,10.901001111
4.679768900,10.889133178
4.679972300,10.877267146
4.680175800,10.869399214
4.680379200,10.857533182
4.680582700,10.849665249
4.680786100,10.841799217
4.680989600,10.829931285
4.681193000,10.822065253
4.681396500,10.814197320
4.681599900,10.802331288
4.681803400,10.790463355
4.682006800,10.782597323
4.682210300,10.774729391
4.682413700,10.762863359
4.682617200,10.754995426
4.682820600,10.747129394
4.683024100,10.731261462
4.683227500,10.723395430
4.683431000,10.715527497
4.683634400,10.707661465
4.683837900,10.695793532
4.684041300,10.687927501
4.684244800,10.680059568
4.684448200,10.664193536
4.684651700,10.656325603
4.684855100,10.648459571
4.685058600,10.636591639
4.685262000,10.628725607
4.685465500,10.620857674
4.685668900,10.608991642
4.685872400,10.597123710
4.686075800,10.589257678
4.686279300,10.581389745
4.686482700,10.569523713
4.686686200,10.561655780
4.686889600,10.549789748
4.687093100,10.537921816
4.687296500,10.530055784
4.687500000,10.522187851
4.687703500,10.514319919
4.687906900,10.498453887
4.688110400,10.490585954
4.688313800,10.482719922
4.688517300,10.470851989
4.688720700,10.462985957
4.688924200,10.455118025
4.689127600,10.439251993
4.689331100,10.431384060
4.689534500,10.423518028
4.689738000,10.411650096
4.689941400,10.403784064
4.690144900,10.395916131
4.690348300,10.384050099
4.690551800,10.372182167
4.690755200,10.364316135
4.690958700,10.356448202
4.691162100,10.344582170
4.691365600,10.332714237
4.691569000,10.324848205
4.691772500,10.312980273
4.691975900,10.305114241
4.692179400,10.297246308
4.692382800,10.285380276
4.692586300,10.273512344
4.692789700,10.265646312
4.692993200,10.257778379
4.693196600,10.245912347
4.693400100,10.234044414
4.693603500,10.226178382
4.693807000,10.214310450
4.694010400,10.206444418
4.694213900,10.198576485
4.694417300,10.190710453
4.694620800,10.174842521
4.694824200,10.166976489
4.695027700,10.159108556
4.695231100,10.147242524
4.695434600,10.135374592
4.695638000,10.127508560
4.695841500,10.115640627
4.696044900,10.107774595
4.696248400,10.099906662
4.696451800,10.092040630
4.696655300,10.076172698
4.696858700,10.068306666
4.697062200,10.060438733
4.697265600,10.048572701
4.697469100,10.036704769
4.697672500,10.028838737
4.697876000,10.016970804
4.698079400,10.009104772
4.698282900,10.001236839
4.698486300,9.985370807
4.698689800,9.977502875
4.698893200,9.969636843
4.699096700,9.961768910
4.699300100,9.949902878
4.699503600,9.938034946
4.699707000,9.930168914
4.699910500,9.918300981
4.700113900,9.910434949
4.700317400,9.902567017
4.700520800,9.886700985
4.700724300,9.878833052
4.700927700,9.870967020
4.701131200,9.863099087
4.701334600,9.847233055
4.701538100,9.839365123
4.701741500,9.831499091
4.701945000,9.819631158
4.702148400,9.807765126
4.702351900,9.799897194
4.702555300,9.788031162
4.702758800,9.780163229
4.702962200,9.768297197
4.703165700,9.760429264
4.703369100,9.748563233
4.703572600,9.736695300
4.703776000,9.728829268
4.703979500,9.716961335
4.704182900,9.705095303
4.704386400,9.697227371
4.704589800,9.685361339
4.704793300,9.677493406
4.704996700,9.665627374
4.705200200,9.657759442
4.705403600,9.645893410
4.705607100,9.634025477
4.705810500,9.626159445
4.706014000,9.610291512
4.706217400,9.602425480
4.706420900,9.594557548
4.706624300,9.578691516
4.706827800,9.570823583
4.707031300,9.562955651
4.707234700,9.555089619
4.707438200,9.539221686
4.707641600,9.531355654
4.707845100,9.519487721
4.708048500,9.507621689
4.708252000,9.499753757
4.708455400,9.487887725
4.708658900,9.476019792
4.708862300,9.464153760
4.709065800,9.456285828
4.709269200,9.444419796
4.709472700,9.432551863
4.709676100,9.424685831
4.709879600,9.416817898
4.710083000,9.400951867
4.710286500,9.393083934
4.710489900,9.385217902
4.710693400,9.369349969
4.710896800,9.361483937
4.711100300,9.349616005
4.711303700,9.337749973
4.711507200,9.329882040
4.711710600,9.318016008
4.711914100,9.310148076
4.712117500,9.298282044
4.712321000,9.286414111
4.712524400,9.278548079
4.712727900,9.266680146
4.712931300,9.254814114
4.713134800,9.246946182
4.713338200,9.235080150
4.713541700,9.223212217
4.713745100,9.215346185
4.713948600,9.207478253
4.714152000,9.191612221
4.714355500,9.183744288
4.714558900,9.175878256
4.714762400,9.164010323
4.714965800,9.152144292
4.715169300,9.144276359
4.715372700,9.132410327
4.715576200,9.120542394
4.715779600,9.112676362
4.715983100,9.104808430
4.716186500,9.092942398
4.716390000,9.081074465
4.716593400,9.073208433
4.716796900,9.061340501
4.717000300,9.053474469
4.717203800,9.041606536
4.717407200,9.029740504
4.717610700,9.021872571
4.717814100,9.014006539
4.718017600,8.998138607
4.718221000,8.990272575
4.718424500,8.982404642
4.718627900,8.974538610
4.718831400,8.958670678
4.719034800,8.950804646
4.719238300,8.942936713
4.719441700,8.931070681
4.719645200,8.923202748
4.719848600,8.911336717
4.720052100,8.899468784
4.720255500,8.891602752
4.720459000,8.883734819
4.720662400,8.875868787
4.720865900,8.860000855
4.721069300,8.852134823
4.721272800,8.844266890
4.721476200,8.832400858
4.721679700,8.824532926
4.721883100,8.816666894
4.722086600,8.800798961
4.722290000,8.792932929
4.722493500,8.785064996
4.722696900,8.777198964
4.722900400,8.765331032
4.723103800,8.753465000
4.723307300,8.745597067
4.723510700,8.733731035
4.723714200,8.725863103
4.723917600,8.717997071
4.724121100,8.706129138
4.724324500,8.694263106
4.724528000,8.686395173
4.724731400,8.678529142
4.724934900,8.666661209
4.725138300,8.658795177
4.725341800,8.650927244
4.725545200,8.635061212
4.725748700,8.627193280
4.725952100,8.619327248
4.726155600,8.607459315
4.726359000,8.599593283
4.726562500,8.591725351
4.726766000,8.583857418
4.726969400,8.571991386
4.727172900,8.564123453
4.727376300,8.552257421
4.727579800,8.540389489
4.727783200,8.532523457
4.727986700,8.524655524
4.728190100,8.512789492
4.728393600,8.504921560
4.728597000,8.497055528
4.728800500,8.485187595
4.729003900,8.477321563
4.729207400,8.469453630
4.729410800,8.461587598
4.729614300,8.449719666
4.729817700,8.441853634
4.730021200,8.433985701
4.730224600,8.418119669
4.730428100,8.410251737
4.730631500,8.402385705
4.730835000,8.390517772
4.731038400,8.382651740
4.731241900,8.374783808
4.731445300,8.366917776
4.731648800,8.355049843
4.731852200,8.347183811
4.732055700,8.339315878
4.732259100,8.327449846
4.732462600,8.319581914
4.732666000,8.311715882
4.732869500,8.299847949
4.733072900,8.291981917
4.733276400,8.284113985
4.733479800,8.276247953
4.733683300,8.264380020
4.733886700,8.256513988
4.734090200,8.248646055
4.734293600,8.236780023
4.734497100,8.228912091
4.734700500,8.221046059
4.734904000,8.209178126
4.735107400,8.201312094
4.735310900,8.193444162
4.735514300,8.185578130
4.735717800,8.173710197
4.735921200,8.165844165
4.736124700,8.157976233
4.736328100,8.146110201
4.736531600,8.138242268
4.736735000,8.130376236
4.736938500,8.118508303
4.737141900,8.110642271
4.737345400,8.102774339
4.737548800,8.090908307
4.737752300,8.083040374
4.737955700,8.075174342
4.738159200,8.067306410
4.738362600,8.055440378
4.738566100,8.047572445
4.738769500,8.039706413
4.738973000,8.027838480
4.739176400,8.019972448
4.739379900,8.012104516
4.739583300,8.000238484
4.739786800,7.992370551
4.739990200,7.984504519
4.740193700,7.976636587
4.740397100,7.964770555
4.740600600,7.956902622
4.740804000,7.949036590
4.741007500,7.937168658
4.741210900,7.929302626
4.741414400,7.921434693
4.741617800,7.905568661
4.741821300,7.897700728
4.742024700,7.889834696
4.742228200,7.881966764
4.742431600,7.870100732
4.742635100,7.862232799
4.742838500,7.854366767
4.743042000,7.842498835
4.743245400,7.834632803
4.743448900,7.826764870
4.743652300,7.810898838
4.743855800,7.803030905
4.744059200,7.795164874
4.744262700,7.787296941
4.744466100,7.775430909
4.744669600,7.767562976
4.744873000,7.759696944
4.745076500,7.743829012
4.745279900,7.735962980
4.745483400,7.728095047
4.745686800,7.716229015
4.745890300,7.708361083
4.746093800,7.700493150
4.746297200,7.684627118
4.746500700,7.676759185
4.746704100,7.668893153
4.746907600,7.661025221
4.747111000,7.645159189
4.747314500,7.637291256
4.747517900,7.629425224
4.747721400,7.617557292
4.747924800,7.609691260
4.748128300,7.597823327
4.748331700,7.585957295
4.748535200,7.578089362
4.748738600,7.570223330
4.748942100,7.558355398
4.749145500,7.546489366
4.749349000,7.538621433
4.749552400,7.530755401
4.749755900,7.514887469
4.749959300,7.507021437
4.750162800,7.499153504
4.750366200,7.483287472
4.750569700,7.475419539
4.750773100,7.467553508
4.750976600,7.459685575
4.751180000,7.443819543
4.751383500,7.435951610
4.751586900,7.428085578
4.751790400,7.416217646
4.751993800,7.404351614
4.752197300,7.396483681
4.752400700,7.384617649
4.752604200,7.376749717
4.752807600,7.368883685
4.753011100,7.357015752
4.753214500,7.345149720
4.753418000,7.337281787
4.753621400,7.329415755
4.753824900,7.313547823
4.754028300,7.305681791
4.754231800,7.297813858
4.754435200,7.285947826
4.754638700,7.274079894
4.754842100,7.266213862
4.755045600,7.258345929
4.755249000,7.246479897
4.755452500,7.238611964
4.755655900,7.226745933
4.755859400,7.214878000
4.756062800,7.207011968
4.756266300,7.199144035
4.756469700,7.187278003
4.756673200,7.175410071
4.756876600,7.167544039
4.757080100,7.155676106
4.757283500,7.147810074
4.757487000,7.139942142
4.757690400,7.128076110
4.757893900,7.116208177
4.758097300,7.108342145
4.758300800,7.100474212
4.758504200,7.088608180
4.758707700,7.076740248
4.758911100,7.068874216
4.759114600,7.057006283
4.759318000,7.049140251
4.759521500,7.041272319
4.759724900,7.029406287
4.759928400,7.017538354
4.760131800,7.009672322
4.760335300,7.001804389
4.760538700,6.989938358
4.760742200,6.978070425
4.760945600,6.970204393
4.761149100,6.958336460
4.761352500,6.950470428
4.761556000,6.942602496
4.761759400,6.934736464
4.761962900,6.918868531
4.762166300,6.911002499
4.762369800,6.903134567
4.762573200,6.891268535
4.762776700,6.883400602
4.762980100,6.871534570
4.763183600,6.859666637
4.763387000,6.851800605
4.763590500,6.843932673
4.763793900,6.836066641
4.763997400,6.820198708
4.764200800,6.812332676
4.764404300,6.804464744
4.764607700,6.792598712
4.764811200,6.784730779
4.765014600,6.776864747
4.765218100,6.760996814
4.765421500,6.753130783
4.765625000,6.745262850
4.765828500,6.733394917
4.766031900,6.725528885
4.766235400,6.717660953
4.766438800,6.709794921
4.766642300,6.693926988
4.766845700,6.686060956
4.767049200,6.678193024
4.767252600,6.666326992
4.767456100,6.658459059
4.767659500,6.650593027
4.767863000,6.638725094
4.768066400,6.630859062
4.768269900,6.622991130
4.768473300,6.611125098
4.768676800,6.599257165
4.768880200,6.591391133
4.769083700,6.583523201
4.769287100,6.571657169
4.769490600,6.563789236
4.769694000,6.555923204
4.769897500,6.544055271
4.770100900,6.536189239
4.770304400,6.528321307
4.770507800,6.520455275
4.770711300,6.508587342
4.770914700,6.500721310
4.771118200,6.492853378
4.771321600,6.476987346
4.771525100,6.469119413
4.771728500,6.461253381
4.771932000,6.449385449
4.772135400,6.441519417
4.772338900,6.433651484
4.772542300,6.425785452
4.772745800,6.413917519
4.772949200,6.406051487
4.773152700,6.398183555
4.773356100,6.386317523
4.773559600,6.378449590
4.773763000,6.370583558
4.773966500,6.358715626
4.774169900,6.350849594
4.774373400,6.342981661
4.774576800,6.331115629
4.774780300,6.323247696
4.774983700,6.315381664
4.775187200,6.307513732
4.775390600,6.295647700
4.775594100,6.287779767
4.775797500,6.279913735
4.776001000,6.268045803
4.776204400,6.260179771
4.776407900,6.252311838
4.776611300,6.240445806
4.776814800,6.232577874
4.777018200,6.224711842
4.777221700,6.216843909
4.777425100,6.204977877
4.777628600,6.197109944
4.777832000,6.189243912
4.778035500,6.177375980
4.778238900,6.169509948
4.778442400,6.161642015
4.778645800,6.149775983
4.778849300,6.145908051
4.779052700,6.138042019
4.779256200,6.130174086
4.779459600,6.118308054
4.779663100,6.110440121
4.779866500,6.102574089
4.780070000,6.090706157
4.780273400,6.082840125
4.780476900,6.074972192
4.780680300,6.063106160
4.780883800,6.055238228
4.781087200,6.047372196
4.781290700,6.039504263
4.781494100,6.027638231
4.781697600,6.019770299
4.781901000,6.011904267
4.782104500,6.000036334
4.782307900,5.992170302
4.782511400,5.984302369
4.782714800,5.972436337
4.782918300,5.964568405
4.783121700,5.956702373
4.783325200,5.948834440
4.783528600,5.936968408
4.783732100,5.929100476
4.783935500,5.921234444
4.784139000,5.909366511
4.784342400,5.901500479
4.784545900,5.893632546
4.784749300,5.881766515
4.784952800,5.873898582
4.785156300,5.866030649
4.785359700,5.854164617
4.785563200,5.846296685
4.785766600,5.838430653
4.785970100,5.830562720
4.786173500,5.818696688
4.786377000,5.810828755
4.786580400,5.802962724
4.786783900,5.791094791
4.786987300,5.783228759
4.787190800,5.775360826
4.787394200,5.763494794
4.787597700,5.755626862
4.787801100,5.747760830
4.788004600,5.739892897
4.788208000,5.728026865
4.788411500,5.720158933
4.788614900,5.712292901
4.788818400,5.700424968
4.789021800,5.692558936
4.789225300,5.684691003
4.789428700,5.668824971
4.789632200,5.660957039
4.789835600,5.653091007
4.790039100,5.645223074
4.790242500,5.633357042
4.790446000,5.625489110
4.790649400,5.617623078
4.790852900,5.605755145
4.791056300,5.597889113
4.791259800,5.590021180
4.791463200,5.574155149
4.791666700,5.566287216
4.791870100,5.558421184
4.792073600,5.550553251
4.792277000,5.538687219
4.792480500,5.530819287
4.792683900,5.522953255
4.792887400,5.511085322
4.793090800,5.503219290
4.793294300,5.495351358
4.793497700,5.479485326
4.793701200,5.471617393
4.793904600,5.463751361
4.794108100,5.451883428
4.794311500,5.444017396
4.794515000,5.436149464
4.794718400,5.428283432
4.794921900,5.416415499
4.795125300,5.408549467
4.795328800,5.400681535
4.795532200,5.388815503
4.795735700,5.380947570
4.795939100,5.373081538
4.796142600,5.361213605
4.796346000,5.349347574
4.796549500,5.341479641
4.796752900,5.333613609
4.796956400,5.321745676
4.797159800,5.313879644
4.797363300,5.306011712
4.797566700,5.294145680
4.797770200,5.286277747
4.797973600,5.278411715
4.798177100,5.266543783
4.798380500,5.258677751
4.798584000,5.250809818
4.798787400,5.242943786
4.798990900,5.231075853
4.799194300,5.223209821
4.799397800,5.215341889
4.799601200,5.203475857
4.799804700,5.195607924
4.800008100,5.187741892
4.800211600,5.175873960
4.800415000,5.168007928
4.800618500,5.160139995
4.800821900,5.152273963
4.801025400,5.140406030
4.801228800,5.132539999
4.801432300,5.124672066
4.801635700,5.112806034
4.801839200,5.104938101
4.802042600,5.097072069
4.802246100,5.085204137
4.802449500,5.077338105
4.802653000,5.069470172
4.802856400,5.061604140
4.803059900,5.049736208
4.803263300,5.041870176
4.803466800,5.034002243
4.803670200,5.022136211
4.803873700,5.014268278
4.804077100,5.006402246
4.804280600,4.994534314
4.804484000,4.990668282
4.804687500,4.982800349
4.804891000,4.970932417
4.805094400,4.963066385
4.805297900,4.955198452
4.805501300,4.947332420
4.805704800,4.935464487
4.805908200,4.927598455
4.806111700,4.919730523
4.806315100,4.907864491
4.806518600,4.899996558
4.806722000,4.892130526
4.806925500,4.880262594
4.807128900,4.876396562
4.807332400,4.868528629
4.807535800,4.860662597
4.807739300,4.848794665
4.807942700,4.840928633
4.808146200,4.833060700
4.808349600,4.821194668
4.808553100,4.813326735
4.808756500,4.805460703
4.808960000,4.797592771
4.809163400,4.789726739
4.809366900,4.781858806
4.809570300,4.773992774
4.809773800,4.762124842
4.809977200,4.758258810
4.810180700,4.750390877
4.810384100,4.738524845
4.810587600,4.730656912
4.810791000,4.722790880
4.810994500,4.714922948
4.811197900,4.707056916
4.811401400,4.699188983
4.811604800,4.691322951
4.811808300,4.679455019
4.812011700,4.671588987
4.812215200,4.667721054
4.812418600,4.655855022
4.812622100,4.647987090
4.812825500,4.640121058
4.813029000,4.632253125
4.813232400,4.624387093
4.813435900,4.616519160
4.813639300,4.608653128
4.813842800,4.600785196
4.814046200,4.592919164
4.814249700,4.585051231
4.814453100,4.577185199
4.814656600,4.569317267
4.814860000,4.561451235
4.815063500,4.549583302
4.815266900,4.545717270
4.815470400,4.537849337
4.815673800,4.525983305
4.815877300,4.518115373
4.816080700,4.514249341
4.816284200,4.506381408
4.816487600,4.494515376
4.816691100,4.490647444
4.816894500,4.482781412
4.817098000,4.470913479
4.817301400,4.467047447
4.817504900,4.459179515
4.817708300,4.447313483
4.817911800,4.439445550
4.818115200,4.435579518
4.818318700,4.427711585
4.818522100,4.415845553
4.818725600,4.411977621
4.818929000,4.404111589
4.819132500,4.392243656
4.819335900,4.388377624
4.819539400,4.380509692
4.819742800,4.372643660
4.819946300,4.364775727
4.820149700,4.356909695
4.820353200,4.349041762
4.820556600,4.341175731
4.820760100,4.333307798
4.820963500,4.325441766
4.821167000,4.317573833
4.821370400,4.309707801
4.821573900,4.305839869
4.821777300,4.293973837
4.821980800,4.286105904
4.822184200,4.282239872
4.822387700,4.270371940
4.822591100,4.266505908
4.822794600,4.258637975
4.822998000,4.250771943
4.823201500,4.242904010
4.823404900,4.235037978
4.823608400,4.227170046
4.823811800,4.219304014
4.824015300,4.211436081
4.824218700,4.207570049
4.824422200,4.195702117
4.824625700,4.191834184
4.824829100,4.183968152
4.825032600,4.176100219
4.825236000,4.168234187
4.825439500,4.160366255
4.825642900,4.156500223
4.825846400,4.144632290
4.826049800,4.140766258
4.826253300,4.132898326
4.826456700,4.125032294
4.826660200,4.117164361
4.826863600,4.113298329
4.827067100,4.105430396
4.827270500,4.097564365
4.827474000,4.089696432
4.827677400,4.085830400
4.827880900,4.073962467
4.828084300,4.070096435
4.828287800,4.062228503
4.828491200,4.054362471
4.828694700,4.046494538
4.828898100,4.042628506
4.829101600,4.034760574
4.829305000,4.026894542
4.829508500,4.019026609
4.829711900,4.015160577
4.829915400,4.007292644
4.830118800,3.999426612
4.830322300,3.991558680
4.830525700,3.983692648
4.830729200,3.979824715
4.830932600,3.971958683
4.831136100,3.968090751
4.831339500,3.956224719
4.831543000,3.952356786
4.831746400,3.944490754
4.831949900,3.936622821
4.832153300,3.932756790
4.832356800,3.924888857
4.832560200,3.917022825
4.832763700,3.913154892
4.832967100,3.905288860
4.833170600,3.897420928
4.833374000,3.889554896
4.833577500,3.885686963
4.833780900,3.877820931
4.833984400,3.869952999
4.834187800,3.866086967
4.834391300,3.858219034
4.834594700,3.850353002
4.834798200,3.846485069
4.835001600,3.838619037
4.835205100,3.830751105
4.835408500,3.826885073
4.835612000,3.819017140
4.835815400,3.815151108
4.836018900,3.807283176
4.836222300,3.799417144
4.836425800,3.795549211
4.836629200,3.787683179
4.836832700,3.779815246
4.837036100,3.775949215
4.837239600,3.764081282
4.837443000,3.760215250
4.837646500,3.752347317
4.837849900,3.748481285
4.838053400,3.740613353
4.838256800,3.732747321
4.838460300,3.728879388
4.838663700,3.721013356
4.838867200,3.713145424
4.839070600,3.709279392
4.839274100,3.701411459
4.839477500,3.693545427
4.839681000,3.689677494
4.839884400,3.681811462
4.840087900,3.673943530
4.840291300,3.670077498
4.840494800,3.662209565
4.840698200,3.654343533
4.840901700,3.650475601
4.841105100,3.642609569
4.841308600,3.634741636
4.841512000,3.630875604
4.841715500,3.623007671
4.841918900,3.615141640
4.842122400,3.607273707
4.842325800,3.603407675
4.842529300,3.595539742
4.842732700,3.587673710
4.842936200,3.583805778
4.843139600,3.575939746
4.843343100,3.568071813
4.843546500,3.564205781
4.843750000,3.556337849
4.843953500,3.548469916
4.844156900,3.544603884
4.844360400,3.536735951
4.844563800,3.528869919
4.844767300,3.521001987
4.844970700,3.517135955
4.845174200,3.509268022
4.845377600,3.501401990
4.845581100,3.497534058
4.845784500,3.489668026
4.845988000,3.481800093
4.846191400,3.477934061
4.846394900,3.470066128
4.846598300,3.466200096
4.846801800,3.458332164
4.847005200,3.450466132
4.847208700,3.446598199
4.847412100,3.438732167
4.847615600,3.430864235
4.847819000,3.426998203
4.848022500,3.419130270
4.848225900,3.411264238
4.848429400,3.407396306
4.848632800,3.399530274
4.848836300,3.391662341
4.849039700,3.387796309
4.849243200,3.379928376
4.849446600,3.372062344
4.849650100,3.364194412
4.849853500,3.360328380
4.850057000,3.352460447
4.850260400,3.344594415
4.850463900,3.340726483
4.850667300,3.332860451
4.850870800,3.324992518
4.851074200,3.321126486
4.851277700,3.313258553
4.851481100,3.305392521
4.851684600,3.301524589
4.851888000,3.293658557
4.852091500,3.285790624
4.852294900,3.281924592
4.852498400,3.274056660
4.852701800,3.266190628
4.852905300,3.262322695
4.853108700,3.254456663
4.853312200,3.246588731
4.853515600,3.238722699
4.853719100,3.234854766
4.853922500,3.226988734
4.854126000,3.219120801
4.854329400,3.215254769
4.854532900,3.207386837
4.854736300,3.199520805
4.854939800,3.191652872
4.855143200,3.187786840
4.855346700,3.179918908
4.855550100,3.172052876
4.855753600,3.168184943
4.855957000,3.160318911
4.856160500,3.152450978
4.856363900,3.144584946
4.856567400,3.140717014
4.856770800,3.128850982
4.856974300,3.124983049
4.857177700,3.117117017
4.857381200,3.113249085
4.857584600,3.105383053
4.857788100,3.097515120
4.857991500,3.089649088
4.858195000,3.081781156
4.858398400,3.073915124
4.858601900,3.070047191
4.858805300,3.062181159
4.859008800,3.054313226
4.859212200,3.046447194
4.859415700,3.042579262
4.859619100,3.034713230
4.859822600,3.026845297
4.860026000,3.018979265
4.860229500,3.011111333
4.860432900,3.003245301
4.860636400,2.999377368
4.860839800,2.991511336
4.861043300,2.983643403
4.861246700,2.975777372
4.861450200,2.967909439
4.861653600,2.960043407
4.861857100,2.956175474
4.862060500,2.948309442
4.862264000,2.940441510
4.862467400,2.932575478
4.862670900,2.928707545
4.862874300,2.916841513
4.863077800,2.912973581
4.863281200,2.905107549
4.863484700,2.897239616
4.863688200,2.889371683
4.863891600,2.881505651
4.864095100,2.877637719
4.864298500,2.869771687
4.864502000,2.861903754
4.864705400,2.854037722
4.864908900,2.846169790
4.865112300,2.838303758
4.865315800,2.834435825
4.865519200,2.826569793
4.865722700,2.818701860
4.865926100,2.810835828
4.866129600,2.806967896
4.866333000,2.795101864
4.866536500,2.791233931
4.866739900,2.783367899
4.866943400,2.775499967
4.867146800,2.767633935
4.867350300,2.763766002
4.867553700,2.755899970
4.867757200,2.748032037
4.867960600,2.740166006
4.868164100,2.736298073
4.868367500,2.728432041
4.868571000,2.720564108
4.868774400,2.712698076
4.868977900,2.704830144
4.869181300,2.700964112
4.869384800,2.693096179
4.869588200,2.685230147
4.869791700,2.677362215
4.869995100,2.673496183
4.870198600,2.661628250
4.870402000,2.657762218
4.870605500,2.649894285
4.870808900,2.646028253
4.871012400,2.638160321
4.871215800,2.630294289
4.871419300,2.622426356
4.871622700,2.614560324
4.871826200,2.610692392
4.872029600,2.602826360
4.872233100,2.594958427
4.872436500,2.587092395
4.872640000,2.583224462
4.872843400,2.575358431
4.873046900,2.567490498
4.873250300,2.559624466
4.873453800,2.555756533
4.873657200,2.547890501
4.873860700,2.540022569
4.874064100,2.536156537
4.874267600,2.524288604
4.874471000,2.520422572
4.874674500,2.512554640
4.874877900,2.508688608
4.875081400,2.496820675
4.875284800,2.492954643
4.875488300,2.485086710
4.875691700,2.477220678
4.875895200,2.469352746
4.876098600,2.465486714
4.876302100,2.457618781
4.876505500,2.449752749
4.876709000,2.441884817
4.876912400,2.438018785
4.877115900,2.426150852
4.877319300,2.422284820
4.877522800,2.414416887
4.877726200,2.406550856
4.877929700,2.398682923
4.878133100,2.394816891
4.878336600,2.382948958
4.878540000,2.379082926
4.878743500,2.371214994
4.878946900,2.363348962
4.879150400,2.355481029
4.879353800,2.347614997
4.879557300,2.343747065
4.879760700,2.331881033
4.879964200,2.328013100
4.880167600,2.320147068
4.880371100,2.312279135
4.880574500,2.304413103
4.880778000,2.296545171
4.880981400,2.288679139
4.881184900,2.280811206
4.881388300,2.276945174
4.881591800,2.269077242
4.881795200,2.257211210
4.881998700,2.253343277
4.882202100,2.245477245
4.882405600,2.237609312
4.882609000,2.229743281
4.882812500,2.221875348
4.883016000,2.214007415
4.883219400,2.206141383
4.883422900,2.198273451
4.883626300,2.194407419
4.883829800,2.182539486
4.884033200,2.178673454
4.884236700,2.170805522
4.884440100,2.162939490
4.884643600,2.155071557
4.884847000,2.147205525
4.885050500,2.139337592
4.885253900,2.131471560
4.885457400,2.123603628
4.885660800,2.119737596
4.885864300,2.107869663
4.886067700,2.104003631
4.886271200,2.096135699
4.886474600,2.088269667
4.886678100,2.080401734
4.886881500,2.072535702
4.887085000,2.064667769
4.887288400,2.056801737
4.887491900,2.052933805
4.887695300,2.045067773
4.887898800,2.037199840
4.888102200,2.029333808
4.888305700,2.021465876
4.888509100,2.013599844
4.888712600,2.009731911
4.888916000,2.001865879
4.889119500,1.993997947
4.889322900,1.986131915
4.889526400,1.978263982
4.889729800,1.970397950
4.889933300,1.966530017
4.890136700,1.958663985
4.890340200,1.950796053
4.890543600,1.942930021
4.890747100,1.939062088
4.890950500,1.931196056
4.891154000,1.923328124
4.891357400,1.915462092
4.891560900,1.911594159
4.891764300,1.899728127
4.891967800,1.895860194
4.892171200,1.887994162
4.892374700,1.884126230
4.892578100,1.876260198
4.892781600,1.868392265
4.892985000,1.864526233
4.893188500,1.856658301
4.893391900,1.848792269
4.893595400,1.844924336
4.893798800,1.833058304
4.894002300,1.829190372
4.894205700,1.821324340
4.894409200,1.817456407
4.894612600,1.809590375
4.894816100,1.801722442
4.895019500,1.797856410
4.895223000,1.789988478
4.895426400,1.782122446
4.895629900,1.778254513
4.895833300,1.770388481
4.896036800,1.762520549
4.896240200,1.758654517
4.896443700,1.750786584
4.896647100,1.742920552
4.896850600,1.739052619
4.897054000,1.731186587
4.897257500,1.723318655
4.897460900,1.719452623
4.897664400,1.711584690
4.897867800,1.703718658
4.898071300,1.695850726
4.898274700,1.691984694
4.898478200,1.684116761
4.898681600,1.676250729
4.898885100,1.672382797
4.899088500,1.664516765
4.899292000,1.656648832
4.899495400,1.648782800
4.899698900,1.644914867
4.899902300,1.633048835
4.900105800,1.629180903
4.900309200,1.621314871
4.900512700,1.613446938
4.900716100,1.605580906
4.900919600,1.601712974
4.901123000,1.593846942
4.901326500,1.585979009
4.901529900,1.578112977
4.901733400,1.570245044
4.901936800,1.562379013
4.902140300,1.554511080
4.902343700,1.550645048
4.902547200,1.538777115
4.902750700,1.534909183
4.902954100,1.527043151
4.903157600,1.519175218
4.903361000,1.511309186
4.903564500,1.503441253
4.903767900,1.495575222
4.903971400,1.487707289
4.904174800,1.479841257
4.904378300,1.471973324
4.904581700,1.460107292
4.904785200,1.456239360
4.904988600,1.448373328
4.905192100,1.440505395
4.905395500,1.428639363
4.905599000,1.420771431
4.905802400,1.416905399
4.906005900,1.405037466
4.906209300,1.397171434
4.906412800,1.389303501
4.906616200,1.377437469
4.906819700,1.369569537
4.907023100,1.361703505
4.907226600,1.357835572
4.907430000,1.345969540
4.907633500,1.338101608
4.907836900,1.330235576
4.908040400,1.318367643
4.908243800,1.310501611
4.908447300,1.302633678
4.908650700,1.290767647
4.908854200,1.282899714
4.909057600,1.275033682
4.909261100,1.267165749
4.909464500,1.259299717
4.909668000,1.251431785
4.909871400,1.243565753
4.910074900,1.231697820
4.910278300,1.223831788
4.910481800,1.215963856
4.910685200,1.204097824
4.910888700,1.196229891
4.911092100,1.188363859
4.911295600,1.176495926
4.911499000,1.168629894
4.911702500,1.160761962
4.911905900,1.152895930
4.912109400,1.141027997
4.912312800,1.133161965
4.912516300,1.125294033
4.912719700,1.113428001
4.912923200,1.105560068
4.913126600,1.097694036
4.913330100,1.085826103
4.913533500,1.077960072
4.913737000,1.070092139
4.913940400,1.062226107
4.914143900,1.050358174
4.914347300,1.042492142
4.914550800,1.034624210
4.914754200,1.022758178
4.914957700,1.014890245
4.915161100,1.007024213
4.915364600,0.991156281
4.915568000,0.983290249
4.915771500,0.975422316
4.915974900,0.967556284
4.916178400,0.955688351
4.916381800,0.947822319
4.916585300,0.939954387
4.916788700,0.928088355
4.916992200,0.920220422
4.917195600,0.912354390
4.917399100,0.900486458
4.917602500,0.892620426
4.917806000,0.884752493
4.918009400,0.872886461
4.918212900,0.865018528
4.918416300,0.857152497
4.918619800,0.845284564
4.918823200,0.833418532
4.919026700,0.825550599
4.919230100,0.817684567
4.919433600,0.805816635
4.919637000,0.797950603
4.919840500,0.790082670
4.920043900,0.778216638
4.920247400,0.770348706
4.920450800,0.762482674
4.920654300,0.750614741
4.920857700,0.738748709
4.921061200,0.730880776
4.921264600,0.723014744
4.921468100,0.711146812
4.921671500,0.703280780
4.921875000,0.695412847
4.922078500,0.679544915
4.922281900,0.671678883
4.922485400,0.663810950
4.922688800,0.655944918
4.922892300,0.644076985
4.923095700,0.636210953
4.923299200,0.628343021
4.923502600,0.612476989
4.923706100,0.604609056
4.923909500,0.596743024
4.924113000,0.584875092
4.924316400,0.577009060
4.924519900,0.569141127
4.924723300,0.561275095
4.924926800,0.545407163
4.925130200,0.537541131
4.925333700,0.529673198
4.925537100,0.517807166
4.925740600,0.509939233
4.925944000,0.502073201
4.926147500,0.486205269
4.926350900,0.478339237
4.926554400,0.470471304
4.926757800,0.462605272
4.926961300,0.450737340
4.927164700,0.438871308
4.927368200,0.431003375
4.927571600,0.419137343
4.927775100,0.411269410
4.927978500,0.403403378
4.928182000,0.387535446
4.928385400,0.379669414
4.928588900,0.371801481
4.928792300,0.359935449
4.928995800,0.352067517
4.929199200,0.344201485
4.929402700,0.336333552
4.929606100,0.320467520
4.929809600,0.312599588
4.930013000,0.304733556
4.930216500,0.292865623
4.930419900,0.284999591
4.930623400,0.277131658
4.930826800,0.261265626
4.931030300,0.253397694
4.931233700,0.245531662
4.931437200,0.237663729
4.931640600,0.225797697
4.931844100,0.217929765
4.932047500,0.210063733
4.932251000,0.198195800
4.932454400,0.186329768
4.932657900,0.178461835
4.932861300,0.166595803
4.933064800,0.158727871
4.933268200,0.150861839
4.933471700,0.142993906
4.933675100,0.131127874
4.933878600,0.123259942
4.934082000,0.115393910
4.934285500,0.099525977
4.934488900,0.091659945
4.934692400,0.083792013
4.934895800,0.071925981
4.935099300,0.064058048
4.935302700,0.056192016
4.935506200,0.048324083
4.935709600,0.036458051
4.935913100,0.028590119
4.936116500,0.020724087
4.936320000,0.008856154
4.936523400,0.000990122
4.936726900,-0.006877810
4.936930300,-0.018743842
4.937133800,-0.026611775
4.937337200,-0.034477807
4.937540700,-0.046345740
4.937744100,-0.058211772
4.937947600,-0.066079704
4.938151000,-0.073945736
4.938354500,-0.085813669
4.938557900,-0.093679701
4.938761400,-0.101547633
4.938964800,-0.113413665
4.939168300,-0.121281598
4.939371700,-0.129147630
4.939575200,-0.141015562
4.939778600,-0.148881594
4.939982100,-0.156749527
4.940185500,-0.164615559
4.940389000,-0.176483492
4.940592400,-0.184349524
4.940795900,-0.192217456
4.940999300,-0.204083488
4.941202800,-0.211951421
4.941406200,-0.219817453
4.941609700,-0.231685385
4.941813200,-0.239553318
4.942016600,-0.247419350
4.942220100,-0.255287283
4.942423500,-0.267153315
4.942627000,-0.275021247
4.942830400,-0.282887279
4.943033900,-0.294755212
4.943237300,-0.302621244
4.943440800,-0.310489176
4.943644200,-0.322355208
4.943847700,-0.330223141
4.944051100,-0.338089173
4.944254600,-0.345957106
4.944458000,-0.357823137
4.944661500,-0.365691070
4.944864900,-0.373557102
4.945068400,-0.385425035
4.945271800,-0.393291067
4.945475300,-0.401158999
4.945678700,-0.413025031
4.945882200,-0.420892964
4.946085600,-0.428758996
4.946289100,-0.440626928
4.946492500,-0.448492960
4.946696000,-0.456360893
4.946899400,-0.464226925
4.947102900,-0.476094858
4.947306300,-0.483960890
4.947509800,-0.491828822
4.947713200,-0.503694854
4.947916700,-0.511562787
4.948120100,-0.519428819
4.948323600,-0.531296751
4.948527000,-0.539162783
4.948730500,-0.547030716
4.948933900,-0.554896748
4.949137400,-0.562764681
4.949340800,-0.570630712
4.949544300,-0.578498645
4.949747700,-0.590364677
4.949951200,-0.598232610
4.950154600,-0.606098642
4.950358100,-0.617966574
4.950561500,-0.625832606
4.950765000,-0.633700539
4.950968400,-0.641566571
4.951171900,-0.653434503
4.951375300,-0.661300535
4.951578800,-0.665168468
4.951782200,-0.677034500
4.951985700,-0.684902433
4.952189100,-0.692768465
4.952392600,-0.704636397
4.952596000,-0.712502429
4.952799500,-0.720370362
4.953002900,-0.728236394
4.953206400,-0.740104326
4.953409800,-0.743970358
4.953613300,-0.751838291
4.953816700,-0.763704323
4.954020200,-0.771572256
4.954223600,-0.779438287
4.954427100,-0.791306220
4.954630500,-0.799172252
4.954834000,-0.807040185
4.955037400,-0.810906217
4.955240900,-0.822774149
4.955444300,-0.830640181
4.955647800,-0.838508114
4.955851200,-0.850374146
4.956054700,-0.858242078
4.956258100,-0.866108110
4.956461600,-0.877976043
4.956665000,-0.881842075
4.956868500,-0.889710008
4.957071900,-0.901576040
4.957275400,-0.909443972
4.957478800,-0.917310004
4.957682300,-0.925177937
4.957885700,-0.937043969
4.958089200,-0.944911901
4.958292600,-0.952777933
4.958496100,-0.964645866
4.958699500,-0.972511898
4.958903000,-0.980379831
4.959106400,-0.992245862
4.959309900,-1.000113795
4.959513300,-1.007979827
4.959716800,-1.015847760
4.959920200,-1.027713792
4.960123700,-1.035581724
4.960327100,-1.043447756
4.960530600,-1.055315689
4.960734000,-1.063181721
4.960937500,-1.071049653
4.961141000,-1.082917586
4.961344400,-1.090783618
4.961547900,-1.098651551
4.961751300,-1.106517583
4.961954800,-1.118385515
4.962158200,-1.126251547
4.962361700,-1.134119480
4.962565100,-1.145985512
4.962768600,-1.153853444
4.962972000,-1.165719476
4.963175500,-1.177587409
4.963378900,-1.185453441
4.963582400,-1.193321374
4.963785800,-1.201187406
4.963989300,-1.213055338
4.964192700,-1.220921370
4.964396200,-1.228789303
4.964599600,-1.244655335
4.964803100,-1.252523267
4.965006500,-1.260389299
4.965210000,-1.272257232
4.965413400,-1.280123264
4.965616900,-1.287991196
4.965820300,-1.299857228
4.966023800,-1.307725161
4.966227200,-1.315591193
4.966430700,-1.323459126
4.966634100,-1.335325158
4.966837600,-1.347193090
4.967041000,-1.355059122
4.967244500,-1.366927055
4.967447900,-1.374793087
4.967651400,-1.382661019
4.967854800,-1.394527051
4.968058300,-1.402394984
4.968261700,-1.410261016
4.968465200,-1.418128949
4.968668600,-1.429994981
4.968872100,-1.437862913
4.969075500,-1.445728945
4.969279000,-1.457596878
4.969482400,-1.465462910
4.969685900,-1.473330842
4.969889300,-1.481196874
4.970092800,-1.489064807
4.970296200,-1.496930839
4.970499700,-1.504798771
4.970703100,-1.516664803
4.970906600,-1.524532736
4.971110000,-1.532398768
4.971313500,-1.540266701
4.971516900,-1.548132733
4.971720400,-1.556000665
4.971923800,-1.567866697
4.972127300,-1.571734630
4.972330700,-1.579600662
4.972534200,-1.587468594
4.972737600,-1.595334626
4.972941100,-1.603202559
4.973144500,-1.611068591
4.973348000,-1.618936524
4.973551400,-1.626802556
4.973754900,-1.634670488
4.973958300,-1.642536520
4.974161800,-1.650404453
4.974365200,-1.654270485
4.974568700,-1.662138417
4.974772100,-1.670004449
4.974975600,-1.677872382
4.975179000,-1.681738414
4.975382500,-1.689606346
4.975585900,-1.697472378
4.975789400,-1.705340311
4.975992800,-1.713206343
4.976196300,-1.717074276
4.976399700,-1.724940308
4.976603200,-1.732808240
4.976806600,-1.736674272
4.977010100,-1.744542205
4.977213500,-1.748408237
4.977417000,-1.756276169
4.977620400,-1.764142201
4.977823900,-1.768010134
4.978027300,-1.775876166
4.978230800,-1.783744099
4.978434200,-1.787610130
4.978637700,-1.795478063
4.978841100,-1.799344095
4.979044600,-1.807212028
4.979248000,-1.811078060
4.979451500,-1.818945992
4.979654900,-1.826812024
4.979858400,-1.830679957
4.980061800,-1.838545989
4.980265300,-1.846413921
4.980468700,-1.850279953
4.980672200,-1.858147886
4.980875700,-1.862015819
4.981079100,-1.869881851
4.981282600,-1.873749783
4.981486000,-1.881615815
4.981689500,-1.889483748
4.981892900,-1.893349780
4.982096400,-1.901217712
4.982299800,-1.909083744
4.982503300,-1.912951677
4.982706700,-1.920817709
4.982910200,-1.928685642
4.983113600,-1.932551674
4.983317100,-1.940419606
4.983520500,-1.948285638
4.983724000,-1.956153571
4.983927400,-1.960019603
4.984130900,-1.967887535
4.984334300,-1.975753567
4.984537800,-1.979621500
4.984741200,-1.991487532
4.984944700,-1.995355465
4.985148100,-2.003221496
4.985351600,-2.011089429
4.985555000,-2.018955461
4.985758500,-2.022823394
4.985961900,-2.030689426
4.986165400,-2.038557358
4.986368800,-2.046423390
4.986572300,-2.054291323
4.986775700,-2.062157355
4.986979200,-2.070025287
4.987182600,-2.073891319
4.987386100,-2.085759252
4.987589500,-2.093625284
4.987793000,-2.097493217
4.987996400,-2.105359249
4.988199900,-2.113227181
4.988403300,-2.121093213
4.988606800,-2.128961146
4.988810200,-2.136827178
4.989013700,-2.144695110
4.989217100,-2.152561142
4.989420600,-2.160429075
4.989624000,-2.168295107
4.989827500,-2.176163040
4.990030900,-2.184029071
4.990234400,-2.191897004
4.990437800,-2.199763036
4.990641300,-2.207630969
4.990844700,-2.215497001
4.991048200,-2.223364933
4.991251600,-2.231230965
4.991455100,-2.239098898
4.991658500,-2.246964930
4.991862000,-2.254832862
4.992065400,-2.262698894
4.992268900,-2.270566827
4.992472300,-2.278432859
4.992675800,-2.286300792
4.992879200,-2.294166824
4.993082700,-2.302034756
4.993286100,-2.309900788
4.993489600,-2.317768721
4.993693000,-2.325634753
4.993896500,-2.333502685
4.994099900,-2.341368717
4.994303400,-2.349236650
4.994506800,-2.357102682
4.994710300,-2.360970615
4.994913700,-2.372836646
4.995117200,-2.380704579
4.995320600,-2.384570611
4.995524100,-2.396438544
4.995727500,-2.400304576
4.995931000,-2.408172508
4.996134400,-2.420038540
4.996337900,-2.423906473
4.996541300,-2.431772505
4.996744800,-2.439640437
4.996948200,-2.447506469
4.997151700,-2.455374402
4.997355100,-2.459240434
4.997558600,-2.471108367
4.997762000,-2.474974399
4.997965500,-2.482842331
4.998168900,-2.494708363
4.998372400,-2.498576296
4.998575800,-2.506442328
4.998779300,-2.514310260
4.998982700,-2.522176292
4.999186200,-2.530044225
4.999389600,-2.533910257
4.999593100,-2.541778190
4.999796500,-2.549644221
5.000000000,-2.557512154
