x (mm),altura (µm)
0.000000000,36.464300001
0.000203500,36.456929365
0.000406900,36.445560386
0.000610400,36.442189750
0.000813800,36.434820771
0.001017300,36.423450136
0.001220700,36.420081156
0.001424200,36.412710521
0.001627600,36.405341542
0.001831100,36.397970906
0.002034500,36.390601927
0.002238000,36.383231291
0.002441400,36.375862312
0.002644900,36.368491677
0.002848300,36.365122697
0.003051800,36.353752062
0.003255200,36.350383083
0.003458700,36.343012447
0.003662100,36.335643468
0.003865600,36.328272832
0.004069000,36.320903853
0.004272500,36.317533218
0.004475900,36.306164238
0.004679400,36.302793603
0.004882800,36.295424624
0.005086300,36.288053988
0.005289700,36.280685009
0.005493200,36.277314373
0.005696600,36.269945394
0.005900100,36.262574759
0.006103500,36.255205779
0.006307000,36.251835144
0.006510400,36.244466165
0.006713900,36.237095529
0.006917300,36.233726550
0.007120800,36.226355914
0.007324200,36.218986935
0.007527700,36.215616300
0.007731100,36.208247320
0.007934600,36.200876685
0.008138000,36.197507706
0.008341500,36.190137070
0.008544900,36.182768091
0.008748400,36.179397455
0.008951800,36.172028476
0.009155300,36.164657841
0.009358700,36.161288861
0.009562200,36.153918226
0.009765600,36.146549247
0.009969100,36.143178611
0.010172500,36.139809632
0.010376000,36.132438996
0.010579400,36.125070017
0.010782900,36.121699382
0.010986300,36.118330402
0.011189800,36.110959767
0.011393200,36.103590788
0.011596700,36.100220152
0.011800100,36.092851173
0.012003600,36.089480537
0.012207000,36.086111558
0.012410500,36.078740923
0.012613900,36.075371943
0.012817400,36.068001308
0.013020800,36.064632329
0.013224300,36.057261693
0.013427700,36.053892714
0.013631200,36.050522078
0.013834600,36.043153099
0.014038100,36.039782464
0.014241500,36.036413484
0.014445000,36.029042849
0.014648400,36.025673870
0.014851900,36.022303234
0.015055300,36.014934255
0.015258800,36.011563619
0.015462200,36.008194640
0.015665700,36.000824005
0.015869100,35.997455025
0.016072600,35.994084390
0.016276000,35.986715411
0.016479500,35.983344775
0.016682900,35.979975796
0.016886400,35.976605160
0.017089800,35.969236181
0.017293300,35.965865546
0.017496700,35.962496566
0.017700200,35.959125931
0.017903600,35.951756952
0.018107100,35.948386316
0.018310500,35.945017337
0.018514000,35.941646701
0.018717400,35.938277722
0.018920900,35.930907087
0.019124300,35.927538107
0.019327800,35.924167472
0.019531300,35.920796836
0.019734700,35.917427857
0.019938200,35.914057222
0.020141600,35.906688242
0.020345100,35.903317607
0.020548500,35.899948628
0.020752000,35.896577992
0.020955400,35.893209013
0.021158900,35.889838377
0.021362300,35.886469398
0.021565800,35.883098763
0.021769200,35.879729783
0.021972700,35.872359148
0.022176100,35.868990169
0.022379600,35.865619533
0.022583000,35.862250554
0.022786500,35.858879918
0.022989900,35.855510939
0.023193400,35.852140304
0.023396800,35.848771324
0.023600300,35.845400689
0.023803700,35.842031710
0.024007200,35.838661074
0.024210600,35.835292095
0.024414100,35.831921459
0.024617500,35.828552480
0.024821000,35.825181845
0.025024400,35.821812865
0.025227900,35.818442230
0.025431300,35.815073251
0.025634800,35.811702615
0.025838200,35.808333636
0.026041700,35.804963000
0.026245100,35.801594021
0.026448600,35.798223386
0.026652000,35.794854406
0.026855500,35.791483771
0.027058900,35.788114792
0.027262400,35.784744156
0.027465800,35.781375177
0.027669300,35.778004541
0.027872700,35.774635562
0.028076200,35.775264927
0.028279600,35.771895947
0.028483100,35.768525312
0.028686500,35.765156333
0.028890000,35.761785697
0.029093400,35.758416718
0.029296900,35.755046082
0.029500300,35.751677103
0.029703800,35.748306468
0.029907200,35.744937488
0.030110700,35.741566853
0.030314100,35.742197874
0.030517600,35.738827238
0.030721000,35.735458259
0.030924500,35.732087623
0.031127900,35.728718644
0.031331400,35.725348009
0.031534800,35.721979029
0.031738300,35.718608394
0.031941700,35.715239415
0.032145200,35.715868779
0.032348600,35.712499800
0.032552100,35.709129164
0.032755500,35.705760185
0.032959000,35.702389550
0.033162400,35.699020570
0.033365900,35.699649935
0.033569300,35.696280956
0.033772800,35.692910320
0.033976200,35.689541341
0.034179700,35.686170705
0.034383100,35.682801726
0.034586600,35.679431091
0.034790000,35.680062111
0.034993500,35.676691476
0.035196900,35.673322497
0.035400400,35.669951861
0.035603800,35.666582882
0.035807300,35.663212246
0.036010700,35.663843267
0.036214200,35.660472632
0.036417600,35.657103652
0.036621100,35.653733017
0.036824500,35.650364038
0.037028000,35.650993402
0.037231400,35.647624423
0.037434900,35.644253787
0.037638300,35.640884808
0.037841800,35.637514173
0.038045200,35.638145193
0.038248700,35.634774558
0.038452100,35.631405579
0.038655600,35.628034943
0.038859000,35.624665964
0.039062500,35.621295328
0.039266000,35.621924693
0.039469400,35.618555714
0.039672900,35.615185078
0.039876300,35.611816099
0.040079800,35.608445463
0.040283200,35.605076484
0.040486700,35.605705849
0.040690100,35.602336869
0.040893600,35.598966234
0.041097000,35.595597255
0.041300500,35.592226619
0.041503900,35.588857640
0.041707400,35.585487004
0.041910800,35.586118025
0.042114300,35.582747390
0.042317700,35.579378410
0.042521200,35.576007775
0.042724600,35.572638796
0.042928100,35.569268160
0.043131500,35.565899181
0.043335000,35.562528545
0.043538400,35.559159566
0.043741900,35.555788931
0.043945300,35.552419951
0.044148800,35.549049316
0.044352200,35.545680337
0.044555700,35.542309701
0.044759100,35.538940722
0.044962600,35.535570086
0.045166000,35.532201107
0.045369500,35.528830472
0.045572900,35.525461492
0.045776400,35.522090857
0.045979800,35.518721878
0.046183300,35.515351242
0.046386700,35.511982263
0.046590200,35.508611627
0.046793600,35.505242648
0.046997100,35.501872013
0.047200500,35.498503033
0.047404000,35.495132398
0.047607400,35.491763419
0.047810900,35.488392783
0.048014300,35.485023804
0.048217800,35.481653168
0.048421200,35.478284189
0.048624700,35.474913554
0.048828100,35.467544574
0.049031600,35.464173939
0.049235000,35.460804960
0.049438500,35.457434324
0.049641900,35.454065345
0.049845400,35.450694709
0.050048800,35.447325730
0.050252300,35.439955095
0.050455700,35.436586115
0.050659200,35.433215480
0.050862600,35.429846501
0.051066100,35.426475865
0.051269500,35.423106886
0.051473000,35.419736250
0.051676400,35.412367271
0.051879900,35.408996636
0.052083300,35.405627656
0.052286800,35.402257021
0.052490200,35.398888042
0.052693700,35.391517406
0.052897100,35.388148427
0.053100600,35.384777791
0.053304000,35.381408812
0.053507500,35.378038177
0.053710900,35.370669197
0.053914400,35.367298562
0.054117800,35.363929583
0.054321300,35.360558947
0.054524700,35.357189968
0.054728200,35.349819332
0.054931600,35.346450353
0.055135100,35.343079718
0.055338500,35.339710738
0.055542000,35.332340103
0.055745400,35.328971124
0.055948900,35.325600488
0.056152300,35.322231509
0.056355800,35.314860873
0.056559200,35.311491894
0.056762700,35.308121259
0.056966100,35.304752279
0.057169600,35.297381644
0.057373000,35.294012665
0.057576500,35.290642029
0.057779900,35.287273050
0.057983400,35.279902414
0.058186800,35.276533435
0.058390300,35.273162800
0.058593800,35.269792164
0.058797200,35.262423185
0.059000700,35.259052549
0.059204100,35.255683570
0.059407600,35.252312935
0.059611000,35.244943955
0.059814500,35.241573320
0.060017900,35.238204341
0.060221400,35.234833705
0.060424800,35.227464726
0.060628300,35.224094090
0.060831700,35.220725111
0.061035200,35.213354476
0.061238600,35.209985496
0.061442100,35.206614861
0.061645500,35.199245882
0.061849000,35.195875246
0.062052400,35.192506267
0.062255900,35.189135631
0.062459300,35.181766652
0.062662800,35.178396017
0.062866200,35.175027037
0.063069700,35.167656402
0.063273100,35.164287423
0.063476600,35.160916787
0.063680000,35.153547808
0.063883500,35.150177172
0.064086900,35.146808193
0.064290400,35.139437558
0.064493800,35.136068578
0.064697300,35.132697943
0.064900700,35.129328964
0.065104200,35.121958328
0.065307600,35.118589349
0.065511100,35.115218713
0.065714500,35.107849734
0.065918000,35.104479099
0.066121400,35.101110119
0.066324900,35.097739484
0.066528300,35.090370505
0.066731800,35.086999869
0.066935200,35.083630890
0.067138700,35.080260254
0.067342100,35.072891275
0.067545600,35.069520640
0.067749000,35.066151660
0.067952500,35.062781025
0.068155900,35.059412046
0.068359400,35.052041410
0.068562800,35.048672431
0.068766300,35.045301795
0.068969700,35.041932816
0.069173200,35.038562181
0.069376600,35.035193201
0.069580100,35.031822566
0.069783500,35.028453587
0.069987000,35.025082951
0.070190400,35.021713972
0.070393900,35.018343336
0.070597300,35.014974357
0.070800800,35.011603722
0.071004200,35.008234742
0.071207700,35.004864107
0.071411100,35.001495128
0.071614600,34.998124492
0.071818000,34.994755513
0.072021500,34.995384877
0.072224900,34.992015898
0.072428400,34.988645263
0.072631800,34.985276283
0.072835300,34.981905648
0.073038700,34.982536669
0.073242200,34.979166033
0.073445600,34.975797054
0.073649100,34.976426418
0.073852500,34.973057439
0.074056000,34.973686804
0.074259400,34.970317824
0.074462900,34.970947189
0.074666300,34.967578210
0.074869800,34.968207574
0.075073200,34.968838595
0.075276700,34.965467959
0.075480100,34.966098980
0.075683600,34.962728345
0.075887000,34.963359365
0.076090500,34.963988730
0.076293900,34.960619751
0.076497400,34.965249115
0.076700800,34.961880136
0.076904300,34.962509500
0.077107700,34.963140521
0.077311200,34.963769886
0.077514600,34.964400906
0.077718100,34.961030271
0.077921500,34.965661292
0.078125000,34.962290656
0.078328500,34.962920021
0.078531900,34.967551041
0.078735400,34.968180406
0.078938800,34.964811427
0.079142300,34.969440791
0.079345700,34.970071812
0.079549200,34.970701176
0.079752600,34.971332197
0.079956100,34.971961562
0.080159500,34.972592582
0.080363000,34.973221947
0.080566400,34.977852968
0.080769900,34.978482332
0.080973300,34.979113353
0.081176800,34.983742717
0.081380200,34.980373738
0.081583700,34.981003103
0.081787100,34.981634123
0.081990600,34.986263488
0.082194000,34.986894509
0.082397500,34.987523873
0.082600900,34.992154894
0.082804400,34.992784258
0.083007800,34.993415279
0.083211300,34.998044644
0.083414700,34.998675664
0.083618200,34.999305029
0.083821600,35.003936050
0.084025100,35.004565414
0.084228500,35.005196435
0.084432000,35.005825799
0.084635400,35.010456820
0.084838900,35.011086185
0.085042300,35.011717205
0.085245800,35.016346570
0.085449200,35.016977591
0.085652700,35.017606955
0.085856100,35.022237976
0.086059600,35.022867340
0.086263000,35.023498361
0.086466500,35.024127726
0.086669900,35.028758746
0.086873400,35.029388111
0.087076800,35.030019132
0.087280300,35.034648496
0.087483700,35.035279517
0.087687200,35.035908881
0.087890600,35.040539902
0.088094100,35.041169267
0.088297500,35.037800287
0.088501000,35.038429652
0.088704400,35.043060673
0.088907900,35.043690037
0.089111300,35.044321058
0.089314800,35.048950422
0.089518200,35.049581443
0.089721700,35.050210808
0.089925100,35.054841828
0.090128600,35.055471193
0.090332000,35.056102214
0.090535500,35.056731578
0.090738900,35.061362599
0.090942400,35.057991963
0.091145800,35.058622984
0.091349300,35.063252349
0.091552700,35.063883369
0.091756200,35.064512734
0.091959600,35.069143755
0.092163100,35.069773119
0.092366500,35.070404140
0.092570000,35.075033504
0.092773400,35.071664525
0.092976900,35.072293890
0.093180300,35.072924910
0.093383800,35.077554275
0.093587200,35.078185296
0.093790700,35.078814660
0.093994100,35.083445681
0.094197600,35.084075045
0.094401000,35.080706066
0.094604500,35.085335431
0.094807900,35.085966451
0.095011400,35.086595816
0.095214800,35.087226837
0.095418300,35.091856201
0.095621700,35.092487222
0.095825200,35.093116586
0.096028600,35.093747607
0.096232100,35.094376972
0.096435500,35.095007992
0.096639000,35.099637357
0.096842400,35.100268378
0.097045900,35.100897742
0.097249300,35.101528763
0.097452800,35.106158127
0.097656200,35.102789148
0.097859700,35.103418513
0.098063200,35.108047877
0.098266600,35.108678898
0.098470100,35.109308262
0.098673500,35.113939283
0.098877000,35.114568648
0.099080400,35.115199668
0.099283900,35.115829033
0.099487300,35.116460054
0.099690800,35.117089418
0.099894200,35.117720439
0.100097700,35.122349803
0.100301100,35.122980824
0.100504600,35.123610189
0.100708000,35.128241209
0.100911500,35.128870574
0.101114900,35.129501595
0.101318400,35.130130959
0.101521800,35.130761980
0.101725300,35.131391344
0.101928700,35.132022365
0.102132200,35.136651730
0.102335600,35.137282750
0.102539100,35.137912115
0.102742500,35.142543136
0.102946000,35.143172500
0.103149400,35.143803521
0.103352900,35.144432885
0.103556300,35.145063906
0.103759800,35.145693271
0.103963200,35.146324291
0.104166700,35.150953656
0.104370100,35.151584677
0.104573600,35.152214041
0.104777000,35.156845062
0.104980500,35.157474426
0.105183900,35.154105447
0.105387400,35.158734812
0.105590800,35.159365832
0.105794300,35.159995197
0.105997700,35.160626218
0.106201200,35.165255582
0.106404600,35.165886603
0.106608100,35.166515967
0.106811500,35.167146988
0.107015000,35.167776353
0.107218400,35.168407373
0.107421900,35.173036738
0.107625300,35.173667759
0.107828800,35.174297123
0.108032200,35.174928144
0.108235700,35.175557508
0.108439100,35.176188529
0.108642600,35.176817894
0.108846000,35.181448914
0.109049500,35.182078279
0.109252900,35.182709300
0.109456400,35.187338664
0.109659800,35.183969685
0.109863300,35.184599049
0.110066700,35.185230070
0.110270200,35.189859435
0.110473600,35.190490455
0.110677100,35.191119820
0.110880500,35.195750841
0.111084000,35.192380205
0.111287400,35.193011226
0.111490900,35.197640590
0.111694300,35.198271611
0.111897800,35.198900976
0.112101200,35.203531996
0.112304700,35.204161361
0.112508100,35.200792382
0.112711600,35.201421746
0.112915000,35.206052767
0.113118500,35.206682131
0.113321900,35.207313152
0.113525400,35.211942517
0.113728800,35.212573537
0.113932300,35.213202902
0.114135700,35.213833923
0.114339200,35.214463287
0.114542600,35.215094308
0.114746100,35.215723672
0.114949500,35.220354693
0.115153000,35.220984058
0.115356400,35.217615078
0.115559900,35.222244443
0.115763300,35.222875464
0.115966800,35.223504828
0.116170200,35.228135849
0.116373700,35.228765213
0.116577100,35.229396234
0.116780600,35.226025599
0.116984000,35.230656619
0.117187500,35.231285984
0.117391000,35.231915348
0.117594400,35.236546369
0.117797900,35.233175734
0.118001300,35.233806754
0.118204800,35.238436119
0.118408200,35.239067140
0.118611700,35.239696504
0.118815100,35.240327525
0.119018600,35.240956889
0.119222000,35.241587910
0.119425500,35.242217275
0.119628900,35.242848295
0.119832400,35.243477660
0.120035800,35.244108681
0.120239300,35.248738045
0.120442700,35.249369066
0.120646200,35.245998430
0.120849600,35.250629451
0.121053100,35.251258816
0.121256500,35.251889836
0.121460000,35.248519201
0.121663400,35.253150222
0.121866900,35.253779586
0.122070300,35.250410607
0.122273800,35.255039971
0.122477200,35.255670992
0.122680700,35.252300357
0.122884100,35.256931377
0.123087600,35.257560742
0.123291000,35.258191763
0.123494500,35.254821127
0.123697900,35.259452148
0.123901400,35.256081512
0.124104800,35.256712533
0.124308300,35.261341898
0.124511700,35.257972918
0.124715200,35.258602283
0.124918600,35.263233304
0.125122100,35.259862668
0.125325500,35.260493689
0.125529000,35.261123053
0.125732400,35.261754074
0.125935900,35.262383439
0.126139300,35.263014459
0.126342800,35.263643824
0.126546200,35.264274845
0.126749700,35.260904209
0.126953100,35.265535230
0.127156600,35.262164594
0.127360000,35.262795615
0.127563500,35.263424980
0.127766900,35.264056000
0.127970400,35.264685365
0.128173800,35.261316386
0.128377300,35.265945750
0.128580700,35.262576771
0.128784200,35.263206135
0.128987600,35.263837156
0.129191100,35.264466521
0.129394500,35.265097541
0.129598000,35.261726906
0.129801400,35.266357927
0.130004900,35.262987291
0.130208300,35.263618312
0.130411800,35.264247676
0.130615200,35.264878697
0.130818700,35.265508062
0.131022100,35.266139082
0.131225600,35.262768447
0.131429000,35.263399468
0.131632500,35.264028832
0.131835900,35.264659853
0.132039400,35.265289217
0.132242800,35.261920238
0.132446300,35.262549603
0.132649700,35.263180623
0.132853200,35.263809988
0.133056600,35.264441009
0.133260100,35.265070373
0.133463500,35.261701394
0.133667000,35.262330758
0.133870400,35.262961779
0.134073900,35.263591144
0.134277300,35.260222164
0.134480800,35.260851529
0.134684200,35.261482550
0.134887700,35.262111914
0.135091100,35.262742935
0.135294600,35.259372299
0.135498000,35.260003320
0.135701500,35.260632685
0.135904900,35.261263705
0.136108400,35.257893070
0.136311800,35.258524091
0.136515300,35.259153455
0.136718700,35.259784476
0.136922200,35.256413840
0.137125700,35.257043205
0.137329100,35.257674226
0.137532600,35.258303590
0.137736000,35.258934611
0.137939500,35.255563975
0.138142900,35.256194996
0.138346400,35.252824361
0.138549800,35.257455381
0.138753300,35.254084746
0.138956700,35.254715767
0.139160200,35.255345131
0.139363600,35.255976152
0.139567100,35.252605516
0.139770500,35.253236537
0.139974000,35.253865902
0.140177400,35.250496922
0.140380900,35.255126287
0.140584300,35.251757308
0.140787800,35.252386672
0.140991200,35.249017693
0.141194700,35.249647057
0.141398100,35.250278078
0.141601600,35.250907443
0.141805000,35.251538463
0.142008500,35.248167828
0.142211900,35.248798849
0.142415400,35.249428213
0.142618800,35.250059234
0.142822300,35.246688598
0.143025700,35.247319619
0.143229200,35.247948984
0.143432600,35.244580004
0.143636100,35.245209369
0.143839500,35.245840390
0.144043000,35.246469754
0.144246400,35.243100775
0.144449900,35.243730139
0.144653300,35.244361160
0.144856800,35.240990525
0.145060200,35.241621545
0.145263700,35.242250910
0.145467100,35.242881931
0.145670600,35.239511295
0.145874000,35.240142316
0.146077500,35.240771680
0.146280900,35.237402701
0.146484400,35.238032066
0.146687800,35.238663086
0.146891300,35.235292451
0.147094700,35.235923472
0.147298200,35.236552836
0.147501600,35.237183857
0.147705100,35.233813221
0.147908500,35.234444242
0.148112000,35.235073607
0.148315400,35.231704627
0.148518900,35.232333992
0.148722300,35.232965013
0.148925800,35.229594377
0.149129200,35.230225398
0.149332700,35.230854762
0.149536100,35.227485783
0.149739600,35.228115148
0.149943000,35.228746168
0.150146500,35.225375533
0.150349900,35.226006554
0.150553400,35.226635918
0.150756800,35.223266939
0.150960300,35.223896303
0.151163700,35.224527324
0.151367200,35.221156689
0.151570600,35.217787709
0.151774100,35.218417074
0.151977500,35.219048095
0.152181000,35.215677459
0.152384400,35.216308480
0.152587900,35.216937844
0.152791300,35.213568865
0.152994800,35.214198230
0.153198200,35.214829250
0.153401700,35.211458615
0.153605100,35.208089636
0.153808600,35.208719000
0.154012000,35.209350021
0.154215500,35.205979385
0.154418900,35.206610406
0.154622400,35.203239771
0.154825800,35.203870792
0.155029300,35.200500156
0.155232700,35.201131177
0.155436200,35.201760541
0.155639600,35.198391562
0.155843100,35.195020926
0.156046500,35.195651947
0.156250000,35.196281312
0.156453500,35.192910676
0.156656900,35.193541697
0.156860400,35.190171061
0.157063800,35.190802082
0.157267300,35.187431447
0.157470700,35.188062467
0.157674200,35.184691832
0.157877600,35.185322853
0.158081100,35.181952217
0.158284500,35.182583238
0.158488000,35.179212602
0.158691400,35.179843623
0.158894900,35.176472988
0.159098300,35.177104008
0.159301800,35.173733373
0.159505200,35.174364394
0.159708700,35.170993758
0.159912100,35.171624779
0.160115600,35.168254143
0.160319000,35.164885164
0.160522500,35.165514529
0.160725900,35.162145549
0.160929400,35.162774914
0.161132800,35.159405935
0.161336300,35.160035299
0.161539700,35.156666320
0.161743200,35.157295684
0.161946600,35.153926705
0.162150100,35.154556070
0.162353500,35.151187090
0.162557000,35.147816455
0.162760400,35.148447476
0.162963900,35.145076840
0.163167300,35.141707861
0.163370800,35.142337225
0.163574200,35.138968246
0.163777700,35.139597611
0.163981100,35.136228631
0.164184600,35.136857996
0.164388000,35.133489017
0.164591500,35.130118381
0.164794900,35.130749402
0.164998400,35.127378766
0.165201800,35.124009787
0.165405300,35.124639152
0.165608700,35.121270172
0.165812200,35.121899537
0.166015600,35.118530558
0.166219100,35.119159922
0.166422500,35.115790943
0.166626000,35.112420307
0.166829400,35.113051328
0.167032900,35.109680693
0.167236300,35.106311713
0.167439800,35.106941078
0.167643200,35.103572099
0.167846700,35.100201463
0.168050100,35.100832484
0.168253600,35.097461848
0.168457000,35.094092869
0.168660500,35.094722234
0.168863900,35.091353254
0.169067400,35.087982619
0.169270800,35.088613640
0.169474300,35.085243004
0.169677700,35.081874025
0.169881200,35.082503389
0.170084600,35.079134410
0.170288100,35.075763775
0.170491500,35.072394796
0.170695000,35.073024160
0.170898400,35.069655181
0.171101900,35.066284545
0.171305300,35.062915566
0.171508800,35.063544930
0.171712200,35.060175951
0.171915700,35.056805316
0.172119100,35.057436337
0.172322600,35.054065701
0.172526000,35.050696722
0.172729500,35.047326086
0.172932900,35.047957107
0.173136400,35.044586471
0.173339800,35.041217492
0.173543300,35.037846857
0.173746700,35.034477878
0.173950200,35.035107242
0.174153600,35.031738263
0.174357100,35.028367627
0.174560500,35.024998648
0.174764000,35.021628012
0.174967400,35.018259033
0.175170900,35.018888398
0.175374300,35.015519419
0.175577800,35.012148783
0.175781300,35.008778147
0.175984700,35.005409168
0.176188200,35.002038533
0.176391600,35.002669553
0.176595100,34.999298918
0.176798500,34.995929939
0.177002000,34.992559303
0.177205400,34.989190324
0.177408900,34.985819688
0.177612300,34.982450709
0.177815800,34.979080074
0.178019200,34.975711094
0.178222700,34.976340459
0.178426100,34.972971480
0.178629600,34.969600844
0.178833000,34.966231865
0.179036500,34.962861229
0.179239900,34.959492250
0.179443400,34.956121615
0.179646800,34.952752635
0.179850300,34.949382000
0.180053700,34.946013021
0.180257200,34.942642385
0.180460600,34.939273406
0.180664100,34.935902770
0.180867500,34.936533791
0.181071000,34.933163156
0.181274400,34.929794176
0.181477900,34.926423541
0.181681300,34.923054562
0.181884800,34.919683926
0.182088200,34.916314947
0.182291700,34.912944311
0.182495100,34.909575332
0.182698600,34.906204697
0.182902000,34.902835717
0.183105500,34.899465082
0.183308900,34.896096103
0.183512400,34.892725467
0.183715800,34.893356488
0.183919300,34.889985852
0.184122700,34.886616873
0.184326200,34.883246238
0.184529600,34.879877258
0.184733100,34.876506623
0.184936500,34.873137644
0.185140000,34.869767008
0.185343400,34.866398029
0.185546900,34.863027393
0.185750300,34.859658414
0.185953800,34.860287779
0.186157200,34.856918800
0.186360700,34.853548164
0.186564100,34.850179185
0.186767600,34.846808549
0.186971000,34.843439570
0.187174500,34.840068934
0.187377900,34.840699955
0.187581400,34.837329320
0.187784800,34.833960341
0.187988300,34.830589705
0.188191700,34.827220726
0.188395200,34.823850090
0.188598600,34.824481111
0.188802100,34.821110475
0.189005500,34.817741496
0.189209000,34.814370861
0.189412400,34.811001882
0.189615900,34.811631246
0.189819300,34.808262267
0.190022800,34.804891631
0.190226200,34.801522652
0.190429700,34.802152016
0.190633100,34.798783037
0.190836600,34.795412402
0.191040000,34.792043423
0.191243500,34.792672787
0.191446900,34.789303808
0.191650400,34.785933172
0.191853800,34.782564193
0.192057300,34.783193557
0.192260700,34.779824578
0.192464200,34.776453943
0.192667600,34.777084964
0.192871100,34.773714328
0.193074500,34.774345349
0.193278000,34.770974713
0.193481400,34.767605734
0.193684900,34.768235098
0.193888300,34.764866119
0.194091800,34.761495484
0.194295200,34.762126505
0.194498700,34.758755869
0.194702100,34.755386890
0.194905600,34.756016254
0.195109000,34.752647275
0.195312500,34.753276639
0.195516000,34.749906004
0.195719400,34.750537025
0.195922900,34.747166389
0.196126300,34.743797410
0.196329800,34.744426774
0.196533200,34.745057795
0.196736700,34.741687160
0.196940100,34.742318180
0.197143600,34.738947545
0.197347000,34.735578566
0.197550500,34.736207930
0.197753900,34.736838951
0.197957400,34.733468315
0.198160800,34.730099336
0.198364300,34.730728701
0.198567700,34.731359721
0.198771200,34.727989086
0.198974600,34.728620107
0.199178100,34.725249471
0.199381500,34.725880492
0.199585000,34.722509856
0.199788400,34.723140877
0.199991900,34.719770242
0.200195300,34.720401262
0.200398800,34.721030627
0.200602200,34.717661648
0.200805700,34.718291012
0.201009100,34.718922033
0.201212600,34.715551397
0.201416000,34.716182418
0.201619500,34.712811783
0.201822900,34.713442803
0.202026400,34.710072168
0.202229800,34.710703189
0.202433300,34.711332553
0.202636700,34.707963574
0.202840200,34.708592938
0.203043600,34.709223959
0.203247100,34.705853324
0.203450500,34.706484345
0.203654000,34.703113709
0.203857400,34.703744730
0.204060900,34.700374094
0.204264300,34.701005115
0.204467800,34.701634479
0.204671200,34.698265500
0.204874700,34.698894865
0.205078100,34.699525886
0.205281600,34.696155250
0.205485000,34.696786271
0.205688500,34.693415635
0.205891900,34.694046656
0.206095400,34.694676020
0.206298800,34.691307041
0.206502300,34.691936406
0.206705700,34.692567427
0.206909200,34.689196791
0.207112600,34.689827812
0.207316100,34.690457176
0.207519500,34.687088197
0.207723000,34.687717561
0.207926400,34.688348582
0.208129900,34.684977947
0.208333300,34.685608968
0.208536800,34.686238332
0.208740200,34.682869353
0.208943700,34.683498717
0.209147100,34.684129738
0.209350600,34.680759102
0.209554000,34.681390123
0.209757500,34.682019488
0.209960900,34.678650509
0.210164400,34.675279873
0.210367800,34.675910894
0.210571300,34.676540258
0.210774700,34.673171279
0.210978200,34.673800643
0.211181600,34.674431664
0.211385100,34.671061029
0.211588500,34.671692050
0.211792000,34.672321414
0.211995400,34.668952435
0.212198900,34.669581799
0.212402300,34.666212820
0.212605800,34.666842184
0.212809200,34.667473205
0.213012700,34.664102570
0.213216100,34.664733591
0.213419600,34.661362955
0.213623000,34.661993976
0.213826500,34.662623340
0.214029900,34.659254361
0.214233400,34.659883725
0.214436800,34.656514746
0.214640300,34.657144111
0.214843800,34.657773475
0.215047200,34.654404496
0.215250700,34.655033860
0.215454100,34.651664881
0.215657600,34.652294246
0.215861000,34.652925266
0.216064500,34.649554631
0.216267900,34.646185652
0.216471400,34.646815016
0.216674800,34.647446037
0.216878300,34.644075401
0.217081700,34.644706422
0.217285200,34.641335787
0.217488600,34.641966807
0.217692100,34.638596172
0.217895500,34.639227193
0.218099000,34.635856557
0.218302400,34.636487578
0.218505900,34.637116942
0.218709300,34.633747963
0.218912800,34.630377328
0.219116200,34.631008349
0.219319700,34.631637713
0.219523100,34.628268734
0.219726600,34.624898098
0.219930000,34.625529119
0.220133500,34.626158483
0.220336900,34.622789504
0.220540400,34.623418869
0.220743800,34.620049890
0.220947300,34.620679254
0.221150700,34.617310275
0.221354200,34.617939639
0.221557600,34.614570660
0.221761100,34.611200024
0.221964500,34.611831045
0.222168000,34.608460410
0.222371400,34.609091431
0.222574900,34.609720795
0.222778300,34.606351816
0.222981800,34.602981180
0.223185200,34.603612201
0.223388700,34.600241565
0.223592100,34.600872586
0.223795600,34.597501951
0.223999000,34.598132972
0.224202500,34.594762336
0.224405900,34.591393357
0.224609400,34.592022721
0.224812800,34.588653742
0.225016300,34.589283106
0.225219700,34.585914127
0.225423200,34.586543492
0.225626600,34.583174513
0.225830100,34.579803877
0.226033500,34.580434898
0.226237000,34.577064262
0.226440400,34.577695283
0.226643900,34.574324647
0.226847300,34.574955668
0.227050800,34.571585033
0.227254200,34.572216054
0.227457700,34.568845418
0.227661100,34.565476439
0.227864600,34.566105803
0.228068000,34.562736824
0.228271500,34.563366188
0.228474900,34.559997209
0.228678400,34.560626574
0.228881800,34.557257595
0.229085300,34.553886959
0.229288700,34.554517980
0.229492200,34.551147344
0.229695600,34.551778365
0.229899100,34.548407729
0.230102500,34.549038750
0.230306000,34.545668115
0.230509400,34.542299136
0.230712900,34.542928500
0.230916300,34.539559521
0.231119800,34.540188885
0.231323200,34.536819906
0.231526700,34.533449270
0.231730100,34.534080291
0.231933600,34.530709656
0.232137000,34.531340677
0.232340500,34.527970041
0.232543900,34.524601062
0.232747400,34.525230426
0.232950800,34.521861447
0.233154300,34.518490811
0.233357700,34.519121832
0.233561200,34.515751197
0.233764600,34.516382218
0.233968100,34.513011582
0.234171500,34.509642603
0.234375000,34.510271967
0.234578500,34.506901332
0.234781900,34.507532353
0.234985400,34.504161717
0.235188800,34.500792738
0.235392300,34.501422102
0.235595700,34.498053123
0.235799200,34.494682487
0.236002600,34.495313508
0.236206100,34.491942873
0.236409500,34.488573894
0.236613000,34.485203258
0.236816400,34.485834279
0.237019900,34.482463643
0.237223300,34.479094664
0.237426800,34.479724028
0.237630200,34.476355049
0.237833700,34.472984414
0.238037100,34.473615435
0.238240600,34.470244799
0.238444000,34.466875820
0.238647500,34.463505184
0.238850900,34.464136205
0.239054400,34.460765569
0.239257800,34.457396590
0.239461300,34.458025955
0.239664700,34.454656976
0.239868200,34.451286340
0.240071600,34.447917361
0.240275100,34.448546725
0.240478500,34.445177746
0.240682000,34.441807110
0.240885400,34.438438131
0.241088900,34.435067496
0.241292300,34.435698517
0.241495800,34.432327881
0.241699200,34.428958902
0.241902700,34.425588266
0.242106100,34.426219287
0.242309600,34.422848651
0.242513000,34.419479672
0.242716500,34.416109037
0.242919900,34.412740058
0.243123400,34.409369422
0.243326800,34.410000443
0.243530300,34.406629807
0.243733700,34.403260828
0.243937200,34.399890192
0.244140600,34.396521213
0.244344100,34.393150578
0.244547500,34.393781599
0.244751000,34.390410963
0.244954400,34.387041984
0.245157900,34.383671348
0.245361300,34.380302369
0.245564800,34.376931733
0.245768200,34.377562754
0.245971700,34.374192119
0.246175100,34.370823140
0.246378600,34.367452504
0.246582000,34.364083525
0.246785500,34.360712889
0.246988900,34.357343910
0.247192400,34.353973274
0.247395800,34.354604295
0.247599300,34.351233660
0.247802700,34.347864681
0.248006200,34.344494045
0.248209600,34.341125066
0.248413100,34.337754430
0.248616500,34.334385451
0.248820000,34.331014815
0.249023400,34.327645836
0.249226900,34.324275201
0.249430300,34.324906222
0.249633800,34.321535586
0.249837200,34.318166607
0.250040700,34.314795971
0.250244100,34.311426992
0.250447600,34.308056357
0.250651000,34.304687377
0.250854500,34.301316742
0.251057900,34.297947763
0.251261400,34.294577127
0.251464800,34.291208148
0.251668300,34.291837512
0.251871700,34.288468533
0.252075200,34.285097898
0.252278600,34.281728918
0.252482100,34.278358283
0.252685500,34.274989304
0.252889000,34.271618668
0.253092400,34.268249689
0.253295900,34.264879053
0.253499300,34.261510074
0.253702800,34.258139439
0.253906300,34.254768803
0.254109700,34.251399824
0.254313200,34.248029188
0.254516600,34.244660209
0.254720100,34.241289573
0.254923500,34.237920594
0.255127000,34.234549959
0.255330400,34.231180980
0.255533900,34.227810344
0.255737300,34.224441365
0.255940800,34.221070729
0.256144200,34.217701750
0.256347700,34.214331114
0.256551100,34.210962135
0.256754600,34.207591500
0.256958000,34.204222521
0.257161500,34.200851885
0.257364900,34.197482906
0.257568400,34.194112270
0.257771800,34.190743291
0.257975300,34.187372655
0.258178700,34.184003676
0.258382200,34.180633041
0.258585600,34.177264062
0.258789100,34.173893426
0.258992500,34.170524447
0.259196000,34.167153811
0.259399400,34.163784832
0.259602900,34.160414196
0.259806300,34.157045217
0.260009800,34.153674582
0.260213200,34.146305603
0.260416700,34.142934967
0.260620100,34.139565988
0.260823600,34.136195352
0.261027000,34.132826373
0.261230500,34.129455737
0.261433900,34.126086758
0.261637400,34.118716123
0.261840800,34.115347144
0.262044300,34.111976508
0.262247700,34.108607529
0.262451200,34.105236893
0.262654600,34.101867914
0.262858100,34.094497278
0.263061500,34.091128299
0.263265000,34.087757664
0.263468400,34.084388685
0.263671900,34.077018049
0.263875300,34.073649070
0.264078800,34.070278434
0.264282200,34.066909455
0.264485700,34.059538819
0.264689100,34.056169840
0.264892600,34.052799205
0.265096000,34.045430226
0.265299500,34.042059590
0.265502900,34.038690611
0.265706400,34.031319975
0.265909800,34.027950996
0.266113300,34.024580361
0.266316700,34.017211381
0.266520200,34.013840746
0.266723600,34.010471767
0.266927100,34.007101131
0.267130500,33.999732152
0.267334000,33.996361516
0.267537400,33.988992537
0.267740900,33.985621902
0.267944300,33.982252922
0.268147800,33.974882287
0.268351200,33.971513308
0.268554700,33.964142672
0.268758100,33.960773693
0.268961600,33.957403057
0.269165000,33.950034078
0.269368500,33.946663443
0.269571900,33.939294463
0.269775400,33.935923828
0.269978800,33.928554849
0.270182300,33.925184213
0.270385700,33.917815234
0.270589200,33.914444598
0.270792600,33.907075619
0.270996100,33.903704984
0.271199500,33.896336004
0.271403000,33.892965369
0.271606400,33.885596390
0.271809900,33.882225754
0.272013300,33.874856775
0.272216800,33.871486139
0.272420200,33.864117160
0.272623700,33.856746525
0.272827100,33.853377545
0.273030600,33.846006910
0.273234000,33.842637931
0.273437500,33.835267295
0.273641000,33.831896659
0.273844400,33.824527680
0.274047900,33.817157045
0.274251300,33.813788066
0.274454800,33.806417430
0.274658200,33.803048451
0.274861700,33.795677815
0.275065100,33.788308836
0.275268600,33.784938200
0.275472000,33.777569221
0.275675500,33.774198586
0.275878900,33.766829607
0.276082400,33.759458971
0.276285800,33.756089992
0.276489300,33.748719356
0.276692700,33.741350377
0.276896200,33.737979741
0.277099600,33.726610762
0.277303100,33.723240127
0.277506500,33.715871148
0.277710000,33.712500512
0.277913400,33.705131533
0.278116900,33.697760897
0.278320300,33.694391918
0.278523800,33.683021282
0.278727200,33.679652303
0.278930700,33.672281668
0.279134100,33.664912689
0.279337600,33.661542053
0.279541000,33.654173074
0.279744500,33.646802438
0.279947900,33.639433459
0.280151400,33.636062823
0.280354800,33.628693844
0.280558300,33.621323209
0.280761700,33.613954230
0.280965200,33.606583594
0.281168600,33.599214615
0.281372100,33.595843979
0.281575500,33.588475000
0.281779000,33.581104365
0.281982400,33.573735385
0.282185900,33.566364750
0.282389300,33.562995771
0.282592800,33.551625135
0.282796200,33.548256156
0.282999700,33.540885520
0.283203100,33.533516541
0.283406600,33.526145906
0.283610000,33.518776926
0.283813500,33.511406291
0.284016900,33.504037312
0.284220400,33.496666676
0.284423800,33.493297697
0.284627300,33.481927061
0.284830700,33.478558082
0.285034200,33.471187447
0.285237600,33.459818467
0.285441100,33.456447832
0.285644500,33.449078853
0.285848000,33.437708217
0.286051400,33.434339238
0.286254900,33.426968602
0.286458300,33.419599623
0.286661800,33.412228988
0.286865200,33.404860008
0.287068700,33.397489373
0.287272100,33.386120394
0.287475600,33.382749758
0.287679000,33.375380779
0.287882500,33.364010143
0.288085900,33.356641164
0.288289400,33.353270529
0.288492800,33.345901549
0.288696300,33.334530914
0.288899700,33.327161935
0.289103200,33.319791299
0.289306600,33.312422320
0.289510100,33.305051684
0.289713500,33.297682705
0.289917000,33.286312070
0.290120400,33.278943090
0.290323900,33.275572455
0.290527300,33.268203476
0.290730800,33.256832840
0.290934200,33.249463861
0.291137700,33.242093225
0.291341100,33.230724246
0.291544600,33.223353611
0.291748000,33.215984631
0.291951500,33.208613996
0.292154900,33.201245017
0.292358400,33.193874381
0.292561800,33.182505402
0.292765300,33.175134766
0.292968800,33.167764131
0.293172200,33.160395152
0.293375700,33.149024516
0.293579100,33.141655537
0.293782600,33.134284901
0.293986000,33.122915922
0.294189500,33.115545286
0.294392900,33.108176307
0.294596400,33.096805672
0.294799800,33.089436693
0.295003300,33.082066057
0.295206700,33.070697078
0.295410200,33.059326442
0.295613600,33.051957463
0.295817100,33.044586827
0.296020500,33.033217848
0.296224000,33.025847213
0.296427400,33.018478234
0.296630900,33.003107598
0.296834300,32.995738619
0.297037800,32.988367983
0.297241200,32.980999004
0.297444700,32.969628369
0.297648100,32.958259389
0.297851600,32.950888754
0.298055000,32.939519775
0.298258500,32.928149139
0.298461900,32.920780160
0.298665400,32.909409524
0.298868800,32.898040545
0.299072300,32.890669910
0.299275700,32.883300930
0.299479200,32.867930295
0.299682600,32.860561316
0.299886100,32.853190680
0.300089500,32.837821701
0.300293000,32.830451065
0.300496400,32.819082086
0.300699900,32.807711451
0.300903300,32.796342471
0.301106800,32.788971836
0.301310200,32.777602857
0.301513700,32.766232221
0.301717100,32.754863242
0.301920600,32.747492606
0.302124000,32.732123627
0.302327500,32.720752992
0.302530900,32.713384012
0.302734400,32.698013377
0.302937800,32.690644398
0.303141300,32.679273762
0.303344700,32.663904783
0.303548200,32.656534147
0.303751600,32.645165168
0.303955100,32.637794533
0.304158500,32.622425553
0.304362000,32.611054918
0.304565400,32.603685939
0.304768900,32.588315303
0.304972300,32.576946324
0.305175800,32.565575688
0.305379200,32.550206709
0.305582700,32.542836074
0.305786100,32.531467094
0.305989600,32.524096459
0.306193000,32.504727480
0.306396500,32.497356844
0.306599900,32.485987865
0.306803400,32.470617229
0.307006800,32.459248250
0.307210300,32.451877615
0.307413700,32.432508635
0.307617200,32.425138000
0.307820600,32.413769021
0.308024100,32.402398385
0.308227500,32.387029406
0.308431000,32.375658770
0.308634400,32.368289791
0.308837900,32.348919156
0.309041300,32.341550176
0.309244800,32.330179541
0.309448200,32.310810562
0.309651700,32.303439926
0.309855100,32.292070947
0.310058600,32.280700311
0.310262000,32.265331332
0.310465500,32.253960697
0.310668900,32.242591717
0.310872400,32.227221082
0.311075800,32.215852103
0.311279300,32.204481467
0.311482700,32.185112488
0.311686200,32.177741852
0.311889600,32.166372873
0.312093100,32.147002238
0.312296500,32.135633258
0.312500000,32.124262623
0.312703500,32.112891987
0.312906900,32.097523008
0.313110400,32.086152373
0.313313800,32.074783393
0.313517300,32.055412758
0.313720700,32.044043779
0.313924200,32.032673143
0.314127600,32.013304164
0.314331100,32.001933528
0.314534500,31.990564549
0.314738000,31.979193914
0.314941400,31.959824934
0.315144900,31.948454299
0.315348300,31.937085320
0.315551800,31.917714684
0.315755200,31.906345705
0.315958700,31.894975069
0.316162100,31.875606090
0.316365600,31.864235455
0.316569000,31.852866475
0.316772500,31.837495840
0.316975900,31.818126861
0.317179400,31.806756225
0.317382800,31.795387246
0.317586300,31.776016610
0.317789700,31.760647631
0.317993200,31.749276996
0.318196600,31.729908016
0.318400100,31.718537381
0.318603500,31.703168402
0.318807000,31.691797766
0.319010400,31.672428787
0.319213900,31.661058151
0.319417300,31.645689172
0.319620800,31.626318537
0.319824200,31.610949557
0.320027700,31.599578922
0.320231100,31.580209943
0.320434600,31.564839307
0.320638000,31.553470328
0.320841500,31.530099692
0.321044900,31.518730713
0.321248400,31.507360078
0.321451800,31.491991098
0.321655300,31.472620463
0.321858700,31.457251484
0.322062200,31.445880848
0.322265600,31.422511869
0.322469100,31.411141233
0.322672500,31.395772254
0.322876000,31.372401619
0.323079400,31.361032639
0.323282900,31.345662004
0.323486300,31.334293025
0.323689800,31.310922389
0.323893200,31.299553410
0.324096700,31.284182774
0.324300100,31.260813795
0.324503600,31.249443160
0.324707000,31.234074180
0.324910500,31.210703545
0.325113900,31.199334566
0.325317400,31.183963930
0.325520800,31.168594951
0.325724300,31.145224315
0.325927700,31.133855336
0.326131200,31.118484701
0.326334600,31.095115721
0.326538100,31.079745086
0.326741500,31.068376107
0.326945000,31.045005471
0.327148400,31.029636492
0.327351900,31.014265856
0.327555300,31.002896877
0.327758800,30.975526242
0.327962200,30.964157262
0.328165700,30.948786627
0.328369100,30.925417648
0.328572600,30.910047012
0.328776000,30.894678033
0.328979500,30.871307397
0.329182900,30.855938418
0.329386400,30.844567783
0.329589800,30.829198803
0.329793300,30.805828168
0.329996700,30.790459189
0.330200200,30.775088553
0.330403600,30.751719574
0.330607100,30.736348938
0.330810500,30.720979959
0.331014000,30.697609324
0.331217400,30.682240344
0.331420900,30.666869709
0.331624300,30.639500730
0.331827800,30.628130094
0.332031200,30.612761115
0.332234700,30.597390479
0.332438200,30.570019844
0.332641600,30.558650865
0.332845100,30.543280229
0.333048500,30.515911250
0.333252000,30.500540614
0.333455400,30.489171635
0.333658900,30.461801000
0.333862300,30.446432020
0.334065800,30.431061385
0.334269200,30.415692406
0.334472700,30.392321770
0.334676100,30.376952791
0.334879600,30.361582155
0.335083000,30.334213176
0.335286500,30.318842541
0.335489900,30.303473561
0.335693400,30.280102926
0.335896800,30.264733947
0.336100300,30.249363311
0.336303700,30.233994332
0.336507200,30.206623696
0.336710600,30.191254717
0.336914100,30.175884082
0.337117500,30.148515102
0.337321000,30.137144467
0.337524400,30.121775488
0.337727900,30.094404852
0.337931300,30.079035873
0.338134800,30.063665237
0.338338200,30.048296258
0.338541700,30.024925623
0.338745100,30.009556643
0.338948600,29.994186008
0.339152000,29.966817029
0.339355500,29.951446393
0.339558900,29.936077414
0.339762400,29.912706778
0.339965800,29.897337799
0.340169300,29.881967164
0.340372700,29.858598184
0.340576200,29.843227549
0.340779600,29.827858570
0.340983100,29.812487934
0.341186500,29.789118955
0.341390000,29.773748319
0.341593400,29.762379340
0.341796900,29.735008705
0.342000300,29.723639725
0.342203800,29.708269090
0.342407200,29.684900111
0.342610700,29.669529475
0.342814100,29.658160496
0.343017600,29.642789860
0.343221000,29.619420881
0.343424500,29.604050246
0.343627900,29.592681266
0.343831400,29.569310631
0.344034800,29.557941652
0.344238300,29.542571016
0.344441700,29.523202037
0.344645200,29.507831401
0.344848600,29.496462422
0.345052100,29.485091787
0.345255500,29.461722807
0.345459000,29.450352172
0.345662400,29.438983193
0.345865900,29.415612557
0.346069300,29.404243578
0.346272800,29.392872942
0.346476200,29.373503963
0.346679700,29.362133328
0.346883100,29.346764348
0.347086600,29.335393713
0.347290000,29.316024734
0.347493500,29.304654098
0.347696900,29.293285119
0.347900400,29.277914483
0.348103800,29.266545504
0.348307300,29.255174869
0.348510700,29.235805889
0.348714200,29.224435254
0.348917600,29.213066275
0.349121100,29.205695639
0.349324500,29.186326660
0.349528000,29.174956024
0.349731400,29.167587045
0.349934900,29.148216410
0.350138300,29.136847430
0.350341800,29.129476795
0.350545200,29.110107816
0.350748700,29.102737180
0.350952100,29.091368201
0.351155600,29.075997565
0.351359000,29.064628586
0.351562500,29.057257951
0.351766000,29.045887315
0.351969400,29.030518336
0.352172900,29.019147700
0.352376300,29.011778721
0.352579800,28.996408086
0.352783200,28.985039106
0.352986700,28.977668471
0.353190100,28.962299492
0.353393600,28.950928856
0.353597000,28.943559877
0.353800500,28.932189241
0.354003900,28.920820262
0.354207400,28.909449627
0.354410800,28.902080647
0.354614300,28.886710012
0.354817700,28.875341033
0.355021200,28.867970397
0.355224600,28.852601418
0.355428100,28.845230782
0.355631500,28.833861803
0.355835000,28.826491168
0.356038400,28.811122188
0.356241900,28.803751553
0.356445300,28.792382574
0.356648800,28.777011938
0.356852200,28.769642959
0.357055700,28.762272323
0.357259100,28.746903344
0.357462600,28.735532709
0.357666000,28.728163729
0.357869500,28.720793094
0.358072900,28.705424115
0.358276400,28.694053479
0.358479800,28.686684500
0.358683300,28.671313864
0.358886700,28.663944885
0.359090200,28.652574250
0.359293600,28.637205270
0.359497100,28.629834635
0.359700500,28.622465656
0.359904000,28.607095020
0.360107400,28.595726041
0.360310900,28.588355405
0.360514300,28.580986426
0.360717800,28.565615791
0.360921200,28.554246811
0.361124700,28.546876176
0.361328100,28.531507197
0.361531600,28.524136561
0.361735000,28.512767582
0.361938500,28.497396946
0.362141900,28.490027967
0.362345400,28.478657332
0.362548800,28.471288352
0.362752300,28.455917717
0.362955700,28.448548738
0.363159200,28.437178102
0.363362600,28.421809123
0.363566100,28.414438487
0.363769500,28.403069508
0.363973000,28.387698873
0.364176400,28.380329893
0.364379900,28.368959258
0.364583300,28.361590279
0.364786800,28.346219643
0.364990200,28.338850664
0.365193700,28.327480028
0.365397100,28.312111049
0.365600600,28.304740414
0.365804000,28.293371434
0.366007500,28.278000799
0.366210900,28.270631820
0.366414400,28.259261184
0.366617800,28.251892205
0.366821300,28.236521569
0.367024700,28.229152590
0.367228200,28.217781955
0.367431600,28.202412975
0.367635100,28.195042340
0.367838500,28.183673361
0.368042000,28.168302725
0.368245400,28.160933746
0.368448900,28.149563110
0.368652300,28.134194131
0.368855800,28.126823496
0.369059200,28.119454516
0.369262700,28.108083881
0.369466100,28.092714902
0.369669600,28.085344266
0.369873000,28.073975287
0.370076500,28.058604651
0.370279900,28.051235672
0.370483400,28.039865037
0.370686800,28.024496057
0.370890300,28.017125422
0.371093700,28.009756443
0.371297200,27.998385807
0.371500700,27.983015172
0.371704100,27.975646192
0.371907600,27.964275557
0.372111000,27.952906578
0.372314500,27.941535942
0.372517900,27.934166963
0.372721400,27.918796327
0.372924800,27.907427348
0.373128300,27.900056713
0.373331700,27.892687733
0.373535200,27.877317098
0.373738600,27.865948119
0.373942100,27.858577483
0.374145500,27.843208504
0.374349000,27.835837868
0.374552400,27.824468889
0.374755900,27.809098254
0.374959300,27.801729274
0.375162800,27.794358639
0.375366200,27.782989660
0.375569700,27.767619024
0.375773100,27.760250045
0.375976600,27.748879409
0.376180000,27.737510430
0.376383500,27.726139795
0.376586900,27.718770815
0.376790400,27.703400180
0.376993800,27.692031201
0.377197300,27.684660565
0.377400700,27.677291586
0.377604200,27.661920950
0.377807600,27.650551971
0.378011100,27.643181336
0.378214500,27.627812356
0.378418000,27.616441721
0.378621400,27.609072742
0.378824900,27.593702106
0.379028300,27.586333127
0.379231800,27.574962491
0.379435200,27.559593512
0.379638700,27.552222877
0.379842100,27.540853897
0.380045600,27.533483262
0.380249000,27.518114283
0.380452500,27.506743647
0.380655900,27.499374668
0.380859400,27.484004032
0.381062800,27.472635053
0.381266300,27.461264418
0.381469700,27.445895438
0.381673200,27.438524803
0.381876600,27.427155824
0.382080100,27.419785188
0.382283500,27.404416209
0.382487000,27.393045573
0.382690400,27.381676594
0.382893900,27.366305959
0.383097300,27.358936979
0.383300800,27.347566344
0.383504200,27.332197365
0.383707700,27.320826729
0.383911100,27.313457750
0.384114600,27.302087114
0.384318000,27.286718135
0.384521500,27.275347500
0.384724900,27.263978520
0.384928400,27.248607885
0.385131800,27.237238906
0.385335300,27.229868270
0.385538700,27.210499291
0.385742200,27.203128655
0.385945600,27.191759676
0.386149100,27.180389041
0.386352500,27.165020061
0.386556000,27.153649426
0.386759400,27.142280447
0.386962900,27.126909811
0.387166300,27.115540832
0.387369800,27.104170196
0.387573200,27.088801217
0.387776700,27.077430582
0.387980100,27.066061602
0.388183600,27.050690967
0.388387000,27.039321988
0.388590500,27.027951352
0.388793900,27.020582373
0.388997400,27.001211737
0.389200800,26.989842758
0.389404300,26.978472123
0.389607700,26.963103143
0.389811200,26.951732508
0.390014600,26.940363529
0.390218100,26.920992893
0.390421500,26.909623914
0.390625000,26.898253278
0.390828500,26.886882643
0.391031900,26.867513664
0.391235400,26.860143028
0.391438800,26.848774049
0.391642300,26.829403413
0.391845700,26.818034434
0.392049200,26.806663799
0.392252600,26.787294819
0.392456100,26.775924184
0.392659500,26.764555205
0.392863000,26.753184569
0.393066400,26.729815590
0.393269900,26.718444954
0.393473300,26.707075975
0.393676800,26.687705340
0.393880200,26.676336360
0.394083700,26.664965725
0.394287100,26.645596746
0.394490600,26.630226110
0.394694000,26.618857131
0.394897500,26.607486495
0.395100900,26.588117516
0.395304400,26.576746881
0.395507800,26.561377901
0.395711300,26.542007266
0.395914700,26.530638287
0.396118200,26.519267651
0.396321600,26.495898672
0.396525100,26.484528036
0.396728500,26.473159057
0.396932000,26.457788422
0.397135400,26.438419442
0.397338900,26.427048807
0.397542300,26.411679828
0.397745800,26.392309192
0.397949200,26.380940213
0.398152700,26.365569577
0.398356100,26.346200598
0.398559600,26.334829963
0.398763000,26.319460983
0.398966500,26.300090348
0.399169900,26.288721369
0.399373400,26.273350733
0.399576800,26.261981754
0.399780300,26.242611118
0.399983700,26.227242139
0.400187200,26.215871504
0.400390600,26.196502524
0.400594100,26.181131889
0.400797500,26.169762910
0.401001000,26.150392274
0.401204400,26.139023295
0.401407900,26.127652659
0.401611300,26.112283680
0.401814800,26.092913045
0.402018200,26.081544065
0.402221700,26.070173430
0.402425100,26.050804451
0.402628600,26.035433815
0.402832000,26.024064836
0.403035500,26.004694200
0.403238900,25.993325221
0.403442400,25.981954586
0.403645800,25.970585606
0.403849300,25.951214971
0.404052700,25.939845992
0.404256200,25.928475356
0.404459600,25.909106377
0.404663100,25.897735741
0.404866500,25.886366762
0.405070000,25.870996127
0.405273400,25.859627147
0.405476900,25.848256512
0.405680300,25.836887533
0.405883800,25.817516897
0.406087200,25.810147918
0.406290700,25.798777282
0.406494100,25.779408303
0.406697600,25.772037668
0.406901000,25.760668688
0.407104500,25.741298053
0.407307900,25.733929074
0.407511400,25.722558438
0.407714800,25.707189459
0.407918300,25.695818823
0.408121700,25.688449844
0.408325200,25.677079209
0.408528600,25.661710229
0.408732100,25.650339594
0.408935500,25.638970615
0.409139000,25.623599979
0.409342400,25.616231000
0.409545900,25.604860364
0.409749300,25.589491385
0.409952800,25.582120750
0.410156200,25.570751770
0.410359700,25.563381135
0.410563200,25.548010499
0.410766600,25.536641520
0.410970100,25.529270885
0.411173500,25.513901905
0.411377000,25.502531270
0.411580400,25.495162291
0.411783900,25.479791655
0.411987300,25.468422676
0.412190800,25.457052040
0.412394200,25.449683061
0.412597700,25.434312426
0.412801100,25.422943446
0.413004600,25.415572811
0.413208000,25.400203832
0.413411500,25.388833196
0.413614900,25.377464217
0.413818400,25.362093581
0.414021800,25.350724602
0.414225300,25.343353967
0.414428700,25.331984987
0.414632200,25.312614352
0.414835600,25.305245373
0.415039100,25.293874737
0.415242500,25.274505758
0.415446000,25.263135122
0.415649400,25.251766143
0.415852900,25.236395508
0.416056300,25.225026528
0.416259800,25.213655893
0.416463200,25.194286914
0.416666700,25.182916278
0.416870100,25.171547299
0.417073600,25.156176663
0.417277000,25.136807684
0.417480500,25.125437049
0.417683900,25.114068069
0.417887400,25.090697434
0.418090800,25.079328455
0.418294300,25.067957819
0.418497700,25.044588840
0.418701200,25.033218204
0.418904600,25.017849225
0.419108100,25.006478590
0.419311500,24.983109610
0.419515000,24.971738975
0.419718400,24.956369996
0.419921900,24.932999360
0.420125300,24.917630381
0.420328800,24.906259745
0.420532200,24.878890766
0.420735700,24.867520131
0.420939100,24.852151151
0.421142600,24.836780516
0.421346000,24.813411537
0.421549500,24.798040901
0.421752900,24.782671922
0.421956400,24.755301286
0.422159800,24.743932307
0.422363300,24.728561672
0.422566700,24.701192692
0.422770200,24.685822057
0.422973600,24.670453078
0.423177100,24.655082442
0.423380500,24.631713463
0.423584000,24.616342827
0.423787400,24.600973848
0.423990900,24.573603213
0.424194300,24.558234233
0.424397800,24.542863598
0.424601200,24.515494619
0.424804700,24.504123983
0.425008100,24.488755004
0.425211600,24.473384368
0.425415000,24.446015389
0.425618500,24.430644754
0.425821900,24.419275774
0.426025400,24.391905139
0.426228800,24.376536160
0.426432300,24.361165524
0.426635700,24.337796545
0.426839200,24.322425909
0.427042600,24.311056930
0.427246100,24.283686295
0.427449500,24.272317315
0.427653000,24.256946680
0.427856400,24.245577701
0.428059900,24.222207065
0.428263300,24.206838086
0.428466800,24.195467450
0.428670200,24.172098471
0.428873700,24.160727836
0.429077100,24.149358856
0.429280600,24.125988221
0.429484000,24.114619242
0.429687500,24.103248606
0.429891000,24.091877971
0.430094400,24.068508991
0.430297900,24.057138356
0.430501300,24.045769377
0.430704800,24.030398741
0.430908200,24.019029762
0.431111700,24.007659126
0.431315100,23.988290147
0.431518600,23.976919512
0.431722000,23.969550532
0.431925500,23.958179897
0.432128900,23.942810918
0.432332400,23.931440282
0.432535800,23.924071303
0.432739300,23.908700667
0.432942700,23.897331688
0.433146200,23.889961053
0.433349600,23.874592073
0.433553100,23.863221438
0.433756500,23.855852459
0.433960000,23.848481823
0.434163400,23.833112844
0.434366900,23.825742208
0.434570300,23.814373229
0.434773800,23.803002594
0.434977200,23.795633614
0.435180700,23.784262979
0.435384100,23.772894000
0.435587600,23.765523364
0.435791000,23.758154385
0.435994500,23.742783749
0.436197900,23.735414770
0.436401400,23.728044135
0.436604800,23.720675155
0.436808300,23.705304520
0.437011700,23.697935541
0.437215200,23.690564905
0.437418600,23.675195926
0.437622100,23.667825290
0.437825500,23.660456311
0.438029000,23.649085676
0.438232400,23.637716696
0.438435900,23.630346061
0.438639300,23.622977082
0.438842800,23.607606446
0.439046200,23.600237467
0.439249700,23.592866831
0.439453100,23.577497852
0.439656600,23.570127217
0.439860000,23.562758237
0.440063500,23.547387602
0.440266900,23.536018623
0.440470400,23.528647987
0.440673800,23.521279008
0.440877300,23.505908372
0.441080700,23.494539393
0.441284200,23.487168758
0.441487600,23.471799778
0.441691100,23.464429143
0.441894500,23.453060164
0.442098000,23.437689528
0.442301400,23.430320549
0.442504900,23.418949913
0.442708300,23.407580934
0.442911800,23.392210299
0.443115200,23.384841319
0.443318700,23.373470684
0.443522100,23.358101705
0.443725600,23.346731069
0.443929000,23.339362090
0.444132500,23.319991454
0.444335900,23.312622475
0.444539400,23.301251840
0.444742800,23.285882860
0.444946300,23.274512225
0.445149700,23.267143246
0.445353200,23.255772610
0.445556600,23.240403631
0.445760100,23.229032995
0.445963500,23.217664016
0.446167000,23.202293381
0.446370400,23.194924401
0.446573900,23.183553766
0.446777300,23.168184787
0.446980800,23.156814151
0.447184200,23.149445172
0.447387700,23.138074536
0.447591100,23.122705557
0.447794600,23.111334922
0.447998000,23.103965942
0.448201500,23.088595307
0.448404900,23.077226328
0.448608400,23.069855692
0.448811800,23.054486713
0.449015300,23.043116077
0.449218700,23.035747098
0.449422200,23.024376463
0.449625700,23.009005827
0.449829100,23.001636848
0.450032600,22.990266212
0.450236000,22.978897233
0.450439500,22.967526598
0.450642900,22.960157618
0.450846400,22.944786983
0.451049800,22.937418004
0.451253300,22.930047368
0.451456700,22.918678389
0.451660200,22.907307753
0.451863600,22.895938774
0.452067100,22.888568139
0.452270500,22.877199159
0.452474000,22.869828524
0.452677400,22.858459545
0.452880900,22.847088909
0.453084300,22.839719930
0.453287800,22.832349294
0.453491200,22.820980315
0.453694700,22.809609680
0.453898100,22.802240700
0.454101600,22.794870065
0.454305000,22.779501086
0.454508500,22.772130450
0.454711900,22.764761471
0.454915400,22.753390835
0.455118800,22.746021856
0.455322300,22.738651221
0.455525700,22.723282241
0.455729200,22.715911606
0.455932600,22.708542627
0.456136100,22.701171991
0.456339500,22.689803012
0.456543000,22.682432376
0.456746400,22.671063397
0.456949900,22.659692762
0.457153300,22.652323782
0.457356800,22.644953147
0.457560200,22.629584168
0.457763700,22.622213532
0.457967100,22.614844553
0.458170600,22.607473917
0.458374000,22.592104938
0.458577500,22.584734303
0.458780900,22.577365323
0.458984400,22.561994688
0.459187800,22.554625709
0.459391300,22.547255073
0.459594700,22.531886094
0.459798200,22.524515458
0.460001600,22.517146479
0.460205100,22.505775844
0.460408500,22.494406864
0.460612000,22.483036229
0.460815400,22.475667250
0.461018900,22.460296614
0.461222300,22.452927635
0.461425800,22.441556999
0.461629200,22.426188020
0.461832700,22.418817385
0.462036100,22.407448405
0.462239600,22.400077770
0.462443000,22.384708791
0.462646500,22.373338155
0.462849900,22.365969176
0.463053400,22.350598540
0.463256800,22.339229561
0.463460300,22.331858926
0.463663700,22.316489946
0.463867200,22.305119311
0.464070600,22.297750332
0.464274100,22.282379696
0.464477500,22.271010717
0.464681000,22.263640081
0.464884400,22.252271102
0.465087900,22.236900467
0.465291300,22.225531487
0.465494800,22.218160852
0.465698200,22.202791873
0.465901700,22.191421237
0.466105100,22.184052258
0.466308600,22.168681622
0.466512000,22.157312643
0.466715500,22.145942008
0.466918900,22.138573028
0.467122400,22.123202393
0.467325800,22.111833414
0.467529300,22.104462778
0.467732700,22.089093799
0.467936200,22.077723163
0.468139600,22.070354184
0.468343100,22.054983549
0.468546500,22.047614569
0.468750000,22.036243934
0.468953500,22.028873298
0.469156900,22.013504319
0.469360400,22.002133684
0.469563800,21.994764704
0.469767300,21.979394069
0.469970700,21.972025090
0.470174200,21.964654454
0.470377600,21.949285475
0.470581100,21.941914839
0.470784500,21.934545860
0.470988000,21.923175225
0.471191400,21.911806245
0.471394900,21.904435610
0.471598300,21.897066631
0.471801800,21.881695995
0.472005200,21.874327016
0.472208700,21.866956380
0.472412100,21.855587401
0.472615600,21.848216766
0.472819000,21.840847786
0.473022500,21.833477151
0.473225900,21.822108172
0.473429400,21.814737536
0.473632800,21.807368557
0.473836300,21.795997921
0.474039700,21.788628942
0.474243200,21.781258307
0.474446600,21.769889327
0.474650100,21.762518692
0.474853500,21.755149713
0.475057000,21.743779077
0.475260400,21.736410098
0.475463900,21.729039462
0.475667300,21.721670483
0.475870800,21.714299848
0.476074200,21.706930868
0.476277700,21.699560233
0.476481100,21.688191254
0.476684600,21.680820618
0.476888000,21.673451639
0.477091500,21.666081003
0.477294900,21.658712024
0.477498400,21.651341389
0.477701800,21.643972409
0.477905300,21.632601774
0.478108700,21.625232795
0.478312200,21.617862159
0.478515600,21.610493180
0.478719100,21.603122544
0.478922500,21.595753565
0.479126000,21.584382930
0.479329400,21.577013950
0.479532900,21.569643315
0.479736300,21.562274336
0.479939800,21.550903700
0.480143200,21.543534721
0.480346700,21.536164085
0.480550100,21.524795106
0.480753600,21.517424471
0.480957000,21.510055491
0.481160500,21.494684856
0.481363900,21.487315877
0.481567400,21.479945241
0.481770800,21.472576262
0.481974300,21.461205626
0.482177700,21.449836647
0.482381200,21.442466012
0.482584600,21.431097032
0.482788100,21.419726397
0.482991500,21.412357418
0.483195000,21.400986782
0.483398400,21.389617803
0.483601900,21.382247167
0.483805300,21.366878188
0.484008800,21.359507553
0.484212200,21.348138573
0.484415700,21.340767938
0.484619100,21.325398959
0.484822600,21.318028323
0.485026000,21.306659344
0.485229500,21.291288708
0.485432900,21.283919729
0.485636400,21.272549094
0.485839800,21.257180114
0.486043300,21.249809479
0.486246700,21.238440500
0.486450200,21.231069864
0.486653600,21.215700885
0.486857100,21.204330249
0.487060500,21.196961270
0.487264000,21.181590635
0.487467400,21.170221655
0.487670900,21.162851020
0.487874300,21.147482041
0.488077800,21.136111405
0.488281200,21.128742426
0.488484700,21.117371790
0.488688200,21.102001155
0.488891600,21.090632176
0.489095100,21.083261540
0.489298500,21.067892561
0.489502000,21.060521925
0.489705400,21.049152946
0.489908900,21.033782311
0.490112300,21.026413331
0.490315800,21.015042696
0.490519200,21.007673717
0.490722700,20.992303081
0.490926100,20.984934102
0.491129600,20.973563466
0.491333000,20.962194487
0.491536500,20.950823852
0.491739900,20.943454872
0.491943400,20.928084237
0.492146800,20.920715258
0.492350300,20.913344622
0.492553700,20.897975643
0.492757200,20.890605007
0.492960600,20.883236028
0.493164100,20.875865393
0.493367500,20.860496413
0.493571000,20.853125778
0.493774400,20.845756799
0.493977900,20.834386163
0.494181300,20.827017184
0.494384800,20.815646548
0.494588200,20.804277569
0.494791700,20.796906934
0.494995100,20.789537954
0.495198600,20.782167319
0.495402000,20.770798340
0.495605500,20.763427704
0.495808900,20.756058725
0.496012400,20.744688089
0.496215800,20.737319110
0.496419300,20.729948475
0.496622700,20.718579495
0.496826200,20.711208860
0.497029600,20.703839881
0.497233100,20.696469245
0.497436500,20.685100266
0.497640000,20.677729630
0.497843400,20.670360651
0.498046900,20.658990016
0.498250300,20.651621036
0.498453800,20.644250401
0.498657200,20.632881422
0.498860700,20.625510786
0.499064100,20.618141807
0.499267600,20.610771171
0.499471000,20.595402192
0.499674500,20.588031557
0.499877900,20.580662577
0.500081400,20.569291942
0.500284800,20.561922963
0.500488300,20.554552327
0.500691700,20.543183348
0.500895200,20.535812712
0.501098600,20.524443733
0.501302100,20.517073098
0.501505500,20.505704118
0.501709000,20.498333483
0.501912400,20.490964504
0.502115900,20.475593868
0.502319300,20.468224889
0.502522800,20.460854253
0.502726200,20.445485274
0.502929700,20.438114639
0.503133100,20.426745659
0.503336600,20.415375024
0.503540000,20.404006045
0.503743500,20.396635409
0.503946900,20.385266430
0.504150400,20.373895794
0.504353800,20.362526815
0.504557300,20.355156180
0.504760700,20.339787200
0.504964200,20.328416565
0.505167600,20.321047586
0.505371100,20.301676950
0.505574500,20.294307971
0.505778000,20.282937335
0.505981400,20.275568356
0.506184900,20.256197721
0.506388300,20.248828741
0.506591800,20.237458106
0.506795200,20.222089127
0.506998700,20.210718491
0.507202100,20.199349512
0.507405600,20.183978876
0.507609000,20.172609897
0.507812500,20.161239262
0.508016000,20.153868626
0.508219400,20.134499647
0.508422900,20.123129011
0.508626300,20.111760032
0.508829800,20.096389397
0.509033200,20.085020417
0.509236700,20.073649782
0.509440100,20.054280803
0.509643600,20.046910167
0.509847000,20.035541188
0.510050500,20.024170552
0.510253900,20.004801573
0.510457400,19.993430938
0.510660800,19.986061958
0.510864300,19.966691323
0.511067700,19.955322344
0.511271200,19.943951708
0.511474600,19.928582729
0.511678100,19.917212093
0.511881500,19.905843114
0.512085000,19.886472479
0.512288400,19.879103499
0.512491900,19.867732864
0.512695300,19.856363885
0.512898800,19.840993249
0.513102200,19.829624270
0.513305700,19.818253634
0.513509100,19.802884655
0.513712600,19.791514020
0.513916000,19.780145040
0.514119500,19.764774405
0.514322900,19.753405426
0.514526400,19.746034790
0.514729800,19.734665811
0.514933300,19.719295175
0.515136700,19.707926196
0.515340200,19.700555561
0.515543600,19.681186581
0.515747100,19.673815946
0.515950500,19.662446967
0.516154000,19.647076331
0.516357400,19.639707352
0.516560900,19.628336716
0.516764300,19.620967737
0.516967800,19.605597102
0.517171200,19.594228122
0.517374700,19.586857487
0.517578100,19.571488508
0.517781600,19.564117872
0.517985000,19.552748893
0.518188500,19.537378257
0.518391900,19.530009278
0.518595400,19.522638643
0.518798800,19.511269663
0.519002300,19.495899028
0.519205700,19.488530049
0.519409200,19.481159413
0.519612600,19.465790434
0.519816100,19.458419798
0.520019500,19.447050819
0.520223000,19.431680184
0.520426400,19.424311204
0.520629900,19.416940569
0.520833300,19.405571590
0.521036800,19.390200954
0.521240200,19.382831975
0.521443700,19.371461339
0.521647100,19.360092360
0.521850600,19.348721725
0.522054000,19.341352745
0.522257500,19.325982110
0.522460900,19.314613131
0.522664400,19.307242495
0.522867800,19.291873516
0.523071300,19.280502880
0.523274700,19.273133901
0.523478200,19.261763266
0.523681600,19.246394286
0.523885100,19.235023651
0.524088500,19.227654672
0.524292000,19.208284036
0.524495400,19.200915057
0.524698900,19.189544421
0.524902300,19.174175442
0.525105800,19.162804807
0.525309200,19.151435827
0.525512700,19.144065192
0.525716100,19.124696213
0.525919600,19.113325577
0.526123000,19.105956598
0.526326500,19.086585962
0.526529900,19.075216983
0.526733400,19.063846348
0.526936800,19.048477368
0.527140300,19.037106733
0.527343700,19.025737754
0.527547200,19.014367118
0.527750700,18.998996483
0.527954100,18.987627503
0.528157600,18.976256868
0.528361000,18.956887889
0.528564500,18.945517253
0.528767900,18.934148274
0.528971400,18.918777638
0.529174800,18.907408659
0.529378300,18.896038024
0.529581700,18.884669044
0.529785200,18.865298409
0.529988600,18.857929430
0.530192100,18.846558794
0.530395500,18.827189815
0.530599000,18.815819179
0.530802400,18.804450200
0.531005900,18.789079565
0.531209300,18.777710585
0.531412800,18.766339950
0.531616200,18.750970971
0.531819700,18.739600335
0.532023100,18.728231356
0.532226600,18.720860720
0.532430000,18.701491741
0.532633500,18.694121106
0.532836900,18.682752126
0.533040400,18.667381491
0.533243800,18.656012512
0.533447300,18.648641876
0.533650700,18.629272897
0.533854200,18.621902261
0.534057600,18.610533282
0.534261100,18.603162647
0.534464500,18.587793667
0.534668000,18.580423032
0.534871400,18.569054053
0.535074900,18.553683417
0.535278300,18.546314438
0.535481800,18.538943802
0.535685200,18.523574823
0.535888700,18.516204188
0.536092100,18.504835208
0.536295600,18.497464573
0.536499000,18.486095594
0.536702500,18.478724958
0.536905900,18.467355979
0.537109400,18.455985343
0.537312800,18.448616364
0.537516300,18.441245729
0.537719700,18.425876749
0.537923200,18.418506114
0.538126600,18.411137135
0.538330100,18.403766499
0.538533500,18.392397520
0.538737000,18.385026884
0.538940400,18.377657905
0.539143900,18.366287270
0.539347300,18.358918290
0.539550800,18.351547655
0.539754200,18.340178676
0.539957700,18.332808040
0.540161100,18.321439061
0.540364600,18.310068425
0.540568000,18.302699446
0.540771500,18.295328811
0.540974900,18.287959831
0.541178400,18.276589196
0.541381800,18.269220217
0.541585300,18.261849581
0.541788700,18.246480602
0.541992200,18.239109966
0.542195600,18.231740987
0.542399100,18.220370352
0.542602500,18.213001372
0.542806000,18.201630737
0.543009400,18.194261758
0.543212900,18.182891122
0.543416300,18.171522143
0.543619800,18.164151507
0.543823200,18.148782528
0.544026700,18.141411893
0.544230100,18.134042913
0.544433600,18.118672278
0.544637000,18.111303299
0.544840500,18.099932663
0.545043900,18.092563684
0.545247400,18.077193048
0.545450800,18.065824069
0.545654300,18.058453434
0.545857700,18.043084454
0.546061200,18.031713819
0.546264600,18.020344840
0.546468100,18.004974204
0.546671500,17.993605225
0.546875000,17.986234589
0.547078500,17.974863954
0.547281900,17.959494975
0.547485400,17.948124339
0.547688800,17.936755360
0.547892300,17.917384724
0.548095700,17.910015745
0.548299200,17.898645110
0.548502600,17.879276130
0.548706100,17.867905495
0.548909500,17.856536516
0.549113000,17.845165880
0.549316400,17.825796901
0.549519900,17.814426265
0.549723300,17.803057286
0.549926800,17.783686651
0.550130200,17.772317671
0.550333700,17.760947036
0.550537100,17.741578057
0.550740600,17.730207421
0.550944000,17.718838442
0.551147500,17.699467806
0.551350900,17.688098827
0.551554400,17.676728192
0.551757800,17.665359212
0.551961300,17.645988577
0.552164700,17.634619598
0.552368200,17.619248962
0.552571600,17.599879983
0.552775100,17.588509347
0.552978500,17.577140368
0.553182000,17.557769733
0.553385400,17.546400753
0.553588900,17.535030118
0.553792300,17.519661139
0.553995800,17.500290503
0.554199200,17.488921524
0.554402700,17.477550888
0.554606100,17.458181909
0.554809600,17.446811274
0.555013000,17.431442294
0.555216500,17.412071659
0.555419900,17.400702680
0.555623400,17.389332044
0.555826800,17.377963065
0.556030300,17.358592429
0.556233700,17.347223450
0.556437200,17.331852815
0.556640600,17.312483835
0.556844100,17.301113200
0.557047500,17.289744221
0.557251000,17.270373585
0.557454400,17.259004606
0.557657900,17.247633970
0.557861300,17.236264991
0.558064800,17.216894356
0.558268200,17.205525376
0.558471700,17.194154741
0.558675100,17.174785762
0.558878600,17.163415126
0.559082000,17.152046147
0.559285500,17.128675511
0.559488900,17.117306532
0.559692400,17.105935897
0.559895800,17.086566917
0.560099300,17.075196282
0.560302700,17.063827303
0.560506200,17.052456667
0.560709600,17.033087688
0.560913100,17.021717052
0.561116500,17.010348073
0.561320000,16.990977438
0.561523400,16.983608458
0.561726900,16.972237823
0.561930300,16.952868844
0.562133800,16.941498208
0.562337200,16.930129229
0.562540700,16.918758593
0.562744100,16.899389614
0.562947600,16.888018979
0.563151000,16.876649999
0.563354500,16.857279364
0.563557900,16.845910385
0.563761400,16.834539749
0.563964800,16.815170770
0.564168300,16.807800134
0.564371700,16.796431155
0.564575200,16.785060520
0.564778600,16.765691540
0.564982100,16.754320905
0.565185500,16.742951926
0.565389000,16.727581290
0.565592400,16.716212311
0.565795900,16.704841675
0.565999300,16.685472696
0.566202800,16.674102061
0.566406200,16.662733081
0.566609700,16.651362446
0.566813200,16.635991810
0.567016600,16.624622831
0.567220100,16.613252196
0.567423500,16.593883216
0.567627000,16.586512581
0.567830400,16.575143602
0.568033900,16.555772966
0.568237300,16.544403987
0.568440800,16.533033351
0.568644200,16.517664372
0.568847700,16.506293737
0.569051100,16.494924757
0.569254600,16.483554122
0.569458000,16.468185143
0.569661500,16.456814507
0.569864900,16.445445528
0.570068400,16.426074892
0.570271800,16.414705913
0.570475300,16.407335278
0.570678700,16.387966298
0.570882200,16.376595663
0.571085600,16.365226684
0.571289100,16.353856048
0.571492500,16.338487069
0.571696000,16.327116433
0.571899400,16.315747454
0.572102900,16.296376819
0.572306300,16.289007839
0.572509800,16.277637204
0.572713200,16.258268225
0.572916700,16.246897589
0.573120100,16.235528610
0.573323600,16.224157974
0.573527000,16.208788995
0.573730500,16.197418360
0.573933900,16.186049380
0.574137400,16.166678745
0.574340800,16.155309766
0.574544300,16.143939130
0.574747700,16.124570151
0.574951200,16.113199515
0.575154600,16.101830536
0.575358100,16.090459901
0.575561500,16.075090921
0.575765000,16.063720286
0.575968400,16.052351307
0.576171900,16.032980671
0.576375300,16.021611692
0.576578800,16.010241056
0.576782200,15.990872077
0.576985700,15.979501442
0.577189100,15.968132462
0.577392600,15.956761827
0.577596000,15.937392848
0.577799500,15.922022212
0.578002900,15.910653233
0.578206400,15.891282597
0.578409800,15.879913618
0.578613300,15.868542983
0.578816700,15.849174003
0.579020200,15.837803368
0.579223600,15.826434389
0.579427100,15.807063753
0.579630500,15.795694774
0.579834000,15.784324138
0.580037400,15.768955159
0.580240900,15.749584524
0.580444300,15.738215544
0.580647800,15.726844909
0.580851200,15.707475930
0.581054700,15.692105294
0.581258100,15.680736315
0.581461600,15.661365679
0.581665000,15.649996700
0.581868500,15.638626065
0.582071900,15.627257085
0.582275400,15.603886450
0.582478800,15.592517471
0.582682300,15.581146835
0.582885700,15.557777856
0.583089200,15.546407220
0.583292600,15.535038241
0.583496100,15.511667606
0.583699500,15.500298626
0.583903000,15.488927991
0.584106400,15.477559012
0.584309900,15.454188376
0.584513300,15.442819397
0.584716800,15.431448761
0.584920200,15.408079782
0.585123700,15.396709147
0.585327100,15.385340167
0.585530600,15.361969532
0.585734000,15.350600553
0.585937500,15.335229917
0.586141000,15.323859282
0.586344400,15.300490302
0.586547900,15.289119667
0.586751300,15.277750688
0.586954800,15.254380052
0.587158200,15.243011073
0.587361700,15.227640437
0.587565100,15.208271458
0.587768600,15.192900823
0.587972000,15.181531843
0.588175500,15.158161208
0.588378900,15.146792229
0.588582400,15.131421593
0.588785800,15.120052614
0.588989300,15.096681978
0.589192700,15.085312999
0.589396200,15.073942364
0.589599600,15.050573384
0.589803100,15.035202749
0.590006500,15.023833770
0.590210000,15.000463134
0.590413400,14.989094155
0.590616900,14.973723519
0.590820300,14.962354540
0.591023800,14.938983905
0.591227200,14.927614925
0.591430700,14.912244290
0.591634100,14.892875311
0.591837600,14.877504675
0.592041000,14.866135696
0.592244500,14.842765060
0.592447900,14.831396081
0.592651400,14.816025446
0.592854800,14.804656466
0.593058300,14.781285831
0.593261700,14.769916852
0.593465200,14.754546216
0.593668600,14.735177237
0.593872100,14.719806601
0.594075500,14.708437622
0.594279000,14.685066987
0.594482400,14.673698007
0.594685900,14.662327372
0.594889300,14.646958393
0.595092800,14.627587757
0.595296200,14.612218778
0.595499700,14.600848142
0.595703100,14.581479163
0.595906600,14.566108528
0.596110000,14.554739548
0.596313500,14.535368913
0.596516900,14.519999934
0.596720400,14.508629298
0.596923800,14.497260319
0.597127300,14.477889683
0.597330700,14.462520704
0.597534200,14.451150069
0.597737600,14.431781089
0.597941100,14.420410454
0.598144500,14.409041475
0.598348000,14.389670839
0.598551400,14.374301860
0.598754900,14.362931224
0.598958300,14.343562245
0.599161800,14.332191610
0.599365200,14.320822630
0.599568700,14.309451995
0.599772100,14.290083016
0.599975600,14.278712380
0.600179000,14.267343401
0.600382500,14.243972765
0.600585900,14.232603786
0.600789400,14.221233151
0.600992800,14.201864171
0.601196300,14.190493536
0.601399700,14.179124557
0.601603200,14.167753921
0.601806600,14.148384942
0.602010100,14.137014306
0.602213500,14.125645327
0.602417000,14.106274692
0.602620400,14.094905712
0.602823900,14.083535077
0.603027300,14.068166098
0.603230800,14.056795462
0.603434200,14.045426483
0.603637700,14.034055847
0.603841100,14.014686868
0.604044600,14.003316233
0.604248000,13.991947253
0.604451500,13.972576618
0.604654900,13.961207639
0.604858400,13.949837003
0.605061800,13.930468024
0.605265300,13.919097388
0.605468800,13.907726753
0.605672200,13.896357774
0.605875700,13.876987138
0.606079100,13.865618159
0.606282600,13.854247523
0.606486000,13.834878544
0.606689500,13.823507909
0.606892900,13.812138929
0.607096400,13.792768294
0.607299800,13.781399315
0.607503300,13.770028679
0.607706700,13.750659700
0.607910200,13.739289064
0.608113600,13.727920085
0.608317100,13.716549450
0.608520500,13.697180470
0.608724000,13.685809835
0.608927400,13.674440856
0.609130900,13.655070220
0.609334300,13.643701241
0.609537800,13.632330605
0.609741200,13.612961626
0.609944700,13.601590991
0.610148100,13.590222011
0.610351600,13.578851376
0.610555000,13.559482397
0.610758500,13.544111761
0.610961900,13.532742782
0.611165400,13.513372146
0.611368800,13.502003167
0.611572300,13.490632532
0.611775700,13.471263552
0.611979200,13.459892917
0.612182600,13.448523938
0.612386100,13.437153302
0.612589500,13.417784323
0.612793000,13.406413687
0.612996400,13.395044708
0.613199900,13.375674073
0.613403300,13.364305093
0.613606800,13.352934458
0.613810200,13.329565479
0.614013700,13.318194843
0.614217100,13.306825864
0.614420600,13.295455228
0.614624000,13.276086249
0.614827500,13.264715614
0.615030900,13.253346634
0.615234400,13.233975999
0.615437800,13.222607020
0.615641300,13.211236384
0.615844700,13.191867405
0.616048200,13.180496769
0.616251600,13.169127790
0.616455100,13.149757155
0.616658500,13.138388175
0.616862000,13.131017540
0.617065400,13.119648561
0.617268900,13.100277925
0.617472300,13.088908946
0.617675800,13.077538310
0.617879200,13.058169331
0.618082700,13.046798696
0.618286100,13.039429716
0.618489600,13.020059081
0.618693000,13.008690102
0.618896500,12.997319466
0.619099900,12.989950487
0.619303400,12.970579851
0.619506800,12.959210872
0.619710300,12.951840237
0.619913700,12.932471257
0.620117200,12.925100622
0.620320600,12.913731643
0.620524100,12.898361007
0.620727500,12.886992028
0.620931000,12.875621392
0.621134400,12.868252413
0.621337900,12.852881778
0.621541300,12.841512798
0.621744800,12.830142163
0.621948200,12.814773184
0.622151700,12.807402548
0.622355100,12.796033569
0.622558600,12.784662933
0.622762000,12.773293954
0.622965500,12.765923319
0.623168900,12.754554339
0.623372400,12.743183704
0.623575800,12.731814725
0.623779300,12.724444089
0.623982700,12.709075110
0.624186200,12.701704474
0.624389600,12.694335495
0.624593100,12.678964860
0.624796500,12.671595880
0.625000000,12.664225245
0.625203500,12.656854609
0.625406900,12.641485630
0.625610400,12.634114995
0.625813800,12.626746015
0.626017300,12.615375380
0.626220700,12.608006401
0.626424200,12.600635765
0.626627600,12.589266786
0.626831100,12.581896150
0.627034500,12.574527171
0.627238000,12.563156536
0.627441400,12.555787556
0.627644900,12.548416921
0.627848300,12.541047942
0.628051800,12.529677306
0.628255200,12.522308327
0.628458700,12.514937691
0.628662100,12.503568712
0.628865600,12.496198077
0.629069000,12.488829097
0.629272500,12.481458462
0.629475900,12.474089483
0.629679400,12.466718847
0.629882800,12.459349868
0.630086300,12.451979232
0.630289700,12.444610253
0.630493200,12.437239618
0.630696600,12.425870638
0.630900100,12.422500003
0.631103500,12.415131024
0.631307000,12.403760388
0.631510400,12.396391409
0.631713900,12.393020773
0.631917300,12.385651794
0.632120800,12.374281159
0.632324200,12.370912179
0.632527700,12.363541544
0.632731100,12.356172565
0.632934600,12.348801929
0.633138000,12.341432950
0.633341500,12.334062314
0.633544900,12.326693335
0.633748400,12.319322700
0.633951800,12.311953720
0.634155300,12.304583085
0.634358700,12.297214106
0.634562200,12.293843470
0.634765600,12.282474491
0.634969100,12.279103855
0.635172500,12.271734876
0.635376000,12.260364241
0.635579400,12.256995261
0.635782900,12.249624626
0.635986300,12.242255647
0.636189800,12.234885011
0.636393200,12.227516032
0.636596700,12.220145396
0.636800100,12.212776417
0.637003600,12.205405782
0.637207000,12.202036802
0.637410500,12.190666167
0.637613900,12.183297188
0.637817400,12.179926552
0.638020800,12.168557573
0.638224300,12.165186937
0.638427700,12.157817958
0.638631200,12.150447323
0.638834600,12.143078343
0.639038100,12.135707708
0.639241500,12.128338729
0.639445000,12.120968093
0.639648400,12.113599114
0.639851900,12.106228478
0.640055300,12.098859499
0.640258800,12.091488864
0.640462200,12.088119884
0.640665700,12.080749249
0.640869100,12.069380270
0.641072600,12.066009634
0.641276000,12.058640655
0.641479500,12.051270019
0.641682900,12.043901040
0.641886400,12.036530405
0.642089800,12.029161425
0.642293300,12.021790790
0.642496700,12.014421811
0.642700200,12.011051175
0.642903600,11.999682196
0.643107100,11.996311560
0.643310500,11.988942581
0.643514000,11.977571946
0.643717400,11.974202966
0.643920900,11.966832331
0.644124300,11.959463352
0.644327800,11.952092716
0.644531300,11.944722081
0.644734700,11.941353101
0.644938200,11.929982466
0.645141600,11.922613487
0.645345100,11.919242851
0.645548500,11.907873872
0.645752000,11.904503236
0.645955400,11.897134257
0.646158900,11.889763622
0.646362300,11.882394642
0.646565800,11.875024007
0.646769200,11.867655028
0.646972700,11.860284392
0.647176100,11.852915413
0.647379600,11.849544777
0.647583000,11.838175798
0.647786500,11.834805163
0.647989900,11.827436183
0.648193400,11.816065548
0.648396800,11.812696569
0.648600300,11.805325933
0.648803700,11.797956954
0.649007200,11.790586318
0.649210600,11.783217339
0.649414100,11.775846704
0.649617500,11.768477724
0.649821000,11.761107089
0.650024400,11.753738110
0.650227900,11.746367474
0.650431300,11.738998495
0.650634800,11.731627859
0.650838200,11.724258880
0.651041700,11.716888245
0.651245100,11.709519265
0.651448600,11.706148630
0.651652000,11.694779651
0.651855500,11.687409015
0.652058900,11.680040036
0.652262400,11.672669400
0.652465800,11.665300421
0.652669300,11.657929786
0.652872700,11.650560806
0.653076200,11.643190171
0.653279600,11.635821192
0.653483100,11.628450556
0.653686500,11.617081577
0.653890000,11.613710941
0.654093400,11.606341962
0.654296900,11.594971327
0.654500300,11.587602347
0.654703800,11.580231712
0.654907200,11.572862733
0.655110700,11.565492097
0.655314100,11.558123118
0.655517600,11.546752482
0.655721000,11.539383503
0.655924500,11.532012868
0.656127900,11.524643888
0.656331400,11.517273253
0.656534800,11.509904274
0.656738300,11.502533638
0.656941700,11.491164659
0.657145200,11.483794023
0.657348600,11.476425044
0.657552100,11.465054409
0.657755500,11.457685429
0.657959000,11.450314794
0.658162400,11.442945815
0.658365900,11.435575179
0.658569300,11.428206200
0.658772800,11.420835564
0.658976200,11.409466585
0.659179700,11.402095950
0.659383100,11.394726970
0.659586600,11.383356335
0.659790000,11.375987356
0.659993500,11.368616720
0.660196900,11.361247741
0.660400400,11.349877105
0.660603800,11.342508126
0.660807300,11.335137491
0.661010700,11.327768511
0.661214200,11.320397876
0.661417600,11.313028897
0.661621100,11.301658261
0.661824500,11.294289282
0.662028000,11.286918646
0.662231400,11.279549667
0.662434900,11.268179032
0.662638300,11.260810053
0.662841800,11.253439417
0.663045200,11.242070438
0.663248700,11.234699802
0.663452100,11.231330823
0.663655600,11.219960187
0.663859000,11.212591208
0.664062500,11.205220573
0.664266000,11.193849937
0.664469400,11.186480958
0.664672900,11.179110322
0.664876300,11.171741343
0.665079800,11.164370708
0.665283200,11.157001728
0.665486700,11.149631093
0.665690100,11.138262114
0.665893600,11.130891478
0.666097000,11.123522499
0.666300500,11.112151863
0.666503900,11.104782884
0.666707400,11.101412249
0.666910800,11.094043269
0.667114300,11.082672634
0.667317700,11.075303655
0.667521200,11.067933019
0.667724600,11.056564040
0.667928100,11.053193404
0.668131500,11.045824425
0.668335000,11.034453790
0.668538400,11.027084810
0.668741900,11.019714175
0.668945300,11.012345196
0.669148800,11.004974560
0.669352200,10.997605581
0.669555700,10.990234945
0.669759100,10.978865966
0.669962600,10.971495331
0.670166000,10.968126351
0.670369500,10.956755716
0.670572900,10.949386737
0.670776400,10.942016101
0.670979800,10.934647122
0.671183300,10.927276486
0.671386700,10.919907507
0.671590200,10.912536872
0.671793600,10.901167892
0.671997100,10.897797257
0.672200500,10.890428278
0.672404000,10.879057642
0.672607400,10.871688663
0.672810900,10.864318027
0.673014300,10.856949048
0.673217800,10.849578413
0.673421200,10.842209433
0.673624700,10.834838798
0.673828100,10.823469819
0.674031600,10.820099183
0.674235000,10.812730204
0.674438500,10.801359568
0.674641900,10.793990589
0.674845400,10.786619954
0.675048800,10.779250974
0.675252300,10.771880339
0.675455700,10.764511360
0.675659200,10.757140724
0.675862600,10.745771745
0.676066100,10.742401109
0.676269500,10.735032130
0.676473000,10.723661495
0.676676400,10.716292515
0.676879900,10.708921880
0.677083300,10.701552901
0.677286800,10.694182265
0.677490200,10.686813286
0.677693700,10.679442650
0.677897100,10.668073671
0.678100600,10.660703036
0.678304000,10.653334057
0.678507500,10.645963421
0.678710900,10.638594442
0.678914400,10.631223806
0.679117800,10.619854827
0.679321300,10.612484191
0.679524700,10.605115212
0.679728200,10.597744577
0.679931600,10.590375598
0.680135100,10.583004962
0.680338500,10.575635983
0.680542000,10.564265347
0.680745400,10.556896368
0.680948900,10.549525732
0.681152300,10.538156753
0.681355800,10.530786118
0.681559200,10.527417139
0.681762700,10.520046503
0.681966100,10.508677524
0.682169600,10.501306888
0.682373000,10.493937909
0.682576500,10.482567273
0.682779900,10.475198294
0.682983400,10.467827659
0.683186800,10.456458680
0.683390300,10.449088044
0.683593800,10.441717408
0.683797200,10.430348429
0.684000700,10.422977794
0.684204100,10.415608814
0.684407600,10.412238179
0.684611000,10.400869200
0.684814500,10.393498564
0.685017900,10.386129585
0.685221400,10.374758949
0.685424800,10.367389970
0.685628300,10.360019335
0.685831700,10.348650355
0.686035200,10.341279720
0.686238600,10.333910741
0.686442100,10.326540105
0.686645500,10.315171126
0.686849000,10.307800490
0.687052400,10.300431511
0.687255900,10.289060876
0.687459300,10.281691896
0.687662800,10.274321261
0.687866200,10.262952282
0.688069700,10.251581646
0.688273100,10.244212667
0.688476600,10.236842031
0.688680000,10.225473052
0.688883500,10.218102417
0.689086900,10.210733437
0.689290400,10.199362802
0.689493800,10.191993823
0.689697300,10.184623187
0.689900700,10.173254208
0.690104200,10.165883572
0.690307600,10.154514593
0.690511100,10.147143958
0.690714500,10.135774978
0.690918000,10.128404343
0.691121400,10.121035364
0.691324900,10.109664728
0.691528300,10.102295749
0.691731800,10.094925113
0.691935200,10.079556134
0.692138700,10.072185499
0.692342100,10.064816519
0.692545600,10.057445884
0.692749000,10.046076905
0.692952500,10.034706269
0.693155900,10.027337290
0.693359400,10.015966654
0.693562800,10.008597675
0.693766300,10.001227040
0.693969700,9.985858061
0.694173200,9.978487425
0.694376600,9.971118446
0.694580100,9.959747810
0.694783500,9.948378831
0.694987000,9.941008195
0.695190400,9.933639216
0.695393900,9.922268581
0.695597300,9.910899602
0.695800800,9.903528966
0.696004200,9.892159987
0.696207700,9.884789351
0.696411100,9.873420372
0.696614600,9.862049736
0.696818000,9.854680757
0.697021500,9.847310122
0.697224900,9.835941143
0.697428400,9.824570507
0.697631800,9.817201528
0.697835300,9.805830892
0.698038700,9.794461913
0.698242200,9.787091277
0.698445600,9.779722298
0.698649100,9.764351663
0.698852500,9.756982684
0.699056000,9.749612048
0.699259400,9.738243069
0.699462900,9.726872433
0.699666300,9.719503454
0.699869800,9.708132818
0.700073200,9.696763839
0.700276700,9.689393204
0.700480100,9.682024225
0.700683600,9.666653589
0.700887000,9.659284610
0.701090500,9.651913974
0.701293900,9.640544995
0.701497400,9.629174359
0.701700800,9.621805380
0.701904300,9.610434745
0.702107700,9.599065766
0.702311200,9.591695130
0.702514600,9.584326151
0.702718100,9.568955515
0.702921500,9.561586536
0.703125000,9.554215900
0.703328500,9.538845265
0.703531900,9.531476286
0.703735400,9.524105650
0.703938800,9.516736671
0.704142300,9.501366035
0.704345700,9.493997056
0.704549200,9.486626421
0.704752600,9.471257441
0.704956100,9.463886806
0.705159500,9.456517827
0.705363000,9.441147191
0.705566400,9.433778212
0.705769900,9.426407576
0.705973300,9.419038597
0.706176800,9.403667962
0.706380200,9.396298982
0.706583700,9.388928347
0.706787100,9.373559368
0.706990600,9.366188732
0.707194000,9.358819753
0.707397500,9.347449117
0.707600900,9.336080138
0.707804400,9.328709503
0.708007800,9.321340523
0.708211300,9.305969888
0.708414700,9.298600909
0.708618200,9.291230273
0.708821600,9.279861294
0.709025100,9.268490658
0.709228500,9.261121679
0.709432000,9.249751044
0.709635400,9.238382065
0.709838900,9.231011429
0.710042300,9.223642450
0.710245800,9.208271814
0.710449200,9.200902835
0.710652700,9.193532199
0.710856100,9.178163220
0.711059600,9.170792585
0.711263000,9.163423606
0.711466500,9.148052970
0.711669900,9.140683991
0.711873400,9.133313355
0.712076800,9.117944376
0.712280300,9.110573740
0.712483700,9.103204761
0.712687200,9.095834126
0.712890600,9.080465147
0.713094100,9.073094511
0.713297500,9.065725532
0.713501000,9.050354896
0.713704400,9.042985917
0.713907900,9.035615281
0.714111300,9.020246302
0.714314800,9.012875667
0.714518200,9.005506688
0.714721700,8.994136052
0.714925100,8.982767073
0.715128600,8.975396437
0.715332000,8.964027458
0.715535500,8.952656822
0.715738900,8.941287843
0.715942400,8.933917208
0.716145800,8.922548229
0.716349300,8.911177593
0.716552700,8.903808614
0.716756200,8.896437978
0.716959600,8.881068999
0.717163100,8.873698363
0.717366500,8.866329384
0.717570000,8.850958749
0.717773400,8.843589770
0.717976900,8.836219134
0.718180300,8.820850155
0.718383800,8.813479519
0.718587200,8.806110540
0.718790700,8.794739904
0.718994100,8.783370925
0.719197600,8.776000290
0.719401000,8.764631311
0.719604500,8.753260675
0.719807900,8.741891696
0.720011400,8.734521060
0.720214800,8.723152081
0.720418300,8.711781445
0.720621700,8.704412466
0.720825200,8.697041831
0.721028600,8.681672852
0.721232100,8.674302216
0.721435500,8.666933237
0.721639000,8.651562601
0.721842400,8.644193622
0.722045900,8.636822986
0.722249300,8.621454007
0.722452800,8.614083372
0.722656300,8.606712736
0.722859700,8.591343757
0.723063200,8.583973121
0.723266600,8.576604142
0.723470100,8.565233507
0.723673500,8.553864527
0.723877000,8.546493892
0.724080400,8.535124913
0.724283900,8.523754277
0.724487300,8.516385298
0.724690800,8.505014662
0.724894200,8.493645683
0.725097700,8.482275048
0.725301100,8.474906069
0.725504600,8.467535433
0.725708000,8.452166454
0.725911500,8.444795818
0.726114900,8.437426839
0.726318400,8.422056203
0.726521800,8.414687224
0.726725300,8.407316589
0.726928700,8.391947610
0.727132200,8.384576974
0.727335600,8.373207995
0.727539100,8.365837359
0.727742500,8.350468380
0.727946000,8.343097744
0.728149400,8.335728765
0.728352900,8.320358130
0.728556300,8.312989151
0.728759800,8.305618515
0.728963200,8.290249536
0.729166700,8.282878900
0.729370100,8.271509921
0.729573600,8.264139285
0.729777000,8.248770306
0.729980500,8.241399671
0.730183900,8.230030692
0.730387400,8.218660056
0.730590800,8.207291077
0.730794300,8.199920441
0.730997700,8.184551462
0.731201200,8.177180826
0.731404600,8.165811847
0.731608100,8.154441212
0.731811500,8.143072233
0.732015000,8.135701597
0.732218400,8.124332618
0.732421900,8.112961982
0.732625300,8.101593003
0.732828800,8.094222367
0.733032200,8.078853388
0.733235700,8.071482753
0.733439100,8.060113774
0.733642600,8.044743138
0.733846000,8.037374159
0.734049500,8.026003523
0.734252900,8.018634544
0.734456400,8.003263908
0.734659800,7.991894929
0.734863300,7.984524294
0.735066700,7.969155315
0.735270200,7.961784679
0.735473600,7.950415700
0.735677100,7.935045064
0.735880500,7.927676085
0.736084000,7.916305449
0.736287400,7.908936470
0.736490900,7.893565835
0.736694300,7.882196856
0.736897800,7.874826220
0.737101200,7.855457241
0.737304700,7.848086605
0.737508100,7.836717626
0.737711600,7.821346990
0.737915000,7.813978011
0.738118500,7.802607376
0.738321900,7.795238397
0.738525400,7.779867761
0.738728800,7.768498782
0.738932300,7.757128146
0.739135700,7.741759167
0.739339200,7.734388531
0.739542600,7.723019552
0.739746100,7.707648917
0.739949500,7.696279938
0.740153000,7.688909302
0.740356400,7.673540323
0.740559900,7.662169687
0.740763300,7.654800708
0.740966800,7.643430072
0.741170200,7.628061093
0.741373700,7.616690458
0.741577100,7.609321479
0.741780600,7.589950843
0.741984000,7.582581864
0.742187500,7.571211228
0.742391000,7.555840593
0.742594400,7.544471614
0.742797900,7.537100978
0.743001300,7.525731999
0.743204800,7.510361363
0.743408200,7.502992384
0.743611700,7.491621748
0.743815100,7.476252769
0.744018600,7.464882134
0.744222000,7.457513155
0.744425500,7.438142519
0.744628900,7.430773540
0.744832400,7.419402904
0.745035800,7.412033925
0.745239300,7.396663289
0.745442700,7.385294310
0.745646200,7.373923675
0.745849600,7.358554696
0.746053100,7.351184060
0.746256500,7.339815081
0.746460000,7.324444445
0.746663400,7.313075466
0.746866900,7.305704830
0.747070300,7.294335851
0.747273800,7.278965216
0.747477200,7.271596237
0.747680700,7.260225601
0.747884100,7.244856622
0.748087600,7.233485986
0.748291000,7.226117007
0.748494500,7.210746371
0.748697900,7.199377392
0.748901400,7.192006757
0.749104800,7.180637778
0.749308300,7.165267142
0.749511700,7.153898163
0.749715200,7.146527527
0.749918600,7.131158548
0.750122100,7.119787912
0.750325500,7.112418933
0.750529000,7.097048298
0.750732400,7.085679319
0.750935900,7.074308683
0.751139300,7.058939704
0.751342800,7.051569068
0.751546200,7.040200089
0.751749700,7.032829453
0.751953100,7.017460474
0.752156600,7.006089839
0.752360000,6.994720860
0.752563500,6.979350224
0.752766900,6.971981245
0.752970400,6.960610609
0.753173800,6.945241630
0.753377300,6.933870994
0.753580700,6.926502015
0.753784200,6.915131380
0.753987600,6.899762401
0.754191100,6.888391765
0.754394500,6.881022786
0.754598000,6.865652150
0.754801400,6.854283171
0.755004900,6.846912535
0.755208300,6.827543556
0.755411800,6.820172921
0.755615200,6.808803942
0.755818700,6.801433306
0.756022100,6.782064327
0.756225600,6.774693691
0.756429000,6.763324712
0.756632500,6.747954076
0.756835900,6.736585097
0.757039400,6.729214462
0.757242800,6.709845483
0.757446300,6.702474847
0.757649700,6.691105868
0.757853200,6.683735232
0.758056600,6.664366253
0.758260100,6.656995618
0.758463500,6.645626638
0.758667000,6.630256003
0.758870400,6.618887024
0.759073900,6.611516388
0.759277300,6.592147409
0.759480800,6.584776773
0.759684200,6.573407794
0.759887700,6.558037159
0.760091100,6.546668179
0.760294600,6.539297544
0.760498000,6.527928565
0.760701500,6.512557929
0.760904900,6.501188950
0.761108400,6.493818314
0.761311800,6.474449335
0.761515300,6.467078700
0.761718800,6.455708064
0.761922200,6.440339085
0.762125700,6.428968449
0.762329100,6.421599470
0.762532600,6.410228834
0.762736000,6.394859855
0.762939500,6.383489220
0.763142900,6.376120241
0.763346400,6.356749605
0.763549800,6.349380626
0.763753300,6.338009990
0.763956700,6.322641011
0.764160200,6.311270375
0.764363600,6.303901396
0.764567100,6.292530761
0.764770500,6.277161782
0.764974000,6.265791146
0.765177400,6.258422167
0.765380900,6.243051531
0.765584300,6.231682552
0.765787800,6.220311916
0.765991200,6.204942937
0.766194700,6.197572302
0.766398100,6.186203323
0.766601600,6.178832687
0.766805000,6.159463708
0.767008500,6.152093072
0.767211900,6.140724093
0.767415400,6.125353457
0.767618800,6.113984478
0.767822300,6.106613843
0.768025700,6.091244864
0.768229200,6.079874228
0.768432600,6.068505249
0.768636100,6.061134613
0.768839500,6.045765634
0.769043000,6.034394998
0.769246400,6.023026019
0.769449900,6.007655384
0.769653300,6.000286405
0.769856800,5.988915769
0.770060200,5.973546790
0.770263700,5.962176154
0.770467100,5.954807175
0.770670600,5.935436539
0.770874000,5.928067560
0.771077500,5.916696925
0.771280900,5.909327946
0.771484400,5.889957310
0.771687800,5.882588331
0.771891300,5.871217695
0.772094700,5.855848716
0.772298200,5.844478080
0.772501600,5.837109101
0.772705100,5.821738466
0.772908500,5.810369487
0.773112000,5.798998851
0.773315400,5.791629872
0.773518900,5.776259236
0.773722300,5.764890257
0.773925800,5.753519622
0.774129200,5.738150642
0.774332700,5.726780007
0.774536100,5.719411028
0.774739600,5.704040392
0.774943000,5.692671413
0.775146500,5.681300777
0.775349900,5.673931798
0.775553400,5.658561163
0.775756800,5.647192183
0.775960300,5.635821548
0.776163700,5.620452569
0.776367200,5.613081933
0.776570600,5.601712954
0.776774100,5.586342318
0.776977500,5.574973339
0.777181000,5.567602704
0.777384400,5.556233724
0.777587900,5.540863089
0.777791300,5.529494110
0.777994800,5.522123474
0.778198200,5.502754495
0.778401700,5.495383859
0.778605100,5.484014880
0.778808600,5.468644245
0.779012000,5.457275265
0.779215500,5.449904630
0.779418900,5.434535651
0.779622400,5.423165015
0.779825800,5.411796036
0.780029300,5.404425400
0.780232700,5.389056421
0.780436200,5.377685786
0.780639600,5.366316806
0.780843100,5.350946171
0.781046500,5.339577192
0.781250000,5.332206556
0.781453500,5.316835920
0.781656900,5.305466941
0.781860400,5.294096306
0.782063800,5.286727327
0.782267300,5.267356691
0.782470700,5.259987712
0.782674200,5.248617076
0.782877600,5.233248097
0.783081100,5.221877461
0.783284500,5.214508482
0.783488000,5.195137847
0.783691400,5.187768868
0.783894900,5.176398232
0.784098300,5.165029253
0.784301800,5.149658617
0.784505200,5.138289638
0.784708700,5.130919002
0.784912100,5.111550023
0.785115600,5.104179388
0.785319000,5.092810409
0.785522500,5.073439773
0.785725900,5.066070794
0.785929400,5.054700158
0.786132800,5.043331179
0.786336300,5.027960543
0.786539700,5.016591564
0.786743200,5.005220929
0.786946600,4.989851950
0.787150100,4.978481314
0.787353500,4.967112335
0.787557000,4.951741699
0.787760400,4.940372720
0.787963900,4.929002084
0.788167300,4.909633105
0.788370800,4.902262470
0.788574200,4.890893491
0.788777700,4.879522855
0.788981100,4.860153876
0.789184600,4.852783240
0.789388000,4.841414261
0.789591500,4.822043626
0.789794900,4.810674646
0.789998400,4.799304011
0.790201800,4.783935032
0.790405300,4.772564396
0.790608700,4.761195417
0.790812200,4.749824781
0.791015600,4.730455802
0.791219100,4.719085167
0.791422500,4.707716187
0.791626000,4.692345552
0.791829400,4.680976573
0.792032900,4.669605937
0.792236300,4.650236958
0.792439800,4.638866322
0.792643200,4.627497343
0.792846700,4.616126708
0.793050100,4.596757728
0.793253600,4.585387093
0.793457000,4.574018114
0.793660500,4.554647478
0.793863900,4.547278499
0.794067400,4.535907863
0.794270800,4.516538884
0.794474300,4.505168249
0.794677700,4.493799269
0.794881200,4.482428634
0.795084600,4.463059655
0.795288100,4.451689019
0.795491500,4.440320040
0.795695000,4.420949404
0.795898400,4.409580425
0.796101900,4.398209790
0.796305300,4.378840810
0.796508800,4.367470175
0.796712200,4.356101196
0.796915700,4.344730560
0.797119100,4.325361581
0.797322600,4.313990945
0.797526000,4.302621966
0.797729500,4.283251331
0.797932900,4.271882351
0.798136400,4.260511716
0.798339800,4.241142737
0.798543300,4.229772101
0.798746700,4.218403122
0.798950200,4.199032486
0.799153600,4.187663507
0.799357100,4.176292872
0.799560500,4.168923892
0.799764000,4.149553257
0.799967400,4.138184278
0.800170900,4.126813642
0.800374300,4.107444663
0.800577800,4.096074027
0.800781300,4.084703392
0.800984700,4.065334413
0.801188200,4.053963777
0.801391600,4.042594798
0.801595100,4.031224162
0.801798500,4.011855183
0.802002000,4.000484547
0.802205400,3.989115568
0.802408900,3.969744933
0.802612300,3.958375954
0.802815800,3.947005318
0.803019200,3.927636339
0.803222700,3.916265703
0.803426100,3.904896724
0.803629600,3.893526088
0.803833000,3.874157109
0.804036500,3.862786474
0.804239900,3.851417495
0.804443400,3.832046859
0.804646800,3.816677880
0.804850300,3.805307244
0.805053700,3.785938265
0.805257200,3.774567630
0.805460600,3.763198650
0.805664100,3.751828015
0.805867500,3.732459036
0.806071000,3.721088400
0.806274400,3.709719421
0.806477900,3.690348785
0.806681300,3.678979806
0.806884800,3.667609171
0.807088200,3.644240191
0.807291700,3.632869556
0.807495100,3.621500577
0.807698600,3.602129941
0.807902000,3.590760962
0.808105500,3.579390326
0.808308900,3.564021347
0.808512400,3.544650712
0.808715800,3.533281732
0.808919300,3.521911097
0.809122700,3.498542118
0.809326200,3.487171482
0.809529600,3.475802503
0.809733100,3.452431867
0.809936500,3.441062888
0.810140000,3.429692253
0.810343400,3.418323273
0.810546900,3.394952638
0.810750300,3.383583659
0.810953800,3.372213023
0.811157200,3.348844044
0.811360700,3.337473408
0.811564100,3.326104429
0.811767600,3.302733794
0.811971000,3.291364814
0.812174500,3.279994179
0.812377900,3.264625200
0.812581400,3.245254564
0.812784800,3.229885585
0.812988300,3.218514949
0.813191700,3.195145970
0.813395200,3.183775335
0.813598600,3.172406355
0.813802100,3.149035720
0.814005500,3.137666741
0.814209000,3.122296105
0.814412400,3.110927126
0.814615900,3.087556490
0.814819300,3.076187511
0.815022800,3.064816876
0.815226200,3.041447896
0.815429700,3.030077261
0.815633100,3.014708282
0.815836600,2.995337646
0.816040000,2.979968667
0.816243500,2.968598031
0.816446900,2.957229052
0.816650400,2.933858417
0.816853800,2.918489437
0.817057300,2.907118802
0.817260700,2.883749823
0.817464200,2.872379187
0.817667600,2.861010208
0.817871100,2.837639572
0.818074500,2.822270593
0.818278000,2.810899958
0.818481400,2.787530978
0.818684900,2.776160343
0.818888300,2.760791364
0.819091800,2.749420728
0.819295200,2.726051749
0.819498700,2.714681113
0.819702100,2.699312134
0.819905600,2.679941499
0.820109000,2.664572519
0.820312500,2.653201884
0.820516000,2.629831248
0.820719400,2.614462269
0.820922900,2.603091634
0.821126300,2.587722654
0.821329800,2.568352019
0.821533200,2.552983040
0.821736700,2.541612404
0.821940100,2.518243425
0.822143600,2.502872789
0.822347000,2.491503810
0.822550500,2.464133175
0.822753900,2.452764195
0.822957400,2.437393560
0.823160800,2.426024581
0.823364300,2.402653945
0.823567700,2.387284966
0.823771200,2.375914330
0.823974600,2.348545351
0.824178100,2.337174716
0.824381500,2.321805736
0.824585000,2.298435101
0.824788400,2.283066122
0.824991900,2.271695486
0.825195300,2.256326507
0.825398800,2.232955871
0.825602200,2.217586892
0.825805700,2.206216257
0.826009100,2.178847277
0.826212600,2.163476642
0.826416000,2.152107663
0.826619500,2.124737027
0.826822900,2.113368048
0.827026400,2.097997412
0.827229800,2.074628433
0.827433300,2.059257798
0.827636700,2.043888818
0.827840200,2.028518183
0.828043600,2.005149204
0.828247100,1.989778568
0.828450500,1.978409589
0.828654000,1.951038953
0.828857400,1.935669974
0.829060900,1.924299339
0.829264300,1.896930359
0.829467800,1.881559724
0.829671200,1.870190745
0.829874700,1.854820109
0.830078100,1.827451130
0.830281600,1.816080494
0.830485000,1.800711515
0.830688500,1.777340880
0.830891900,1.761971900
0.831095400,1.746601265
0.831298800,1.723232286
0.831502300,1.707861650
0.831705700,1.692492671
0.831909200,1.681122035
0.832112600,1.653753056
0.832316100,1.638382421
0.832519500,1.627013441
0.832723000,1.599642806
0.832926400,1.588273827
0.833129900,1.572903191
0.833333300,1.549534212
0.833536800,1.534163576
0.833740200,1.518794597
0.833943700,1.507423962
0.834147100,1.484054982
0.834350600,1.468684347
0.834554000,1.453315368
0.834757500,1.429944732
0.834960900,1.414575753
0.835164400,1.403205117
0.835367800,1.379836138
0.835571300,1.364465503
0.835774700,1.353096523
0.835978200,1.325725888
0.836181600,1.314356909
0.836385100,1.298986273
0.836588500,1.287617294
0.836792000,1.264246658
0.836995400,1.248877679
0.837198900,1.237507044
0.837402300,1.210138064
0.837605800,1.198767429
0.837809200,1.183398450
0.838012700,1.160027814
0.838216100,1.148658835
0.838419600,1.133288199
0.838623000,1.121919220
0.838826500,1.098548585
0.839029900,1.083179605
0.839233400,1.071808970
0.839436800,1.048439991
0.839640300,1.033069355
0.839843800,1.021698720
0.840047200,0.998329740
0.840250700,0.982959105
0.840454100,0.971590126
0.840657600,0.956219490
0.840861000,0.932850511
0.841064500,0.921479875
0.841267900,0.906110896
0.841471400,0.882740261
0.841674800,0.871371281
0.841878300,0.860000646
0.842081700,0.836631667
0.842285200,0.821261031
0.842488600,0.809892052
0.842692100,0.794521416
0.842895500,0.775152437
0.843099000,0.759781802
0.843302400,0.748412822
0.843505900,0.725042187
0.843709300,0.713673208
0.843912800,0.702302572
0.844116200,0.678933593
0.844319700,0.667562957
0.844523100,0.656193978
0.844726600,0.640823343
0.844930000,0.621454363
0.845133500,0.610083728
0.845336900,0.598714749
0.845540400,0.575344113
0.845743800,0.563975134
0.845947300,0.552604498
0.846150700,0.533235519
0.846354200,0.525864884
0.846557600,0.514495904
0.846761100,0.495125269
0.846964500,0.483756290
0.847168000,0.472385654
0.847371400,0.465016675
0.847574900,0.445646039
0.847778300,0.438277060
0.847981800,0.426906425
0.848185200,0.411537445
0.848388700,0.404166810
0.848592100,0.392797831
0.848795600,0.381427195
0.848999000,0.374058216
0.849202500,0.362687580
0.849405900,0.355318601
0.849609400,0.343947966
0.849812800,0.336578986
0.850016300,0.333208351
0.850219700,0.321839372
0.850423200,0.318468736
0.850626600,0.311099757
0.850830100,0.303729121
0.851033500,0.300360142
0.851237000,0.292989507
0.851440400,0.289620527
0.851643900,0.286249892
0.851847300,0.282880913
0.852050800,0.279510277
0.852254200,0.276141298
0.852457700,0.272770662
0.852661100,0.273401683
0.852864600,0.270031048
0.853068000,0.270662068
0.853271500,0.267291433
0.853474900,0.267922454
0.853678400,0.268551818
0.853881800,0.269182839
0.854085300,0.269812203
0.854288700,0.274443224
0.854492200,0.275072589
0.854695600,0.275703609
0.854899100,0.280332974
0.855102500,0.280963995
0.855306000,0.285593359
0.855509400,0.290224380
0.855712900,0.290853744
0.855916300,0.295484765
0.856119800,0.296114130
0.856323200,0.304745150
0.856526700,0.309374515
0.856730100,0.310005536
0.856933600,0.318634900
0.857137000,0.323265921
0.857340500,0.323895285
0.857543900,0.336526306
0.857747400,0.337155671
0.857950800,0.341786691
0.858154300,0.342416056
0.858357700,0.351047077
0.858561200,0.355676441
0.858764600,0.356307462
0.858968100,0.364936826
0.859171500,0.365567847
0.859375000,0.370197212
0.859578500,0.374826576
0.859781900,0.375457597
0.859985400,0.376086961
0.860188800,0.376717982
0.860392300,0.381347347
0.860595700,0.381978367
0.860799200,0.382607732
0.861002600,0.383238753
0.861206100,0.379868117
0.861409500,0.376499138
0.861613000,0.377128502
0.861816400,0.373759523
0.862019900,0.370388888
0.862223300,0.367019908
0.862426800,0.359649273
0.862630200,0.356280294
0.862833700,0.352909658
0.863037100,0.341540679
0.863240600,0.338170043
0.863444000,0.330801064
0.863647500,0.319430429
0.863850900,0.312061449
0.864054400,0.304690814
0.864257800,0.297321835
0.864461300,0.281951199
0.864664700,0.274582220
0.864868200,0.263211584
0.865071600,0.247842605
0.865275100,0.236471970
0.865478500,0.225102990
0.865682000,0.209732355
0.865885400,0.198363376
0.866088900,0.182992740
0.866292300,0.163623761
0.866495800,0.152253125
0.866699200,0.140884146
0.866902700,0.125513511
0.867106100,0.102144531
0.867309600,0.090773896
0.867513000,0.075404917
0.867716500,0.052034281
0.867919900,0.040665302
0.868123400,0.025294666
0.868326800,0.001925687
0.868530300,-0.013444948
0.868733700,-0.024813928
0.868937200,-0.040184563
0.869140600,-0.063553542
0.869344100,-0.078924178
0.869547500,-0.090293157
0.869751000,-0.113663793
0.869954400,-0.129032772
0.870157900,-0.140403407
0.870361300,-0.163772387
0.870564800,-0.175143022
0.870768200,-0.190512001
0.870971700,-0.201882637
0.871175100,-0.221251616
0.871378600,-0.232622252
0.871582000,-0.247991231
0.871785500,-0.267361866
0.871988900,-0.278730846
0.872192400,-0.290101481
0.872395800,-0.309470460
0.872599300,-0.320841096
0.872802700,-0.328210075
0.873006200,-0.339580711
0.873209600,-0.358949690
0.873413100,-0.366320325
0.873616500,-0.377689305
0.873820000,-0.393059940
0.874023400,-0.404428919
0.874226900,-0.411799555
0.874430300,-0.427168534
0.874633800,-0.438539170
0.874837200,-0.445908149
0.875040700,-0.461278784
0.875244100,-0.468647764
0.875447600,-0.476018399
0.875651000,-0.487387378
0.875854500,-0.498758014
0.876057900,-0.506126993
0.876261400,-0.513497629
0.876464800,-0.528866608
0.876668300,-0.536237243
0.876871700,-0.543606223
0.877075200,-0.554976858
0.877278600,-0.562345837
0.877482100,-0.569716473
0.877685500,-0.577085452
0.877889000,-0.588456088
0.878092400,-0.595825067
0.878295900,-0.603195702
0.878499300,-0.610564682
0.878702800,-0.617935317
0.878906300,-0.625305953
0.879109700,-0.636674932
0.879313200,-0.644045567
0.879516600,-0.651414547
0.879720100,-0.658785182
0.879923500,-0.670154161
0.880127000,-0.677524797
0.880330400,-0.684893776
0.880533900,-0.692264412
0.880737300,-0.699633391
0.880940800,-0.707004026
0.881144200,-0.718373006
0.881347700,-0.725743641
0.881551100,-0.733112620
0.881754600,-0.740483256
0.881958000,-0.751852235
0.882161500,-0.759222871
0.882364900,-0.766591850
0.882568400,-0.777962485
0.882771800,-0.785331465
0.882975300,-0.792702100
0.883178700,-0.804071079
0.883382200,-0.811441715
0.883585600,-0.818810694
0.883789100,-0.830181330
0.883992500,-0.837550309
0.884196000,-0.844920944
0.884399400,-0.852289924
0.884602900,-0.863660559
0.884806300,-0.871029538
0.885009800,-0.878400174
0.885213200,-0.889769153
0.885416700,-0.897139789
0.885620100,-0.904508768
0.885823600,-0.915879403
0.886027000,-0.923248383
0.886230500,-0.930619018
0.886433900,-0.937987997
0.886637400,-0.953358633
0.886840800,-0.960727612
0.887044300,-0.968098248
0.887247700,-0.979467227
0.887451200,-0.986837862
0.887654600,-0.994206842
0.887858100,-1.009577477
0.888061500,-1.016946456
0.888265000,-1.024317092
0.888468400,-1.031686071
0.888671900,-1.047056707
0.888875300,-1.054425686
0.889078800,-1.061796321
0.889282200,-1.077165301
0.889485700,-1.084535936
0.889689100,-1.091904915
0.889892600,-1.107275551
0.890096000,-1.114644530
0.890299500,-1.126015166
0.890502900,-1.133384145
0.890706400,-1.148754780
0.890909800,-1.156123760
0.891113300,-1.167494395
0.891316700,-1.182863374
0.891520200,-1.190234010
0.891723600,-1.197602989
0.891927100,-1.212973625
0.892130500,-1.224342604
0.892334000,-1.231713239
0.892537400,-1.243082219
0.892740900,-1.258452854
0.892944300,-1.265821833
0.893147800,-1.277192469
0.893351200,-1.292561448
0.893554700,-1.303932084
0.893758100,-1.311301063
0.893961600,-1.326671698
0.894165000,-1.338040678
0.894368500,-1.345411313
0.894571900,-1.364780292
0.894775400,-1.372150928
0.894978800,-1.383519907
0.895182300,-1.394890543
0.895385700,-1.410259522
0.895589200,-1.421630157
0.895792600,-1.428999137
0.895996100,-1.448369772
0.896199500,-1.459738751
0.896403000,-1.467109387
0.896606400,-1.486478366
0.896809900,-1.497849002
0.897013300,-1.505217981
0.897216800,-1.516588616
0.897420200,-1.535957596
0.897623700,-1.543328231
0.897827100,-1.554697210
0.898030600,-1.574067846
0.898234000,-1.581436825
0.898437500,-1.592807461
0.898641000,-1.612178096
0.898844400,-1.623547075
0.899047900,-1.634917711
0.899251300,-1.642286690
0.899454800,-1.661657326
0.899658200,-1.673026305
0.899861700,-1.684396940
0.900065100,-1.699765920
0.900268600,-1.711136555
0.900472000,-1.722505534
0.900675500,-1.741876170
0.900878900,-1.753245149
0.901082400,-1.764615785
0.901285800,-1.775984764
0.901489300,-1.791355399
0.901692700,-1.802724379
0.901896200,-1.814095014
0.902099600,-1.833463993
0.902303100,-1.844834629
0.902506500,-1.856203608
0.902710000,-1.875574244
0.902913400,-1.886943223
0.903116900,-1.894313858
0.903320300,-1.913682838
0.903523800,-1.925053473
0.903727200,-1.936422452
0.903930700,-1.947793088
0.904134100,-1.967162067
0.904337600,-1.978532703
0.904541000,-1.989901682
0.904744500,-2.009272317
0.904947900,-2.020641297
0.905151400,-2.032011932
0.905354800,-2.047380911
0.905558300,-2.058751547
0.905761700,-2.070120526
0.905965200,-2.081491162
0.906168600,-2.100860141
0.906372100,-2.112230776
0.906575500,-2.123599756
0.906779000,-2.142970391
0.906982400,-2.154339370
0.907185900,-2.165710006
0.907389300,-2.185078985
0.907592800,-2.196449621
0.907796200,-2.207818600
0.907999700,-2.219189235
0.908203100,-2.238558215
0.908406600,-2.249928850
0.908610000,-2.261297829
0.908813500,-2.280668465
0.909016900,-2.292037444
0.909220400,-2.303408080
0.909423800,-2.322777059
0.909627300,-2.334147694
0.909830700,-2.345516674
0.910034200,-2.356887309
0.910237600,-2.376256288
0.910441100,-2.387626924
0.910644500,-2.398995903
0.910848000,-2.418366539
0.911051400,-2.429735518
0.911254900,-2.441106153
0.911458300,-2.456475133
0.911661800,-2.467845768
0.911865200,-2.479214747
0.912068700,-2.498585383
0.912272100,-2.513954362
0.912475600,-2.525324998
0.912679000,-2.536693977
0.912882500,-2.556064612
0.913085900,-2.567433592
0.913289400,-2.578804227
0.913492800,-2.598173206
0.913696300,-2.609543842
0.913899700,-2.620912821
0.914103200,-2.640283457
0.914306600,-2.651652436
0.914510100,-2.663023071
0.914713500,-2.674392051
0.914917000,-2.693762686
0.915120400,-2.705131665
0.915323900,-2.716502301
0.915527300,-2.735871280
0.915730800,-2.747241916
0.915934200,-2.758610895
0.916137700,-2.781981530
0.916341100,-2.793350510
0.916544600,-2.804721145
0.916748000,-2.816090124
0.916951500,-2.835460760
0.917154900,-2.846829739
0.917358400,-2.858200375
0.917561800,-2.881569354
0.917765300,-2.892939989
0.917968800,-2.904310625
0.918172200,-2.923679604
0.918375700,-2.939050240
0.918579100,-2.950419219
0.918782600,-2.961789854
0.918986000,-2.981158834
0.919189500,-2.996529469
0.919392900,-3.007898448
0.919596400,-3.027269084
0.919799800,-3.042638063
0.920003300,-3.054008699
0.920206700,-3.073377678
0.920410200,-3.088748313
0.920613600,-3.100117293
0.920817100,-3.111487928
0.921020500,-3.134856907
0.921224000,-3.146227543
0.921427400,-3.157596522
0.921630900,-3.180967158
0.921834300,-3.192336137
0.922037800,-3.207706772
0.922241200,-3.231075752
0.922444700,-3.242446387
0.922648100,-3.253815366
0.922851600,-3.277186002
0.923055000,-3.288554981
0.923258500,-3.303925617
0.923461900,-3.315294596
0.923665400,-3.338665231
0.923868800,-3.350034211
0.924072300,-3.365404846
0.924275700,-3.388773825
0.924479200,-3.400144461
0.924682600,-3.415513440
0.924886100,-3.438884076
0.925089500,-3.450253055
0.925293000,-3.461623690
0.925496400,-3.476992670
0.925699900,-3.500363305
0.925903300,-3.511732284
0.926106800,-3.527102920
0.926310200,-3.550471899
0.926513700,-3.561842535
0.926717100,-3.577211514
0.926920600,-3.600582149
0.927124000,-3.611951129
0.927327500,-3.627321764
0.927530900,-3.638690743
0.927734400,-3.662061379
0.927937800,-3.677430358
0.928141300,-3.688800994
0.928344700,-3.712169973
0.928548200,-3.727540608
0.928751600,-3.738909588
0.928955100,-3.762280223
0.929158500,-3.777649202
0.929362000,-3.789019838
0.929565400,-3.804388817
0.929768900,-3.827759453
0.929972300,-3.839128432
0.930175800,-3.854499067
0.930379200,-3.877868047
0.930582700,-3.893238682
0.930786100,-3.904607661
0.930989600,-3.927978297
0.931193000,-3.943347276
0.931396500,-3.954717912
0.931599900,-3.978086891
0.931803400,-3.993457526
0.932006800,-4.008826506
0.932210300,-4.020197141
0.932413700,-4.043566120
0.932617200,-4.058936756
0.932820600,-4.070305735
0.933024100,-4.097676371
0.933227500,-4.109045350
0.933431000,-4.124415985
0.933634400,-4.147784965
0.933837900,-4.159155600
0.934041300,-4.174524579
0.934244800,-4.189895215
0.934448200,-4.213264194
0.934651700,-4.224634830
0.934855100,-4.240003809
0.935058600,-4.263374444
0.935262000,-4.278743424
0.935465500,-4.290114059
0.935668900,-4.317483038
0.935872400,-4.328853674
0.936075800,-4.344222653
0.936279300,-4.355593289
0.936482700,-4.382962268
0.936686200,-4.394332903
0.936889600,-4.409701883
0.937093100,-4.433072518
0.937296500,-4.444441497
0.937500000,-4.459812133
0.937703500,-4.483182768
0.937906900,-4.498551748
0.938110400,-4.509922383
0.938313800,-4.525291362
0.938517300,-4.548661998
0.938720700,-4.560030977
0.938924200,-4.575401613
0.939127600,-4.598770592
0.939331100,-4.610141227
0.939534500,-4.625510207
0.939738000,-4.648880842
0.939941400,-4.660249821
0.940144900,-4.675620457
0.940348300,-4.686989436
0.940551800,-4.710360072
0.940755200,-4.721729051
0.940958700,-4.733099686
0.941162100,-4.756468666
0.941365600,-4.767839301
0.941569000,-4.779208280
0.941772500,-4.802578916
0.941975900,-4.813947895
0.942179400,-4.825318531
0.942382800,-4.844687510
0.942586300,-4.856058145
0.942789700,-4.867427125
0.942993200,-4.878797760
0.943196600,-4.898166739
0.943400100,-4.909537375
0.943603500,-4.920906354
0.943807000,-4.940276990
0.944010400,-4.951645969
0.944213900,-4.959016604
0.944417300,-4.978385584
0.944620800,-4.989756219
0.944824200,-4.997125198
0.945027700,-5.008495834
0.945231100,-5.023864813
0.945434600,-5.035235449
0.945638000,-5.042604428
0.945841500,-5.057975063
0.946044900,-5.065344043
0.946248400,-5.076714678
0.946451800,-5.088083657
0.946655300,-5.099454293
0.946858700,-5.106823272
0.947062200,-5.114193908
0.947265600,-5.125562887
0.947469100,-5.132933522
0.947672500,-5.140302502
0.947876000,-5.151673137
0.948079400,-5.159042116
0.948282900,-5.166412752
0.948486300,-5.177781731
0.948689800,-5.185152367
0.948893200,-5.192521346
0.949096700,-5.199891981
0.949300100,-5.207260961
0.949503600,-5.214631596
0.949707000,-5.218000575
0.949910500,-5.229371211
0.950113900,-5.232740190
0.950317400,-5.240110826
0.950520800,-5.247479805
0.950724300,-5.250850440
0.950927700,-5.258219420
0.951131200,-5.265590055
0.951334600,-5.268959034
0.951538100,-5.272329670
0.951741500,-5.279698649
0.951945000,-5.283069285
0.952148400,-5.290438264
0.952351900,-5.293808899
0.952555300,-5.297177879
0.952758800,-5.304548514
0.952962200,-5.307917493
0.953165700,-5.311288129
0.953369100,-5.314657108
0.953572600,-5.318027744
0.953776000,-5.321396723
0.953979500,-5.328767358
0.954182900,-5.332136338
0.954386400,-5.335506973
0.954589800,-5.338875952
0.954793300,-5.342246588
0.954996700,-5.345615567
0.955200200,-5.348986203
0.955403600,-5.352355182
0.955607100,-5.355725817
0.955810500,-5.359094797
0.956014000,-5.362465432
0.956217400,-5.365834411
0.956420900,-5.369205047
0.956624300,-5.372574026
0.956827800,-5.375944662
0.957031300,-5.379315297
0.957234700,-5.382684276
0.957438200,-5.386054912
0.957641600,-5.389423891
0.957845100,-5.392794527
0.958048500,-5.396163506
0.958252000,-5.399534141
0.958455400,-5.402903121
0.958658900,-5.402273756
0.958862300,-5.405642735
0.959065800,-5.409013371
0.959269200,-5.412382350
0.959472700,-5.415752986
0.959676100,-5.419121965
0.959879600,-5.422492600
0.960083000,-5.425861580
0.960286500,-5.429232215
0.960489900,-5.432601194
0.960693400,-5.435971830
0.960896800,-5.439340809
0.961100300,-5.442711445
0.961303700,-5.446080424
0.961507200,-5.449451059
0.961710600,-5.452820039
0.961914100,-5.456190674
0.962117500,-5.459559653
0.962321000,-5.462930289
0.962524400,-5.466299268
0.962727900,-5.469669904
0.962931300,-5.473038883
0.963134800,-5.476409518
0.963338200,-5.479778498
0.963541700,-5.483149133
0.963745100,-5.486518112
0.963948600,-5.489888748
0.964152000,-5.493257727
0.964355500,-5.496628363
0.964558900,-5.499997342
0.964762400,-5.503367977
0.964965800,-5.506736957
0.965169300,-5.510107592
0.965372700,-5.513476571
0.965576200,-5.520847207
0.965779600,-5.524216186
0.965983100,-5.527586822
0.966186500,-5.530955801
0.966390000,-5.534326436
0.966593400,-5.537695416
0.966796900,-5.541066051
0.967000300,-5.544435030
0.967203800,-5.551805666
0.967407200,-5.555174645
0.967610700,-5.558545281
0.967814100,-5.561914260
0.968017600,-5.565284895
0.968221000,-5.572653875
0.968424500,-5.576024510
0.968627900,-5.579393489
0.968831400,-5.582764125
0.969034800,-5.586133104
0.969238300,-5.593503740
0.969441700,-5.596872719
0.969645200,-5.600243354
0.969848600,-5.603612334
0.970052100,-5.610982969
0.970255500,-5.614351948
0.970459000,-5.617722584
0.970662400,-5.625091563
0.970865900,-5.628462199
0.971069300,-5.631831178
0.971272800,-5.635201813
0.971476200,-5.642570793
0.971679700,-5.645941428
0.971883100,-5.649310407
0.972086600,-5.656681043
0.972290000,-5.660050022
0.972493500,-5.663420658
0.972696900,-5.670789637
0.972900400,-5.674160272
0.973103800,-5.677529252
0.973307300,-5.684899887
0.973510700,-5.688268866
0.973714200,-5.695639502
0.973917600,-5.699008481
0.974121100,-5.702379117
0.974324500,-5.709748096
0.974528000,-5.713118731
0.974731400,-5.716487711
0.974934900,-5.723858346
0.975138300,-5.727227325
0.975341800,-5.730597961
0.975545200,-5.737966940
0.975748700,-5.741337576
0.975952100,-5.748706555
0.976155600,-5.752077190
0.976359000,-5.755446170
0.976562500,-5.762816805
0.976766000,-5.766187441
0.976969400,-5.773556420
0.977172900,-5.776927055
0.977376300,-5.780296035
0.977579800,-5.787666670
0.977783200,-5.791035649
0.977986700,-5.794406285
0.978190100,-5.801775264
0.978393600,-5.805145900
0.978597000,-5.812514879
0.978800500,-5.815885514
0.979003900,-5.823254494
0.979207400,-5.826625129
0.979410800,-5.833994108
0.979614300,-5.837364744
0.979817700,-5.840733723
0.980021200,-5.844104359
0.980224600,-5.851473338
0.980428100,-5.854843973
0.980631500,-5.862212953
0.980835000,-5.865583588
0.981038400,-5.872952567
0.981241900,-5.876323203
0.981445300,-5.883692182
0.981648800,-5.887062818
0.981852200,-5.890431797
0.982055700,-5.897802432
0.982259100,-5.901171412
0.982462600,-5.908542047
0.982666000,-5.911911026
0.982869500,-5.915281662
0.983072900,-5.922650641
0.983276400,-5.926021277
0.983479800,-5.933390256
0.983683300,-5.936760891
0.983886700,-5.940129871
0.984090200,-5.947500506
0.984293600,-5.950869485
0.984497100,-5.958240121
0.984700500,-5.961609100
0.984904000,-5.968979736
0.985107400,-5.972348715
0.985310900,-5.975719350
0.985514300,-5.983088330
0.985717800,-5.986458965
0.985921200,-5.993827944
0.986124700,-5.997198580
0.986328100,-6.004567559
0.986531600,-6.007938195
0.986735000,-6.011307174
0.986938500,-6.018677809
0.987141900,-6.022046789
0.987345400,-6.029417424
0.987548800,-6.032786403
0.987752300,-6.040157039
0.987955700,-6.043526018
0.988159200,-6.050896654
0.988362600,-6.054265633
0.988566100,-6.061636268
0.988769500,-6.065005248
0.988973000,-6.072375883
0.989176400,-6.075744862
0.989379900,-6.079115498
0.989583300,-6.086484477
0.989786800,-6.089855113
0.989990200,-6.097224092
0.990193700,-6.104594727
0.990397100,-6.107963707
0.990600600,-6.111334342
0.990804000,-6.118703321
0.991007500,-6.122073957
0.991210900,-6.129442936
0.991414400,-6.132813572
0.991617800,-6.140182551
0.991821300,-6.143553186
0.992024700,-6.150922166
0.992228200,-6.154292801
0.992431600,-6.161661780
0.992635100,-6.165032416
0.992838500,-6.168401395
0.993042000,-6.175772031
0.993245400,-6.183141010
0.993448900,-6.186511645
0.993652300,-6.193880625
0.993855800,-6.197251260
0.994059200,-6.204620239
0.994262700,-6.207990875
0.994466100,-6.215359854
0.994669600,-6.218730490
0.994873000,-6.222099469
0.995076500,-6.229470104
0.995279900,-6.236839084
0.995483400,-6.240209719
0.995686800,-6.247578698
0.995890300,-6.250949334
0.996093800,-6.258319969
0.996297200,-6.261688949
0.996500700,-6.269059584
0.996704100,-6.272428563
0.996907600,-6.279799199
0.997111000,-6.283168178
0.997314500,-6.290538814
0.997517900,-6.293907793
0.997721400,-6.301278428
0.997924800,-6.304647408
0.998128300,-6.312018043
0.998331700,-6.319387022
0.998535200,-6.322757658
0.998738600,-6.326126637
0.998942100,-6.333497273
0.999145500,-6.340866252
0.999349000,-6.344236887
0.999552400,-6.351605867
0.999755900,-6.354976502
0.999959300,-6.362345481
1.000162800,-6.365716117
1.000366200,-6.373085096
1.000569700,-6.380455732
1.000773100,-6.383824711
1.000976600,-6.391195346
1.001180000,-6.394564326
1.001383500,-6.401934961
1.001586900,-6.405303940
1.001790400,-6.412674576
1.001993800,-6.416043555
1.002197300,-6.423414191
1.002400700,-6.430783170
1.002604200,-6.434153805
1.002807600,-6.441522785
1.003011100,-6.444893420
1.003214500,-6.452262399
1.003418000,-6.455633035
1.003621400,-6.463002014
1.003824900,-6.470372650
1.004028300,-6.473741629
1.004231800,-6.481112264
1.004435200,-6.484481244
1.004638700,-6.491851879
1.004842100,-6.495220858
1.005045600,-6.502591494
1.005249000,-6.509960473
1.005452500,-6.513331109
1.005655900,-6.516700088
1.005859400,-6.524070723
1.006062800,-6.531439703
1.006266300,-6.534810338
1.006469700,-6.542179317
1.006673200,-6.549549953
1.006876600,-6.552918932
1.007080100,-6.560289568
1.007283500,-6.563658547
1.007487000,-6.571029182
1.007690400,-6.578398162
1.007893900,-6.581768797
1.008097300,-6.589137776
1.008300800,-6.592508412
1.008504200,-6.599877391
1.008707700,-6.603248027
1.008911100,-6.610617006
1.009114600,-6.617987641
1.009318000,-6.621356621
1.009521500,-6.628727256
1.009724900,-6.636096235
1.009928400,-6.639466871
1.010131800,-6.646835850
1.010335300,-6.650206486
1.010538700,-6.657575465
1.010742200,-6.660946100
1.010945600,-6.668315080
1.011149100,-6.675685715
1.011352500,-6.679054694
1.011556000,-6.686425330
1.011759400,-6.693794309
1.011962900,-6.697164945
1.012166300,-6.704533924
1.012369800,-6.707904559
1.012573200,-6.715273539
1.012776700,-6.722644174
1.012980100,-6.726013153
1.013183600,-6.733383789
1.013387000,-6.740752768
1.013590500,-6.744123404
1.013793900,-6.751492383
1.013997400,-6.758863018
1.014200800,-6.762231998
1.014404300,-6.769602633
1.014607700,-6.776971612
1.014811200,-6.780342248
1.015014600,-6.787711227
1.015218100,-6.795081863
1.015421500,-6.798450842
1.015625000,-6.805821477
1.015828500,-6.813192113
1.016031900,-6.820561092
1.016235400,-6.823931728
1.016438800,-6.831300707
1.016642300,-6.838671342
1.016845700,-6.842040322
1.017049200,-6.849410957
1.017252600,-6.856779936
1.017456100,-6.860150572
1.017659500,-6.867519551
1.017863000,-6.874890187
1.018066400,-6.882259166
1.018269900,-6.885629801
1.018473300,-6.892998781
1.018676800,-6.900369416
1.018880200,-6.903738395
1.019083700,-6.911109031
1.019287100,-6.918478010
1.019490600,-6.925848646
1.019694000,-6.929217625
1.019897500,-6.936588260
1.020100900,-6.943957240
1.020304400,-6.951327875
1.020507800,-6.958696854
1.020711300,-6.962067490
1.020914700,-6.969436469
1.021118200,-6.972807105
1.021321600,-6.984176084
1.021525100,-6.987546719
1.021728500,-6.994915699
1.021932000,-7.002286334
1.022135400,-7.005655313
1.022338900,-7.013025949
1.022542300,-7.020394928
1.022745800,-7.027765564
1.022949200,-7.031134543
1.023152700,-7.038505178
1.023356100,-7.045874158
1.023559600,-7.053244793
1.023763000,-7.056613772
1.023966500,-7.067984408
1.024169900,-7.071353387
1.024373400,-7.078724023
1.024576800,-7.086093002
1.024780300,-7.093463637
1.024983700,-7.096832617
1.025187200,-7.104203252
1.025390600,-7.111572231
1.025594100,-7.118942867
1.025797500,-7.122311846
1.026001000,-7.133682482
1.026204400,-7.137051461
1.026407900,-7.144422096
1.026611300,-7.151791076
1.026814800,-7.159161711
1.027018200,-7.166530690
1.027221700,-7.173901326
1.027425100,-7.177270305
1.027628600,-7.184640941
1.027832000,-7.192009920
1.028035500,-7.199380555
1.028238900,-7.206749535
1.028442400,-7.210120170
1.028645800,-7.221489149
1.028849300,-7.224859785
1.029052700,-7.232228764
1.029256200,-7.239599400
1.029459600,-7.246968379
1.029663100,-7.254339014
1.029866500,-7.257707994
1.030070000,-7.269078629
1.030273400,-7.272447608
1.030476900,-7.279818244
1.030680300,-7.287187223
1.030883800,-7.294557859
1.031087200,-7.301926838
1.031290700,-7.309297473
1.031494100,-7.316666453
1.031697600,-7.320037088
1.031901000,-7.327406067
1.032104500,-7.334776703
1.032307900,-7.342145682
1.032511400,-7.349516318
1.032714800,-7.356885297
1.032918300,-7.364255932
1.033121700,-7.371624912
1.033325200,-7.378995547
1.033528600,-7.386364526
1.033732100,-7.393735162
1.033935500,-7.397104141
1.034139000,-7.408474777
1.034342400,-7.411843756
1.034545900,-7.419214391
1.034749300,-7.430583371
1.034952800,-7.433954006
1.035156300,-7.441324642
1.035359700,-7.452693621
1.035563200,-7.456064256
1.035766600,-7.463433236
1.035970100,-7.474803871
1.036173500,-7.482172850
1.036377000,-7.485543486
1.036580400,-7.492912465
1.036783900,-7.504283101
1.036987300,-7.511652080
1.037190800,-7.515022715
1.037394200,-7.526391695
1.037597700,-7.533762330
1.037801100,-7.541131309
1.038004600,-7.548501945
1.038208000,-7.555870924
1.038411500,-7.563241560
1.038614900,-7.570610539
1.038818400,-7.581981174
1.039021800,-7.589350154
1.039225300,-7.596720789
1.039428700,-7.608089768
1.039632200,-7.615460404
1.039835600,-7.622829383
1.040039100,-7.634200019
1.040242500,-7.641568998
1.040446000,-7.648939633
1.040649400,-7.656308613
1.040852900,-7.667679248
1.041056300,-7.675048227
1.041259800,-7.682418863
1.041463200,-7.693787842
1.041666700,-7.701158478
1.041870100,-7.708527457
1.042073600,-7.719898092
1.042277000,-7.727267072
1.042480500,-7.738637707
1.042683900,-7.746006686
1.042887400,-7.757377322
1.043090800,-7.764746301
1.043294300,-7.776116937
1.043497700,-7.787485916
1.043701200,-7.794856551
1.043904600,-7.802225531
1.044108100,-7.817596166
1.044311500,-7.824965145
1.044515000,-7.832335781
1.044718400,-7.843704760
1.044921900,-7.855075396
1.045125300,-7.866444375
1.045328800,-7.873815010
1.045532200,-7.889183990
1.045735700,-7.896554625
1.045939100,-7.903923604
1.046142600,-7.919294240
1.046346000,-7.926663219
1.046549500,-7.938033855
1.046752900,-7.949402834
1.046956400,-7.960773469
1.047159800,-7.968142449
1.047363300,-7.979513084
1.047566700,-7.994882063
1.047770200,-8.002252699
1.047973600,-8.009621678
1.048177100,-8.024992314
1.048380500,-8.036361293
1.048584000,-8.043731928
1.048787400,-8.059100908
1.048990900,-8.066471543
1.049194300,-8.077840522
1.049397800,-8.085211158
1.049601200,-8.100580137
1.049804700,-8.111950773
1.050008100,-8.119319752
1.050211600,-8.134690387
1.050415000,-8.146059367
1.050618500,-8.153430002
1.050821900,-8.168798981
1.051025400,-8.180169617
1.051228800,-8.187538596
1.051432300,-8.194909232
1.051635700,-8.210278211
1.051839200,-8.221648846
1.052042600,-8.229017826
1.052246100,-8.244388461
1.052449500,-8.255757440
1.052653000,-8.263128076
1.052856400,-8.278497055
1.053059900,-8.289867691
1.053263300,-8.297236670
1.053466800,-8.308607305
1.053670200,-8.323976285
1.053873700,-8.331346920
1.054077100,-8.342715899
1.054280600,-8.354086535
1.054484000,-8.365455514
1.054687500,-8.372826150
1.054891000,-8.388196785
1.055094400,-8.399565764
1.055297900,-8.406936400
1.055501300,-8.422305379
1.055704800,-8.429676015
1.055908200,-8.441044994
1.056111700,-8.448415629
1.056315100,-8.463784609
1.056518600,-8.471155244
1.056722000,-8.482524223
1.056925500,-8.497894859
1.057128900,-8.505263838
1.057332400,-8.512634474
1.057535800,-8.528003453
1.057739300,-8.535374088
1.057942700,-8.546743068
1.058146200,-8.554113703
1.058349600,-8.569482682
1.058553100,-8.576853318
1.058756500,-8.584222297
1.058960000,-8.599592933
1.059163400,-8.606961912
1.059366900,-8.618332547
1.059570300,-8.629701527
1.059773800,-8.637072162
1.059977200,-8.648441141
1.060180700,-8.655811777
1.060384100,-8.667180756
1.060587600,-8.678551392
1.060791000,-8.685920371
1.060994500,-8.697291006
1.061197900,-8.704659986
1.061401400,-8.716030621
1.061604800,-8.727399600
1.061808300,-8.734770236
1.062011700,-8.742139215
1.062215200,-8.749509851
1.062418600,-8.764878830
1.062622100,-8.772249465
1.062825500,-8.779618445
1.063029000,-8.790989080
1.063232400,-8.802358059
1.063435900,-8.809728695
1.063639300,-8.821097674
1.063842800,-8.828468310
1.064046200,-8.835837289
1.064249700,-8.843207924
1.064453100,-8.854576904
1.064656600,-8.861947539
1.064860000,-8.873316518
1.065063500,-8.884687154
1.065266900,-8.892056133
1.065470400,-8.899426769
1.065673800,-8.910795748
1.065877300,-8.918166383
1.066080700,-8.925535363
1.066284200,-8.936905998
1.066487600,-8.944274977
1.066691100,-8.951645613
1.066894500,-8.959014592
1.067098000,-8.970385228
1.067301400,-8.977754207
1.067504900,-8.985124842
1.067708300,-9.000493822
1.067911800,-9.007864457
1.068115200,-9.015233436
1.068318700,-9.026604072
1.068522100,-9.033973051
1.068725600,-9.041343687
1.068929000,-9.048712666
1.069132500,-9.060083301
1.069335900,-9.067452281
1.069539400,-9.070822916
1.069742800,-9.082191895
1.069946300,-9.089562531
1.070149700,-9.096931510
1.070353200,-9.108302146
1.070556600,-9.115671125
1.070760100,-9.123041760
1.070963500,-9.130410740
1.071167000,-9.141781375
1.071370400,-9.149150354
1.071573900,-9.156520990
1.071777300,-9.167889969
1.071980800,-9.171260605
1.072184200,-9.178629584
1.072387700,-9.190000219
1.072591100,-9.197369199
1.072794600,-9.204739834
1.072998000,-9.212108813
1.073201500,-9.219479449
1.073404900,-9.226848428
1.073608400,-9.234219064
1.073811800,-9.245588043
1.074015300,-9.248958678
1.074218800,-9.256329314
1.074422200,-9.267698293
1.074625700,-9.275068929
1.074829100,-9.278437908
1.075032600,-9.289808543
1.075236000,-9.297177523
1.075439500,-9.300548158
1.075642900,-9.307917137
1.075846400,-9.319287773
1.076049800,-9.322656752
1.076253300,-9.330027388
1.076456700,-9.341396367
1.076660200,-9.344767002
1.076863600,-9.352135982
1.077067100,-9.359506617
1.077270500,-9.366875596
1.077474000,-9.374246232
1.077677400,-9.377615211
1.077880900,-9.388985847
1.078084300,-9.392354826
1.078287800,-9.399725461
1.078491200,-9.407094441
1.078694700,-9.414465076
1.078898100,-9.421834055
1.079101600,-9.429204691
1.079305000,-9.432573670
1.079508500,-9.439944306
1.079711900,-9.447313285
1.079915400,-9.454683920
1.080118800,-9.458052900
1.080322300,-9.465423535
1.080525700,-9.472792514
1.080729200,-9.480163150
1.080932600,-9.483532129
1.081136100,-9.494902765
1.081339500,-9.498271744
1.081543000,-9.505642379
1.081746400,-9.509011359
1.081949900,-9.516381994
1.082153300,-9.523750973
1.082356800,-9.527121609
1.082560200,-9.534490588
1.082763700,-9.541861224
1.082967100,-9.545230203
1.083170600,-9.552600838
1.083374000,-9.559969818
1.083577500,-9.563340453
1.083780900,-9.570709432
1.083984400,-9.578080068
1.084187800,-9.581449047
1.084391300,-9.588819683
1.084594700,-9.596188662
1.084798200,-9.599559297
1.085001600,-9.606928277
1.085205100,-9.610298912
1.085408500,-9.617667891
1.085612000,-9.621038527
1.085815400,-9.628407506
1.086018900,-9.631778142
1.086222300,-9.639147121
1.086425800,-9.642517756
1.086629200,-9.649886736
1.086832700,-9.653257371
1.087036100,-9.660626350
1.087239600,-9.663996986
1.087443000,-9.671365965
1.087646500,-9.674736601
1.087849900,-9.678105580
1.088053400,-9.685476215
1.088256800,-9.688845195
1.088460300,-9.692215830
1.088663700,-9.699584809
1.088867200,-9.702955445
1.089070600,-9.706324424
1.089274100,-9.713695060
1.089477500,-9.717064039
1.089681000,-9.720434674
1.089884400,-9.723803654
1.090087900,-9.731174289
1.090291300,-9.734543268
1.090494800,-9.737913904
1.090698200,-9.741282883
1.090901700,-9.744653519
1.091105100,-9.748022498
1.091308600,-9.755393133
1.091512000,-9.758762113
1.091715500,-9.762132748
1.091918900,-9.765501727
1.092122400,-9.768872363
1.092325800,-9.772241342
1.092529300,-9.775611978
1.092732700,-9.778980957
1.092936200,-9.782351592
1.093139600,-9.785720572
1.093343100,-9.789091207
1.093546500,-9.792460186
1.093750000,-9.795830822
1.093953500,-9.799201457
1.094156900,-9.802570437
1.094360400,-9.805941072
1.094563800,-9.809310051
1.094767300,-9.808680687
1.094970700,-9.812049666
1.095174200,-9.815420302
1.095377600,-9.818789281
1.095581100,-9.822159916
1.095784500,-9.825528896
1.095988000,-9.824899531
1.096191400,-9.828268510
1.096394900,-9.831639146
1.096598300,-9.835008125
1.096801800,-9.838378761
1.097005200,-9.837747740
1.097208700,-9.841118375
1.097412100,-9.844487355
1.097615600,-9.843857990
1.097819000,-9.847226969
1.098022500,-9.850597605
1.098225900,-9.849966584
1.098429400,-9.853337220
1.098632800,-9.856706199
1.098836300,-9.856076834
1.099039700,-9.859445814
1.099243200,-9.862816449
1.099446600,-9.862185428
1.099650100,-9.865556064
1.099853500,-9.868925043
1.100057000,-9.868295679
1.100260400,-9.871664658
1.100463900,-9.871035293
1.100667300,-9.874404273
1.100870800,-9.877774908
1.101074200,-9.877143887
1.101277700,-9.880514523
1.101481100,-9.879883502
1.101684600,-9.883254138
1.101888000,-9.882623117
1.102091500,-9.885993752
1.102294900,-9.885362732
1.102498400,-9.888733367
1.102701800,-9.888102346
1.102905300,-9.891472982
1.103108700,-9.894841961
1.103312200,-9.894212597
1.103515600,-9.893581576
1.103719100,-9.896952211
1.103922500,-9.900321191
1.104126000,-9.899691826
1.104329400,-9.903060805
1.104532900,-9.902431441
1.104736300,-9.901800420
1.104939800,-9.905171056
1.105143200,-9.908540035
1.105346700,-9.907910670
1.105550100,-9.907279650
1.105753600,-9.910650285
1.105957000,-9.914019264
1.106160500,-9.913389900
1.106363900,-9.916758879
1.106567400,-9.916129515
1.106770800,-9.915498494
1.106974300,-9.918869129
1.107177700,-9.922238109
1.107381200,-9.921608744
1.107584600,-9.920977723
1.107788100,-9.924348359
1.107991500,-9.927717338
1.108195000,-9.927087974
1.108398400,-9.930456953
1.108601900,-9.929827588
1.108805300,-9.929196568
1.109008800,-9.932567203
1.109212200,-9.935936182
1.109415700,-9.935306818
1.109619100,-9.938675797
1.109822600,-9.938046433
1.110026000,-9.941415412
1.110229500,-9.940786047
1.110432900,-9.944155027
1.110636400,-9.943525662
1.110839800,-9.946894641
1.111043300,-9.946265277
1.111246700,-9.949634256
1.111450200,-9.949004892
1.111653600,-9.952373871
1.111857100,-9.955744506
1.112060500,-9.955113486
1.112264000,-9.958484121
1.112467400,-9.957853100
1.112670900,-9.961223736
1.112874300,-9.964592715
1.113077800,-9.963963351
1.113281300,-9.967333986
1.113484700,-9.966702965
1.113688200,-9.970073601
1.113891600,-9.973442580
1.114095100,-9.972813216
1.114298500,-9.976182195
1.114502000,-9.979552830
1.114705400,-9.978921810
1.114908900,-9.982292445
1.115112300,-9.985661424
1.115315800,-9.985032060
1.115519200,-9.988401039
1.115722700,-9.991771675
1.115926100,-9.991140654
1.116129600,-9.994511289
1.116333000,-9.997880269
1.116536500,-9.997250904
1.116739900,-10.000619883
1.116943400,-10.003990519
1.117146800,-10.003359498
1.117350300,-10.006730134
1.117553700,-10.010099113
1.117757200,-10.013469748
1.117960600,-10.012838728
1.118164100,-10.016209363
1.118367500,-10.019578342
1.118571000,-10.022948978
1.118774400,-10.022317957
1.118977900,-10.025688593
1.119181300,-10.029057572
1.119384800,-10.032428207
1.119588200,-10.031797187
1.119791700,-10.035167822
1.119995100,-10.038536801
1.120198600,-10.041907437
1.120402000,-10.041276416
1.120605500,-10.044647052
1.120808900,-10.048016031
1.121012400,-10.051386666
1.121215800,-10.054755646
1.121419300,-10.054126281
1.121622700,-10.057495260
1.121826200,-10.060865896
1.122029600,-10.064234875
1.122233100,-10.063605511
1.122436500,-10.066974490
1.122640000,-10.070345125
1.122843400,-10.073714105
1.123046900,-10.077084740
1.123250300,-10.076453719
1.123453800,-10.079824355
1.123657200,-10.083193334
1.123860700,-10.086563970
1.124064100,-10.089932949
1.124267600,-10.089303584
1.124471000,-10.092672564
1.124674500,-10.096043199
1.124877900,-10.099412178
1.125081400,-10.102782814
1.125284800,-10.106151793
1.125488300,-10.105522429
1.125691700,-10.108891408
1.125895200,-10.112262043
1.126098600,-10.115631023
1.126302100,-10.115001658
1.126505500,-10.118370637
1.126709000,-10.121741273
1.126912400,-10.125110252
1.127115900,-10.128480888
1.127319300,-10.131849867
1.127522800,-10.131220502
1.127726200,-10.134589482
1.127929700,-10.137960117
1.128133100,-10.141329096
1.128336600,-10.144699732
1.128540000,-10.144068711
1.128743500,-10.147439347
1.128946900,-10.150808326
1.129150400,-10.154178961
1.129353800,-10.157547941
1.129557300,-10.160918576
1.129760700,-10.160287555
1.129964200,-10.163658191
1.130167600,-10.167027170
1.130371100,-10.170397806
1.130574500,-10.173766785
1.130778000,-10.173137420
1.130981400,-10.176506400
1.131184900,-10.179877035
1.131388300,-10.183246014
1.131591800,-10.186616650
1.131795200,-10.185985629
1.131998700,-10.189356265
1.132202100,-10.192725244
1.132405600,-10.196095879
1.132609000,-10.199464859
1.132812500,-10.202835494
1.133016000,-10.202206130
1.133219400,-10.205575109
1.133422900,-10.208945744
1.133626300,-10.212314724
1.133829800,-10.215685359
1.134033200,-10.219054338
1.134236700,-10.222424974
1.134440100,-10.221793953
1.134643600,-10.225164589
1.134847000,-10.228533568
1.135050500,-10.231904203
1.135253900,-10.235273183
1.135457400,-10.238643818
1.135660800,-10.242012797
1.135864300,-10.241383433
1.136067700,-10.244752412
1.136271200,-10.248123048
1.136474600,-10.251492027
1.136678100,-10.254862662
1.136881500,-10.258231642
1.137085000,-10.261602277
1.137288400,-10.264971256
1.137491900,-10.268341892
1.137695300,-10.271710871
1.137898800,-10.271081507
1.138102200,-10.274450486
1.138305700,-10.277821121
1.138509100,-10.281190101
1.138712600,-10.284560736
1.138916000,-10.287929715
1.139119500,-10.291300351
1.139322900,-10.294669330
1.139526400,-10.298039966
1.139729800,-10.301408945
1.139933300,-10.304779580
1.140136700,-10.308148560
1.140340200,-10.311519195
1.140543600,-10.310888174
1.140747100,-10.314258810
1.140950500,-10.317627789
1.141154000,-10.320998425
1.141357400,-10.324367404
1.141560900,-10.327738039
1.141764300,-10.331107019
1.141967800,-10.334477654
1.142171200,-10.337846633
1.142374700,-10.341217269
1.142578100,-10.344586248
1.142781600,-10.347956884
1.142985000,-10.351325863
1.143188500,-10.350696498
1.143391900,-10.354065478
1.143595400,-10.357436113
1.143798800,-10.360805092
1.144002300,-10.364175728
1.144205700,-10.367544707
1.144409200,-10.370915343
1.144612600,-10.374284322
1.144816100,-10.377654957
1.145019500,-10.381023937
1.145223000,-10.384394572
1.145426400,-10.383763551
1.145629900,-10.387134187
1.145833300,-10.390503166
1.146036800,-10.393873802
1.146240200,-10.397242781
1.146443700,-10.400613416
1.146647100,-10.403982396
1.146850600,-10.407353031
1.147054000,-10.406722010
1.147257500,-10.410092646
1.147460900,-10.413461625
1.147664400,-10.416832261
1.147867800,-10.420201240
1.148071300,-10.423571875
1.148274700,-10.426940855
1.148478200,-10.426311490
1.148681600,-10.429680469
1.148885100,-10.433051105
1.149088500,-10.436420084
1.149292000,-10.439790720
1.149495400,-10.443159699
1.149698900,-10.446530334
1.149902300,-10.445899314
1.150105800,-10.449269949
1.150309200,-10.452638928
1.150512700,-10.456009564
1.150716100,-10.459378543
1.150919600,-10.458749179
1.151123000,-10.462118158
1.151326500,-10.465488793
1.151529900,-10.468857773
1.151733400,-10.472228408
1.151936800,-10.471597387
1.152140300,-10.474968023
1.152343800,-10.478338658
1.152547200,-10.481707638
1.152750700,-10.485078273
1.152954100,-10.488447252
1.153157600,-10.487817888
1.153361000,-10.491186867
1.153564500,-10.494557503
1.153767900,-10.497926482
1.153971400,-10.501297117
1.154174800,-10.500666097
1.154378300,-10.504036732
1.154581700,-10.507405711
1.154785200,-10.510776347
1.154988600,-10.514145326
1.155192100,-10.513515962
1.155395500,-10.516884941
1.155599000,-10.520255576
1.155802400,-10.523624556
1.156005900,-10.526995191
1.156209300,-10.526364170
1.156412800,-10.529734806
1.156616200,-10.533103785
1.156819700,-10.536474421
1.157023100,-10.539843400
1.157226600,-10.539214035
1.157430000,-10.542583015
1.157633500,-10.545953650
1.157836900,-10.549322629
1.158040400,-10.552693265
1.158243800,-10.556062244
1.158447300,-10.555432880
1.158650700,-10.558801859
1.158854200,-10.562172494
1.159057600,-10.565541474
1.159261100,-10.568912109
1.159464500,-10.572281088
1.159668000,-10.571651724
1.159871400,-10.575020703
1.160074900,-10.578391339
1.160278300,-10.581760318
1.160481800,-10.585130953
1.160685200,-10.588499933
1.160888700,-10.591870568
1.161092100,-10.591239547
1.161295600,-10.594610183
1.161499000,-10.597979162
1.161702500,-10.601349798
1.161905900,-10.604718777
1.162109400,-10.608089412
1.162312800,-10.611458392
1.162516300,-10.614829027
1.162719700,-10.618198006
1.162923200,-10.617568642
1.163126600,-10.620937621
1.163330100,-10.624308257
1.163533500,-10.627677236
1.163737000,-10.631047871
1.163940400,-10.634416851
1.164143900,-10.637787486
1.164347300,-10.641156465
1.164550800,-10.644527101
1.164754200,-10.647896080
1.164957700,-10.651266716
1.165161100,-10.654635695
1.165364600,-10.658006330
1.165568000,-10.661375310
1.165771500,-10.664745945
1.165974900,-10.668114924
1.166178400,-10.671485560
1.166381800,-10.678854539
1.166585300,-10.682225175
1.166788700,-10.685594154
1.166992200,-10.688964789
1.167195600,-10.692333769
1.167399100,-10.695704404
1.167602500,-10.699073383
1.167806000,-10.706444019
1.168009400,-10.709812998
1.168212900,-10.713183634
1.168416300,-10.716552613
1.168619800,-10.719923248
1.168823200,-10.727292228
1.169026700,-10.730662863
1.169230100,-10.734031842
1.169433600,-10.737402478
1.169637000,-10.744771457
1.169840500,-10.748142093
1.170043900,-10.751511072
1.170247400,-10.758881707
1.170450800,-10.762250686
1.170654300,-10.765621322
1.170857700,-10.772990301
1.171061200,-10.776360937
1.171264600,-10.779729916
1.171468100,-10.787100552
1.171671500,-10.790469531
1.171875000,-10.793840166
1.172078500,-10.801210802
1.172281900,-10.804579781
1.172485400,-10.811950417
1.172688800,-10.815319396
1.172892300,-10.822690031
1.173095700,-10.826059011
1.173299200,-10.829429646
1.173502600,-10.836798625
1.173706100,-10.840169261
1.173909500,-10.843538240
1.174113000,-10.850908876
1.174316400,-10.854277855
1.174519900,-10.861648490
1.174723300,-10.865017470
1.174926800,-10.872388105
1.175130200,-10.875757084
1.175333700,-10.879127720
1.175537100,-10.886496699
1.175740600,-10.889867335
1.175944000,-10.897236314
1.176147500,-10.900606949
1.176350900,-10.907975929
1.176554400,-10.911346564
1.176757800,-10.918715543
1.176961300,-10.922086179
1.177164700,-10.925455158
1.177368200,-10.932825794
1.177571600,-10.936194773
1.177775100,-10.943565408
1.177978500,-10.946934388
1.178182000,-10.954305023
1.178385400,-10.957674002
1.178588900,-10.961044638
1.178792300,-10.968413617
1.178995800,-10.971784253
1.179199200,-10.975153232
1.179402700,-10.982523867
1.179606100,-10.985892847
1.179809600,-10.989263482
1.180013000,-10.996632461
1.180216500,-11.000003097
1.180419900,-11.007372076
1.180623400,-11.010742712
1.180826800,-11.014111691
1.181030300,-11.021482326
1.181233700,-11.024851306
1.181437200,-11.032221941
1.181640600,-11.035590920
1.181844100,-11.038961556
1.182047500,-11.042330535
1.182251000,-11.049701171
1.182454400,-11.053070150
1.182657900,-11.060440785
1.182861300,-11.063809765
1.183064800,-11.067180400
1.183268200,-11.074549379
1.183471700,-11.077920015
1.183675100,-11.085288994
1.183878600,-11.088659630
1.184082000,-11.092028609
1.184285500,-11.099399244
1.184488900,-11.102768224
1.184692400,-11.106138859
1.184895800,-11.113507838
1.185099300,-11.116878474
1.185302700,-11.120247453
1.185506200,-11.127618089
1.185709600,-11.130987068
1.185913100,-11.138357703
1.186116500,-11.141726682
1.186320000,-11.149097318
1.186523400,-11.152466297
1.186726900,-11.155836933
1.186930300,-11.163205912
1.187133800,-11.166576548
1.187337200,-11.169945527
1.187540700,-11.177316162
1.187744100,-11.180685141
1.187947600,-11.188055777
1.188151000,-11.191424756
1.188354500,-11.198795392
1.188557900,-11.202164371
1.188761400,-11.205535007
1.188964800,-11.212903986
1.189168300,-11.216274621
1.189371700,-11.219643600
1.189575200,-11.227014236
1.189778600,-11.230383215
1.189982100,-11.237753851
1.190185500,-11.241122830
1.190389000,-11.248493466
1.190592400,-11.251862445
1.190795900,-11.255233080
1.190999300,-11.262602059
1.191202800,-11.265972695
1.191406300,-11.269343331
1.191609700,-11.276712310
1.191813200,-11.280082945
1.192016600,-11.287451925
1.192220100,-11.290822560
1.192423500,-11.298191539
1.192627000,-11.301562175
1.192830400,-11.304931154
1.193033900,-11.312301790
1.193237300,-11.315670769
1.193440800,-11.319041404
1.193644200,-11.326410384
1.193847700,-11.329781019
1.194051100,-11.333149998
1.194254600,-11.340520634
1.194458000,-11.343889613
1.194661500,-11.351260249
1.194864900,-11.354629228
1.195068400,-11.357999863
1.195271800,-11.365368843
1.195475300,-11.368739478
1.195678700,-11.376108457
1.195882200,-11.379479093
1.196085600,-11.382848072
1.196289100,-11.390218708
1.196492500,-11.393587687
1.196696000,-11.396958322
1.196899400,-11.404327302
1.197102900,-11.407697937
1.197306300,-11.411066916
1.197509800,-11.418437552
1.197713200,-11.421806531
1.197916700,-11.425177167
1.198120100,-11.432546146
1.198323600,-11.435916781
1.198527000,-11.439285761
1.198730500,-11.446656396
1.198933900,-11.450025375
1.199137400,-11.453396011
1.199340800,-11.460764990
1.199544300,-11.464135626
1.199747700,-11.467504605
1.199951200,-11.474875240
1.200154600,-11.478244220
1.200358100,-11.481614855
1.200561500,-11.488983834
1.200765000,-11.492354470
1.200968400,-11.495723449
1.201171900,-11.499094085
1.201375300,-11.506463064
1.201578800,-11.509833699
1.201782200,-11.513202678
1.201985700,-11.520573314
1.202189100,-11.523942293
1.202392600,-11.527312929
1.202596000,-11.534681908
1.202799500,-11.538052544
1.203002900,-11.541421523
1.203206400,-11.548792158
1.203409800,-11.552161137
1.203613300,-11.555531773
1.203816700,-11.562900752
1.204020200,-11.566271388
1.204223600,-11.569640367
1.204427100,-11.577011003
1.204630500,-11.580379982
1.204834000,-11.583750617
1.205037400,-11.591119596
1.205240900,-11.594490232
1.205444300,-11.597859211
1.205647800,-11.601229847
1.205851200,-11.608598826
1.206054700,-11.611969462
1.206258100,-11.615338441
1.206461600,-11.622709076
1.206665000,-11.626078055
1.206868500,-11.629448691
1.207071900,-11.636817670
1.207275400,-11.640188306
1.207478800,-11.647557285
1.207682300,-11.650927921
1.207885700,-11.654296900
1.208089200,-11.661667535
1.208292600,-11.665036514
1.208496100,-11.672407150
1.208699500,-11.675776129
1.208903000,-11.679146765
1.209106400,-11.686515744
1.209309900,-11.689886380
1.209513300,-11.693255359
1.209716800,-11.700625994
1.209920200,-11.703994973
1.210123700,-11.707365609
1.210327100,-11.714734588
1.210530600,-11.718105224
1.210734000,-11.725474203
1.210937500,-11.728844839
1.211141000,-11.736215474
1.211344400,-11.739584453
1.211547900,-11.742955089
1.211751300,-11.750324068
1.211954800,-11.753694704
1.212158200,-11.761063683
1.212361700,-11.764434318
1.212565100,-11.767803298
1.212768600,-11.775173933
1.212972000,-11.778542912
1.213175500,-11.785913548
1.213378900,-11.789282527
1.213582400,-11.792653163
1.213785800,-11.800022142
1.213989300,-11.803392777
1.214192700,-11.810761757
1.214396200,-11.814132392
1.214599600,-11.821501371
1.214803100,-11.824872007
1.215006500,-11.828240986
1.215210000,-11.835611622
1.215413400,-11.838980601
1.215616900,-11.846351236
1.215820300,-11.849720216
1.216023800,-11.857090851
1.216227200,-11.860459830
1.216430700,-11.863830466
1.216634100,-11.871199445
1.216837600,-11.874570081
1.217041000,-11.881939060
1.217244500,-11.885309695
1.217447900,-11.892678674
1.217651400,-11.896049310
1.217854800,-11.903418289
1.218058300,-11.906788925
1.218261700,-11.910157904
1.218465200,-11.917528540
1.218668600,-11.920897519
1.218872100,-11.928268154
1.219075500,-11.931637133
1.219279000,-11.939007769
1.219482400,-11.942376748
1.219685900,-11.949747384
1.219889300,-11.953116363
1.220092800,-11.960486999
1.220296200,-11.963855978
1.220499700,-11.971226613
1.220703100,-11.974595592
1.220906600,-11.981966228
1.221110000,-11.985335207
1.221313500,-11.992705843
1.221516900,-11.996074822
1.221720400,-12.003445458
1.221923800,-12.010814437
1.222127300,-12.014185072
1.222330700,-12.021554051
1.222534200,-12.028924687
1.222737600,-12.032293666
1.222941100,-12.039664302
1.223144500,-12.043033281
1.223348000,-12.050403917
1.223551400,-12.057772896
1.223754900,-12.061143531
1.223958300,-12.068512510
1.224161800,-12.075883146
1.224365200,-12.079252125
1.224568700,-12.086622761
1.224772100,-12.093991740
1.224975600,-12.097362376
1.225179000,-12.104731355
1.225382500,-12.112101990
1.225585900,-12.119470969
1.225789400,-12.122841605
1.225992800,-12.134210584
1.226196300,-12.137581220
1.226399700,-12.144950199
1.226603200,-12.152320835
1.226806600,-12.159689814
1.227010100,-12.167060449
1.227213500,-12.174429428
1.227417000,-12.181800064
1.227620400,-12.189169043
1.227823900,-12.192539679
1.228027300,-12.203908658
1.228230800,-12.211279294
1.228434200,-12.214648273
1.228637700,-12.226018908
1.228841100,-12.233387887
1.229044600,-12.240758523
1.229248000,-12.248127502
1.229451500,-12.255498138
1.229654900,-12.262867117
1.229858400,-12.270237753
1.230061800,-12.281606732
1.230265300,-12.288977367
1.230468700,-12.292346346
1.230672200,-12.303716982
1.230875700,-12.311087618
1.231079100,-12.318456597
1.231282600,-12.329827232
1.231486000,-12.337196212
1.231689500,-12.344566847
1.231892900,-12.351935826
1.232096400,-12.363306462
1.232299800,-12.370675441
1.232503300,-12.378046077
1.232706700,-12.389415056
1.232910200,-12.396785691
1.233113600,-12.404154670
1.233317100,-12.415525306
1.233520500,-12.422894285
1.233724000,-12.430264921
1.233927400,-12.437633900
1.234130900,-12.449004536
1.234334300,-12.456373515
1.234537800,-12.463744150
1.234741200,-12.479113129
1.234944700,-12.486483765
1.235148100,-12.493852744
1.235351600,-12.505223380
1.235555000,-12.512592359
1.235758500,-12.519962995
1.235961900,-12.527331974
1.236165400,-12.542702609
1.236368800,-12.550071588
1.236572300,-12.557442224
1.236775700,-12.568811203
1.236979200,-12.580181839
1.237182600,-12.587550818
1.237386100,-12.598921454
1.237589500,-12.606290433
1.237793000,-12.613661068
1.237996400,-12.629030047
1.238199900,-12.636400683
1.238403300,-12.643769662
1.238606800,-12.651140298
1.238810200,-12.666509277
1.239013700,-12.673879913
1.239217100,-12.681248892
1.239420600,-12.696619527
1.239624000,-12.703988506
1.239827500,-12.711359142
1.240030900,-12.726728121
1.240234400,-12.734098757
1.240437800,-12.741467736
1.240641300,-12.748838372
1.240844700,-12.764207351
1.241048200,-12.771577986
1.241251600,-12.778946965
1.241455100,-12.794317601
1.241658500,-12.801686580
1.241862000,-12.809057216
1.242065400,-12.824426195
1.242268900,-12.831796831
1.242472300,-12.839165810
1.242675800,-12.846536445
1.242879200,-12.861905424
1.243082700,-12.869276060
1.243286100,-12.876645039
1.243489600,-12.888015675
1.243693000,-12.895384654
1.243896500,-12.906755290
1.244099900,-12.918124269
1.244303400,-12.925494904
1.244506800,-12.932863883
1.244710300,-12.940234519
1.244913700,-12.955603498
1.245117200,-12.962974134
1.245320600,-12.970343113
1.245524100,-12.981713749
1.245727500,-12.989082728
1.245931000,-12.996453363
1.246134400,-13.007822342
1.246337900,-13.015192978
1.246541300,-13.022561957
1.246744800,-13.033932593
1.246948200,-13.045301572
1.247151700,-13.052672208
1.247355100,-13.060041187
1.247558600,-13.071411822
1.247762000,-13.074780801
1.247965500,-13.082151437
1.248168900,-13.093520416
1.248372400,-13.100891052
1.248575800,-13.108260031
1.248779300,-13.119630666
1.248982700,-13.126999646
1.249186200,-13.134370281
1.249389600,-13.141739260
1.249593100,-13.153109896
1.249796500,-13.156478875
1.250000000,-13.163849511
1.250203500,-13.175220146
1.250406900,-13.182589125
1.250610400,-13.189959761
1.250813800,-13.197328740
1.251017300,-13.204699376
1.251220700,-13.212068355
1.251424200,-13.215438991
1.251627600,-13.226807970
1.251831100,-13.234178605
1.252034500,-13.237547584
1.252238000,-13.248918220
1.252441400,-13.256287199
1.252644900,-13.259657835
1.252848300,-13.271026814
1.253051800,-13.274397450
1.253255200,-13.281766429
1.253458700,-13.285137064
1.253662100,-13.296506043
1.253865600,-13.299876679
1.254069000,-13.307245658
1.254272500,-13.314616294
1.254475900,-13.321985273
1.254679400,-13.325355909
1.254882800,-13.332724888
1.255086300,-13.340095523
1.255289700,-13.347464502
1.255493200,-13.354835138
1.255696600,-13.358204117
1.255900100,-13.365574753
1.256103500,-13.368943732
1.256307000,-13.376314368
1.256510400,-13.383683347
1.256713900,-13.387053982
1.256917300,-13.394422961
1.257120800,-13.401793597
1.257324200,-13.405162576
1.257527700,-13.412533212
1.257731100,-13.415902191
1.257934600,-13.423272827
1.258138000,-13.426641806
1.258341500,-13.434012441
1.258544900,-13.441381420
1.258748400,-13.444752056
1.258951800,-13.452121035
1.259155300,-13.455491671
1.259358700,-13.462860650
1.259562200,-13.470231286
1.259765600,-13.473600265
1.259969100,-13.480970900
1.260172500,-13.484339879
1.260376000,-13.491710515
1.260579400,-13.495079494
1.260782900,-13.502450130
1.260986300,-13.509819109
1.261189800,-13.513189745
1.261393200,-13.520558724
1.261596700,-13.523929359
1.261800100,-13.531298338
1.262003600,-13.534668974
1.262207000,-13.542037953
1.262410500,-13.549408589
1.262613900,-13.552777568
1.262817400,-13.560148204
1.263020800,-13.567517183
1.263224300,-13.570887818
1.263427700,-13.578256797
1.263631200,-13.585627433
1.263834600,-13.592996412
1.264038100,-13.596367048
1.264241500,-13.603736027
1.264445000,-13.611106662
1.264648400,-13.614475642
1.264851900,-13.621846277
1.265055300,-13.629215256
1.265258800,-13.636585892
1.265462200,-13.639954871
1.265665700,-13.647325507
1.265869100,-13.654694486
1.266072600,-13.662065121
1.266276000,-13.669434101
1.266479500,-13.672804736
1.266682900,-13.680173715
1.266886400,-13.687544351
1.267089800,-13.694913330
1.267293300,-13.702283966
1.267496700,-13.705652945
1.267700200,-13.717023580
1.267903600,-13.720392560
1.268107100,-13.727763195
1.268310500,-13.735132174
1.268514000,-13.742502810
1.268717400,-13.749871789
1.268920900,-13.753242425
1.269124300,-13.764611404
1.269327800,-13.767982039
1.269531200,-13.775351019
1.269734700,-13.782721654
1.269938200,-13.790092290
1.270141600,-13.797461269
1.270345100,-13.804831905
1.270548500,-13.812200884
1.270752000,-13.815571519
1.270955400,-13.822940498
1.271158900,-13.830311134
1.271362300,-13.837680113
1.271565800,-13.841050749
1.271769200,-13.852419728
1.271972700,-13.855790364
1.272176100,-13.863159343
1.272379600,-13.870529978
1.272583000,-13.877898957
1.272786500,-13.885269593
1.272989900,-13.888638572
1.273193400,-13.896009208
1.273396800,-13.903378187
1.273600300,-13.910748823
1.273803700,-13.918117802
1.274007200,-13.921488437
1.274210600,-13.928857416
1.274414100,-13.936228052
1.274617500,-13.943597031
1.274821000,-13.946967667
1.275024400,-13.958336646
1.275227900,-13.961707282
1.275431300,-13.969076261
1.275634800,-13.972446896
1.275838200,-13.979815875
1.276041700,-13.987186511
1.276245100,-13.994555490
1.276448600,-14.001926126
1.276652000,-14.005295105
1.276855500,-14.012665741
1.277058900,-14.020034720
1.277262400,-14.023405355
1.277465800,-14.030774334
1.277669300,-14.038144970
1.277872700,-14.045513949
1.278076200,-14.048884585
1.278279600,-14.056253564
1.278483100,-14.063624200
1.278686500,-14.066993179
1.278890000,-14.074363814
1.279093400,-14.081732793
1.279296900,-14.085103429
1.279500300,-14.092472408
1.279703800,-14.095843044
1.279907200,-14.103212023
1.280110700,-14.110582659
1.280314100,-14.113951638
1.280517600,-14.121322273
1.280721000,-14.128691252
1.280924500,-14.132061888
1.281127900,-14.139430867
1.281331400,-14.146801503
1.281534800,-14.150170482
1.281738300,-14.157541117
1.281941700,-14.164910097
1.282145200,-14.168280732
1.282348600,-14.175649711
1.282552100,-14.183020347
1.282755500,-14.186389326
1.282959000,-14.193759962
1.283162400,-14.201128941
1.283365900,-14.204499576
1.283569300,-14.211868556
1.283772800,-14.215239191
1.283976200,-14.222608170
1.284179700,-14.229978806
1.284383100,-14.233347785
1.284586600,-14.240718421
1.284790000,-14.248087400
1.284993500,-14.251458035
1.285196900,-14.258827015
1.285400400,-14.266197650
1.285603800,-14.269566629
1.285807300,-14.276937265
1.286010700,-14.284306244
1.286214200,-14.287676880
1.286417600,-14.295045859
1.286621100,-14.302416494
1.286824500,-14.305785474
1.287028000,-14.313156109
1.287231400,-14.320525088
1.287434900,-14.323895724
1.287638300,-14.331264703
1.287841800,-14.338635339
1.288045200,-14.342004318
1.288248700,-14.345374953
1.288452100,-14.352743933
1.288655600,-14.360114568
1.288859000,-14.363483547
1.289062500,-14.370854183
1.289266000,-14.374224819
1.289469400,-14.381593798
1.289672900,-14.384964433
1.289876300,-14.392333412
1.290079800,-14.395704048
1.290283200,-14.403073027
1.290486700,-14.406443663
1.290690100,-14.413812642
1.290893600,-14.417183278
1.291097000,-14.424552257
1.291300500,-14.427922892
1.291503900,-14.435291871
1.291707400,-14.438662507
1.291910800,-14.446031486
1.292114300,-14.449402122
1.292317700,-14.452771101
1.292521200,-14.460141737
1.292724600,-14.463510716
1.292928100,-14.466881351
1.293131500,-14.474250330
1.293335000,-14.477620966
1.293538400,-14.480989945
1.293741900,-14.484360581
1.293945300,-14.491729560
1.294148800,-14.495100196
1.294352200,-14.498469175
1.294555700,-14.501839810
1.294759100,-14.509208789
1.294962600,-14.512579425
1.295166000,-14.515948404
1.295369500,-14.519319040
1.295572900,-14.522688019
1.295776400,-14.526058655
1.295979800,-14.529427634
1.296183300,-14.532798269
1.296386700,-14.536167248
1.296590200,-14.539537884
1.296793600,-14.542906863
1.296997100,-14.546277499
1.297200500,-14.549646478
1.297404000,-14.553017113
1.297607400,-14.556386093
1.297810900,-14.559756728
1.298014300,-14.563125707
1.298217800,-14.566496343
1.298421200,-14.569865322
1.298624700,-14.569235958
1.298828100,-14.572604937
1.299031600,-14.575975572
1.299235000,-14.579344552
1.299438500,-14.582715187
1.299641900,-14.582084166
1.299845400,-14.585454802
1.300048800,-14.588823781
1.300252300,-14.592194417
1.300455700,-14.591563396
1.300659200,-14.594934031
1.300862600,-14.594303011
1.301066100,-14.597673646
1.301269500,-14.601042625
1.301473000,-14.600413261
1.301676400,-14.603782240
1.301879900,-14.607152876
1.302083300,-14.606521855
1.302286800,-14.609892490
1.302490200,-14.609261470
1.302693700,-14.612632105
1.302897100,-14.612001084
1.303100600,-14.615371720
1.303304000,-14.614740699
1.303507500,-14.618111335
1.303710900,-14.617480314
1.303914400,-14.620850949
1.304117800,-14.620219929
1.304321300,-14.623590564
1.304524700,-14.622959543
1.304728200,-14.626330179
1.304931600,-14.625699158
1.305135100,-14.629069794
1.305338500,-14.628438773
1.305542000,-14.631809408
1.305745400,-14.631178388
1.305948900,-14.634549023
1.306152300,-14.633918002
1.306355800,-14.637288638
1.306559200,-14.636657617
1.306762700,-14.636028253
1.306966100,-14.639397232
1.307169600,-14.642767867
1.307373000,-14.642136847
1.307576500,-14.641507482
1.307779900,-14.644876461
1.307983400,-14.648247097
1.308186800,-14.647616076
1.308390300,-14.650986712
1.308593700,-14.650355691
1.308797200,-14.653726326
1.309000700,-14.653096962
1.309204100,-14.656465941
1.309407600,-14.655836577
1.309611000,-14.659205556
1.309814500,-14.662576192
1.310017900,-14.661945171
1.310221400,-14.665315806
1.310424800,-14.664684785
1.310628300,-14.668055421
1.310831700,-14.671424400
1.311035200,-14.670795036
1.311238600,-14.674164015
1.311442100,-14.677534651
1.311645500,-14.676903630
1.311849000,-14.680274265
1.312052400,-14.683643244
1.312255900,-14.683013880
1.312459300,-14.686382859
1.312662800,-14.689753495
1.312866200,-14.689122474
1.313069700,-14.692493109
1.313273100,-14.695862089
1.313476600,-14.699232724
1.313680000,-14.698601703
1.313883500,-14.701972339
1.314086900,-14.705341318
1.314290400,-14.708711954
1.314493800,-14.712080933
1.314697300,-14.711451568
1.314900700,-14.714820548
1.315104200,-14.718191183
1.315307600,-14.721560162
1.315511100,-14.724930798
1.315714500,-14.724299777
1.315918000,-14.727670413
1.316121400,-14.731039392
1.316324900,-14.734410027
1.316528300,-14.737779007
1.316731800,-14.741149642
1.316935200,-14.740518621
1.317138700,-14.743889257
1.317342100,-14.747258236
1.317545600,-14.750628872
1.317749000,-14.753997851
1.317952500,-14.757368486
1.318155900,-14.756737466
1.318359400,-14.760108101
1.318562800,-14.763477080
1.318766300,-14.766847716
1.318969700,-14.770216695
1.319173200,-14.773587331
1.319376600,-14.776956310
1.319580100,-14.780326945
1.319783500,-14.779695925
1.319987000,-14.783066560
1.320190400,-14.786435539
1.320393900,-14.789806175
1.320597300,-14.793175154
1.320800800,-14.796545790
1.321004200,-14.799914769
1.321207700,-14.803285404
1.321411100,-14.802654384
1.321614600,-14.806025019
1.321818000,-14.809393998
1.322021500,-14.812764634
1.322224900,-14.816133613
1.322428400,-14.819504249
1.322631800,-14.822873228
1.322835300,-14.822243863
1.323038700,-14.825612843
1.323242200,-14.828983478
1.323445600,-14.832352457
1.323649100,-14.835723093
1.323852500,-14.835092072
1.324056000,-14.838462708
1.324259400,-14.841831687
1.324462900,-14.845202322
1.324666300,-14.848571302
1.324869800,-14.847941937
1.325073200,-14.851310916
1.325276700,-14.854681552
1.325480100,-14.858050531
1.325683600,-14.857421167
1.325887000,-14.860790146
1.326090500,-14.864160781
1.326293900,-14.863529761
1.326497400,-14.866900396
1.326700800,-14.870269375
1.326904300,-14.869640011
1.327107700,-14.873008990
1.327311200,-14.876379626
1.327514600,-14.879748605
1.327718100,-14.879119240
1.327921500,-14.882488220
1.328125000,-14.885858855
1.328328500,-14.885229491
1.328531900,-14.888598470
1.328735400,-14.891969105
1.328938800,-14.891338085
1.329142300,-14.894708720
1.329345700,-14.898077699
1.329549200,-14.897448335
1.329752600,-14.900817314
1.329956100,-14.904187950
1.330159500,-14.903556929
1.330363000,-14.906927564
1.330566400,-14.906296544
1.330769900,-14.909667179
1.330973300,-14.913036158
1.331176800,-14.912406794
1.331380200,-14.915775773
1.331583700,-14.919146409
1.331787100,-14.918515388
1.331990600,-14.921886023
1.332194000,-14.925255003
1.332397500,-14.924625638
1.332600900,-14.927994617
1.332804400,-14.931365253
1.333007800,-14.930734232
1.333211300,-14.934104868
1.333414700,-14.933473847
1.333618200,-14.936844482
1.333821600,-14.940213462
1.334025100,-14.939584097
1.334228500,-14.942953076
1.334432000,-14.946323712
1.334635400,-14.945692691
1.334838900,-14.949063327
1.335042300,-14.952432306
1.335245800,-14.951802941
1.335449200,-14.955171921
1.335652700,-14.958542556
1.335856100,-14.961911535
1.336059600,-14.961282171
1.336263000,-14.964651150
1.336466500,-14.968021786
1.336669900,-14.971390765
1.336873400,-14.970761400
1.337076800,-14.974130380
1.337280300,-14.977501015
1.337483700,-14.980869994
1.337687200,-14.980240630
1.337890600,-14.983609609
1.338094100,-14.986980245
1.338297500,-14.990349224
1.338501000,-14.993719859
1.338704400,-14.997088839
1.338907900,-15.000459474
1.339111300,-14.999828453
1.339314800,-15.003199089
1.339518200,-15.006568068
1.339721700,-15.009938704
1.339925100,-15.013307683
1.340128600,-15.016678318
1.340332000,-15.020047298
1.340535500,-15.023417933
1.340738900,-15.026786912
1.340942400,-15.030157548
1.341145800,-15.033526527
1.341349300,-15.036897163
1.341552700,-15.040266142
1.341756200,-15.043636777
1.341959600,-15.047005757
1.342163100,-15.050376392
1.342366500,-15.053745371
1.342570000,-15.057116007
1.342773400,-15.060484986
1.342976900,-15.063855622
1.343180300,-15.071224601
1.343383800,-15.074595236
1.343587200,-15.077964216
1.343790700,-15.081334851
1.343994100,-15.084703830
1.344197600,-15.088074466
1.344401000,-15.095443445
1.344604500,-15.098814081
1.344807900,-15.102183060
1.345011400,-15.105553695
1.345214800,-15.112922675
1.345418300,-15.116293310
1.345621700,-15.119662289
1.345825200,-15.127032925
1.346028600,-15.130401904
1.346232100,-15.137772540
1.346435500,-15.141141519
1.346639000,-15.148512154
1.346842400,-15.151881134
1.347045900,-15.155251769
1.347249300,-15.162620748
1.347452800,-15.169991384
1.347656200,-15.173360363
1.347859700,-15.180730999
1.348063200,-15.184101634
1.348266600,-15.191470613
1.348470100,-15.198841249
1.348673500,-15.202210228
1.348877000,-15.209580864
1.349080400,-15.216949843
1.349283900,-15.224320478
1.349487300,-15.227689458
1.349690800,-15.235060093
1.349894200,-15.242429072
1.350097700,-15.249799708
1.350301100,-15.257168687
1.350504600,-15.264539323
1.350708000,-15.271908302
1.350911500,-15.279278937
1.351114900,-15.290647917
1.351318400,-15.294018552
1.351521800,-15.301387531
1.351725300,-15.308758167
1.351928700,-15.320127146
1.352132200,-15.327497782
1.352335600,-15.334866761
1.352539100,-15.346237396
1.352742500,-15.353606376
1.352946000,-15.360977011
1.353149400,-15.372345990
1.353352900,-15.379716626
1.353556300,-15.387085605
1.353759800,-15.398456241
1.353963200,-15.409825220
1.354166700,-15.417195855
1.354370100,-15.424564835
1.354573600,-15.439935470
1.354777000,-15.447304449
1.354980500,-15.454675085
1.355183900,-15.470044064
1.355387400,-15.477414700
1.355590800,-15.488783679
1.355794300,-15.496154314
1.355997700,-15.511523294
1.356201200,-15.518893929
1.356404600,-15.530262908
1.356608100,-15.541633544
1.356811500,-15.553002523
1.357015000,-15.560373159
1.357218400,-15.575742138
1.357421900,-15.587112773
1.357625300,-15.594481753
1.357828800,-15.605852388
1.358032200,-15.621221367
1.358235700,-15.632592003
1.358439100,-15.639960982
1.358642600,-15.655331618
1.358846000,-15.666700597
1.359049500,-15.678071232
1.359252900,-15.693440212
1.359456400,-15.704810847
1.359659800,-15.712179826
1.359863300,-15.723550462
1.360066700,-15.738919441
1.360270200,-15.750290077
1.360473600,-15.761659056
1.360677100,-15.777029691
1.360880500,-15.788398671
1.361084000,-15.795769306
1.361287400,-15.815138285
1.361490900,-15.822508921
1.361694300,-15.833877900
1.361897800,-15.849248536
1.362101200,-15.860617515
1.362304700,-15.871988150
1.362508100,-15.879357130
1.362711600,-15.898727765
1.362915000,-15.906096744
1.363118500,-15.917467380
1.363321900,-15.932836359
1.363525400,-15.944206995
1.363728800,-15.955575974
1.363932300,-15.970946609
1.364135700,-15.978315589
1.364339200,-15.989686224
1.364542600,-15.997055203
1.364746100,-16.012425839
1.364949500,-16.023794818
1.365153000,-16.031165454
1.365356400,-16.046534433
1.365559900,-16.057905068
1.365763300,-16.065274048
1.365966800,-16.080644683
1.366170200,-16.088013662
1.366373700,-16.095384298
1.366577100,-16.106753277
1.366780600,-16.118123913
1.366984000,-16.125492892
1.367187500,-16.136863527
1.367391000,-16.148234163
1.367594400,-16.155603142
1.367797900,-16.162973778
1.368001300,-16.174342757
1.368204800,-16.181713392
1.368408200,-16.189082372
1.368611700,-16.196453007
1.368815100,-16.207821986
1.369018600,-16.211192622
1.369222000,-16.218561601
1.369425500,-16.229932237
1.369628900,-16.233301216
1.369832400,-16.240671851
1.370035800,-16.248040831
1.370239300,-16.255411466
1.370442700,-16.258780445
1.370646200,-16.266151081
1.370849600,-16.269520060
1.371053100,-16.276890696
1.371256500,-16.280259675
1.371460000,-16.287630310
1.371663400,-16.290999290
1.371866900,-16.294369925
1.372070300,-16.297738904
1.372273800,-16.301109540
1.372477200,-16.308478519
1.372680700,-16.311849155
1.372884100,-16.315218134
1.373087600,-16.314588769
1.373291000,-16.317957749
1.373494500,-16.321328384
1.373697900,-16.324697363
1.373901400,-16.328067999
1.374104800,-16.327436978
1.374308300,-16.330807614
1.374511700,-16.334176593
1.374715200,-16.333547228
1.374918600,-16.332916208
1.375122100,-16.336286843
1.375325500,-16.339655822
1.375529000,-16.339026458
1.375732400,-16.338395437
1.375935900,-16.341766073
1.376139300,-16.341135052
1.376342800,-16.340505687
1.376546200,-16.339874667
1.376749700,-16.339245302
1.376953100,-16.342614281
1.377156600,-16.341984917
1.377360000,-16.341353896
1.377563500,-16.340724532
1.377766900,-16.340093511
1.377970400,-16.339464146
1.378173800,-16.338833126
1.378377300,-16.338203761
1.378580700,-16.341572740
1.378784200,-16.336943376
1.378987600,-16.336312355
1.379191100,-16.335682991
1.379394500,-16.335051970
1.379598000,-16.334422605
1.379801400,-16.333791585
1.380004900,-16.333162220
1.380208300,-16.332531199
1.380411800,-16.331901835
1.380615200,-16.331270814
1.380818700,-16.326641450
1.381022100,-16.330010429
1.381225600,-16.329381064
1.381429000,-16.324750044
1.381632500,-16.324120679
1.381835900,-16.323489658
1.382039400,-16.326860294
1.382242800,-16.322229273
1.382446300,-16.321599909
1.382649700,-16.320968888
1.382853200,-16.320339523
1.383056600,-16.319708503
1.383260100,-16.319079138
1.383463500,-16.314448117
1.383667000,-16.313818753
1.383870400,-16.313187732
1.384073900,-16.316558368
1.384277300,-16.311927347
1.384480800,-16.311297982
1.384684200,-16.310666962
1.384887700,-16.306037597
1.385091100,-16.309406576
1.385294600,-16.308777212
1.385498000,-16.304146191
1.385701500,-16.303516827
1.385904900,-16.302885806
1.386108400,-16.302256441
1.386311800,-16.301625421
1.386515300,-16.300996056
1.386718700,-16.300365035
1.386922200,-16.295735671
1.387125700,-16.295106306
1.387329100,-16.294475286
1.387532600,-16.293845921
1.387736000,-16.293214900
1.387939500,-16.292585536
1.388142900,-16.291954515
1.388346400,-16.287325151
1.388549800,-16.286694130
1.388753300,-16.290064765
1.388956700,-16.285433745
1.389160200,-16.284804380
1.389363600,-16.284173359
1.389567100,-16.279543995
1.389770500,-16.278912974
1.389974000,-16.278283610
1.390177400,-16.273652589
1.390380900,-16.277023224
1.390584300,-16.276392204
1.390787800,-16.275762839
1.390991200,-16.271131818
1.391194700,-16.270502454
1.391398100,-16.269871433
1.391601600,-16.265242069
1.391805000,-16.264611048
1.392008500,-16.263981683
1.392211900,-16.259350663
1.392415400,-16.258721298
1.392618800,-16.258090277
1.392822300,-16.257460913
1.393025700,-16.252829892
1.393229200,-16.252200528
1.393432600,-16.251569507
1.393636100,-16.246940142
1.393839500,-16.246309122
1.394043000,-16.245679757
1.394246400,-16.241048736
1.394449900,-16.240419372
1.394653300,-16.239788351
1.394856800,-16.239158987
1.395060200,-16.234527966
1.395263700,-16.233898601
1.395467100,-16.233267581
1.395670600,-16.228638216
1.395874000,-16.228007195
1.396077500,-16.227377831
1.396280900,-16.222746810
1.396484400,-16.222117446
1.396687800,-16.221486425
1.396891300,-16.220857060
1.397094700,-16.216226040
1.397298200,-16.215596675
1.397501600,-16.214965654
1.397705100,-16.210336290
1.397908500,-16.209705269
1.398112000,-16.209075905
1.398315400,-16.204444884
1.398518900,-16.203815519
1.398722300,-16.203184499
1.398925800,-16.198555134
1.399129200,-16.197924113
1.399332700,-16.197294749
1.399536100,-16.196663728
1.399739600,-16.192034364
1.399943000,-16.191403343
1.400146500,-16.190773978
1.400349900,-16.186142958
1.400553400,-16.185513593
1.400756800,-16.184882572
1.400960300,-16.176253208
1.401163700,-16.175622187
1.401367200,-16.174992823
1.401570600,-16.174361802
1.401774100,-16.169732437
1.401977500,-16.169101417
1.402181000,-16.168472052
1.402384400,-16.163841031
1.402587900,-16.163211667
1.402791300,-16.162580646
1.402994800,-16.157951282
1.403198200,-16.157320261
1.403401700,-16.156690896
1.403605100,-16.156059876
1.403808600,-16.151430511
1.404012000,-16.150799490
1.404215500,-16.150170126
1.404418900,-16.145539105
1.404622400,-16.144909741
1.404825800,-16.144278720
1.405029300,-16.139649355
1.405232700,-16.139018335
1.405436200,-16.138388970
1.405639600,-16.137757949
1.405843100,-16.133128585
1.406046500,-16.132497564
1.406250000,-16.131868200
1.406453500,-16.127238835
1.406656900,-16.126607814
1.406860400,-16.125978450
1.407063800,-16.121347429
1.407267300,-16.120718065
1.407470700,-16.120087044
1.407674200,-16.119457679
1.407877600,-16.114826659
1.408081100,-16.114197294
1.408284500,-16.113566273
1.408488000,-16.108936909
1.408691400,-16.108305888
1.408894900,-16.107676524
1.409098300,-16.099045503
1.409301800,-16.098416138
1.409505200,-16.097785118
1.409708700,-16.093155753
1.409912100,-16.092524732
1.410115600,-16.091895368
1.410319000,-16.091264347
1.410522500,-16.086634983
1.410725900,-16.086003962
1.410929400,-16.085374597
1.411132800,-16.080743577
1.411336300,-16.080114212
1.411539700,-16.079483191
1.411743200,-16.074853827
1.411946600,-16.074222806
1.412150100,-16.073593442
1.412353500,-16.072962421
1.412557000,-16.068333056
1.412760400,-16.067702036
1.412963900,-16.067072671
1.413167300,-16.058441650
1.413370800,-16.057812286
1.413574200,-16.057181265
1.413777700,-16.052551901
1.413981100,-16.051920880
1.414184600,-16.051291515
1.414388000,-16.050660495
1.414591500,-16.046031130
1.414794900,-16.045400109
1.414998400,-16.044770745
1.415201800,-16.040139724
1.415405300,-16.039510360
1.415608700,-16.038879339
1.415812200,-16.034249974
1.416015600,-16.033618954
1.416219100,-16.032989589
1.416422500,-16.032358568
1.416626000,-16.027729204
1.416829400,-16.027098183
1.417032900,-16.026468819
1.417236300,-16.021837798
1.417439800,-16.021208433
1.417643200,-16.020577413
1.417846700,-16.015948048
1.418050100,-16.015317027
1.418253600,-16.014687663
1.418457000,-16.010056642
1.418660500,-16.009427278
1.418863900,-16.008796257
1.419067400,-16.008166892
1.419270800,-16.003535872
1.419474300,-16.002906507
1.419677700,-16.002275486
1.419881200,-15.997646122
1.420084600,-15.997015101
1.420288100,-15.996385737
1.420491500,-15.991754716
1.420695000,-15.991125351
1.420898400,-15.990494331
1.421101900,-15.989864966
1.421305300,-15.985233945
1.421508800,-15.984604581
1.421712200,-15.983973560
1.421915700,-15.979344196
1.422119100,-15.978713175
1.422322600,-15.978083810
1.422526000,-15.973452790
1.422729500,-15.972823425
1.422932900,-15.976192404
1.423136400,-15.975563040
1.423339800,-15.970932019
1.423543300,-15.970302655
1.423746700,-15.969671634
1.423950200,-15.965042269
1.424153600,-15.964411249
1.424357100,-15.963781884
1.424560500,-15.963150863
1.424764000,-15.962521499
1.424967400,-15.961890478
1.425170900,-15.961261114
1.425374300,-15.956630093
1.425577800,-15.956000728
1.425781200,-15.959369708
1.425984700,-15.954740343
1.426188200,-15.954110979
1.426391600,-15.953479958
1.426595100,-15.948850593
1.426798500,-15.952219573
1.427002000,-15.951590208
1.427205400,-15.946959187
1.427408900,-15.946329823
1.427612300,-15.945698802
1.427815800,-15.949069438
1.428019200,-15.944438417
1.428222700,-15.943809052
1.428426100,-15.943178032
1.428629600,-15.942548667
1.428833000,-15.941917646
1.429036500,-15.941288282
1.429239900,-15.936657261
1.429443400,-15.936027897
1.429646800,-15.939396876
1.429850300,-15.938767511
1.430053700,-15.934136491
1.430257200,-15.933507126
1.430460600,-15.932876105
1.430664100,-15.932246741
1.430867500,-15.931615720
1.431071000,-15.930986356
1.431274400,-15.930355335
1.431477900,-15.929725970
1.431681300,-15.929094950
1.431884800,-15.928465585
1.432088200,-15.923834564
1.432291700,-15.927205200
1.432495100,-15.926574179
1.432698600,-15.921944815
1.432902000,-15.921313794
1.433105500,-15.924684429
1.433308900,-15.920053409
1.433512400,-15.919424044
1.433715800,-15.918793023
1.433919300,-15.918163659
1.434122700,-15.917532638
1.434326200,-15.916903274
1.434529600,-15.916272253
1.434733100,-15.911642888
1.434936500,-15.911011868
1.435140000,-15.914382503
1.435343400,-15.909751482
1.435546900,-15.909122118
1.435750300,-15.908491097
1.435953800,-15.907861733
1.436157200,-15.907230712
1.436360700,-15.906601347
1.436564100,-15.905970327
1.436767600,-15.901340962
1.436971000,-15.900709941
1.437174500,-15.900080577
1.437377900,-15.899449556
1.437581400,-15.898820192
1.437784800,-15.898189171
1.437988300,-15.893559806
1.438191700,-15.892928786
1.438395200,-15.892299421
1.438598600,-15.895668400
1.438802100,-15.891039036
1.439005500,-15.890408015
1.439209000,-15.889778651
1.439412400,-15.885147630
1.439615900,-15.884518265
1.439819300,-15.887887245
1.440022800,-15.883257880
1.440226200,-15.882626859
1.440429700,-15.881997495
1.440633100,-15.881366474
1.440836600,-15.876737110
1.441040000,-15.880106089
1.441243500,-15.879476724
1.441446900,-15.874845704
1.441650400,-15.874216339
1.441853800,-15.873585318
1.442057300,-15.872955954
1.442260700,-15.872324933
1.442464200,-15.871695569
1.442667600,-15.871064548
1.442871100,-15.866435183
1.443074500,-15.869804163
1.443278000,-15.869174798
1.443481400,-15.864543777
1.443684900,-15.863914413
1.443888300,-15.863283392
1.444091800,-15.862654028
1.444295200,-15.862023007
1.444498700,-15.861393642
1.444702100,-15.860762622
1.444905600,-15.860133257
1.445109000,-15.859502236
1.445312500,-15.858872872
1.445516000,-15.858243507
1.445719400,-15.857612487
1.445922900,-15.856983122
1.446126300,-15.852352101
1.446329800,-15.855722737
1.446533200,-15.855091716
1.446736700,-15.850462352
1.446940100,-15.853831331
1.447143600,-15.853201966
1.447347000,-15.852570946
1.447550500,-15.851941581
1.447753900,-15.851310560
1.447957400,-15.850681196
1.448160800,-15.850050175
1.448364300,-15.849420811
1.448567700,-15.848789790
1.448771200,-15.848160425
1.448974600,-15.847529405
1.449178100,-15.846900040
1.449381500,-15.850269019
1.449585000,-15.845639655
1.449788400,-15.845008634
1.449991900,-15.848379270
1.450195300,-15.843748249
1.450398800,-15.847118884
1.450602200,-15.846487864
1.450805700,-15.841858499
1.451009100,-15.845227478
1.451212600,-15.844598114
1.451416000,-15.843967093
1.451619500,-15.843337729
1.451822900,-15.842706708
1.452026400,-15.842077343
1.452229800,-15.841446323
1.452433300,-15.840816958
1.452636700,-15.844185937
1.452840200,-15.839556573
1.453043600,-15.838925552
1.453247100,-15.842296188
1.453450500,-15.841665167
1.453654000,-15.837035802
1.453857400,-15.840404782
1.454060900,-15.839775417
1.454264300,-15.839144396
1.454467800,-15.838515032
1.454671200,-15.837884011
1.454874700,-15.837254647
1.455078100,-15.836623626
1.455281600,-15.835994261
1.455485000,-15.835363241
1.455688500,-15.834733876
1.455891900,-15.834102855
1.456095400,-15.833473491
1.456298800,-15.832842470
1.456502300,-15.832213106
1.456705700,-15.831582085
1.456909200,-15.830952720
1.457112600,-15.830321700
1.457316100,-15.829692335
1.457519500,-15.825061314
1.457723000,-15.828431950
1.457926400,-15.827800929
1.458129900,-15.827171565
1.458333300,-15.826540544
1.458536800,-15.825911179
1.458740200,-15.825280159
1.458943700,-15.820650794
1.459147100,-15.824019773
1.459350600,-15.823390409
1.459554000,-15.818759388
1.459757500,-15.818130024
1.459960900,-15.821499003
1.460164400,-15.820869638
1.460367800,-15.816238618
1.460571300,-15.815609253
1.460774700,-15.818978232
1.460978200,-15.814348868
1.461181600,-15.813717847
1.461385100,-15.813088483
1.461588500,-15.812457462
1.461792000,-15.811828097
1.461995400,-15.811197077
1.462198900,-15.810567712
1.462402300,-15.809936691
1.462605800,-15.809307327
1.462809200,-15.808676306
1.463012700,-15.808046942
1.463216100,-15.807415921
1.463419600,-15.806786556
1.463623000,-15.802155536
1.463826500,-15.805526171
1.464029900,-15.804895150
1.464233400,-15.804265786
1.464436800,-15.799634765
1.464640300,-15.803005401
1.464843700,-15.802374380
1.465047200,-15.797745015
1.465250700,-15.797115651
1.465454100,-15.800484630
1.465657600,-15.795855266
1.465861000,-15.795224245
1.466064500,-15.798594880
1.466267900,-15.793963860
1.466471400,-15.793334495
1.466674800,-15.792703474
1.466878300,-15.796074110
1.467081700,-15.791443089
1.467285200,-15.790813725
1.467488600,-15.794182704
1.467692100,-15.789553339
1.467895500,-15.788922319
1.468099000,-15.788292954
1.468302400,-15.787661933
1.468505900,-15.787032569
1.468709300,-15.786401548
1.468912800,-15.789772184
1.469116200,-15.785141163
1.469319700,-15.784511798
1.469523100,-15.783880778
1.469726600,-15.783251413
1.469930000,-15.782620392
1.470133500,-15.781991028
1.470336900,-15.781360007
1.470540400,-15.780730643
1.470743800,-15.780099622
1.470947300,-15.783470257
1.471150700,-15.778839237
1.471354200,-15.778209872
1.471557600,-15.777578851
1.471761100,-15.776949487
1.471964500,-15.776318466
1.472168000,-15.775689102
1.472371400,-15.775058081
1.472574900,-15.774428716
1.472778300,-15.773797696
1.472981800,-15.773168331
1.473185200,-15.772537310
1.473388700,-15.771907946
1.473592100,-15.771276925
1.473795600,-15.770647561
1.473999000,-15.770016540
1.474202500,-15.769387175
1.474405900,-15.768756155
1.474609400,-15.768126790
1.474812800,-15.767495769
1.475016300,-15.762866405
1.475219700,-15.766235384
1.475423200,-15.765606020
1.475626600,-15.764974999
1.475830100,-15.760345634
1.476033500,-15.763714614
1.476237000,-15.763085249
1.476440400,-15.758454228
1.476643900,-15.757824864
1.476847300,-15.761193843
1.477050800,-15.756564479
1.477254200,-15.755933458
1.477457700,-15.759304093
1.477661100,-15.758673073
1.477864600,-15.754043708
1.478068000,-15.753412687
1.478271500,-15.756783323
1.478474900,-15.752152302
1.478678400,-15.751522938
1.478881800,-15.754891917
1.479085300,-15.750262552
1.479288700,-15.749631532
1.479492200,-15.753002167
1.479695600,-15.752371146
1.479899100,-15.747741782
1.480102500,-15.751110761
1.480306000,-15.750481397
1.480509400,-15.749850376
1.480712900,-15.749221011
1.480916300,-15.748589991
1.481119800,-15.747960626
1.481323200,-15.747329605
1.481526700,-15.746700241
1.481730100,-15.750069220
1.481933600,-15.749439856
1.482137000,-15.748808835
1.482340500,-15.748179470
1.482543900,-15.747548450
1.482747400,-15.746919085
1.482950800,-15.750288064
1.483154300,-15.749658700
1.483357700,-15.749027679
1.483561200,-15.748398315
1.483764600,-15.751767294
1.483968100,-15.751137929
1.484171500,-15.750506909
1.484375000,-15.753877544
1.484578500,-15.753248180
1.484781900,-15.752617159
1.484985400,-15.755987794
1.485188800,-15.751356774
1.485392300,-15.754727409
1.485595700,-15.754096388
1.485799200,-15.753467024
1.486002600,-15.756836003
1.486206100,-15.760206639
1.486409500,-15.759575618
1.486613000,-15.758946253
1.486816400,-15.762315233
1.487019900,-15.761685868
1.487223300,-15.761054847
1.487426800,-15.764425483
1.487630200,-15.763794462
1.487833700,-15.767165098
1.488037100,-15.766534077
1.488240600,-15.769904712
1.488444000,-15.769273692
1.488647500,-15.768644327
1.488850900,-15.772013306
1.489054400,-15.775383942
1.489257800,-15.774752921
1.489461300,-15.774123557
1.489664700,-15.777492536
1.489868200,-15.776863171
1.490071600,-15.780232151
1.490275100,-15.779602786
1.490478500,-15.782971765
1.490682000,-15.782342401
1.490885400,-15.781711380
1.491088900,-15.785082016
1.491292300,-15.784450995
1.491495800,-15.787821630
1.491699200,-15.787190610
1.491902700,-15.786561245
1.492106100,-15.789930224
1.492309600,-15.793300860
1.492513000,-15.792669839
1.492716500,-15.792040475
1.492919900,-15.795409454
1.493123400,-15.794780089
1.493326800,-15.794149069
1.493530300,-15.797519704
1.493733700,-15.800888683
1.493937200,-15.800259319
1.494140600,-15.799628298
1.494344100,-15.802998934
1.494547500,-15.802367913
1.494751000,-15.801738548
1.494954400,-15.805107528
1.495157900,-15.804478163
1.495361300,-15.807847142
1.495564800,-15.807217778
1.495768200,-15.810586757
1.495971700,-15.809957393
1.496175100,-15.809326372
1.496378600,-15.812697007
1.496582000,-15.812065987
1.496785500,-15.811436622
1.496988900,-15.814805601
1.497192400,-15.814176237
1.497395800,-15.813545216
1.497599300,-15.816915852
1.497802700,-15.816284831
1.498006200,-15.819655466
1.498209600,-15.819024446
1.498413100,-15.822395081
1.498616500,-15.821764060
1.498820000,-15.821134696
1.499023400,-15.824503675
1.499226900,-15.823874311
1.499430300,-15.823243290
1.499633800,-15.826613925
1.499837200,-15.825982905
1.500040700,-15.829353540
1.500244100,-15.828722519
1.500447600,-15.832093155
1.500651000,-15.831462134
1.500854500,-15.830832770
1.501057900,-15.834201749
1.501261400,-15.837572384
1.501464800,-15.836941364
1.501668300,-15.836311999
1.501871700,-15.839680978
1.502075200,-15.839051614
1.502278600,-15.842420593
1.502482100,-15.841791229
1.502685500,-15.841160208
1.502889000,-15.844530843
1.503092400,-15.847899823
1.503295900,-15.847270458
1.503499300,-15.846639437
1.503702800,-15.850010073
1.503906200,-15.853379052
1.504109700,-15.852749688
1.504313200,-15.856120323
1.504516600,-15.855489302
1.504720100,-15.858859938
1.504923500,-15.858228917
1.505127000,-15.861599553
1.505330400,-15.860968532
1.505533900,-15.864339167
1.505737300,-15.867708147
1.505940800,-15.867078782
1.506144200,-15.870447761
1.506347700,-15.869818397
1.506551100,-15.873187376
1.506754600,-15.872558012
1.506958000,-15.875926991
1.507161500,-15.879297626
1.507364900,-15.878666606
1.507568400,-15.882037241
1.507771800,-15.885406220
1.507975300,-15.884776856
1.508178700,-15.888145835
1.508382200,-15.891516471
1.508585600,-15.890885450
1.508789100,-15.894256085
1.508992500,-15.897625065
1.509196000,-15.896995700
1.509399400,-15.900364679
1.509602900,-15.903735315
1.509806300,-15.903104294
1.510009800,-15.906474930
1.510213200,-15.909843909
1.510416700,-15.913214544
1.510620100,-15.912583524
1.510823600,-15.915954159
1.511027000,-15.919323138
1.511230500,-15.922693774
1.511433900,-15.922062753
1.511637400,-15.925433389
1.511840800,-15.928802368
1.512044300,-15.932173003
1.512247700,-15.935541983
1.512451200,-15.934912618
1.512654600,-15.938281597
1.512858100,-15.941652233
1.513061500,-15.945021212
1.513265000,-15.948391848
1.513468400,-15.951760827
1.513671900,-15.955131462
1.513875300,-15.958500442
1.514078800,-15.957871077
1.514282200,-15.961240056
1.514485700,-15.964610692
1.514689100,-15.967979671
1.514892600,-15.971350307
1.515096000,-15.974719286
1.515299500,-15.978089921
1.515502900,-15.981458901
1.515706400,-15.984829536
1.515909800,-15.988198515
1.516113300,-15.991569151
1.516316700,-15.994938130
1.516520200,-15.998308766
1.516723600,-16.001677745
1.516927100,-16.005048380
1.517130500,-16.008417360
1.517334000,-16.015787995
1.517537400,-16.019156974
1.517740900,-16.022527610
1.517944300,-16.025896589
1.518147800,-16.029267225
1.518351200,-16.032636204
1.518554700,-16.036006839
1.518758100,-16.039375819
1.518961600,-16.046746454
1.519165000,-16.050115433
1.519368500,-16.053486069
1.519571900,-16.056855048
1.519775400,-16.060225684
1.519978800,-16.063594663
1.520182300,-16.070965298
1.520385700,-16.074334278
1.520589200,-16.077704913
1.520792600,-16.081073892
1.520996100,-16.088444528
1.521199500,-16.091813507
1.521403000,-16.095184143
1.521606400,-16.098553122
1.521809900,-16.105923757
1.522013300,-16.109292737
1.522216800,-16.112663372
1.522420200,-16.120032351
1.522623700,-16.123402987
1.522827100,-16.126771966
1.523030600,-16.130142602
1.523234000,-16.137511581
1.523437500,-16.140882216
1.523641000,-16.144252852
1.523844400,-16.151621831
1.524047900,-16.154992467
1.524251300,-16.158361446
1.524454800,-16.165732081
1.524658200,-16.169101061
1.524861700,-16.172471696
1.525065100,-16.179840675
1.525268600,-16.183211311
1.525472000,-16.186580290
1.525675500,-16.193950926
1.525878900,-16.197319905
1.526082400,-16.200690540
1.526285800,-16.208059520
1.526489300,-16.211430155
1.526692700,-16.214799134
1.526896200,-16.222169770
1.527099600,-16.225538749
1.527303100,-16.232909385
1.527506500,-16.236278364
1.527710000,-16.239648999
1.527913400,-16.247017979
1.528116900,-16.250388614
1.528320300,-16.257757593
1.528523800,-16.261128229
1.528727200,-16.264497208
1.528930700,-16.271867844
1.529134100,-16.275236823
1.529337600,-16.282607458
1.529541000,-16.285976438
1.529744500,-16.293347073
1.529947900,-16.296716052
1.530151400,-16.300086688
1.530354800,-16.307455667
1.530558300,-16.310826303
1.530761700,-16.318195282
1.530965200,-16.321565917
1.531168600,-16.328934897
1.531372100,-16.332305532
1.531575500,-16.335674511
1.531779000,-16.343045147
1.531982400,-16.346414126
1.532185900,-16.353784762
1.532389300,-16.361153741
1.532592800,-16.364524376
1.532796200,-16.367893356
1.532999700,-16.375263991
1.533203100,-16.378632970
1.533406600,-16.386003606
1.533610000,-16.393372585
1.533813500,-16.396743221
1.534016900,-16.400112200
1.534220400,-16.407482835
1.534423800,-16.410851815
1.534627300,-16.418222450
1.534830700,-16.421591429
1.535034200,-16.428962065
1.535237600,-16.432331044
1.535441100,-16.439701680
1.535644500,-16.447070659
1.535848000,-16.450441294
1.536051400,-16.453810274
1.536254900,-16.461180909
1.536458300,-16.468549888
1.536661800,-16.471920524
1.536865200,-16.475289503
1.537068700,-16.482660139
1.537272100,-16.490029118
1.537475600,-16.493399753
1.537679000,-16.500768733
1.537882500,-16.504139368
1.538085900,-16.511508347
1.538289400,-16.514878983
1.538492800,-16.522247962
1.538696300,-16.529618598
1.538899700,-16.532987577
1.539103200,-16.540358212
1.539306600,-16.543727192
1.539510100,-16.551097827
1.539713500,-16.558466806
1.539917000,-16.561837442
1.540120400,-16.569206421
1.540323900,-16.572577057
1.540527300,-16.579946036
1.540730800,-16.587316671
1.540934200,-16.590685651
1.541137700,-16.598056286
1.541341100,-16.605425265
1.541544600,-16.608795901
1.541748000,-16.616164880
1.541951500,-16.623535516
1.542154900,-16.626904495
1.542358400,-16.634275130
1.542561800,-16.641644110
1.542765300,-16.645014745
1.542968700,-16.652383724
1.543172200,-16.659754360
1.543375700,-16.663124995
1.543579100,-16.670493975
1.543782600,-16.677864610
1.543986000,-16.685233589
1.544189500,-16.688604225
1.544392900,-16.695973204
1.544596400,-16.703343840
1.544799800,-16.706712819
1.545003300,-16.714083454
1.545206700,-16.721452434
1.545410200,-16.728823069
1.545613600,-16.732192048
1.545817100,-16.743562684
1.546020500,-16.746931663
1.546224000,-16.754302299
1.546427400,-16.761671278
1.546630900,-16.769041913
1.546834300,-16.776410893
1.547037800,-16.779781528
1.547241200,-16.791150507
1.547444700,-16.794521143
1.547648100,-16.801890122
1.547851600,-16.809260758
1.548055000,-16.816629737
1.548258500,-16.824000372
1.548461900,-16.831369352
1.548665400,-16.838739987
1.548868800,-16.842108966
1.549072300,-16.849479602
1.549275700,-16.860848581
1.549479200,-16.864219217
1.549682600,-16.871588196
1.549886100,-16.882958831
1.550089500,-16.886327811
1.550293000,-16.893698446
1.550496400,-16.905067425
1.550699900,-16.908438061
1.550903300,-16.915807040
1.551106800,-16.927177676
1.551310200,-16.934546655
1.551513700,-16.937917290
1.551717100,-16.945286270
1.551920600,-16.956656905
1.552124000,-16.964025884
1.552327500,-16.971396520
1.552530900,-16.978765499
1.552734400,-16.986136135
1.552937800,-16.993505114
1.553141300,-17.004875749
1.553344700,-17.012244729
1.553548200,-17.019615364
1.553751600,-17.026984343
1.553955100,-17.034354979
1.554158500,-17.041723958
1.554362000,-17.049094594
1.554565400,-17.060463573
1.554768900,-17.067834208
1.554972300,-17.075203188
1.555175800,-17.086573823
1.555379200,-17.093942802
1.555582700,-17.101313438
1.555786100,-17.108682417
1.555989600,-17.120053053
1.556193000,-17.127422032
1.556396500,-17.134792667
1.556599900,-17.146161647
1.556803400,-17.153532282
1.557006800,-17.160901261
1.557210300,-17.172271897
1.557413700,-17.179640876
1.557617200,-17.187011512
1.557820600,-17.194380491
1.558024100,-17.205751126
1.558227500,-17.213120106
1.558431000,-17.220490741
1.558634400,-17.235859720
1.558837900,-17.243230356
1.559041300,-17.250599335
1.559244800,-17.261969971
1.559448200,-17.269338950
1.559651700,-17.276709585
1.559855100,-17.284078565
1.560058600,-17.299449200
1.560262000,-17.306818179
1.560465500,-17.314188815
1.560668900,-17.325557794
1.560872400,-17.336928430
1.561075800,-17.344297409
1.561279300,-17.355668044
1.561482700,-17.363037024
1.561686200,-17.374407659
1.561889600,-17.385776638
1.562093100,-17.393147274
1.562296500,-17.404516253
1.562500000,-17.411886889
1.562703500,-17.423257524
1.562906900,-17.434626503
1.563110400,-17.441997139
1.563313800,-17.453366118
1.563517300,-17.464736754
1.563720700,-17.472105733
1.563924200,-17.487476368
1.564127600,-17.494845348
1.564331100,-17.502215983
1.564534500,-17.513584962
1.564738000,-17.528955598
1.564941400,-17.536324577
1.565144900,-17.543695213
1.565348300,-17.559064192
1.565551800,-17.570434827
1.565755200,-17.577803807
1.565958700,-17.593174442
1.566162100,-17.600543421
1.566365600,-17.611914057
1.566569000,-17.619283036
1.566772500,-17.634653672
1.566975900,-17.646022651
1.567179400,-17.653393286
1.567382800,-17.668762266
1.567586300,-17.680132901
1.567789700,-17.687501880
1.567993200,-17.706872516
1.568196600,-17.714241495
1.568400100,-17.725612131
1.568603500,-17.732981110
1.568807000,-17.748351745
1.569010400,-17.759720725
1.569213900,-17.771091360
1.569417300,-17.786460339
1.569620800,-17.793830975
1.569824200,-17.805199954
1.570027700,-17.820570590
1.570231100,-17.831939569
1.570434600,-17.843310204
1.570638000,-17.858679184
1.570841500,-17.870049819
1.571044900,-17.877418798
1.571248400,-17.888789434
1.571451800,-17.904158413
1.571655300,-17.915529049
1.571858700,-17.922898028
1.572062200,-17.942268663
1.572265600,-17.949637643
1.572469100,-17.961008278
1.572672500,-17.976377257
1.572876000,-17.987747893
1.573079400,-17.995116872
1.573282900,-18.006487508
1.573486300,-18.021856487
1.573689800,-18.033227122
1.573893200,-18.044596102
1.574096700,-18.059966737
1.574300100,-18.067335716
1.574503600,-18.078706352
1.574707000,-18.094075331
1.574910500,-18.105445967
1.575113900,-18.112814946
1.575317400,-18.124185581
1.575520800,-18.139554561
1.575724300,-18.146925196
1.575927700,-18.158294175
1.576131200,-18.173664811
1.576334600,-18.181033790
1.576538100,-18.192404426
1.576741500,-18.207773405
1.576945000,-18.215144040
1.577148400,-18.226513020
1.577351900,-18.233883655
1.577555300,-18.249252634
1.577758800,-18.260623270
1.577962200,-18.267992249
1.578165700,-18.283362885
1.578369100,-18.290731864
1.578572600,-18.302102499
1.578776000,-18.313471479
1.578979500,-18.324842114
1.579182900,-18.332211093
1.579386400,-18.343581729
1.579589800,-18.354950708
1.579793300,-18.366321344
1.579996700,-18.373690323
1.580200200,-18.389060958
1.580403600,-18.396429938
1.580607100,-18.407800573
1.580810500,-18.419169552
1.581014000,-18.430540188
1.581217400,-18.437909167
1.581420900,-18.453279803
1.581624300,-18.460648782
1.581827800,-18.472019417
1.582031200,-18.479388397
1.582234700,-18.494759032
1.582438200,-18.502129668
1.582641600,-18.513498647
1.582845100,-18.524869282
1.583048500,-18.536238262
1.583252000,-18.543608897
1.583455400,-18.558977876
1.583658900,-18.570348512
1.583862300,-18.577717491
1.584065800,-18.585088127
1.584269200,-18.600457106
1.584472700,-18.611827741
1.584676100,-18.619196721
1.584879600,-18.634567356
1.585083000,-18.645936335
1.585286500,-18.653306971
1.585489900,-18.668675950
1.585693400,-18.680046586
1.585896800,-18.691415565
1.586100300,-18.698786200
1.586303700,-18.714155180
1.586507200,-18.725525815
1.586710600,-18.736894794
1.586914100,-18.752265430
1.587117500,-18.763634409
1.587321000,-18.771005045
1.587524400,-18.790374024
1.587727900,-18.797744659
1.587931300,-18.809113639
1.588134800,-18.820484274
1.588338200,-18.835853253
1.588541700,-18.847223889
1.588745100,-18.858592868
1.588948600,-18.873963504
1.589152000,-18.885332483
1.589355500,-18.896703118
1.589558900,-18.916072098
1.589762400,-18.923442733
1.589965800,-18.934811712
1.590169300,-18.954182348
1.590372700,-18.965551327
1.590576200,-18.976921963
1.590779600,-18.988290942
1.590983100,-19.003661577
1.591186500,-19.015030557
1.591390000,-19.026401192
1.591593400,-19.045770171
1.591796900,-19.057140807
1.592000300,-19.068509786
1.592203800,-19.087880422
1.592407200,-19.099249401
1.592610700,-19.110620036
1.592814100,-19.117989016
1.593017600,-19.137359651
1.593221000,-19.148728630
1.593424500,-19.160099266
1.593627900,-19.179468245
1.593831400,-19.190838881
1.594034800,-19.202207860
1.594238300,-19.221578495
1.594441700,-19.228947475
1.594645200,-19.240318110
1.594848600,-19.251687089
1.595052100,-19.271057725
1.595255500,-19.282426704
1.595459000,-19.293797340
1.595662400,-19.309166319
1.595865900,-19.320536954
1.596069300,-19.331905934
1.596272800,-19.347276569
1.596476200,-19.358645548
1.596679700,-19.370016184
1.596883100,-19.381385163
1.597086600,-19.396755799
1.597290000,-19.408124778
1.597493500,-19.415495413
1.597696900,-19.434864393
1.597900400,-19.442235028
1.598103800,-19.453604007
1.598307300,-19.468974643
1.598510700,-19.480343622
1.598714200,-19.487714258
1.598917600,-19.503083237
1.599121100,-19.514453872
1.599324500,-19.521822852
1.599528000,-19.533193487
1.599731400,-19.544562466
1.599934900,-19.555933102
1.600138300,-19.563302081
1.600341800,-19.578672717
1.600545200,-19.586041696
1.600748700,-19.597412331
1.600952100,-19.608781311
1.601155600,-19.616151946
1.601359000,-19.627520925
1.601562500,-19.634891561
1.601766000,-19.646262196
1.601969400,-19.657631176
1.602172900,-19.665001811
1.602376300,-19.676370790
1.602579800,-19.683741426
1.602783200,-19.691110405
1.602986700,-19.702481041
1.603190100,-19.709850020
1.603393600,-19.717220655
1.603597000,-19.724589635
1.603800500,-19.735960270
1.604003900,-19.743329249
1.604207400,-19.750699885
1.604410800,-19.762068864
1.604614300,-19.769439500
1.604817700,-19.772808479
1.605021200,-19.784179114
1.605224600,-19.791548094
1.605428100,-19.798918729
1.605631500,-19.806287708
1.605835000,-19.813658344
1.606038400,-19.821027323
1.606241900,-19.824397959
1.606445300,-19.835766938
1.606648800,-19.839137573
1.606852200,-19.846506553
1.607055700,-19.853877188
1.607259100,-19.861246167
1.607462600,-19.868616803
1.607666000,-19.871985782
1.607869500,-19.879356418
1.608072900,-19.886725397
1.608276400,-19.890096032
1.608479800,-19.897465012
1.608683300,-19.904835647
1.608886700,-19.908204626
1.609090200,-19.915575262
1.609293600,-19.918944241
1.609497100,-19.926314877
1.609700500,-19.929683856
1.609904000,-19.933054491
1.610107400,-19.940423471
1.610310900,-19.943794106
1.610514300,-19.951163085
1.610717800,-19.954533721
1.610921200,-19.957902700
1.611124700,-19.961273336
1.611328100,-19.968642315
1.611531600,-19.972012950
1.611735000,-19.975381930
1.611938500,-19.978752565
1.612141900,-19.982121544
1.612345400,-19.985492180
1.612548800,-19.988861159
1.612752300,-19.992231795
1.612955700,-19.995600774
1.613159200,-19.998971409
1.613362600,-20.002340389
1.613566100,-20.005711024
1.613769500,-20.009080003
1.613973000,-20.012450639
1.614176400,-20.015819618
1.614379900,-20.019190254
1.614583300,-20.018559233
1.614786800,-20.021929868
1.614990200,-20.025298848
1.615193700,-20.028669483
1.615397100,-20.028038462
1.615600600,-20.031409098
1.615804000,-20.034778077
1.616007500,-20.034148713
1.616210900,-20.037517692
1.616414400,-20.040888327
1.616617800,-20.040257307
1.616821300,-20.043627942
1.617024700,-20.042996921
1.617228200,-20.046367557
1.617431600,-20.045736536
1.617635100,-20.049107172
1.617838500,-20.048476151
1.618042000,-20.051846786
1.618245400,-20.051215766
1.618448900,-20.054586401
1.618652300,-20.053955380
1.618855800,-20.057326016
1.619059200,-20.056694995
1.619262700,-20.056065631
1.619466100,-20.059434610
1.619669600,-20.062805245
1.619873000,-20.062174225
1.620076500,-20.061544860
1.620279900,-20.064913839
1.620483400,-20.064284475
1.620686800,-20.063653454
1.620890300,-20.067024090
1.621093700,-20.070393069
1.621297200,-20.069763704
1.621500700,-20.069134340
1.621704100,-20.072503319
1.621907600,-20.071873955
1.622111000,-20.071242934
1.622314500,-20.074613569
1.622517900,-20.073982549
1.622721400,-20.077353184
1.622924800,-20.076722163
1.623128300,-20.080092799
1.623331700,-20.079461778
1.623535200,-20.082832414
1.623738600,-20.082201393
1.623942100,-20.081572028
1.624145500,-20.084941008
1.624349000,-20.088311643
1.624552400,-20.087680622
1.624755900,-20.087051258
1.624959300,-20.090420237
1.625162800,-20.093790873
1.625366200,-20.093159852
1.625569700,-20.096530487
1.625773100,-20.095899467
1.625976600,-20.099270102
1.626180000,-20.102639081
1.626383500,-20.102009717
1.626586900,-20.105378696
1.626790400,-20.104749332
1.626993800,-20.108118311
1.627197300,-20.111488946
1.627400700,-20.110857926
1.627604200,-20.114228561
1.627807600,-20.117597540
1.628011100,-20.120968176
1.628214500,-20.120337155
1.628418000,-20.123707791
1.628621400,-20.127076770
1.628824900,-20.130447405
1.629028300,-20.133816385
1.629231800,-20.133187020
1.629435200,-20.136555999
1.629638700,-20.139926635
1.629842100,-20.143295614
1.630045600,-20.146666250
1.630249000,-20.150035229
1.630452500,-20.153405864
1.630655900,-20.156774844
1.630859400,-20.160145479
1.631062800,-20.163514458
1.631266300,-20.166885094
1.631469700,-20.170254073
1.631673200,-20.173624709
1.631876600,-20.176993688
1.632080100,-20.180364323
1.632283500,-20.183733303
1.632487000,-20.187103938
1.632690400,-20.190472917
1.632893900,-20.193843553
1.633097300,-20.197212532
1.633300800,-20.204583168
1.633504200,-20.207952147
1.633707700,-20.211322782
1.633911100,-20.214691762
1.634114600,-20.218062397
1.634318000,-20.225431376
1.634521500,-20.228802012
1.634724900,-20.232170991
1.634928400,-20.235541627
1.635131800,-20.242910606
1.635335300,-20.246281241
1.635538700,-20.249650221
1.635742200,-20.257020856
1.635945600,-20.260389835
1.636149100,-20.267760471
1.636352500,-20.271129450
1.636556000,-20.274500086
1.636759400,-20.281869065
1.636962900,-20.285239700
1.637166300,-20.288608680
1.637369800,-20.295979315
1.637573200,-20.299348294
1.637776700,-20.306718930
1.637980100,-20.310087909
1.638183600,-20.317458545
1.638387000,-20.320827524
1.638590500,-20.328198159
1.638793900,-20.331567139
1.638997400,-20.338937774
1.639200800,-20.342306753
1.639404300,-20.349677389
1.639607700,-20.353046368
1.639811200,-20.356417004
1.640014600,-20.363785983
1.640218100,-20.367156618
1.640421500,-20.374525598
1.640625000,-20.377896233
1.640828500,-20.385266869
1.641031900,-20.388635848
1.641235400,-20.396006483
1.641438800,-20.399375463
1.641642300,-20.406746098
1.641845700,-20.410115077
1.642049200,-20.417485713
1.642252600,-20.420854692
1.642456100,-20.424225328
1.642659500,-20.427594307
1.642863000,-20.434964942
1.643066400,-20.438333922
1.643269900,-20.445704557
1.643473300,-20.449073536
1.643676800,-20.456444172
1.643880200,-20.459813151
1.644083700,-20.463183787
1.644287100,-20.470552766
1.644490600,-20.473923401
1.644694000,-20.477292381
1.644897500,-20.484663016
1.645100900,-20.488031995
1.645304400,-20.491402631
1.645507800,-20.498771610
1.645711300,-20.502142246
1.645914700,-20.505511225
1.646118200,-20.512881860
1.646321600,-20.516250840
1.646525100,-20.519621475
1.646728500,-20.526990454
1.646932000,-20.530361090
1.647135400,-20.533730069
1.647338900,-20.541100705
1.647542300,-20.544469684
1.647745800,-20.551840319
1.647949200,-20.555209299
1.648152700,-20.558579934
1.648356100,-20.565948913
1.648559600,-20.569319549
1.648763000,-20.576688528
1.648966500,-20.580059164
1.649169900,-20.583428143
1.649373400,-20.590798778
1.649576800,-20.594167758
1.649780300,-20.601538393
1.649983700,-20.604907372
1.650187200,-20.612278008
1.650390600,-20.615646987
1.650594100,-20.619017623
1.650797500,-20.626386602
1.651001000,-20.629757237
1.651204400,-20.637126217
1.651407900,-20.640496852
1.651611300,-20.647865831
1.651814800,-20.651236467
1.652018200,-20.654605446
1.652221700,-20.661976082
1.652425100,-20.669345061
1.652628600,-20.672715696
1.652832000,-20.680084676
1.653035500,-20.683455311
1.653238900,-20.686824290
1.653442400,-20.694194926
1.653645800,-20.697563905
1.653849300,-20.700934541
1.654052700,-20.708303520
1.654256200,-20.711674155
1.654459600,-20.719043135
1.654663100,-20.722413770
1.654866500,-20.725782749
1.655070000,-20.733153385
1.655273400,-20.736522364
1.655476900,-20.739893000
1.655680300,-20.747261979
1.655883800,-20.750632614
1.656087200,-20.754001594
1.656290700,-20.757372229
1.656494100,-20.760741208
1.656697600,-20.768111844
1.656901000,-20.771480823
1.657104500,-20.774851459
1.657307900,-20.778220438
1.657511400,-20.781591073
1.657714800,-20.784960053
1.657918300,-20.788330688
1.658121700,-20.791699667
1.658325200,-20.795070303
1.658528600,-20.798439282
1.658732100,-20.801809918
1.658935500,-20.805178897
1.659139000,-20.808549532
1.659342400,-20.811918512
1.659545900,-20.811289147
1.659749300,-20.814658126
1.659952800,-20.818028762
1.660156200,-20.821397741
1.660359700,-20.824768377
1.660563200,-20.824139012
1.660766600,-20.827507991
1.660970100,-20.830878627
1.661173500,-20.834247606
1.661377000,-20.833618242
1.661580400,-20.836987221
1.661783900,-20.840357856
1.661987300,-20.839726836
1.662190800,-20.843097471
1.662394200,-20.846466450
1.662597700,-20.845837086
1.662801100,-20.849206065
1.663004600,-20.852576701
1.663208000,-20.855945680
1.663411500,-20.855316315
1.663614900,-20.858685295
1.663818400,-20.862055930
1.664021800,-20.861424909
1.664225300,-20.864795545
1.664428700,-20.868164524
1.664632200,-20.867535160
1.664835600,-20.870904139
1.665039100,-20.874274774
1.665242500,-20.877643754
1.665446000,-20.881014389
1.665649400,-20.880383368
1.665852900,-20.883754004
1.666056300,-20.887122983
1.666259800,-20.890493619
1.666463200,-20.893862598
1.666666700,-20.897233233
1.666870100,-20.900602213
1.667073600,-20.903972848
1.667277000,-20.907341827
1.667480500,-20.910712463
1.667683900,-20.914081442
1.667887400,-20.917452078
1.668090800,-20.920821057
1.668294300,-20.924191692
1.668497700,-20.927560672
1.668701200,-20.930931307
1.668904600,-20.934300286
1.669108100,-20.941670922
1.669311500,-20.945039901
1.669515000,-20.948410537
1.669718400,-20.951779516
1.669921900,-20.959150151
1.670125300,-20.962519131
1.670328800,-20.969889766
1.670532200,-20.973258745
1.670735700,-20.976629381
1.670939100,-20.983998360
1.671142600,-20.987368996
1.671346000,-20.994737975
1.671549500,-20.998108610
1.671752900,-21.005477590
1.671956400,-21.012848225
1.672159800,-21.016217204
1.672363300,-21.023587840
1.672566700,-21.030956819
1.672770200,-21.034327455
1.672973600,-21.041696434
1.673177100,-21.049067069
1.673380500,-21.056436049
1.673584000,-21.059806684
1.673787400,-21.071175663
1.673990900,-21.078546299
1.674194300,-21.081915278
1.674397800,-21.093285914
1.674601200,-21.100654893
1.674804700,-21.104025528
1.675008100,-21.115394508
1.675211600,-21.122765143
1.675415000,-21.130134122
1.675618500,-21.137504758
1.675821900,-21.148873737
1.676025400,-21.156244373
1.676228800,-21.163613352
1.676432300,-21.174983987
1.676635700,-21.182352967
1.676839200,-21.189723602
1.677042600,-21.201092581
1.677246100,-21.208463217
1.677449500,-21.215832196
1.677653000,-21.223202832
1.677856400,-21.238571811
1.678059900,-21.245942446
1.678263300,-21.253311425
1.678466800,-21.268682061
1.678670200,-21.276051040
1.678873700,-21.283421676
1.679077100,-21.298790655
1.679280600,-21.306161291
1.679484000,-21.317530270
1.679687500,-21.324900905
1.679891000,-21.340271541
1.680094400,-21.347640520
1.680297900,-21.359011156
1.680501300,-21.374380135
1.680704800,-21.381750770
1.680908200,-21.393119750
1.681111700,-21.408490385
1.681315100,-21.415859364
1.681518600,-21.427230000
1.681722000,-21.438598979
1.681925500,-21.453969615
1.682128900,-21.465338594
1.682332400,-21.472709229
1.682535800,-21.492078209
1.682739300,-21.499448844
1.682942700,-21.510817823
1.683146200,-21.526188459
1.683349600,-21.537557438
1.683553100,-21.548928074
1.683756500,-21.560297053
1.683960000,-21.575667688
1.684163400,-21.587036668
1.684366900,-21.598407303
1.684570300,-21.617776282
1.684773800,-21.629146918
1.684977200,-21.640515897
1.685180700,-21.655886533
1.685384100,-21.667255512
1.685587600,-21.678626147
1.685791000,-21.697995127
1.685994500,-21.709365762
1.686197900,-21.720734741
1.686401400,-21.732105377
1.686604800,-21.751474356
1.686808300,-21.762844992
1.687011700,-21.774213971
1.687215200,-21.793584606
1.687418600,-21.804953586
1.687622100,-21.816324221
1.687825500,-21.835693200
1.688029000,-21.847063836
1.688232400,-21.858432815
1.688435900,-21.869803451
1.688639300,-21.889172430
1.688842800,-21.900543065
1.689046200,-21.915912045
1.689249700,-21.935282680
1.689453100,-21.946651659
1.689656600,-21.958022295
1.689860000,-21.977391274
1.690063500,-21.992761910
1.690266900,-22.004130889
1.690470400,-22.015501524
1.690673800,-22.034870504
1.690877300,-22.046241139
1.691080700,-22.061610118
1.691284200,-22.080980754
1.691487600,-22.092349733
1.691691100,-22.107720369
1.691894500,-22.127089348
1.692098000,-22.138459983
1.692301400,-22.149828963
1.692504900,-22.165199598
1.692708300,-22.184568577
1.692911800,-22.195939213
1.693115200,-22.211308192
1.693318700,-22.230678828
1.693522100,-22.242047807
1.693725600,-22.253418442
1.693929000,-22.276787421
1.694132500,-22.288158057
1.694335900,-22.299527036
1.694539400,-22.322897672
1.694742800,-22.334266651
1.694946300,-22.345637287
1.695149700,-22.357006266
1.695353200,-22.376376901
1.695556600,-22.387745880
1.695760100,-22.399116516
1.695963500,-22.418485495
1.696167000,-22.429856131
1.696370400,-22.441225110
1.696573900,-22.460595746
1.696777300,-22.471964725
1.696980800,-22.483335360
1.697184200,-22.494704339
1.697387700,-22.510074975
1.697591100,-22.521443954
1.697794600,-22.532814590
1.697998000,-22.548183569
1.698201500,-22.559554205
1.698404900,-22.566923184
1.698608400,-22.582293819
1.698811800,-22.593662798
1.699015300,-22.601033434
1.699218700,-22.608402413
1.699422200,-22.623773049
1.699625700,-22.631143684
1.699829100,-22.638512664
1.700032600,-22.653883299
1.700236000,-22.661252278
1.700439500,-22.668622914
1.700642900,-22.679991893
1.700846400,-22.687362529
1.701049800,-22.694731508
1.701253300,-22.702102143
1.701456700,-22.709471123
1.701660200,-22.716841758
1.701863600,-22.724210737
1.702067100,-22.731581373
1.702270500,-22.734950352
1.702474000,-22.742320988
1.702677400,-22.749689967
1.702880900,-22.753060602
1.703084300,-22.760429582
1.703287800,-22.763800217
1.703491200,-22.771169196
1.703694700,-22.774539832
1.703898100,-22.777908811
1.704101600,-22.781279447
1.704305000,-22.784648426
1.704508500,-22.792019061
1.704711900,-22.795388041
1.704915400,-22.798758676
1.705118800,-22.802127655
1.705322300,-22.801498291
1.705525700,-22.804867270
1.705729200,-22.808237906
1.705932600,-22.811606885
1.706136100,-22.814977520
1.706339500,-22.814346500
1.706543000,-22.817717135
1.706746400,-22.821086114
1.706949900,-22.820456750
1.707153300,-22.823825729
1.707356800,-22.823196365
1.707560200,-22.826565344
1.707763700,-22.829935979
1.707967100,-22.829304959
1.708170600,-22.828675594
1.708374000,-22.832044573
1.708577500,-22.835415209
1.708780900,-22.834784188
1.708984400,-22.834154824
1.709187800,-22.837523803
1.709391300,-22.836894438
1.709594700,-22.836263417
1.709798200,-22.839634053
1.710001600,-22.839003032
1.710205100,-22.838373668
1.710408500,-22.837742647
1.710612000,-22.841113283
1.710815400,-22.840482262
1.711018900,-22.839852897
1.711222300,-22.839221876
1.711425800,-22.838592512
1.711629200,-22.837961491
1.711832700,-22.841332127
1.712036100,-22.840701106
1.712239600,-22.840071742
1.712443000,-22.839440721
1.712646500,-22.838811356
1.712849900,-22.838180335
1.713053400,-22.837550971
1.713256800,-22.836919950
1.713460300,-22.836290586
1.713663700,-22.835659565
1.713867200,-22.835030201
1.714070600,-22.830399180
1.714274100,-22.829769815
1.714477500,-22.833138794
1.714681000,-22.832509430
1.714884400,-22.827878409
1.715087900,-22.827249045
1.715291300,-22.826618024
1.715494800,-22.821988660
1.715698200,-22.821357639
1.715901700,-22.820728274
1.716105100,-22.812097253
1.716308600,-22.811467889
1.716512000,-22.810836868
1.716715500,-22.810207504
1.716918900,-22.801576483
1.717122400,-22.800947119
1.717325800,-22.800316098
1.717529300,-22.791686733
1.717732700,-22.791055712
1.717936200,-22.786426348
1.718139600,-22.777795327
1.718343100,-22.777165963
1.718546500,-22.772534942
1.718750000,-22.771905578
1.718953500,-22.763276213
1.719156900,-22.758645192
1.719360400,-22.758015828
1.719563800,-22.745384807
1.719767300,-22.744755443
1.719970700,-22.740124422
1.720174200,-22.727495057
1.720377600,-22.726864037
1.720581100,-22.722234672
1.720784500,-22.717603651
1.720988000,-22.708974287
1.721191400,-22.704343266
1.721394900,-22.699713902
1.721598300,-22.687082881
1.721801800,-22.682453516
1.722005200,-22.677822496
1.722208700,-22.665193131
1.722412100,-22.660562110
1.722615600,-22.655932746
1.722819000,-22.643301725
1.723022500,-22.638672361
1.723225900,-22.634041340
1.723429400,-22.629411975
1.723632800,-22.616780955
1.723836300,-22.612151590
1.724039700,-22.607520569
1.724243200,-22.594891205
1.724446600,-22.590260184
1.724650100,-22.585630820
1.724853500,-22.572999799
1.725057000,-22.568370434
1.725260400,-22.563739413
1.725463900,-22.559110049
1.725667300,-22.546479028
1.725870800,-22.541849664
1.726074200,-22.537218643
1.726277700,-22.524589279
1.726481100,-22.519958258
1.726684600,-22.515328893
1.726888000,-22.502697872
1.727091500,-22.498068508
1.727294900,-22.493437487
1.727498400,-22.488808123
1.727701800,-22.480177102
1.727905300,-22.475547738
1.728108700,-22.470916717
1.728312200,-22.458287352
1.728515600,-22.453656331
1.728719100,-22.449026967
1.728922500,-22.436395946
1.729126000,-22.431766582
1.729329400,-22.431135561
1.729532900,-22.426506197
1.729736300,-22.413875176
1.729939800,-22.409245811
1.730143200,-22.404614790
1.730346700,-22.395985426
1.730550100,-22.391354405
1.730753600,-22.386725041
1.730957000,-22.378094020
1.731160500,-22.373464656
1.731363900,-22.368833635
1.731567400,-22.368204270
1.731770800,-22.355573249
1.731974300,-22.350943885
1.732177700,-22.350312864
1.732381200,-22.337683500
1.732584600,-22.337052479
1.732788100,-22.332423115
1.732991500,-22.323792094
1.733195000,-22.319162729
1.733398400,-22.318531708
1.733601900,-22.305902344
1.733805300,-22.305271323
1.734008800,-22.300641959
1.734212200,-22.300010938
1.734415700,-22.291381574
1.734619100,-22.286750553
1.734822600,-22.282121188
1.735026000,-22.273490167
1.735229500,-22.272860803
1.735432900,-22.268229782
1.735636400,-22.259600418
1.735839800,-22.258969397
1.736043300,-22.254340033
1.736246700,-22.253709012
1.736450200,-22.245079647
1.736653600,-22.244448626
1.736857100,-22.239819262
1.737060500,-22.235188241
1.737264000,-22.230558877
1.737467400,-22.229927856
1.737670900,-22.221298492
1.737874300,-22.220667471
1.738077800,-22.220038106
1.738281200,-22.219407085
1.738484700,-22.210777721
1.738688200,-22.210148357
1.738891600,-22.209517336
1.739095100,-22.200887971
1.739298500,-22.200256951
1.739502000,-22.199627586
1.739705400,-22.194996565
1.739908900,-22.194367201
1.740112300,-22.193736180
1.740315800,-22.193106816
1.740519200,-22.184475795
1.740722700,-22.183846430
1.740926100,-22.183215409
1.741129600,-22.178586045
1.741333000,-22.177955024
1.741536500,-22.177325660
1.741739900,-22.172694639
1.741943400,-22.176065275
1.742146800,-22.175434254
1.742350300,-22.170804889
1.742553700,-22.170173868
1.742757200,-22.169544504
1.742960600,-22.168913483
1.743164100,-22.164284119
1.743367500,-22.163653098
1.743571000,-22.167023734
1.743774400,-22.162392713
1.743977900,-22.161763348
1.744181300,-22.161132327
1.744384800,-22.160502963
1.744588200,-22.159871942
1.744791700,-22.159242578
1.744995100,-22.158611557
1.745198600,-22.157982193
1.745402000,-22.157351172
1.745605500,-22.156721807
1.745808900,-22.156090786
1.746012400,-22.155461422
1.746215800,-22.154830401
1.746419300,-22.154201037
1.746622700,-22.153570016
1.746826200,-22.152940652
1.747029600,-22.156309631
1.747233100,-22.151680266
1.747436500,-22.155049245
1.747640000,-22.154419881
1.747843400,-22.153788860
1.748046900,-22.153159496
1.748250300,-22.152528475
1.748453800,-22.151899111
1.748657200,-22.155268090
1.748860700,-22.154638725
1.749064100,-22.154007704
1.749267600,-22.153378340
1.749471000,-22.156747319
1.749674500,-22.156117955
1.749877900,-22.155486934
1.750081400,-22.154857570
1.750284800,-22.158226549
1.750488300,-22.157597184
1.750691700,-22.160966163
1.750895200,-22.160336799
1.751098600,-22.163705778
1.751302100,-22.163076414
1.751505500,-22.162445393
1.751709000,-22.165816029
1.751912400,-22.165185008
1.752115900,-22.168555643
1.752319300,-22.171924622
1.752522800,-22.171295258
1.752726200,-22.174664237
1.752929700,-22.178034873
1.753133100,-22.177403852
1.753336600,-22.180774488
1.753540000,-22.184143467
1.753743500,-22.187514102
1.753946900,-22.186883081
1.754150400,-22.190253717
1.754353800,-22.193622696
1.754557300,-22.196993332
1.754760700,-22.200362311
1.754964200,-22.203732947
1.755167600,-22.207101926
1.755371100,-22.210472561
1.755574500,-22.213841540
1.755778000,-22.217212176
1.755981400,-22.220581155
1.756184900,-22.223951791
1.756388300,-22.227320770
1.756591800,-22.230691405
1.756795200,-22.234060385
1.756998700,-22.237431020
1.757202100,-22.244799999
1.757405600,-22.248170635
1.757609000,-22.251539614
1.757812500,-22.254910250
1.758016000,-22.258280885
1.758219400,-22.265649864
1.758422900,-22.269020500
1.758626300,-22.272389479
1.758829800,-22.275760115
1.759033200,-22.283129094
1.759236700,-22.286499730
1.759440100,-22.289868709
1.759643600,-22.293239344
1.759847000,-22.296608323
1.760050500,-22.303978959
1.760253900,-22.307347938
1.760457400,-22.310718574
1.760660800,-22.318087553
1.760864300,-22.321458189
1.761067700,-22.324827168
1.761271200,-22.328197803
1.761474600,-22.331566782
1.761678100,-22.334937418
1.761881500,-22.342306397
1.762085000,-22.345677033
1.762288400,-22.349046012
1.762491900,-22.352416648
1.762695300,-22.355785627
1.762898800,-22.359156262
1.763102200,-22.362525241
1.763305700,-22.365895877
1.763509100,-22.369264856
1.763712600,-22.372635492
1.763916000,-22.380004471
1.764119500,-22.383375107
1.764322900,-22.382744086
1.764526400,-22.386114721
1.764729800,-22.389483700
1.764933300,-22.392854336
1.765136700,-22.396223315
1.765340200,-22.399593951
1.765543600,-22.402962930
1.765747100,-22.406333566
1.765950500,-22.409702545
1.766154000,-22.409073180
1.766357400,-22.412442159
1.766560900,-22.415812795
1.766764300,-22.419181774
1.766967800,-22.418552410
1.767171200,-22.421921389
1.767374700,-22.425292025
1.767578100,-22.428661004
1.767781600,-22.428031639
1.767985000,-22.431400618
1.768188500,-22.434771254
1.768391900,-22.434140233
1.768595400,-22.437510869
1.768798800,-22.440879848
1.769002300,-22.440250484
1.769205700,-22.443619463
1.769409200,-22.446990098
1.769612600,-22.446359077
1.769816100,-22.449729713
1.770019500,-22.453098692
1.770223000,-22.452469328
1.770426400,-22.455838307
1.770629900,-22.459208943
1.770833300,-22.458577922
1.771036800,-22.461948557
1.771240200,-22.465317536
1.771443700,-22.464688172
1.771647100,-22.468057151
1.771850600,-22.471427787
1.772054000,-22.474796766
1.772257500,-22.474167401
1.772460900,-22.477536381
1.772664400,-22.480907016
1.772867800,-22.480275995
1.773071300,-22.483646631
1.773274700,-22.487015610
1.773478200,-22.490386246
1.773681600,-22.489755225
1.773885100,-22.493125860
1.774088500,-22.496494840
1.774292000,-22.499865475
1.774495400,-22.503234454
1.774698900,-22.502605090
1.774902300,-22.505974069
1.775105800,-22.509344705
1.775309200,-22.512713684
1.775512700,-22.516084319
1.775716100,-22.519453299
1.775919600,-22.522823934
1.776123000,-22.526192913
1.776326500,-22.529563549
1.776529900,-22.532932528
1.776733400,-22.532303164
1.776936800,-22.535672143
1.777140300,-22.539042778
1.777343700,-22.542411758
1.777547200,-22.545782393
1.777750700,-22.549153029
1.777954100,-22.552522008
1.778157600,-22.555892644
1.778361000,-22.559261623
1.778564500,-22.562632258
1.778767900,-22.566001237
1.778971400,-22.569371873
1.779174800,-22.572740852
1.779378300,-22.580111488
1.779581700,-22.583480467
1.779785200,-22.586851103
1.779988600,-22.590220082
1.780192100,-22.593590717
1.780395500,-22.596959696
1.780599000,-22.600330332
1.780802400,-22.603699311
1.781005900,-22.607069947
1.781209300,-22.610438926
1.781412800,-22.617809562
1.781616200,-22.621178541
1.781819700,-22.624549176
1.782023100,-22.627918155
1.782226600,-22.631288791
1.782430000,-22.634657770
1.782633500,-22.642028406
1.782836900,-22.645397385
1.783040400,-22.648768021
1.783243800,-22.652137000
1.783447300,-22.659507635
1.783650700,-22.662876614
1.783854200,-22.666247250
1.784057600,-22.669616229
1.784261100,-22.676986865
1.784464500,-22.680355844
1.784668000,-22.683726480
1.784871400,-22.687095459
1.785074900,-22.694466094
1.785278300,-22.697835073
1.785481800,-22.701205709
1.785685200,-22.708574688
1.785888700,-22.711945324
1.786092100,-22.715314303
1.786295600,-22.722684939
1.786499000,-22.726053918
1.786702500,-22.733424553
1.786905900,-22.736793532
1.787109400,-22.744164168
1.787312800,-22.747533147
1.787516300,-22.754903783
1.787719700,-22.758272762
1.787923200,-22.765643397
1.788126600,-22.769012377
1.788330100,-22.776383012
1.788533500,-22.779751991
1.788737000,-22.787122627
1.788940400,-22.794491606
1.789143900,-22.797862242
1.789347300,-22.805231221
1.789550800,-22.812601856
1.789754200,-22.819970836
1.789957700,-22.823341471
1.790161100,-22.830710450
1.790364600,-22.838081086
1.790568000,-22.845450065
1.790771500,-22.848820701
1.790974900,-22.860189680
1.791178400,-22.867560315
1.791381800,-22.870929295
1.791585300,-22.882299930
1.791788700,-22.889668909
1.791992200,-22.897039545
1.792195600,-22.904408524
1.792399100,-22.911779160
1.792602500,-22.919148139
1.792806000,-22.926518774
1.793009400,-22.937887754
1.793212900,-22.945258389
1.793416300,-22.952627368
1.793619800,-22.963998004
1.793823200,-22.971366983
1.794026700,-22.978737619
1.794230100,-22.994106598
1.794433600,-23.001477233
1.794637000,-23.008846213
1.794840500,-23.016216848
1.795043900,-23.031585827
1.795247400,-23.038956463
1.795450800,-23.046325442
1.795654300,-23.061696078
1.795857700,-23.073065057
1.796061200,-23.080435692
1.796264600,-23.095804672
1.796468100,-23.107175307
1.796671500,-23.114544286
1.796875000,-23.125914922
1.797078500,-23.141285558
1.797281900,-23.152654537
1.797485400,-23.164025172
1.797688800,-23.179394151
1.797892300,-23.190764787
1.798095700,-23.202133766
1.798299200,-23.221504402
1.798502600,-23.232873381
1.798706100,-23.244244017
1.798909500,-23.255612996
1.799113000,-23.274983631
1.799316400,-23.286352610
1.799519900,-23.301723246
1.799723300,-23.321092225
1.799926800,-23.336462861
1.800130200,-23.347831840
1.800333700,-23.371202476
1.800537100,-23.386571455
1.800740600,-23.397942090
1.800944000,-23.421311069
1.801147500,-23.436681705
1.801350900,-23.452050684
1.801554400,-23.467421320
1.801757800,-23.490790299
1.801961300,-23.506160935
1.802164700,-23.521529914
1.802368200,-23.552900549
1.802571600,-23.568269528
1.802775100,-23.583640164
1.802978500,-23.611009143
1.803182000,-23.630379779
1.803385400,-23.645748758
1.803588900,-23.661119394
1.803792300,-23.692488373
1.803995800,-23.711859008
1.804199200,-23.727227987
1.804402700,-23.762598623
1.804606100,-23.781967602
1.804809600,-23.797338238
1.805013000,-23.832707217
1.805216500,-23.852077852
1.805419900,-23.871446832
1.805623400,-23.890817467
1.805826800,-23.926186446
1.806030300,-23.945557082
1.806233700,-23.964926061
1.806437200,-24.000296697
1.806640600,-24.019665676
1.806844100,-24.039036311
1.807047500,-24.074405291
1.807251000,-24.097775926
1.807454400,-24.117144905
1.807657900,-24.136515541
1.807861300,-24.171884520
1.808064800,-24.195255156
1.808268200,-24.214624135
1.808471700,-24.249994770
1.808675100,-24.273363750
1.808878600,-24.292734385
1.809082000,-24.328103364
1.809285500,-24.347474000
1.809488900,-24.370842979
1.809692400,-24.406213615
1.809895800,-24.425582594
1.810099300,-24.444953229
1.810302700,-24.464322209
1.810506200,-24.499692844
1.810709600,-24.519061823
1.810913100,-24.538432459
1.811116500,-24.573801438
1.811320000,-24.593172074
1.811523400,-24.612541053
1.811726900,-24.643911688
1.811930300,-24.663280668
1.812133800,-24.678651303
1.812337200,-24.698020282
1.812540700,-24.729390918
1.812744100,-24.744759897
1.812947600,-24.760130533
1.813151000,-24.791499512
1.813354500,-24.806870147
1.813557900,-24.822239127
1.813761400,-24.849609762
1.813964800,-24.864978741
1.814168300,-24.880349377
1.814371700,-24.895718356
1.814575200,-24.919088992
1.814778600,-24.930457971
1.814982100,-24.945828606
1.815185500,-24.969197586
1.815389000,-24.980568221
1.815592400,-24.991937200
1.815795900,-25.011307836
1.815999300,-25.022676815
1.816202800,-25.034047451
1.816406200,-25.045416430
1.816609700,-25.060787065
1.816813200,-25.072157701
1.817016600,-25.083526680
1.817220100,-25.094897316
1.817423500,-25.106266295
1.817627000,-25.113636931
1.817830400,-25.125005910
1.818033900,-25.136376545
1.818237300,-25.143745524
1.818440800,-25.151116160
1.818644200,-25.158485139
1.818847700,-25.165855775
1.819051100,-25.173224754
1.819254600,-25.180595390
1.819458000,-25.183964369
1.819661500,-25.191335004
1.819864900,-25.194703983
1.820068400,-25.198074619
1.820271800,-25.205443598
1.820475300,-25.208814234
1.820678700,-25.212183213
1.820882200,-25.215553848
1.821085600,-25.214922828
1.821289100,-25.218293463
1.821492500,-25.221662442
1.821696000,-25.221033078
1.821899400,-25.220402057
1.822102900,-25.223772693
1.822306300,-25.223141672
1.822509800,-25.222512307
1.822713200,-25.221881287
1.822916700,-25.221251922
1.823120100,-25.224620901
1.823323600,-25.219991537
1.823527000,-25.219360516
1.823730500,-25.214731152
1.823933900,-25.210100131
1.824137400,-25.209470766
1.824340800,-25.208839746
1.824544300,-25.200210381
1.824747700,-25.195579360
1.824951200,-25.194949996
1.825154600,-25.190318975
1.825358100,-25.181689611
1.825561500,-25.177058590
1.825765000,-25.172429225
1.825968400,-25.159798205
1.826171900,-25.155168840
1.826375300,-25.150537819
1.826578800,-25.137908455
1.826782200,-25.133277434
1.826985700,-25.124648070
1.827189100,-25.120017049
1.827392600,-25.103387684
1.827596000,-25.098756664
1.827799500,-25.090127299
1.828002900,-25.073496278
1.828206400,-25.068866914
1.828409800,-25.060235893
1.828613300,-25.039606529
1.828816700,-25.034975508
1.829020200,-25.026346143
1.829223600,-25.005715123
1.829427100,-24.997085758
1.829630500,-24.988454737
1.829834000,-24.979825373
1.830037400,-24.959194352
1.830240900,-24.950564988
1.830444300,-24.937933967
1.830647800,-24.917304602
1.830851200,-24.908673582
1.831054700,-24.900044217
1.831258100,-24.875413196
1.831461600,-24.866783832
1.831665000,-24.854152811
1.831868500,-24.845523447
1.832071900,-24.820892426
1.832275400,-24.812263061
1.832478800,-24.803632041
1.832682300,-24.779002676
1.832885700,-24.770371655
1.833089200,-24.757742291
1.833292600,-24.737111270
1.833496100,-24.724481906
1.833699500,-24.715850885
1.833903000,-24.707221520
1.834106400,-24.682590500
1.834309900,-24.673961135
1.834513300,-24.665330114
1.834716800,-24.640700750
1.834920200,-24.632069729
1.835123700,-24.623440365
1.835327100,-24.602809344
1.835530600,-24.594179979
1.835734000,-24.585548959
1.835937500,-24.576919594
1.836141000,-24.552290230
1.836344400,-24.547659209
1.836547900,-24.539029844
1.836751300,-24.518398824
1.836954800,-24.509769459
1.837158200,-24.501138438
1.837361700,-24.480509074
1.837565100,-24.475878053
1.837768600,-24.467248689
1.837972000,-24.450617668
1.838175500,-24.441988303
1.838378900,-24.433357283
1.838582400,-24.428727918
1.838785800,-24.412096897
1.838989300,-24.403467533
1.839192700,-24.398836512
1.839396200,-24.382207148
1.839599600,-24.377576127
1.839803100,-24.368946762
1.840006500,-24.352315742
1.840210000,-24.347686377
1.840413400,-24.343055356
1.840616900,-24.338425992
1.840820300,-24.321794971
1.841023800,-24.317165607
1.841227200,-24.312534586
1.841430700,-24.299905221
1.841634100,-24.291274201
1.841837600,-24.286644836
1.842041000,-24.274013815
1.842244500,-24.269384451
1.842447900,-24.264753430
1.842651400,-24.260124066
1.842854800,-24.247493045
1.843058300,-24.242863680
1.843261700,-24.238232660
1.843465200,-24.225603295
1.843668600,-24.220972274
1.843872100,-24.220342910
1.844075500,-24.207711889
1.844279000,-24.203082525
1.844482400,-24.198451504
1.844685900,-24.193822139
1.844889300,-24.185191119
1.845092800,-24.180561754
1.845296200,-24.175930733
1.845499700,-24.163301369
1.845703100,-24.162670348
1.845906600,-24.158040984
1.846110000,-24.145409963
1.846313500,-24.140780598
1.846516900,-24.140149578
1.846720400,-24.127520213
1.846923800,-24.126889192
1.847127300,-24.122259828
1.847330700,-24.117628807
1.847534200,-24.108999443
1.847737600,-24.104368422
1.847941100,-24.103739057
1.848144500,-24.091108037
1.848348000,-24.090478672
1.848551400,-24.085847651
1.848754900,-24.077218287
1.848958300,-24.072587266
1.849161800,-24.071957902
1.849365200,-24.067326881
1.849568700,-24.058697516
1.849772100,-24.054066496
1.849975600,-24.053437131
1.850179000,-24.044806110
1.850382500,-24.040176746
1.850585900,-24.039545725
1.850789400,-24.030916361
1.850992800,-24.026285340
1.851196300,-24.025655975
1.851399700,-24.025024955
1.851603200,-24.016395590
1.851806600,-24.011764569
1.852010100,-24.011135205
1.852213500,-24.002504184
1.852417000,-24.001874820
1.852620400,-23.997243799
1.852823900,-23.992614434
1.853027300,-23.987983414
1.853230800,-23.987354049
1.853434200,-23.986723028
1.853637700,-23.978093664
1.853841100,-23.977462643
1.854044600,-23.972833279
1.854248000,-23.968202258
1.854451500,-23.967572893
1.854654900,-23.962941873
1.854858400,-23.958312508
1.855061800,-23.957681487
1.855265300,-23.957052123
1.855468700,-23.952421102
1.855672200,-23.947791738
1.855875700,-23.947162373
1.856079100,-23.946531352
1.856282600,-23.937901988
1.856486000,-23.937270967
1.856689500,-23.936641603
1.856892900,-23.932010582
1.857096400,-23.931381217
1.857299800,-23.930750197
1.857503300,-23.922120832
1.857706700,-23.921489811
1.857910200,-23.920860447
1.858113600,-23.920229426
1.858317100,-23.915600062
1.858520500,-23.914969041
1.858724000,-23.914339676
1.858927400,-23.905708656
1.859130900,-23.905079291
1.859334300,-23.904448270
1.859537800,-23.899818906
1.859741200,-23.899187885
1.859944700,-23.898558521
1.860148100,-23.897927500
1.860351600,-23.893298135
1.860555000,-23.892667115
1.860758500,-23.892037750
1.860961900,-23.883406729
1.861165400,-23.882777365
1.861368800,-23.882146344
1.861572300,-23.877516980
1.861775700,-23.876885959
1.861979200,-23.876256594
1.862182600,-23.875625574
1.862386100,-23.870996209
1.862589500,-23.870365188
1.862793000,-23.869735824
1.862996400,-23.865104803
1.863199900,-23.864475439
1.863403300,-23.863844418
1.863606800,-23.855215053
1.863810200,-23.854584033
1.864013700,-23.853954668
1.864217100,-23.853323647
1.864420600,-23.848694283
1.864624000,-23.848063262
1.864827500,-23.847433898
1.865030900,-23.842802877
1.865234400,-23.842173512
1.865437800,-23.841542492
1.865641300,-23.832913127
1.865844700,-23.832282106
1.866048200,-23.831652742
1.866251600,-23.827021721
1.866455100,-23.826392357
1.866658500,-23.825761336
1.866862000,-23.825131971
1.867065400,-23.820500951
1.867268900,-23.819871586
1.867472300,-23.819240565
1.867675800,-23.810611201
1.867879200,-23.809980180
1.868082700,-23.809350816
1.868286100,-23.804719795
1.868489600,-23.804090430
1.868693000,-23.803459410
1.868896500,-23.802830045
1.869099900,-23.798199024
1.869303400,-23.797569660
1.869506800,-23.796938639
1.869710300,-23.788309275
1.869913700,-23.787678254
1.870117200,-23.787048889
1.870320600,-23.782417869
1.870524100,-23.781788504
1.870727500,-23.781157483
1.870931000,-23.780528119
1.871134400,-23.775897098
1.871337900,-23.775267734
1.871541300,-23.774636713
1.871744800,-23.766007348
1.871948200,-23.765376328
1.872151700,-23.764746963
1.872355100,-23.760115942
1.872558600,-23.759486578
1.872762000,-23.758855557
1.872965500,-23.758226193
1.873168900,-23.753595172
1.873372400,-23.752965807
1.873575800,-23.752334787
1.873779300,-23.747705422
1.873982700,-23.747074401
1.874186200,-23.746445037
1.874389600,-23.741814016
1.874593100,-23.741184652
1.874796500,-23.740553631
1.875000000,-23.739924266
1.875203500,-23.735294902
1.875406900,-23.734663881
1.875610400,-23.734034517
1.875813800,-23.729403496
1.876017300,-23.728774131
1.876220700,-23.728143111
1.876424200,-23.723513746
1.876627600,-23.722882725
1.876831100,-23.722253361
1.877034500,-23.717622340
1.877238000,-23.716992976
1.877441400,-23.716361955
1.877644900,-23.715732590
1.877848300,-23.711101570
1.878051800,-23.714472205
1.878255200,-23.713841184
1.878458700,-23.709211820
1.878662100,-23.708580799
1.878865600,-23.707951435
1.879069000,-23.703320414
1.879272500,-23.706691049
1.879475900,-23.706060029
1.879679400,-23.705430664
1.879882800,-23.700799643
1.880086300,-23.700170279
1.880289700,-23.703539258
1.880493200,-23.698909894
1.880696600,-23.698278873
1.880900100,-23.697649508
1.881103500,-23.697018488
1.881307000,-23.696389123
1.881510400,-23.695758102
1.881713900,-23.699128738
1.881917300,-23.694497717
1.882120800,-23.693868353
1.882324200,-23.697237332
1.882527700,-23.692607967
1.882731100,-23.691976947
1.882934600,-23.695347582
1.883138000,-23.690716561
1.883341500,-23.694087197
1.883544900,-23.693456176
1.883748400,-23.692826812
1.883951800,-23.692195791
1.884155300,-23.695566426
1.884358700,-23.694935406
1.884562200,-23.694306041
1.884765600,-23.693675020
1.884969100,-23.693045656
1.885172500,-23.692414635
1.885376000,-23.695785271
1.885579400,-23.695154250
1.885782900,-23.694524885
1.885986300,-23.693893865
1.886189800,-23.697264500
1.886393200,-23.696633479
1.886596700,-23.696004115
1.886800100,-23.699373094
1.887003600,-23.698743730
1.887207000,-23.698112709
1.887410500,-23.697483344
1.887613900,-23.700852324
1.887817400,-23.700222959
1.888020800,-23.699591938
1.888224300,-23.702962574
1.888427700,-23.702331553
1.888631200,-23.701702189
1.888834600,-23.705071168
1.889038100,-23.704441803
1.889241500,-23.703810783
1.889445000,-23.707181418
1.889648400,-23.706550397
1.889851900,-23.709921033
1.890055300,-23.709290012
1.890258800,-23.712660648
1.890462200,-23.712029627
1.890665700,-23.711400262
1.890869100,-23.714769242
1.891072600,-23.714139877
1.891276000,-23.713508856
1.891479500,-23.716879492
1.891682900,-23.716248471
1.891886400,-23.719619107
1.892089800,-23.718988086
1.892293300,-23.722358721
1.892496700,-23.721727701
1.892700200,-23.721098336
1.892903600,-23.724467315
1.893107100,-23.723837951
1.893310500,-23.723206930
1.893514000,-23.726577566
1.893717400,-23.725946545
1.893920900,-23.725317180
1.894124300,-23.728686160
1.894327800,-23.728056795
1.894531200,-23.727425774
1.894734700,-23.730796410
1.894938200,-23.730167045
1.895141600,-23.733536025
1.895345100,-23.732906660
1.895548500,-23.732275639
1.895752000,-23.735646275
1.895955400,-23.735015254
1.896158900,-23.734385890
1.896362300,-23.737754869
1.896565800,-23.737125504
1.896769200,-23.736494484
1.896972700,-23.735865119
1.897176100,-23.739234098
1.897379600,-23.738604734
1.897583000,-23.737973713
1.897786500,-23.741344349
1.897989900,-23.740713328
1.898193400,-23.740083963
1.898396800,-23.739452943
1.898600300,-23.738823578
1.898803700,-23.742192557
1.899007200,-23.741563193
1.899210600,-23.740932172
1.899414100,-23.740302808
1.899617500,-23.739671787
1.899821000,-23.743042422
1.900024400,-23.742411402
1.900227900,-23.741782037
1.900431300,-23.741151016
1.900634800,-23.740521652
1.900838200,-23.743890631
1.901041700,-23.743261267
1.901245100,-23.742630246
1.901448600,-23.742000881
1.901652000,-23.745369861
1.901855500,-23.744740496
1.902058900,-23.744109475
1.902262400,-23.743480111
1.902465800,-23.746849090
1.902669300,-23.746219726
1.902872700,-23.745588705
1.903076200,-23.748959340
1.903279600,-23.748328320
1.903483100,-23.747698955
1.903686500,-23.751067934
1.903890000,-23.750438570
1.904093400,-23.749807549
1.904296900,-23.753178185
1.904500300,-23.752547164
1.904703800,-23.755917799
1.904907200,-23.755286779
1.905110700,-23.758657414
1.905314100,-23.758026393
1.905517600,-23.757397029
1.905721000,-23.760766008
1.905924500,-23.760136644
1.906127900,-23.763505623
1.906331400,-23.762876258
1.906534800,-23.766245238
1.906738300,-23.765615873
1.906941700,-23.768984852
1.907145200,-23.768355488
1.907348600,-23.771724467
1.907552100,-23.771095103
1.907755500,-23.774464082
1.907959000,-23.777834717
1.908162400,-23.777203697
1.908365900,-23.780574332
1.908569300,-23.779943311
1.908772800,-23.783313947
1.908976200,-23.782682926
1.909179700,-23.786053562
1.909383100,-23.785422541
1.909586600,-23.788793176
1.909790000,-23.792162156
1.909993500,-23.791532791
1.910196900,-23.794901770
1.910400400,-23.794272406
1.910603800,-23.797641385
1.910807300,-23.797012021
1.911010700,-23.800381000
1.911214200,-23.803751635
1.911417600,-23.803120615
1.911621100,-23.802491250
1.911824500,-23.805860229
1.912028000,-23.809230865
1.912231400,-23.808599844
1.912434900,-23.811970480
1.912638300,-23.811339459
1.912841800,-23.810710094
1.913045200,-23.814079074
1.913248700,-23.813449709
1.913452100,-23.812818688
1.913655600,-23.816189324
1.913859000,-23.819558303
1.914062500,-23.818928939
1.914266000,-23.818299574
1.914469400,-23.821668553
1.914672900,-23.821039189
1.914876300,-23.820408168
1.915079800,-23.823778804
1.915283200,-23.823147783
1.915486700,-23.822518418
1.915690100,-23.825887398
1.915893600,-23.825258033
1.916097000,-23.824627012
1.916300500,-23.823997648
1.916503900,-23.827366627
1.916707400,-23.826737263
1.916910800,-23.826106242
1.917114300,-23.829476877
1.917317700,-23.828845857
1.917521200,-23.828216492
1.917724600,-23.827585471
1.917928100,-23.826956107
1.918131500,-23.826325086
1.918335000,-23.829695722
1.918538400,-23.829064701
1.918741900,-23.828435336
1.918945300,-23.827804316
1.919148800,-23.827174951
1.919352200,-23.830543930
1.919555700,-23.825914566
1.919759100,-23.829283545
1.919962600,-23.828654181
1.920166000,-23.828023160
1.920369500,-23.827393795
1.920572900,-23.826762775
1.920776400,-23.830133410
1.920979800,-23.825502389
1.921183300,-23.824873025
1.921386700,-23.828242004
1.921590200,-23.823612640
1.921793600,-23.826981619
1.921997100,-23.826352254
1.922200500,-23.825721234
1.922404000,-23.825091869
1.922607400,-23.824460848
1.922810900,-23.823831484
1.923014300,-23.823200463
1.923217800,-23.822571099
1.923421200,-23.825940078
1.923624700,-23.821310713
1.923828100,-23.820679693
1.924031600,-23.824050328
1.924235000,-23.819419307
1.924438500,-23.822789943
1.924641900,-23.822158922
1.924845400,-23.817529558
1.925048800,-23.820898537
1.925252300,-23.820269172
1.925455700,-23.819638152
1.925659200,-23.819008787
1.925862600,-23.818377766
1.926066100,-23.817748402
1.926269500,-23.817117381
1.926473000,-23.816488017
1.926676400,-23.815856996
1.926879900,-23.815227631
1.927083300,-23.814596611
1.927286800,-23.813967246
1.927490200,-23.813336225
1.927693700,-23.812706861
1.927897100,-23.812075840
1.928100600,-23.811446476
1.928304000,-23.806815455
1.928507500,-23.810186090
1.928710900,-23.809555070
1.928914400,-23.804925705
1.929117800,-23.804294684
1.929321300,-23.803665320
1.929524700,-23.803034299
1.929728200,-23.802404935
1.929931600,-23.801773914
1.930135100,-23.801144549
1.930338500,-23.796513529
1.930542000,-23.795884164
1.930745400,-23.795253143
1.930948900,-23.790623779
1.931152300,-23.789992758
1.931355800,-23.789363394
1.931559200,-23.788732373
1.931762700,-23.784103008
1.931966100,-23.783471988
1.932169600,-23.782842623
1.932373000,-23.778211602
1.932576500,-23.777582238
1.932779900,-23.776951217
1.932983400,-23.772321853
1.933186800,-23.767690832
1.933390300,-23.767061467
1.933593700,-23.762430447
1.933797200,-23.761801082
1.934000700,-23.761171718
1.934204100,-23.756540697
1.934407600,-23.751911332
1.934611000,-23.751280312
1.934814500,-23.750650947
1.935017900,-23.742019926
1.935221400,-23.741390562
1.935424800,-23.740759541
1.935628300,-23.732130177
1.935831700,-23.731499156
1.936035200,-23.730869791
1.936238600,-23.726238771
1.936442100,-23.721609406
1.936645500,-23.716978385
1.936849000,-23.716349021
1.937052400,-23.707718000
1.937255900,-23.707088636
1.937459300,-23.706457615
1.937662800,-23.697828250
1.937866200,-23.697197230
1.938069700,-23.692567865
1.938273100,-23.691936844
1.938476600,-23.683307480
1.938680000,-23.682676459
1.938883500,-23.682047095
1.939086900,-23.673416074
1.939290400,-23.672786709
1.939493800,-23.668155689
1.939697300,-23.663526324
1.939900700,-23.658895303
1.940104200,-23.658265939
1.940307600,-23.657634918
1.940511100,-23.649005554
1.940714500,-23.648374533
1.940918000,-23.643745168
1.941121400,-23.639114148
1.941324900,-23.638484783
1.941528300,-23.633853762
1.941731800,-23.629224398
1.941935200,-23.624593377
1.942138700,-23.623964013
1.942342100,-23.619332992
1.942545600,-23.614703627
1.942749000,-23.614072607
1.942952500,-23.613443242
1.943155900,-23.608812221
1.943359400,-23.604182857
1.943562800,-23.603551836
1.943766300,-23.598922472
1.943969700,-23.598291451
1.944173200,-23.593662086
1.944376600,-23.589031066
1.944580100,-23.588401701
1.944783500,-23.587770680
1.944987000,-23.587141316
1.945190400,-23.582510295
1.945393900,-23.577880931
1.945597300,-23.577249910
1.945800800,-23.572620545
1.946004200,-23.571989525
1.946207700,-23.571360160
1.946411100,-23.566729139
1.946614600,-23.566099775
1.946818000,-23.565468754
1.947021500,-23.564839390
1.947224900,-23.560208369
1.947428400,-23.559579004
1.947631800,-23.558947984
1.947835300,-23.554318619
1.948038700,-23.553687598
1.948242200,-23.553058234
1.948445600,-23.548427213
1.948649100,-23.547797849
1.948852500,-23.547166828
1.949056000,-23.546537463
1.949259400,-23.541906443
1.949462900,-23.541277078
1.949666300,-23.540646057
1.949869800,-23.536016693
1.950073200,-23.535385672
1.950276700,-23.534756308
1.950480100,-23.530125287
1.950683600,-23.529495922
1.950887000,-23.528864902
1.951090500,-23.528235537
1.951293900,-23.523604516
1.951497400,-23.522975152
1.951700800,-23.522344131
1.951904300,-23.517714767
1.952107700,-23.517083746
1.952311200,-23.516454381
1.952514600,-23.507823361
1.952718100,-23.507193996
1.952921500,-23.506562975
1.953125000,-23.501933611
1.953328500,-23.501304246
1.953531900,-23.500673226
1.953735400,-23.500043861
1.953938800,-23.495412840
1.954142300,-23.494783476
1.954345700,-23.494152455
1.954549200,-23.489523091
1.954752600,-23.484892070
1.954956100,-23.484262705
1.955159500,-23.479631685
1.955363000,-23.479002320
1.955566400,-23.478371299
1.955769900,-23.473741935
1.955973300,-23.469110914
1.956176800,-23.468481550
1.956380200,-23.467850529
1.956583700,-23.459221164
1.956787100,-23.458590144
1.956990600,-23.457960779
1.957194000,-23.449329758
1.957397500,-23.448700394
1.957600900,-23.444069373
1.957804400,-23.443440009
1.958007800,-23.434808988
1.958211300,-23.434179623
1.958414700,-23.433548603
1.958618200,-23.424919238
1.958821600,-23.424288217
1.959025100,-23.419658853
1.959228500,-23.411027832
1.959432000,-23.410398468
1.959635400,-23.405767447
1.959838900,-23.405138082
1.960042300,-23.396507062
1.960245800,-23.391877697
1.960449200,-23.391246676
1.960652700,-23.382617312
1.960856100,-23.377986291
1.961059600,-23.377356927
1.961263000,-23.368725906
1.961466500,-23.364096541
1.961669900,-23.359465521
1.961873400,-23.350836156
1.962076800,-23.350205135
1.962280300,-23.345575771
1.962483700,-23.340944750
1.962687200,-23.332315386
1.962890600,-23.327684365
1.963094100,-23.327055000
1.963297500,-23.314423980
1.963501000,-23.313794615
1.963704400,-23.309163594
1.963907900,-23.296534230
1.964111300,-23.295903209
1.964314800,-23.291273845
1.964518200,-23.286642824
1.964721700,-23.278013459
1.964925100,-23.273382439
1.965128600,-23.268753074
1.965332000,-23.260122053
1.965535500,-23.255492689
1.965738900,-23.250861668
1.965942400,-23.238232304
1.966145800,-23.237601283
1.966349300,-23.232971918
1.966552700,-23.228340898
1.966756200,-23.215711533
1.966959600,-23.215080512
1.967163100,-23.210451148
1.967366500,-23.197820127
1.967570000,-23.193190763
1.967773400,-23.188559742
1.967976900,-23.179930377
1.968180300,-23.175299357
1.968383800,-23.170669992
1.968587200,-23.166038971
1.968790700,-23.153409607
1.968994100,-23.152778586
1.969197600,-23.148149222
1.969401000,-23.135518201
1.969604500,-23.130888836
1.969807900,-23.126257816
1.970011400,-23.113628451
1.970214800,-23.112997430
1.970418300,-23.108368066
1.970621700,-23.095737045
1.970825200,-23.091107681
1.971028600,-23.086476660
1.971232100,-23.081847295
1.971435500,-23.073216275
1.971639000,-23.068586910
1.971842400,-23.063955889
1.972045900,-23.051326525
1.972249300,-23.046695504
1.972452800,-23.042066140
1.972656200,-23.029435119
1.972859700,-23.028805754
1.973063200,-23.024176390
1.973266600,-23.019545369
1.973470100,-23.006916005
1.973673500,-23.002284984
1.973877000,-22.997655619
1.974080400,-22.985024599
1.974283900,-22.980395234
1.974487300,-22.979764213
1.974690800,-22.967134849
1.974894200,-22.962503828
1.975097700,-22.957874464
1.975301100,-22.953243443
1.975504600,-22.940614078
1.975708000,-22.935983058
1.975911500,-22.931353693
1.976114900,-22.918722672
1.976318400,-22.914093308
1.976521800,-22.909462287
1.976725300,-22.900832923
1.976928700,-22.896201902
1.977132200,-22.891572537
1.977335600,-22.886941517
1.977539100,-22.874312152
1.977742500,-22.869681131
1.977946000,-22.865051767
1.978149400,-22.852420746
1.978352900,-22.847791382
1.978556300,-22.843160361
1.978759800,-22.830530996
1.978963200,-22.825899976
1.979166700,-22.821270611
1.979370100,-22.816639590
1.979573600,-22.808010226
1.979777000,-22.803379205
1.979980500,-22.798749841
1.980183900,-22.786118820
1.980387400,-22.781489455
1.980590800,-22.776858435
1.980794300,-22.764229070
1.980997700,-22.759598049
1.981201200,-22.754968685
1.981404600,-22.742337664
1.981608100,-22.737708300
1.981811500,-22.733077279
1.982015000,-22.728447914
1.982218400,-22.715816894
1.982421900,-22.711187529
1.982625300,-22.706556508
1.982828800,-22.697927144
1.983032200,-22.693296123
1.983235700,-22.688666759
1.983439100,-22.676035738
1.983642600,-22.671406373
1.983846000,-22.666775353
1.984049500,-22.662145988
1.984252900,-22.649514967
1.984456400,-22.644885603
1.984659800,-22.640254582
1.984863300,-22.631625218
1.985066700,-22.626994197
1.985270200,-22.622364832
1.985473600,-22.609733812
1.985677100,-22.605104447
1.985880500,-22.600473426
1.986084000,-22.595844062
1.986287400,-22.583213041
1.986490900,-22.578583677
1.986694300,-22.577952656
1.986897800,-22.565323291
1.987101200,-22.560692271
1.987304700,-22.556062906
1.987508100,-22.543431885
1.987711600,-22.538802521
1.987915000,-22.534171500
1.988118500,-22.529542136
1.988321900,-22.516911115
1.988525400,-22.512281750
1.988728800,-22.507650730
1.988932300,-22.495021365
1.989135700,-22.494390344
1.989339200,-22.489760980
1.989542600,-22.477129959
1.989746100,-22.472500595
1.989949500,-22.467869574
1.990153000,-22.455240209
1.990356400,-22.450609189
1.990559900,-22.445979824
1.990763300,-22.441348803
1.990966800,-22.428719439
1.991170200,-22.424088418
1.991373700,-22.419459054
1.991577100,-22.406828033
1.991780600,-22.398198668
1.991984000,-22.393567648
1.992187500,-22.380938283
1.992391000,-22.376308919
1.992594400,-22.371677898
1.992797900,-22.367048533
1.993001300,-22.354417513
1.993204800,-22.349788148
1.993408200,-22.345157127
1.993611700,-22.332527763
1.993815100,-22.327896742
1.994018600,-22.323267378
1.994222000,-22.310636357
1.994425500,-22.306006992
1.994628900,-22.297375972
1.994832400,-22.292746607
1.995035800,-22.280115586
1.995239300,-22.275486222
1.995442700,-22.270855201
1.995646200,-22.258225837
1.995849600,-22.253594816
1.996053100,-22.248965451
1.996256500,-22.236334431
1.996460000,-22.231705066
1.996663400,-22.227074045
1.996866900,-22.218444681
1.997070300,-22.205813660
1.997273800,-22.201184296
1.997477200,-22.196553275
1.997680700,-22.183923910
1.997884100,-22.179292890
1.998087600,-22.174663525
1.998291000,-22.162032504
1.998494500,-22.157403140
1.998697900,-22.152772119
1.998901400,-22.148142755
1.999104800,-22.135511734
1.999308300,-22.130882369
1.999511700,-22.126251349
1.999715200,-22.113621984
1.999918600,-22.108990963
2.000122100,-22.104361599
2.000325500,-22.091730578
2.000529000,-22.087101214
2.000732400,-22.082470193
2.000935900,-22.069840828
2.001139300,-22.065209808
2.001342800,-22.060580443
2.001546200,-22.055949422
2.001749700,-22.047320058
2.001953100,-22.042689037
2.002156600,-22.038059673
2.002360000,-22.025428652
2.002563500,-22.020799287
2.002766900,-22.016168267
2.002970400,-22.003538902
2.003173800,-21.998907881
2.003377300,-21.994278517
2.003580700,-21.993647496
2.003784200,-21.981018132
2.003987600,-21.976387111
2.004191100,-21.971757746
2.004394500,-21.959126726
2.004598000,-21.954497361
2.004801400,-21.949866340
2.005004900,-21.941236976
2.005208300,-21.936605955
2.005411800,-21.931976591
2.005615200,-21.927345570
2.005818700,-21.914716205
2.006022100,-21.914085185
2.006225600,-21.909455820
2.006429000,-21.896824799
2.006632500,-21.892195435
2.006835900,-21.887564414
2.007039400,-21.878935050
2.007242800,-21.874304029
2.007446300,-21.869674664
2.007649700,-21.865043644
2.007853200,-21.856414279
2.008056600,-21.851783258
2.008260100,-21.847153894
2.008463500,-21.834522873
2.008667000,-21.833893509
2.008870400,-21.829262488
2.009073900,-21.816633123
2.009277300,-21.812002103
2.009480800,-21.811372738
2.009684200,-21.798741717
2.009887700,-21.794112353
2.010091100,-21.793481332
2.010294600,-21.788851968
2.010498000,-21.776220947
2.010701500,-21.775591582
2.010904900,-21.770960562
2.011108400,-21.758331197
2.011311800,-21.757700176
2.011515300,-21.753070812
2.011718700,-21.744439791
2.011922200,-21.739810427
2.012125700,-21.735181062
2.012329100,-21.730550041
2.012532600,-21.721920677
2.012736000,-21.717289656
2.012939500,-21.716660292
2.013142900,-21.704029271
2.013346400,-21.703399906
2.013549800,-21.698768886
2.013753300,-21.690139521
2.013956700,-21.685508500
2.014160200,-21.684879136
2.014363600,-21.680248115
2.014567100,-21.671618751
2.014770500,-21.666987730
2.014974000,-21.666358365
2.015177400,-21.657727345
2.015380900,-21.653097980
2.015584300,-21.648466959
2.015787800,-21.639837595
2.015991200,-21.639206574
2.016194700,-21.634577210
2.016398100,-21.633946189
2.016601600,-21.625316824
2.016805000,-21.620685804
2.017008500,-21.620056439
2.017211900,-21.611425418
2.017415400,-21.606796054
2.017618800,-21.606165033
2.017822300,-21.597535669
2.018025700,-21.592904648
2.018229200,-21.592275283
2.018432600,-21.583644263
2.018636100,-21.579014898
2.018839500,-21.578383877
2.019043000,-21.577754513
2.019246400,-21.569123492
2.019449900,-21.564494128
2.019653300,-21.563863107
2.019856800,-21.555233742
2.020060200,-21.554602722
2.020263700,-21.549973357
2.020467100,-21.545342336
2.020670600,-21.540712972
2.020874000,-21.540081951
2.021077500,-21.535452587
2.021280900,-21.530821566
2.021484400,-21.526192201
2.021687800,-21.525561181
2.021891300,-21.516931816
2.022094700,-21.516300795
2.022298200,-21.515671431
2.022501600,-21.507040410
2.022705100,-21.506411046
2.022908500,-21.501780025
2.023112000,-21.501150660
2.023315400,-21.496519640
2.023518900,-21.491890275
2.023722300,-21.491259254
2.023925800,-21.482629890
2.024129200,-21.481998869
2.024332700,-21.481369505
2.024536100,-21.472738484
2.024739600,-21.472109119
2.024943000,-21.471478099
2.025146500,-21.470848734
2.025349900,-21.462217713
2.025553400,-21.461588349
2.025756800,-21.460957328
2.025960300,-21.452327964
2.026163700,-21.451696943
2.026367200,-21.451067578
2.026570600,-21.446436558
2.026774100,-21.441807193
2.026977500,-21.441176172
2.027181000,-21.440546808
2.027384400,-21.435915787
2.027587900,-21.435286423
2.027791300,-21.434655402
2.027994800,-21.426026037
2.028198200,-21.425395017
2.028401700,-21.424765652
2.028605100,-21.420134631
2.028808600,-21.419505267
2.029012000,-21.418874246
2.029215500,-21.410244882
2.029418900,-21.409613861
2.029622400,-21.408984496
2.029825800,-21.408353476
2.030029300,-21.403724111
2.030232700,-21.403093090
2.030436200,-21.402463726
2.030639600,-21.397832705
2.030843100,-21.397203341
2.031046500,-21.396572320
2.031250000,-21.391942955
2.031453500,-21.391313591
2.031656900,-21.390682570
2.031860400,-21.386053206
2.032063800,-21.381422185
2.032267300,-21.380792820
2.032470700,-21.380161800
2.032674200,-21.375532435
2.032877600,-21.378901414
2.033081100,-21.378272050
2.033284500,-21.373641029
2.033488000,-21.373011665
2.033691400,-21.372380644
2.033894900,-21.371751279
2.034098300,-21.367120259
2.034301800,-21.366490894
2.034505200,-21.365859873
2.034708700,-21.361230509
2.034912100,-21.360599488
2.035115600,-21.359970124
2.035319000,-21.359339103
2.035522500,-21.358709738
2.035725900,-21.358078718
2.035929400,-21.357449353
2.036132800,-21.352818332
2.036336300,-21.352188968
2.036539700,-21.355557947
2.036743200,-21.350928583
2.036946600,-21.350297562
2.037150100,-21.349668197
2.037353500,-21.345037177
2.037557000,-21.348407812
2.037760400,-21.347776791
2.037963900,-21.343147427
2.038167300,-21.342516406
2.038370800,-21.345887042
2.038574200,-21.345256021
2.038777700,-21.340626656
2.038981100,-21.339995636
2.039184600,-21.343366271
2.039388000,-21.338735250
2.039591500,-21.338105886
2.039794900,-21.341474865
2.039998400,-21.336845501
2.040201800,-21.336214480
2.040405300,-21.339585115
2.040608700,-21.338954095
2.040812200,-21.338324730
2.041015600,-21.337693709
2.041219100,-21.337064345
2.041422500,-21.336433324
2.041626000,-21.335803960
2.041829400,-21.335172939
2.042032900,-21.334543574
2.042236300,-21.333912554
2.042439800,-21.333283189
2.042643200,-21.336652168
2.042846700,-21.332022804
2.043050100,-21.335391783
2.043253600,-21.334762419
2.043457000,-21.334131398
2.043660500,-21.333502033
2.043863900,-21.332871013
2.044067400,-21.332241648
2.044270800,-21.331610627
2.044474300,-21.330981263
2.044677700,-21.334350242
2.044881200,-21.329720878
2.045084600,-21.333089857
2.045288100,-21.332460492
2.045491500,-21.331829472
2.045695000,-21.331200107
2.045898400,-21.330569086
2.046101900,-21.329939722
2.046305300,-21.329308701
2.046508800,-21.332679337
2.046712200,-21.332048316
2.046915700,-21.331418951
2.047119100,-21.330787931
2.047322600,-21.330158566
2.047526000,-21.329527545
2.047729500,-21.328898181
2.047932900,-21.328267160
2.048136400,-21.327637796
2.048339800,-21.327006775
2.048543300,-21.330377410
2.048746700,-21.325746390
2.048950200,-21.329117025
2.049153600,-21.328486004
2.049357100,-21.327856640
2.049560500,-21.327225619
2.049764000,-21.326596255
2.049967400,-21.329965234
2.050170900,-21.325335869
2.050374300,-21.324704849
2.050577800,-21.328075484
2.050781200,-21.323444463
2.050984700,-21.326815099
2.051188200,-21.326185734
2.051391600,-21.325554714
2.051595100,-21.324925349
2.051798500,-21.324294328
2.052002000,-21.327664964
2.052205400,-21.323033943
2.052408900,-21.326404579
2.052612300,-21.325773558
2.052815800,-21.325144193
2.053019200,-21.324513173
2.053222700,-21.323883808
2.053426100,-21.327252787
2.053629600,-21.322623423
2.053833000,-21.325992402
2.054036500,-21.325363038
2.054239900,-21.324732017
2.054443400,-21.324102652
2.054646800,-21.323471632
2.054850300,-21.322842267
2.055053700,-21.326211246
2.055257200,-21.325581882
2.055460600,-21.324950861
2.055664100,-21.324321497
2.055867500,-21.323690476
2.056071000,-21.327061111
2.056274400,-21.322430091
2.056477900,-21.325800726
2.056681300,-21.325169705
2.056884800,-21.324540341
2.057088200,-21.323909320
2.057291700,-21.327279956
2.057495100,-21.322648935
2.057698600,-21.326019570
2.057902000,-21.325388550
2.058105500,-21.328759185
2.058308900,-21.324128164
2.058512400,-21.327498800
2.058715800,-21.326867779
2.058919300,-21.326238415
2.059122700,-21.325607394
2.059326200,-21.328978029
2.059529600,-21.328347009
2.059733100,-21.327717644
2.059936500,-21.327086623
2.060140000,-21.330457259
2.060343400,-21.329826238
2.060546900,-21.329196874
2.060750300,-21.328565853
2.060953800,-21.327936488
2.061157200,-21.331305468
2.061360700,-21.330676103
2.061564100,-21.330045082
2.061767600,-21.329415718
2.061971000,-21.332784697
2.062174500,-21.332155333
2.062377900,-21.331524312
2.062581400,-21.334894947
2.062784800,-21.334263927
2.062988300,-21.333634562
2.063191700,-21.333003541
2.063395200,-21.336374177
2.063598600,-21.335743156
2.063802100,-21.335113792
2.064005500,-21.338482771
2.064209000,-21.337853406
2.064412400,-21.337222386
2.064615900,-21.336593021
2.064819300,-21.339962000
2.065022800,-21.339332636
2.065226200,-21.338701615
2.065429700,-21.342072251
2.065633100,-21.341441230
2.065836600,-21.340811865
2.066040000,-21.344180845
2.066243500,-21.343551480
2.066446900,-21.342920459
2.066650400,-21.342291095
2.066853800,-21.345660074
2.067057300,-21.345030710
2.067260700,-21.344399689
2.067464200,-21.347770324
2.067667600,-21.347139304
2.067871100,-21.346509939
2.068074500,-21.349878918
2.068278000,-21.349249554
2.068481400,-21.348618533
2.068684900,-21.351989169
2.068888300,-21.351358148
2.069091800,-21.350728783
2.069295200,-21.354097763
2.069498700,-21.353468398
2.069702100,-21.352837377
2.069905600,-21.352208013
2.070109000,-21.355576992
2.070312500,-21.354947628
2.070516000,-21.354318263
2.070719400,-21.357687242
2.070922900,-21.357057878
2.071126300,-21.356426857
2.071329800,-21.359797493
2.071533200,-21.359166472
2.071736700,-21.358537107
2.071940100,-21.361906087
2.072143600,-21.361276722
2.072347000,-21.360645701
2.072550500,-21.364016337
2.072753900,-21.363385316
2.072957400,-21.366755952
2.073160800,-21.366124931
2.073364300,-21.365495566
2.073567700,-21.368864546
2.073771200,-21.368235181
2.073974600,-21.367604160
2.074178100,-21.370974796
2.074381500,-21.370343775
2.074585000,-21.369714411
2.074788400,-21.373083390
2.074991900,-21.372454025
2.075195300,-21.371823005
2.075398800,-21.375193640
2.075602200,-21.374562619
2.075805700,-21.373933255
2.076009100,-21.377302234
2.076212600,-21.380672870
2.076416000,-21.380041849
2.076619500,-21.379412484
2.076822900,-21.382781464
2.077026400,-21.382152099
2.077229800,-21.385521078
2.077433300,-21.384891714
2.077636700,-21.388260693
2.077840200,-21.387631329
2.078043600,-21.387000308
2.078247100,-21.390370943
2.078450500,-21.389739923
2.078654000,-21.393110558
2.078857400,-21.392479537
2.079060900,-21.395850173
2.079264300,-21.395219152
2.079467800,-21.398589788
2.079671200,-21.397958767
2.079874700,-21.401329402
2.080078100,-21.400698382
2.080281600,-21.404069017
2.080485000,-21.403437996
2.080688500,-21.406808632
2.080891900,-21.406177611
2.081095400,-21.409548247
2.081298800,-21.408917226
2.081502300,-21.412287861
2.081705700,-21.415656841
2.081909200,-21.415027476
2.082112600,-21.418396455
2.082316100,-21.417767091
2.082519500,-21.417136070
2.082723000,-21.420506706
2.082926400,-21.423875685
2.083129900,-21.423246320
2.083333300,-21.426615300
2.083536800,-21.425985935
2.083740200,-21.429354914
2.083943700,-21.428725550
2.084147100,-21.432094529
2.084350600,-21.431465165
2.084554000,-21.434834144
2.084757500,-21.434204779
2.084960900,-21.437573759
2.085164400,-21.436944394
2.085367800,-21.440313373
2.085571300,-21.439684009
2.085774700,-21.439052988
2.085978200,-21.442423624
2.086181600,-21.445792603
2.086385100,-21.445163238
2.086588500,-21.444532218
2.086792000,-21.447902853
2.086995400,-21.447271832
2.087198900,-21.446642468
2.087402300,-21.450011447
2.087605800,-21.453382083
2.087809200,-21.452751062
2.088012700,-21.452121697
2.088216100,-21.455490677
2.088419600,-21.454861312
2.088623000,-21.454230291
2.088826500,-21.457600927
2.089029900,-21.460969906
2.089233400,-21.460340542
2.089436800,-21.459709521
2.089640300,-21.463080156
2.089843700,-21.462449136
2.090047200,-21.461819771
2.090250700,-21.465190407
2.090454100,-21.468559386
2.090657600,-21.467930021
2.090861000,-21.467299001
2.091064500,-21.470669636
2.091267900,-21.470038615
2.091471400,-21.473409251
2.091674800,-21.472778230
2.091878300,-21.472148866
2.092081700,-21.475517845
2.092285200,-21.474888480
2.092488600,-21.478257460
2.092692100,-21.477628095
2.092895500,-21.480997074
2.093099000,-21.484367710
2.093302400,-21.483736689
2.093505900,-21.483107325
2.093709300,-21.486476304
2.093912800,-21.485846939
2.094116200,-21.489215919
2.094319700,-21.492586554
2.094523100,-21.491955533
2.094726600,-21.495326169
2.094930000,-21.498695148
2.095133500,-21.498065784
2.095336900,-21.501434763
2.095540400,-21.500805398
2.095743800,-21.504174378
2.095947300,-21.507545013
2.096150700,-21.506913992
2.096354200,-21.510284628
2.096557600,-21.513653607
2.096761100,-21.513024243
2.096964500,-21.516393222
2.097168000,-21.519763857
2.097371400,-21.519132837
2.097574900,-21.522503472
2.097778300,-21.525872451
2.097981800,-21.525243087
2.098185200,-21.528612066
2.098388700,-21.531982702
2.098592100,-21.531351681
2.098795600,-21.534722316
2.098999000,-21.538091296
2.099202500,-21.537461931
2.099405900,-21.540830910
2.099609400,-21.540201546
2.099812800,-21.543570525
2.100016300,-21.542941161
2.100219700,-21.546310140
2.100423200,-21.549680775
2.100626600,-21.549049755
2.100830100,-21.552420390
2.101033500,-21.551789369
2.101237000,-21.555160005
2.101440400,-21.554528984
2.101643900,-21.557899620
2.101847300,-21.557268599
2.102050800,-21.556639234
2.102254200,-21.560008214
2.102457700,-21.559378849
2.102661100,-21.558747828
2.102864600,-21.562118464
2.103068000,-21.561487443
2.103271500,-21.564858079
2.103474900,-21.560227058
2.103678400,-21.563597693
2.103881800,-21.562966673
2.104085300,-21.562337308
2.104288700,-21.561706287
2.104492200,-21.565076923
2.104695600,-21.560445902
2.104899100,-21.563816538
2.105102500,-21.563185517
2.105306000,-21.558556152
2.105509400,-21.561925132
2.105712900,-21.561295767
2.105916300,-21.560664746
2.106119800,-21.556035382
2.106323200,-21.559404361
2.106526700,-21.558774997
2.106730100,-21.554143976
2.106933600,-21.553514611
2.107137000,-21.552883591
2.107340500,-21.548254226
2.107543900,-21.551623205
2.107747400,-21.550993841
2.107950800,-21.550362820
2.108154300,-21.545733456
2.108357700,-21.545102435
2.108561200,-21.544473070
2.108764600,-21.539842050
2.108968100,-21.539212685
2.109171500,-21.538581664
2.109375000,-21.533952300
2.109578500,-21.533322935
2.109781900,-21.532691915
2.109985400,-21.532062550
2.110188800,-21.527431529
2.110392300,-21.526802165
2.110595700,-21.526171144
2.110799200,-21.521541780
2.111002600,-21.520910759
2.111206100,-21.520281394
2.111409500,-21.511650374
2.111613000,-21.511021009
2.111816400,-21.510389988
2.112019900,-21.509760624
2.112223300,-21.505129603
2.112426800,-21.504500239
2.112630200,-21.503869218
2.112833700,-21.499239853
2.113037100,-21.498608833
2.113240600,-21.497979468
2.113444000,-21.493348447
2.113647500,-21.488719083
2.113850900,-21.488088062
2.114054400,-21.483458698
2.114257800,-21.482827677
2.114461300,-21.482198312
2.114664700,-21.481567292
2.114868200,-21.476937927
2.115071600,-21.476306906
2.115275100,-21.475677542
2.115478500,-21.471046521
2.115682000,-21.466417157
2.115885400,-21.465786136
2.116088900,-21.461156771
2.116292300,-21.460525751
2.116495800,-21.459896386
2.116699200,-21.459265365
2.116902700,-21.454636001
2.117106100,-21.454004980
2.117309600,-21.453375616
2.117513000,-21.448744595
2.117716500,-21.448115230
2.117919900,-21.447484210
2.118123400,-21.442854845
2.118326800,-21.442223824
2.118530300,-21.441594460
2.118733700,-21.440963439
2.118937200,-21.432334075
2.119140600,-21.431703054
2.119344100,-21.431073689
2.119547500,-21.426442669
2.119751000,-21.425813304
2.119954400,-21.425182283
2.120157900,-21.420552919
2.120361300,-21.419921898
2.120564800,-21.419292534
2.120768200,-21.418661513
2.120971700,-21.414032148
2.121175100,-21.413401128
2.121378600,-21.412771763
2.121582000,-21.408140742
2.121785500,-21.407511378
2.121988900,-21.406880357
2.122192400,-21.402250993
2.122395800,-21.401619972
2.122599300,-21.400990607
2.122802700,-21.400359587
2.123006200,-21.395730222
2.123209600,-21.395099201
2.123413100,-21.394469837
2.123616500,-21.389838816
2.123820000,-21.389209452
2.124023400,-21.388578431
2.124226900,-21.383949066
2.124430300,-21.383318046
2.124633800,-21.382688681
2.124837200,-21.378057660
2.125040700,-21.377428296
2.125244100,-21.376797275
2.125447600,-21.376167911
2.125651000,-21.371536890
2.125854500,-21.370907525
2.126057900,-21.370276505
2.126261400,-21.365647140
2.126464800,-21.369016119
2.126668300,-21.368386755
2.126871700,-21.363755734
2.127075200,-21.363126370
2.127278600,-21.362495349
2.127482100,-21.361865984
2.127685500,-21.357234964
2.127889000,-21.356605599
2.128092400,-21.355974578
2.128295900,-21.351345214
2.128499300,-21.350714193
2.128702800,-21.350084829
2.128906200,-21.349453808
2.129109700,-21.348824443
2.129313200,-21.348195079
2.129516600,-21.347564058
2.129720100,-21.342934694
2.129923500,-21.342303673
2.130127000,-21.341674308
2.130330400,-21.337043288
2.130533900,-21.340413923
2.130737300,-21.339782902
2.130940800,-21.335153538
2.131144200,-21.334522517
2.131347700,-21.333893153
2.131551100,-21.333262132
2.131754600,-21.332632767
2.131958000,-21.332001747
2.132161500,-21.331372382
2.132364900,-21.326741361
2.132568400,-21.326111997
2.132771800,-21.325480976
2.132975300,-21.324851612
2.133178700,-21.324220591
2.133382200,-21.323591226
2.133585600,-21.318960206
2.133789100,-21.318330841
2.133992500,-21.321699820
2.134196000,-21.321070456
2.134399400,-21.316439435
2.134602900,-21.315810071
2.134806300,-21.319179050
2.135009800,-21.314549685
2.135213200,-21.313918665
2.135416700,-21.313289300
2.135620100,-21.312658279
2.135823600,-21.312028915
2.136027000,-21.311397894
2.136230500,-21.310768530
2.136433900,-21.310137509
2.136637400,-21.309508144
2.136840800,-21.308877124
2.137044300,-21.308247759
2.137247700,-21.307616738
2.137451200,-21.306987374
2.137654600,-21.306356353
2.137858100,-21.305726989
2.138061500,-21.305095968
2.138265000,-21.308466603
2.138468400,-21.303835583
2.138671900,-21.307206218
2.138875300,-21.306575197
2.139078800,-21.305945833
2.139282200,-21.305314812
2.139485700,-21.304685448
2.139689100,-21.304054427
2.139892600,-21.303425062
2.140096000,-21.306794042
2.140299500,-21.306164677
2.140502900,-21.305533656
2.140706400,-21.304904292
2.140909800,-21.304273271
2.141113300,-21.303643907
2.141316700,-21.307012886
2.141520200,-21.306383521
2.141723600,-21.305752501
2.141927100,-21.305123136
2.142130500,-21.308492115
2.142334000,-21.307862751
2.142537400,-21.307231730
2.142740900,-21.310602366
2.142944300,-21.309971345
2.143147800,-21.309341980
2.143351200,-21.312710960
2.143554700,-21.312081595
2.143758100,-21.311450574
2.143961600,-21.314821210
2.144165000,-21.314190189
2.144368500,-21.313560825
2.144571900,-21.316929804
2.144775400,-21.316300439
2.144978800,-21.319669419
2.145182300,-21.319040054
2.145385700,-21.322409033
2.145589200,-21.321779669
2.145792600,-21.321148648
2.145996100,-21.324519284
2.146199500,-21.323888263
2.146403000,-21.327258898
2.146606400,-21.326627878
2.146809900,-21.329998513
2.147013300,-21.329367492
2.147216800,-21.332738128
2.147420200,-21.332107107
2.147623700,-21.335477743
2.147827100,-21.334846722
2.148030600,-21.338217357
2.148234000,-21.341586337
2.148437500,-21.340956972
2.148641000,-21.344327608
2.148844400,-21.343696587
2.149047900,-21.347067222
2.149251300,-21.346436202
2.149454800,-21.349806837
2.149658200,-21.353175816
2.149861700,-21.352546452
2.150065100,-21.355915431
2.150268600,-21.355286067
2.150472000,-21.358655046
2.150675500,-21.362025681
2.150878900,-21.361394661
2.151082400,-21.364765296
2.151285800,-21.364134275
2.151489300,-21.367504911
2.151692700,-21.370873890
2.151896200,-21.370244526
2.152099600,-21.373613505
2.152303100,-21.376984140
2.152506500,-21.380353120
2.152710000,-21.379723755
2.152913400,-21.383092734
2.153116900,-21.386463370
2.153320300,-21.389832349
2.153523800,-21.389202985
2.153727200,-21.392571964
2.153930700,-21.395942599
2.154134100,-21.399311579
2.154337600,-21.398682214
2.154541000,-21.402051193
2.154744500,-21.405421829
2.154947900,-21.408790808
2.155151400,-21.408161444
2.155354800,-21.411530423
2.155558300,-21.414901058
2.155761700,-21.418270038
2.155965200,-21.421640673
2.156168600,-21.425009652
2.156372100,-21.424380288
2.156575500,-21.427749267
2.156779000,-21.431119903
2.156982400,-21.434488882
2.157185900,-21.437859517
2.157389300,-21.441228497
2.157592800,-21.444599132
2.157796200,-21.443968111
2.157999700,-21.447338747
2.158203100,-21.450707726
2.158406600,-21.454078362
2.158610000,-21.457447341
2.158813500,-21.460817976
2.159016900,-21.464186956
2.159220400,-21.467557591
2.159423800,-21.466926570
2.159627300,-21.470297206
2.159830700,-21.473666185
2.160034200,-21.477036821
2.160237600,-21.480405800
2.160441100,-21.483776435
2.160644500,-21.487145415
2.160848000,-21.490516050
2.161051400,-21.493885029
2.161254900,-21.497255665
2.161458300,-21.496624644
2.161661800,-21.499995280
2.161865200,-21.503364259
2.162068700,-21.506734894
2.162272100,-21.510103874
2.162475600,-21.513474509
2.162679000,-21.516843488
2.162882500,-21.520214124
2.163085900,-21.523583103
2.163289400,-21.526953739
2.163492800,-21.526322718
2.163696300,-21.529693353
2.163899700,-21.533062333
2.164103200,-21.536432968
2.164306600,-21.539801947
2.164510100,-21.543172583
2.164713500,-21.546541562
2.164917000,-21.549912198
2.165120400,-21.553281177
2.165323900,-21.552651812
2.165527300,-21.556020792
2.165730800,-21.559391427
2.165934200,-21.562760406
2.166137700,-21.566131042
2.166341100,-21.569500021
2.166544600,-21.572870657
2.166748000,-21.572239636
2.166951500,-21.575610271
2.167154900,-21.578979251
2.167358400,-21.582349886
2.167561800,-21.581718865
2.167765300,-21.585089501
2.167968700,-21.588458480
2.168172200,-21.591829116
2.168375700,-21.595199751
2.168579100,-21.594568730
2.168782600,-21.597939366
2.168986000,-21.601308345
2.169189500,-21.600678981
2.169392900,-21.604047960
2.169596400,-21.603418595
2.169799800,-21.606787575
2.170003300,-21.606158210
2.170206700,-21.609527189
2.170410200,-21.612897825
2.170613600,-21.612266804
2.170817100,-21.615637440
2.171020500,-21.615006419
2.171224000,-21.618377054
2.171427400,-21.617746034
2.171630900,-21.617116669
2.171834300,-21.620485648
2.172037800,-21.619856284
2.172241200,-21.619225263
2.172444700,-21.622595899
2.172648100,-21.617964878
2.172851600,-21.621335513
2.173055000,-21.620704493
2.173258500,-21.620075128
2.173461900,-21.619444107
2.173665400,-21.618814743
2.173868800,-21.622183722
2.174072300,-21.617554358
2.174275700,-21.616923337
2.174479200,-21.616293972
2.174682600,-21.615662952
2.174886100,-21.615033587
2.175089500,-21.614402566
2.175293000,-21.613773202
2.175496400,-21.609142181
2.175699900,-21.608512817
2.175903300,-21.607881796
2.176106800,-21.603252431
2.176310200,-21.602621411
2.176513700,-21.601992046
2.176717100,-21.597361025
2.176920600,-21.596731661
2.177124000,-21.596100640
2.177327500,-21.591471276
2.177530900,-21.586840255
2.177734400,-21.586210890
2.177937800,-21.585579870
2.178141300,-21.576950505
2.178344700,-21.576319484
2.178548200,-21.575690120
2.178751600,-21.567059099
2.178955100,-21.566429735
2.179158500,-21.565798714
2.179362000,-21.561169349
2.179565400,-21.556538329
2.179768900,-21.551908964
2.179972300,-21.551277943
2.180175800,-21.542648579
2.180379200,-21.542017558
2.180582700,-21.541388194
2.180786100,-21.532757173
2.180989600,-21.528127808
2.181193000,-21.527496788
2.181396500,-21.518867423
2.181599900,-21.518236402
2.181803400,-21.513607038
2.182006800,-21.512976017
2.182210300,-21.504346653
2.182413700,-21.503715632
2.182617200,-21.499086267
2.182820600,-21.490455247
2.183024100,-21.489825882
2.183227500,-21.485194861
2.183431000,-21.476565497
2.183634400,-21.475934476
2.183837900,-21.471305112
2.184041300,-21.470674091
2.184244800,-21.462044726
2.184448200,-21.461413706
2.184651700,-21.456784341
2.184855100,-21.448153320
2.185058600,-21.447523956
2.185262000,-21.442892935
2.185465500,-21.434263571
2.185668900,-21.433632550
2.185872400,-21.429003185
2.186075800,-21.428372164
2.186279300,-21.419742800
2.186482700,-21.415111779
2.186686200,-21.414482415
2.186889600,-21.405851394
2.187093100,-21.401222030
2.187296500,-21.400591009
2.187500000,-21.387961644
2.187703500,-21.387332280
2.187906900,-21.382701259
2.188110400,-21.382071895
2.188313800,-21.373440874
2.188517300,-21.368811509
2.188720700,-21.368180489
2.188924200,-21.359551124
2.189127600,-21.354920103
2.189331100,-21.354290739
2.189534500,-21.345659718
2.189738000,-21.341030354
2.189941400,-21.340399333
2.190144900,-21.331769968
2.190348300,-21.327138948
2.190551800,-21.322509583
2.190755200,-21.321878562
2.190958700,-21.313249198
2.191162100,-21.308618177
2.191365600,-21.307988813
2.191569000,-21.299357792
2.191772500,-21.294728427
2.191975900,-21.294097407
2.192179400,-21.285468042
2.192382800,-21.280837021
2.192586300,-21.280207657
2.192789700,-21.275576636
2.192993200,-21.266947272
2.193196600,-21.266316251
2.193400100,-21.261686886
2.193603500,-21.253055866
2.193807000,-21.252426501
2.194010400,-21.247795480
2.194213900,-21.239166116
2.194417300,-21.238535095
2.194620800,-21.233905731
2.194824200,-21.233274710
2.195027700,-21.224645345
2.195231100,-21.224014325
2.195434600,-21.219384960
2.195638000,-21.210753939
2.195841500,-21.210124575
2.196044900,-21.209493554
2.196248400,-21.200864190
2.196451800,-21.196233169
2.196655300,-21.195603804
2.196858700,-21.194972784
2.197062200,-21.186343419
2.197265600,-21.185712398
2.197469100,-21.181083034
2.197672500,-21.176452013
2.197876000,-21.171822649
2.198079400,-21.171191628
2.198282900,-21.162562263
2.198486300,-21.161931243
2.198689800,-21.161301878
2.198893200,-21.156670857
2.199096700,-21.152041493
2.199300100,-21.151410472
2.199503600,-21.146781108
2.199707000,-21.142150087
2.199910500,-21.141520722
2.200113900,-21.136889702
2.200317400,-21.132260337
2.200520800,-21.131629316
2.200724300,-21.126999952
2.200927700,-21.122368931
2.201131200,-21.121739567
2.201334600,-21.117108546
2.201538100,-21.116479181
2.201741500,-21.111848160
2.201945000,-21.111218796
2.202148400,-21.106587775
2.202351900,-21.101958411
2.202555300,-21.101327390
2.202758800,-21.096698026
2.202962200,-21.092067005
2.203165700,-21.091437640
2.203369100,-21.090806619
2.203572600,-21.086177255
2.203776000,-21.081546234
2.203979500,-21.080916870
2.204182900,-21.080285849
2.204386400,-21.071656485
2.204589800,-21.071025464
2.204793300,-21.070396099
2.204996700,-21.061765078
2.205200200,-21.061135714
2.205403600,-21.060504693
2.205607100,-21.059875329
2.205810500,-21.051244308
2.206014000,-21.050614944
2.206217400,-21.049983923
2.206420900,-21.041354558
2.206624300,-21.040723537
2.206827800,-21.040094173
2.207031200,-21.031463152
2.207234700,-21.030833788
2.207438200,-21.030204423
2.207641600,-21.029573403
2.207845100,-21.020944038
2.208048500,-21.020313017
2.208252000,-21.019683653
2.208455400,-21.015052632
2.208658900,-21.010423268
2.208862300,-21.009792247
2.209065800,-21.005162882
2.209269200,-21.000531862
2.209472700,-20.999902497
2.209676100,-20.995271476
2.209879600,-20.994642112
2.210083000,-20.990011091
2.210286500,-20.989381727
2.210489900,-20.984750706
2.210693400,-20.980121341
2.210896800,-20.979490321
2.211100300,-20.974860956
2.211303700,-20.974229935
2.211507200,-20.969600571
2.211710600,-20.964969550
2.211914100,-20.964340186
2.212117500,-20.963709165
2.212321000,-20.959079800
2.212524400,-20.954448780
2.212727900,-20.953819415
2.212931300,-20.953188394
2.213134800,-20.944559030
2.213338200,-20.943928009
2.213541700,-20.943298645
2.213745100,-20.938667624
2.213948600,-20.934038259
2.214152000,-20.933407239
2.214355500,-20.932777874
2.214558900,-20.928146853
2.214762400,-20.923517489
2.214965800,-20.922886468
2.215169300,-20.918257104
2.215372700,-20.917626083
2.215576200,-20.912996718
2.215779600,-20.908365698
2.215983100,-20.907736333
2.216186500,-20.907105312
2.216390000,-20.902475948
2.216593400,-20.897844927
2.216796900,-20.897215563
2.217000300,-20.892584542
2.217203800,-20.887955177
2.217407200,-20.887324156
2.217610700,-20.882694792
2.217814100,-20.878063771
2.218017600,-20.877434407
2.218221000,-20.872803386
2.218424500,-20.872174022
2.218627900,-20.867543001
2.218831400,-20.862913636
2.219034800,-20.862282615
2.219238300,-20.853653251
2.219441700,-20.853022230
2.219645200,-20.852392866
2.219848600,-20.843761845
2.220052100,-20.843132481
2.220255500,-20.842501460
2.220459000,-20.833872095
2.220662400,-20.833241074
2.220865900,-20.828611710
2.221069300,-20.827980689
2.221272800,-20.819351325
2.221476200,-20.818720304
2.221679700,-20.814090940
2.221883100,-20.809459919
2.222086600,-20.804830554
2.222290000,-20.804199533
2.222493500,-20.795570169
2.222696900,-20.794939148
2.222900400,-20.790309784
2.223103800,-20.789678763
2.223307300,-20.781049399
2.223510700,-20.780418378
2.223714200,-20.775789013
2.223917600,-20.771157992
2.224121100,-20.766528628
2.224324500,-20.765897607
2.224528000,-20.757268243
2.224731400,-20.756637222
2.224934900,-20.752007858
2.225138300,-20.751376837
2.225341800,-20.742747472
2.225545200,-20.738116451
2.225748700,-20.737487087
2.225952100,-20.728856066
2.226155600,-20.728226702
2.226359000,-20.723595681
2.226562500,-20.718966317
2.226766000,-20.714336952
2.226969400,-20.713705931
2.227172900,-20.713076567
2.227376300,-20.704445546
2.227579800,-20.699816182
2.227783200,-20.699185161
2.227986700,-20.690555796
2.228190100,-20.689924776
2.228393600,-20.689295411
2.228597000,-20.680664390
2.228800500,-20.680035026
2.229003900,-20.675404005
2.229207400,-20.670774641
2.229410800,-20.666143620
2.229614300,-20.665514255
2.229817700,-20.664883235
2.230021200,-20.656253870
2.230224600,-20.655622849
2.230428100,-20.654993485
2.230631500,-20.646362464
2.230835000,-20.645733100
2.231038400,-20.641102079
2.231241900,-20.636472714
2.231445300,-20.635841694
2.231648800,-20.631212329
2.231852200,-20.630581308
2.232055700,-20.625951944
2.232259100,-20.621320923
2.232462600,-20.620691559
2.232666000,-20.616060538
2.232869500,-20.611431173
2.233072900,-20.610800152
2.233276400,-20.606170788
2.233479800,-20.605539767
2.233683300,-20.600910403
2.233886700,-20.600279382
2.234090200,-20.595650018
2.234293600,-20.595018997
2.234497100,-20.590389632
2.234700500,-20.585758611
2.234904000,-20.585129247
2.235107400,-20.584498226
2.235310900,-20.575868862
2.235514300,-20.575237841
2.235717800,-20.574608477
2.235921200,-20.573977456
2.236124700,-20.565348091
2.236328100,-20.564717070
2.236531600,-20.564087706
2.236735000,-20.555456685
2.236938500,-20.554827321
2.237141900,-20.554196300
2.237345400,-20.549566936
2.237548800,-20.548935915
2.237752300,-20.544306550
2.237955700,-20.539675529
2.238159200,-20.539046165
2.238362600,-20.538415144
2.238566100,-20.533785780
2.238769500,-20.529154759
2.238973000,-20.528525395
2.239176400,-20.527894374
2.239379900,-20.519265009
2.239583300,-20.518633988
2.239786800,-20.518004624
2.239990200,-20.513373603
2.240193700,-20.508744239
2.240397100,-20.508113218
2.240600600,-20.507483854
2.240804000,-20.502852833
2.241007500,-20.502223468
2.241210900,-20.497592447
2.241414400,-20.492963083
2.241617800,-20.492332062
2.241821300,-20.491702698
2.242024700,-20.483071677
2.242228200,-20.482442313
2.242431600,-20.481811292
2.242635100,-20.481181927
2.242838500,-20.472550906
2.243042000,-20.471921542
2.243245400,-20.471290521
2.243448900,-20.462661157
2.243652300,-20.462030136
2.243855800,-20.461400772
2.244059200,-20.456769751
2.244262700,-20.452140386
2.244466100,-20.451509365
2.244669600,-20.450880001
2.244873000,-20.446248980
2.245076500,-20.441619616
2.245279900,-20.440988595
2.245483400,-20.436359231
2.245686800,-20.435728210
2.245890300,-20.431098845
2.246093700,-20.426467824
2.246297200,-20.425838460
2.246500700,-20.425209096
2.246704100,-20.420578075
2.246907600,-20.415948710
2.247111000,-20.415317690
2.247314500,-20.414688325
2.247517900,-20.406057304
2.247721400,-20.405427940
2.247924800,-20.404796919
2.248128300,-20.400167555
2.248331700,-20.395536534
2.248535200,-20.394907169
2.248738600,-20.390276148
2.248942100,-20.389646784
2.249145500,-20.389015763
2.249349000,-20.384386399
2.249552400,-20.379755378
2.249755900,-20.379126014
2.249959300,-20.378494993
2.250162800,-20.373865628
2.250366200,-20.369234607
2.250569700,-20.368605243
2.250773100,-20.363974222
2.250976600,-20.363344858
2.251180000,-20.362713837
2.251383500,-20.362084473
2.251586900,-20.357453452
2.251790400,-20.356824087
2.251993800,-20.352193066
2.252197300,-20.347563702
2.252400700,-20.346932681
2.252604200,-20.346303317
2.252807600,-20.341672296
2.253011100,-20.341042932
2.253214500,-20.340411911
2.253418000,-20.339782546
2.253621400,-20.335151525
2.253824900,-20.334522161
2.254028300,-20.333891140
2.254231800,-20.333261776
2.254435200,-20.332630755
2.254638700,-20.332001391
2.254842100,-20.327370370
2.255045600,-20.326741005
2.255249000,-20.326109984
2.255452500,-20.325480620
2.255655900,-20.324849599
2.255859400,-20.324220235
2.256062800,-20.323589214
2.256266300,-20.318959850
2.256469700,-20.322328829
2.256673200,-20.321699464
2.256876600,-20.317068443
2.257080100,-20.320439079
2.257283500,-20.319808058
2.257487000,-20.315178694
2.257690400,-20.318547673
2.257893900,-20.317918309
2.258097300,-20.317287288
2.258300800,-20.316657923
2.258504200,-20.316026902
2.258707700,-20.315397538
2.258911100,-20.314766517
2.259114600,-20.314137153
2.259318000,-20.317506132
2.259521500,-20.312876768
2.259724900,-20.316245747
2.259928400,-20.315616382
2.260131800,-20.318985361
2.260335300,-20.314355997
2.260538700,-20.317724976
2.260742200,-20.317095612
2.260945600,-20.316464591
2.261149100,-20.315835227
2.261352500,-20.319204206
2.261556000,-20.318574841
2.261759400,-20.317943820
2.261962900,-20.321314456
2.262166300,-20.320683435
2.262369800,-20.320054071
2.262573200,-20.319423050
2.262776700,-20.322793686
2.262980100,-20.322162665
2.263183600,-20.321533300
2.263387000,-20.324902279
2.263590500,-20.324272915
2.263793900,-20.323641894
2.263997400,-20.327012530
2.264200800,-20.326381509
2.264404300,-20.325752144
2.264607700,-20.329121124
2.264811200,-20.332491759
2.265014600,-20.331860738
2.265218100,-20.331231374
2.265421500,-20.334600353
2.265625000,-20.333970989
2.265828500,-20.337341624
2.266031900,-20.336710603
2.266235400,-20.340081239
2.266438800,-20.339450218
2.266642300,-20.342820854
2.266845700,-20.342189833
2.267049200,-20.345560469
2.267252600,-20.344929448
2.267456100,-20.348300083
2.267659500,-20.351669062
2.267863000,-20.351039698
2.268066400,-20.354408677
2.268269900,-20.357779313
2.268473300,-20.357148292
2.268676800,-20.360518928
2.268880200,-20.363887907
2.269083700,-20.367258542
2.269287100,-20.366627521
2.269490600,-20.369998157
2.269694000,-20.373367136
2.269897500,-20.376737772
2.270100900,-20.380106751
2.270304400,-20.383477387
2.270507800,-20.386846366
2.270711300,-20.390217001
2.270914700,-20.393585980
2.271118200,-20.396956616
2.271321600,-20.400325595
2.271525100,-20.403696231
2.271728500,-20.407065210
2.271932000,-20.410435846
2.272135400,-20.417804825
2.272338900,-20.421175460
2.272542300,-20.424544439
2.272745800,-20.427915075
2.272949200,-20.435284054
2.273152700,-20.438654690
2.273356100,-20.446023669
2.273559600,-20.449394305
2.273763000,-20.456763284
2.273966500,-20.460133919
2.274169900,-20.467502898
2.274373400,-20.474873534
2.274576800,-20.478242513
2.274780300,-20.485613149
2.274983700,-20.492982128
2.275187200,-20.500352764
2.275390600,-20.507721743
2.275594100,-20.515092378
2.275797500,-20.526461357
2.276001000,-20.533831993
2.276204400,-20.537200972
2.276407900,-20.552571608
2.276611300,-20.559940587
2.276814800,-20.567311223
2.277018200,-20.578680202
2.277221700,-20.586050837
2.277425100,-20.597419816
2.277628600,-20.604790452
2.277832000,-20.620159431
2.278035500,-20.627530067
2.278238900,-20.638899046
2.278442400,-20.654269682
2.278645800,-20.665638661
2.278849300,-20.673009296
2.279052700,-20.692378275
2.279256200,-20.699748911
2.279459600,-20.711117890
2.279663100,-20.722488526
2.279866500,-20.741857505
2.280070000,-20.753228140
2.280273400,-20.764597120
2.280476900,-20.783967755
2.280680300,-20.795336734
2.280883800,-20.806707370
2.281087200,-20.830076349
2.281290700,-20.841446985
2.281494100,-20.852815964
2.281697600,-20.864186599
2.281901000,-20.887555579
2.282104500,-20.898926214
2.282307900,-20.910295193
2.282511400,-20.933665829
2.282714800,-20.945034808
2.282918300,-20.960405444
2.283121700,-20.979774423
2.283325200,-20.991145058
2.283528600,-21.006514038
2.283732100,-21.017884673
2.283935500,-21.037253652
2.284139000,-21.052624288
2.284342400,-21.063993267
2.284545900,-21.083363903
2.284749300,-21.094732882
2.284952800,-21.106103517
2.285156200,-21.125472497
2.285359700,-21.136843132
2.285563200,-21.144213768
2.285766600,-21.163582747
2.285970100,-21.170953383
2.286173500,-21.182322362
2.286377000,-21.189692997
2.286580400,-21.205061976
2.286783900,-21.216432612
2.286987300,-21.223801591
2.287190800,-21.235172227
2.287394200,-21.242541206
2.287597700,-21.249911842
2.287801100,-21.261280821
2.288004600,-21.264651456
2.288208000,-21.272020435
2.288411500,-21.279391071
2.288614900,-21.282760050
2.288818400,-21.290130686
2.289021800,-21.293499665
2.289225300,-21.296870301
2.289428700,-21.300239280
2.289632200,-21.303609915
2.289835600,-21.302978894
2.290039100,-21.306349530
2.290242500,-21.305718509
2.290446000,-21.309089145
2.290649400,-21.304458124
2.290852900,-21.307828760
2.291056300,-21.307197739
2.291259800,-21.302568374
2.291463200,-21.297937353
2.291666700,-21.297307989
2.291870100,-21.292676968
2.292073600,-21.288047604
2.292277000,-21.287416583
2.292480500,-21.282787219
2.292683900,-21.274156198
2.292887400,-21.269526833
2.293090800,-21.264895812
2.293294300,-21.256266448
2.293497700,-21.251635427
2.293701200,-21.247006063
2.293904600,-21.234375042
2.294108100,-21.229745678
2.294311500,-21.225114657
2.294515000,-21.220485292
2.294718400,-21.203854271
2.294921900,-21.199224907
2.295125300,-21.194593886
2.295328800,-21.177964522
2.295532200,-21.173333501
2.295735700,-21.168704136
2.295939100,-21.152073116
2.296142600,-21.147443751
2.296346000,-21.142812730
2.296549500,-21.126183366
2.296752900,-21.117552345
2.296956400,-21.112922981
2.297159800,-21.108291960
2.297363300,-21.091662595
2.297566700,-21.087031575
2.297770200,-21.078402210
2.297973600,-21.065771189
2.298177100,-21.057141825
2.298380500,-21.052510804
2.298584000,-21.039881440
2.298787400,-21.031250419
2.298990900,-21.026621054
2.299194300,-21.021990034
2.299397800,-21.005360669
2.299601200,-21.000729648
2.299804700,-20.996100284
2.300008100,-20.983469263
2.300211600,-20.978839899
2.300415000,-20.974208878
2.300618500,-20.957579513
2.300821900,-20.952948493
2.301025400,-20.948319128
2.301228800,-20.943688107
2.301432300,-20.931058743
2.301635700,-20.926427722
2.301839200,-20.921798358
2.302042600,-20.913167337
2.302246100,-20.908537972
2.302449500,-20.903906952
2.302653000,-20.891277587
2.302856400,-20.886646566
2.303059900,-20.882017202
2.303263300,-20.881386181
2.303466800,-20.868756817
2.303670200,-20.864125796
2.303873700,-20.859496431
2.304077100,-20.850865411
2.304280600,-20.846236046
2.304484000,-20.841605025
2.304687500,-20.832975661
2.304891000,-20.828346297
2.305094400,-20.827715276
2.305297900,-20.815085911
2.305501300,-20.814454890
2.305704800,-20.809825526
2.305908200,-20.805194505
2.306111700,-20.796565141
2.306315100,-20.791934120
2.306518600,-20.791304756
2.306722000,-20.778673735
2.306925500,-20.778044370
2.307128900,-20.773413349
2.307332400,-20.764783985
2.307535800,-20.760152964
2.307739300,-20.759523600
2.307942700,-20.754892579
2.308146200,-20.746263215
2.308349600,-20.741632194
2.308553100,-20.741002829
2.308756500,-20.728371808
2.308960000,-20.727742444
2.309163400,-20.723111423
2.309366900,-20.714482059
2.309570300,-20.709851038
2.309773800,-20.709221674
2.309977200,-20.704590653
2.310180700,-20.695961288
2.310384100,-20.691330267
2.310587600,-20.690700903
2.310791000,-20.678069882
2.310994500,-20.677440518
2.311197900,-20.672809497
2.311401400,-20.664180132
2.311604800,-20.659549112
2.311808300,-20.658919747
2.312011700,-20.654288726
2.312215200,-20.645659362
2.312418600,-20.641028341
2.312622100,-20.640398977
2.312825500,-20.631767956
2.313029000,-20.627138591
2.313232400,-20.622507571
2.313435900,-20.613878206
2.313639300,-20.609247185
2.313842800,-20.608617821
2.314046200,-20.599986800
2.314249700,-20.595357436
2.314453100,-20.594726415
2.314656600,-20.590097050
2.314860000,-20.581466030
2.315063500,-20.576836665
2.315266900,-20.576205644
2.315470400,-20.563576280
2.315673800,-20.562945259
2.315877300,-20.558315895
2.316080700,-20.549684874
2.316284200,-20.549055509
2.316487600,-20.544424489
2.316691100,-20.543795124
2.316894500,-20.535164103
2.317098000,-20.530534739
2.317301400,-20.529903718
2.317504900,-20.521274354
2.317708300,-20.516643333
2.317911800,-20.516013968
2.318115200,-20.507382948
2.318318700,-20.502753583
2.318522100,-20.502122562
2.318725600,-20.497493198
2.318929000,-20.492862177
2.319132500,-20.488232813
2.319335900,-20.487601792
2.319539400,-20.478972427
2.319742800,-20.474341407
2.319946300,-20.473712042
2.320149700,-20.465081021
2.320353200,-20.464451657
2.320556600,-20.459820636
2.320760100,-20.459191272
2.320963500,-20.450560251
2.321167000,-20.449930886
2.321370400,-20.449299866
2.321573900,-20.440670501
2.321777300,-20.440039480
2.321980800,-20.435410116
2.322184200,-20.430779095
2.322387700,-20.426149731
2.322591100,-20.425518710
2.322794600,-20.424889345
2.322998000,-20.416258325
2.323201500,-20.415628960
2.323404900,-20.410997939
2.323608400,-20.406368575
2.323811800,-20.401737554
2.324015300,-20.401108190
2.324218700,-20.396477169
2.324422200,-20.391847804
2.324625700,-20.391218440
2.324829100,-20.382587419
2.325032600,-20.381958055
2.325236000,-20.381327034
2.325439500,-20.376697670
2.325642900,-20.372066649
2.325846400,-20.367437284
2.326049800,-20.366806263
2.326253300,-20.358176899
2.326456700,-20.357545878
2.326660200,-20.356916514
2.326863600,-20.348285493
2.327067100,-20.347656128
2.327270500,-20.343025108
2.327474000,-20.342395743
2.327677400,-20.333764722
2.327880900,-20.333135358
2.328084300,-20.328504337
2.328287800,-20.323874973
2.328491200,-20.319243952
2.328694700,-20.318614587
2.328898100,-20.309983567
2.329101600,-20.309354202
2.329305000,-20.304723181
2.329508500,-20.304093817
2.329711900,-20.295462796
2.329915400,-20.290833432
2.330118800,-20.290202411
2.330322300,-20.281573046
2.330525700,-20.280942026
2.330729200,-20.276312661
2.330932600,-20.267681640
2.331136100,-20.267052276
2.331339500,-20.262421255
2.331543000,-20.261791891
2.331746400,-20.253160870
2.331949900,-20.248531505
2.332153300,-20.247900485
2.332356800,-20.239271120
2.332560200,-20.234640099
2.332763700,-20.234010735
2.332967100,-20.225379714
2.333170600,-20.220750350
2.333374000,-20.216119329
2.333577500,-20.207489964
2.333780900,-20.206858944
2.333984400,-20.202229579
2.334187800,-20.197598558
2.334391300,-20.188969194
2.334594700,-20.188338173
2.334798200,-20.183708809
2.335001600,-20.175077788
2.335205100,-20.170448423
2.335408500,-20.165817403
2.335612000,-20.157188038
2.335815400,-20.156557017
2.336018900,-20.151927653
2.336222300,-20.147296632
2.336425800,-20.138667268
2.336629200,-20.134036247
2.336832700,-20.129406882
2.337036100,-20.120775862
2.337239600,-20.116146497
2.337443000,-20.111515476
2.337646500,-20.102886112
2.337849900,-20.098255091
2.338053400,-20.093625727
2.338256800,-20.092994706
2.338460300,-20.080365341
2.338663700,-20.075734321
2.338867200,-20.071104956
2.339070600,-20.062473935
2.339274100,-20.057844571
2.339477500,-20.053213550
2.339681000,-20.040584186
2.339884400,-20.035953165
2.340087900,-20.031323800
2.340291300,-20.030692780
2.340494800,-20.018063415
2.340698200,-20.013432394
2.340901700,-20.008803030
2.341105100,-19.996172009
2.341308600,-19.991542645
2.341512000,-19.986911624
2.341715500,-19.974282259
2.341918900,-19.969651239
2.342122400,-19.965021874
2.342325800,-19.960390853
2.342529300,-19.947761489
2.342732700,-19.943130468
2.342936200,-19.938501104
2.343139600,-19.925870083
2.343343100,-19.921240718
2.343546500,-19.916609698
2.343750000,-19.899980333
2.343953500,-19.895350969
2.344156900,-19.890719948
2.344360400,-19.878090583
2.344563800,-19.873459563
2.344767300,-19.868830198
2.344970700,-19.864199177
2.345174200,-19.847569813
2.345377600,-19.842938792
2.345581100,-19.838309428
2.345784500,-19.825678407
2.345988000,-19.821049042
2.346191400,-19.816418022
2.346394900,-19.799788657
2.346598300,-19.795157636
2.346801800,-19.790528272
2.347005200,-19.785897251
2.347208700,-19.769267887
2.347412100,-19.764636866
2.347615600,-19.760007501
2.347819000,-19.747376481
2.348022500,-19.742747116
2.348225900,-19.734116095
2.348429400,-19.721486731
2.348632800,-19.716855710
2.348836300,-19.712226346
2.349039700,-19.707595325
2.349243200,-19.690965960
2.349446600,-19.686334940
2.349650100,-19.681705575
2.349853500,-19.669074554
2.350057000,-19.660445190
2.350260400,-19.655814169
2.350463900,-19.643184805
2.350667300,-19.638553784
2.350870800,-19.633924419
2.351074200,-19.629293399
2.351277700,-19.612664034
2.351481100,-19.608033013
2.351684600,-19.603403649
2.351888000,-19.590772628
2.352091500,-19.582143264
2.352294900,-19.577512243
2.352498400,-19.564882878
2.352701800,-19.560251858
2.352905300,-19.555622493
2.353108700,-19.538991472
2.353312200,-19.534362108
2.353515600,-19.529731087
2.353719100,-19.525101723
2.353922500,-19.512470702
2.354126000,-19.507841337
2.354329400,-19.503210317
2.354532900,-19.486580952
2.354736300,-19.481949931
2.354939800,-19.477320567
2.355143200,-19.464689546
2.355346700,-19.460060182
2.355550100,-19.455429161
2.355753600,-19.446799796
2.355957000,-19.434168776
2.356160500,-19.429539411
2.356363900,-19.424908390
2.356567400,-19.412279026
2.356770800,-19.407648005
2.356974300,-19.403018641
2.357177700,-19.386387620
2.357381200,-19.381758255
2.357584600,-19.377127235
2.357788100,-19.372497870
2.357991500,-19.359866849
2.358195000,-19.355237485
2.358398400,-19.350606464
2.358601900,-19.337977100
2.358805300,-19.329346079
2.359008800,-19.324716714
2.359212200,-19.312085694
2.359415700,-19.307456329
2.359619100,-19.302825308
2.359822600,-19.298195944
2.360026000,-19.285564923
2.360229500,-19.280935559
2.360432900,-19.276304538
2.360636400,-19.263675173
2.360839800,-19.255044153
2.361043300,-19.250414788
2.361246700,-19.237783767
2.361450200,-19.233154403
2.361653600,-19.228523382
2.361857100,-19.215894018
2.362060500,-19.211262997
2.362264000,-19.206633632
2.362467400,-19.202002612
2.362670900,-19.189373247
2.362874300,-19.184742226
2.363077800,-19.180112862
2.363281200,-19.167481841
2.363484700,-19.162852477
2.363688200,-19.158223112
2.363891600,-19.145592091
2.364095100,-19.140962727
2.364298500,-19.136331706
2.364502000,-19.131702342
2.364705400,-19.119071321
2.364908900,-19.114441956
2.365112300,-19.109810936
2.365315800,-19.097181571
2.365519200,-19.092550550
2.365722700,-19.087921186
2.365926100,-19.075290165
2.366129600,-19.070660801
2.366333000,-19.066029780
2.366536500,-19.061400415
2.366739900,-19.048769395
2.366943400,-19.044140030
2.367146800,-19.039509009
2.367350300,-19.026879645
2.367553700,-19.022248624
2.367757200,-19.017619260
2.367960600,-19.004988239
2.368164100,-19.000358874
2.368367500,-18.995727854
2.368571000,-18.991098489
2.368774400,-18.978467468
2.368977900,-18.973838104
2.369181300,-18.973207083
2.369384800,-18.960577719
2.369588200,-18.955946698
2.369791700,-18.951317333
2.369995100,-18.938686313
2.370198600,-18.934056948
2.370402000,-18.929425927
2.370605500,-18.928796563
2.370808900,-18.916165542
2.371012400,-18.911536178
2.371215800,-18.906905157
2.371419300,-18.898275792
2.371622700,-18.893644772
2.371826200,-18.889015407
2.372029600,-18.876384386
2.372233100,-18.875755022
2.372436500,-18.871124001
2.372640000,-18.858494637
2.372843400,-18.857863616
2.373046900,-18.853234251
2.373250300,-18.848603231
2.373453800,-18.839973866
2.373657200,-18.835342845
2.373860700,-18.830713481
2.374064100,-18.822082460
2.374267600,-18.817453096
2.374471000,-18.816822075
2.374674500,-18.804192710
2.374877900,-18.803561690
2.375081400,-18.798932325
2.375284800,-18.794301304
2.375488300,-18.785671940
2.375691700,-18.781040919
2.375895200,-18.780411555
2.376098600,-18.771780534
2.376302100,-18.767151169
2.376505500,-18.762520149
2.376709000,-18.753890784
2.376912400,-18.753259763
2.377115900,-18.748630399
2.377319300,-18.747999378
2.377522800,-18.739370014
2.377726200,-18.734738993
2.377929700,-18.730109628
2.378133100,-18.721478608
2.378336600,-18.720849243
2.378540000,-18.716218222
2.378743500,-18.707588858
2.378946900,-18.706957837
2.379150400,-18.702328473
2.379353800,-18.701697452
2.379557300,-18.693068087
2.379760700,-18.688437067
2.379964200,-18.687807702
2.380167600,-18.679176681
2.380371100,-18.674547317
2.380574500,-18.673916296
2.380778000,-18.665286932
2.380981400,-18.660655911
2.381184900,-18.660026546
2.381388300,-18.651395526
2.381591800,-18.646766161
2.381795200,-18.646135140
2.381998700,-18.641505776
2.382202100,-18.632874755
2.382405600,-18.632245391
2.382609000,-18.627614370
2.382812500,-18.618985005
2.383016000,-18.618355641
2.383219400,-18.613724620
2.383422900,-18.605095256
2.383626300,-18.604464235
2.383829800,-18.599834870
2.384033200,-18.599203850
2.384236700,-18.590574485
2.384440100,-18.585943464
2.384643600,-18.581314100
2.384847000,-18.572683079
2.385050500,-18.572053715
2.385253900,-18.567422694
2.385457400,-18.558793329
2.385660800,-18.558162309
2.385864300,-18.553532944
2.386067700,-18.552901923
2.386271200,-18.540272559
2.386474600,-18.539641538
2.386678100,-18.535012174
2.386881500,-18.526381153
2.387085000,-18.525751788
2.387288400,-18.521120768
2.387491900,-18.512491403
2.387695300,-18.507860382
2.387898800,-18.507231018
2.388102200,-18.502599997
2.388305700,-18.493970633
2.388509100,-18.489339612
2.388712600,-18.488710247
2.388916000,-18.476079227
2.389119500,-18.475449862
2.389322900,-18.470818841
2.389526400,-18.462189477
2.389729800,-18.457558456
2.389933300,-18.456929092
2.390136700,-18.452298071
2.390340200,-18.443668706
2.390543600,-18.439037686
2.390747100,-18.434408321
2.390950500,-18.425777300
2.391154000,-18.421147936
2.391357400,-18.420516915
2.391560900,-18.407887551
2.391764300,-18.407256530
2.391967800,-18.402627165
2.392171200,-18.389996145
2.392374700,-18.389366780
2.392578100,-18.384735759
2.392781600,-18.380106395
2.392985000,-18.371475374
2.393188500,-18.366846010
2.393391900,-18.362214989
2.393595400,-18.353585624
2.393798800,-18.348954604
2.394002300,-18.344325239
2.394205700,-18.331694218
2.394409200,-18.327064854
2.394612600,-18.326433833
2.394816100,-18.321804469
2.395019500,-18.309173448
2.395223000,-18.304544083
2.395426400,-18.303913063
2.395629900,-18.291283698
2.395833300,-18.286652677
2.396036800,-18.282023313
2.396240200,-18.269392292
2.396443700,-18.264762928
2.396647100,-18.264131907
2.396850600,-18.259502542
2.397054000,-18.246871522
2.397257500,-18.242242157
2.397460900,-18.237611136
2.397664400,-18.224981772
2.397867800,-18.220350751
2.398071300,-18.219721387
2.398274700,-18.207090366
2.398478200,-18.202461001
2.398681600,-18.197829981
2.398885100,-18.193200616
2.399088500,-18.180569595
2.399292000,-18.175940231
2.399495400,-18.171309210
2.399698900,-18.162679846
2.399902300,-18.158048825
2.400105800,-18.153419460
2.400309200,-18.140788440
2.400512700,-18.136159075
2.400716100,-18.131528054
2.400919600,-18.118898690
2.401123000,-18.114267669
2.401326500,-18.109638305
2.401529900,-18.109007284
2.401733400,-18.096377919
2.401936800,-18.091746899
2.402140300,-18.087117534
2.402343800,-18.074488170
2.402547200,-18.069857149
2.402750700,-18.069227784
2.402954100,-18.056596764
2.403157600,-18.051967399
2.403361000,-18.047336378
2.403564500,-18.042707014
2.403767900,-18.034075993
2.403971400,-18.029446629
2.404174800,-18.024815608
2.404378300,-18.012186243
2.404581700,-18.007555223
2.404785200,-18.006925858
2.404988600,-17.994294837
2.405192100,-17.989665473
2.405395500,-17.985034452
2.405599000,-17.980405088
2.405802400,-17.971774067
2.406005900,-17.967144702
2.406209300,-17.962513682
2.406412800,-17.949884317
2.406616200,-17.949253296
2.406819700,-17.944623932
2.407023100,-17.931992911
2.407226600,-17.927363547
2.407430000,-17.922732526
2.407633500,-17.918103161
2.407836900,-17.909472141
2.408040400,-17.904842776
2.408243800,-17.900211755
2.408447300,-17.887582391
2.408650700,-17.882951370
2.408854200,-17.878322006
2.409057600,-17.865690985
2.409261100,-17.861061620
2.409464500,-17.856430600
2.409668000,-17.847801235
2.409871400,-17.843170214
2.410074900,-17.838540850
2.410278300,-17.833909829
2.410481800,-17.821280465
2.410685200,-17.816649444
2.410888700,-17.812020079
2.411092100,-17.799389059
2.411295600,-17.790759694
2.411499000,-17.786128673
2.411702500,-17.773499309
2.411905900,-17.768868288
2.412109400,-17.764238924
2.412312800,-17.759607903
2.412516300,-17.746978538
2.412719700,-17.742347518
2.412923200,-17.737718153
2.413126600,-17.721087132
2.413330100,-17.716457768
2.413533500,-17.711826747
2.413737000,-17.699197383
2.413940400,-17.694566362
2.414143900,-17.689936997
2.414347300,-17.681305977
2.414550800,-17.668676612
2.414754200,-17.664045591
2.414957700,-17.659416227
2.415161100,-17.642785206
2.415364600,-17.638155842
2.415568000,-17.633524821
2.415771500,-17.620895456
2.415974900,-17.616264436
2.416178400,-17.607635071
2.416381800,-17.603004050
2.416585300,-17.590374686
2.416788700,-17.585743665
2.416992200,-17.577114301
2.417195600,-17.564483280
2.417399100,-17.559853915
2.417602500,-17.555222895
2.417806000,-17.538593530
2.418009400,-17.533962509
2.418212900,-17.529333145
2.418416300,-17.524702124
2.418619800,-17.512072760
2.418823200,-17.503441739
2.419026700,-17.498812374
2.419230100,-17.486181354
2.419433600,-17.481551989
2.419637000,-17.476920968
2.419840500,-17.460291604
2.420043900,-17.455660583
2.420247400,-17.451031219
2.420450800,-17.438400198
2.420654300,-17.433770833
2.420857700,-17.429139813
2.421061200,-17.420510448
2.421264600,-17.407879427
2.421468100,-17.403250063
2.421671500,-17.398619042
2.421875000,-17.385989678
2.422078500,-17.381360313
2.422281900,-17.372729292
2.422485400,-17.360099928
2.422688800,-17.355468907
2.422892300,-17.350839543
2.423095700,-17.346208522
2.423299200,-17.333579157
2.423502600,-17.328948137
2.423706100,-17.324318772
2.423909500,-17.307687751
2.424113000,-17.303058387
2.424316400,-17.298427366
2.424519900,-17.285798002
2.424723300,-17.281166981
2.424926800,-17.276537616
2.425130200,-17.271906596
2.425333700,-17.255277231
2.425537100,-17.250646210
2.425740600,-17.246016846
2.425944000,-17.233385825
2.426147500,-17.228756461
2.426350900,-17.224125440
2.426554400,-17.207496075
2.426757800,-17.202865055
2.426961300,-17.198235690
2.427164700,-17.193604669
2.427368200,-17.180975305
2.427571600,-17.176344284
2.427775100,-17.167714920
2.427978500,-17.155083899
2.428182000,-17.150454534
2.428385400,-17.145823514
2.428588900,-17.129194149
2.428792300,-17.124563128
2.428995800,-17.119933764
2.429199200,-17.107302743
2.429402700,-17.102673379
2.429606100,-17.094042358
2.429809600,-17.089412993
2.430013000,-17.076781973
2.430216500,-17.072152608
2.430419900,-17.067521587
2.430623400,-17.050892223
2.430826800,-17.046261202
2.431030300,-17.041631838
2.431233700,-17.025000817
2.431437200,-17.020371452
2.431640600,-17.015740432
2.431844100,-17.011111067
2.432047500,-16.994480046
2.432251000,-16.989850682
2.432454400,-16.985219661
2.432657900,-16.968590297
2.432861300,-16.963959276
2.433064800,-16.959329911
2.433268200,-16.942698891
2.433471700,-16.938069526
2.433675100,-16.933438505
2.433878600,-16.928809141
2.434082000,-16.912178120
2.434285500,-16.907548756
2.434488900,-16.898917735
2.434692400,-16.886288370
2.434895800,-16.881657350
2.435099300,-16.873027985
2.435302700,-16.860396964
2.435506200,-16.855767600
2.435709600,-16.847136579
2.435913100,-16.842507215
2.436116500,-16.829876194
2.436320000,-16.821246829
2.436523400,-16.816615809
2.436726900,-16.799986444
2.436930300,-16.795355423
2.437133800,-16.790726059
2.437337200,-16.774095038
2.437540700,-16.769465674
2.437744100,-16.764834653
2.437947600,-16.748205288
2.438151000,-16.743574268
2.438354500,-16.738944903
2.438557900,-16.730313882
2.438761400,-16.717684518
2.438964800,-16.713053497
2.439168300,-16.704424133
2.439371700,-16.691793112
2.439575200,-16.687163747
2.439778600,-16.678532727
2.439982100,-16.665903362
2.440185500,-16.657272341
2.440389000,-16.652642977
2.440592400,-16.648011956
2.440795900,-16.631382592
2.440999300,-16.626751571
2.441202800,-16.622122206
2.441406300,-16.605492842
2.441609700,-16.600861821
2.441813200,-16.596232457
2.442016600,-16.579601436
2.442220100,-16.574972071
2.442423500,-16.570341051
2.442627000,-16.561711686
2.442830400,-16.549080665
2.443033900,-16.544451301
2.443237300,-16.535820280
2.443440800,-16.523190916
2.443644200,-16.514559895
2.443847700,-16.509930530
2.444051100,-16.497299510
2.444254600,-16.488670145
2.444458000,-16.484039124
2.444661500,-16.479409760
2.444864900,-16.462778739
2.445068400,-16.458149375
2.445271800,-16.453518354
2.445475300,-16.436888989
2.445678700,-16.432257969
2.445882200,-16.427628604
2.446085600,-16.410997583
2.446289100,-16.406368219
2.446492500,-16.401737198
2.446696000,-16.393107834
2.446899400,-16.380476813
2.447102900,-16.371847448
2.447306300,-16.367216428
2.447509800,-16.354587063
2.447713200,-16.345956042
2.447916700,-16.341326678
2.448120100,-16.324695657
2.448323600,-16.320066293
2.448527000,-16.315435272
2.448730500,-16.298805907
2.448933900,-16.294174887
2.449137400,-16.289545522
2.449340800,-16.280914501
2.449544300,-16.268285137
2.449747700,-16.263654116
2.449951200,-16.255024752
2.450154600,-16.242393731
2.450358100,-16.233764366
2.450561500,-16.229133346
2.450765000,-16.216503981
2.450968400,-16.207872960
2.451171900,-16.203243596
2.451375300,-16.198612575
2.451578800,-16.181983211
2.451782200,-16.177352190
2.451985700,-16.172722825
2.452189100,-16.156091805
2.452392600,-16.151462440
2.452596000,-16.146831419
2.452799500,-16.130202055
2.453002900,-16.125571034
2.453206400,-16.120941670
2.453409800,-16.112310649
2.453613300,-16.099681284
2.453816700,-16.091050264
2.454020200,-16.086420899
2.454223600,-16.073789878
2.454427100,-16.065160514
2.454630500,-16.060529493
2.454834000,-16.047900129
2.455037400,-16.039269108
2.455240900,-16.034639743
2.455444300,-16.030008723
2.455647800,-16.013379358
2.455851200,-16.008748337
2.456054700,-16.004118973
2.456258100,-15.987487952
2.456461600,-15.982858588
2.456665000,-15.978227567
2.456868500,-15.961598202
2.457071900,-15.956967182
2.457275400,-15.952337817
2.457478800,-15.935706796
2.457682300,-15.931077432
2.457885700,-15.926446411
2.458089200,-15.917817047
2.458292600,-15.905186026
2.458496100,-15.896556661
2.458699500,-15.891925641
2.458903000,-15.879296276
2.459106400,-15.870665255
2.459309900,-15.866035891
2.459513300,-15.853404870
2.459716800,-15.844775506
2.459920200,-15.840144485
2.460123700,-15.835515120
2.460327100,-15.818884100
2.460530600,-15.814254735
2.460734000,-15.809623714
2.460937500,-15.792994350
2.461141000,-15.788364985
2.461344400,-15.783733965
2.461547900,-15.767104600
2.461751300,-15.762473579
2.461954800,-15.757844215
2.462158200,-15.749213194
2.462361700,-15.736583830
2.462565100,-15.731952809
2.462768600,-15.723323444
2.462972000,-15.710692424
2.463175500,-15.706063059
2.463378900,-15.697432038
2.463582400,-15.684802674
2.463785800,-15.676171653
2.463989300,-15.671542289
2.464192700,-15.666911268
2.464396200,-15.650281903
2.464599600,-15.645650883
2.464803100,-15.641021518
2.465006500,-15.624390497
2.465210000,-15.619761133
2.465413400,-15.615130112
2.465616900,-15.598500748
2.465820300,-15.593869727
2.466023800,-15.585240362
2.466227200,-15.580609342
2.466430700,-15.567979977
2.466634100,-15.559348956
2.466837600,-15.554719592
2.467041000,-15.538088571
2.467244500,-15.533459207
2.467447900,-15.528828186
2.467651400,-15.512198821
2.467854800,-15.507567801
2.468058300,-15.498938436
2.468261700,-15.486307415
2.468465200,-15.477678051
2.468668600,-15.473047030
2.468872100,-15.468417666
2.469075500,-15.451786645
2.469279000,-15.447157280
2.469482400,-15.438526260
2.469685900,-15.421896895
2.469889300,-15.417265874
2.470092800,-15.412636510
2.470296200,-15.396005489
2.470499700,-15.391376125
2.470703100,-15.382745104
2.470906600,-15.378115739
2.471110000,-15.361484719
2.471313500,-15.356855354
2.471516900,-15.348224333
2.471720400,-15.335594969
2.471923800,-15.326963948
2.472127300,-15.322334584
2.472330700,-15.305703563
2.472534200,-15.301074198
2.472737600,-15.292443178
2.472941100,-15.287813813
2.473144500,-15.271182792
2.473348000,-15.266553428
2.473551400,-15.257922407
2.473754900,-15.241293043
2.473958300,-15.236662022
2.474161800,-15.232032657
2.474365200,-15.215401637
2.474568700,-15.210772272
2.474772100,-15.202141251
2.474975600,-15.197511887
2.475179000,-15.180880866
2.475382500,-15.176251502
2.475585900,-15.167620481
2.475789400,-15.150991116
2.475992800,-15.146360096
2.476196300,-15.141730731
2.476399700,-15.125099710
2.476603200,-15.120470346
2.476806600,-15.111839325
2.477010100,-15.099209961
2.477213500,-15.090578940
2.477417000,-15.085949575
2.477620400,-15.081318555
2.477823900,-15.064689190
2.478027300,-15.060058169
2.478230800,-15.051428805
2.478434200,-15.038797784
2.478637700,-15.030168420
2.478841100,-15.025537399
2.479044600,-15.008908034
2.479248000,-15.004277014
2.479451500,-14.999647649
2.479654900,-14.991016628
2.479858400,-14.978387264
2.480061800,-14.973756243
2.480265300,-14.965126879
2.480468800,-14.952497514
2.480672200,-14.943866493
2.480875700,-14.939237129
2.481079100,-14.926606108
2.481282600,-14.917976744
2.481486000,-14.913345723
2.481689500,-14.908716358
2.481892900,-14.892085338
2.482096400,-14.887455973
2.482299800,-14.882824952
2.482503300,-14.870195588
2.482706700,-14.861564567
2.482910200,-14.856935203
2.483113600,-14.844304182
2.483317100,-14.839674817
2.483520500,-14.831043797
2.483724000,-14.826414432
2.483927400,-14.813783411
2.484130900,-14.809154047
2.484334300,-14.800523026
2.484537800,-14.787893662
2.484741200,-14.783262641
2.484944700,-14.778633276
2.485148100,-14.766002256
2.485351600,-14.757372891
2.485555000,-14.752741870
2.485758500,-14.740112506
2.485961900,-14.735481485
2.486165400,-14.730852121
2.486368800,-14.726221100
2.486572300,-14.709591735
2.486775700,-14.704960715
2.486979200,-14.700331350
2.487182600,-14.687700329
2.487386100,-14.683070965
2.487589500,-14.678439944
2.487793000,-14.661810580
2.487996400,-14.657179559
2.488199900,-14.652550194
2.488403300,-14.647919174
2.488606800,-14.635289809
2.488810200,-14.630658788
2.489013700,-14.626029424
2.489217100,-14.613398403
2.489420600,-14.604769039
2.489624000,-14.600138018
2.489827500,-14.587508653
2.490030900,-14.582877633
2.490234400,-14.578248268
2.490437800,-14.573617247
2.490641300,-14.560987883
2.490844700,-14.556356862
2.491048200,-14.551727498
2.491251600,-14.539096477
2.491455100,-14.530467112
2.491658500,-14.525836092
2.491862000,-14.513206727
2.492065400,-14.508575706
2.492268900,-14.503946342
2.492472300,-14.499315321
2.492675800,-14.486685957
2.492879200,-14.482054936
2.493082700,-14.477425571
2.493286100,-14.460794551
2.493489600,-14.456165186
2.493693000,-14.451534165
2.493896500,-14.438904801
2.494099900,-14.434273780
2.494303400,-14.429644416
2.494506800,-14.425013395
2.494710300,-14.412384030
2.494913700,-14.403753010
2.495117200,-14.399123645
2.495320600,-14.386492624
2.495524100,-14.381863260
2.495727500,-14.377232239
2.495931000,-14.364602875
2.496134400,-14.359971854
2.496337900,-14.355342489
2.496541300,-14.338711469
2.496744800,-14.334082104
2.496948200,-14.329451083
2.497151700,-14.324821719
2.497355100,-14.312190698
2.497558600,-14.307561334
2.497762000,-14.302930313
2.497965500,-14.290300948
2.498168900,-14.285669928
2.498372400,-14.277040563
2.498575800,-14.264409542
2.498779300,-14.259780178
2.498982700,-14.255149157
2.499186200,-14.250519793
2.499389600,-14.237888772
2.499593100,-14.233259407
2.499796500,-14.228628387
2.500000000,-14.215999022
2.500203500,-14.211369658
2.500406900,-14.206738637
2.500610400,-14.194109272
2.500813800,-14.189478252
2.501017300,-14.180848887
2.501220700,-14.176217866
2.501424200,-14.163588502
2.501627600,-14.158957481
2.501831100,-14.154328117
2.502034500,-14.141697096
2.502238000,-14.137067731
2.502441400,-14.132436711
2.502644900,-14.119807346
2.502848300,-14.115176325
2.503051800,-14.110546961
2.503255200,-14.105915940
2.503458700,-14.093286576
2.503662100,-14.088655555
2.503865600,-14.084026190
2.504069000,-14.071395170
2.504272500,-14.066765805
2.504475900,-14.066134784
2.504679400,-14.053505420
2.504882800,-14.048874399
2.505086300,-14.044245035
2.505289700,-14.031614014
2.505493200,-14.026984649
2.505696600,-14.022353629
2.505900100,-14.017724264
2.506103500,-14.005093243
2.506307000,-14.000463879
2.506510400,-13.995832858
2.506713900,-13.987203494
2.506917300,-13.982572473
2.507120800,-13.977943108
2.507324200,-13.965312088
2.507527700,-13.960682723
2.507731100,-13.956051702
2.507934600,-13.951422338
2.508138000,-13.938791317
2.508341500,-13.938161953
2.508544900,-13.933530932
2.508748400,-13.920901567
2.508951800,-13.916270547
2.509155300,-13.911641182
2.509358700,-13.899010161
2.509562200,-13.894380797
2.509765600,-13.893749776
2.509969100,-13.889120412
2.510172500,-13.876489391
2.510376000,-13.871860026
2.510579400,-13.867229006
2.510782900,-13.858599641
2.510986300,-13.853968620
2.511189800,-13.849339256
2.511393200,-13.836708235
2.511596700,-13.832078871
2.511800100,-13.831447850
2.512003600,-13.826818485
2.512207000,-13.814187465
2.512410500,-13.809558100
2.512613900,-13.804927079
2.512817400,-13.796297715
2.513020800,-13.791666694
2.513224300,-13.787037330
2.513427700,-13.774406309
2.513631200,-13.773776944
2.513834600,-13.769145924
2.514038100,-13.764516559
2.514241500,-13.751885538
2.514445000,-13.751256174
2.514648400,-13.746625153
2.514851900,-13.733995789
2.515055300,-13.729364768
2.515258800,-13.728735403
2.515462200,-13.716104383
2.515665700,-13.711475018
2.515869100,-13.706843997
2.516072600,-13.698214633
2.516276000,-13.693583612
2.516479500,-13.688954248
2.516682900,-13.684323227
2.516886400,-13.675693862
2.517089800,-13.671062842
2.517293300,-13.666433477
2.517496700,-13.657802456
2.517700200,-13.653173092
2.517903600,-13.648542071
2.518107100,-13.639912707
2.518310500,-13.635281686
2.518514000,-13.630652321
2.518717400,-13.630021301
2.518920900,-13.617391936
2.519124300,-13.612760915
2.519327800,-13.612131551
2.519531300,-13.599502186
2.519734700,-13.594871166
2.519938200,-13.594241801
2.520141600,-13.581610780
2.520345100,-13.576981416
2.520548500,-13.576350395
2.520752000,-13.571721031
2.520955400,-13.563090010
2.521158900,-13.558460645
2.521362300,-13.553829625
2.521565800,-13.545200260
2.521769200,-13.540569239
2.521972700,-13.535939875
2.522176100,-13.527308854
2.522379600,-13.522679490
2.522583000,-13.522048469
2.522786500,-13.517419104
2.522989900,-13.508788084
2.523193400,-13.504158719
2.523396800,-13.499527698
2.523600300,-13.490898334
2.523803700,-13.486267313
2.524007200,-13.485637949
2.524210600,-13.477006928
2.524414100,-13.472377563
2.524617500,-13.467746543
2.524821000,-13.459117178
2.525024400,-13.458486157
2.525227900,-13.453856793
2.525431300,-13.449225772
2.525634800,-13.440596408
2.525838200,-13.439965387
2.526041700,-13.435336022
2.526245100,-13.426705002
2.526448600,-13.426075637
2.526652000,-13.421444616
2.526855500,-13.412815252
2.527058900,-13.408184231
2.527262400,-13.407554867
2.527465800,-13.402923846
2.527669300,-13.394294481
2.527872700,-13.393663461
2.528076200,-13.389034096
2.528279600,-13.380403075
2.528483100,-13.379773711
2.528686500,-13.375142690
2.528890000,-13.370513326
2.529093400,-13.365882305
2.529296900,-13.365252940
2.529500300,-13.360621920
2.529703800,-13.351992555
2.529907200,-13.351361534
2.530110700,-13.350732170
2.530314100,-13.342101149
2.530517600,-13.337471785
2.530721000,-13.336840764
2.530924500,-13.328211399
2.531127900,-13.327580379
2.531331400,-13.326951014
2.531534800,-13.322319993
2.531738300,-13.313690629
2.531941700,-13.313059608
2.532145200,-13.312430244
2.532348600,-13.303799223
2.532552100,-13.303169858
2.532755500,-13.298538838
2.532959000,-13.293909473
2.533162400,-13.289278452
2.533365900,-13.288649088
2.533569300,-13.280018067
2.533772800,-13.279388703
2.533976200,-13.278757682
2.534179700,-13.278128317
2.534383100,-13.269497297
2.534586600,-13.268867932
2.534790000,-13.264236911
2.534993500,-13.259607547
2.535196900,-13.254976526
2.535400400,-13.254347162
2.535603800,-13.249716141
2.535807300,-13.245086776
2.536010700,-13.244455756
2.536214200,-13.243826391
2.536417600,-13.235195370
2.536621100,-13.234566006
2.536824500,-13.233934985
2.537028000,-13.225305621
2.537231400,-13.224674600
2.537434900,-13.224045235
2.537638300,-13.215414215
2.537841800,-13.214784850
2.538045200,-13.214153829
2.538248700,-13.209524465
2.538452100,-13.204893444
2.538655600,-13.204264080
2.538859000,-13.199633059
2.539062500,-13.195003694
2.539266000,-13.194374330
2.539469400,-13.193743309
2.539672900,-13.185113945
2.539876300,-13.184482924
2.540079800,-13.183853559
2.540283200,-13.179222539
2.540486700,-13.174593174
2.540690100,-13.173962153
2.540893600,-13.169332789
2.541097000,-13.164701768
2.541300500,-13.164072404
2.541503900,-13.163441383
2.541707400,-13.154812018
2.541910800,-13.154180998
2.542114300,-13.153551633
2.542317700,-13.152920612
2.542521200,-13.144291248
2.542724600,-13.143660227
2.542928100,-13.143030863
2.543131500,-13.138399842
2.543335000,-13.133770477
2.543538400,-13.133139457
2.543741900,-13.128510092
2.543945300,-13.127879071
2.544148800,-13.127249707
2.544352200,-13.118618686
2.544555700,-13.117989322
2.544759100,-13.117358301
2.544962600,-13.116728936
2.545166000,-13.112097916
2.545369500,-13.111468551
2.545572900,-13.110837530
2.545776400,-13.102208166
2.545979800,-13.101577145
2.546183300,-13.100947781
2.546386700,-13.096316760
2.546590200,-13.095687395
2.546793600,-13.095056375
2.546997100,-13.094427010
2.547200500,-13.089795989
2.547404000,-13.089166625
2.547607400,-13.088535604
2.547810900,-13.083906240
2.548014300,-13.083275219
2.548217800,-13.082645854
2.548421200,-13.078014834
2.548624700,-13.077385469
2.548828100,-13.076754448
2.549031600,-13.076125084
2.549235000,-13.071494063
2.549438500,-13.070864699
2.549641900,-13.070233678
2.549845400,-13.069604313
2.550048800,-13.068973293
2.550252300,-13.068343928
2.550455700,-13.063712907
2.550659200,-13.063083543
2.550862600,-13.062452522
2.551066100,-13.065823158
2.551269500,-13.061192137
2.551473000,-13.060562772
2.551676400,-13.059931752
2.551879900,-13.059302387
2.552083300,-13.058671366
2.552286800,-13.058042002
2.552490200,-13.057410981
2.552693700,-13.056781617
2.552897100,-13.060150596
2.553100600,-13.055521231
2.553304000,-13.058890211
2.553507500,-13.058260846
2.553710900,-13.057629825
2.553914400,-13.057000461
2.554117800,-13.056369440
2.554321300,-13.059740076
2.554524700,-13.059109055
2.554728200,-13.058479690
2.554931600,-13.061848670
2.555135100,-13.057219305
2.555338500,-13.060588284
2.555542000,-13.059958920
2.555745400,-13.063327899
2.555948900,-13.062698535
2.556152300,-13.066067514
2.556355800,-13.065438149
2.556559200,-13.064807129
2.556762700,-13.068177764
2.556966100,-13.067546743
2.557169600,-13.070917379
2.557373000,-13.070286358
2.557576500,-13.073656994
2.557779900,-13.073025973
2.557983400,-13.076396608
2.558186800,-13.075765588
2.558390300,-13.079136223
2.558593800,-13.078506859
2.558797200,-13.081875838
2.559000700,-13.085246473
2.559204100,-13.084615453
2.559407600,-13.087986088
2.559611000,-13.091355067
2.559814500,-13.094725703
2.560017900,-13.094094682
2.560221400,-13.097465318
2.560424800,-13.100834297
2.560628300,-13.100204932
2.560831700,-13.103573912
2.561035200,-13.106944547
2.561238600,-13.106313526
2.561442100,-13.109684162
2.561645500,-13.113053141
2.561849000,-13.116423777
2.562052400,-13.115792756
2.562255900,-13.119163391
2.562459300,-13.122532371
2.562662800,-13.125903006
2.562866200,-13.129271985
2.563069700,-13.132642621
2.563273100,-13.132011600
2.563476600,-13.135382236
2.563680000,-13.138751215
2.563883500,-13.142121850
2.564086900,-13.145490830
2.564290400,-13.148861465
2.564493800,-13.152230444
2.564697300,-13.151601080
2.564900700,-13.154970059
2.565104200,-13.158340695
2.565307600,-13.161709674
2.565511100,-13.165080309
2.565714500,-13.168449289
2.565918000,-13.171819924
2.566121400,-13.175188903
2.566324900,-13.174559539
2.566528300,-13.177928518
2.566731800,-13.181299154
2.566935200,-13.184668133
2.567138700,-13.188038768
2.567342100,-13.191407748
2.567545600,-13.194778383
2.567749000,-13.198147362
2.567952500,-13.197517998
2.568155900,-13.200886977
2.568359400,-13.204257613
2.568562800,-13.207626592
2.568766300,-13.210997227
2.568969700,-13.214366207
2.569173200,-13.217736842
2.569376600,-13.217105821
2.569580100,-13.220476457
2.569783500,-13.223845436
2.569987000,-13.227216072
2.570190400,-13.230585051
2.570393900,-13.229955686
2.570597300,-13.233324666
2.570800800,-13.236695301
2.571004200,-13.240064280
2.571207700,-13.239434916
2.571411100,-13.242803895
2.571614600,-13.246174531
2.571818000,-13.249543510
2.572021500,-13.248914145
2.572224900,-13.252283125
2.572428400,-13.255653760
2.572631800,-13.255022739
2.572835300,-13.258393375
2.573038700,-13.257762354
2.573242200,-13.261132990
2.573445600,-13.264501969
2.573649100,-13.263872604
2.573852500,-13.267241584
2.574056000,-13.266612219
2.574259400,-13.269981198
2.574462900,-13.269351834
2.574666300,-13.272720813
2.574869800,-13.272091449
2.575073200,-13.275460428
2.575276700,-13.278831063
2.575480100,-13.278200043
2.575683600,-13.277570678
2.575887000,-13.280939657
2.576090500,-13.280310293
2.576293900,-13.283679272
2.576497400,-13.283049908
2.576700800,-13.282418887
2.576904300,-13.285789522
2.577107700,-13.285158502
2.577311200,-13.288529137
2.577514600,-13.287898116
2.577718100,-13.287268752
2.577921500,-13.290637731
2.578125000,-13.290008367
2.578328500,-13.289379002
2.578531900,-13.292747981
2.578735400,-13.292118617
2.578938800,-13.291487596
2.579142300,-13.294858232
2.579345700,-13.294227211
2.579549200,-13.293597846
2.579752600,-13.296966826
2.579956100,-13.296337461
2.580159500,-13.295706440
2.580363000,-13.295077076
2.580566400,-13.298446055
2.580769900,-13.297816691
2.580973300,-13.297185670
2.581176800,-13.300556305
2.581380200,-13.299925285
2.581583700,-13.299295920
2.581787100,-13.302664899
2.581990600,-13.302035535
2.582194000,-13.301404514
2.582397500,-13.300775150
2.582600900,-13.304144129
2.582804400,-13.303514764
2.583007800,-13.302883744
2.583211300,-13.306254379
2.583414700,-13.305623358
2.583618200,-13.304993994
2.583821600,-13.308362973
2.584025100,-13.307733609
2.584228500,-13.307102588
2.584432000,-13.310473223
2.584635400,-13.309842203
2.584838900,-13.309212838
2.585042300,-13.312581817
2.585245800,-13.315952453
2.585449200,-13.315321432
2.585652700,-13.314692068
2.585856100,-13.318061047
2.586059600,-13.321431682
2.586263000,-13.320800662
2.586466500,-13.320171297
2.586669900,-13.323540276
2.586873400,-13.322910912
2.587076800,-13.326279891
2.587280300,-13.329650527
2.587483700,-13.329019506
2.587687200,-13.332390141
2.587890600,-13.335759121
2.588094100,-13.335129756
2.588297500,-13.338498735
2.588501000,-13.337869371
2.588704400,-13.341238350
2.588907900,-13.344608986
2.589111300,-13.343977965
2.589314800,-13.347348600
2.589518200,-13.350717580
2.589721700,-13.354088215
2.589925100,-13.353457194
2.590128600,-13.356827830
2.590332000,-13.360196809
2.590535500,-13.363567445
2.590738900,-13.362936424
2.590942400,-13.366307059
2.591145800,-13.369676039
2.591349300,-13.373046674
2.591552700,-13.376415653
2.591756200,-13.379786289
2.591959600,-13.379155268
2.592163100,-13.382525904
2.592366500,-13.385894883
2.592570000,-13.389265518
2.592773400,-13.392634498
2.592976900,-13.396005133
2.593180300,-13.399374112
2.593383800,-13.402744748
2.593587200,-13.402113727
2.593790700,-13.405484363
2.593994100,-13.408853342
2.594197600,-13.412223977
2.594401000,-13.415592957
2.594604500,-13.418963592
2.594807900,-13.422332571
2.595011400,-13.425703207
2.595214800,-13.429072186
2.595418300,-13.432442822
2.595621700,-13.435811801
2.595825200,-13.439182436
2.596028600,-13.442551416
2.596232100,-13.445922051
2.596435500,-13.449291030
2.596639000,-13.452661666
2.596842400,-13.456030645
2.597045900,-13.459401281
2.597249300,-13.462770260
2.597452800,-13.466140895
2.597656300,-13.469511531
2.597859700,-13.472880510
2.598063200,-13.476251146
2.598266600,-13.479620125
2.598470100,-13.482990760
2.598673500,-13.490359740
2.598877000,-13.493730375
2.599080400,-13.497099354
2.599283900,-13.500469990
2.599487300,-13.503838969
2.599690800,-13.507209605
2.599894200,-13.510578584
2.600097700,-13.513949219
2.600301100,-13.517318199
2.600504600,-13.520688834
2.600708000,-13.524057813
2.600911500,-13.527428449
2.601114900,-13.530797428
2.601318400,-13.534168064
2.601521800,-13.537537043
2.601725300,-13.540907678
2.601928700,-13.544276658
2.602132200,-13.547647293
2.602335600,-13.551016272
2.602539100,-13.554386908
2.602742500,-13.557755887
2.602946000,-13.557126523
2.603149400,-13.560495502
2.603352900,-13.563866137
2.603556300,-13.567235117
2.603759800,-13.566605752
2.603963200,-13.569974731
2.604166700,-13.569345367
2.604370100,-13.572714346
2.604573600,-13.572084982
2.604777000,-13.575453961
2.604980500,-13.574824596
2.605183900,-13.574193576
2.605387400,-13.577564211
2.605590800,-13.576933190
2.605794300,-13.576303826
2.605997700,-13.575672805
2.606201200,-13.579043441
2.606404600,-13.574412420
2.606608100,-13.573783055
2.606811500,-13.577152035
2.607015000,-13.572522670
2.607218400,-13.571891649
2.607421900,-13.571262285
2.607625300,-13.570631264
2.607828800,-13.566001900
2.608032200,-13.565370879
2.608235700,-13.564741514
2.608439100,-13.560110494
2.608642600,-13.559481129
2.608846000,-13.558850108
2.609049500,-13.550220744
2.609252900,-13.549589723
2.609456400,-13.548960359
2.609659800,-13.544329338
2.609863300,-13.539699973
2.610066700,-13.539068953
2.610270200,-13.538439588
2.610473600,-13.529808567
2.610677100,-13.529179203
2.610880500,-13.528548182
2.611084000,-13.519918818
2.611287400,-13.519287797
2.611490900,-13.514658432
2.611694300,-13.510027412
2.611897800,-13.505398047
2.612101200,-13.504767026
2.612304700,-13.504137662
2.612508100,-13.495506641
2.612711600,-13.494877277
2.612915000,-13.494246256
2.613118500,-13.485616891
2.613321900,-13.484985871
2.613525400,-13.480356506
2.613728800,-13.475725485
2.613932300,-13.471096121
2.614135700,-13.470465100
2.614339200,-13.469835736
2.614542600,-13.461204715
2.614746100,-13.460575350
2.614949500,-13.459944330
2.615153000,-13.451314965
2.615356400,-13.450683944
2.615559900,-13.450054580
2.615763300,-13.441423559
2.615966800,-13.440794195
2.616170200,-13.440163174
2.616373700,-13.439533809
2.616577100,-13.430902789
2.616780600,-13.430273424
2.616984000,-13.429642403
2.617187500,-13.421013039
2.617391000,-13.420383674
2.617594400,-13.419752654
2.617797900,-13.411123289
2.618001300,-13.410492268
2.618204800,-13.409862904
2.618408200,-13.405231883
2.618611700,-13.400602519
2.618815100,-13.395971498
2.619018600,-13.395342133
2.619222000,-13.386711113
2.619425500,-13.386081748
2.619628900,-13.385450727
2.619832400,-13.376821363
2.620035800,-13.376190342
2.620239300,-13.371560978
2.620442700,-13.362929957
2.620646200,-13.362300592
2.620849600,-13.357669572
2.621053100,-13.357040207
2.621256500,-13.348409186
2.621460000,-13.343779822
2.621663400,-13.339148801
2.621866900,-13.330519437
2.622070300,-13.329888416
2.622273800,-13.325259051
2.622477200,-13.312628031
2.622680700,-13.311998666
2.622884100,-13.307367645
2.623087600,-13.302738281
2.623291000,-13.290107260
2.623494500,-13.289477896
2.623697900,-13.284846875
2.623901400,-13.272217510
2.624104800,-13.267586490
2.624308300,-13.262957125
2.624511700,-13.250326104
2.624715200,-13.245696740
2.624918600,-13.241065719
2.625122100,-13.236436355
2.625325500,-13.223805334
2.625529000,-13.219175969
2.625732400,-13.210544949
2.625935900,-13.197915584
2.626139300,-13.193284563
2.626342800,-13.188655199
2.626546200,-13.172024178
2.626749700,-13.167394814
2.626953100,-13.162763793
2.627156600,-13.154134428
2.627360000,-13.141503408
2.627563500,-13.132874043
2.627766900,-13.128243022
2.627970400,-13.111613658
2.628173800,-13.106982637
2.628377300,-13.098353273
2.628580700,-13.081722252
2.628784200,-13.077092887
2.628987600,-13.068461867
2.629191100,-13.051832502
2.629394500,-13.047201481
2.629598000,-13.038572117
2.629801400,-13.033941096
2.630004900,-13.013311732
2.630208300,-13.008680711
2.630411800,-13.000051346
2.630615200,-12.983420326
2.630818700,-12.974790961
2.631022100,-12.970159940
2.631225600,-12.949530576
2.631429000,-12.944899555
2.631632500,-12.936270191
2.631835900,-12.927639170
2.632039400,-12.911009805
2.632242800,-12.902378785
2.632446300,-12.893749420
2.632649700,-12.877118399
2.632853200,-12.868489035
2.633056600,-12.859858014
2.633260100,-12.843228650
2.633463500,-12.834597629
2.633667000,-12.825968264
2.633870400,-12.817337244
2.634073900,-12.800707879
2.634277300,-12.792076858
2.634480800,-12.783447494
2.634684200,-12.762816473
2.634887700,-12.754187109
2.635091100,-12.745556088
2.635294600,-12.728926723
2.635498000,-12.720295703
2.635701500,-12.711666338
2.635904900,-12.703035317
2.636108400,-12.682405953
2.636311800,-12.673774932
2.636515300,-12.665145568
2.636718800,-12.644516203
2.636922200,-12.635885182
2.637125700,-12.627255818
2.637329100,-12.606624797
2.637532600,-12.597995433
2.637736000,-12.589364412
2.637939500,-12.580735047
2.638142900,-12.560104027
2.638346400,-12.551474662
2.638549800,-12.542843641
2.638753300,-12.522214277
2.638956700,-12.513583256
2.639160200,-12.504953892
2.639363600,-12.484322871
2.639567100,-12.475693506
2.639770500,-12.467062486
2.639974000,-12.446433121
2.640177400,-12.437802100
2.640380900,-12.429172736
2.640584300,-12.420541715
2.640787800,-12.395912351
2.640991200,-12.387281330
2.641194700,-12.378651965
2.641398100,-12.358020945
2.641601600,-12.349391580
2.641805000,-12.340760559
2.642008500,-12.320131195
2.642211900,-12.307500174
2.642415400,-12.298870810
2.642618800,-12.290239789
2.642822300,-12.269610424
2.643025700,-12.260979404
2.643229200,-12.252350039
2.643432600,-12.231719018
2.643636100,-12.223089654
2.643839500,-12.210458633
2.644043000,-12.189829269
2.644246400,-12.181198248
2.644449900,-12.172568883
2.644653300,-12.163937863
2.644856800,-12.143308498
2.645060200,-12.134677477
2.645263700,-12.122048113
2.645467100,-12.101417092
2.645670600,-12.092787728
2.645874000,-12.084156707
2.646077500,-12.063527342
2.646280900,-12.054896322
2.646484400,-12.046266957
2.646687800,-12.033635936
2.646891300,-12.013006572
2.647094700,-12.004375551
2.647298200,-11.995746187
2.647501600,-11.975115166
2.647705100,-11.966485801
2.647908500,-11.957854781
2.648112000,-11.937225416
2.648315400,-11.924594395
2.648518900,-11.915965031
2.648722300,-11.895334010
2.648925800,-11.886704646
2.649129200,-11.878073625
2.649332700,-11.869444260
2.649536100,-11.848813240
2.649739600,-11.840183875
2.649943000,-11.831552854
2.650146500,-11.810923490
2.650349900,-11.802292469
2.650553400,-11.793663105
2.650756800,-11.773032084
2.650960300,-11.760402719
2.651163700,-11.751771699
2.651367200,-11.743142334
2.651570600,-11.722511313
2.651774100,-11.713881949
2.651977500,-11.705250928
2.652181000,-11.684621564
2.652384400,-11.675990543
2.652587900,-11.667361178
2.652791300,-11.646730158
2.652994800,-11.638100793
2.653198200,-11.629469772
2.653401700,-11.620840408
2.653605100,-11.600209387
2.653808600,-11.591580023
2.654012000,-11.582949002
2.654215500,-11.562319637
2.654418900,-11.553688617
2.654622400,-11.545059252
2.654825800,-11.524428231
2.655029300,-11.515798867
2.655232700,-11.507167846
2.655436200,-11.498538482
2.655639600,-11.477907461
2.655843100,-11.469278096
2.656046500,-11.460647076
2.656250000,-11.440017711
2.656453500,-11.435388347
2.656656900,-11.426757326
2.656860400,-11.406127961
2.657063800,-11.397496941
2.657267300,-11.388867576
2.657470700,-11.368236555
2.657674200,-11.359607191
2.657877600,-11.350976170
2.658081100,-11.342346806
2.658284500,-11.321715785
2.658488000,-11.313086420
2.658691400,-11.304455400
2.658894900,-11.287826035
2.659098300,-11.279195014
2.659301800,-11.270565650
2.659505200,-11.249934629
2.659708700,-11.241305265
2.659912100,-11.232674244
2.660115600,-11.228044879
2.660319000,-11.207413859
2.660522500,-11.198784494
2.660725900,-11.190153473
2.660929400,-11.169524109
2.661132800,-11.164893088
2.661336300,-11.156263724
2.661539700,-11.135632703
2.661743200,-11.127003338
2.661946600,-11.122372318
2.662150100,-11.113742953
2.662353500,-11.093111932
2.662557000,-11.088482568
2.662760400,-11.079851547
2.662963900,-11.059222183
2.663167300,-11.054591162
2.663370800,-11.045961797
2.663574200,-11.025330777
2.663777700,-11.020701412
2.663981100,-11.012070391
2.664184600,-11.003441027
2.664388000,-10.986810006
2.664591500,-10.978180642
2.664794900,-10.973549621
2.664998400,-10.952920256
2.665201800,-10.948289236
2.665405300,-10.939659871
2.665608700,-10.923028850
2.665812200,-10.914399486
2.666015600,-10.909768465
2.666219100,-10.901139101
2.666422500,-10.884508080
2.666626000,-10.875878715
2.666829400,-10.871247695
2.667032900,-10.854618330
2.667236300,-10.845987309
2.667439800,-10.841357945
2.667643200,-10.824726924
2.667846700,-10.816097560
2.668050100,-10.811466539
2.668253600,-10.794837174
2.668457000,-10.786206154
2.668660500,-10.781576789
2.668863900,-10.772945768
2.669067400,-10.756316404
2.669270800,-10.751685383
2.669474300,-10.743056019
2.669677700,-10.726424998
2.669881200,-10.721795633
2.670084600,-10.717164613
2.670288100,-10.700535248
2.670491500,-10.691904227
2.670695000,-10.687274863
2.670898400,-10.678643842
2.671101900,-10.666014478
2.671305300,-10.657383457
2.671508800,-10.652754092
2.671712200,-10.636123072
2.671915700,-10.631493707
2.672119100,-10.622862686
2.672322600,-10.610233322
2.672526000,-10.601602301
2.672729500,-10.596972937
2.672932900,-10.588341916
2.673136400,-10.575712551
2.673339800,-10.567081531
2.673543300,-10.562452166
2.673746700,-10.545821145
2.673950200,-10.541191781
2.674153600,-10.532560760
2.674357100,-10.519931396
2.674560500,-10.511300375
2.674764000,-10.506671010
2.674967400,-10.498039990
2.675170900,-10.485410625
2.675374300,-10.476779604
2.675577800,-10.472150240
2.675781300,-10.455520875
2.675984700,-10.450889855
2.676188200,-10.442260490
2.676391600,-10.425629469
2.676595100,-10.421000105
2.676798500,-10.412369084
2.677002000,-10.395739720
2.677205400,-10.391108699
2.677408900,-10.386479334
2.677612300,-10.377848314
2.677815800,-10.361218949
2.678019200,-10.356587928
2.678222700,-10.347958564
2.678426100,-10.331327543
2.678629600,-10.326698179
2.678833000,-10.318067158
2.679036500,-10.301437793
2.679239900,-10.296806773
2.679443400,-10.288177408
2.679646800,-10.279546387
2.679850300,-10.262917023
2.680053700,-10.258286002
2.680257200,-10.249656638
2.680460600,-10.233025617
2.680664100,-10.224396252
2.680867500,-10.219765232
2.681071000,-10.203135867
2.681274400,-10.194504846
2.681477900,-10.185875482
2.681681300,-10.181244461
2.681884800,-10.164615097
2.682088200,-10.155984076
2.682291700,-10.147354711
2.682495100,-10.130723691
2.682698600,-10.122094326
2.682902000,-10.117463305
2.683105500,-10.096833941
2.683308900,-10.088202920
2.683512400,-10.083573556
2.683715800,-10.074942535
2.683919300,-10.058313170
2.684122700,-10.049682150
2.684326200,-10.041052785
2.684529600,-10.024421764
2.684733100,-10.015792400
2.684936500,-10.007161379
2.685140000,-9.990532015
2.685343400,-9.981900994
2.685546900,-9.973271629
2.685750300,-9.968640609
2.685953800,-9.948011244
2.686157200,-9.939380223
2.686360700,-9.934750859
2.686564100,-9.914119838
2.686767600,-9.905490474
2.686971000,-9.900859453
2.687174500,-9.880230088
2.687377900,-9.871599068
2.687581400,-9.866969703
2.687784800,-9.846338682
2.687988300,-9.841709318
2.688191700,-9.833078297
2.688395200,-9.824448933
2.688598600,-9.807817912
2.688802100,-9.799188547
2.689005500,-9.790557527
2.689209000,-9.773928162
2.689412400,-9.765297141
2.689615900,-9.760667777
2.689819300,-9.740036756
2.690022800,-9.735407392
2.690226200,-9.726776371
2.690429700,-9.718147006
2.690633100,-9.701515986
2.690836600,-9.692886621
2.691040000,-9.688255600
2.691243500,-9.667626236
2.691446900,-9.662995215
2.691650400,-9.654365851
2.691853800,-9.637734830
2.692057300,-9.633105465
2.692260700,-9.624474444
2.692464200,-9.615845080
2.692667600,-9.599214059
2.692871100,-9.594584695
2.693074500,-9.585953674
2.693278000,-9.569324310
2.693481400,-9.564693289
2.693684900,-9.556063924
2.693888300,-9.539432903
2.694091800,-9.534803539
2.694295200,-9.530172518
2.694498700,-9.521543154
2.694702100,-9.504912133
2.694905600,-9.500282769
2.695109000,-9.491651748
2.695312500,-9.479022383
2.695516000,-9.470393019
2.695719400,-9.465761998
2.695922900,-9.449132634
2.696126300,-9.444501613
2.696329800,-9.439872248
2.696533200,-9.423241228
2.696736700,-9.418611863
2.696940100,-9.409980842
2.697143600,-9.405351478
2.697347000,-9.392720457
2.697550500,-9.384091093
2.697753900,-9.379460072
2.697957400,-9.366830707
2.698160800,-9.358199687
2.698364300,-9.353570322
2.698567700,-9.340939301
2.698771200,-9.332309937
2.698974600,-9.327678916
2.699178100,-9.323049552
2.699381500,-9.310418531
2.699585000,-9.301789166
2.699788400,-9.297158146
2.699991900,-9.284528781
2.700195300,-9.279897760
2.700398800,-9.275268396
2.700602200,-9.262637375
2.700805700,-9.254008011
2.701009100,-9.249376990
2.701212600,-9.244747625
2.701416000,-9.232116605
2.701619500,-9.227487240
2.701822900,-9.222856219
2.702026400,-9.210226855
2.702229800,-9.205595834
2.702433300,-9.200966470
2.702636700,-9.188335449
2.702840200,-9.183706084
2.703043600,-9.179075064
2.703247100,-9.174445699
2.703450500,-9.161814678
2.703654000,-9.157185314
2.703857400,-9.152554293
2.704060900,-9.139924929
2.704264300,-9.135293908
2.704467800,-9.130664543
2.704671200,-9.118033523
2.704874700,-9.113404158
2.705078100,-9.108773137
2.705281600,-9.096143773
2.705485000,-9.095512752
2.705688500,-9.090883388
2.705891900,-9.086252367
2.706095400,-9.073623002
2.706298800,-9.068991982
2.706502300,-9.064362617
2.706705700,-9.055731596
2.706909200,-9.051102232
2.707112600,-9.046471211
2.707316100,-9.037841847
2.707519500,-9.033210826
2.707723000,-9.028581461
2.707926400,-9.023950441
2.708129900,-9.015321076
2.708333300,-9.010690055
2.708536800,-9.010060691
2.708740200,-8.997429670
2.708943700,-8.996800306
2.709147100,-8.992169285
2.709350600,-8.983539920
2.709554000,-8.978908899
2.709757500,-8.978279535
2.709960900,-8.973648514
2.710164400,-8.965019150
2.710367800,-8.960388129
2.710571300,-8.959758765
2.710774700,-8.951127744
2.710978200,-8.946498379
2.711181600,-8.945867358
2.711385100,-8.937237994
2.711588500,-8.932606973
2.711792000,-8.931977609
2.711995400,-8.927346588
2.712198900,-8.918717224
2.712402300,-8.918086203
2.712605800,-8.913456838
2.712809200,-8.908825817
2.713012700,-8.904196453
2.713216100,-8.903565432
2.713419600,-8.894936068
2.713623000,-8.894305047
2.713826500,-8.889675683
2.714029900,-8.889044662
2.714233400,-8.880415297
2.714436800,-8.879784276
2.714640300,-8.879154912
2.714843800,-8.870525548
2.715047200,-8.869894527
2.715250700,-8.865265162
2.715454100,-8.860634142
2.715657600,-8.860004777
2.715861000,-8.855373756
2.716064500,-8.850744392
2.716267900,-8.846113371
2.716471400,-8.845484007
2.716674800,-8.844852986
2.716878300,-8.836223621
2.717081700,-8.835592601
2.717285200,-8.834963236
2.717488600,-8.826332215
2.717692100,-8.825702851
2.717895500,-8.825071830
2.718099000,-8.816442466
2.718302400,-8.815811445
2.718505900,-8.815182080
2.718709300,-8.814551060
2.718912800,-8.805921695
2.719116200,-8.805290674
2.719319700,-8.804661310
2.719523100,-8.796030289
2.719726600,-8.795400925
2.719930000,-8.794769904
2.720133500,-8.790140539
2.720336900,-8.785509519
2.720540400,-8.784880154
2.720743800,-8.784249133
2.720947300,-8.779619769
2.721150700,-8.774988748
2.721354200,-8.774359384
2.721557600,-8.769728363
2.721761100,-8.769098998
2.721964500,-8.764467978
2.722168000,-8.759838613
2.722371400,-8.759207592
2.722574900,-8.758578228
2.722778300,-8.757947207
2.722981800,-8.749317843
2.723185200,-8.748686822
2.723388700,-8.748057457
2.723592100,-8.743426437
2.723795600,-8.742797072
2.723999000,-8.742166051
2.724202500,-8.733536687
2.724405900,-8.732905666
2.724609400,-8.732276302
2.724812800,-8.727645281
2.725016300,-8.727015916
2.725219700,-8.726384895
2.725423200,-8.725755531
2.725626600,-8.721124510
2.725830100,-8.720495146
2.726033500,-8.719864125
2.726237000,-8.715234761
2.726440400,-8.714603740
2.726643900,-8.713974375
2.726847300,-8.709343354
2.727050800,-8.712713990
2.727254200,-8.712082969
2.727457700,-8.711453605
2.727661100,-8.706822584
2.727864600,-8.706193220
2.728068000,-8.705562199
2.728271500,-8.704932834
2.728474900,-8.704301813
2.728678400,-8.703672449
2.728881800,-8.699041428
2.729085300,-8.702412064
2.729288700,-8.701781043
2.729492200,-8.701151679
2.729695600,-8.700520658
2.729899100,-8.699891293
2.730102500,-8.699260272
2.730306000,-8.698630908
2.730509400,-8.697999887
2.730712900,-8.701370523
2.730916300,-8.696739502
2.731119800,-8.700110138
2.731323200,-8.699479117
2.731526700,-8.702849752
2.731730100,-8.698218731
2.731933600,-8.701589367
2.732137000,-8.700958346
2.732340500,-8.700328982
2.732543900,-8.703697961
2.732747400,-8.703068597
2.732950800,-8.702437576
2.733154300,-8.705808211
2.733357700,-8.705177190
2.733561200,-8.704547826
2.733764600,-8.707916805
2.733968100,-8.711287441
2.734171500,-8.710656420
2.734375000,-8.710027056
2.734578500,-8.713397691
2.734781900,-8.712766670
2.734985400,-8.716137306
2.735188800,-8.715506285
2.735392300,-8.718876921
2.735595700,-8.718245900
2.735799200,-8.721616535
2.736002600,-8.724985515
2.736206100,-8.724356150
2.736409500,-8.727725129
2.736613000,-8.727095765
2.736816400,-8.730464744
2.737019900,-8.729835380
2.737223300,-8.733204359
2.737426800,-8.736574994
2.737630200,-8.735943974
2.737833700,-8.739314609
2.738037100,-8.742683588
2.738240600,-8.742054224
2.738444000,-8.745423203
2.738647500,-8.748793839
2.738850900,-8.748162818
2.739054400,-8.751533453
2.739257800,-8.750902433
2.739461300,-8.754273068
2.739664700,-8.753642047
2.739868200,-8.757012683
2.740071600,-8.760381662
2.740275100,-8.759752298
2.740478500,-8.763121277
2.740682000,-8.762491912
2.740885400,-8.765860891
2.741088900,-8.765231527
2.741292300,-8.768600506
2.741495800,-8.767971142
2.741699200,-8.771340121
2.741902700,-8.770710757
2.742106100,-8.774079736
2.742309600,-8.773450371
2.742513000,-8.772819350
2.742716500,-8.776189986
2.742919900,-8.775558965
2.743123400,-8.774929601
2.743326800,-8.774298580
2.743530300,-8.777669216
2.743733700,-8.777038195
2.743937200,-8.776408830
2.744140600,-8.775777809
2.744344100,-8.775148445
2.744547500,-8.774517424
2.744751000,-8.773888060
2.744954400,-8.773257039
2.745157900,-8.772627675
2.745361300,-8.771996654
2.745564800,-8.771367289
2.745768200,-8.766736268
2.745971700,-8.766106904
2.746175100,-8.765475883
2.746378600,-8.760846519
2.746582000,-8.760215498
2.746785500,-8.755586134
2.746988900,-8.754955113
2.747192400,-8.750325748
2.747395800,-8.749694727
2.747599300,-8.745065363
2.747802700,-8.740434342
2.748006200,-8.735804978
2.748209600,-8.735173957
2.748413100,-8.726544593
2.748616500,-8.725913572
2.748820000,-8.721284207
2.749023400,-8.716653186
2.749226900,-8.708023822
2.749430300,-8.707392801
2.749633800,-8.702763437
2.749837200,-8.694132416
2.750040700,-8.689503052
2.750244100,-8.684872031
2.750447600,-8.676242666
2.750651000,-8.671611645
2.750854500,-8.666982281
2.751057900,-8.662351260
2.751261400,-8.653721896
2.751464800,-8.649090875
2.751668300,-8.644461511
2.751871700,-8.631830490
2.752075200,-8.627201125
2.752278600,-8.622570104
2.752482100,-8.609940740
2.752685500,-8.605309719
2.752889000,-8.600680355
2.753092400,-8.588049334
2.753295900,-8.579419970
2.753499300,-8.574788949
2.753702800,-8.570159584
2.753906300,-8.557530220
2.754109700,-8.552899199
2.754313200,-8.548269835
2.754516600,-8.531638814
2.754720100,-8.527009449
2.754923500,-8.522378429
2.755127000,-8.509749064
2.755330400,-8.505118043
2.755533900,-8.500488679
2.755737300,-8.491857658
2.755940800,-8.479228294
2.756144200,-8.474597273
2.756347700,-8.469967908
2.756551100,-8.453336887
2.756754600,-8.448707523
2.756958000,-8.444076502
2.757161500,-8.427447138
2.757364900,-8.422816117
2.757568400,-8.418186753
2.757771800,-8.413555732
2.757975300,-8.396926367
2.758178700,-8.392295346
2.758382200,-8.387665982
2.758585600,-8.375034961
2.758789100,-8.366405597
2.758992500,-8.361774576
2.759196000,-8.349145212
2.759399400,-8.344514191
2.759602900,-8.339884826
2.759806300,-8.331253805
2.760009800,-8.318624441
2.760213200,-8.313993420
2.760416700,-8.309364056
2.760620100,-8.292733035
2.760823600,-8.288103671
2.761027000,-8.283472650
2.761230500,-8.270843285
2.761433900,-8.262212264
2.761637400,-8.257582900
2.761840800,-8.252951879
2.762044300,-8.240322515
2.762247700,-8.235691494
2.762451200,-8.227062130
2.762654600,-8.214431109
2.762858100,-8.209801744
2.763061500,-8.205170723
2.763265000,-8.188541359
2.763468400,-8.183910338
2.763671900,-8.179280974
2.763875300,-8.166649953
2.764078800,-8.158020589
2.764282200,-8.153389568
2.764485700,-8.148760203
2.764689100,-8.136129182
2.764892600,-8.127499818
2.765096000,-8.122868797
2.765299500,-8.110239433
2.765502900,-8.105608412
2.765706400,-8.096979048
2.765909800,-8.084348027
2.766113300,-8.079718662
2.766316700,-8.071087641
2.766520200,-8.066458277
2.766723600,-8.053827256
2.766927100,-8.045197892
2.767130500,-8.040566871
2.767334000,-8.027937507
2.767537400,-8.019306486
2.767740900,-8.014677121
2.767944300,-8.002046100
2.768147800,-7.993416736
2.768351200,-7.988785715
2.768554700,-7.984156351
2.768758100,-7.967525330
2.768961600,-7.962895966
2.769165000,-7.958264945
2.769368500,-7.941635580
2.769571900,-7.937004559
2.769775400,-7.932375195
2.769978800,-7.915744174
2.770182300,-7.911114810
2.770385700,-7.906483789
2.770589200,-7.897854425
2.770792600,-7.885223404
2.770996100,-7.880594039
2.771199500,-7.871963018
2.771403000,-7.859333654
2.771606400,-7.850702633
2.771809900,-7.846073269
2.772013300,-7.833442248
2.772216800,-7.824812883
2.772420200,-7.820181863
2.772623700,-7.803552498
2.772827100,-7.798921477
2.773030600,-7.794292113
2.773234000,-7.789661092
2.773437500,-7.773031728
2.773641000,-7.768402363
2.773844400,-7.763771342
2.774047900,-7.747141978
2.774251300,-7.742510957
2.774454800,-7.733881593
2.774658200,-7.721250572
2.774861700,-7.716621208
2.775065100,-7.707990187
2.775268600,-7.703360822
2.775472000,-7.690729801
2.775675500,-7.682100437
2.775878900,-7.677469416
2.776082400,-7.660840052
2.776285800,-7.656209031
2.776489300,-7.651579667
2.776692700,-7.634948646
2.776896200,-7.630319281
2.777099600,-7.625688260
2.777303100,-7.621058896
2.777506500,-7.604427875
2.777710000,-7.599798511
2.777913400,-7.595167490
2.778116900,-7.578538126
2.778320300,-7.573907105
2.778523800,-7.569277740
2.778727200,-7.552646719
2.778930700,-7.548017355
2.779134100,-7.543386334
2.779337600,-7.538756970
2.779541000,-7.522125949
2.779744500,-7.517496585
2.779947900,-7.512865564
2.780151400,-7.496236199
2.780354800,-7.491605178
2.780558300,-7.486975814
2.780761700,-7.470344793
2.780965200,-7.465715429
2.781168600,-7.461084408
2.781372100,-7.444455044
2.781575500,-7.439824023
2.781779000,-7.435194658
2.781982400,-7.430563637
2.782185900,-7.413934273
2.782389300,-7.409303252
2.782592800,-7.404673888
2.782796200,-7.392042867
2.782999700,-7.383413503
2.783203100,-7.378782482
2.783406600,-7.366153117
2.783610000,-7.361522096
2.783813500,-7.352892732
2.784016900,-7.348261711
2.784220400,-7.335632347
2.784423800,-7.331001326
2.784627300,-7.322371962
2.784830700,-7.309740941
2.785034200,-7.305111576
2.785237600,-7.300480555
2.785441100,-7.283851191
2.785644500,-7.279220170
2.785848000,-7.274590806
2.786051400,-7.269959785
2.786254900,-7.253330421
2.786458300,-7.248699400
2.786661800,-7.244070035
2.786865200,-7.231439014
2.787068700,-7.222809650
2.787272100,-7.218178629
2.787475600,-7.205549265
2.787679000,-7.200918244
2.787882500,-7.192288879
2.788085900,-7.187657859
2.788289400,-7.175028494
2.788492800,-7.170397473
2.788696300,-7.161768109
2.788899700,-7.149137088
2.789103200,-7.144507724
2.789306600,-7.139876703
2.789510100,-7.123247338
2.789713500,-7.118616318
2.789917000,-7.113986953
2.790120400,-7.109355932
2.790323900,-7.092726568
2.790527300,-7.088095547
2.790730800,-7.083466183
2.790934200,-7.066835162
2.791137700,-7.062205797
2.791341100,-7.057574777
2.791544600,-7.040945412
2.791748000,-7.036314391
2.791951500,-7.031685027
2.792154900,-7.015054006
2.792358400,-7.010424642
2.792561800,-7.005793621
2.792765300,-7.001164256
2.792968800,-6.984534892
2.793172200,-6.979903871
2.793375700,-6.975274507
2.793579100,-6.958643486
2.793782600,-6.954014122
2.793986000,-6.949383101
2.794189500,-6.932753736
2.794392900,-6.928122715
2.794596400,-6.923493351
2.794799800,-6.918862330
2.795003300,-6.902232966
2.795206700,-6.897601945
2.795410200,-6.892972581
2.795613600,-6.876341560
2.795817100,-6.871712195
2.796020500,-6.867081174
2.796224000,-6.850451810
2.796427400,-6.845820789
2.796630900,-6.841191425
2.796834300,-6.832560404
2.797037800,-6.819931040
2.797241200,-6.815300019
2.797444700,-6.806670654
2.797648100,-6.794039633
2.797851600,-6.789410269
2.798055000,-6.784779248
2.798258500,-6.768149884
2.798461900,-6.763518863
2.798665400,-6.758889499
2.798868800,-6.750258478
2.799072300,-6.737629113
2.799275700,-6.732998092
2.799479200,-6.728368728
2.799682600,-6.711737707
2.799886100,-6.707108343
2.800089500,-6.702477322
2.800293000,-6.685847958
2.800496400,-6.681216937
2.800699900,-6.676587572
2.800903300,-6.659956551
2.801106800,-6.655327187
2.801310200,-6.650696166
2.801513700,-6.646066802
2.801717100,-6.629435781
2.801920600,-6.624806417
2.802124000,-6.620175396
2.802327500,-6.607546031
2.802530900,-6.602915010
2.802734400,-6.594285646
2.802937800,-6.581654625
2.803141300,-6.577025261
2.803344700,-6.572394240
2.803548200,-6.563764875
2.803751600,-6.551133855
2.803955100,-6.546504490
2.804158500,-6.541873469
2.804362000,-6.525244105
2.804565400,-6.520613084
2.804768900,-6.515983720
2.804972300,-6.503352699
2.805175800,-6.494723334
2.805379200,-6.490092314
2.805582700,-6.485462949
2.805786100,-6.472831928
2.805989600,-6.468202564
2.806193000,-6.459571543
2.806396500,-6.446942179
2.806599900,-6.442311158
2.806803400,-6.437681793
2.807006800,-6.421050773
2.807210300,-6.416421408
2.807413700,-6.411790387
2.807617200,-6.407161023
2.807820600,-6.390530002
2.808024100,-6.385900638
2.808227500,-6.381269617
2.808431000,-6.368640252
2.808634400,-6.360009232
2.808837900,-6.355379867
2.809041300,-6.342748846
2.809244800,-6.338119482
2.809448200,-6.329488461
2.809651700,-6.324859097
2.809855100,-6.312228076
2.810058600,-6.307598711
2.810262000,-6.298967691
2.810465500,-6.286338326
2.810668900,-6.281707305
2.810872400,-6.273077941
2.811075800,-6.260446920
2.811279300,-6.255817556
2.811482700,-6.251186535
2.811686200,-6.234557170
2.811889600,-6.229926150
2.812093100,-6.225296785
2.812296500,-6.220665764
2.812500000,-6.204036400
2.812703500,-6.199407036
2.812906900,-6.194776015
2.813110400,-6.178146650
2.813313800,-6.173515629
2.813517300,-6.168886265
2.813720700,-6.152255244
2.813924200,-6.147625880
2.814127600,-6.142994859
2.814331100,-6.138365495
2.814534500,-6.121734474
2.814738000,-6.117105109
2.814941400,-6.112474088
2.815144900,-6.099844724
2.815348300,-6.091213703
2.815551800,-6.086584339
2.815755200,-6.073953318
2.815958700,-6.069323954
2.816162100,-6.060692933
2.816365600,-6.056063568
2.816569000,-6.043432547
2.816772500,-6.038803183
2.816975900,-6.030172162
2.817179400,-6.017542798
2.817382800,-6.012911777
2.817586300,-6.008282413
2.817789700,-5.991651392
2.817993200,-5.987022027
2.818196600,-5.982391006
2.818400100,-5.977761642
2.818603500,-5.961130621
2.818807000,-5.956501257
2.819010400,-5.951870236
2.819213900,-5.939240871
2.819417300,-5.930609851
2.819620800,-5.925980486
2.819824200,-5.913349465
2.820027700,-5.908720101
2.820231100,-5.900089080
2.820434600,-5.887459716
2.820638000,-5.882828695
2.820841500,-5.878199330
2.821044900,-5.873568310
2.821248400,-5.856938945
2.821451800,-5.852307924
2.821655300,-5.847678560
2.821858700,-5.831047539
2.822062200,-5.826418175
2.822265600,-5.821787154
2.822469100,-5.809157789
2.822672500,-5.800526769
2.822876000,-5.795897404
2.823079400,-5.791266383
2.823282900,-5.778637019
2.823486300,-5.770005998
2.823689800,-5.765376634
2.823893200,-5.752745613
2.824096700,-5.748116248
2.824300100,-5.739485228
2.824503600,-5.726855863
2.824707000,-5.722224842
2.824910500,-5.717595478
2.825113900,-5.708964457
2.825317400,-5.696335093
2.825520800,-5.691704072
2.825724300,-5.683074707
2.825927700,-5.670443687
2.826131200,-5.665814322
2.826334600,-5.657183301
2.826538100,-5.644553937
2.826741500,-5.639922916
2.826945000,-5.635293552
2.827148400,-5.626662531
2.827351900,-5.614033166
2.827555300,-5.609402146
2.827758800,-5.600772781
2.827962200,-5.588141760
2.828165700,-5.583512396
2.828369100,-5.574881375
2.828572600,-5.562252011
2.828776000,-5.557620990
2.828979500,-5.548991625
2.829182900,-5.536360605
2.829386400,-5.531731240
2.829589800,-5.523100219
2.829793300,-5.518470855
2.829996700,-5.505839834
2.830200200,-5.497210470
2.830403600,-5.492579449
2.830607100,-5.475950084
2.830810500,-5.471319064
2.831014000,-5.466689699
2.831217400,-5.450058678
2.831420900,-5.445429314
2.831624300,-5.440798293
2.831827800,-5.436168929
2.832031300,-5.419539564
2.832234700,-5.414908543
2.832438200,-5.410279179
2.832641600,-5.393648158
2.832845100,-5.389018794
2.833048500,-5.384387773
2.833252000,-5.367758409
2.833455400,-5.363127388
2.833658900,-5.358498023
2.833862300,-5.353867002
2.834065800,-5.337237638
2.834269200,-5.332606617
2.834472700,-5.327977253
2.834676100,-5.315346232
2.834879600,-5.306716867
2.835083000,-5.302085847
2.835286500,-5.289456482
2.835489900,-5.284825461
2.835693400,-5.276196097
2.835896800,-5.271565076
2.836100300,-5.258935712
2.836303700,-5.254304691
2.836507200,-5.249675326
2.836710600,-5.233044306
2.836914100,-5.228414941
2.837117500,-5.223783920
2.837321000,-5.211154556
2.837524400,-5.206523535
2.837727900,-5.197894171
2.837931300,-5.193263150
2.838134800,-5.180633785
2.838338200,-5.176002765
2.838541700,-5.171373400
2.838745100,-5.158742379
2.838948600,-5.150113015
2.839152000,-5.145481994
2.839355500,-5.132852630
2.839558900,-5.128221609
2.839762400,-5.123592244
2.839965800,-5.110961224
2.840169300,-5.106331859
2.840372700,-5.101700838
2.840576200,-5.097071474
2.840779600,-5.084440453
2.840983100,-5.079811089
2.841186500,-5.075180068
2.841390000,-5.058550703
2.841593400,-5.053919683
2.841796900,-5.049290318
2.842000300,-5.036659297
2.842203800,-5.032029933
2.842407200,-5.027398912
2.842610700,-5.022769548
2.842814100,-5.010138527
2.843017600,-5.005509162
2.843221000,-5.000878142
2.843424500,-4.988248777
2.843627900,-4.983617756
2.843831400,-4.978988392
2.844034800,-4.966357371
2.844238300,-4.961728007
2.844441700,-4.957096986
2.844645200,-4.952467621
2.844848600,-4.939836601
2.845052100,-4.935207236
2.845255500,-4.930576215
2.845459000,-4.917946851
2.845662400,-4.917315830
2.845865900,-4.912686466
2.846069300,-4.900055445
2.846272800,-4.895426080
2.846476200,-4.890795060
2.846679700,-4.886165695
2.846883100,-4.873534674
2.847086600,-4.868905310
2.847290000,-4.864274289
2.847493500,-4.851644925
2.847696900,-4.847013904
2.847900400,-4.842384539
2.848103800,-4.829753519
2.848307300,-4.829124154
2.848510700,-4.824493133
2.848714200,-4.811863769
2.848917600,-4.807232748
2.849121100,-4.802603384
2.849324500,-4.797972363
2.849528000,-4.785342998
2.849731400,-4.780711978
2.849934900,-4.776082613
2.850138300,-4.763451592
2.850341800,-4.758822228
2.850545200,-4.754191207
2.850748700,-4.745561843
2.850952100,-4.740930822
2.851155600,-4.736301457
2.851359000,-4.731670437
2.851562500,-4.719041072
2.851766000,-4.714411708
2.851969400,-4.709780687
2.852172900,-4.701151322
2.852376300,-4.696520302
2.852579800,-4.691890937
2.852783200,-4.679259916
2.852986700,-4.674630552
2.853190100,-4.673999531
2.853393600,-4.669370167
2.853597000,-4.656739146
2.853800500,-4.652109781
2.854003900,-4.651478761
2.854207400,-4.638849396
2.854410800,-4.634218375
2.854614300,-4.633589011
2.854817700,-4.620957990
2.855021200,-4.616328626
2.855224600,-4.615697605
2.855428100,-4.611068240
2.855631500,-4.598437220
2.855835000,-4.597807855
2.856038400,-4.593176834
2.856241900,-4.584547470
2.856445300,-4.579916449
2.856648800,-4.579287085
2.856852200,-4.566656064
2.857055700,-4.566026699
2.857259100,-4.561395679
2.857462600,-4.560766314
2.857666000,-4.548135293
2.857869500,-4.547505929
2.858072900,-4.542874908
2.858276400,-4.534245544
2.858479800,-4.533614523
2.858683300,-4.528985158
2.858886700,-4.524354138
2.859090200,-4.519724773
2.859293600,-4.519093752
2.859497100,-4.510464388
2.859700500,-4.509833367
2.859904000,-4.505204003
2.860107400,-4.504572982
2.860310900,-4.495943617
2.860514300,-4.495312597
2.860717800,-4.490683232
2.860921200,-4.486052211
2.861124700,-4.481422847
2.861328100,-4.480791826
2.861531600,-4.476162462
2.861735000,-4.471531441
2.861938500,-4.470902076
2.862141900,-4.470271056
2.862345400,-4.461641691
2.862548800,-4.461010670
2.862752300,-4.460381306
2.862955700,-4.451750285
2.863159200,-4.451120921
2.863362600,-4.450489900
2.863566100,-4.441860535
2.863769500,-4.441229515
2.863973000,-4.440600150
2.864176400,-4.439969129
2.864379900,-4.431339765
2.864583300,-4.430708744
2.864786800,-4.430079380
2.864990200,-4.421448359
2.865193700,-4.420818994
2.865397100,-4.420187974
2.865600600,-4.411558609
2.865804000,-4.410927588
2.866007500,-4.410298224
2.866210900,-4.409667203
2.866414400,-4.401037839
2.866617800,-4.400406818
2.866821300,-4.399777453
2.867024700,-4.391146433
2.867228200,-4.390517068
2.867431600,-4.385886047
2.867635100,-4.381256683
2.867838500,-4.376625662
2.868042000,-4.375996298
2.868245400,-4.367365277
2.868448900,-4.366735912
2.868652300,-4.366104892
2.868855800,-4.361475527
2.869059200,-4.352844506
2.869262700,-4.352215142
2.869466100,-4.347584121
2.869669600,-4.338954757
2.869873000,-4.338323736
2.870076500,-4.333694371
2.870279900,-4.325063351
2.870483400,-4.324433986
2.870686800,-4.319802965
2.870890300,-4.319173601
2.871093800,-4.306544236
2.871297200,-4.305913216
2.871500700,-4.301283851
2.871704100,-4.292652830
2.871907600,-4.288023466
2.872111000,-4.283392445
2.872314500,-4.274763081
2.872517900,-4.270132060
2.872721400,-4.265502695
2.872924800,-4.264871675
2.873128300,-4.252242310
2.873331700,-4.247611289
2.873535200,-4.242981925
2.873738600,-4.230350904
2.873942100,-4.229721540
2.874145500,-4.225090519
2.874349000,-4.212461154
2.874552400,-4.207830134
2.874755900,-4.203200769
2.874959300,-4.198569748
2.875162800,-4.185940384
2.875366200,-4.181309363
2.875569700,-4.176679999
2.875773100,-4.164048978
2.875976600,-4.159419613
2.876180000,-4.150788593
2.876383500,-4.138159228
2.876586900,-4.133528207
2.876790400,-4.128898843
2.876993800,-4.116267822
2.877197300,-4.107638458
2.877400700,-4.103007437
2.877604200,-4.098378072
2.877807600,-4.085747052
2.878011100,-4.081117687
2.878214500,-4.072486666
2.878418000,-4.059857302
2.878621400,-4.055226281
2.878824900,-4.046596917
2.879028300,-4.033965896
2.879231800,-4.029336531
2.879435200,-4.020705511
2.879638700,-4.016076146
2.879842100,-4.003445125
2.880045600,-3.994815761
2.880249000,-3.990184740
2.880452500,-3.973555376
2.880655900,-3.968924355
2.880859400,-3.964294990
2.881062800,-3.947663970
2.881266300,-3.943034605
2.881469700,-3.938403584
2.881673200,-3.933774220
2.881876600,-3.917143199
2.882080100,-3.912513835
2.882283500,-3.907882814
2.882487000,-3.891253449
2.882690400,-3.886622429
2.882893900,-3.881993064
2.883097300,-3.865362043
2.883300800,-3.860732679
2.883504200,-3.856101658
2.883707700,-3.851472294
2.883911100,-3.834841273
2.884114600,-3.830211908
2.884318000,-3.825580888
2.884521500,-3.812951523
2.884724900,-3.808320502
2.884928400,-3.803691138
2.885131800,-3.787060117
2.885335300,-3.782430753
2.885538700,-3.777799732
2.885742200,-3.773170367
2.885945600,-3.760539347
2.886149100,-3.755909982
2.886352500,-3.747278961
2.886556000,-3.734649597
2.886759400,-3.730018576
2.886962900,-3.725389212
2.887166300,-3.712758191
2.887369800,-3.708128826
2.887573200,-3.703497806
2.887776700,-3.690868441
2.887980100,-3.686237420
2.888183600,-3.681608056
2.888387000,-3.676977035
2.888590500,-3.664347671
2.888793900,-3.659716650
2.888997400,-3.655087285
2.889200800,-3.642456265
2.889404300,-3.637826900
2.889607700,-3.633195879
2.889811200,-3.620566515
2.890014600,-3.619935494
2.890218100,-3.615306130
2.890421500,-3.610675109
2.890625000,-3.598045744
2.890828500,-3.593416380
2.891031900,-3.588785359
2.891235400,-3.576155995
2.891438800,-3.571524974
2.891642300,-3.570895609
2.891845700,-3.558264589
2.892049200,-3.553635224
2.892252600,-3.549004203
2.892456100,-3.544374839
2.892659500,-3.535743818
2.892863000,-3.531114454
2.893066400,-3.526483433
2.893269900,-3.513854068
2.893473300,-3.509223048
2.893676800,-3.508593683
2.893880200,-3.495962662
2.894083700,-3.491333298
2.894287100,-3.486702277
2.894490600,-3.486072913
2.894694000,-3.473441892
2.894897500,-3.468812527
2.895100900,-3.468181507
2.895304400,-3.455552142
2.895507800,-3.450921121
2.895711300,-3.450291757
2.895914700,-3.437660736
2.896118200,-3.433031372
2.896321600,-3.432400351
2.896525100,-3.419770986
2.896728500,-3.419139966
2.896932000,-3.414510601
2.897135400,-3.409879580
2.897338900,-3.401250216
2.897542300,-3.396619195
2.897745800,-3.391989831
2.897949200,-3.383358810
2.898152700,-3.378729445
2.898356100,-3.378098425
2.898559600,-3.365469060
2.898763000,-3.364838039
2.898966500,-3.360208675
2.899169900,-3.355577654
2.899373400,-3.346948290
2.899576800,-3.342317269
2.899780300,-3.341687904
2.899983700,-3.329056884
2.900187200,-3.328427519
2.900390600,-3.323796498
2.900594100,-3.315167134
2.900797500,-3.310536113
2.901001000,-3.305906749
2.901204400,-3.305275728
2.901407900,-3.292646363
2.901611300,-3.292015343
2.901814800,-3.287385978
2.902018200,-3.278754957
2.902221700,-3.274125593
2.902425100,-3.273494572
2.902628600,-3.260865208
2.902832000,-3.260234187
2.903035500,-3.255604822
2.903238900,-3.250973802
2.903442400,-3.242344437
2.903645800,-3.237713416
2.903849300,-3.237084052
2.904052700,-3.224453031
2.904256200,-3.223823667
2.904459600,-3.219192646
2.904663100,-3.210563281
2.904866500,-3.205932261
2.905070000,-3.201302896
2.905273400,-3.192671875
2.905476900,-3.192042511
2.905680300,-3.187411490
2.905883800,-3.182782126
2.906087200,-3.174151105
2.906290700,-3.169521740
2.906494100,-3.168890720
2.906697600,-3.156261355
2.906901000,-3.155630334
2.907104500,-3.151000970
2.907307900,-3.142369949
2.907511400,-3.137740585
2.907714800,-3.133109564
2.907918300,-3.132480199
2.908121700,-3.123849179
2.908325200,-3.119219814
2.908528600,-3.114588793
2.908732100,-3.105959429
2.908935500,-3.101328408
2.909139000,-3.100699044
2.909342400,-3.088068023
2.909545900,-3.087438658
2.909749300,-3.082807638
2.909952800,-3.078178273
2.910156300,-3.069548909
2.910359700,-3.068917888
2.910563200,-3.064288523
2.910766600,-3.055657503
2.910970100,-3.051028138
2.911173500,-3.046397117
2.911377000,-3.037767753
2.911580400,-3.033136732
2.911783900,-3.032507368
2.911987300,-3.027876347
2.912190800,-3.019246982
2.912394200,-3.014615962
2.912597700,-3.013986597
2.912801100,-3.001355576
2.913004600,-3.000726212
2.913208000,-2.996095191
2.913411500,-2.987465827
2.913614900,-2.982834806
2.913818400,-2.982205441
2.914021800,-2.977574421
2.914225300,-2.968945056
2.914428700,-2.964314035
2.914632200,-2.963684671
2.914835600,-2.951053650
2.915039100,-2.950424286
2.915242500,-2.945793265
2.915446000,-2.937163900
2.915649400,-2.932532880
2.915852900,-2.931903515
2.916056300,-2.923272494
2.916259800,-2.918643130
2.916463200,-2.914012109
2.916666700,-2.913382745
2.916870100,-2.900751724
2.917073600,-2.900122359
2.917277000,-2.895491339
2.917480500,-2.886861974
2.917683900,-2.882230953
2.917887400,-2.881601589
2.918090800,-2.872970568
2.918294300,-2.868341204
2.918497700,-2.863710183
2.918701200,-2.863080818
2.918904600,-2.854449798
2.919108100,-2.849820433
2.919311500,-2.845189412
2.919515000,-2.836560048
2.919718400,-2.835929027
2.919921900,-2.831299663
2.920125300,-2.822668642
2.920328800,-2.818039277
2.920532200,-2.817408257
2.920735700,-2.812778892
2.920939100,-2.804147871
2.921142600,-2.799518507
2.921346000,-2.798887486
2.921549500,-2.790258122
2.921752900,-2.785627101
2.921956400,-2.780997736
2.922159800,-2.772366716
2.922363300,-2.771737351
2.922566700,-2.767106330
2.922770200,-2.766476966
2.922973600,-2.753845945
2.923177100,-2.753216581
2.923380500,-2.748585560
2.923584000,-2.739956195
2.923787400,-2.739325175
2.923990900,-2.734695810
2.924194300,-2.726064789
2.924397800,-2.721435425
2.924601200,-2.720804404
2.924804700,-2.712175040
2.925008100,-2.707544019
2.925211600,-2.702914654
2.925415000,-2.702283634
2.925618500,-2.693654269
2.925821900,-2.689023248
2.926025400,-2.688393884
2.926228800,-2.675762863
2.926432300,-2.675133499
2.926635700,-2.670502478
2.926839200,-2.661873113
2.927042600,-2.661242093
2.927246100,-2.656612728
2.927449500,-2.655981707
2.927653000,-2.643352343
2.927856400,-2.642721322
2.928059900,-2.638091958
2.928263300,-2.629460937
2.928466800,-2.628831572
2.928670200,-2.624200552
2.928873700,-2.615571187
2.929077100,-2.610940166
2.929280600,-2.610310802
2.929484000,-2.605679781
2.929687500,-2.597050417
2.929891000,-2.592421052
2.930094400,-2.591790031
2.930297900,-2.579160667
2.930501300,-2.578529646
2.930704800,-2.573900282
2.930908200,-2.565269261
2.931111700,-2.560639896
2.931315100,-2.560008876
2.931518600,-2.555379511
2.931722000,-2.546748490
2.931925500,-2.542119126
2.932128900,-2.541488105
2.932332400,-2.532858741
2.932535800,-2.528227720
2.932739300,-2.523598355
2.932942700,-2.514967335
2.933146200,-2.510337970
2.933349600,-2.509706949
2.933553100,-2.505077585
2.933756500,-2.496446564
2.933960000,-2.491817200
2.934163400,-2.491186179
2.934366900,-2.478556814
2.934570300,-2.477925794
2.934773800,-2.473296429
2.934977200,-2.464665408
2.935180700,-2.460036044
2.935384100,-2.459405023
2.935587600,-2.450775659
2.935791000,-2.446144638
2.935994500,-2.441515273
2.936197900,-2.440884253
2.936401400,-2.432254888
2.936604800,-2.427623867
2.936808300,-2.422994503
2.937011700,-2.414363482
2.937215200,-2.413734118
2.937418600,-2.409103097
2.937622100,-2.400473732
2.937825500,-2.395842712
2.938029000,-2.395213347
2.938232400,-2.390582326
2.938435900,-2.381952962
2.938639300,-2.381321941
2.938842800,-2.376692577
2.939046200,-2.368061556
2.939249700,-2.367432191
2.939453100,-2.362801171
2.939656600,-2.354171806
2.939860000,-2.353540785
2.940063500,-2.348911421
2.940266900,-2.348280400
2.940470400,-2.339651036
2.940673800,-2.335020015
2.940877300,-2.334390650
2.941080700,-2.325759630
2.941284200,-2.325130265
2.941487600,-2.320499244
2.941691100,-2.311869880
2.941894500,-2.311238859
2.942098000,-2.306609495
2.942301400,-2.305978474
2.942504900,-2.297349109
2.942708300,-2.296718089
2.942911800,-2.296088724
2.943115200,-2.287457703
2.943318700,-2.286828339
2.943522100,-2.282197318
2.943725600,-2.277567954
2.943929000,-2.272936933
2.944132500,-2.272307568
2.944335900,-2.263676548
2.944539400,-2.263047183
2.944742800,-2.262416162
2.944946300,-2.257786798
2.945149700,-2.253155777
2.945353200,-2.248526413
2.945556600,-2.247895392
2.945760100,-2.243266027
2.945963500,-2.238635007
2.946167000,-2.238005642
2.946370400,-2.229374621
2.946573900,-2.228745257
2.946777300,-2.228114236
2.946980800,-2.227484872
2.947184200,-2.218853851
2.947387700,-2.218224486
2.947591100,-2.217593466
2.947794600,-2.208964101
2.947998000,-2.208333080
2.948201500,-2.203703716
2.948404900,-2.199072695
2.948608400,-2.198443331
2.948811800,-2.193812310
2.949015300,-2.193182945
2.949218800,-2.184553581
2.949422200,-2.183922560
2.949625700,-2.183293196
2.949829100,-2.174662175
2.950032600,-2.174032810
2.950236000,-2.173401790
2.950439500,-2.164772425
2.950642900,-2.164141404
2.950846400,-2.163512040
2.951049800,-2.158881019
2.951253300,-2.154251655
2.951456700,-2.153620634
2.951660200,-2.148991269
2.951863600,-2.144360249
2.952067100,-2.139730884
2.952270500,-2.139099863
2.952474000,-2.130470499
2.952677400,-2.129839478
2.952880900,-2.129210114
2.953084300,-2.120579093
2.953287800,-2.119949728
2.953491200,-2.119318708
2.953694700,-2.114689343
2.953898100,-2.110058322
2.954101600,-2.105428958
2.954305000,-2.104797937
2.954508500,-2.100168573
2.954711900,-2.095537552
2.954915400,-2.094908187
2.955118800,-2.086277167
2.955322300,-2.085647802
2.955525700,-2.085016781
2.955729200,-2.080387417
2.955932600,-2.075756396
2.956136100,-2.075127032
2.956339500,-2.070496011
2.956543000,-2.065866646
2.956746400,-2.061235626
2.956949900,-2.060606261
2.957153300,-2.051975240
2.957356800,-2.051345876
2.957560200,-2.050714855
2.957763700,-2.046085491
2.957967100,-2.041454470
2.958170600,-2.036825105
2.958374000,-2.036194085
2.958577500,-2.031564720
2.958780900,-2.026933699
2.958984400,-2.026304335
2.959187800,-2.017673314
2.959391300,-2.017043950
2.959594700,-2.016412929
2.959798200,-2.011783564
2.960001600,-2.007152544
2.960205100,-2.002523179
2.960408500,-2.001892158
2.960612000,-1.993262794
2.960815400,-1.992631773
2.961018900,-1.988002409
2.961222300,-1.983371388
2.961425800,-1.978742023
2.961629200,-1.978111003
2.961832700,-1.977481638
2.962036100,-1.968850617
2.962239600,-1.968221253
2.962443000,-1.963590232
2.962646500,-1.954960868
2.962849900,-1.954329847
2.963053400,-1.953700482
2.963256800,-1.945069462
2.963460300,-1.944440097
2.963663700,-1.939809076
2.963867200,-1.931179712
2.964070600,-1.930548691
2.964274100,-1.929919327
2.964477500,-1.925288306
2.964681000,-1.916658941
2.964884400,-1.916027921
2.965087900,-1.915398556
2.965291300,-1.906767535
2.965494800,-1.902138171
2.965698200,-1.901507150
2.965901700,-1.892877786
2.966105100,-1.892246765
2.966308600,-1.891617400
2.966512000,-1.886986380
2.966715500,-1.878357015
2.966918900,-1.877725994
2.967122400,-1.877096630
2.967325800,-1.868465609
2.967529300,-1.863836245
2.967732700,-1.863205224
2.967936200,-1.854575859
2.968139600,-1.853944839
2.968343100,-1.849315474
2.968546500,-1.848684453
2.968750000,-1.840055089
2.968953500,-1.839425724
2.969156900,-1.834794704
2.969360400,-1.830165339
2.969563800,-1.825534318
2.969767300,-1.824904954
2.969970700,-1.816273933
2.970174200,-1.811644569
2.970377600,-1.811013548
2.970581100,-1.810384183
2.970784500,-1.801753163
2.970988000,-1.797123798
2.971191400,-1.796492777
2.971394900,-1.787863413
2.971598300,-1.787232392
2.971801800,-1.782603028
2.972005200,-1.773972007
2.972208700,-1.773342642
2.972412100,-1.768711622
2.972615600,-1.760082257
2.972819000,-1.759451236
2.973022500,-1.754821872
2.973225900,-1.754190851
2.973429400,-1.745561487
2.973632800,-1.740930466
2.973836300,-1.740301101
2.974039700,-1.731670081
2.974243200,-1.727040716
2.974446600,-1.726409695
2.974650100,-1.717780331
2.974853500,-1.713149310
2.975057000,-1.712519946
2.975260400,-1.707888925
2.975463900,-1.699259560
2.975667300,-1.694628540
2.975870800,-1.693999175
2.976074200,-1.685368154
2.976277700,-1.680738790
2.976481100,-1.680107769
2.976684600,-1.667478405
2.976888000,-1.666847384
2.977091500,-1.662218019
2.977294900,-1.661586999
2.977498400,-1.648957634
2.977701800,-1.648326613
2.977905300,-1.643697249
2.978108700,-1.635066228
2.978312200,-1.630436864
2.978515600,-1.629805843
2.978719100,-1.621176478
2.978922500,-1.616545458
2.979126000,-1.611916093
2.979329400,-1.611285072
2.979532900,-1.598655708
2.979736300,-1.598024687
2.979939800,-1.593395323
2.980143200,-1.584764302
2.980346700,-1.580134937
2.980550100,-1.579503917
2.980753600,-1.566874552
2.980957000,-1.566243531
2.981160500,-1.561614167
2.981363900,-1.560983146
2.981567400,-1.548353782
2.981770800,-1.547722761
2.981974300,-1.543093396
2.982177700,-1.534462376
2.982381200,-1.529833011
2.982584600,-1.529201990
2.982788100,-1.520572626
2.982991500,-1.515941605
2.983195000,-1.511312241
2.983398400,-1.502681220
2.983601900,-1.502051855
2.983805300,-1.497420835
2.984008800,-1.492791470
2.984212200,-1.484160449
2.984415700,-1.483531085
2.984619100,-1.478900064
2.984822600,-1.470270700
2.985026000,-1.465639679
2.985229500,-1.465010314
2.985432900,-1.456379294
2.985636400,-1.451749929
2.985839800,-1.451118908
2.986043300,-1.446489544
2.986246700,-1.437858523
2.986450200,-1.433229159
2.986653600,-1.432598138
2.986857100,-1.423968773
2.987060500,-1.419337753
2.987264000,-1.418708388
2.987467400,-1.410077367
2.987670900,-1.405448003
2.987874300,-1.404816982
2.988077800,-1.400187618
2.988281300,-1.391558253
2.988484700,-1.386927232
2.988688200,-1.386297868
2.988891600,-1.377666847
2.989095100,-1.373037483
2.989298500,-1.372406462
2.989502000,-1.363777097
2.989705400,-1.359146077
2.989908900,-1.358516712
2.990112300,-1.353885691
2.990315800,-1.349256327
2.990519200,-1.344625306
2.990722700,-1.343995942
2.990926100,-1.335364921
2.991129600,-1.330735556
2.991333000,-1.330104536
2.991536500,-1.321475171
2.991739900,-1.320844150
2.991943400,-1.316214786
2.992146800,-1.307583765
2.992350300,-1.306954401
2.992553700,-1.306323380
2.992757200,-1.301694015
2.992960600,-1.293062995
2.993164100,-1.292433630
2.993367500,-1.291802609
2.993571000,-1.283173245
2.993774400,-1.282542224
2.993977900,-1.277912860
2.994181300,-1.273281839
2.994384800,-1.272652474
2.994588200,-1.268021454
2.994791700,-1.267392089
2.994995100,-1.258761068
2.995198600,-1.258131704
2.995402000,-1.257500683
2.995605500,-1.252871319
2.995808900,-1.248240298
2.996012400,-1.247610933
2.996215800,-1.242979913
2.996419300,-1.238350548
2.996622700,-1.237719527
2.996826200,-1.237090163
2.997029600,-1.232459142
2.997233100,-1.227829778
2.997436500,-1.227198757
2.997640000,-1.222569392
2.997843400,-1.221938372
2.998046900,-1.221309007
2.998250300,-1.212677986
2.998453800,-1.212048622
2.998657200,-1.211417601
2.998860700,-1.210788237
2.999064100,-1.202157216
2.999267600,-1.201527851
2.999471000,-1.200896831
2.999674500,-1.192267466
2.999877900,-1.191636445
3.000081400,-1.191007081
3.000284800,-1.182376060
3.000488300,-1.181746696
3.000691700,-1.181115675
3.000895200,-1.172486310
3.001098600,-1.171855290
3.001302100,-1.167225925
3.001505500,-1.166594904
3.001709000,-1.157965540
3.001912400,-1.157334519
3.002115900,-1.152705155
3.002319300,-1.144074134
3.002522800,-1.143444769
3.002726200,-1.138813749
3.002929700,-1.130184384
3.003133100,-1.129553363
3.003336600,-1.124923999
3.003540000,-1.124292978
3.003743500,-1.111663614
3.003946900,-1.111032593
3.004150400,-1.106403228
3.004353800,-1.097772208
3.004557300,-1.093142843
3.004760700,-1.088511822
3.004964200,-1.079882458
3.005167600,-1.075251437
3.005371100,-1.070622073
3.005574500,-1.065991052
3.005778000,-1.057361687
3.005981400,-1.052730667
3.006184900,-1.048101302
3.006388300,-1.035470281
3.006591800,-1.030840917
3.006795200,-1.026209896
3.006998700,-1.017580532
3.007202100,-1.012949511
3.007405600,-1.008320146
3.007609000,-1.003689126
3.007812500,-0.991059761
3.008016000,-0.986430397
3.008219400,-0.981799376
3.008422900,-0.969170011
3.008626300,-0.964538991
3.008829800,-0.959909626
3.009033200,-0.947278605
3.009236700,-0.942649241
3.009440100,-0.942018220
3.009643600,-0.937388856
3.009847000,-0.924757835
3.010050500,-0.920128470
3.010253900,-0.915497450
3.010457400,-0.902868085
3.010660800,-0.898237064
3.010864300,-0.893607700
3.011067700,-0.880976679
3.011271200,-0.880347315
3.011474600,-0.875716294
3.011678100,-0.863086929
3.011881500,-0.858455909
3.012085000,-0.853826544
3.012288400,-0.853195523
3.012491900,-0.840566159
3.012695300,-0.835935138
3.012898800,-0.835305774
3.013102200,-0.822674753
3.013305700,-0.822045388
3.013509100,-0.817414368
3.013712600,-0.804785003
3.013916000,-0.804153982
3.014119500,-0.799524618
3.014322900,-0.798893597
3.014526400,-0.786264233
3.014729800,-0.785633212
3.014933300,-0.781003847
3.015136700,-0.772372827
3.015340200,-0.767743462
3.015543600,-0.767112441
3.015747100,-0.758483077
3.015950500,-0.753852056
3.016154000,-0.749222692
3.016357400,-0.748591671
3.016560900,-0.739962306
3.016764300,-0.735331286
3.016967800,-0.734701921
3.017171200,-0.726070900
3.017374700,-0.721441536
3.017578100,-0.720810515
3.017781600,-0.712181151
3.017985000,-0.707550130
3.018188500,-0.706920765
3.018391900,-0.702289745
3.018595400,-0.693660380
3.018798800,-0.693029359
3.019002300,-0.688399995
3.019205700,-0.679768974
3.019409200,-0.679139610
3.019612600,-0.674508589
3.019816100,-0.665879224
3.020019500,-0.665248204
3.020223000,-0.660618839
3.020426400,-0.651987818
3.020629900,-0.651358454
3.020833300,-0.650727433
3.021036800,-0.646098069
3.021240200,-0.637467048
3.021443700,-0.636837683
3.021647100,-0.632206663
3.021850600,-0.623577298
3.022054000,-0.622946277
3.022257500,-0.618316913
3.022460900,-0.609685892
3.022664400,-0.609056528
3.022867800,-0.608425507
3.023071300,-0.603796142
3.023274700,-0.595165122
3.023478200,-0.594535757
3.023681600,-0.589904736
3.023885100,-0.581275372
3.024088500,-0.580644351
3.024292000,-0.580014987
3.024495400,-0.571383966
3.024698900,-0.566754601
3.024902300,-0.566123581
3.025105800,-0.565494216
3.025309200,-0.556863195
3.025512700,-0.552233831
3.025716100,-0.551602810
3.025919600,-0.542973446
3.026123000,-0.542342425
3.026326500,-0.541713060
3.026529900,-0.533082040
3.026733400,-0.532452675
3.026936800,-0.527821654
3.027140300,-0.527192290
3.027343800,-0.518562925
3.027547200,-0.517931905
3.027750700,-0.517302540
3.027954100,-0.508671519
3.028157600,-0.508042155
3.028361000,-0.507411134
3.028564500,-0.498781770
3.028767900,-0.498150749
3.028971400,-0.497521384
3.029174800,-0.492890364
3.029378300,-0.488260999
3.029581700,-0.487629978
3.029785200,-0.483000614
3.029988600,-0.478369593
3.030192100,-0.477740229
3.030395500,-0.477109208
3.030599000,-0.468479843
3.030802400,-0.467848823
3.031005900,-0.467219458
3.031209300,-0.462588437
3.031412800,-0.457959073
3.031616200,-0.457328052
3.031819700,-0.456698688
3.032023100,-0.452067667
3.032226600,-0.451438302
3.032430000,-0.446807282
3.032633500,-0.442177917
3.032836900,-0.441546896
3.033040400,-0.440917532
3.033243800,-0.436286511
3.033447300,-0.435657147
3.033650700,-0.435026126
3.033854200,-0.430396761
3.034057600,-0.425765741
3.034261100,-0.425136376
3.034464500,-0.424505355
3.034668000,-0.419875991
3.034871400,-0.419244970
3.035074900,-0.418615606
3.035278300,-0.413984585
3.035481800,-0.413355220
3.035685200,-0.412724200
3.035888700,-0.408094835
3.036092100,-0.403463814
3.036295600,-0.402834450
3.036499000,-0.402203429
3.036702500,-0.397574065
3.036905900,-0.396943044
3.037109400,-0.396313679
3.037312800,-0.391682659
3.037516300,-0.391053294
3.037719700,-0.390422273
3.037923200,-0.389792909
3.038126600,-0.385161888
3.038330100,-0.384532524
3.038533500,-0.383901503
3.038737000,-0.379272138
3.038940400,-0.378641118
3.039143900,-0.378011753
3.039347300,-0.373380732
3.039550800,-0.372751368
3.039754200,-0.372120347
3.039957700,-0.367490983
3.040161100,-0.366859962
3.040364600,-0.366230597
3.040568000,-0.365599577
3.040771500,-0.364970212
3.040974900,-0.364339191
3.041178400,-0.363709827
3.041381800,-0.359078806
3.041585300,-0.358449442
3.041788700,-0.357818421
3.041992200,-0.357189056
3.042195600,-0.356558036
3.042399100,-0.355928671
3.042602500,-0.355297650
3.042806000,-0.350668286
3.043009400,-0.350037265
3.043212900,-0.353407901
3.043416300,-0.348776880
3.043619800,-0.348147515
3.043823200,-0.351516495
3.044026700,-0.346887130
3.044230100,-0.346256109
3.044433600,-0.349626745
3.044637000,-0.348995724
3.044840500,-0.348366360
3.045043900,-0.347735339
3.045247400,-0.347105974
3.045450800,-0.346474954
3.045654300,-0.345845589
3.045857700,-0.349214568
3.046061200,-0.344585204
3.046264600,-0.347954183
3.046468100,-0.347324819
3.046671500,-0.350693798
3.046875000,-0.350064433
3.047078500,-0.349435069
3.047281900,-0.352804048
3.047485400,-0.352174684
3.047688800,-0.351543663
3.047892300,-0.354914298
3.048095700,-0.354283278
3.048299200,-0.357653913
3.048502600,-0.357022892
3.048706100,-0.360393528
3.048909500,-0.359762507
3.049113000,-0.363133143
3.049316400,-0.362502122
3.049519900,-0.365872757
3.049723300,-0.369241737
3.049926800,-0.368612372
3.050130200,-0.371981351
3.050333700,-0.371351987
3.050537100,-0.374720966
3.050740600,-0.378091602
3.050944000,-0.381460581
3.051147500,-0.380831216
3.051350900,-0.384200196
3.051554400,-0.387570831
3.051757800,-0.390939810
3.051961300,-0.394310446
3.052164700,-0.393679425
3.052368200,-0.397050061
3.052571600,-0.400419040
3.052775100,-0.403789675
3.052978500,-0.407158655
3.053182000,-0.410529290
3.053385400,-0.413898269
3.053588900,-0.417268905
3.053792300,-0.420637884
3.053995800,-0.424008520
3.054199200,-0.427377499
3.054402700,-0.430748134
3.054606100,-0.434117114
3.054809600,-0.437487749
3.055013000,-0.440856728
3.055216500,-0.444227364
3.055419900,-0.447596343
3.055623400,-0.450966979
3.055826800,-0.454335958
3.056030300,-0.457706593
3.056233700,-0.461075573
3.056437200,-0.464446208
3.056640600,-0.467815187
3.056844100,-0.471185823
3.057047500,-0.474554802
3.057251000,-0.481925438
3.057454400,-0.485294417
3.057657900,-0.488665052
3.057861300,-0.492034032
3.058064800,-0.495404667
3.058268200,-0.502773646
3.058471700,-0.506144282
3.058675100,-0.509513261
3.058878600,-0.516883897
3.059082000,-0.520252876
3.059285500,-0.523623511
3.059488900,-0.530992491
3.059692400,-0.534363126
3.059895800,-0.537732105
3.060099300,-0.545102741
3.060302700,-0.548471720
3.060506200,-0.555842356
3.060709600,-0.559211335
3.060913100,-0.566581970
3.061116500,-0.569950950
3.061320000,-0.573321585
3.061523400,-0.580690564
3.061726900,-0.588061200
3.061930300,-0.591430179
3.062133800,-0.598800815
3.062337200,-0.606169794
3.062540700,-0.609540429
3.062744100,-0.616909409
3.062947600,-0.624280044
3.063151000,-0.631649023
3.063354500,-0.635019659
3.063557900,-0.646388638
3.063761400,-0.649759274
3.063964800,-0.657128253
3.064168300,-0.660498888
3.064371700,-0.671867868
3.064575200,-0.679238503
3.064778600,-0.682607482
3.064982100,-0.693978118
3.065185500,-0.697347097
3.065389000,-0.704717733
3.065592400,-0.716086712
3.065795900,-0.719457347
3.065999300,-0.726826327
3.066202800,-0.734196962
3.066406300,-0.741567598
3.066609700,-0.748936577
3.066813200,-0.756307212
3.067016600,-0.763676192
3.067220100,-0.771046827
3.067423500,-0.778415806
3.067627000,-0.785786442
3.067830400,-0.793155421
3.068033900,-0.800526057
3.068237300,-0.807895036
3.068440800,-0.815265671
3.068644200,-0.822634651
3.068847700,-0.826005286
3.069051100,-0.833374265
3.069254600,-0.840744901
3.069458000,-0.844113880
3.069661500,-0.851484516
3.069864900,-0.858853495
3.070068400,-0.862224130
3.070271800,-0.869593110
3.070475300,-0.872963745
3.070678700,-0.876332724
3.070882200,-0.879703360
3.071085600,-0.887072339
3.071289100,-0.890442975
3.071492500,-0.893811954
3.071696000,-0.897182589
3.071899400,-0.900551569
3.072102900,-0.903922204
3.072306300,-0.903291183
3.072509800,-0.906661819
3.072713200,-0.910030798
3.072916700,-0.909401434
3.073120100,-0.908770413
3.073323600,-0.912141048
3.073527000,-0.911510028
3.073730500,-0.910880663
3.073933900,-0.910249642
3.074137400,-0.913620278
3.074340800,-0.908989257
3.074544300,-0.908359893
3.074747700,-0.907728872
3.074951200,-0.907099507
3.075154600,-0.902468487
3.075358100,-0.901839122
3.075561500,-0.901208101
3.075765000,-0.892578737
3.075968400,-0.891947716
3.076171900,-0.891318352
3.076375300,-0.882687331
3.076578800,-0.878057966
3.076782200,-0.877426946
3.076985700,-0.868797581
3.077189100,-0.864166560
3.077392600,-0.863537196
3.077596000,-0.858906175
3.077799500,-0.846276811
3.078002900,-0.845645790
3.078206400,-0.841016425
3.078409800,-0.828385405
3.078613300,-0.823756040
3.078816700,-0.819125019
3.079020200,-0.806495655
3.079223600,-0.801864634
3.079427100,-0.797235270
3.079630500,-0.792604249
3.079834000,-0.779974884
3.080037400,-0.775343864
3.080240900,-0.770714499
3.080444300,-0.758083478
3.080647800,-0.753454114
3.080851200,-0.744823093
3.081054700,-0.732193729
3.081258100,-0.727562708
3.081461600,-0.722933343
3.081665000,-0.714302323
3.081868500,-0.701672958
3.082071900,-0.697041937
3.082275400,-0.688412573
3.082478800,-0.675781552
3.082682300,-0.671152188
3.082885700,-0.662521167
3.083089200,-0.649891802
3.083292600,-0.645260782
3.083496100,-0.636631417
3.083699500,-0.632000396
3.083903000,-0.615371032
3.084106400,-0.610740011
3.084309900,-0.606110647
3.084513300,-0.589479626
3.084716800,-0.584850261
3.084920200,-0.580219241
3.085123700,-0.563589876
3.085327100,-0.558958855
3.085530600,-0.554329491
3.085734000,-0.545698470
3.085937500,-0.533069106
3.086141000,-0.524439741
3.086344400,-0.519808720
3.086547900,-0.507179356
3.086751300,-0.498548335
3.086954800,-0.493918971
3.087158200,-0.481287950
3.087361700,-0.472658585
3.087565100,-0.468027565
3.087768600,-0.455398200
3.087972000,-0.446767179
3.088175500,-0.442137815
3.088378900,-0.437506794
3.088582400,-0.420877430
3.088785800,-0.416246409
3.088989300,-0.411617044
3.089192700,-0.398986024
3.089396200,-0.390356659
3.089599600,-0.385725638
3.089803100,-0.373096274
3.090006500,-0.368465253
3.090210000,-0.363835889
3.090413400,-0.355204868
3.090616900,-0.342575503
3.090820300,-0.337944483
3.091023800,-0.333315118
3.091227200,-0.316684097
3.091430700,-0.312054733
3.091634100,-0.307423712
3.091837600,-0.294794348
3.092041000,-0.290163327
3.092244500,-0.285533962
3.092447900,-0.280902942
3.092651400,-0.268273577
3.092854800,-0.263642556
3.093058300,-0.259013192
3.093261700,-0.242382171
3.093465200,-0.237752807
3.093668600,-0.233121786
3.093872100,-0.220492421
3.094075500,-0.215861401
3.094279000,-0.211232036
3.094482400,-0.206601015
3.094685900,-0.193971651
3.094889300,-0.189340630
3.095092800,-0.184711266
3.095296200,-0.176080245
3.095499700,-0.171450880
3.095703100,-0.166819860
3.095906600,-0.154190495
3.096110000,-0.149559474
3.096313500,-0.144930110
3.096516900,-0.132299089
3.096720400,-0.127669725
3.096923800,-0.123038704
3.097127300,-0.118409339
3.097330700,-0.109778319
3.097534200,-0.105148954
3.097737600,-0.100517933
3.097941100,-0.087888569
3.098144500,-0.083257548
3.098348000,-0.078628184
3.098551400,-0.069997163
3.098754900,-0.065367798
3.098958300,-0.060736778
3.099161800,-0.056107413
3.099365200,-0.043476392
3.099568700,-0.038847028
3.099772100,-0.038216007
3.099975600,-0.025586643
3.100179000,-0.020955622
3.100382500,-0.016326257
3.100585900,-0.007695237
3.100789400,-0.003065872
3.100992800,0.001565149
3.101196300,0.006194513
3.101399700,0.014825534
3.101603200,0.019454898
3.101806600,0.024085919
3.102010100,0.032715284
3.102213500,0.037346304
3.102417000,0.041975669
3.102620400,0.054606690
3.102823900,0.055236054
3.103027300,0.059867075
3.103230800,0.064496439
3.103434200,0.073127460
3.103637700,0.077756825
3.103841100,0.082387845
3.104044600,0.091017210
3.104248000,0.095648231
3.104451500,0.100277595
3.104654900,0.108908616
3.104858400,0.113537980
3.105061800,0.118169001
3.105265300,0.118798366
3.105468800,0.131427730
3.105672200,0.136058751
3.105875700,0.136688115
3.106079100,0.149319136
3.106282600,0.149948501
3.106486000,0.154579521
3.106689500,0.163208886
3.106892900,0.167839907
3.107096400,0.172469271
3.107299800,0.181100292
3.107503300,0.185729656
3.107706700,0.186360677
3.107910200,0.190990042
3.108113600,0.199621062
3.108317100,0.204250427
3.108520500,0.204881448
3.108724000,0.213510812
3.108927400,0.218141833
3.109130900,0.222771197
3.109334300,0.231402218
3.109537800,0.232031583
3.109741200,0.236662603
3.109944700,0.237291968
3.110148100,0.245922989
3.110351600,0.250552353
3.110555000,0.251183374
3.110758500,0.259812738
3.110961900,0.264443759
3.111165400,0.265073124
3.111368800,0.273704144
3.111572300,0.278333509
3.111775700,0.278964530
3.111979200,0.283593894
3.112182600,0.292224915
3.112386100,0.292854279
3.112589500,0.297485300
3.112793000,0.302114665
3.112996400,0.306745685
3.113199900,0.307375050
3.113403300,0.316006071
3.113606800,0.316635435
3.113810200,0.321266456
3.114013700,0.321895820
3.114217100,0.330526841
3.114420600,0.331156206
3.114624000,0.331787226
3.114827500,0.340416591
3.115030900,0.341047612
3.115234400,0.345676976
3.115437800,0.350307997
3.115641300,0.354937361
3.115844700,0.355568382
3.116048200,0.360197747
3.116251600,0.364828767
3.116455100,0.365458132
3.116658500,0.366089153
3.116862000,0.374718517
3.117065400,0.375349538
3.117268900,0.375978902
3.117472300,0.384609923
3.117675800,0.385239288
3.117879200,0.385870308
3.118082700,0.390499673
3.118286100,0.391130694
3.118489600,0.395760058
3.118693000,0.396391079
3.118896500,0.401020443
3.119099900,0.401651464
3.119303400,0.406280829
3.119506800,0.410911849
3.119710300,0.411541214
3.119913700,0.412172235
3.120117200,0.416801599
3.120320600,0.421432620
3.120524100,0.422061984
3.120727500,0.422693005
3.120931000,0.427322370
3.121134400,0.427953390
3.121337900,0.428582755
3.121541300,0.433213776
3.121744800,0.437843140
3.121948200,0.438474161
3.122151700,0.443103525
3.122355100,0.443734546
3.122558600,0.444363911
3.122762000,0.444994931
3.122965500,0.449624296
3.123168900,0.450255317
3.123372400,0.454884681
3.123575800,0.459515702
3.123779300,0.460145066
3.123982700,0.460776087
3.124186200,0.465405452
3.124389600,0.466036472
3.124593100,0.466665837
3.124796500,0.471296858
3.125000000,0.471926222
3.125203500,0.476555587
3.125406900,0.477186607
3.125610400,0.481815972
3.125813800,0.482446993
3.126017300,0.483076357
3.126220700,0.487707378
3.126424200,0.488336742
3.126627600,0.488967763
3.126831100,0.493597128
3.127034500,0.494228148
3.127238000,0.494857513
3.127441400,0.495488534
3.127644900,0.500117898
3.127848300,0.500748919
3.128051800,0.501378283
3.128255200,0.506009304
3.128458700,0.506638669
3.128662100,0.507269689
3.128865600,0.511899054
3.129069000,0.512530075
3.129272500,0.513159439
3.129475900,0.513790460
3.129679400,0.518419824
3.129882800,0.519050845
3.130086300,0.519680210
3.130289700,0.524311230
3.130493200,0.524940595
3.130696600,0.525571616
3.130900100,0.530200980
3.131103500,0.530832001
3.131307000,0.531461365
3.131510400,0.532092386
3.131713900,0.536721751
3.131917300,0.537352771
3.132120800,0.537982136
3.132324200,0.542613157
3.132527700,0.543242521
3.132731100,0.543873542
3.132934600,0.548502906
3.133138000,0.549133927
3.133341500,0.549763292
3.133544900,0.550394312
3.133748400,0.555023677
3.133951800,0.555654698
3.134155300,0.556284062
3.134358700,0.560915083
3.134562200,0.557544447
3.134765600,0.558175468
3.134969100,0.562804833
3.135172500,0.563435853
3.135376000,0.564065218
3.135579400,0.568696239
3.135782900,0.569325603
3.135986300,0.569956624
3.136189800,0.570585988
3.136393200,0.575217009
3.136596700,0.575846374
3.136800100,0.576477394
3.137003600,0.581106759
3.137207000,0.581737780
3.137410500,0.582367144
3.137613900,0.586998165
3.137817400,0.587627529
3.138020800,0.588258550
3.138224300,0.588887915
3.138427700,0.593518935
3.138631200,0.594148300
3.138834600,0.594779321
3.139038100,0.599408685
3.139241500,0.600039706
3.139445000,0.600669070
3.139648400,0.605300091
3.139851900,0.605929456
3.140055300,0.606560476
3.140258800,0.607189841
3.140462200,0.611820862
3.140665700,0.612450226
3.140869100,0.613081247
3.141072600,0.621710611
3.141276000,0.622341632
3.141479500,0.622970997
3.141682900,0.627602017
3.141886400,0.628231382
3.142089800,0.628862403
3.142293300,0.629491767
3.142496700,0.634122788
3.142700200,0.634752152
3.142903600,0.635383173
3.143107100,0.640012538
3.143310500,0.640643558
3.143514000,0.641272923
3.143717400,0.645903944
3.143920900,0.646533308
3.144124300,0.647164329
3.144327800,0.651793693
3.144531300,0.652423058
3.144734700,0.653054079
3.144938200,0.653683443
3.145141600,0.658314464
3.145345100,0.658943828
3.145548500,0.659574849
3.145752000,0.660204214
3.145955400,0.660835234
3.146158900,0.661464599
3.146362300,0.666095620
3.146565800,0.666724984
3.146769200,0.667356005
3.146972700,0.667985369
3.147176100,0.672616390
3.147379600,0.673245755
3.147583000,0.673876775
3.147786500,0.678506140
3.147989900,0.679137161
3.148193400,0.679766525
3.148396800,0.680397546
3.148600300,0.681026910
3.148803700,0.681657931
3.149007200,0.682287296
3.149210600,0.686918316
3.149414100,0.687547681
3.149617500,0.688178702
3.149821000,0.692808066
3.150024400,0.693439087
3.150227900,0.694068451
3.150431300,0.698699472
3.150634800,0.695328837
3.150838200,0.695959857
3.151041700,0.696589222
3.151245100,0.701220243
3.151448600,0.701849607
3.151652000,0.702480628
3.151855500,0.707109992
3.152058900,0.707741013
3.152262400,0.708370378
3.152465800,0.713001398
3.152669300,0.713630763
3.152872700,0.714261784
3.153076200,0.714891148
3.153279600,0.719522169
3.153483100,0.720151533
3.153686500,0.720782554
3.153890000,0.725411919
3.154093400,0.730042939
3.154296900,0.730672304
3.154500300,0.735303325
3.154703800,0.735932689
3.154907200,0.736563710
3.155110700,0.745193074
3.155314100,0.745824095
3.155517600,0.746453460
3.155721000,0.747084480
3.155924500,0.755713845
3.156127900,0.756344866
3.156331400,0.760974230
3.156534800,0.765605251
3.156738300,0.770234615
3.156941700,0.770865636
3.157145200,0.779495001
3.157348600,0.780126021
3.157552100,0.784755386
3.157755500,0.785386407
3.157959000,0.794015771
3.158162400,0.798646792
3.158365900,0.803276156
3.158569300,0.811907177
3.158772800,0.816536542
3.158976200,0.817167562
3.159179700,0.829796927
3.159383100,0.830427948
3.159586600,0.835057312
3.159790000,0.839688333
3.159993500,0.852317697
3.160196900,0.852948718
3.160400400,0.857578083
3.160603800,0.870209103
3.160807300,0.874838468
3.161010700,0.879469489
3.161214200,0.892098853
3.161417600,0.896729874
3.161621100,0.901359238
3.161824500,0.905990259
3.162028000,0.922619624
3.162231400,0.927250644
3.162434900,0.931880009
3.162638300,0.944511030
3.162841800,0.949140394
3.163045200,0.957771415
3.163248700,0.970400779
3.163452100,0.975031800
3.163655600,0.983661165
3.163859000,0.996292185
3.164062500,1.004921550
3.164266000,1.009550914
3.164469400,1.014181935
3.164672900,1.030811300
3.164876300,1.035442320
3.165079800,1.044071685
3.165283200,1.060702706
3.165486700,1.065332070
3.165690100,1.069963091
3.165893600,1.086592455
3.166097000,1.095223476
3.166300500,1.099852841
3.166503900,1.108483861
3.166707400,1.125113226
3.166910800,1.129744247
3.167114300,1.134373611
3.167317700,1.151004632
3.167521200,1.159633996
3.167724600,1.164265017
3.167928100,1.180894382
3.168131500,1.189525402
3.168335000,1.194154767
3.168538400,1.202785788
3.168741900,1.215415152
3.168945300,1.224046173
3.169148800,1.228675537
3.169352200,1.245306558
3.169555700,1.253935923
3.169759100,1.258566943
3.169962600,1.275196308
3.170166000,1.279827329
3.170369500,1.284456693
3.170572900,1.293087714
3.170776400,1.305717078
3.170979800,1.314348099
3.171183300,1.318977464
3.171386700,1.335608484
3.171590200,1.340237849
3.171793600,1.344868870
3.171997100,1.361498234
3.172200500,1.366129255
3.172404000,1.370758619
3.172607400,1.387389640
3.172810900,1.392019005
3.173014300,1.396650025
3.173217800,1.405279390
3.173421200,1.417910411
3.173624700,1.422539775
3.173828100,1.427170796
3.174031600,1.443800160
3.174235000,1.448431181
3.174438500,1.453060546
3.174641900,1.465691566
3.174845400,1.474320931
3.175048800,1.478951952
3.175252300,1.483581316
3.175455700,1.496212337
3.175659200,1.500841701
3.175862600,1.505472722
3.176066100,1.522102087
3.176269500,1.526733107
3.176473000,1.531362472
3.176676400,1.543993493
3.176879900,1.548622857
3.177083300,1.553253878
3.177286800,1.557883242
3.177490200,1.570514263
3.177693700,1.575143628
3.177897100,1.583774648
3.178100600,1.596404013
3.178304000,1.601035034
3.178507500,1.605664398
3.178710900,1.618295419
3.178914400,1.622924783
3.179117800,1.627555804
3.179321300,1.632185169
3.179524700,1.644816189
3.179728200,1.649445554
3.179931600,1.654076575
3.180135100,1.670705939
3.180338500,1.675336960
3.180542000,1.679966324
3.180745400,1.692597345
3.180948900,1.697226710
3.181152300,1.701857730
3.181355800,1.706487095
3.181559200,1.719118116
3.181762700,1.723747480
3.181966100,1.728378501
3.182169600,1.741007865
3.182373000,1.745638886
3.182576500,1.750268251
3.182779900,1.762899271
3.182983400,1.767528636
3.183186800,1.772159657
3.183390300,1.784789021
3.183593800,1.793418386
3.183797200,1.798049406
3.184000700,1.802678771
3.184204100,1.811309792
3.184407600,1.815939156
3.184611000,1.820570177
3.184814500,1.833199541
3.185017900,1.837830562
3.185221400,1.842459927
3.185424800,1.855090947
3.185628300,1.859720312
3.185831700,1.864351333
3.186035200,1.868980697
3.186238600,1.881611718
3.186442100,1.886241082
3.186645500,1.890872103
3.186849000,1.899501468
3.187052400,1.904132488
3.187255900,1.908761853
3.187459300,1.921392874
3.187662800,1.926022238
3.187866200,1.926653259
3.188069700,1.931282623
3.188273100,1.943913644
3.188476600,1.948543009
3.188680000,1.949174029
3.188883500,1.961803394
3.189086900,1.966434415
3.189290400,1.967063779
3.189493800,1.979694800
3.189697300,1.984324164
3.189900700,1.984955185
3.190104200,1.989584550
3.190307600,1.998215570
3.190511100,2.002844935
3.190714500,2.007475956
3.190918000,2.016105320
3.191121400,2.020736341
3.191324900,2.021365705
3.191528300,2.033996726
3.191731800,2.034626091
3.191935200,2.039257111
3.192138700,2.047886476
3.192342100,2.048517497
3.192545600,2.053146861
3.192749000,2.057777882
3.192952500,2.066407246
3.193155900,2.067038267
3.193359400,2.071667632
3.193562800,2.080298652
3.193766300,2.080928017
3.193969700,2.085559038
3.194173200,2.094188402
3.194376600,2.098819423
3.194580100,2.099448787
3.194783500,2.104079808
3.194987000,2.112709173
3.195190400,2.113340193
3.195393900,2.117969558
3.195597300,2.122600579
3.195800800,2.127229943
3.196004200,2.127860964
3.196207700,2.136490328
3.196411100,2.141121349
3.196614600,2.141750714
3.196818000,2.146381734
3.197021500,2.151011099
3.197224900,2.155642120
3.197428400,2.156271484
3.197631800,2.164902505
3.197835300,2.165531869
3.198038700,2.170162890
3.198242200,2.178792255
3.198445600,2.179423275
3.198649100,2.180052640
3.198852500,2.184683661
3.199056000,2.189313025
3.199259400,2.193944046
3.199462900,2.194573410
3.199666300,2.203204431
3.199869800,2.203833796
3.200073200,2.204464817
3.200276700,2.213094181
3.200480100,2.213725202
3.200683600,2.218354566
3.200887000,2.222985587
3.201090500,2.223614951
3.201293900,2.228245972
3.201497400,2.228875337
3.201700800,2.233506358
3.201904300,2.234135722
3.202107700,2.238766743
3.202311200,2.243396107
3.202514600,2.244027128
3.202718100,2.244656492
3.202921500,2.253287513
3.203125000,2.253916878
3.203328500,2.254546242
3.203531900,2.255177263
3.203735400,2.259806627
3.203938800,2.260437648
3.204142300,2.261067013
3.204345700,2.265698033
3.204549200,2.266327398
3.204752600,2.266958419
3.204956100,2.271587783
3.205159500,2.272218804
3.205363000,2.272848168
3.205566400,2.273479189
3.205769900,2.278108554
3.205973300,2.274739574
3.206176800,2.275368939
3.206380200,2.279999960
3.206583700,2.280629324
3.206787100,2.281260345
3.206990600,2.281889709
3.207194000,2.282520730
3.207397500,2.283150095
3.207600900,2.279781115
3.207804400,2.284410480
3.208007800,2.281041501
3.208211300,2.281670865
3.208414700,2.282301886
3.208618200,2.282931250
3.208821600,2.283562271
3.209025100,2.284191636
3.209228500,2.280822656
3.209432000,2.281452021
3.209635400,2.278083042
3.209838900,2.282712406
3.210042300,2.279343427
3.210245800,2.279972791
3.210449200,2.280603812
3.210652700,2.277233177
3.210856100,2.273864197
3.211059600,2.274493562
3.211263000,2.275124583
3.211466500,2.271753947
3.211669900,2.272384968
3.211873400,2.273014332
3.212076800,2.269645353
3.212280300,2.266274718
3.212483700,2.266905738
3.212687200,2.267535103
3.212890600,2.264166124
3.213094100,2.264795488
3.213297500,2.261426509
3.213501000,2.262055873
3.213704400,2.262686894
3.213907900,2.259316259
3.214111300,2.259947279
3.214314800,2.256576644
3.214518200,2.257207665
3.214721700,2.253837029
3.214925100,2.254468050
3.215128600,2.255097414
3.215332000,2.251728435
3.215535500,2.252357800
3.215738900,2.252988821
3.215942400,2.253618185
3.216145800,2.250249206
3.216349300,2.250878570
3.216552700,2.251509591
3.216756200,2.252138955
3.216959600,2.248769976
3.217163100,2.253399341
3.217366500,2.254030362
3.217570000,2.250659726
3.217773400,2.255290747
3.217976900,2.255920111
3.218180300,2.256551132
3.218383800,2.253180496
3.218587200,2.257811517
3.218790700,2.258440882
3.218994100,2.259071903
3.219197600,2.263701267
3.219401000,2.264332288
3.219604500,2.264961652
3.219807900,2.273592673
3.220011400,2.274222037
3.220214800,2.274853058
3.220418300,2.279482423
3.220621700,2.280113444
3.220825200,2.284742808
3.221028600,2.285373829
3.221232100,2.294003193
3.221435500,2.294634214
3.221639000,2.295263578
3.221842400,2.303894599
3.222045900,2.308523964
3.222249300,2.309154985
3.222452800,2.317784349
3.222656300,2.322413713
3.222859700,2.323044734
3.223063200,2.327674099
3.223266600,2.336305119
3.223470100,2.340934484
3.223673500,2.345565505
3.223877000,2.354194869
3.224080400,2.358825890
3.224283900,2.363455254
3.224487300,2.372086275
3.224690800,2.376715640
3.224894200,2.381346660
3.225097700,2.385976025
3.225301100,2.394607046
3.225504600,2.399236410
3.225708000,2.403867431
3.225911500,2.416496795
3.226114900,2.421127816
3.226318400,2.425757181
3.226521800,2.434388201
3.226725300,2.439017566
3.226928700,2.443648587
3.227132200,2.448277951
3.227335600,2.460908972
3.227539100,2.465538336
3.227742500,2.470169357
3.227946000,2.482798722
3.228149400,2.487429742
3.228352900,2.492059107
3.228556300,2.504690128
3.228759800,2.509319492
3.228963200,2.513950513
3.229166700,2.518579877
3.229370100,2.531210898
3.229573600,2.535840263
3.229777000,2.544471283
3.229980500,2.557100648
3.230183900,2.561731669
3.230387400,2.566361033
3.230590800,2.578992054
3.230794300,2.583621418
3.230997700,2.588252439
3.231201200,2.600881804
3.231404600,2.605512825
3.231608100,2.610142189
3.231811500,2.614773210
3.232015000,2.627402574
3.232218400,2.632033595
3.232421900,2.636662959
3.232625300,2.653293980
3.232828800,2.657923345
3.233032200,2.662554366
3.233235700,2.675183730
3.233439100,2.679814751
3.233642600,2.684444115
3.233846000,2.689075136
3.234049500,2.701704500
3.234252900,2.706335521
3.234456400,2.710964886
3.234659800,2.723595907
3.234863300,2.732225271
3.235066700,2.736856292
3.235270200,2.749485656
3.235473600,2.754116677
3.235677100,2.758746041
3.235880500,2.763377062
3.236084000,2.776006427
3.236287400,2.784637448
3.236490900,2.789266812
3.236694300,2.801897833
3.236897800,2.806527197
3.237101200,2.811158218
3.237304700,2.827787582
3.237508100,2.832418603
3.237711600,2.837047968
3.237915000,2.841678989
3.238118500,2.854308353
3.238321900,2.862939374
3.238525400,2.867568738
3.238728800,2.880199759
3.238932300,2.888829123
3.239135700,2.893460144
3.239339200,2.906089509
3.239542600,2.914720530
3.239746100,2.919349894
3.239949500,2.931980915
3.240153000,2.940610279
3.240356400,2.945241300
3.240559900,2.949870664
3.240763300,2.966501685
3.240966800,2.971131050
3.241170200,2.979762071
3.241373700,2.996391435
3.241577100,3.001022456
3.241780600,3.005651820
3.241984000,3.022282841
3.242187500,3.030912205
3.242391000,3.035541570
3.242594400,3.040172591
3.242797900,3.056801955
3.243001300,3.065432976
3.243204800,3.070062340
3.243408200,3.086693361
3.243611700,3.095322726
3.243815100,3.099953746
3.244018600,3.116583111
3.244222000,3.125214132
3.244425500,3.129843496
3.244628900,3.138474517
3.244832400,3.155103881
3.245035800,3.159734902
3.245239300,3.168364267
3.245442700,3.184995287
3.245646200,3.189624652
3.245849600,3.198255673
3.246053100,3.214885037
3.246256500,3.223516058
3.246460000,3.228145422
3.246663400,3.236776443
3.246866900,3.253405808
3.247070300,3.258036828
3.247273800,3.266666193
3.247477200,3.283297214
3.247680700,3.291926578
3.247884100,3.296557599
3.248087600,3.313186963
3.248291000,3.321817984
3.248494500,3.326447349
3.248697900,3.343078370
3.248901400,3.351707734
3.249104800,3.356338755
3.249308300,3.364968119
3.249511700,3.381599140
3.249715200,3.386228504
3.249918600,3.394859525
3.250122100,3.411488890
3.250325500,3.416119911
3.250529000,3.424749275
3.250732400,3.441380296
3.250935900,3.446009660
3.251139300,3.454640681
3.251342800,3.459270045
3.251546200,3.475901066
3.251749700,3.480530431
3.251953100,3.485161452
3.252156600,3.501790816
3.252360000,3.510421837
3.252563500,3.515051201
3.252766900,3.531682222
3.252970400,3.536311586
3.253173800,3.540942607
3.253377300,3.545571972
3.253580700,3.562202993
3.253784200,3.566832357
3.253987600,3.571463378
3.254191100,3.588092742
3.254394500,3.592723763
3.254598000,3.597353127
3.254801400,3.613984148
3.255004900,3.618613513
3.255208300,3.623244534
3.255411800,3.627873898
3.255615200,3.644504919
3.255818700,3.649134283
3.256022100,3.653765304
3.256225600,3.666394668
3.256429000,3.671025689
3.256632500,3.675655054
3.256835900,3.688286075
3.257039400,3.692915439
3.257242800,3.697546460
3.257446300,3.706175824
3.257649700,3.718806845
3.257853200,3.723436209
3.258056600,3.728067230
3.258260100,3.740696595
3.258463500,3.745327616
3.258667000,3.749956980
3.258870400,3.758588001
3.259073900,3.763217365
3.259277300,3.767848386
3.259480800,3.780477750
3.259684200,3.785108771
3.259887700,3.789738136
3.260091100,3.794369157
3.260294600,3.806998521
3.260498000,3.811629542
3.260701500,3.812258906
3.260904900,3.824889927
3.261108400,3.829519291
3.261311800,3.834150312
3.261515300,3.842779677
3.261718800,3.847409041
3.261922200,3.852040062
3.262125700,3.856669426
3.262329100,3.865300447
3.262532600,3.869929812
3.262736000,3.874560832
3.262939500,3.887190197
3.263142900,3.887821218
3.263346400,3.892450582
3.263549800,3.901081603
3.263753300,3.905710967
3.263956700,3.910341988
3.264160200,3.914971353
3.264363600,3.923602374
3.264567100,3.928231738
3.264770500,3.928862759
3.264974000,3.941492123
3.265177400,3.942123144
3.265380900,3.946752508
3.265584300,3.955383529
3.265787800,3.960012894
3.265991200,3.960643915
3.266194700,3.965273279
3.266398100,3.973904300
3.266601600,3.978533664
3.266805000,3.979164685
3.267008500,3.987794049
3.267211900,3.992425070
3.267415400,3.997054435
3.267618800,4.005685456
3.267822300,4.006314820
3.268025700,4.010945841
3.268229200,4.019575205
3.268432600,4.020206226
3.268636100,4.024835590
3.268839500,4.025466611
3.269043000,4.034095976
3.269246400,4.034726997
3.269449900,4.039356361
3.269653300,4.047987382
3.269856800,4.048616746
3.270060200,4.053247767
3.270263700,4.061877131
3.270467100,4.062508152
3.270670600,4.063137517
3.270874000,4.067768538
3.271077500,4.072397902
3.271280900,4.077028923
3.271484400,4.077658287
3.271687800,4.086289308
3.271891300,4.086918672
3.272094700,4.091549693
3.272298200,4.096179058
3.272501600,4.100810079
3.272705100,4.101439443
3.272908500,4.102070464
3.273112000,4.110699828
3.273315400,4.111330849
3.273518900,4.111960213
3.273722300,4.120591234
3.273925800,4.121220599
3.274129200,4.121851620
3.274332700,4.130480984
3.274536100,4.131112005
3.274739600,4.131741369
3.274943000,4.132372390
3.275146500,4.141001754
3.275349900,4.141632775
3.275553400,4.142262140
3.275756800,4.146893161
3.275960300,4.151522525
3.276163700,4.152153546
3.276367200,4.156782910
3.276570600,4.157413931
3.276774100,4.158043295
3.276977500,4.158674316
3.277181000,4.163303681
3.277384400,4.163934702
3.277587900,4.164564066
3.277791300,4.169195087
3.277994800,4.169824451
3.278198200,4.170455472
3.278401700,4.175084836
3.278605100,4.175715857
3.278808600,4.176345222
3.279012000,4.180976243
3.279215500,4.181605607
3.279418900,4.182236628
3.279622400,4.182865992
3.279825800,4.187497013
3.280029300,4.184126378
3.280232700,4.184757398
3.280436200,4.189386763
3.280639600,4.190017784
3.280843100,4.186647148
3.281046500,4.191278169
3.281250000,4.191907533
3.281453500,4.192536898
3.281656900,4.189167919
3.281860400,4.193797283
3.282063800,4.194428304
3.282267300,4.191057668
3.282470700,4.195688689
3.282674200,4.192318053
3.282877600,4.192949074
3.283081100,4.193578439
3.283284500,4.194209460
3.283488000,4.194838824
3.283691400,4.191469845
3.283894900,4.192099209
3.284098300,4.192730230
3.284301800,4.193359594
3.284505200,4.193990615
3.284708700,4.194619980
3.284912100,4.191251001
3.285115600,4.191880365
3.285319000,4.192511386
3.285522500,4.193140750
3.285725900,4.189771771
3.285929400,4.194401135
3.286132800,4.191032156
3.286336300,4.191661521
3.286539700,4.192292542
3.286743200,4.192921906
3.286946600,4.189552927
3.287150100,4.194182291
3.287353500,4.190813312
3.287557000,4.191442676
3.287760400,4.192073697
3.287963900,4.192703062
3.288167300,4.193334083
3.288370800,4.189963447
3.288574200,4.194594468
3.288777700,4.195223832
3.288981100,4.195854853
3.289184600,4.196484217
3.289388000,4.197115238
3.289591500,4.197744603
3.289794900,4.202375624
3.289998400,4.199004988
3.290201800,4.199636009
3.290405300,4.200265373
3.290608700,4.204896394
3.290812200,4.205525758
3.291015600,4.206156779
3.291219100,4.210786144
3.291422500,4.211417165
3.291626000,4.212046529
3.291829400,4.220677550
3.292032900,4.221306914
3.292236300,4.221937935
3.292439800,4.222567299
3.292643200,4.227198320
3.292846700,4.231827685
3.293050100,4.232458706
3.293253600,4.237088070
3.293457000,4.241719091
3.293660500,4.242348455
3.293863900,4.250979476
3.294067400,4.251608840
3.294270800,4.252239861
3.294474300,4.256869226
3.294677700,4.265500247
3.294881200,4.266129611
3.295084600,4.270760632
3.295288100,4.275389996
3.295491500,4.280021017
3.295695000,4.280650382
3.295898400,4.289281402
3.296101900,4.293910767
3.296305300,4.298541788
3.296508800,4.307171152
3.296712200,4.307802173
3.296915700,4.312431537
3.297119100,4.313062558
3.297322600,4.325691923
3.297526000,4.326322943
3.297729500,4.330952308
3.297932900,4.339583329
3.298136400,4.344212693
3.298339800,4.344843714
3.298543300,4.357473078
3.298746700,4.358104099
3.298950200,4.362733464
3.299153600,4.367364484
3.299357100,4.375993849
3.299560500,4.380624870
3.299764000,4.381254234
3.299967400,4.389885255
3.300170900,4.394514619
3.300374300,4.399145640
3.300577800,4.407775005
3.300781300,4.412404369
3.300984700,4.413035390
3.301188200,4.417664754
3.301391600,4.426295775
3.301595100,4.430925139
3.301798500,4.435556160
3.302002000,4.444185525
3.302205400,4.448816546
3.302408900,4.449445910
3.302612300,4.462076931
3.302815800,4.462706295
3.303019200,4.467337316
3.303222700,4.471966680
3.303426100,4.480597701
3.303629600,4.485227066
3.303833000,4.485858087
3.304036500,4.498487451
3.304239900,4.499118472
3.304443400,4.503747836
3.304646800,4.512378857
3.304850300,4.517008221
3.305053700,4.517639242
3.305257200,4.522268607
3.305460600,4.530899628
3.305664100,4.535528992
3.305867500,4.540160013
3.306071000,4.548789377
3.306274400,4.549420398
3.306477900,4.554049762
3.306681300,4.562680783
3.306884800,4.567310148
3.307088200,4.571941169
3.307291700,4.580570533
3.307495100,4.581201554
3.307698600,4.585830918
3.307902000,4.590461939
3.308105500,4.599091303
3.308308900,4.599722324
3.308512400,4.604351689
3.308715800,4.612982710
3.308919300,4.617612074
3.309122700,4.618243095
3.309326200,4.630872459
3.309529600,4.631503480
3.309733100,4.636132844
3.309936500,4.636763865
3.310140000,4.645393230
3.310343400,4.650024251
3.310546900,4.654653615
3.310750300,4.663284636
3.310953800,4.663914000
3.311157200,4.668545021
3.311360700,4.677174386
3.311564100,4.677805406
3.311767600,4.682434771
3.311971000,4.687065792
3.312174500,4.695695156
3.312377900,4.696326177
3.312581400,4.700955541
3.312784800,4.709586562
3.312988300,4.710215927
3.313191700,4.714846947
3.313395200,4.723476312
3.313598600,4.724107333
3.313802100,4.728736697
3.314005500,4.729367718
3.314209000,4.737997082
3.314412400,4.738628103
3.314615900,4.743257468
3.314819300,4.751888488
3.315022800,4.752517853
3.315226200,4.757148874
3.315429700,4.765778238
3.315633100,4.766409259
3.315836600,4.767038623
3.316040000,4.775669644
3.316243500,4.780299009
3.316446900,4.780930029
3.316650400,4.781559394
3.316853800,4.790190415
3.317057300,4.794819779
3.317260700,4.795450800
3.317464200,4.804080164
3.317667600,4.804711185
3.317871100,4.805340550
3.318074500,4.813971570
3.318278000,4.814600935
3.318481400,4.819231956
3.318684900,4.819861320
3.318888300,4.828492341
3.319091800,4.829121705
3.319295200,4.829752726
3.319498700,4.838382091
3.319702100,4.839013111
3.319905600,4.843642476
3.320109000,4.848273497
3.320312500,4.848902861
3.320516000,4.853532225
3.320719400,4.854163246
3.320922900,4.858792611
3.321126300,4.863423632
3.321329800,4.864052996
3.321533200,4.868684017
3.321736700,4.873313381
3.321940100,4.873944402
3.322143600,4.878573766
3.322347000,4.879204787
3.322550500,4.883834152
3.322753900,4.884465173
3.322957400,4.889094537
3.323160800,4.889725558
3.323364300,4.890354922
3.323567700,4.898985943
3.323771200,4.899615307
3.323974600,4.900246328
3.324178100,4.904875693
3.324381500,4.905506714
3.324585000,4.906136078
3.324788400,4.910767099
3.324991900,4.915396463
3.325195300,4.916027484
3.325398800,4.916656848
3.325602200,4.921287869
3.325805700,4.921917234
3.326009100,4.922548255
3.326212600,4.927177619
3.326416000,4.927808640
3.326619500,4.928438004
3.326822900,4.933069025
3.327026400,4.933698390
3.327229800,4.934329410
3.327433300,4.934958775
3.327636700,4.939589796
3.327840200,4.940219160
3.328043600,4.940850181
3.328247100,4.945479545
3.328450500,4.946110566
3.328654000,4.946739931
3.328857400,4.947370951
3.329060900,4.948000316
3.329264300,4.948631337
3.329467800,4.949260701
3.329671200,4.953891722
3.329874700,4.954521086
3.330078100,4.951152107
3.330281600,4.955781472
3.330485000,4.956412492
3.330688500,4.957041857
3.330891900,4.961672878
3.331095400,4.958302242
3.331298800,4.958933263
3.331502300,4.959562627
3.331705700,4.964193648
3.331909200,4.960823013
3.332112600,4.961454033
3.332316100,4.966083398
3.332519500,4.966714419
3.332723000,4.967343783
3.332926400,4.967974804
3.333129900,4.968604168
3.333333300,4.969235189
3.333536800,4.969864554
3.333740200,4.970495574
3.333943700,4.971124939
3.334147100,4.971755960
3.334350600,4.972385324
3.334554000,4.973016345
3.334757500,4.973645709
3.334960900,4.974276730
3.335164400,4.974906095
3.335367800,4.975537115
3.335571300,4.980166480
3.335774700,4.976797501
3.335978200,4.977426865
3.336181600,4.978057886
3.336385100,4.978687250
3.336588500,4.979318271
3.336792000,4.979947636
3.336995400,4.984578656
3.337198900,4.981208021
3.337402300,4.981839042
3.337605800,4.986468406
3.337809200,4.983099427
3.338012700,4.983728791
3.338216100,4.984359812
3.338419600,4.988989177
3.338623000,4.985620197
3.338826500,4.986249562
3.339029900,4.990880583
3.339233400,4.987509947
3.339436800,4.988140968
3.339640300,4.992770332
3.339843800,4.989399697
3.340047200,4.990030718
3.340250700,4.990660082
3.340454100,4.991291103
3.340657600,4.991920467
3.340861000,4.992551488
3.341064500,4.993180852
3.341267900,4.993811873
3.341471400,4.994441238
3.341674800,4.995072259
3.341878300,4.995701623
3.342081700,4.992332644
3.342285200,4.992962008
3.342488600,4.993593029
3.342692100,4.994222394
3.342895500,4.990853414
3.343099000,4.991482779
3.343302400,4.992113800
3.343505900,4.992743164
3.343709300,4.993374185
3.343912800,4.990003549
3.344116200,4.990634570
3.344319700,4.991263935
3.344523100,4.987894955
3.344726600,4.988524320
3.344930000,4.985155341
3.345133500,4.985784705
3.345336900,4.986415726
3.345540400,4.983045090
3.345743800,4.983676111
3.345947300,4.980305476
3.346150700,4.980936496
3.346354200,4.977565861
3.346557600,4.978196882
3.346761100,4.974826246
3.346964500,4.971457267
3.347168000,4.972086631
3.347371400,4.968717652
3.347574900,4.969347017
3.347778300,4.965978037
3.347981800,4.966607402
3.348185200,4.963238423
3.348388700,4.959867787
3.348592100,4.960498808
3.348795600,4.957128172
3.348999000,4.953759193
3.349202500,4.950388558
3.349405900,4.951019578
3.349609400,4.947648943
3.349812800,4.944279964
3.350016300,4.940909328
3.350219700,4.941540349
3.350423200,4.938169713
3.350626600,4.934800734
3.350830100,4.931430099
3.351033500,4.928061119
3.351237000,4.928690484
3.351440400,4.925321505
3.351643900,4.921950869
3.351847300,4.918581890
3.352050800,4.919211254
3.352254200,4.915842275
3.352457700,4.912471640
3.352661100,4.909102660
3.352864600,4.909732025
3.353068000,4.906363046
3.353271500,4.902992410
3.353474900,4.899623431
3.353678400,4.900252795
3.353881800,4.896883816
3.354085300,4.893513181
3.354288700,4.894144201
3.354492200,4.890773566
3.354695600,4.887404587
3.354899100,4.888033951
3.355102500,4.884664972
3.355306000,4.885294336
3.355509400,4.881925357
3.355712900,4.878554722
3.355916300,4.879185742
3.356119800,4.875815107
3.356323200,4.876446128
3.356526700,4.877075492
3.356730100,4.873706513
3.356933600,4.874335877
3.357137000,4.874966898
3.357340500,4.871596263
3.357543900,4.872227283
3.357747400,4.868856648
3.357950800,4.869487669
3.358154300,4.870117033
3.358357700,4.866748054
3.358561200,4.871377418
3.358764600,4.868008439
3.358968100,4.868637804
3.359171500,4.869268824
3.359375000,4.869898189
3.359578500,4.870527553
3.359781900,4.867158574
3.359985400,4.871787939
3.360188800,4.868418959
3.360392300,4.869048324
3.360595700,4.873679345
3.360799200,4.874308709
3.361002600,4.870939730
3.361206100,4.875569094
3.361409500,4.876200115
3.361613000,4.876829480
3.361816400,4.877460500
3.362019900,4.878089865
3.362223300,4.878720886
3.362426800,4.879350250
3.362630200,4.883981271
3.362833700,4.884610635
3.363037100,4.885241656
3.363240600,4.885871021
3.363444000,4.886502041
3.363647500,4.887131406
3.363850900,4.891762427
3.364054400,4.892391791
3.364257800,4.893022812
3.364461300,4.893652176
3.364664700,4.898283197
3.364868200,4.898912562
3.365071600,4.899543582
3.365275100,4.900172947
3.365478500,4.900803968
3.365682000,4.901433332
3.365885400,4.906064353
3.366088900,4.906693717
3.366292300,4.907324738
3.366495800,4.907954103
3.366699200,4.912585123
3.366902700,4.913214488
3.367106100,4.913845509
3.367309600,4.914474873
3.367513000,4.915105894
3.367716500,4.915735258
3.367919900,4.920366279
3.368123400,4.920995644
3.368326800,4.921626664
3.368530300,4.922256029
3.368733700,4.926887050
3.368937200,4.927516414
3.369140600,4.928147435
3.369344100,4.928776799
3.369547500,4.929407820
3.369751000,4.930037185
3.369954400,4.934668205
3.370157900,4.935297570
3.370361300,4.935928591
3.370564800,4.936557955
3.370768200,4.937188976
3.370971700,4.937818340
3.371175100,4.938449361
3.371378600,4.943078726
3.371582000,4.943709746
3.371785500,4.944339111
3.371988900,4.948970132
3.372192400,4.949599496
3.372395800,4.950230517
3.372599300,4.950859881
3.372802700,4.951490902
3.373006200,4.952120267
3.373209600,4.952751287
3.373413100,4.957380652
3.373616500,4.958011673
3.373820000,4.958641037
3.374023400,4.963272058
3.374226900,4.963901422
3.374430300,4.964532443
3.374633800,4.965161808
3.374837200,4.965792828
3.375040700,4.966422193
3.375244100,4.967053214
3.375447600,4.971682578
3.375651000,4.972313599
3.375854500,4.972942963
3.376057900,4.977573984
3.376261400,4.978203349
3.376464800,4.978834369
3.376668300,4.979463734
3.376871700,4.980094755
3.377075200,4.980724119
3.377278600,4.981355140
3.377482100,4.985984504
3.377685500,4.986615525
3.377889000,4.987244890
3.378092400,4.991875910
3.378295900,4.988505275
3.378499300,4.989136296
3.378702800,4.993765660
3.378906300,4.994395025
3.379109700,4.995026045
3.379313200,4.995655410
3.379516600,5.000286431
3.379720100,5.000915795
3.379923500,4.997546816
3.380127000,5.002176180
3.380330400,5.002807201
3.380533900,5.003436566
3.380737300,5.008067586
3.380940800,5.004696951
3.381144200,5.005327972
3.381347700,5.005957336
3.381551100,5.010588357
3.381754600,5.011217721
3.381958000,5.007848742
3.382161500,5.012478107
3.382364900,5.013109127
3.382568400,5.013738492
3.382771800,5.014369513
3.382975300,5.014998877
3.383178700,5.015629898
3.383382200,5.016259262
3.383585600,5.016890283
3.383789100,5.017519648
3.383992500,5.018150668
3.384196000,5.018780033
3.384399400,5.019411054
3.384602900,5.020040418
3.384806300,5.024671439
3.385009800,5.021300803
3.385213200,5.021931824
3.385416700,5.026561189
3.385620100,5.023192209
3.385823600,5.023821574
3.386027000,5.024452595
3.386230500,5.025081959
3.386433900,5.025712980
3.386637400,5.026342344
3.386840800,5.026973365
3.387044300,5.027602730
3.387247700,5.028233750
3.387451200,5.028863115
3.387654600,5.029494136
3.387858100,5.030123500
3.388061500,5.030754521
3.388265000,5.031383885
3.388468400,5.032014906
3.388671900,5.032644271
3.388875300,5.033275291
3.389078800,5.033904656
3.389282200,5.030535677
3.389485700,5.035165041
3.389689100,5.031796062
3.389892600,5.032425426
3.390096000,5.033056447
3.390299500,5.033685812
3.390502900,5.034316832
3.390706400,5.034946197
3.390909800,5.035577218
3.391113300,5.036206582
3.391316700,5.032837603
3.391520200,5.037466967
3.391723600,5.034097988
3.391927100,5.034727353
3.392130500,5.035358373
3.392334000,5.035987738
3.392537400,5.036618759
3.392740900,5.033248123
3.392944300,5.033879144
3.393147800,5.034508508
3.393351200,5.035139529
3.393554700,5.035768894
3.393758100,5.036399914
3.393961600,5.033029279
3.394165000,5.033660300
3.394368500,5.034289664
3.394571900,5.034920685
3.394775400,5.031550049
3.394978800,5.032181070
3.395182300,5.032810435
3.395385700,5.033441455
3.395589200,5.034070820
3.395792600,5.030701841
3.395996100,5.031331205
3.396199500,5.031962226
3.396403000,5.032591590
3.396606400,5.029222611
3.396809900,5.029851976
3.397013300,5.030482996
3.397216800,5.031112361
3.397420200,5.027743382
3.397623700,5.028372746
3.397827100,5.029003767
3.398030600,5.025633131
3.398234000,5.026264152
3.398437500,5.026893517
3.398641000,5.023522881
3.398844400,5.024153902
3.399047900,5.024783266
3.399251300,5.025414287
3.399454800,5.022043652
3.399658200,5.022674672
3.399861700,5.023304037
3.400065100,5.019935058
3.400268600,5.020564422
3.400472000,5.021195443
3.400675500,5.017824807
3.400878900,5.018455828
3.401082400,5.019085193
3.401285800,5.015716213
3.401489300,5.016345578
3.401692700,5.016976599
3.401896200,5.013605963
3.402099600,5.014236984
3.402303100,5.014866348
3.402506500,5.011497369
3.402710000,5.012126734
3.402913400,5.012757754
3.403116900,5.009387119
3.403320300,5.010018140
3.403523800,5.006647504
3.403727200,5.007278525
3.403930700,5.007907889
3.404134100,5.004538910
3.404337600,5.005168275
3.404541000,5.001799295
3.404744500,5.002428660
3.404947900,5.003059681
3.405151400,4.999689045
3.405354800,4.996320066
3.405558300,4.996949430
3.405761700,4.997580451
3.405965200,4.994209816
3.406168600,4.990840836
3.406372100,4.991470201
3.406575500,4.992101222
3.406779000,4.988730586
3.406982400,4.989361607
3.407185900,4.985990971
3.407389300,4.986621992
3.407592800,4.983251357
3.407796200,4.983882377
3.407999700,4.980511742
3.408203100,4.977142763
3.408406600,4.977772127
3.408610000,4.974403148
3.408813500,4.975032512
3.409016900,4.971663533
3.409220400,4.972292898
3.409423800,4.968923918
3.409627300,4.965553283
3.409830700,4.966184304
3.410034200,4.962813668
3.410237600,4.963444689
3.410441100,4.960074053
3.410644500,4.956705074
3.410848000,4.957334439
3.411051400,4.953965459
3.411254900,4.954594824
3.411458300,4.951225845
3.411661800,4.947855209
3.411865200,4.948486230
3.412068700,4.945115594
3.412272100,4.941746615
3.412475600,4.942375980
3.412679000,4.939007000
3.412882500,4.935636365
3.413085900,4.936267386
3.413289400,4.932896750
3.413492800,4.929527771
3.413696300,4.926157135
3.413899700,4.926788156
3.414103200,4.923417521
3.414306600,4.920048541
3.414510100,4.920677906
3.414713500,4.917308927
3.414917000,4.913938291
3.415120400,4.910569312
3.415323900,4.911198676
3.415527300,4.907829697
3.415730800,4.904459062
3.415934200,4.901090082
3.416137700,4.897719447
3.416341100,4.898350468
3.416544600,4.894979832
3.416748000,4.891610853
3.416951500,4.888240217
3.417154900,4.888871238
3.417358400,4.885500603
3.417561800,4.882131623
3.417765300,4.878760988
3.417968800,4.875390352
3.418172200,4.872021373
3.418375700,4.868650738
3.418579100,4.869281758
3.418782600,4.865911123
3.418986000,4.862542144
3.419189500,4.859171508
3.419392900,4.855802529
3.419596400,4.852431893
3.419799800,4.853062914
3.420003300,4.849692279
3.420206700,4.846323299
3.420410200,4.842952664
3.420613600,4.839583685
3.420817100,4.836213049
3.421020500,4.832844070
3.421224000,4.829473434
3.421427400,4.826104455
3.421630900,4.822733820
3.421834300,4.823364840
3.422037800,4.819994205
3.422241200,4.816625226
3.422444700,4.813254590
3.422648100,4.809885611
3.422851600,4.806514975
3.423055000,4.803145996
3.423258500,4.799775361
3.423461900,4.796406381
3.423665400,4.793035746
3.423868800,4.789666767
3.424072300,4.786296131
3.424275700,4.782927152
3.424479200,4.779556516
3.424682600,4.776187537
3.424886100,4.772816902
3.425089500,4.769447922
3.425293000,4.766077287
3.425496400,4.762708308
3.425699900,4.759337672
3.425903300,4.755968693
3.426106800,4.752598057
3.426310200,4.749229078
3.426513700,4.745858443
3.426717100,4.742489463
3.426920600,4.739118828
3.427124000,4.735749849
3.427327500,4.732379213
3.427530900,4.729010234
3.427734400,4.725639598
3.427937800,4.722270619
3.428141300,4.714899984
3.428344700,4.711531004
3.428548200,4.708160369
3.428751600,4.704791390
3.428955100,4.701420754
3.429158500,4.698051775
3.429362000,4.694681139
3.429565400,4.691312160
3.429768900,4.683941525
3.429972300,4.680572545
3.430175800,4.677201910
3.430379200,4.673832931
3.430582700,4.666462295
3.430786100,4.663093316
3.430989600,4.659722680
3.431193000,4.656353701
3.431396500,4.648983066
3.431599900,4.645614086
3.431803400,4.642243451
3.432006800,4.634874472
3.432210300,4.631503836
3.432413700,4.628134857
3.432617200,4.620764221
3.432820600,4.617395242
3.433024100,4.614024607
3.433227500,4.606655627
3.433431000,4.603284992
3.433634400,4.595916013
3.433837900,4.592545377
3.434041300,4.585176398
3.434244800,4.581805762
3.434448200,4.578436783
3.434651700,4.571066148
3.434855100,4.567697168
3.435058600,4.560326533
3.435262000,4.552957554
3.435465500,4.549586918
3.435668900,4.542217939
3.435872400,4.538847303
3.436075800,4.531478324
3.436279300,4.528107689
3.436482700,4.520738709
3.436686200,4.513368074
3.436889600,4.509999095
3.437093100,4.502628459
3.437296500,4.495259480
3.437500000,4.491888844
3.437703500,4.484518209
3.437906900,4.481149230
3.438110400,4.469778594
3.438313800,4.466409615
3.438517300,4.459038979
3.438720700,4.451670000
3.438924200,4.448299365
3.439127600,4.440930385
3.439331100,4.433559750
3.439534500,4.426190771
3.439738000,4.422820135
3.439941400,4.411451156
3.440144900,4.408080520
3.440348300,4.400711541
3.440551800,4.393340906
3.440755200,4.385971926
3.440958700,4.378601291
3.441162100,4.375232312
3.441365600,4.363861676
3.441569000,4.360492697
3.441772500,4.353122061
3.441975900,4.345753082
3.442179400,4.338382447
3.442382800,4.331013467
3.442586300,4.327642832
3.442789700,4.316273853
3.442993200,4.308903217
3.443196600,4.305534238
3.443400100,4.294163602
3.443603500,4.286794623
3.443807000,4.283423988
3.444010400,4.272055008
3.444213900,4.264684373
3.444417300,4.261315394
3.444620800,4.253944758
3.444824200,4.242575779
3.445027700,4.235205143
3.445231100,4.231836164
3.445434600,4.220465529
3.445638000,4.213096549
3.445841500,4.205725914
3.446044900,4.198356935
3.446248400,4.190986299
3.446451800,4.183617320
3.446655300,4.176246684
3.446858700,4.168877705
3.447062200,4.161507070
3.447265600,4.154138090
3.447469100,4.142767455
3.447672500,4.139398476
3.447876000,4.132027840
3.448079400,4.120658861
3.448282900,4.113288225
3.448486300,4.105919246
3.448689800,4.098548611
3.448893200,4.091179631
3.449096700,4.083808996
3.449300100,4.076440017
3.449503600,4.065069381
3.449707000,4.061700402
3.449910500,4.054329766
3.450113900,4.042960787
3.450317400,4.035590152
3.450520800,4.028221172
3.450724300,4.020850537
3.450927700,4.013481558
3.451131200,4.006110922
3.451334600,3.998741943
3.451538100,3.991371307
3.451741500,3.984002328
3.451945000,3.976631693
3.452148400,3.969262713
3.452351900,3.961892078
3.452555300,3.954523099
3.452758800,3.947152463
3.452962200,3.939783484
3.453165700,3.932412848
3.453369100,3.929043869
3.453572600,3.917673234
3.453776000,3.910304254
3.453979500,3.906933619
3.454182900,3.895564640
3.454386400,3.892194004
3.454589800,3.884825025
3.454793300,3.873454389
3.454996700,3.870085410
3.455200200,3.862714775
3.455403600,3.855345795
3.455607100,3.847975160
3.455810500,3.840606181
3.456014000,3.837235545
3.456217400,3.829866566
3.456420900,3.822495930
3.456624300,3.815126951
3.456827800,3.807756316
3.457031300,3.800385680
3.457234700,3.797016701
3.457438200,3.789646065
3.457641600,3.782277086
3.457845100,3.774906451
3.458048500,3.767537471
3.458252000,3.760166836
3.458455400,3.756797857
3.458658900,3.749427221
3.458862300,3.742058242
3.459065800,3.734687606
3.459269200,3.727318627
3.459472700,3.719947992
3.459676100,3.712579012
3.459879600,3.709208377
3.460083000,3.701839398
3.460286500,3.694468762
3.460489900,3.687099783
3.460693400,3.679729147
3.460896800,3.672360168
3.461100300,3.664989533
3.461303700,3.661620553
3.461507200,3.650249918
3.461710600,3.642880939
3.461914100,3.639510303
3.462117500,3.632141324
3.462321000,3.624770688
3.462524400,3.617401709
3.462727900,3.610031074
3.462931300,3.602662094
3.463134800,3.595291459
3.463338200,3.587922480
3.463541700,3.580551844
3.463745100,3.573182865
3.463948600,3.565812229
3.464152000,3.562443250
3.464355500,3.551072615
3.464558900,3.543703635
3.464762400,3.540333000
3.464965800,3.528964021
3.465169300,3.521593385
3.465372700,3.518224406
3.465576200,3.506853770
3.465779600,3.499484791
3.465983100,3.496114156
3.466186500,3.488745176
3.466390000,3.481374541
3.466593400,3.474005562
3.466796900,3.466634926
3.467000300,3.459265947
3.467203800,3.451895311
3.467407200,3.444526332
3.467610700,3.437155697
3.467814100,3.433786717
3.468017600,3.426416082
3.468221000,3.419047103
3.468424500,3.411676467
3.468627900,3.404307488
3.468831400,3.400936852
3.469034800,3.393567873
3.469238300,3.386197238
3.469441700,3.382828258
3.469645200,3.375457623
3.469848600,3.368088644
3.470052100,3.364718008
3.470255500,3.357349029
3.470459000,3.349978393
3.470662400,3.346609414
3.470865900,3.339238779
3.471069300,3.335869799
3.471272800,3.328499164
3.471476200,3.325130185
3.471679700,3.317759549
3.471883100,3.314390570
3.472086600,3.307019934
3.472290000,3.303650955
3.472493500,3.300280320
3.472696900,3.292911340
3.472900400,3.289540705
3.473103800,3.286171726
3.473307300,3.278801090
3.473510700,3.275432111
3.473714200,3.272061475
3.473917600,3.268692496
3.474121100,3.265321861
3.474324500,3.257952881
3.474528000,3.254582246
3.474731400,3.251213267
3.474934900,3.247842631
3.475138300,3.244473652
3.475341800,3.241103016
3.475545200,3.237734037
3.475748700,3.234363402
3.475952100,3.230994422
3.476155600,3.227623787
3.476359000,3.224254808
3.476562500,3.220884172
3.476766000,3.217513537
3.476969400,3.214144557
3.477172900,3.210773922
3.477376300,3.207404943
3.477579800,3.204034307
3.477783200,3.200665328
3.477986700,3.197294692
3.478190100,3.193925713
3.478393600,3.190555078
3.478597000,3.187186098
3.478800500,3.183815463
3.479003900,3.180446484
3.479207400,3.177075848
3.479410800,3.173706869
3.479614300,3.170336233
3.479817700,3.170967254
3.480021200,3.167596619
3.480224600,3.164227639
3.480428100,3.160857004
3.480631500,3.157488025
3.480835000,3.154117389
3.481038400,3.150748410
3.481241900,3.147377774
3.481445300,3.144008795
3.481648800,3.140638160
3.481852200,3.141269180
3.482055700,3.137898545
3.482259100,3.134529566
3.482462600,3.131158930
3.482666000,3.127789951
3.482869500,3.124419315
3.483072900,3.121050336
3.483276400,3.117679701
3.483479800,3.114310721
3.483683300,3.110940086
3.483886700,3.107571107
3.484090200,3.108200471
3.484293600,3.104831492
3.484497100,3.101460856
3.484700500,3.098091877
3.484904000,3.094721242
3.485107400,3.091352262
3.485310900,3.087981627
3.485514300,3.084612648
3.485717800,3.081242012
3.485921200,3.077873033
3.486124700,3.078502397
3.486328100,3.075133418
3.486531600,3.071762783
3.486735000,3.068393803
3.486938500,3.065023168
3.487141900,3.061654189
3.487345400,3.058283553
3.487548800,3.058914574
3.487752300,3.055543938
3.487955700,3.052174959
3.488159200,3.048804324
3.488362600,3.045435344
3.488566100,3.046064709
3.488769500,3.042695730
3.488973000,3.039325094
3.489176400,3.035956115
3.489379900,3.032585479
3.489583300,3.033216500
3.489786800,3.029845865
3.489990200,3.026476885
3.490193700,3.023106250
3.490397100,3.023737271
3.490600600,3.020366635
3.490804000,3.016997656
3.491007500,3.017627020
3.491210900,3.014258041
3.491414400,3.010887406
3.491617800,3.011518426
3.491821300,3.008147791
3.492024700,3.008778812
3.492228200,3.005408176
3.492431600,3.002039197
3.492635100,3.002668561
3.492838500,2.999299582
3.493042000,2.999928947
3.493245400,2.996559967
3.493448900,2.997189332
3.493652300,2.993820353
3.493855800,2.994449717
3.494059200,2.991080738
3.494262700,2.987710102
3.494466100,2.988341123
3.494669600,2.984970488
3.494873000,2.985601508
3.495076500,2.982230873
3.495279900,2.982861894
3.495483400,2.979491258
3.495686800,2.980122279
3.495890300,2.976751643
3.496093800,2.977381008
3.496297200,2.974012029
3.496500700,2.974641393
3.496704100,2.971272414
3.496907600,2.971901778
3.497111000,2.968532799
3.497314500,2.969162164
3.497517900,2.965793184
3.497721400,2.966422549
3.497924800,2.963053570
3.498128300,2.963682934
3.498331700,2.960313955
3.498535200,2.960943319
3.498738600,2.957574340
3.498942100,2.954203705
3.499145500,2.954834725
3.499349000,2.951464090
3.499552400,2.952095111
3.499755900,2.948724475
3.499959300,2.949355496
3.500162800,2.945984860
3.500366200,2.942615881
3.500569700,2.943245246
3.500773100,2.939876266
3.500976600,2.936505631
3.501180000,2.937136652
3.501383500,2.933766016
3.501586900,2.934397037
3.501790400,2.931026401
3.501993800,2.927657422
3.502197300,2.928286787
3.502400700,2.924917807
3.502604200,2.921547172
3.502807600,2.922178193
3.503011100,2.918807557
3.503214500,2.915438578
3.503418000,2.916067942
3.503621400,2.912698963
3.503824900,2.909328328
3.504028300,2.909959348
3.504231800,2.906588713
3.504435200,2.903219734
3.504638700,2.903849098
3.504842100,2.900480119
3.505045600,2.897109483
3.505249000,2.897740504
3.505452500,2.894369869
3.505655900,2.891000889
3.505859400,2.891630254
3.506062800,2.888261275
3.506266300,2.884890639
3.506469700,2.885521660
3.506673200,2.882151024
3.506876600,2.882782045
3.507080100,2.879411410
3.507283500,2.876042430
3.507487000,2.876671795
3.507690400,2.873302816
3.507893900,2.869932180
3.508097300,2.870563201
3.508300800,2.867192565
3.508504200,2.863823586
3.508707700,2.864452951
3.508911100,2.861083971
3.509114600,2.857713336
3.509318000,2.858344357
3.509521500,2.854973721
3.509724900,2.851604742
3.509928400,2.848234106
3.510131800,2.848865127
3.510335300,2.845494492
3.510538700,2.842125512
3.510742200,2.842754877
3.510945600,2.839385898
3.511149100,2.836015262
3.511352500,2.836646283
3.511556000,2.833275647
3.511759400,2.829906668
3.511962900,2.830536033
3.512166300,2.827167053
3.512369800,2.823796418
3.512573200,2.820427439
3.512776700,2.821056803
3.512980100,2.817687824
3.513183600,2.814317188
3.513387000,2.810948209
3.513590500,2.811577574
3.513793900,2.808208594
3.513997400,2.804837959
3.514200800,2.801468980
3.514404300,2.798098344
3.514607700,2.794729365
3.514811200,2.795358729
3.515014600,2.791989750
3.515218100,2.788619115
3.515421500,2.785250135
3.515625000,2.781879500
3.515828500,2.778508864
3.516031900,2.775139885
3.516235400,2.775769250
3.516438800,2.772400270
3.516642300,2.769029635
3.516845700,2.765660656
3.517049200,2.762290020
3.517252600,2.758921041
3.517456100,2.755550405
3.517659500,2.752181426
3.517863000,2.748810791
3.518066400,2.745441811
3.518269900,2.742071176
3.518473300,2.738702197
3.518676800,2.735331561
3.518880200,2.731962582
3.519083700,2.728591946
3.519287100,2.725222967
3.519490600,2.721852332
3.519694000,2.718483352
3.519897500,2.715112717
3.520100900,2.715743738
3.520304400,2.712373102
3.520507800,2.709004123
3.520711300,2.705633487
3.520914700,2.702264508
3.521118200,2.698893873
3.521321600,2.695524893
3.521525100,2.692154258
3.521728500,2.688785279
3.521932000,2.685414643
3.522135400,2.682045664
3.522338900,2.674675028
3.522542300,2.671306049
3.522745800,2.667935414
3.522949200,2.664566434
3.523152700,2.661195799
3.523356100,2.657826820
3.523559600,2.654456184
3.523763000,2.651087205
3.523966500,2.647716569
3.524169900,2.644347590
3.524373400,2.640976955
3.524576800,2.637607975
3.524780300,2.634237340
3.524983700,2.630868361
3.525187200,2.627497725
3.525390600,2.624128746
3.525594100,2.620758110
3.525797500,2.617389131
3.526001000,2.614018496
3.526204400,2.610649516
3.526407900,2.603278881
3.526611300,2.599909902
3.526814800,2.596539266
3.527018200,2.593170287
3.527221700,2.589799651
3.527425100,2.586430672
3.527628600,2.583060037
3.527832000,2.575691057
3.528035500,2.572320422
3.528238900,2.568951443
3.528442400,2.565580807
3.528645800,2.562211828
3.528849300,2.554841192
3.529052700,2.551472213
3.529256200,2.548101578
3.529459600,2.544732598
3.529663100,2.537361963
3.529866500,2.533992984
3.530070000,2.530622348
3.530273400,2.523253369
3.530476900,2.519882733
3.530680300,2.516513754
3.530883800,2.509143119
3.531087200,2.505774139
3.531290700,2.498403504
3.531494100,2.495034525
3.531697600,2.487663889
3.531901000,2.484294910
3.532104500,2.476924274
3.532307900,2.469555295
3.532511400,2.466184660
3.532714800,2.458815680
3.532918300,2.451445045
3.533121700,2.448076066
3.533325200,2.440705430
3.533528600,2.437336451
3.533732100,2.429965815
3.533935500,2.422596836
3.534139000,2.415226201
3.534342400,2.407857221
3.534545900,2.400486586
3.534749300,2.393117607
3.534952800,2.385746971
3.535156300,2.378376336
3.535359700,2.371007356
3.535563200,2.363636721
3.535766600,2.356267742
3.535970100,2.348897106
3.536173500,2.341528127
3.536377000,2.330157491
3.536580400,2.322788512
3.536783900,2.319417877
3.536987300,2.308048897
3.537190800,2.300678262
3.537394200,2.293309283
3.537597700,2.281938647
3.537801100,2.274569668
3.538004600,2.267199032
3.538208000,2.259830053
3.538411500,2.244459418
3.538614900,2.237090438
3.538818400,2.229719803
3.539021800,2.218350824
3.539225300,2.210980188
3.539428700,2.203611209
3.539632200,2.192240573
3.539835600,2.184871594
3.540039100,2.177500959
3.540242500,2.170131979
3.540446000,2.158761344
3.540649400,2.151392365
3.540852900,2.144021729
3.541056300,2.132652750
3.541259800,2.129282114
3.541463200,2.121913135
3.541666700,2.110542500
3.541870100,2.103173520
3.542073600,2.095802885
3.542277000,2.092433906
3.542480500,2.081063270
3.542683900,2.077694291
3.542887400,2.070323655
3.543090800,2.062954676
3.543294300,2.059584041
3.543497700,2.052215061
3.543701200,2.044844426
3.543904600,2.041475447
3.544108100,2.038104811
3.544311500,2.030735832
3.544515000,2.027365196
3.544718400,2.023996217
3.544921900,2.020625582
3.545125300,2.017256602
3.545328800,2.013885967
3.545532200,2.010516988
3.545735700,2.007146352
3.545939100,2.007777373
3.546142600,2.004406737
3.546346000,2.005037758
3.546549500,2.001667123
3.546752900,2.002298143
3.546956400,1.998927508
3.547159800,1.999558529
3.547363300,2.000187893
3.547566700,2.000818914
3.547770200,2.001448278
3.547973600,2.002079299
3.548177100,2.002708664
3.548380500,2.007339684
3.548584000,2.007969049
3.548787400,2.008600070
3.548990900,2.009229434
3.549194300,2.013860455
3.549397800,2.014489819
3.549601200,2.019120840
3.549804700,2.023750205
3.550008100,2.024381225
3.550211600,2.029010590
3.550415000,2.033641611
3.550618500,2.038270975
3.550821900,2.038901996
3.551025400,2.043531360
3.551228800,2.052162381
3.551432300,2.052791746
3.551635700,2.057422766
3.551839200,2.066052131
3.552042600,2.066683152
3.552246100,2.071312516
3.552449500,2.079943537
3.552653000,2.084572901
3.552856400,2.089203922
3.553059900,2.089833287
3.553263300,2.102464307
3.553466800,2.103093672
3.553670200,2.107724693
3.553873700,2.120354057
3.554077100,2.120985078
3.554280600,2.125614442
3.554484000,2.138245463
3.554687500,2.138874828
3.554891000,2.143504192
3.555094400,2.156135213
3.555297900,2.160764577
3.555501300,2.161395598
3.555704800,2.166024963
3.555908200,2.178655983
3.556111700,2.183285348
3.556315100,2.183916369
3.556518600,2.196545733
3.556722000,2.201176754
3.556925500,2.205806118
3.557128900,2.214437139
3.557332400,2.219066504
3.557535800,2.223697524
3.557739300,2.228326889
3.557942700,2.236957910
3.558146200,2.241587274
3.558349600,2.246218295
3.558553100,2.254847659
3.558756500,2.259478680
3.558960000,2.264108045
3.559163400,2.276739065
3.559366900,2.281368430
3.559570300,2.281999451
3.559773800,2.286628815
3.559977200,2.299259836
3.560180700,2.299889200
3.560384100,2.304520221
3.560587600,2.317149586
3.560791000,2.321780606
3.560994500,2.322409971
3.561197900,2.335040992
3.561401400,2.339670356
3.561604800,2.340301377
3.561808300,2.344930741
3.562011700,2.353561762
3.562215200,2.358191127
3.562418600,2.362822147
3.562622100,2.371451512
3.562825500,2.376082533
3.563029000,2.380711897
3.563232400,2.389342918
3.563435900,2.393972282
3.563639300,2.394603303
3.563842800,2.407232668
3.564046200,2.407863688
3.564249700,2.412493053
3.564453100,2.417124074
3.564656600,2.425753438
3.564860000,2.426384459
3.565063500,2.431013823
3.565266900,2.439644844
3.565470400,2.444274209
3.565673800,2.444905229
3.565877300,2.457534594
3.566080700,2.458165615
3.566284200,2.462794979
3.566487600,2.463426000
3.566691100,2.472055364
3.566894500,2.476686385
3.567098000,2.477315750
3.567301400,2.485946770
3.567504900,2.490576135
3.567708300,2.491207156
3.567911800,2.499836520
3.568115200,2.504467541
3.568318700,2.505096905
3.568522100,2.505727926
3.568725600,2.514357291
3.568929000,2.518988311
3.569132500,2.519617676
3.569335900,2.528248697
3.569539400,2.528878061
3.569742800,2.533509082
3.569946300,2.538138446
3.570149700,2.542769467
3.570353200,2.543398832
3.570556600,2.544029852
3.570760100,2.552659217
3.570963500,2.553290238
3.571167000,2.557919602
3.571370400,2.562550623
3.571573900,2.567179987
3.571777300,2.567811008
3.571980800,2.572440373
3.572184200,2.577071393
3.572387700,2.577700758
3.572591100,2.578331779
3.572794600,2.586961143
3.572998000,2.587592164
3.573201500,2.588221528
3.573404900,2.592852549
3.573608400,2.597481914
3.573811800,2.598112934
3.574015300,2.602742299
3.574218800,2.603371663
3.574422200,2.604002684
3.574625700,2.612632049
3.574829100,2.613263069
3.575032600,2.613892434
3.575236000,2.614523455
3.575439500,2.619152819
3.575642900,2.619783840
3.575846400,2.620413204
3.576049800,2.625044225
3.576253300,2.625673590
3.576456700,2.626304610
3.576660200,2.630933975
3.576863600,2.631564996
3.577067100,2.632194360
3.577270500,2.632825381
3.577474000,2.637454745
3.577677400,2.638085766
3.577880900,2.638715131
3.578084300,2.643346151
3.578287800,2.643975516
3.578491200,2.640606537
3.578694700,2.645235901
3.578898100,2.645866922
3.579101600,2.646496286
3.579305000,2.647127307
3.579508500,2.647756672
3.579711900,2.648387692
3.579915400,2.649017057
3.580118800,2.653648078
3.580322300,2.650277442
3.580525700,2.650908463
3.580729200,2.655537827
3.580932600,2.652168848
3.581136100,2.652798213
3.581339500,2.653429233
3.581543000,2.654058598
3.581746400,2.654689619
3.581949900,2.655318983
3.582153300,2.655950004
3.582356800,2.656579368
3.582560200,2.653210389
3.582763700,2.657839754
3.582967100,2.654470774
3.583170600,2.655100139
3.583374000,2.655731160
3.583577500,2.656360524
3.583780900,2.656991545
3.583984400,2.653620909
3.584187800,2.654251930
3.584391300,2.654881295
3.584594700,2.655512315
3.584798200,2.656141680
3.585001600,2.656772701
3.585205100,2.653402065
3.585408500,2.654033086
3.585612000,2.654662450
3.585815400,2.651293471
3.586018900,2.651922836
3.586222300,2.652553856
3.586425800,2.653183221
3.586629200,2.649814242
3.586832700,2.650443606
3.587036100,2.651074627
3.587239600,2.651703991
3.587443000,2.652335012
3.587646500,2.648964377
3.587849900,2.649595397
3.588053400,2.646224762
3.588256800,2.646855783
3.588460300,2.647485147
3.588663700,2.644116168
3.588867200,2.644745532
3.589070600,2.645376553
3.589274100,2.642005918
3.589477500,2.642636938
3.589681000,2.643266303
3.589884400,2.639897324
3.590087900,2.640526688
3.590291300,2.641157709
3.590494800,2.637787073
3.590698200,2.638418094
3.590901700,2.635047459
3.591105100,2.635678479
3.591308600,2.632307844
3.591512000,2.632938865
3.591715500,2.633568229
3.591918900,2.630199250
3.592122400,2.630828614
3.592325800,2.627459635
3.592529300,2.624089000
3.592732700,2.624720020
3.592936200,2.621349385
3.593139600,2.621980406
3.593343100,2.618609770
3.593546500,2.619240791
3.593750000,2.615870155
3.593953500,2.612499520
3.594156900,2.613130541
3.594360400,2.609759905
3.594563800,2.606390926
3.594767300,2.607020290
3.594970700,2.603651311
3.595174200,2.600280676
3.595377600,2.596911696
3.595581100,2.597541061
3.595784500,2.594172082
3.595988000,2.590801446
3.596191400,2.587432467
3.596394900,2.588061831
3.596598300,2.584692852
3.596801800,2.581322217
3.597005200,2.577953237
3.597208700,2.574582602
3.597412100,2.571213623
3.597615600,2.567842987
3.597819000,2.564474008
3.598022500,2.561103372
3.598225900,2.561734393
3.598429400,2.558363758
3.598632800,2.554994778
3.598836300,2.551624143
3.599039700,2.548255164
3.599243200,2.544884528
3.599446600,2.541515549
3.599650100,2.538144913
3.599853500,2.534775934
3.600057000,2.527405299
3.600260400,2.524036319
3.600463900,2.520665684
3.600667300,2.517296705
3.600870800,2.513926069
3.601074200,2.510557090
3.601277700,2.507186454
3.601481100,2.503817475
3.601684600,2.500446840
3.601888000,2.497077860
3.602091500,2.489707225
3.602294900,2.486338246
3.602498400,2.482967610
3.602701800,2.479598631
3.602905300,2.476227995
3.603108700,2.472859016
3.603312200,2.469488381
3.603515600,2.462119401
3.603719100,2.458748766
3.603922500,2.455379787
3.604126000,2.452009151
3.604329400,2.448640172
3.604532900,2.445269536
3.604736300,2.437900557
3.604939800,2.434529922
3.605143200,2.431160942
3.605346700,2.427790307
3.605550100,2.424421328
3.605753600,2.417050692
3.605957000,2.413681713
3.606160500,2.410311077
3.606363900,2.406942098
3.606567400,2.403571463
3.606770800,2.400202483
3.606974300,2.392831848
3.607177700,2.389462869
3.607381200,2.386092233
3.607584600,2.382723254
3.607788100,2.379352618
3.607991500,2.375983639
3.608195000,2.368613004
3.608398400,2.365244024
3.608601900,2.361873389
3.608805300,2.358504410
3.609008800,2.355133774
3.609212200,2.351764795
3.609415700,2.348394159
3.609619100,2.341025180
3.609822600,2.337654545
3.610026000,2.334285565
3.610229500,2.330914930
3.610432900,2.327545951
3.610636400,2.324175315
3.610839800,2.320806336
3.611043300,2.317435700
3.611246700,2.314066721
3.611450200,2.310696086
3.611653600,2.303327106
3.611857100,2.299956471
3.612060500,2.296587492
3.612264000,2.293216856
3.612467400,2.289847877
3.612670900,2.286477241
3.612874300,2.283108262
3.613077800,2.279737627
3.613281300,2.276366991
3.613484700,2.272998012
3.613688200,2.269627376
3.613891600,2.266258397
3.614095100,2.262887762
3.614298500,2.259518782
3.614502000,2.256148147
3.614705400,2.252779168
3.614908900,2.249408532
3.615112300,2.246039553
3.615315800,2.242668917
3.615519200,2.239299938
3.615722700,2.235929303
3.615926100,2.232560323
3.616129600,2.229189688
3.616333000,2.225820709
3.616536500,2.226450073
3.616739900,2.223081094
3.616943400,2.219710458
3.617146800,2.216341479
3.617350300,2.212970844
3.617553700,2.209601864
3.617757200,2.206231229
3.617960600,2.202862250
3.618164100,2.199491614
3.618367500,2.196122635
3.618571000,2.192751999
3.618774400,2.189383020
3.618977900,2.186012385
3.619181300,2.182643405
3.619384800,2.183272770
3.619588200,2.179903791
3.619791700,2.176533155
3.619995100,2.173164176
3.620198600,2.169793540
3.620402000,2.166424561
3.620605500,2.163053926
3.620808900,2.159684946
3.621012400,2.156314311
3.621215800,2.152945332
3.621419300,2.149574696
3.621622700,2.146205717
3.621826200,2.142835081
3.622029600,2.139466102
3.622233100,2.140095467
3.622436500,2.136726487
3.622640000,2.133355852
3.622843400,2.129986873
3.623046900,2.126616237
3.623250300,2.123247258
3.623453800,2.119876622
3.623657200,2.116507643
3.623860700,2.113137008
3.624064100,2.109768028
3.624267600,2.106397393
3.624471000,2.103028414
3.624674500,2.099657778
3.624877900,2.096288799
3.625081400,2.092918163
3.625284800,2.089549184
3.625488300,2.086178549
3.625691700,2.082809569
3.625895200,2.079438934
3.626098600,2.076069955
3.626302100,2.072699319
3.626505500,2.069330340
3.626709000,2.065959704
3.626912400,2.062590725
3.627115900,2.059220090
3.627319300,2.055851110
3.627522800,2.052480475
3.627726200,2.049111496
3.627929700,2.045740860
3.628133100,2.042371881
3.628336600,2.039001245
3.628540000,2.035632266
3.628743500,2.032261631
3.628946900,2.028892651
3.629150400,2.025522016
3.629353800,2.022153037
3.629557300,2.018782401
3.629760700,2.015413422
3.629964200,2.012042786
3.630167600,2.008673807
3.630371100,2.001303172
3.630574500,1.997934192
3.630778000,1.994563557
3.630981400,1.991194578
3.631184900,1.987823942
3.631388300,1.984454963
3.631591800,1.981084327
3.631795200,1.977715348
3.631998700,1.974344713
3.632202100,1.970975733
3.632405600,1.967605098
3.632609000,1.964236119
3.632812500,1.960865483
3.633016000,1.957494848
3.633219400,1.954125868
3.633422900,1.950755233
3.633626300,1.947386254
3.633829800,1.944015618
3.634033200,1.940646639
3.634236700,1.937276003
3.634440100,1.933907024
3.634643600,1.930536389
3.634847000,1.927167409
3.635050500,1.923796774
3.635253900,1.920427795
3.635457400,1.917057159
3.635660800,1.913688180
3.635864300,1.910317544
3.636067700,1.906948565
3.636271200,1.903577930
3.636474600,1.900208950
3.636678100,1.896838315
3.636881500,1.893469336
3.637085000,1.894098700
3.637288400,1.890729721
3.637491900,1.887359085
3.637695300,1.883990106
3.637898800,1.880619471
3.638102200,1.877250491
3.638305700,1.873879856
3.638509100,1.870510877
3.638712600,1.867140241
3.638916000,1.867771262
3.639119500,1.864400626
3.639322900,1.861031647
3.639526400,1.857661012
3.639729800,1.854292032
3.639933300,1.850921397
3.640136700,1.851552418
3.640340200,1.848181782
3.640543600,1.844812803
3.640747100,1.841442167
3.640950500,1.838073188
3.641154000,1.834702553
3.641357400,1.835333573
3.641560900,1.831962938
3.641764300,1.828593959
3.641967800,1.825223323
3.642171200,1.821854344
3.642374700,1.822483708
3.642578100,1.819114729
3.642781600,1.815744094
3.642985000,1.812375114
3.643188500,1.809004479
3.643391900,1.809635500
3.643595400,1.806264864
3.643798800,1.802895885
3.644002300,1.799525249
3.644205700,1.796156270
3.644409200,1.796785635
3.644612600,1.793416655
3.644816100,1.790046020
3.645019500,1.786677041
3.645223000,1.783306405
3.645426400,1.783937426
3.645629900,1.780566790
3.645833300,1.777197811
3.646036800,1.773827176
3.646240200,1.774458196
3.646443700,1.771087561
3.646647100,1.767718582
3.646850600,1.764347946
3.647054000,1.760978967
3.647257500,1.761608331
3.647460900,1.758239352
3.647664400,1.754868717
3.647867800,1.751499737
3.648071300,1.752129102
3.648274700,1.748760123
3.648478200,1.745389487
3.648681600,1.742020508
3.648885100,1.742649872
3.649088500,1.739280893
3.649292000,1.735910258
3.649495400,1.732541278
3.649698900,1.733170643
3.649902300,1.729801664
3.650105800,1.726431028
3.650309200,1.723062049
3.650512700,1.723691413
3.650716100,1.720322434
3.650919600,1.716951799
3.651123000,1.713582819
3.651326500,1.714212184
3.651529900,1.710843205
3.651733400,1.707472569
3.651936800,1.708103590
3.652140300,1.704732954
3.652343800,1.701362319
3.652547200,1.701993340
3.652750700,1.698622704
3.652954100,1.695253725
3.653157600,1.695883089
3.653361000,1.692514110
3.653564500,1.689143475
3.653767900,1.689774495
3.653971400,1.686403860
3.654174800,1.683034881
3.654378300,1.683664245
3.654581700,1.680295266
3.654785200,1.676924630
3.654988600,1.677555651
3.655192100,1.674185016
3.655395500,1.670816036
3.655599000,1.671445401
3.655802400,1.668076422
3.656005900,1.664705786
3.656209300,1.665336807
3.656412800,1.661966171
3.656616200,1.658597192
3.656819700,1.659226557
3.657023100,1.655857577
3.657226600,1.652486942
3.657430000,1.653117963
3.657633500,1.649747327
3.657836900,1.646378348
3.658040400,1.647007712
3.658243800,1.643638733
3.658447300,1.640268098
3.658650700,1.640899118
3.658854200,1.637528483
3.659057600,1.634159504
3.659261100,1.630788868
3.659464500,1.631419889
3.659668000,1.628049253
3.659871400,1.624680274
3.660074900,1.625309639
3.660278300,1.621940659
3.660481800,1.618570024
3.660685200,1.615201045
3.660888700,1.615830409
3.661092100,1.612461430
3.661295600,1.609090794
3.661499000,1.609721815
3.661702500,1.606351180
3.661905900,1.602982200
3.662109400,1.599611565
3.662312800,1.596242586
3.662516300,1.596871950
3.662719700,1.593502971
3.662923200,1.590132335
3.663126600,1.586763356
3.663330100,1.583392721
3.663533500,1.584023741
3.663737000,1.580653106
3.663940400,1.577284127
3.664143900,1.573913491
3.664347300,1.570544512
3.664550800,1.567173876
3.664754200,1.567804897
3.664957700,1.564434262
3.665161100,1.561065282
3.665364600,1.557694647
3.665568000,1.554325668
3.665771500,1.550955032
3.665974900,1.551586053
3.666178400,1.548215417
3.666381800,1.544846438
3.666585300,1.541475803
3.666788700,1.538106823
3.666992200,1.534736188
3.667195600,1.531367209
3.667399100,1.527996573
3.667602500,1.528627594
3.667806000,1.525256958
3.668009400,1.521887979
3.668212900,1.518517344
3.668416300,1.515148364
3.668619800,1.511777729
3.668823200,1.508408750
3.669026700,1.505038114
3.669230100,1.501669135
3.669433600,1.498298499
3.669637000,1.498929520
3.669840500,1.495558885
3.670043900,1.492189905
3.670247400,1.488819270
3.670450800,1.485450291
3.670654300,1.482079655
3.670857700,1.478710676
3.671061200,1.475340040
3.671264600,1.471971061
3.671468100,1.468600426
3.671671500,1.465231446
3.671875000,1.461860811
3.672078500,1.458490175
3.672281900,1.455121196
3.672485400,1.447750561
3.672688800,1.444381581
3.672892300,1.441010946
3.673095700,1.437641967
3.673299200,1.434271331
3.673502600,1.430902352
3.673706100,1.427531716
3.673909500,1.420162737
3.674113000,1.416792102
3.674316400,1.413423122
3.674519900,1.410052487
3.674723300,1.406683508
3.674926800,1.399312872
3.675130200,1.395943893
3.675333700,1.392573257
3.675537100,1.385204278
3.675740600,1.381833643
3.675944000,1.378464663
3.676147500,1.371094028
3.676350900,1.367725049
3.676554400,1.364354413
3.676757800,1.356985434
3.676961300,1.353614798
3.677164700,1.346245819
3.677368200,1.342875184
3.677571600,1.339506204
3.677775100,1.332135569
3.677978500,1.328766590
3.678182000,1.321395954
3.678385400,1.314026975
3.678588900,1.310656339
3.678792300,1.307287360
3.678995800,1.299916725
3.679199200,1.292547745
3.679402700,1.289177110
3.679606100,1.285808131
3.679809600,1.278437495
3.680013000,1.271068516
3.680216500,1.267697880
3.680419900,1.260328901
3.680623400,1.256958266
3.680826800,1.253589286
3.681030300,1.246218651
3.681233700,1.238849672
3.681437200,1.235479036
3.681640600,1.232110057
3.681844100,1.224739421
3.682047500,1.221370442
3.682251000,1.213999807
3.682454400,1.210630827
3.682657900,1.203260192
3.682861300,1.199891213
3.683064800,1.192520577
3.683268200,1.189151598
3.683471700,1.185780962
3.683675100,1.182411983
3.683878600,1.175041348
3.684082000,1.171672368
3.684285500,1.168301733
3.684488900,1.160932754
3.684692400,1.157562118
3.684895800,1.154193139
3.685099300,1.146822503
3.685302700,1.143453524
3.685506200,1.140082889
3.685709600,1.136713909
3.685913100,1.133343274
3.686116500,1.129974295
3.686320000,1.126603659
3.686523400,1.123234680
3.686726900,1.119864044
3.686930300,1.116495065
3.687133800,1.113124430
3.687337200,1.109755450
3.687540700,1.106384815
3.687744100,1.103015836
3.687947600,1.099645200
3.688151000,1.096276221
3.688354500,1.092905585
3.688557900,1.089536606
3.688761400,1.086165971
3.688964800,1.082796991
3.689168300,1.083426356
3.689371700,1.080057377
3.689575200,1.076686741
3.689778600,1.073317762
3.689982100,1.069947126
3.690185500,1.070578147
3.690389000,1.067207512
3.690592400,1.063838532
3.690795900,1.060467897
3.690999300,1.061098918
3.691202800,1.057728282
3.691406300,1.054357647
3.691609700,1.054988667
3.691813200,1.051618032
3.692016600,1.048249053
3.692220100,1.048878417
3.692423500,1.045509438
3.692627000,1.046138802
3.692830400,1.042769823
3.693033900,1.039399188
3.693237300,1.040030208
3.693440800,1.036659573
3.693644200,1.037290594
3.693847700,1.033919958
3.694051100,1.034550979
3.694254600,1.031180343
3.694458000,1.027811364
3.694661500,1.028440729
3.694864900,1.025071749
3.695068400,1.025701114
3.695271800,1.022332135
3.695475300,1.022961499
3.695678700,1.019592520
3.695882200,1.020221884
3.696085600,1.016852905
3.696289100,1.017482270
3.696492500,1.014113290
3.696696000,1.014742655
3.696899400,1.011373676
3.697102900,1.012003040
3.697306300,1.012634061
3.697509800,1.009263425
3.697713200,1.005894446
3.697916700,1.006523811
3.698120100,1.007154831
3.698323600,1.003784196
3.698527000,1.004415217
3.698730500,1.001044581
3.698933900,1.001675602
3.699137400,0.998304966
3.699340800,0.998935987
3.699544300,0.999565352
3.699747700,0.996196372
3.699951200,0.996825737
3.700154600,0.997456758
3.700358100,0.994086122
3.700561500,0.998717143
3.700765000,0.995346507
3.700968400,0.995977528
3.701171900,0.992606893
3.701375300,0.993237913
3.701578800,0.993867278
3.701782200,0.994498299
3.701985700,0.995127663
3.702189100,0.995758684
3.702392600,0.992388048
3.702596000,0.997019069
3.702799500,0.993648434
3.703002900,0.994279454
3.703206400,0.994908819
3.703409800,0.995539840
3.703613300,0.996169204
3.703816700,0.996800225
3.704020200,1.001429589
3.704223600,1.002060610
3.704427100,1.002689975
3.704630500,1.003320995
3.704834000,1.003950360
3.705037400,1.004581381
3.705240900,1.005210745
3.705444300,1.009841766
3.705647800,1.010471130
3.705851200,1.015102151
3.706054700,1.019731516
3.706258100,1.020362536
3.706461600,1.020991901
3.706665000,1.025622922
3.706868500,1.030252286
3.707071900,1.030883307
3.707275400,1.035512671
3.707478800,1.040143692
3.707682300,1.040773057
3.707885700,1.041404078
3.708089200,1.050033442
3.708292600,1.054664463
3.708496100,1.055293827
3.708699500,1.063924848
3.708903000,1.064554212
3.709106400,1.069185233
3.709309900,1.077814598
3.709513300,1.082445619
3.709716800,1.083074983
3.709920200,1.087706004
3.710123700,1.096335368
3.710327100,1.100966389
3.710530600,1.101595753
3.710734000,1.110226774
3.710937500,1.114856139
3.711141000,1.119485503
3.711344400,1.128116524
3.711547900,1.132745888
3.711751300,1.137376909
3.711954800,1.138006274
3.712158200,1.150637294
3.712361700,1.155266659
3.712565100,1.155897680
3.712768600,1.168527044
3.712972000,1.173158065
3.713175500,1.177787429
3.713378900,1.186418450
3.713582400,1.191047815
3.713785800,1.195678835
3.713989300,1.200308200
3.714192700,1.208939221
3.714396200,1.213568585
3.714599600,1.218199606
3.714803100,1.230828970
3.715006500,1.235459991
3.715210000,1.236089356
3.715413400,1.248720376
3.715616900,1.253349741
3.715820300,1.257980762
3.716023800,1.266610126
3.716227200,1.271241147
3.716430700,1.275870511
3.716634100,1.280501532
3.716837600,1.289130897
3.717041000,1.293761917
3.717244500,1.298391282
3.717447900,1.311022303
3.717651400,1.311651667
3.717854800,1.316282688
3.718058300,1.328912052
3.718261700,1.333543073
3.718465200,1.338172438
3.718668600,1.338803458
3.718872100,1.351432823
3.719075500,1.356063844
3.719279000,1.360693208
3.719482400,1.369324229
3.719685900,1.373953593
3.719889300,1.378584614
3.720092800,1.387213979
3.720296200,1.391844999
3.720499700,1.396474364
3.720703100,1.401105385
3.720906600,1.409734749
3.721110000,1.414365770
3.721313500,1.418995134
3.721516900,1.431626155
3.721720400,1.432255520
3.721923800,1.436886540
3.722127300,1.449515905
3.722330700,1.450146926
3.722534200,1.454776290
3.722737600,1.459407311
3.722941100,1.472036675
3.723144500,1.472667696
3.723348000,1.477297061
3.723551400,1.489928082
3.723754900,1.494557446
3.723958300,1.495188467
3.724161800,1.507817831
3.724365200,1.512448852
3.724568700,1.517078216
3.724772100,1.517709237
3.724975600,1.530338602
3.725179000,1.534969623
3.725382500,1.539598987
3.725585900,1.548230008
3.725789400,1.552859372
3.725992800,1.557490393
3.726196300,1.566119757
3.726399700,1.570750778
3.726603200,1.575380143
3.726806600,1.584011164
3.727010100,1.588640528
3.727213500,1.593271549
3.727417000,1.597900913
3.727620400,1.606531934
3.727823900,1.611161298
3.728027300,1.615792319
3.728230800,1.624421684
3.728434200,1.629052705
3.728637700,1.629682069
3.728841100,1.642313090
3.729044600,1.646942454
3.729248000,1.647573475
3.729451500,1.652202839
3.729654900,1.660833860
3.729858400,1.665463225
3.730061800,1.670094246
3.730265300,1.678723610
3.730468800,1.683352974
3.730672200,1.683983995
3.730875700,1.692613360
3.731079100,1.697244380
3.731282600,1.701873745
3.731486000,1.702504766
3.731689500,1.715134130
3.731892900,1.715765151
3.732096400,1.720394515
3.732299800,1.729025536
3.732503300,1.729654901
3.732706700,1.734285921
3.732910200,1.742915286
3.733113600,1.747546307
3.733317100,1.748175671
3.733520500,1.752806692
3.733724000,1.761436056
3.733927400,1.762067077
3.734130900,1.766696442
3.734334300,1.775327462
3.734537800,1.775956827
3.734741200,1.780587848
3.734944700,1.785217212
3.735148100,1.789848233
3.735351600,1.790477597
3.735555000,1.799108618
3.735758500,1.803737983
3.735961900,1.804369003
3.736165400,1.808998368
3.736368800,1.813629389
3.736572300,1.818258753
3.736775700,1.818889774
3.736979200,1.827519138
3.737182600,1.828150159
3.737386100,1.832779524
3.737589500,1.841410544
3.737793000,1.842039909
3.737996400,1.842670930
3.738199900,1.847300294
3.738403300,1.851931315
3.738606800,1.856560679
3.738810200,1.857191700
3.739013700,1.865821065
3.739217100,1.866452086
3.739420600,1.871081450
3.739624000,1.875712471
3.739827500,1.880341835
3.740030900,1.880972856
3.740234400,1.881602220
3.740437800,1.890233241
3.740641300,1.890862606
3.740844700,1.895493627
3.741048200,1.900122991
3.741251600,1.904754012
3.741455100,1.905383376
3.741658500,1.914014397
3.741862000,1.914643761
3.742065400,1.915274782
3.742268900,1.919904147
3.742472300,1.924535168
3.742675800,1.929164532
3.742879200,1.929795553
3.743082700,1.938424917
3.743286100,1.939055938
3.743489600,1.939685302
3.743693000,1.948316323
3.743896500,1.948945688
3.744099900,1.949576709
3.744303400,1.954206073
3.744506800,1.958837094
3.744710300,1.963466458
3.744913700,1.964097479
3.745117200,1.968726843
3.745320600,1.973357864
3.745524100,1.973987229
3.745727500,1.978618250
3.745931000,1.983247614
3.746134400,1.983878635
3.746337900,1.988507999
3.746541300,1.993139020
3.746744800,1.993768384
3.746948200,1.994399405
3.747151700,1.999028770
3.747355100,2.003659791
3.747558600,2.004289155
3.747762000,2.008920176
3.747965500,2.009549540
3.748168900,2.010180561
3.748372400,2.018809925
3.748575800,2.019440946
3.748779300,2.020070311
3.748982700,2.020701332
3.749186200,2.025330696
3.749389600,2.025961717
3.749593100,2.030591081
3.749796500,2.035222102
3.750000000,2.035851466
3.750203500,2.036480831
3.750406900,2.041111852
3.750610400,2.041741216
3.750813800,2.042372237
3.751017300,2.043001601
3.751220700,2.047632622
3.751424200,2.048261987
3.751627600,2.048893007
3.751831100,2.057522372
3.752034500,2.058153393
3.752238000,2.058782757
3.752441400,2.063413778
3.752644900,2.064043142
3.752848300,2.064674163
3.753051800,2.065303528
3.753255200,2.065934548
3.753458700,2.066563913
3.753662100,2.067194934
3.753865600,2.071824298
3.754069000,2.072455319
3.754272500,2.073084683
3.754475900,2.077715704
3.754679400,2.078345069
3.754882800,2.078976090
3.755086300,2.083605454
3.755289700,2.084236475
3.755493200,2.084865839
3.755696600,2.085496860
3.755900100,2.086126224
3.756103500,2.086757245
3.756307000,2.087386610
3.756510400,2.092017631
3.756713900,2.092646995
3.756917300,2.093278016
3.757120800,2.097907380
3.757324200,2.098538401
3.757527700,2.095167765
3.757731100,2.095798786
3.757934600,2.100428151
3.758138000,2.101059172
3.758341500,2.101688536
3.758544900,2.106319557
3.758748400,2.102948921
3.758951800,2.103579942
3.759155300,2.108209306
3.759358700,2.108840327
3.759562200,2.109469692
3.759765600,2.110100713
3.759969100,2.110730077
3.760172500,2.111361098
3.760376000,2.111990462
3.760579400,2.116621483
3.760782900,2.113250847
3.760986300,2.113881868
3.761189800,2.118511233
3.761393200,2.119142254
3.761596700,2.119771618
3.761800100,2.116402639
3.762003600,2.121032003
3.762207000,2.121663024
3.762410500,2.122292388
3.762613900,2.122923409
3.762817400,2.123552774
3.763020800,2.124183795
3.763224300,2.124813159
3.763427700,2.125444180
3.763631200,2.126073544
3.763834600,2.130704565
3.764038100,2.127333929
3.764241500,2.127964950
3.764445000,2.128594315
3.764648400,2.133225336
3.764851900,2.129854700
3.765055300,2.130485721
3.765258800,2.135115085
3.765462200,2.131746106
3.765665700,2.132375470
3.765869100,2.137006491
3.766072600,2.133635856
3.766276000,2.134266877
3.766479500,2.134896241
3.766682900,2.135527262
3.766886400,2.136156626
3.767089800,2.136787647
3.767293300,2.137417011
3.767496700,2.138048032
3.767700200,2.138677397
3.767903600,2.139308418
3.768107100,2.139937782
3.768310500,2.140568803
3.768514000,2.137198167
3.768717400,2.141829188
3.768920900,2.138458552
3.769124300,2.139089573
3.769327800,2.139718938
3.769531300,2.140348302
3.769734700,2.140979323
3.769938200,2.141608687
3.770141600,2.142239708
3.770345100,2.138869073
3.770548500,2.139500093
3.770752000,2.140129458
3.770955400,2.140760479
3.771158900,2.141389843
3.771362300,2.142020864
3.771565800,2.142650228
3.771769200,2.139281249
3.771972700,2.139910614
3.772176100,2.140541635
3.772379600,2.141170999
3.772583000,2.137802020
3.772786500,2.138431384
3.772989900,2.139062405
3.773193400,2.139691769
3.773396800,2.140322790
3.773600300,2.136952155
3.773803700,2.137583176
3.774007200,2.138212540
3.774210600,2.138843561
3.774414100,2.135472925
3.774617500,2.136103946
3.774821000,2.136733310
3.775024400,2.133364331
3.775227900,2.133993696
3.775431300,2.134624717
3.775634800,2.135254081
3.775838200,2.131885102
3.776041700,2.132514466
3.776245100,2.133145487
3.776448600,2.129774851
3.776652000,2.130405872
3.776855500,2.131035237
3.777058900,2.127666258
3.777262400,2.128295622
3.777465800,2.128926643
3.777669300,2.125556007
3.777872700,2.126187028
3.778076200,2.126816392
3.778279600,2.123447413
3.778483100,2.124076778
3.778686500,2.124707799
3.778890000,2.125337163
3.779093400,2.121968184
3.779296900,2.122597548
3.779500300,2.123228569
3.779703800,2.119857933
3.779907200,2.120488954
3.780110700,2.121118319
3.780314100,2.117749340
3.780517600,2.118378704
3.780721000,2.119009725
3.780924500,2.115639089
3.781127900,2.116270110
3.781331400,2.112899474
3.781534800,2.117530495
3.781738300,2.114159860
3.781941700,2.114790881
3.782145200,2.115420245
3.782348600,2.112051266
3.782552100,2.112680630
3.782755500,2.113311651
3.782959000,2.113941015
3.783162400,2.110572036
3.783365900,2.111201401
3.783569300,2.111832422
3.783772800,2.112461786
3.783976200,2.109092807
3.784179700,2.113722171
3.784383100,2.110353192
3.784586600,2.110982556
3.784790000,2.111613577
3.784993500,2.112242942
3.785196900,2.108873963
3.785400400,2.113503327
3.785603800,2.110134348
3.785807300,2.110763712
3.786010700,2.111394733
3.786214200,2.112024097
3.786417600,2.112655118
3.786621100,2.113284483
3.786824500,2.113915504
3.787028000,2.114544868
3.787231400,2.111175889
3.787434900,2.115805253
3.787638300,2.116436274
3.787841800,2.113065639
3.788045200,2.113696659
3.788248700,2.118326024
3.788452100,2.114957045
3.788655600,2.115586409
3.788859000,2.120217430
3.789062500,2.116846794
3.789266000,2.117476159
3.789469400,2.122107180
3.789672900,2.118736544
3.789876300,2.119367565
3.790079800,2.119996929
3.790283200,2.120627950
3.790486700,2.121257314
3.790690100,2.121888335
3.790893600,2.122517700
3.791097000,2.123148721
3.791300500,2.123778085
3.791503900,2.124409106
3.791707400,2.125038470
3.791910800,2.121669491
3.792114300,2.122298855
3.792317700,2.122929876
3.792521200,2.123559241
3.792724600,2.124190262
3.792928100,2.124819626
3.793131500,2.125450647
3.793335000,2.122080011
3.793538400,2.126711032
3.793741900,2.123340396
3.793945300,2.123971417
3.794148800,2.124600782
3.794352200,2.125231803
3.794555700,2.121861167
3.794759100,2.122492188
3.794962600,2.123121552
3.795166000,2.119752573
3.795369500,2.120381937
3.795572900,2.121012958
3.795776400,2.121642323
3.795979800,2.118273344
3.796183300,2.118902708
3.796386700,2.119533729
3.796590200,2.116163093
3.796793600,2.116794114
3.796997100,2.113423478
3.797200500,2.114054499
3.797404000,2.110683864
3.797607400,2.111314885
3.797810900,2.111944249
3.798014300,2.108575270
3.798217800,2.109204634
3.798421200,2.105835655
3.798624700,2.106465019
3.798828100,2.103096040
3.799031600,2.103725405
3.799235000,2.104356426
3.799438500,2.100985790
3.799641900,2.101616811
3.799845400,2.098246175
3.800048800,2.098877196
3.800252300,2.099506560
3.800455700,2.096137581
3.800659200,2.092766946
3.800862600,2.093397967
3.801066100,2.094027331
3.801269500,2.090658352
3.801473000,2.087287716
3.801676400,2.087918737
3.801879900,2.088548101
3.802083300,2.085179122
3.802286800,2.085808487
3.802490200,2.086439508
3.802693700,2.083068872
3.802897100,2.083699893
3.803100600,2.080329257
3.803304000,2.080960278
3.803507500,2.077589643
3.803710900,2.078220663
3.803914400,2.078850028
3.804117800,2.075481049
3.804321300,2.076110413
3.804524700,2.076741434
3.804728200,2.073370798
3.804931600,2.074001819
3.805135100,2.070631184
3.805338500,2.071262204
3.805542000,2.067891569
3.805745400,2.068522590
3.805948900,2.069151954
3.806152300,2.065782975
3.806355800,2.066412339
3.806559200,2.067043360
3.806762700,2.063672725
3.806966100,2.064303745
3.807169600,2.064933110
3.807373000,2.061564131
3.807576500,2.062193495
3.807779900,2.062824516
3.807983400,2.059453880
3.808186800,2.060084901
3.808390300,2.060714266
3.808593800,2.057343630
3.808797200,2.057974651
3.809000700,2.058604015
3.809204100,2.055235036
3.809407600,2.055864400
3.809611000,2.052495421
3.809814500,2.053124786
3.810017900,2.053755807
3.810221400,2.050385171
3.810424800,2.051016192
3.810628300,2.047645556
3.810831700,2.048276577
3.811035200,2.048905941
3.811238600,2.045536962
3.811442100,2.046166327
3.811645500,2.042797348
3.811849000,2.043426712
3.812052400,2.040057733
3.812255900,2.040687097
3.812459300,2.037318118
3.812662800,2.037947482
3.812866200,2.034578503
3.813069700,2.035207868
3.813273100,2.031838889
3.813476600,2.032468253
3.813680000,2.029099274
3.813883500,2.029728638
3.814086900,2.026359659
3.814290400,2.022989023
3.814493800,2.023620044
3.814697300,2.020249409
3.814900700,2.020880430
3.815104200,2.017509794
3.815307600,2.018140815
3.815511100,2.014770179
3.815714500,2.015401200
3.815918000,2.012030564
3.816121400,2.008661585
3.816324900,2.005290950
3.816528300,2.005921971
3.816731800,2.002551335
3.816935200,2.003182356
3.817138700,1.999811720
3.817342100,1.996442741
3.817545600,1.997072105
3.817749000,1.993703126
3.817952500,1.994332491
3.818155900,1.990963512
3.818359400,1.987592876
3.818562800,1.988223897
3.818766300,1.984853261
3.818969700,1.981484282
3.819173200,1.982113647
3.819376600,1.978744667
3.819580100,1.975374032
3.819783500,1.976005053
3.819987000,1.972634417
3.820190400,1.973265438
3.820393900,1.969894802
3.820597300,1.970525823
3.820800800,1.967155188
3.821004200,1.963786208
3.821207700,1.964415573
3.821411100,1.961046594
3.821614600,1.957675958
3.821818000,1.958306979
3.822021500,1.954936343
3.822224900,1.955567364
3.822428400,1.952196729
3.822631800,1.948827749
3.822835300,1.949457114
3.823038700,1.946088135
3.823242200,1.942717499
3.823445600,1.943348520
3.823649100,1.939977884
3.823852500,1.940608905
3.824056000,1.937238270
3.824259400,1.933869290
3.824462900,1.930498655
3.824666300,1.931129676
3.824869800,1.927759040
3.825073200,1.924390061
3.825276700,1.925019425
3.825480100,1.921650446
3.825683600,1.918279811
3.825887000,1.914910831
3.826090500,1.915540196
3.826293900,1.912171217
3.826497400,1.908800581
3.826700800,1.905431602
3.826904300,1.902060966
3.827107700,1.902691987
3.827311200,1.899321352
3.827514600,1.895952372
3.827718100,1.892581737
3.827921500,1.889212758
3.828125000,1.885842122
3.828328500,1.886471486
3.828531900,1.883102507
3.828735400,1.879731872
3.828938800,1.876362893
3.829142300,1.872992257
3.829345700,1.869623278
3.829549200,1.866252642
3.829752600,1.862883663
3.829956100,1.859513027
3.830159500,1.856144048
3.830363000,1.852773413
3.830566400,1.849404434
3.830769900,1.846033798
3.830973300,1.842664819
3.831176800,1.839294183
3.831380200,1.831925204
3.831583700,1.828554568
3.831787100,1.825185589
3.831990600,1.821814954
3.832194000,1.818445975
3.832397500,1.815075339
3.832600900,1.811706360
3.832804400,1.804335724
3.833007800,1.800966745
3.833211300,1.797596109
3.833414700,1.794227130
3.833618200,1.790856495
3.833821600,1.783487516
3.834025100,1.780116880
3.834228500,1.776747901
3.834432000,1.769377265
3.834635400,1.766008286
3.834838900,1.762637651
3.835042300,1.755268671
3.835245800,1.751898036
3.835449200,1.748529057
3.835652700,1.741158421
3.835856100,1.737789442
3.836059600,1.730418806
3.836263000,1.727049827
3.836466500,1.723679192
3.836669900,1.716310212
3.836873400,1.712939577
3.837076800,1.705570598
3.837280300,1.702199962
3.837483700,1.694830983
3.837687200,1.691460347
3.837890600,1.688091368
3.838094100,1.680720733
3.838297500,1.673351753
3.838501000,1.669981118
3.838704400,1.662612139
3.838907900,1.659241503
3.839111300,1.651872524
3.839314800,1.644501888
3.839518200,1.641132909
3.839721700,1.633762274
3.839925100,1.626393294
3.840128600,1.623022659
3.840332000,1.615653680
3.840535500,1.612283044
3.840738900,1.600914065
3.840942400,1.597543429
3.841145800,1.590174450
3.841349300,1.582803815
3.841552700,1.579434835
3.841756200,1.572064200
3.841959600,1.564695221
3.842163100,1.557324585
3.842366500,1.549955606
3.842570000,1.546584970
3.842773400,1.539215991
3.842976900,1.531845356
3.843180300,1.524476376
3.843383800,1.517105741
3.843587200,1.509736762
3.843790700,1.502366126
3.843994100,1.494997147
3.844197600,1.487626511
3.844401000,1.484257532
3.844604500,1.476886897
3.844807900,1.465517917
3.845011400,1.462147282
3.845214800,1.454778303
3.845418300,1.443407667
3.845621700,1.440038688
3.845825200,1.432668052
3.846028600,1.421299073
3.846232100,1.417928438
3.846435500,1.410559458
3.846639000,1.403188823
3.846842400,1.395819844
3.847045900,1.388449208
3.847249300,1.381080229
3.847452800,1.373709593
3.847656300,1.366338958
3.847859700,1.358969979
3.848063200,1.351599343
3.848266600,1.344230364
3.848470100,1.340859728
3.848673500,1.333490749
3.848877000,1.326120113
3.849080400,1.318751134
3.849283900,1.315380499
3.849487300,1.304011520
3.849690800,1.300640884
3.849894200,1.293271905
3.850097700,1.285901269
3.850301100,1.282532290
3.850504600,1.275161655
3.850708000,1.271792675
3.850911500,1.264422040
3.851114900,1.261053061
3.851318400,1.253682425
3.851521800,1.250313446
3.851725300,1.242942810
3.851928700,1.239573831
3.852132200,1.236203196
3.852335600,1.228834216
3.852539100,1.225463581
3.852742500,1.222094602
3.852946000,1.218723966
3.853149400,1.215354987
3.853352900,1.207984351
3.853556300,1.204615372
3.853759800,1.201244737
3.853963200,1.197875757
3.854166700,1.194505122
3.854370100,1.191136143
3.854573600,1.187765507
3.854777000,1.188396528
3.854980500,1.185025892
3.855183900,1.181656913
3.855387400,1.178286278
3.855590800,1.178917298
3.855794300,1.175546663
3.855997700,1.172177684
3.856201200,1.172807048
3.856404600,1.169438069
3.856608100,1.166067433
3.856811500,1.166698454
3.857015000,1.167327819
3.857218400,1.163958839
3.857421900,1.164588204
3.857625300,1.161219225
3.857828800,1.161848589
3.858032200,1.162479610
3.858235700,1.163108974
3.858439100,1.159739995
3.858642600,1.160369360
3.858846000,1.161000380
3.859049500,1.161629745
3.859252900,1.158260766
3.859456400,1.162890130
3.859659800,1.159521151
3.859863300,1.160150515
3.860066700,1.160781536
3.860270200,1.161410901
3.860473600,1.162041921
3.860677100,1.162671286
3.860880500,1.163302307
3.861084000,1.163931671
3.861287400,1.164562692
3.861490900,1.165192056
3.861694300,1.165823077
3.861897800,1.166452442
3.862101200,1.167083462
3.862304700,1.171712827
3.862508100,1.172343848
3.862711600,1.168973212
3.862915000,1.173604233
3.863118500,1.174233597
3.863321900,1.174864618
3.863525400,1.179493983
3.863728800,1.180125003
3.863932300,1.180754368
3.864135700,1.181385389
3.864339200,1.186014753
3.864542600,1.186645774
3.864746100,1.187275138
3.864949500,1.191906159
3.865153000,1.192535524
3.865356400,1.193166544
3.865559900,1.201795909
3.865763300,1.202426930
3.865966800,1.203056294
3.866170200,1.203687315
3.866373700,1.208316679
3.866577100,1.208947700
3.866780600,1.213577065
3.866984000,1.218208085
3.867187500,1.218837450
3.867391000,1.219466814
3.867594400,1.224097835
3.867797900,1.228727200
3.868001300,1.229358220
3.868204800,1.229987585
3.868408200,1.234618606
3.868611700,1.239247970
3.868815100,1.239878991
3.869018600,1.244508355
3.869222000,1.245139376
3.869425500,1.249768741
3.869628900,1.254399761
3.869832400,1.255029126
3.870035800,1.255660147
3.870239300,1.264289511
3.870442700,1.264920532
3.870646200,1.265549896
3.870849600,1.266180917
3.871053100,1.274810282
3.871256500,1.275441302
3.871460000,1.276070667
3.871663400,1.284701688
3.871866900,1.285331052
3.872070300,1.285962073
3.872273800,1.290591437
3.872477200,1.295222458
3.872680700,1.295851823
3.872884100,1.296482843
3.873087600,1.301112208
3.873291000,1.301743229
3.873494500,1.302372593
3.873697900,1.311003614
3.873901400,1.311632978
3.874104800,1.312263999
3.874308300,1.316893364
3.874511700,1.317524384
3.874715200,1.318153749
3.874918600,1.322784770
3.875122100,1.327414134
3.875325500,1.328045155
3.875529000,1.328674519
3.875732400,1.333305540
3.875935900,1.333934905
3.876139300,1.334565925
3.876342800,1.339195290
3.876546200,1.339826311
3.876749700,1.340455675
3.876953100,1.341086696
3.877156600,1.345716060
3.877360000,1.346347081
3.877563500,1.346976446
3.877766900,1.351607466
3.877970400,1.352236831
3.878173800,1.352867852
3.878377300,1.357497216
3.878580700,1.358128237
3.878784200,1.358757601
3.878987600,1.363388622
3.879191100,1.364017987
3.879394500,1.364649007
3.879598000,1.365278372
3.879801400,1.369909393
3.880004900,1.370538757
3.880208300,1.371169778
3.880411800,1.371799142
3.880615200,1.372430163
3.880818700,1.373059528
3.881022100,1.377690548
3.881225600,1.378319913
3.881429000,1.378950934
3.881632500,1.379580298
3.881835900,1.384211319
3.882039400,1.384840683
3.882242800,1.385471704
3.882446300,1.390101069
3.882649700,1.390732089
3.882853200,1.391361454
3.883056600,1.391992475
3.883260100,1.392621839
3.883463500,1.393252860
3.883667000,1.393882224
3.883870400,1.398513245
3.884073900,1.399142610
3.884277300,1.399773630
3.884480800,1.404402995
3.884684200,1.405034016
3.884887700,1.405663380
3.885091100,1.410294401
3.885294600,1.410923765
3.885498000,1.415554786
3.885701500,1.416184151
3.885904900,1.420815171
3.886108400,1.421444536
3.886311800,1.422075557
3.886515300,1.426704921
3.886718800,1.427334286
3.886922200,1.427965306
3.887125700,1.432594671
3.887329100,1.433225692
3.887532600,1.433855056
3.887736000,1.438486077
3.887939500,1.439115441
3.888142900,1.439746462
3.888346400,1.440375827
3.888549800,1.449006847
3.888753300,1.449636212
3.888956700,1.450267233
3.889160200,1.454896597
3.889363600,1.455527618
3.889567100,1.456156982
3.889770500,1.460788003
3.889974000,1.461417368
3.890177400,1.466048388
3.890380900,1.466677753
3.890584300,1.471308774
3.890787800,1.471938138
3.890991200,1.472569159
3.891194700,1.477198523
3.891398100,1.477829544
3.891601600,1.478458909
3.891805000,1.483089929
3.892008500,1.483719294
3.892211900,1.484350315
3.892415400,1.484979679
3.892618800,1.489610700
3.892822300,1.490240064
3.893025700,1.490871085
3.893229200,1.495500450
3.893432600,1.496131470
3.893636100,1.496760835
3.893839500,1.501391856
3.894043000,1.502021220
3.894246400,1.502652241
3.894449900,1.503281605
3.894653300,1.507912626
3.894856800,1.508541991
3.895060200,1.509173011
3.895263700,1.513802376
3.895467100,1.510433397
3.895670600,1.511062761
3.895874000,1.515693782
3.896077500,1.516323146
3.896280900,1.516954167
3.896484400,1.517583532
3.896687800,1.518214552
3.896891300,1.518843917
3.897094700,1.519474938
3.897298200,1.524104302
3.897501600,1.520735323
3.897705100,1.521364687
3.897908500,1.525995708
3.898112000,1.526625073
3.898315400,1.523256093
3.898518900,1.527885458
3.898722300,1.528516479
3.898925800,1.529145843
3.899129200,1.525776864
3.899332700,1.530406228
3.899536100,1.531037249
3.899739600,1.527666614
3.899943000,1.532297634
3.900146500,1.532926999
3.900349900,1.533558020
3.900553400,1.534187384
3.900756800,1.534818405
3.900960300,1.535447769
3.901163700,1.532078790
3.901367200,1.536708155
3.901570600,1.537339175
3.901774100,1.533968540
3.901977500,1.538599561
3.902181000,1.539228925
3.902384400,1.539859946
3.902587900,1.540489310
3.902791300,1.541120331
3.902994800,1.541749696
3.903198200,1.542380716
3.903401700,1.543010081
3.903605100,1.543641102
3.903808600,1.544270466
3.904012000,1.548901487
3.904215500,1.549530851
3.904418900,1.550161872
3.904622400,1.550791237
3.904825800,1.551422257
3.905029300,1.552051622
3.905232700,1.552682643
3.905436200,1.557312007
3.905639600,1.557943028
3.905843100,1.558572392
3.906046500,1.563203413
3.906250000,1.563832778
3.906453500,1.564462142
3.906656900,1.569093163
3.906860400,1.569722527
3.907063800,1.570353548
3.907267300,1.574982913
3.907470700,1.575613933
3.907674200,1.576243298
3.907877600,1.576874319
3.908081100,1.581503683
3.908284500,1.586134704
3.908488000,1.586764068
3.908691400,1.591395089
3.908894900,1.592024454
3.909098300,1.592655474
3.909301800,1.601284839
3.909505200,1.601915860
3.909708700,1.602545224
3.909912100,1.603176245
3.910115600,1.611805609
3.910319000,1.612436630
3.910522500,1.613065995
3.910725900,1.617697015
3.910929400,1.622326380
3.911132800,1.622957401
3.911336300,1.631586765
3.911539700,1.632217786
3.911743200,1.632847150
3.911946600,1.633478171
3.912150100,1.642107536
3.912353500,1.642738556
3.912557000,1.647367921
3.912760400,1.651998942
3.912963900,1.656628306
3.913167300,1.657259327
3.913370800,1.665888691
3.913574200,1.666519712
3.913777700,1.667149077
3.913981100,1.671780097
3.914184600,1.676409462
3.914388000,1.681040483
3.914591500,1.681669847
3.914794900,1.690300868
3.914998400,1.690930232
3.915201800,1.695561253
3.915405300,1.700190618
3.915608700,1.704821638
3.915812200,1.705451003
3.916015600,1.710082024
3.916219100,1.714711388
3.916422500,1.719342409
3.916626000,1.719971773
3.916829400,1.728602794
3.917032900,1.729232159
3.917236300,1.733863179
3.917439800,1.738492544
3.917643200,1.743123565
3.917846700,1.743752929
3.918050100,1.752383950
3.918253600,1.753013314
3.918457000,1.757644335
3.918660500,1.758273700
3.918863900,1.766904720
3.919067400,1.767534085
3.919270800,1.768165106
3.919474300,1.776794470
3.919677700,1.777425491
3.919881200,1.782054855
3.920084600,1.786685876
3.920288100,1.791315241
3.920491500,1.791946261
3.920695000,1.792575626
3.920898400,1.801206647
3.921101900,1.801836011
3.921305300,1.802467032
3.921508800,1.811096396
3.921712200,1.811727417
3.921915700,1.812356782
3.922119100,1.820987802
3.922322600,1.821617167
3.922526000,1.822248188
3.922729500,1.826877552
3.922932900,1.831508573
3.923136400,1.832137937
3.923339800,1.832768958
3.923543300,1.841398323
3.923746700,1.842029343
3.923950200,1.842658708
3.924153600,1.851289729
3.924357100,1.851919093
3.924560500,1.852550114
3.924764000,1.853179478
3.924967400,1.857810499
3.925170900,1.862439864
3.925374300,1.863070884
3.925577800,1.867700249
3.925781300,1.868329613
3.925984700,1.868960634
3.926188200,1.877589999
3.926391600,1.878221019
3.926595100,1.878850384
3.926798500,1.883481405
3.927002000,1.884110769
3.927205400,1.884741790
3.927408900,1.885371154
3.927612300,1.890002175
3.927815800,1.894631540
3.928019200,1.895262560
3.928222700,1.899891925
3.928426100,1.900522946
3.928629600,1.901152310
3.928833000,1.905783331
3.929036500,1.906412695
3.929239900,1.907043716
3.929443400,1.907673081
3.929646800,1.912304101
3.929850300,1.912933466
3.930053700,1.913564487
3.930257200,1.918193851
3.930460600,1.918824872
3.930664100,1.923454236
3.930867500,1.928085257
3.931071000,1.928714622
3.931274400,1.929345642
3.931477900,1.929975007
3.931681300,1.934606028
3.931884800,1.935235392
3.932088200,1.935866413
3.932291700,1.940495777
3.932495100,1.941126798
3.932698600,1.941756163
3.932902000,1.946387183
3.933105500,1.947016548
3.933308900,1.947647569
3.933512400,1.948276933
3.933715800,1.952907954
3.933919300,1.953537318
3.934122700,1.954168339
3.934326200,1.958797704
3.934529600,1.959428724
3.934733100,1.960058089
3.934936500,1.964689110
3.935140000,1.965318474
3.935343400,1.965949495
3.935546900,1.970578859
3.935750300,1.971209880
3.935953800,1.967839245
3.936157200,1.968470265
3.936360700,1.973099630
3.936564100,1.973730651
3.936767600,1.974360015
3.936971000,1.978991036
3.937174500,1.979620400
3.937377900,1.980251421
3.937581400,1.984880786
3.937784800,1.985511806
3.937988300,1.986141171
3.938191700,1.986772192
3.938395200,1.987401556
3.938598600,1.988032577
3.938802100,1.988661941
3.939005500,1.993292962
3.939209000,1.993922327
3.939412400,1.994553347
3.939615900,1.995182712
3.939819300,1.995813733
3.940022800,1.996443097
3.940226200,1.997074118
3.940429700,2.001703482
3.940633100,1.998334503
3.940836600,1.998963868
3.941040000,2.003594888
3.941243500,2.004224253
3.941446900,2.004855274
3.941650400,2.005484638
3.941853800,2.006115659
3.942057300,2.006745023
3.942260700,2.007376044
3.942464200,2.008005409
3.942667600,2.008636429
3.942871100,2.009265794
3.943074500,2.009896815
3.943278000,2.010526179
3.943481400,2.011157200
3.943684900,2.011786564
3.943888300,2.012417585
3.944091800,2.013046950
3.944295200,2.009677970
3.944498700,2.014307335
3.944702100,2.010938356
3.944905600,2.011567720
3.945109000,2.012198741
3.945312500,2.012828105
3.945516000,2.013457470
3.945719400,2.014088491
3.945922900,2.014717855
3.946126300,2.011348876
3.946329800,2.011978240
3.946533200,2.012609261
3.946736700,2.013238626
3.946940100,2.009869646
3.947143600,2.010499011
3.947347000,2.011130032
3.947550500,2.007759396
3.947753900,2.008390417
3.947957400,2.009019781
3.948160800,2.005650802
3.948364300,2.006280167
3.948567700,2.006911187
3.948771200,2.003540552
3.948974600,2.004171573
3.949178100,2.004800937
3.949381500,2.001431958
3.949585000,2.002061322
3.949788400,1.998692343
3.949991900,1.999321708
3.950195300,1.995952728
3.950398800,1.996582093
3.950602200,1.993213114
3.950805700,1.989842478
3.951009100,1.990473499
3.951212600,1.987102863
3.951416000,1.987733884
3.951619500,1.984363249
3.951822900,1.980994269
3.952026400,1.981623634
3.952229800,1.978254655
3.952433300,1.974884019
3.952636700,1.971515040
3.952840200,1.972144404
3.953043600,1.968775425
3.953247100,1.965404790
3.953450500,1.962035810
3.953654000,1.958665175
3.953857400,1.955296196
3.954060900,1.955925560
3.954264300,1.952556581
3.954467800,1.949185945
3.954671200,1.945816966
3.954874700,1.942446331
3.955078100,1.935077351
3.955281600,1.931706716
3.955485000,1.928337737
3.955688500,1.924967101
3.955891900,1.921598122
3.956095400,1.918227486
3.956298800,1.914858507
3.956502300,1.907487872
3.956705700,1.904118892
3.956909200,1.900748257
3.957112600,1.893379278
3.957316100,1.890008642
3.957519500,1.886639663
3.957723000,1.879269027
3.957926400,1.875900048
3.958129900,1.868529413
3.958333300,1.865160433
3.958536800,1.857789798
3.958740200,1.854420819
3.958943700,1.847050183
3.959147100,1.839681204
3.959350600,1.836310568
3.959554000,1.828941589
3.959757500,1.825570954
3.959960900,1.818201974
3.960164400,1.810831339
3.960367800,1.807462360
3.960571300,1.800091724
3.960774700,1.792722745
3.960978200,1.789352109
3.961181600,1.781983130
3.961385100,1.774612495
3.961588500,1.767243515
3.961792000,1.763872880
3.961995400,1.756503901
3.962198900,1.749133265
3.962402300,1.741764286
3.962605800,1.734393650
3.962809200,1.731024671
3.963012700,1.723654036
3.963216100,1.716285056
3.963419600,1.708914421
3.963623000,1.705545442
3.963826500,1.698174806
3.964029900,1.690805827
3.964233400,1.687435191
3.964436800,1.680066212
3.964640300,1.672695577
3.964843800,1.669324941
3.965047200,1.661955962
3.965250700,1.658585326
3.965454100,1.651216347
3.965657600,1.647845712
3.965861000,1.640476732
3.966064500,1.637106097
3.966267900,1.633737118
3.966471400,1.626366482
3.966674800,1.622997503
3.966878300,1.619626867
3.967081700,1.612257888
3.967285200,1.608887253
3.967488600,1.605518273
3.967692100,1.602147638
3.967895500,1.598778659
3.968099000,1.595408023
3.968302400,1.592039044
3.968505900,1.588668408
3.968709300,1.585299429
3.968912800,1.581928794
3.969116200,1.578559814
3.969319700,1.575189179
3.969523100,1.571820200
3.969726600,1.572449564
3.969930000,1.569080585
3.970133500,1.565709949
3.970336900,1.566340970
3.970540400,1.562970335
3.970743800,1.563601355
3.970947300,1.560230720
3.971150700,1.556861741
3.971354200,1.557491105
3.971557600,1.558122126
3.971761100,1.554751490
3.971964500,1.555382511
3.972168000,1.556011876
3.972371400,1.552642896
3.972574900,1.553272261
3.972778300,1.553903282
3.972981800,1.554532646
3.973185200,1.555163667
3.973388700,1.555793031
3.973592100,1.556424052
3.973795600,1.557053417
3.973999000,1.557684437
3.974202500,1.558313802
3.974405900,1.558944823
3.974609400,1.559574187
3.974812800,1.560205208
3.975016300,1.560834572
3.975219700,1.561465593
3.975423200,1.566094958
3.975626600,1.562725978
3.975830100,1.563355343
3.976033500,1.567986364
3.976237000,1.568615728
3.976440400,1.569246749
3.976643900,1.573876113
3.976847300,1.574507134
3.977050800,1.575136499
3.977254200,1.575767519
3.977457700,1.580396884
3.977661100,1.581027905
3.977864600,1.581657269
3.978068000,1.586288290
3.978271500,1.586917654
3.978474900,1.591548675
3.978678400,1.596178040
3.978881800,1.596809060
3.979085300,1.597438425
3.979288700,1.598069446
3.979492200,1.602698810
3.979695600,1.603329831
3.979899100,1.607959195
3.980102500,1.612590216
3.980306000,1.613219581
3.980509400,1.613850601
3.980712900,1.622479966
3.980916300,1.623110987
3.981119800,1.623740351
3.981323200,1.624371372
3.981526700,1.633000736
3.981730100,1.633631757
3.981933600,1.634261122
3.982137000,1.638892142
3.982340500,1.643521507
3.982543900,1.644152528
3.982747400,1.648781892
3.982950800,1.649412913
3.983154300,1.654042277
3.983357700,1.658673298
3.983561200,1.659302663
3.983764600,1.659933683
3.983968100,1.664563048
3.984171500,1.669194069
3.984375000,1.669823433
3.984578500,1.670452798
3.984781900,1.679083818
3.984985400,1.679713183
3.985188800,1.680344204
3.985392300,1.688973568
3.985595700,1.689604589
3.985799200,1.690233953
3.986002600,1.690864974
3.986206100,1.699494339
3.986409500,1.700125359
3.986613000,1.700754724
3.986816400,1.705385745
3.987019900,1.710015109
3.987223300,1.710646130
3.987426800,1.715275494
3.987630200,1.715906515
3.987833700,1.716535880
3.988037100,1.717166900
3.988240600,1.725796265
3.988444000,1.726427286
3.988647500,1.727056650
3.988850900,1.731687671
3.989054400,1.732317035
3.989257800,1.732948056
3.989461300,1.741577421
3.989664700,1.742208441
3.989868200,1.742837806
3.990071600,1.743468827
3.990275100,1.748098191
3.990478500,1.748729212
3.990682000,1.749358576
3.990885400,1.753989597
3.991088900,1.754618962
3.991292300,1.755249982
3.991495800,1.759879347
3.991699200,1.760510368
3.991902700,1.761139732
3.992106100,1.761770753
3.992309600,1.766400117
3.992513000,1.767031138
3.992716500,1.767660503
3.992919900,1.772291523
3.993123400,1.772920888
3.993326800,1.773551909
3.993530300,1.778181273
3.993733700,1.778812294
3.993937200,1.779441658
3.994140600,1.784072679
3.994344100,1.784702044
3.994547500,1.785333064
3.994751000,1.781962429
3.994954400,1.786593450
3.995157900,1.787222814
3.995361300,1.787853835
3.995564800,1.792483199
3.995768200,1.793114220
3.995971700,1.789743585
3.996175100,1.794374605
3.996378600,1.795003970
3.996582000,1.795634991
3.996785500,1.796264355
3.996988900,1.796895376
3.997192400,1.797524740
3.997395800,1.798155761
3.997599300,1.802785126
3.997802700,1.799416146
3.998006200,1.800045511
3.998209600,1.804676532
3.998413100,1.805305896
3.998616500,1.801936917
3.998820000,1.802566281
3.999023400,1.807197302
3.999226900,1.803826667
3.999430300,1.804457687
3.999633800,1.809087052
3.999837200,1.805718073
4.000040700,1.806347437
4.000244100,1.810978458
4.000447600,1.807607822
4.000651000,1.808238843
4.000854500,1.808868208
4.001057900,1.809499228
4.001261400,1.810128593
4.001464800,1.810759614
4.001668300,1.811388978
4.001871700,1.812019999
4.002075200,1.808649363
4.002278600,1.813280384
4.002482100,1.809909749
4.002685500,1.810540769
4.002889000,1.815170134
4.003092400,1.811801155
4.003295900,1.812430519
4.003499300,1.813061540
4.003702800,1.813690904
4.003906300,1.814320269
4.004109700,1.810951290
4.004313200,1.815580654
4.004516600,1.812211675
4.004720100,1.812841039
4.004923500,1.813472060
4.005127000,1.814101425
4.005330400,1.810732445
4.005533900,1.811361810
4.005737300,1.811992831
4.005940800,1.812622195
4.006144200,1.813253216
4.006347700,1.813882580
4.006551100,1.814513601
4.006754600,1.811142966
4.006958000,1.811773986
4.007161500,1.812403351
4.007364900,1.813034372
4.007568400,1.809663736
4.007771800,1.814294757
4.007975300,1.810924121
4.008178700,1.811555142
4.008382200,1.812184507
4.008585600,1.812815527
4.008789100,1.809444892
4.008992500,1.810075913
4.009196000,1.810705277
4.009399400,1.811336298
4.009602900,1.807965662
4.009806300,1.808596683
4.010009800,1.809226048
4.010213200,1.809857068
4.010416700,1.810486433
4.010620100,1.807117454
4.010823600,1.807746818
4.011027000,1.808377839
4.011230500,1.805007203
4.011433900,1.805638224
4.011637400,1.806267589
4.011840800,1.806898609
4.012044300,1.803527974
4.012247700,1.804158995
4.012451200,1.804788359
4.012654600,1.801419380
4.012858100,1.802048744
4.013061500,1.802679765
4.013265000,1.799309130
4.013468400,1.799940150
4.013671900,1.800569515
4.013875300,1.797200536
4.014078800,1.797829900
4.014282200,1.794460921
4.014485700,1.795090285
4.014689100,1.791721306
4.014892600,1.792350671
4.015096000,1.792981691
4.015299500,1.789611056
4.015502900,1.790242077
4.015706400,1.786871441
4.015909800,1.787502462
4.016113300,1.784131826
4.016316700,1.784762847
4.016520200,1.785392212
4.016723600,1.782023232
4.016927100,1.778652597
4.017130500,1.779283618
4.017334000,1.775912982
4.017537400,1.776544003
4.017740900,1.777173367
4.017944300,1.773804388
4.018147800,1.770433753
4.018351200,1.771064773
4.018554700,1.767694138
4.018758100,1.768325159
4.018961600,1.764954523
4.019165000,1.765585544
4.019368500,1.762214908
4.019571900,1.762845929
4.019775400,1.759475294
4.019978800,1.760106314
4.020182300,1.756735679
4.020385700,1.753366700
4.020589200,1.753996064
4.020792600,1.750627085
4.020996100,1.751256449
4.021199500,1.747887470
4.021403000,1.748516835
4.021606400,1.745147855
4.021809900,1.741777220
4.022013300,1.742408241
4.022216800,1.739037605
4.022420200,1.739668626
4.022623700,1.736297990
4.022827100,1.732929011
4.023030600,1.733558376
4.023234000,1.730189396
4.023437500,1.726818761
4.023641000,1.727448125
4.023844400,1.724079146
4.024047900,1.724708511
4.024251300,1.721339531
4.024454800,1.717968896
4.024658200,1.718599917
4.024861700,1.715229281
4.025065100,1.711860302
4.025268600,1.712489666
4.025472000,1.709120687
4.025675500,1.705750052
4.025878900,1.706381072
4.026082400,1.703010437
4.026285800,1.703641458
4.026489300,1.700270822
4.026692700,1.696901843
4.026896200,1.697531207
4.027099600,1.694162228
4.027303100,1.690791593
4.027506500,1.691422613
4.027710000,1.688051978
4.027913400,1.684682999
4.028116900,1.685312363
4.028320300,1.681943384
4.028523800,1.678572748
4.028727200,1.679203769
4.028930700,1.675833134
4.029134100,1.672464154
4.029337600,1.669093519
4.029541000,1.669724540
4.029744500,1.666353904
4.029947900,1.662984925
4.030151400,1.663614289
4.030354800,1.660245310
4.030558300,1.656874675
4.030761700,1.653505695
4.030965200,1.654135060
4.031168600,1.650766081
4.031372100,1.647395445
4.031575500,1.644026466
4.031779000,1.644655830
4.031982400,1.641286851
4.032185900,1.637916216
4.032389300,1.638547236
4.032592800,1.635176601
4.032796200,1.631807622
4.032999700,1.628436986
4.033203100,1.629068007
4.033406600,1.625697371
4.033610000,1.622328392
4.033813500,1.618957757
4.034016900,1.619588777
4.034220400,1.616218142
4.034423800,1.612849163
4.034627300,1.609478527
4.034830700,1.606109548
4.035034200,1.606738912
4.035237600,1.603369933
4.035441100,1.599999298
4.035644500,1.596630318
4.035848000,1.593259683
4.036051400,1.593890704
4.036254900,1.590520068
4.036458300,1.587151089
4.036661800,1.583780453
4.036865200,1.584411474
4.037068700,1.581040839
4.037272100,1.577671859
4.037475600,1.574301224
4.037679000,1.570932245
4.037882500,1.571561609
4.038085900,1.568192630
4.038289400,1.564821994
4.038492800,1.561453015
4.038696300,1.558082380
4.038899700,1.558713400
4.039103200,1.555342765
4.039306600,1.551973786
4.039510100,1.548603150
4.039713500,1.545234171
4.039917000,1.541863535
4.040120400,1.542494556
4.040323900,1.539123921
4.040527300,1.535754941
4.040730800,1.532384306
4.040934200,1.529015327
4.041137700,1.529644691
4.041341100,1.526275712
4.041544600,1.522905076
4.041748000,1.519536097
4.041951500,1.516165462
4.042154900,1.516796482
4.042358400,1.513425847
4.042561800,1.510056868
4.042765300,1.506686232
4.042968800,1.503315597
4.043172200,1.499946617
4.043375700,1.500575982
4.043579100,1.497207003
4.043782600,1.493836367
4.043986000,1.490467388
4.044189500,1.487096752
4.044392900,1.483727773
4.044596400,1.480357138
4.044799800,1.480988158
4.045003300,1.477617523
4.045206700,1.474248544
4.045410200,1.470877908
4.045613600,1.467508929
4.045817100,1.464138293
4.046020500,1.464769314
4.046224000,1.461398679
4.046427400,1.458029699
4.046630900,1.454659064
4.046834300,1.451290085
4.047037800,1.447919449
4.047241200,1.444550470
4.047444700,1.445179834
4.047648100,1.441810855
4.047851600,1.438440220
4.048055000,1.435071240
4.048258500,1.431700605
4.048461900,1.428331626
4.048665400,1.424960990
4.048868800,1.421592011
4.049072300,1.422221375
4.049275700,1.418852396
4.049479200,1.415481761
4.049682600,1.412112781
4.049886100,1.408742146
4.050089500,1.405373167
4.050293000,1.402002531
4.050496400,1.398633552
4.050699900,1.395262916
4.050903300,1.391893937
4.051106800,1.392523302
4.051310200,1.389154322
4.051513700,1.385783687
4.051717100,1.382414708
4.051920600,1.379044072
4.052124000,1.375675093
4.052327500,1.372304457
4.052530900,1.368935478
4.052734400,1.365564843
4.052937800,1.362195863
4.053141300,1.358825228
4.053344700,1.355456249
4.053548200,1.352085613
4.053751600,1.348716634
4.053955100,1.345345998
4.054158500,1.341977019
4.054362000,1.338606384
4.054565400,1.335237404
4.054768900,1.331866769
4.054972300,1.328497790
4.055175800,1.325127154
4.055379200,1.321758175
4.055582700,1.318387539
4.055786100,1.315018560
4.055989600,1.311647925
4.056193000,1.308278945
4.056396500,1.304908310
4.056599900,1.301539331
4.056803400,1.298168695
4.057006800,1.294799716
4.057210300,1.291429080
4.057413700,1.288060101
4.057617200,1.284689466
4.057820600,1.281320486
4.058024100,1.277949851
4.058227500,1.274580872
4.058431000,1.271210236
4.058634400,1.267841257
4.058837900,1.264470621
4.059041300,1.261101642
4.059244800,1.257731007
4.059448200,1.250362027
4.059651700,1.246991392
4.059855100,1.243622413
4.060058600,1.240251777
4.060262000,1.236882798
4.060465500,1.233512162
4.060668900,1.230143183
4.060872400,1.226772548
4.061075800,1.219403568
4.061279300,1.216032933
4.061482700,1.212663954
4.061686200,1.209293318
4.061889600,1.205924339
4.062093100,1.198553703
4.062296500,1.195184724
4.062500000,1.191814089
4.062703500,1.188443453
4.062906900,1.181074474
4.063110400,1.177703838
4.063313800,1.174334859
4.063517300,1.166964224
4.063720700,1.163595244
4.063924200,1.160224609
4.064127600,1.152855630
4.064331100,1.149484994
4.064534500,1.142116015
4.064738000,1.138745379
4.064941400,1.131376400
4.065144900,1.128005765
4.065348300,1.124636785
4.065551800,1.117266150
4.065755200,1.109897171
4.065958700,1.106526535
4.066162100,1.103157556
4.066365600,1.095786920
4.066569000,1.088417941
4.066772500,1.085047306
4.066975900,1.077678326
4.067179400,1.070307691
4.067382800,1.066938712
4.067586300,1.059568076
4.067789700,1.052199097
4.067993200,1.044828461
4.068196600,1.041459482
4.068400100,1.030088847
4.068603500,1.026719867
4.068807000,1.019349232
4.069010400,1.011980253
4.069213900,1.004609617
4.069417300,0.997240638
4.069620800,0.989870002
4.069824200,0.982501023
4.070027700,0.975130388
4.070231100,0.967761408
4.070434600,0.960390773
4.070638000,0.953021794
4.070841500,0.945651158
4.071044900,0.934282179
4.071248400,0.926911543
4.071451800,0.919542564
4.071655300,0.908171929
4.071858700,0.900802949
4.072062200,0.893432314
4.072265600,0.882063335
4.072469100,0.874692699
4.072672500,0.867323720
4.072876000,0.859953084
4.073079400,0.844584105
4.073282900,0.837213470
4.073486300,0.829844490
4.073689800,0.814473855
4.073893200,0.807104876
4.074096700,0.799734240
4.074300100,0.784365261
4.074503600,0.776994625
4.074707000,0.769625646
4.074910500,0.758255011
4.075113900,0.742886031
4.075317400,0.735515396
4.075520800,0.724146417
4.075724300,0.708775781
4.075927700,0.701406802
4.076131200,0.690036166
4.076334600,0.674667187
4.076538100,0.667296552
4.076741500,0.655927572
4.076945000,0.644556937
4.077148400,0.629187958
4.077351900,0.617817322
4.077555300,0.610448343
4.077758800,0.591077707
4.077962200,0.583708728
4.078165700,0.572338093
4.078369100,0.556969113
4.078572600,0.545598478
4.078776000,0.534229499
4.078979500,0.518858863
4.079182900,0.507489884
4.079386400,0.496119248
4.079589800,0.484750269
4.079793300,0.469379634
4.079996700,0.458010654
4.080200200,0.446640019
4.080403600,0.431271040
4.080607100,0.419900404
4.080810500,0.408531425
4.081014000,0.393160789
4.081217400,0.381791810
4.081420900,0.370421175
4.081624300,0.359052195
4.081827800,0.343681560
4.082031300,0.332310924
4.082234700,0.324941945
4.082438200,0.309571310
4.082641600,0.298202330
4.082845100,0.286831695
4.083048500,0.271462716
4.083252000,0.264092080
4.083455400,0.252723101
4.083658900,0.245352465
4.083862300,0.229983486
4.084065800,0.218612851
4.084269200,0.211243871
4.084472700,0.195873236
4.084676100,0.188504257
4.084879600,0.181133621
4.085083000,0.165764642
4.085286500,0.158394006
4.085489900,0.151025027
4.085693400,0.143654392
4.085896800,0.132285412
4.086100300,0.124914777
4.086303700,0.117545798
4.086507200,0.106175162
4.086710600,0.098806183
4.086914100,0.091435547
4.087117500,0.084066568
4.087321000,0.076695933
4.087524400,0.069326953
4.087727900,0.065956318
4.087931300,0.058587339
4.088134800,0.051216703
4.088338200,0.043847724
4.088541700,0.040477088
4.088745100,0.033108109
4.088948600,0.029737474
4.089152000,0.022368494
4.089355500,0.018997859
4.089558900,0.011628880
4.089762400,0.008258244
4.089965800,0.004889265
4.090169300,0.001518629
4.090372700,-0.001850350
4.090576200,-0.009220985
4.090779600,-0.012589965
4.090983100,-0.015960600
4.091186500,-0.019329579
4.091390000,-0.022700215
4.091593400,-0.022069194
4.091796900,-0.025439830
4.092000300,-0.028808809
4.092203800,-0.032179444
4.092407200,-0.035548424
4.092610700,-0.034919059
4.092814100,-0.038288038
4.093017600,-0.041658674
4.093221000,-0.041027653
4.093424500,-0.044398289
4.093627900,-0.043767268
4.093831400,-0.047137903
4.094034800,-0.046506883
4.094238300,-0.049877518
4.094441700,-0.049246497
4.094645200,-0.048617133
4.094848600,-0.051986112
4.095052100,-0.051356748
4.095255500,-0.050725727
4.095459000,-0.054096362
4.095662400,-0.053465342
4.095865900,-0.052835977
4.096069300,-0.056204956
4.096272800,-0.055575592
4.096476200,-0.058944571
4.096679700,-0.054315207
4.096883100,-0.057684186
4.097086600,-0.057054821
4.097290000,-0.056423801
4.097493500,-0.055794436
4.097696900,-0.059163415
4.097900400,-0.054534051
4.098103800,-0.057903030
4.098307300,-0.057273666
4.098510700,-0.056642645
4.098714200,-0.056013280
4.098917600,-0.055382260
4.099121100,-0.058752895
4.099324500,-0.054121874
4.099528000,-0.057492510
4.099731400,-0.056861489
4.099934900,-0.052232125
4.100138300,-0.055601104
4.100341800,-0.054971739
4.100545200,-0.054340719
4.100748700,-0.053711354
4.100952100,-0.053080333
4.101155600,-0.052450969
4.101359000,-0.051819948
4.101562500,-0.051190584
4.101766000,-0.050561219
4.101969400,-0.049930198
4.102172900,-0.049300834
4.102376300,-0.048669813
4.102579800,-0.048040449
4.102783200,-0.047409428
4.102986700,-0.046780063
4.103190100,-0.050149043
4.103393600,-0.045519678
4.103597000,-0.044888657
4.103800500,-0.048259293
4.104003900,-0.043628272
4.104207400,-0.042998908
4.104410800,-0.046367887
4.104614300,-0.041738522
4.104817700,-0.041107502
4.105021200,-0.040478137
4.105224600,-0.043847116
4.105428100,-0.039217752
4.105631500,-0.038586731
4.105835000,-0.041957367
4.106038400,-0.037326346
4.106241900,-0.036696981
4.106445300,-0.036065961
4.106648800,-0.035436596
4.106852200,-0.034805575
4.107055700,-0.034176211
4.107259100,-0.033545190
4.107462600,-0.032915826
4.107666000,-0.032284805
4.107869500,-0.031655440
4.108072900,-0.031024420
4.108276400,-0.030395055
4.108479800,-0.029764034
4.108683300,-0.029134670
4.108886700,-0.028503649
4.109090200,-0.027874285
4.109293600,-0.023243264
4.109497100,-0.026613899
4.109700500,-0.025982879
4.109904000,-0.025353514
4.110107400,-0.020722493
4.110310900,-0.024093129
4.110514300,-0.023462108
4.110717800,-0.018832744
4.110921200,-0.018201723
4.111124700,-0.021572358
4.111328100,-0.016941338
4.111531600,-0.016311973
4.111735000,-0.015680952
4.111938500,-0.015051588
4.112141900,-0.014420567
4.112345400,-0.013791203
4.112548800,-0.013160182
4.112752300,-0.008530817
4.112955700,-0.007899797
4.113159200,-0.007270432
4.113362600,-0.006639411
4.113566100,-0.006010047
4.113769500,-0.005379026
4.113973000,-0.004749662
4.114176400,-0.000118641
4.114379900,0.000510724
4.114583300,0.001141744
4.114786800,0.005771109
4.114990200,0.006402130
4.115193700,0.007031494
4.115397100,0.011662515
4.115600600,0.012291879
4.115804000,0.012922900
4.116007500,0.013552265
4.116210900,0.018183285
4.116414400,0.022812650
4.116617800,0.023443671
4.116821300,0.028073035
4.117024700,0.028704056
4.117228200,0.029333420
4.117431600,0.037964441
4.117635100,0.038593806
4.117838500,0.039224826
4.118042000,0.047854191
4.118245400,0.048485212
4.118448900,0.049114576
4.118652300,0.053745597
4.118855800,0.058374961
4.119059200,0.063005982
4.119262700,0.063635347
4.119466100,0.072266367
4.119669600,0.072895732
4.119873000,0.077526753
4.120076500,0.086156117
4.120279900,0.086787138
4.120483400,0.091416502
4.120686800,0.092047523
4.120890300,0.100676888
4.121093800,0.105306252
4.121297200,0.109937273
4.121500700,0.118566637
4.121704100,0.119197658
4.121907600,0.123827023
4.122111000,0.132458043
4.122314500,0.137087408
4.122517900,0.141718429
4.122721400,0.142347793
4.122924800,0.154978814
4.123128300,0.159608178
4.123331700,0.160239199
4.123535200,0.172868564
4.123738600,0.177499584
4.123942100,0.178128949
4.124145500,0.190759970
4.124349000,0.195389334
4.124552400,0.200020355
4.124755900,0.204649719
4.124959300,0.213280740
4.125162800,0.217910105
4.125366200,0.222541125
4.125569700,0.235170490
4.125773100,0.239801511
4.125976600,0.244430875
4.126180000,0.257061896
4.126383500,0.261691260
4.126586900,0.262322281
4.126790400,0.274951646
4.126993800,0.279582666
4.127197300,0.284212031
4.127400700,0.288843052
4.127604200,0.301472416
4.127807600,0.306103437
4.128011100,0.310732801
4.128214500,0.323363822
4.128418000,0.327993187
4.128621400,0.332624207
4.128824900,0.345253572
4.129028300,0.349884593
4.129231800,0.354513957
4.129435200,0.359144978
4.129638700,0.371774342
4.129842100,0.376405363
4.130045600,0.381034728
4.130249000,0.393665748
4.130452500,0.398295113
4.130655900,0.402926134
4.130859400,0.415555498
4.131062800,0.420186519
4.131266300,0.428815883
4.131469700,0.433446904
4.131673200,0.446076269
4.131876600,0.450707289
4.132080100,0.455336654
4.132283500,0.467967675
4.132487000,0.472597039
4.132690400,0.477228060
4.132893900,0.489857424
4.133097300,0.494488445
4.133300800,0.495117810
4.133504200,0.499748830
4.133707700,0.512378195
4.133911100,0.517009216
4.134114600,0.521638580
4.134318000,0.534269601
4.134521500,0.538898965
4.134724900,0.543529986
4.134928400,0.556159351
4.135131800,0.560790371
4.135335300,0.565419736
4.135538700,0.578050757
4.135742200,0.578680121
4.135945600,0.583311142
4.136149100,0.587940506
4.136352500,0.600571527
4.136556000,0.605200892
4.136759400,0.609831912
4.136962900,0.618461277
4.137166300,0.623092298
4.137369800,0.627721662
4.137573200,0.636352683
4.137776700,0.640982047
4.137980100,0.645613068
4.138183600,0.650242433
4.138387000,0.658873453
4.138590500,0.663502818
4.138793900,0.668133839
4.138997400,0.676763203
4.139200800,0.681394224
4.139404300,0.686023588
4.139607700,0.694654609
4.139811200,0.699283974
4.140014600,0.703914994
4.140218100,0.704544359
4.140421500,0.717175380
4.140625000,0.717804744
4.140828500,0.722434109
4.141031900,0.731065129
4.141235400,0.735694494
4.141438800,0.740325515
4.141642300,0.748954879
4.141845700,0.753585900
4.142049200,0.754215264
4.142252600,0.758846285
4.142456100,0.767475650
4.142659500,0.772106670
4.142863000,0.772736035
4.143066400,0.785367056
4.143269900,0.785996420
4.143473300,0.790627441
4.143676800,0.799256805
4.143880200,0.803887826
4.144083700,0.804517191
4.144287100,0.809148211
4.144490600,0.817777576
4.144694000,0.822408597
4.144897500,0.823037961
4.145100900,0.831668982
4.145304400,0.836298346
4.145507800,0.836929367
4.145711300,0.845558732
4.145914700,0.850189752
4.146118200,0.850819117
4.146321600,0.859450138
4.146525100,0.864079502
4.146728500,0.864710523
4.146932000,0.869339887
4.147135400,0.877970908
4.147338900,0.882600273
4.147542300,0.883231293
4.147745800,0.891860658
4.147949200,0.896491679
4.148152700,0.897121043
4.148356100,0.905752064
4.148559600,0.906381428
4.148763000,0.911012449
4.148966500,0.911641814
4.149169900,0.920272834
4.149373400,0.924902199
4.149576800,0.925533220
4.149780300,0.934162584
4.149983700,0.938793605
4.150187200,0.939422969
4.150390600,0.948053990
4.150594100,0.948683355
4.150797500,0.953314375
4.151001000,0.953943740
4.151204400,0.962574761
4.151407900,0.967204125
4.151611300,0.967835146
4.151814800,0.976464510
4.152018200,0.977095531
4.152221700,0.981724896
4.152425100,0.990355916
4.152628600,0.990985281
4.152832000,0.991616302
4.153035500,0.996245666
4.153238900,1.004876687
4.153442400,1.005506051
4.153645800,1.006137072
4.153849300,1.014766437
4.154052700,1.019397457
4.154256200,1.020026822
4.154459600,1.028657843
4.154663100,1.029287207
4.154866500,1.033918228
4.155070000,1.038547592
4.155273400,1.043178613
4.155476900,1.043807978
4.155680300,1.044438998
4.155883800,1.053068363
4.156087200,1.057699384
4.156290700,1.058328748
4.156494100,1.066959769
4.156697600,1.067589133
4.156901000,1.068220154
4.157104500,1.076849519
4.157307900,1.077480539
4.157511400,1.082109904
4.157714800,1.082740925
4.157918300,1.091370289
4.158121700,1.092001310
4.158325200,1.092630674
4.158528600,1.101261695
4.158732100,1.101891060
4.158935500,1.106522080
4.159139000,1.111151445
4.159342400,1.115782466
4.159545900,1.116411830
4.159749300,1.117042851
4.159952800,1.125672215
4.160156300,1.126301580
4.160359700,1.126932601
4.160563200,1.135561965
4.160766600,1.136192986
4.160970100,1.136822350
4.161173500,1.145453371
4.161377000,1.146082736
4.161580400,1.146713756
4.161783900,1.147343121
4.161987300,1.155974142
4.162190800,1.156603506
4.162394200,1.157234527
4.162597700,1.165863891
4.162801100,1.166494912
4.163004600,1.167124277
4.163208000,1.171755297
4.163411500,1.172384662
4.163614900,1.177015683
4.163818400,1.177645047
4.164021800,1.182276068
4.164225300,1.182905432
4.164428700,1.183536453
4.164632200,1.192165818
4.164835600,1.192796838
4.165039100,1.193426203
4.165242500,1.198057224
4.165446000,1.198686588
4.165649400,1.199317609
4.165852900,1.207946973
4.166056300,1.208577994
4.166259800,1.209207359
4.166463200,1.209838379
4.166666700,1.214467744
4.166870100,1.215098765
4.167073600,1.215728129
4.167277000,1.220359150
4.167480500,1.224988514
4.167683900,1.225619535
4.167887400,1.230248900
4.168090800,1.230879920
4.168294300,1.231509285
4.168497700,1.232140306
4.168701200,1.236769670
4.168904600,1.237400691
4.169108100,1.238030055
4.169311500,1.242661076
4.169515000,1.243290441
4.169718400,1.243921461
4.169921900,1.252550826
4.170125300,1.253181847
4.170328800,1.253811211
4.170532200,1.254442232
4.170735700,1.259071596
4.170939100,1.259702617
4.171142600,1.260331982
4.171346000,1.264963002
4.171549500,1.265592367
4.171752900,1.266223388
4.171956400,1.270852752
4.172159800,1.271483773
4.172363300,1.272113137
4.172566700,1.272744158
4.172770200,1.281373523
4.172973600,1.282004543
4.173177100,1.282633908
4.173380500,1.287264929
4.173584000,1.287894293
4.173787400,1.288525314
4.173990900,1.293154678
4.174194300,1.293785699
4.174397800,1.294415064
4.174601200,1.299046084
4.174804700,1.299675449
4.175008100,1.300306470
4.175211600,1.300935834
4.175415000,1.305566855
4.175618500,1.306196219
4.175821900,1.306827240
4.176025400,1.311456605
4.176228800,1.312087625
4.176432300,1.312716990
4.176635700,1.317348011
4.176839200,1.321977375
4.177042600,1.322608396
4.177246100,1.323237760
4.177449500,1.327868781
4.177653000,1.328498146
4.177856400,1.329129166
4.178059900,1.333758531
4.178263300,1.334389552
4.178466800,1.335018916
4.178670200,1.339649937
4.178873700,1.340279301
4.179077100,1.340910322
4.179280600,1.341539687
4.179484000,1.346170707
4.179687500,1.346800072
4.179891000,1.347429436
4.180094400,1.352060457
4.180297900,1.352689822
4.180501300,1.353320842
4.180704800,1.357950207
4.180908200,1.358581228
4.181111700,1.359210592
4.181315100,1.359841613
4.181518600,1.364470977
4.181722000,1.365101998
4.181925500,1.365731363
4.182128900,1.374362383
4.182332400,1.374991748
4.182535800,1.375622769
4.182739300,1.380252133
4.182942700,1.380883154
4.183146200,1.381512518
4.183349600,1.386143539
4.183553100,1.386772904
4.183756500,1.387403924
4.183960000,1.388033289
4.184163400,1.392664310
4.184366900,1.393293674
4.184570300,1.393924695
4.184773800,1.398554059
4.184977200,1.399185080
4.185180700,1.399814445
4.185384100,1.404445465
4.185587600,1.405074830
4.185791000,1.405705851
4.185994500,1.406335215
4.186197900,1.410966236
4.186401400,1.411595600
4.186604800,1.412226621
4.186808300,1.416855986
4.187011700,1.417487006
4.187215200,1.418116371
4.187418600,1.422747392
4.187622100,1.423376756
4.187825500,1.424007777
4.188029000,1.424637141
4.188232400,1.429268162
4.188435900,1.429897527
4.188639300,1.430528547
4.188842800,1.435157912
4.189046200,1.435788933
4.189249700,1.436418297
4.189453100,1.441049318
4.189656600,1.441678682
4.189860000,1.442309703
4.190063500,1.442939068
4.190266900,1.443570088
4.190470400,1.444199453
4.190673800,1.444830474
4.190877300,1.449459838
4.191080700,1.450090859
4.191284200,1.450720223
4.191487600,1.455351244
4.191691100,1.455980609
4.191894500,1.456611629
4.192098000,1.457240994
4.192301400,1.461872015
4.192504900,1.462501379
4.192708300,1.463132400
4.192911800,1.463761764
4.193115200,1.464392785
4.193318700,1.465022150
4.193522100,1.469653170
4.193725600,1.470282535
4.193929000,1.470913556
4.194132500,1.475542920
4.194335900,1.476173941
4.194539400,1.472803305
4.194742800,1.473434326
4.194946300,1.478063691
4.195149700,1.478694711
4.195353200,1.479324076
4.195556600,1.483955097
4.195760100,1.484584461
4.195963500,1.481215482
4.196167000,1.485844846
4.196370400,1.486475867
4.196573900,1.487105232
4.196777300,1.487736252
4.196980800,1.488365617
4.197184200,1.488996638
4.197387700,1.489626002
4.197591100,1.494257023
4.197794600,1.494886387
4.197998000,1.495517408
4.198201500,1.496146773
4.198404900,1.496777793
4.198608400,1.497407158
4.198811800,1.498038179
4.199015300,1.498667543
4.199218800,1.499296908
4.199422200,1.499927928
4.199625700,1.504557293
4.199829100,1.505188314
4.200032600,1.501817678
4.200236000,1.506448699
4.200439500,1.507078063
4.200642900,1.507709084
4.200846400,1.504338449
4.201049800,1.508969469
4.201253300,1.509598834
4.201456700,1.510229855
4.201660200,1.510859219
4.201863600,1.511490240
4.202067100,1.512119604
4.202270500,1.512750625
4.202474000,1.513379990
4.202677400,1.514011010
4.202880900,1.514640375
4.203084300,1.515271396
4.203287800,1.515900760
4.203491200,1.516531781
4.203694700,1.517161145
4.203898100,1.517792166
4.204101600,1.514421531
4.204305000,1.519052551
4.204508500,1.519681916
4.204711900,1.516312937
4.204915400,1.520942301
4.205118800,1.517573322
4.205322300,1.518202686
4.205525700,1.518833707
4.205729200,1.519463072
4.205932600,1.520094092
4.206136100,1.516723457
4.206339500,1.521354478
4.206543000,1.517983842
4.206746400,1.518614863
4.206949900,1.519244227
4.207153300,1.519875248
4.207356800,1.520504613
4.207560200,1.517135633
4.207763700,1.521764998
4.207967100,1.518396019
4.208170600,1.519025383
4.208374000,1.519656404
4.208577500,1.520285768
4.208780900,1.516916789
4.208984400,1.517546154
4.209187800,1.518177174
4.209391300,1.518806539
4.209594700,1.515437560
4.209798200,1.516066924
4.210001600,1.516697945
4.210205100,1.513327309
4.210408500,1.517958330
4.210612000,1.514587695
4.210815400,1.515218715
4.211018900,1.515848080
4.211222300,1.512479101
4.211425800,1.513108465
4.211629200,1.509739486
4.211832700,1.514368850
4.212036100,1.510999871
4.212239600,1.511629236
4.212443000,1.512260256
4.212646500,1.508889621
4.212849900,1.509520642
4.213053400,1.510150006
4.213256800,1.506781027
4.213460300,1.507410391
4.213663700,1.508041412
4.213867200,1.504670777
4.214070600,1.505301797
4.214274100,1.501931162
4.214477500,1.502562183
4.214681000,1.503191547
4.214884400,1.499822568
4.215087900,1.500451932
4.215291300,1.501082953
4.215494800,1.497712318
4.215698200,1.498343339
4.215901700,1.498972703
4.216105100,1.495603724
4.216308600,1.496233088
4.216512000,1.496864109
4.216715500,1.493493473
4.216918900,1.494124494
4.217122400,1.490753859
4.217325800,1.491384880
4.217529300,1.488014244
4.217732700,1.488645265
4.217936200,1.489274629
4.218139600,1.485905650
4.218343100,1.486535014
4.218546500,1.487166035
4.218750000,1.483795400
4.218953500,1.484424764
4.219156900,1.485055785
4.219360400,1.481685149
4.219563800,1.482316170
4.219767300,1.482945535
4.219970700,1.479576555
4.220174200,1.480205920
4.220377600,1.480836941
4.220581100,1.481466305
4.220784500,1.478097326
4.220988000,1.478726690
4.221191400,1.479357711
4.221394900,1.475987076
4.221598300,1.476618096
4.221801800,1.477247461
4.222005200,1.477878482
4.222208700,1.474507846
4.222412100,1.475138867
4.222615600,1.475768231
4.222819000,1.476399252
4.223022500,1.473028617
4.223225900,1.477659637
4.223429400,1.474289002
4.223632800,1.474920023
4.223836300,1.475549387
4.224039700,1.476180408
4.224243200,1.476809772
4.224446600,1.477440793
4.224650100,1.478070158
4.224853500,1.474701178
4.225057000,1.475330543
4.225260400,1.479961564
4.225463900,1.476590928
4.225667300,1.477221949
4.225870800,1.481851313
4.226074200,1.478482334
4.226277700,1.479111699
4.226481100,1.483742719
4.226684600,1.484372084
4.226888000,1.481003105
4.227091500,1.481632469
4.227294900,1.486263490
4.227498400,1.486892854
4.227701800,1.487523875
4.227905300,1.488153240
4.228108700,1.488784260
4.228312200,1.489413625
4.228515600,1.494044646
4.228719100,1.494674010
4.228922500,1.495305031
4.229126000,1.495934395
4.229329400,1.496565416
4.229532900,1.497194781
4.229736300,1.497825801
4.229939800,1.502455166
4.230143200,1.503086187
4.230346700,1.503715551
4.230550100,1.508346572
4.230753600,1.508975936
4.230957000,1.509606957
4.231160500,1.514236322
4.231363900,1.514867343
4.231567400,1.515496707
4.231770800,1.516127728
4.231974300,1.520757092
4.232177700,1.521388113
4.232381200,1.522017477
4.232584600,1.526648498
4.232788100,1.527277863
4.232991500,1.531908884
4.233195000,1.536538248
4.233398400,1.537169269
4.233601900,1.537798633
4.233805300,1.538429654
4.234008800,1.543059018
4.234212200,1.543690039
4.234415700,1.544319404
4.234619100,1.552950425
4.234822600,1.553579789
4.235026000,1.554210810
4.235229500,1.558840174
4.235432900,1.563471195
4.235636400,1.564100559
4.235839800,1.564731580
4.236043300,1.569360945
4.236246700,1.569991966
4.236450200,1.574621330
4.236653600,1.579252351
4.236857100,1.579881715
4.237060500,1.584512736
4.237264000,1.589142100
4.237467400,1.589773121
4.237670900,1.590402486
4.237874300,1.595033507
4.238077800,1.599662871
4.238281300,1.600292235
4.238484700,1.604923256
4.238688200,1.609552621
4.238891600,1.614183641
4.239095100,1.614813006
4.239298500,1.619444027
4.239502000,1.624073391
4.239705400,1.624704412
4.239908900,1.625333776
4.240112300,1.633964797
4.240315800,1.634594162
4.240519200,1.639225182
4.240722700,1.643854547
4.240926100,1.644485568
4.241129600,1.649114932
4.241333000,1.657745953
4.241536500,1.658375317
4.241739900,1.659006338
4.241943400,1.667635703
4.242146800,1.668266723
4.242350300,1.672896088
4.242553700,1.673527109
4.242757200,1.682156473
4.242960600,1.682787494
4.243164100,1.683416858
4.243367500,1.692047879
4.243571000,1.696677244
4.243774400,1.697308264
4.243977900,1.705937629
4.244181300,1.706568650
4.244384800,1.711198014
4.244588200,1.711829035
4.244791700,1.720458399
4.244995100,1.721089420
4.245198600,1.721718785
4.245402000,1.730349805
4.245605500,1.734979170
4.245808900,1.735610191
4.246012400,1.744239555
4.246215800,1.744870576
4.246419300,1.749499940
4.246622700,1.750130961
4.246826200,1.758760326
4.247029600,1.759391347
4.247233100,1.764020711
4.247436500,1.772651732
4.247640000,1.773281096
4.247843400,1.773912117
4.248046900,1.782541481
4.248250300,1.787172502
4.248453800,1.787801867
4.248657200,1.788432888
4.248860700,1.797062252
4.249064100,1.801693273
4.249267600,1.802322637
4.249471000,1.810953658
4.249674500,1.811583022
4.249877900,1.816214043
4.250081400,1.820843408
4.250284800,1.825474429
4.250488300,1.826103793
4.250691700,1.834734814
4.250895200,1.835364178
4.251098600,1.839995199
4.251302100,1.840624563
4.251505500,1.849255584
4.251709000,1.849884949
4.251912400,1.854515970
4.252115900,1.859145334
4.252319300,1.863776355
4.252522800,1.864405719
4.252726200,1.873036740
4.252929700,1.873666104
4.253133100,1.878297125
4.253336600,1.878926490
4.253540000,1.887557511
4.253743500,1.888186875
4.253946900,1.892817896
4.254150400,1.901447260
4.254353800,1.902078281
4.254557300,1.902707645
4.254760700,1.911338666
4.254964200,1.915968031
4.255167600,1.916599052
4.255371100,1.921228416
4.255574500,1.925859437
4.255778000,1.930488801
4.255981400,1.931119822
4.256184900,1.939749186
4.256388300,1.944380207
4.256591800,1.945009572
4.256795200,1.953640593
4.256998700,1.958269957
4.257202100,1.958900978
4.257405600,1.963530342
4.257609000,1.972161363
4.257812500,1.972790727
4.258016000,1.977420092
4.258219400,1.986051113
4.258422900,1.986680477
4.258626300,1.991311498
4.258829800,1.999940862
4.259033200,2.004571883
4.259236700,2.005201248
4.259440100,2.009832268
4.259643600,2.018461633
4.259847000,2.019092654
4.260050500,2.023722018
4.260253900,2.032353039
4.260457400,2.036982403
4.260660800,2.037613424
4.260864300,2.046242789
4.261067700,2.050873809
4.261271200,2.055503174
4.261474600,2.064134195
4.261678100,2.064763559
4.261881500,2.069394580
4.262085000,2.074023944
4.262288400,2.082654965
4.262491900,2.087284330
4.262695300,2.087915351
4.262898800,2.096544715
4.263102200,2.101175736
4.263305700,2.105805100
4.263509100,2.114436121
4.263712600,2.119065485
4.263916000,2.119696506
4.264119500,2.124325871
4.264322900,2.132956892
4.264526400,2.137586256
4.264729800,2.138217277
4.264933300,2.146846641
4.265136700,2.151477662
4.265340200,2.156107026
4.265543600,2.164738047
4.265747100,2.165367412
4.265950500,2.169998433
4.266154000,2.174627797
4.266357400,2.183258818
4.266560900,2.183888182
4.266764300,2.188519203
4.266967800,2.197148567
4.267171200,2.197779588
4.267374700,2.202408953
4.267578100,2.211039974
4.267781600,2.215669338
4.267985000,2.216300359
4.268188500,2.220929723
4.268391900,2.229560744
4.268595400,2.230190108
4.268798800,2.234821129
4.269002300,2.243450494
4.269205700,2.244081515
4.269409200,2.248710879
4.269612600,2.257341900
4.269816100,2.261971264
4.270019500,2.262602285
4.270223000,2.271231649
4.270426400,2.275862670
4.270629900,2.276492035
4.270833300,2.281123056
4.271036800,2.289752420
4.271240200,2.290383441
4.271443700,2.295012805
4.271647100,2.303643826
4.271850600,2.304273190
4.272054000,2.308904211
4.272257500,2.317533576
4.272460900,2.318164597
4.272664400,2.322793961
4.272867800,2.323424982
4.273071300,2.332054346
4.273274700,2.336685367
4.273478200,2.337314731
4.273681600,2.345945752
4.273885100,2.350575117
4.274088500,2.351206138
4.274292000,2.359835502
4.274495400,2.364466523
4.274698900,2.365095887
4.274902300,2.369726908
4.275105800,2.378356272
4.275309200,2.382987293
4.275512700,2.383616658
4.275716100,2.392247679
4.275919600,2.396877043
4.276123000,2.397508064
4.276326500,2.406137428
4.276529900,2.410768449
4.276733400,2.411397813
4.276936800,2.416028834
4.277140300,2.424658199
4.277343800,2.425287563
4.277547200,2.429918584
4.277750700,2.438547948
4.277954100,2.439178969
4.278157600,2.443808334
4.278361000,2.452439355
4.278564500,2.453068719
4.278767900,2.457699740
4.278971400,2.466329104
4.279174800,2.466960125
4.279378300,2.471589489
4.279581700,2.472220510
4.279785200,2.480849875
4.279988600,2.481480896
4.280192100,2.486110260
4.280395500,2.494741281
4.280599000,2.495370645
4.280802400,2.500001666
4.281005900,2.504631030
4.281209300,2.509262051
4.281412800,2.509891416
4.281616200,2.514522437
4.281819700,2.519151801
4.282023100,2.523782822
4.282226600,2.524412186
4.282430000,2.533043207
4.282633500,2.533672571
4.282836900,2.538303592
4.283040400,2.542932957
4.283243800,2.543563978
4.283447300,2.548193342
4.283650700,2.548824363
4.283854200,2.557453727
4.284057600,2.558084748
4.284261100,2.558714112
4.284464500,2.567345133
4.284668000,2.567974498
4.284871400,2.568605519
4.285074900,2.577234883
4.285278300,2.577865904
4.285481800,2.578495268
4.285685200,2.583126289
4.285888700,2.587755653
4.286092100,2.588386674
4.286295600,2.589016039
4.286499000,2.597647060
4.286702500,2.598276424
4.286905900,2.598907445
4.287109400,2.607536809
4.287312800,2.608167830
4.287516300,2.608797194
4.287719700,2.609428215
4.287923200,2.614057580
4.288126600,2.618688601
4.288330100,2.619317965
4.288533500,2.623948986
4.288737000,2.624578350
4.288940400,2.625209371
4.289143900,2.633838735
4.289347300,2.634469756
4.289550800,2.635099121
4.289754200,2.639730142
4.289957700,2.640359506
4.290161100,2.644990527
4.290364600,2.645619891
4.290568000,2.650250912
4.290771500,2.650880276
4.290974900,2.651511297
4.291178400,2.656140662
4.291381800,2.660771683
4.291585300,2.661401047
4.291788700,2.666032068
4.291992200,2.666661432
4.292195600,2.667292453
4.292399100,2.667921817
4.292602500,2.676552838
4.292806000,2.677182203
4.293009400,2.677813224
4.293212900,2.682442588
4.293416300,2.683073609
4.293619800,2.687702973
4.293823200,2.692333994
4.294026700,2.692963359
4.294230100,2.693594379
4.294433600,2.694223744
4.294637000,2.702854765
4.294840500,2.703484129
4.295043900,2.704115150
4.295247400,2.708744514
4.295450800,2.709375535
4.295654300,2.710004900
4.295857700,2.718635920
4.296061200,2.719265285
4.296264600,2.719896306
4.296468100,2.720525670
4.296671500,2.729156691
4.296875000,2.729786055
4.297078500,2.730415420
4.297281900,2.735046441
4.297485400,2.735675805
4.297688800,2.736306826
4.297892300,2.744936190
4.298095700,2.745567211
4.298299200,2.746196575
4.298502600,2.750827596
4.298706100,2.755456961
4.298909500,2.756087982
4.299113000,2.756717346
4.299316400,2.761348367
4.299519900,2.761977731
4.299723300,2.762608752
4.299926800,2.771238116
4.300130200,2.771869137
4.300333700,2.772498502
4.300537100,2.777129523
4.300740600,2.781758887
4.300944000,2.782389908
4.301147500,2.783019272
4.301350900,2.787650293
4.301554400,2.788279657
4.301757800,2.792910678
4.301961300,2.797540043
4.302164700,2.798171064
4.302368200,2.798800428
4.302571600,2.807431449
4.302775100,2.808060813
4.302978500,2.808691834
4.303182000,2.809321198
4.303385400,2.817952219
4.303588900,2.818581584
4.303792300,2.819212605
4.303995800,2.823841969
4.304199200,2.824472990
4.304402700,2.829102354
4.304606100,2.833733375
4.304809600,2.834362739
4.305013000,2.838993760
4.305216500,2.839623125
4.305419900,2.844254146
4.305623400,2.844883510
4.305826800,2.849514531
4.306030300,2.854143895
4.306233700,2.854774916
4.306437200,2.859404280
4.306640600,2.864035301
4.306844100,2.864664666
4.307047500,2.869295687
4.307251000,2.873925051
4.307454400,2.874556072
4.307657900,2.879185436
4.307861300,2.879816457
4.308064800,2.888445821
4.308268200,2.889076842
4.308471700,2.889706207
4.308675100,2.898337228
4.308878600,2.898966592
4.309082000,2.899597613
4.309285500,2.908226977
4.309488900,2.908857998
4.309692400,2.909487362
4.309895800,2.914118383
4.310099300,2.918747748
4.310302700,2.923378769
4.310506200,2.924008133
4.310709600,2.928639154
4.310913100,2.933268518
4.311116500,2.933899539
4.311320000,2.942528904
4.311523400,2.943159924
4.311726900,2.943789289
4.311930300,2.944420310
4.312133800,2.953049674
4.312337200,2.953680695
4.312540700,2.958310059
4.312744100,2.962941080
4.312947600,2.963570445
4.313151000,2.968201465
4.313354500,2.972830830
4.313557900,2.977461851
4.313761400,2.978091215
4.313964800,2.978722236
4.314168300,2.987351600
4.314371700,2.987982621
4.314575200,2.988611986
4.314778600,2.997243006
4.314982100,2.997872371
4.315185500,2.998503392
4.315389000,3.007132756
4.315592400,3.007763777
4.315795900,3.008393141
4.315999300,3.009024162
4.316202800,3.017653527
4.316406300,3.018282891
4.316609700,3.018913912
4.316813200,3.027543276
4.317016600,3.028174297
4.317220100,3.028803661
4.317423500,3.037434682
4.317627000,3.038064047
4.317830400,3.038695068
4.318033900,3.047324432
4.318237300,3.047955453
4.318440800,3.048584817
4.318644200,3.049215838
4.318847700,3.057845202
4.319051100,3.058476223
4.319254600,3.059105588
4.319458000,3.067736609
4.319661500,3.068365973
4.319864900,3.068996994
4.320068400,3.077626358
4.320271800,3.078257379
4.320475300,3.078886743
4.320678700,3.079517764
4.320882200,3.088147129
4.321085600,3.088778150
4.321289100,3.089407514
4.321492500,3.098038535
4.321696000,3.098667899
4.321899400,3.099298920
4.322102900,3.107928284
4.322306300,3.108559305
4.322509800,3.109188670
4.322713200,3.113819691
4.322916700,3.118449055
4.323120100,3.123080076
4.323323600,3.123709440
4.323527000,3.128340461
4.323730500,3.132969825
4.323933900,3.133600846
4.324137400,3.142230211
4.324340800,3.142861232
4.324544300,3.143490596
4.324747700,3.144121617
4.324951200,3.152750981
4.325154600,3.153382002
4.325358100,3.158011366
4.325561500,3.162642387
4.325765000,3.167271752
4.325968400,3.167902773
4.326171900,3.176532137
4.326375300,3.177163158
4.326578800,3.177792522
4.326782200,3.186423543
4.326985700,3.187052908
4.327189100,3.191683928
4.327392600,3.192313293
4.327596000,3.200944314
4.327799500,3.201573678
4.328002900,3.202204699
4.328206400,3.210834063
4.328409800,3.211465084
4.328613300,3.216094449
4.328816700,3.220725469
4.329020200,3.221354834
4.329223600,3.225985855
4.329427100,3.226615219
4.329630500,3.235246240
4.329834000,3.235875604
4.330037400,3.236506625
4.330240900,3.245135990
4.330444300,3.245767010
4.330647800,3.250396375
4.330851200,3.255027396
4.331054700,3.259656760
4.331258100,3.260287781
4.331461600,3.260917145
4.331665000,3.269548166
4.331868500,3.270177531
4.332071900,3.274808551
4.332275400,3.279437916
4.332478800,3.284068937
4.332682300,3.284698301
4.332885700,3.289329322
4.333089200,3.293958686
4.333292600,3.294589707
4.333496100,3.295219072
4.333699500,3.303850092
4.333903000,3.304479457
4.334106400,3.309110478
4.334309900,3.313739842
4.334513300,3.318370863
4.334716800,3.319000227
4.334920200,3.323631248
4.335123700,3.328260613
4.335327100,3.328891633
4.335530600,3.329520998
4.335734000,3.338152019
4.335937500,3.338781383
4.336141000,3.343410747
4.336344400,3.348041768
4.336547900,3.352671133
4.336751300,3.353302154
4.336954800,3.357931518
4.337158200,3.362562539
4.337361700,3.363191903
4.337565100,3.371822924
4.337768600,3.372452288
4.337972000,3.373083309
4.338175500,3.373712674
4.338378900,3.382343695
4.338582400,3.382973059
4.338785800,3.387604080
4.338989300,3.392233444
4.339192700,3.396864465
4.339396200,3.397493829
4.339599600,3.402124850
4.339803100,3.406754215
4.340006500,3.407385236
4.340210000,3.408014600
4.340413400,3.416645621
4.340616900,3.417274985
4.340820300,3.421906006
4.341023800,3.426535370
4.341227200,3.427166391
4.341430700,3.431795756
4.341634100,3.436426777
4.341837600,3.441056141
4.342041000,3.441687162
4.342244500,3.442316526
4.342447900,3.450947547
4.342651400,3.451576912
4.342854800,3.452207932
4.343058300,3.460837297
4.343261700,3.461468318
4.343465200,3.466097682
4.343668600,3.470728703
4.343872100,3.471358067
4.344075500,3.475989088
4.344279000,3.476618453
4.344482400,3.481249473
4.344685900,3.485878838
4.344889300,3.486509859
4.345092800,3.491139223
4.345296200,3.495770244
4.345499700,3.496399608
4.345703100,3.501030629
4.345906600,3.505659994
4.346110000,3.506291014
4.346313500,3.510920379
4.346516900,3.515551400
4.346720400,3.516180764
4.346923800,3.516811785
4.347127300,3.525441149
4.347330700,3.526072170
4.347534200,3.526701535
4.347737600,3.531332555
4.347941100,3.535961920
4.348144500,3.536592941
4.348348000,3.541222305
4.348551400,3.541853326
4.348754900,3.546482690
4.348958300,3.547113711
4.349161800,3.551743076
4.349365200,3.552374096
4.349568700,3.557003461
4.349772100,3.561634482
4.349975600,3.562263846
4.350179000,3.562894867
4.350382500,3.567524231
4.350585900,3.572155252
4.350789400,3.572784617
4.350992800,3.573415637
4.351196300,3.578045002
4.351399700,3.578676023
4.351603200,3.579305387
4.351806600,3.587936408
4.352010100,3.588565772
4.352213500,3.589196793
4.352417000,3.593826158
4.352620400,3.594457178
4.352823900,3.595086543
4.353027300,3.595717564
4.353230800,3.600346928
4.353434200,3.600977949
4.353637700,3.601607313
4.353841100,3.610238334
4.354044600,3.610867699
4.354248000,3.611498719
4.354451500,3.616128084
4.354654900,3.616759105
4.354858400,3.617388469
4.355061800,3.622019490
4.355265300,3.622648854
4.355468800,3.623278219
4.355672200,3.623909240
4.355875700,3.628538604
4.356079100,3.629169625
4.356282600,3.629798989
4.356486000,3.634430010
4.356689500,3.635059374
4.356892900,3.635690395
4.357096400,3.640319760
4.357299800,3.640950781
4.357503300,3.641580145
4.357706700,3.642211166
4.357910200,3.642840530
4.358113600,3.643471551
4.358317100,3.644100916
4.358520500,3.648731936
4.358724000,3.649361301
4.358927400,3.649992322
4.359130900,3.654621686
4.359334300,3.655252707
4.359537800,3.655882071
4.359741200,3.652513092
4.359944700,3.657142457
4.360148100,3.657773477
4.360351600,3.658402842
4.360555000,3.659033863
4.360758500,3.659663227
4.360961900,3.660294248
4.361165400,3.664923612
4.361368800,3.661554633
4.361572300,3.662183998
4.361775700,3.662815018
4.361979200,3.667444383
4.362182600,3.664075404
4.362386100,3.664704768
4.362589500,3.669335789
4.362793000,3.665965153
4.362996400,3.666596174
4.363199900,3.667225539
4.363403300,3.667856559
4.363606800,3.668485924
4.363810200,3.669116945
4.364013700,3.669746309
4.364217100,3.670377330
4.364420600,3.667006694
4.364624000,3.671637715
4.364827500,3.668267080
4.365030900,3.668898100
4.365234400,3.669527465
4.365437800,3.670158486
4.365641300,3.666787850
4.365844700,3.667418871
4.366048200,3.668048235
4.366251600,3.668679256
4.366455100,3.665308621
4.366658500,3.665939641
4.366862000,3.666569006
4.367065400,3.667200027
4.367268900,3.667829391
4.367472300,3.664460412
4.367675800,3.665089776
4.367879200,3.665720797
4.368082700,3.666350162
4.368286100,3.662981182
4.368489600,3.663610547
4.368693000,3.664241568
4.368896500,3.664870932
4.369099900,3.661501953
4.369303400,3.666131317
4.369506800,3.662762338
4.369710300,3.663391703
4.369913700,3.664022723
4.370117200,3.664652088
4.370320600,3.665283109
4.370524100,3.665912473
4.370727500,3.666543494
4.370931000,3.667172858
4.371134400,3.667803879
4.371337900,3.668433244
4.371541300,3.669064264
4.371744800,3.669693629
4.371948200,3.674324650
4.372151700,3.674954014
4.372355100,3.675585035
4.372558600,3.676214399
4.372762000,3.680845420
4.372965500,3.681474785
4.373168900,3.682105805
4.373372400,3.686735170
4.373575800,3.687366191
4.373779300,3.691995555
4.373982700,3.696626576
4.374186200,3.697255940
4.374389600,3.701886961
4.374593100,3.706516326
4.374796500,3.711147346
4.375000000,3.711776711
4.375203500,3.712406075
4.375406900,3.721037096
4.375610400,3.725666461
4.375813800,3.726297481
4.376017300,3.734926846
4.376220700,3.739557867
4.376424200,3.744187231
4.376627600,3.752818252
4.376831100,3.757447616
4.377034500,3.758078637
4.377238000,3.762708002
4.377441400,3.775339022
4.377644900,3.779968387
4.377848300,3.780599408
4.378051800,3.793228772
4.378255200,3.797859793
4.378458700,3.802489157
4.378662100,3.815120178
4.378865600,3.819749543
4.379069000,3.824380563
4.379272500,3.829009928
4.379475900,3.841640949
4.379679400,3.846270313
4.379882800,3.850901334
4.380086300,3.863530698
4.380289700,3.868161719
4.380493200,3.872791084
4.380696600,3.885422104
4.380900100,3.890051469
4.381103500,3.894682490
4.381307000,3.903311854
4.381510400,3.915942875
4.381713900,3.920572239
4.381917300,3.925203260
4.382120800,3.941832625
4.382324200,3.946463645
4.382527700,3.951093010
4.382731100,3.963724031
4.382934600,3.972353395
4.383138000,3.976984416
4.383341500,3.981613780
4.383544900,3.994244801
4.383748400,4.002874166
4.383951800,4.007505186
4.384155300,4.020134551
4.384358700,4.024765572
4.384562200,4.033394936
4.384765600,4.046025957
4.384969100,4.050655321
4.385172500,4.055286342
4.385376000,4.071915707
4.385579400,4.076546727
4.385782900,4.081176092
4.385986300,4.085807113
4.386189800,4.102436477
4.386393200,4.107067498
4.386596700,4.111696862
4.386800100,4.128327883
4.387003600,4.132957248
4.387207000,4.137588268
4.387410500,4.150217633
4.387613900,4.158848654
4.387817400,4.163478018
4.388020800,4.168109039
4.388224300,4.180738403
4.388427700,4.185369424
4.388631200,4.193998789
4.388834600,4.206629809
4.389038100,4.211259174
4.389241500,4.215890195
4.389445000,4.232519559
4.389648400,4.237150580
4.389851900,4.241779944
4.390055300,4.246410965
4.390258800,4.259040330
4.390462200,4.263671350
4.390665700,4.272300715
4.390869100,4.284931736
4.391072600,4.289561100
4.391276000,4.294192121
4.391479500,4.306821485
4.391682900,4.311452506
4.391886400,4.320081871
4.392089800,4.324712891
4.392293300,4.337342256
4.392496700,4.341973277
4.392700200,4.346602641
4.392903600,4.359233662
4.393107100,4.363863026
4.393310500,4.368494047
4.393514000,4.381123412
4.393717400,4.385754432
4.393920900,4.390383797
4.394124300,4.403014818
4.394327800,4.411644182
4.394531300,4.416273547
4.394734700,4.420904567
4.394938200,4.433533932
4.395141600,4.438164953
4.395345100,4.438794317
4.395548500,4.451425338
4.395752000,4.456054702
4.395955400,4.460685723
4.396158900,4.473315088
4.396362300,4.477946108
4.396565800,4.482575473
4.396769200,4.487206494
4.396972700,4.499835858
4.397176100,4.504466879
4.397379600,4.509096243
4.397583000,4.517727264
4.397786500,4.522356629
4.397989900,4.526987649
4.398193400,4.539617014
4.398396800,4.544248035
4.398600300,4.548877399
4.398803700,4.549508420
4.399007200,4.562137784
4.399210600,4.566768805
4.399414100,4.571398170
4.399617500,4.580029190
4.399821000,4.584658555
4.400024400,4.589289576
4.400227900,4.597918940
4.400431300,4.602549961
4.400634800,4.607179325
4.400838200,4.611810346
4.401041700,4.620439711
4.401245100,4.625070731
4.401448600,4.629700096
4.401652000,4.638331117
4.401855500,4.642960481
4.402058900,4.647591502
4.402262400,4.656220866
4.402465800,4.660851887
4.402669300,4.665481252
4.402872700,4.674112272
4.403076200,4.678741637
4.403279600,4.683372658
4.403483100,4.684002022
4.403686500,4.696633043
4.403890000,4.697262407
4.404093400,4.701893428
4.404296900,4.710522793
4.404500300,4.715153813
4.404703800,4.719783178
4.404907200,4.728414199
4.405110700,4.733043563
4.405314100,4.733674584
4.405517600,4.738303948
4.405721000,4.746934969
4.405924500,4.751564334
4.406127900,4.756195354
4.406331400,4.764824719
4.406534800,4.769455740
4.406738300,4.770085104
4.406941700,4.782716125
4.407145200,4.783345489
4.407348600,4.787976510
4.407552100,4.788605875
4.407755500,4.801236895
4.407959000,4.801866260
4.408162400,4.806497281
4.408365900,4.815126645
4.408569300,4.819757666
4.408772800,4.820387030
4.408976200,4.833018051
4.409179700,4.833647416
4.409383100,4.838278436
4.409586600,4.838907801
4.409790000,4.851538822
4.409993500,4.852168186
4.410196900,4.856799207
4.410400400,4.865428571
4.410603800,4.866059592
4.410807300,4.870688957
4.411010700,4.879319977
4.411214200,4.883949342
4.411417600,4.884580363
4.411621100,4.889209727
4.411824500,4.897840748
4.412028000,4.898470112
4.412231400,4.903101133
4.412434900,4.911730498
4.412638300,4.916361518
4.412841800,4.916990883
4.413045200,4.925621904
4.413248700,4.930251268
4.413452100,4.930882289
4.413655600,4.939511653
4.413859000,4.944142674
4.414062500,4.944772039
4.414266000,4.949401403
4.414469400,4.958032424
4.414672900,4.958661788
4.414876300,4.959292809
4.415079800,4.967922174
4.415283200,4.972553194
4.415486700,4.973182559
4.415690100,4.981813580
4.415893600,4.982442944
4.416097000,4.987073965
4.416300500,4.987703329
4.416503900,4.996334350
4.416707400,4.996963715
4.416910800,5.001594735
4.417114300,5.006224100
4.417317700,5.010855121
4.417521200,5.011484485
4.417724600,5.020115506
4.417928100,5.020744870
4.418131500,5.021375891
4.418335000,5.026005256
4.418538400,5.030636276
4.418741900,5.031265641
4.418945300,5.035896662
4.419148800,5.040526026
4.419352200,5.041157047
4.419555700,5.041786411
4.419759100,5.050417432
4.419962600,5.051046797
4.420166000,5.051677817
4.420369500,5.052307182
4.420572900,5.060938203
4.420776400,5.061567567
4.420979800,5.062198588
4.421183300,5.066827952
4.421386700,5.067458973
4.421590200,5.068088338
4.421793600,5.072719358
4.421997100,5.073348723
4.422200500,5.073979744
4.422404000,5.078609108
4.422607400,5.079240129
4.422810900,5.079869493
4.423014300,5.080500514
4.423217800,5.085129879
4.423421200,5.085760899
4.423624700,5.086390264
4.423828100,5.091021285
4.424031600,5.091650649
4.424235000,5.092281670
4.424438500,5.092911034
4.424641900,5.093542055
4.424845400,5.094171420
4.425048800,5.094802440
4.425252300,5.095431805
4.425455700,5.096062826
4.425659200,5.096692190
4.425862600,5.097323211
4.426066100,5.097952575
4.426269500,5.094583596
4.426473000,5.099212961
4.426676400,5.095843981
4.426879900,5.096473346
4.427083300,5.097104367
4.427286800,5.097733731
4.427490200,5.094364752
4.427693700,5.094994116
4.427897100,5.095625137
4.428100600,5.092254502
4.428304000,5.092885522
4.428507500,5.093514887
4.428710900,5.090145908
4.428914400,5.090775272
4.429117800,5.087406293
4.429321300,5.088035657
4.429524700,5.084666678
4.429728200,5.081296043
4.429931600,5.081927063
4.430135100,5.078556428
4.430338500,5.079187449
4.430542000,5.075816813
4.430745400,5.072447834
4.430948900,5.069077198
4.431152300,5.069708219
4.431355800,5.066337584
4.431559200,5.062968604
4.431762700,5.059597969
4.431966100,5.056228990
4.432169600,5.052858354
4.432373000,5.049489375
4.432576500,5.046118739
4.432779900,5.042749760
4.432983400,5.039379125
4.433186800,5.036010145
4.433390300,5.032639510
4.433593800,5.029268874
4.433797200,5.025899895
4.434000700,5.018529260
4.434204100,5.015160280
4.434407600,5.011789645
4.434611000,5.008420666
4.434814500,5.001050030
4.435017900,4.997681051
4.435221400,4.990310415
4.435424800,4.986941436
4.435628300,4.983570801
4.435831700,4.976201821
4.436035200,4.972831186
4.436238600,4.965462207
4.436442100,4.962091571
4.436645500,4.954722592
4.436849000,4.951351956
4.437052400,4.943982977
4.437255900,4.936612342
4.437459300,4.929243362
4.437662800,4.925872727
4.437866200,4.918503748
4.438069700,4.911133112
4.438273100,4.907764133
4.438476600,4.900393497
4.438680000,4.893024518
4.438883500,4.885653883
4.439086900,4.882284903
4.439290400,4.870914268
4.439493800,4.867545289
4.439697300,4.860174653
4.439900700,4.852805674
4.440104200,4.845435038
4.440307600,4.838066059
4.440511100,4.830695424
4.440714500,4.823326444
4.440918000,4.815955809
4.441121400,4.812586830
4.441324900,4.801216194
4.441528300,4.793847215
4.441731800,4.790476579
4.441935200,4.779107600
4.442138700,4.771736965
4.442342100,4.764367985
4.442545600,4.760997350
4.442749000,4.749628371
4.442952500,4.742257735
4.443155900,4.738888756
4.443359400,4.727518120
4.443562800,4.720149141
4.443766300,4.712778506
4.443969700,4.705409526
4.444173200,4.698038891
4.444376600,4.690669912
4.444580100,4.687299276
4.444783500,4.675930297
4.444987000,4.668559661
4.445190400,4.665190682
4.445393900,4.653820047
4.445597300,4.646451067
4.445800800,4.639080432
4.446004200,4.631711453
4.446207700,4.624340817
4.446411100,4.616971838
4.446614600,4.613601202
4.446818000,4.602232223
4.447021500,4.594861588
4.447224900,4.591492608
4.447428400,4.580121973
4.447631800,4.576752994
4.447835300,4.569382358
4.448038700,4.558013379
4.448242200,4.554642743
4.448445600,4.547273764
4.448649100,4.539903129
4.448852500,4.532534149
4.449056000,4.525163514
4.449259400,4.521794535
4.449462900,4.510423899
4.449666300,4.507054920
4.449869800,4.499684284
4.450073200,4.492315305
4.450276700,4.484944670
4.450480100,4.477575690
4.450683600,4.470205055
4.450887000,4.462836076
4.451090500,4.459465440
4.451293900,4.452096461
4.451497400,4.444725825
4.451700800,4.437356846
4.451904300,4.429986211
4.452107700,4.422617231
4.452311200,4.415246596
4.452514600,4.411877617
4.452718100,4.400506981
4.452921500,4.397138002
4.453125000,4.389767366
4.453328500,4.382396731
4.453531900,4.375027752
4.453735400,4.367657116
4.453938800,4.360288137
4.454142300,4.352917501
4.454345700,4.345548522
4.454549200,4.338177887
4.454752600,4.330808907
4.454956100,4.323438272
4.455159500,4.316069293
4.455363000,4.308698657
4.455566400,4.301329678
4.455769900,4.293959042
4.455973300,4.286590063
4.456176800,4.275219428
4.456380200,4.267850448
4.456583700,4.260479813
4.456787100,4.249110834
4.456990600,4.245740198
4.457194000,4.238371219
4.457397500,4.231000583
4.457600900,4.219631604
4.457804400,4.208260969
4.458007800,4.200891989
4.458211300,4.189521354
4.458414700,4.182152375
4.458618200,4.174781739
4.458821600,4.163412760
4.459025100,4.152042124
4.459228500,4.144673145
4.459432000,4.137302510
4.459635400,4.125933530
4.459838900,4.114562895
4.460042300,4.107193916
4.460245800,4.091823280
4.460449200,4.084454301
4.460652700,4.077083665
4.460856100,4.061714686
4.461059600,4.054344051
4.461263000,4.042975071
4.461466500,4.027604436
4.461669900,4.020235457
4.461873400,4.008864821
4.462076800,4.001495842
4.462280300,3.986125206
4.462483700,3.978756227
4.462687200,3.967385592
4.462890600,3.952016612
4.463094100,3.940645977
4.463297500,3.933276998
4.463501000,3.917906362
4.463704400,3.906537383
4.463907900,3.895166747
4.464111300,3.887797768
4.464314800,3.872427133
4.464518200,3.861058153
4.464721700,3.849687518
4.464925100,3.834318539
4.465128600,3.822947903
4.465332000,3.815578924
4.465535500,3.796208288
4.465738900,3.784839309
4.465942400,3.777468674
4.466145800,3.766099694
4.466349300,3.746729059
4.466552700,3.739360080
4.466756200,3.727989444
4.466959600,3.708620465
4.467163100,3.697249829
4.467366500,3.689880850
4.467570000,3.670510215
4.467773400,3.659141235
4.467976900,3.647770600
4.468180300,3.636401621
4.468383800,3.621030985
4.468587200,3.609662006
4.468790700,3.598291370
4.468994100,3.578922391
4.469197600,3.567551756
4.469401000,3.556182776
4.469604500,3.536812141
4.469807900,3.525443162
4.470011400,3.514072526
4.470214800,3.494703547
4.470418300,3.479332911
4.470621700,3.467963932
4.470825200,3.456593297
4.471028600,3.437224317
4.471232100,3.425853682
4.471435500,3.414484703
4.471639000,3.391114067
4.471842400,3.379745088
4.472045900,3.368374452
4.472249300,3.345005473
4.472452800,3.333634838
4.472656300,3.322264202
4.472859700,3.310895223
4.473063200,3.287524587
4.473266600,3.276155608
4.473470100,3.264784973
4.473673500,3.241415993
4.473877000,3.230045358
4.474080400,3.218676379
4.474283900,3.195305743
4.474487300,3.183936764
4.474690800,3.172566128
4.474894200,3.161197149
4.475097700,3.141826514
4.475301100,3.126457534
4.475504600,3.115086899
4.475708000,3.095717920
4.475911500,3.084347284
4.476114900,3.072978305
4.476318400,3.053607669
4.476521800,3.042238690
4.476725300,3.034868055
4.476928700,3.023499075
4.477132200,3.004128440
4.477335600,2.996759461
4.477539100,2.985388825
4.477742500,2.970019846
4.477946000,2.962649210
4.478149400,2.951280231
4.478352900,2.939909596
4.478556300,2.928540616
4.478759800,2.921169981
4.478963200,2.909801002
4.479166700,2.902430366
4.479370100,2.899061387
4.479573600,2.891690751
4.479777000,2.884321772
4.479980500,2.876951137
4.480183900,2.873582157
4.480387400,2.866211522
4.480590800,2.862842543
4.480794300,2.859471907
4.480997700,2.856102928
4.481201200,2.852732292
4.481404600,2.849363313
4.481608100,2.845992678
4.481811500,2.846623698
4.482015000,2.847253063
4.482218400,2.843884084
4.482421900,2.848513448
4.482625300,2.849144469
4.482828800,2.849773833
4.483032200,2.854404854
4.483235700,2.855034219
4.483439100,2.859665239
4.483642600,2.860294604
4.483846000,2.868925625
4.484049500,2.873554989
4.484252900,2.874186010
4.484456400,2.886815374
4.484659800,2.891446395
4.484863300,2.896075760
4.485066700,2.908706780
4.485270200,2.913336145
4.485473600,2.921967166
4.485677100,2.926596530
4.485880500,2.943227551
4.486084000,2.947856915
4.486287400,2.956487936
4.486490900,2.973117301
4.486694300,2.981748321
4.486897800,2.990377686
4.487101200,3.011008707
4.487304700,3.019638071
4.487508100,3.028269092
4.487711600,3.036898456
4.487915000,3.057529477
4.488118500,3.066158842
4.488321900,3.074789862
4.488525400,3.099419227
4.488728800,3.108050248
4.488932300,3.116679612
4.489135700,3.141310633
4.489339200,3.149939997
4.489542600,3.162571018
4.489746100,3.187200383
4.489949500,3.195831403
4.490153000,3.208460768
4.490356400,3.217091789
4.490559900,3.241721153
4.490763300,3.254352174
4.490966800,3.266981538
4.491170200,3.291612559
4.491373700,3.304241924
4.491577100,3.312872944
4.491780600,3.341502309
4.491984000,3.354133330
4.492187500,3.362762694
4.492391000,3.375392059
4.492594400,3.404023079
4.492797900,3.412652444
4.493001300,3.425283465
4.493204800,3.453912829
4.493408200,3.466543850
4.493611700,3.475173214
4.493815100,3.503804235
4.494018600,3.516433600
4.494222000,3.529064620
4.494425500,3.537693985
4.494628900,3.566325006
4.494832400,3.578954370
4.495035800,3.591585391
4.495239300,3.620214755
4.495442700,3.632845776
4.495646200,3.641475141
4.495849600,3.670106161
4.496053100,3.682735526
4.496256500,3.695366547
4.496460000,3.707995911
4.496663400,3.736626932
4.496866900,3.745256296
4.497070300,3.757887317
4.497273800,3.786516682
4.497477200,3.799147702
4.497680700,3.811777067
4.497884100,3.840408088
4.498087600,3.853037452
4.498291000,3.861668473
4.498494500,3.890297837
4.498697900,3.902928858
4.498901400,3.915558223
4.499104800,3.928189243
4.499308300,3.952818608
4.499511700,3.965449629
4.499715200,3.978078993
4.499918600,4.006710014
4.500122100,4.019339378
4.500325500,4.027970399
4.500529000,4.056599764
4.500732400,4.069230784
4.500935900,4.081860149
4.501139300,4.090491170
4.501342800,4.119120534
4.501546200,4.131751555
4.501749700,4.144380919
4.501953100,4.169011940
4.502156600,4.181641305
4.502360000,4.190272325
4.502563500,4.218901690
4.502766900,4.231532711
4.502970400,4.240162075
4.503173800,4.252793096
4.503377300,4.277422460
4.503580700,4.290053481
4.503784200,4.302682846
4.503987600,4.327313866
4.504191100,4.335943231
4.504394500,4.348574252
4.504598000,4.373203616
4.504801400,4.385834637
4.505004900,4.394464001
4.505208300,4.407095022
4.505411800,4.431724387
4.505615200,4.444355407
4.505818700,4.452984772
4.506022100,4.477615793
4.506225600,4.490245157
4.506429000,4.498876178
4.506632500,4.523505542
4.506835900,4.536136563
4.507039400,4.544765928
4.507242800,4.553396948
4.507446300,4.578026313
4.507649700,4.590657334
4.507853200,4.599286698
4.508056600,4.623917719
4.508260100,4.632547083
4.508463500,4.645178104
4.508667000,4.665807469
4.508870400,4.678438489
4.509073900,4.687067854
4.509277300,4.711698875
4.509480800,4.720328239
4.509684200,4.728959260
4.509887700,4.741588624
4.510091100,4.762219645
4.510294600,4.770849010
4.510498000,4.783480030
4.510701500,4.804109395
4.510904900,4.812740416
4.511108400,4.825369780
4.511311800,4.846000801
4.511515300,4.854630165
4.511718800,4.867259530
4.511922200,4.875890551
4.512125700,4.896519915
4.512329100,4.905150936
4.512532600,4.913780300
4.512736000,4.938411321
4.512939500,4.947040686
4.513142900,4.955671706
4.513346400,4.976301071
4.513549800,4.984932092
4.513753300,4.993561456
4.513956700,5.006192477
4.514160200,5.026821841
4.514363600,5.035452862
4.514567100,5.044082227
4.514770500,5.064713247
4.514974000,5.073342612
4.515177400,5.081973633
4.515380900,5.102602997
4.515584300,5.111234018
4.515787800,5.123863382
4.515991200,5.132494403
4.516194700,5.153123768
4.516398100,5.161754788
4.516601600,5.170384153
4.516805000,5.191015174
4.517008500,5.199644538
4.517211900,5.208275559
4.517415400,5.228904923
4.517618800,5.237535944
4.517822300,5.246165309
4.518025700,5.266796329
4.518229200,5.275425694
4.518432600,5.284056715
4.518636100,5.292686079
4.518839500,5.313317100
4.519043000,5.321946464
4.519246400,5.330577485
4.519449900,5.351206850
4.519653300,5.359837870
4.519856800,5.368467235
4.520060200,5.393098256
4.520263700,5.401727620
4.520467100,5.410358641
4.520670600,5.418988005
4.520874000,5.439619026
4.521077500,5.448248391
4.521280900,5.456879411
4.521484400,5.477508776
4.521687800,5.486139797
4.521891300,5.494769161
4.522094700,5.515400182
4.522298200,5.524029546
4.522501600,5.532660567
4.522705100,5.541289932
4.522908500,5.561920952
4.523112000,5.570550317
4.523315400,5.579181338
4.523518900,5.603810702
4.523722300,5.612441723
4.523925800,5.621071087
4.524129200,5.641702108
4.524332700,5.650331473
4.524536100,5.658962493
4.524739600,5.667591858
4.524943000,5.688222879
4.525146500,5.696852243
4.525349900,5.705483264
4.525553400,5.730112628
4.525756800,5.738743649
4.525960300,5.747373014
4.526163700,5.768004034
4.526367200,5.776633399
4.526570600,5.785264420
4.526774100,5.805893784
4.526977500,5.814524805
4.527181000,5.823154169
4.527384400,5.831785190
4.527587900,5.852414555
4.527791300,5.865045575
4.527994800,5.873674940
4.528198200,5.894305961
4.528401700,5.902935325
4.528605100,5.911566346
4.528808600,5.932195710
4.529012000,5.940826731
4.529215500,5.949456096
4.529418900,5.958087116
4.529622400,5.978716481
4.529825800,5.991347502
4.530029300,5.999976866
4.530232700,6.020607887
4.530436200,6.029237251
4.530639600,6.037868272
4.530843100,6.058497637
4.531046500,6.067128657
4.531250000,6.075758022
4.531453500,6.084387386
4.531656900,6.105018407
4.531860400,6.113647772
4.532063800,6.122278792
4.532267300,6.142908157
4.532470700,6.151539178
4.532674200,6.160168542
4.532877600,6.180799563
4.533081100,6.189428927
4.533284500,6.198059948
4.533488000,6.206689313
4.533691400,6.227320333
4.533894900,6.235949698
4.534098300,6.244580719
4.534301800,6.265210083
4.534505200,6.273841104
4.534708700,6.282470468
4.534912100,6.303101489
4.535115600,6.311730854
4.535319000,6.320361874
4.535522500,6.328991239
4.535725900,6.349622260
4.535929400,6.358251624
4.536132800,6.366882645
4.536336300,6.387512009
4.536539700,6.396143030
4.536743200,6.404772395
4.536946600,6.425403415
4.537150100,6.430032780
4.537353500,6.438663801
4.537557000,6.459293165
4.537760400,6.467924186
4.537963900,6.476553550
4.538167300,6.485184571
4.538370800,6.505813936
4.538574200,6.510444956
4.538777700,6.519074321
4.538981100,6.539705342
4.539184600,6.548334706
4.539388000,6.556965727
4.539591500,6.573595091
4.539794900,6.582226112
4.539998400,6.590855477
4.540201800,6.599486497
4.540405300,6.616115862
4.540608700,6.624746883
4.540812200,6.633376247
4.541015600,6.654007268
4.541219100,6.658636632
4.541422500,6.667267653
4.541626000,6.687897018
4.541829400,6.692528038
4.542032900,6.701157403
4.542236300,6.709788424
4.542439800,6.726417788
4.542643200,6.735048809
4.542846700,6.743678173
4.543050100,6.760309194
4.543253600,6.768938559
4.543457000,6.773569579
4.543660500,6.794198944
4.543863900,6.798829965
4.544067400,6.807459329
4.544270800,6.816090350
4.544474300,6.832719714
4.544677700,6.841350735
4.544881200,6.845980100
4.545084600,6.862611120
4.545288100,6.871240485
4.545491500,6.879871506
4.545695000,6.896500870
4.545898400,6.901131891
4.546101900,6.909761255
4.546305300,6.926392276
4.546508800,6.931021641
4.546712200,6.939652661
4.546915700,6.944282026
4.547119100,6.960913047
4.547322600,6.969542411
4.547526000,6.974173432
4.547729500,6.990802796
4.547932900,6.999433817
4.548136400,7.004063182
4.548339800,7.020694202
4.548543300,7.029323567
4.548746700,7.033954588
4.548950200,7.042583952
4.549153600,7.055214973
4.549357100,7.063844337
4.549560500,7.068475358
4.549764000,7.085104723
4.549967400,7.089735743
4.550170900,7.098365108
4.550374300,7.114996129
4.550577800,7.119625493
4.550781300,7.124254858
4.550984700,7.132885878
4.551188200,7.145515243
4.551391600,7.154146264
4.551595100,7.158775628
4.551798500,7.175406649
4.552002000,7.180036013
4.552205400,7.184667034
4.552408900,7.201296399
4.552612300,7.205927419
4.552815800,7.210556784
4.553019200,7.219187805
4.553222700,7.231817169
4.553426100,7.240448190
4.553629600,7.245077554
4.553833000,7.257708575
4.554036500,7.266337940
4.554239900,7.270968960
4.554443400,7.283598325
4.554646800,7.292229346
4.554850300,7.296858710
4.555053700,7.301489731
4.555257200,7.318119095
4.555460600,7.322750116
4.555664100,7.327379481
4.555867500,7.344010501
4.556071000,7.348639866
4.556274400,7.353270887
4.556477900,7.369900251
4.556681300,7.374531272
4.556884800,7.379160636
4.557088200,7.395791657
4.557291700,7.400421022
4.557495100,7.405052042
4.557698600,7.409681407
4.557902000,7.426312428
4.558105500,7.430941792
4.558308900,7.435572813
4.558512400,7.452202177
4.558715800,7.456833198
4.558919300,7.461462563
4.559122700,7.478093583
4.559326200,7.482722948
4.559529600,7.487353969
4.559733100,7.491983333
4.559936500,7.508614354
4.560140000,7.513243718
4.560343400,7.517874739
4.560546900,7.534504104
4.560750300,7.539135124
4.560953800,7.543764489
4.561157200,7.556395510
4.561360700,7.565024874
4.561564100,7.569655895
4.561767600,7.574285259
4.561971000,7.586916280
4.562174500,7.595545645
4.562377900,7.600176665
4.562581400,7.612806030
4.562784800,7.621437051
4.562988300,7.626066415
4.563191700,7.638697436
4.563395200,7.647326800
4.563598600,7.651957821
4.563802100,7.656587186
4.564005500,7.669218206
4.564209000,7.677847571
4.564412400,7.682478592
4.564615900,7.695107956
4.564819300,7.703738977
4.565022800,7.708368341
4.565226200,7.720999362
4.565429700,7.729628727
4.565633100,7.734259747
4.565836600,7.746889112
4.566040000,7.755520133
4.566243500,7.760149497
4.566446900,7.764780518
4.566650400,7.781409882
4.566853800,7.786040903
4.567057300,7.790670268
4.567260700,7.807301288
4.567464200,7.811930653
4.567667600,7.816561674
4.567871100,7.833191038
4.568074500,7.837822059
4.568278000,7.846451423
4.568481400,7.851082444
4.568684900,7.867711809
4.568888300,7.872342829
4.569091800,7.876972194
4.569295200,7.893603215
4.569498700,7.898232579
4.569702100,7.906863600
4.569905600,7.919492964
4.570109000,7.928123985
4.570312500,7.932753350
4.570516000,7.937382714
4.570719400,7.954013735
4.570922900,7.962643099
4.571126300,7.967274120
4.571329800,7.983903485
4.571533200,7.988534505
4.571736700,7.997163870
4.571940100,8.009794891
4.572143600,8.018424255
4.572347000,8.023055276
4.572550500,8.031684640
4.572753900,8.044315661
4.572957400,8.052945026
4.573160800,8.057576046
4.573364300,8.074205411
4.573567700,8.082836432
4.573771200,8.087465796
4.573974600,8.104096817
4.574178100,8.108726181
4.574381500,8.117357202
4.574585000,8.133986567
4.574788400,8.138617587
4.574991900,8.147246952
4.575195300,8.151877973
4.575398800,8.168507337
4.575602200,8.173138358
4.575805700,8.181767722
4.576009100,8.198398743
4.576212600,8.203028108
4.576416000,8.207659128
4.576619500,8.224288493
4.576822900,8.232919514
4.577026400,8.237548878
4.577229800,8.246179899
4.577433300,8.258809263
4.577636700,8.267440284
4.577840200,8.272069649
4.578043600,8.288700669
4.578247100,8.293330034
4.578450500,8.301961055
4.578654000,8.314590419
4.578857400,8.323221440
4.579060900,8.327850804
4.579264300,8.332481825
4.579467800,8.349111190
4.579671200,8.357742210
4.579874700,8.362371575
4.580078100,8.379002596
4.580281600,8.383631960
4.580485000,8.388262981
4.580688500,8.404892345
4.580891900,8.409523366
4.581095400,8.414152731
4.581298800,8.422783751
4.581502300,8.435413116
4.581705700,8.444044137
4.581909200,8.448673501
4.582112600,8.461304522
4.582316100,8.469933886
4.582519500,8.474564907
4.582723000,8.487194272
4.582926400,8.495825292
4.583129900,8.500454657
4.583333300,8.505085678
4.583536800,8.521715042
4.583740200,8.526346063
4.583943700,8.530975427
4.584147100,8.547606448
4.584350600,8.552235813
4.584554000,8.556866833
4.584757500,8.573496198
4.584960900,8.578127219
4.585164400,8.582756583
4.585367800,8.599387604
4.585571300,8.604016968
4.585774700,8.612647989
4.585978200,8.617277354
4.586181600,8.633908374
4.586385100,8.638537739
4.586588500,8.643168760
4.586792000,8.659798124
4.586995400,8.664429145
4.587198900,8.673058509
4.587402300,8.685689530
4.587605800,8.694318895
4.587809200,8.698949915
4.588012700,8.707579280
4.588216100,8.724210301
4.588419600,8.728839665
4.588623000,8.733470686
4.588826500,8.750100050
4.589029900,8.758731071
4.589233400,8.763360436
4.589436800,8.779991456
4.589640300,8.788620821
4.589843800,8.793250185
4.590047200,8.801881206
4.590250700,8.818510571
4.590454100,8.827141591
4.590657600,8.831770956
4.590861000,8.852401977
4.591064500,8.857031341
4.591267900,8.865662362
4.591471400,8.882291726
4.591674800,8.890922747
4.591878300,8.899552112
4.592081700,8.904183132
4.592285200,8.924812497
4.592488600,8.933443518
4.592692100,8.938072882
4.592895500,8.958703903
4.593099000,8.967333267
4.593302400,8.975964288
4.593505900,8.992593653
4.593709300,9.001224673
4.593912800,9.009854038
4.594116200,9.030485059
4.594319700,9.039114423
4.594523100,9.047745444
4.594726600,9.056374808
4.594930000,9.077005829
4.595133500,9.085635194
4.595336900,9.090266214
4.595540400,9.110895579
4.595743800,9.119526600
4.595947300,9.128155964
4.596150700,9.152786985
4.596354200,9.161416349
4.596557600,9.170047370
4.596761100,9.178676735
4.596964500,9.199307755
4.597168000,9.207937120
4.597371400,9.216568141
4.597574900,9.237197505
4.597778300,9.245828526
4.597981800,9.258457890
4.598185200,9.279088911
4.598388700,9.287718276
4.598592100,9.296349296
4.598795600,9.304978661
4.598999000,9.329609682
4.599202500,9.338239046
4.599405900,9.346870067
4.599609400,9.371499431
4.599812800,9.380130452
4.600016300,9.388759817
4.600219700,9.409390837
4.600423200,9.422020202
4.600626600,9.430651223
4.600830100,9.439280587
4.601033500,9.463911608
4.601237000,9.472540972
4.601440400,9.481171993
4.601643900,9.505801358
4.601847300,9.514432378
4.602050800,9.523061743
4.602254200,9.547692764
4.602457700,9.556322128
4.602661100,9.564953149
4.602864600,9.589582513
4.603068000,9.598213534
4.603271500,9.606842899
4.603474900,9.619473919
4.603678400,9.640103284
4.603881800,9.652734305
4.604085300,9.661363669
4.604288700,9.681994690
4.604492200,9.694624054
4.604695600,9.703255075
4.604899100,9.723884440
4.605102500,9.736515460
4.605306000,9.745144825
4.605509400,9.753775846
4.605712900,9.778405210
4.605916300,9.787036231
4.606119800,9.795665595
4.606323200,9.820296616
4.606526700,9.828925981
4.606730100,9.837557001
4.606933600,9.858186366
4.607137000,9.870817387
4.607340500,9.879446751
4.607543900,9.888077772
4.607747400,9.908707136
4.607950800,9.917338157
4.608154300,9.929967522
4.608357700,9.950598542
4.608561200,9.959227907
4.608764600,9.967858928
4.608968100,9.988488292
4.609171500,9.997119313
4.609375000,10.005748677
4.609578500,10.014378042
4.609781900,10.035009063
4.609985400,10.043638427
4.610188800,10.056269448
4.610392300,10.072898812
4.610595700,10.081529833
4.610799200,10.090159198
4.611002600,10.110790218
4.611206100,10.119419583
4.611409500,10.128050604
4.611613000,10.136679968
4.611816400,10.157310989
4.612019900,10.165940353
4.612223300,10.174571374
4.612426800,10.191200739
4.612630200,10.199831759
4.612833700,10.208461124
4.613037100,10.229092145
4.613240600,10.233721509
4.613444000,10.242352530
4.613647500,10.262981894
4.613850900,10.271612915
4.614054400,10.276242280
4.614257800,10.284873300
4.614461300,10.305502665
4.614664700,10.310133686
4.614868200,10.318763050
4.615071600,10.335394071
4.615275100,10.344023435
4.615478500,10.352654456
4.615682000,10.369283821
4.615885400,10.377914841
4.616088900,10.382544206
4.616292300,10.391175227
4.616495800,10.407804591
4.616699200,10.416435612
4.616902700,10.421064976
4.617106100,10.441695997
4.617309600,10.446325362
4.617513000,10.454956382
4.617716500,10.471585747
4.617919900,10.480216768
4.618123400,10.484846132
4.618326800,10.493477153
4.618530300,10.510106517
4.618733700,10.518737538
4.618937200,10.523366903
4.619140600,10.543997923
4.619344100,10.548627288
4.619547500,10.557258309
4.619751000,10.573887673
4.619954400,10.582518694
4.620157900,10.587148058
4.620361300,10.595779079
4.620564800,10.612408444
4.620768200,10.621039464
4.620971700,10.629668829
4.621175100,10.646299850
4.621378600,10.650929214
4.621582000,10.659560235
4.621785500,10.680189599
4.621988900,10.684820620
4.622192400,10.693449985
4.622395800,10.710081005
4.622599300,10.718710370
4.622802700,10.727341391
4.623006200,10.735970755
4.623209600,10.752601776
4.623413100,10.761231140
4.623616500,10.769862161
4.623820000,10.786491526
4.624023400,10.795122546
4.624226900,10.803751911
4.624430300,10.824382932
4.624633800,10.829012296
4.624837200,10.837643317
4.625040700,10.846272681
4.625244100,10.866903702
4.625447600,10.875533067
4.625651000,10.884164087
4.625854500,10.904793452
4.626057900,10.909424473
4.626261400,10.918053837
4.626464800,10.938684858
4.626668300,10.947314222
4.626871700,10.955945243
4.627075200,10.964574608
4.627278600,10.985205628
4.627482100,10.993834993
4.627685500,11.002466014
4.627889000,11.023095378
4.628092400,11.031726399
4.628295900,11.040355763
4.628499300,11.064986784
4.628702800,11.073616149
4.628906300,11.082245513
4.629109700,11.090876534
4.629313200,11.111505898
4.629516600,11.120136919
4.629720100,11.128766284
4.629923500,11.149397304
4.630127000,11.158026669
4.630330400,11.170657690
4.630533900,11.191287054
4.630737300,11.199918075
4.630940800,11.208547439
4.631144200,11.217178460
4.631347700,11.241807825
4.631551100,11.250438845
4.631754600,11.259068210
4.631958000,11.279699231
4.632161500,11.292328595
4.632364900,11.300959616
4.632568400,11.321588980
4.632771800,11.330220001
4.632975300,11.342849366
4.633178700,11.363480386
4.633382200,11.372109751
4.633585600,11.380740772
4.633789100,11.393370136
4.633992500,11.414001157
4.634196000,11.422630521
4.634399400,11.435261542
4.634602900,11.455890907
4.634806300,11.468521927
4.635009800,11.477151292
4.635213200,11.497782313
4.635416700,11.510411677
4.635620100,11.519042698
4.635823600,11.527672062
4.636027000,11.552303083
4.636230500,11.560932448
4.636433900,11.573563468
4.636637400,11.594192833
4.636840800,11.606823854
4.637044300,11.615453218
4.637247700,11.640084239
4.637451200,11.648713603
4.637654600,11.657344624
4.637858100,11.669973989
4.638061500,11.694605009
4.638265000,11.703234374
4.638468400,11.711865395
4.638671900,11.736494759
4.638875300,11.749125780
4.639078800,11.757755144
4.639282200,11.782386165
4.639485700,11.791015530
4.639689100,11.803646550
4.639892600,11.812275915
4.640096000,11.836906936
4.640299500,11.849536300
4.640502900,11.858167321
4.640706400,11.882796685
4.640909800,11.895427706
4.641113300,11.904057071
4.641316700,11.928688091
4.641520200,11.937317456
4.641723600,11.949948477
4.641927100,11.974577841
4.642130500,11.983208862
4.642334000,11.995838226
4.642537400,12.004469247
4.642740900,12.029098612
4.642944300,12.041729632
4.643147800,12.050358997
4.643351200,12.074990018
4.643554700,12.087619382
4.643758100,12.096250403
4.643961600,12.120879767
4.644165000,12.133510788
4.644368500,12.146140153
4.644571900,12.154771173
4.644775400,12.179400538
4.644978800,12.192031559
4.645182300,12.200660923
4.645385700,12.225291944
4.645589200,12.237921308
4.645792600,12.246552329
4.645996100,12.271181694
4.646199500,12.279812714
4.646403000,12.292442079
4.646606400,12.301073100
4.646809900,12.325702464
4.647013300,12.338333485
4.647216800,12.346962849
4.647420200,12.371593870
4.647623700,12.384223235
4.647827100,12.392854255
4.648030600,12.417483620
4.648234000,12.430114641
4.648437500,12.438744005
4.648641000,12.447373370
4.648844400,12.472004390
4.649047900,12.484633755
4.649251300,12.493264776
4.649454800,12.517894140
4.649658200,12.526525161
4.649861700,12.539154525
4.650065100,12.563785546
4.650268600,12.572414911
4.650472000,12.581045931
4.650675500,12.605675296
4.650878900,12.614306317
4.651082400,12.626935681
4.651285800,12.635566702
4.651489300,12.660196066
4.651692700,12.668827087
4.651896200,12.681456452
4.652099600,12.702087472
4.652303100,12.714716837
4.652506500,12.723347858
4.652710000,12.743977222
4.652913400,12.756608243
4.653116900,12.765237607
4.653320300,12.773868628
4.653523800,12.798497993
4.653727200,12.807129013
4.653930700,12.815758378
4.654134100,12.840389399
4.654337600,12.849018763
4.654541000,12.857649784
4.654744500,12.882279148
4.654947900,12.890910169
4.655151400,12.899539534
4.655354800,12.912170554
4.655558300,12.932799919
4.655761700,12.941430940
4.655965200,12.950060304
4.656168600,12.974691325
4.656372100,12.983320689
4.656575500,12.991951710
4.656779000,13.016581075
4.656982400,13.025212095
4.657185900,13.033841460
4.657389300,13.042472481
4.657592800,13.063101845
4.657796200,13.071732866
4.657999700,13.084362230
4.658203100,13.104993251
4.658406600,13.113622616
4.658610000,13.122253636
4.658813500,13.142883001
4.659016900,13.151514022
4.659220400,13.160143386
4.659423800,13.168774407
4.659627300,13.193403771
4.659830700,13.202034792
4.660034200,13.210664157
4.660237600,13.231295177
4.660441100,13.239924542
4.660644500,13.248555563
4.660848000,13.269184927
4.661051400,13.277815948
4.661254900,13.286445312
4.661458300,13.307076333
4.661661800,13.315705698
4.661865200,13.324336718
4.662068700,13.332966083
4.662272100,13.353597104
4.662475600,13.362226468
4.662679000,13.370857489
4.662882500,13.391486853
4.663085900,13.396117874
4.663289400,13.404747239
4.663492800,13.425378259
4.663696300,13.434007624
4.663899700,13.442638645
4.664103200,13.451268009
4.664306600,13.471899030
4.664510100,13.480528394
4.664713500,13.489159415
4.664917000,13.505788780
4.665120400,13.514419800
4.665323900,13.523049165
4.665527300,13.543680186
4.665730800,13.552309550
4.665934200,13.560940571
4.666137700,13.565569935
4.666341100,13.586200956
4.666544600,13.594830321
4.666748000,13.603461341
4.666951500,13.620090706
4.667154900,13.628721727
4.667358400,13.637351091
4.667561800,13.657982112
4.667765300,13.662611476
4.667968800,13.671240841
4.668172200,13.679871862
4.668375700,13.696501226
4.668579100,13.705132247
4.668782600,13.713761611
4.668986000,13.730392632
4.669189500,13.739021997
4.669392900,13.747653017
4.669596400,13.764282382
4.669799800,13.772913403
4.670003300,13.781542767
4.670206700,13.798173788
4.670410200,13.806803152
4.670613600,13.815434173
4.670817100,13.824063538
4.671020500,13.840694558
4.671224000,13.849323923
4.671427400,13.853954944
4.671630900,13.874584308
4.671834300,13.879215329
4.672037800,13.887844693
4.672241200,13.904475714
4.672444700,13.913105079
4.672648100,13.921736099
4.672851600,13.926365464
4.673055000,13.946996485
4.673258500,13.951625849
4.673461900,13.960256870
4.673665400,13.976886234
4.673868800,13.985517255
4.674072300,13.994146620
4.674275700,14.010777640
4.674479200,14.019407005
4.674682600,14.024038026
4.674886100,14.032667390
4.675089500,14.049298411
4.675293000,14.057927775
4.675496400,14.062558796
4.675699900,14.083188161
4.675903300,14.087819181
4.676106800,14.096448546
4.676310200,14.113079567
4.676513700,14.121708931
4.676717100,14.126339952
4.676920600,14.134969316
4.677124000,14.151600337
4.677327500,14.160229702
4.677530900,14.168860722
4.677734400,14.185490087
4.677937800,14.190121108
4.678141300,14.198750472
4.678344700,14.215381493
4.678548200,14.224010857
4.678751600,14.232641878
4.678955100,14.237271243
4.679158500,14.253902263
4.679362000,14.262531628
4.679565400,14.271162649
4.679768900,14.287792013
4.679972300,14.296423034
4.680175800,14.301052398
4.680379200,14.321683419
4.680582700,14.326312784
4.680786100,14.334943804
4.680989600,14.351573169
4.681193000,14.360204190
4.681396500,14.368833554
4.681599900,14.373464575
4.681803400,14.394093939
4.682006800,14.398724960
4.682210300,14.407354325
4.682413700,14.423985345
4.682617200,14.432614710
4.682820600,14.441245731
4.683024100,14.457875095
4.683227500,14.466506116
4.683431000,14.471135480
4.683634400,14.479766501
4.683837900,14.496395866
4.684041300,14.505026886
4.684244800,14.513656251
4.684448200,14.530287272
4.684651700,14.538916636
4.684855100,14.547547657
4.685058600,14.564177021
4.685262000,14.572808042
4.685465500,14.577437407
4.685668900,14.586068427
4.685872400,14.606697792
4.686075800,14.611328813
4.686279300,14.619958177
4.686482700,14.636589198
4.686686200,14.645218562
4.686889600,14.653849583
4.687093100,14.670478948
4.687296500,14.679109968
4.687500000,14.687739333
4.687703500,14.696368697
4.687906900,14.712999718
4.688110400,14.721629083
4.688313800,14.726260103
4.688517300,14.746889468
4.688720700,14.755520489
4.688924200,14.760149853
4.689127600,14.780780874
4.689331100,14.789410238
4.689534500,14.794041259
4.689738000,14.814670624
4.689941400,14.823301644
4.690144900,14.827931009
4.690348300,14.836562030
4.690551800,14.857191394
4.690755200,14.861822415
4.690958700,14.870451779
4.691162100,14.891082800
4.691365600,14.895712165
4.691569000,14.904343185
4.691772500,14.924972550
4.691975900,14.929603571
4.692179400,14.938232935
4.692382800,14.946863956
4.692586300,14.963493320
4.692789700,14.972124341
4.692993200,14.980753706
4.693196600,14.997384726
4.693400100,15.006014091
4.693603500,15.014645112
4.693807000,15.031274476
4.694010400,15.039905497
4.694213900,15.048534861
4.694417300,15.057165882
4.694620800,15.073795247
4.694824200,15.082426267
4.695027700,15.091055632
4.695231100,15.107686653
4.695434600,15.116316017
4.695638000,15.124947038
4.695841500,15.141576402
4.696044900,15.150207423
4.696248400,15.158836788
4.696451800,15.167467808
4.696655300,15.184097173
4.696858700,15.192728194
4.697062200,15.201357558
4.697265600,15.217988579
4.697469100,15.226617943
4.697672500,15.235248964
4.697876000,15.251878329
4.698079400,15.260509349
4.698282900,15.269138714
4.698486300,15.285769735
4.698689800,15.294399099
4.698893200,15.303030120
4.699096700,15.311659484
4.699300100,15.328290505
4.699503600,15.336919870
4.699707000,15.345550890
4.699910500,15.362180255
4.700113900,15.370811276
4.700317400,15.379440640
4.700520800,15.396071661
4.700724300,15.404701025
4.700927700,15.413332046
4.701131200,15.421961411
4.701334600,15.438592431
4.701538100,15.447221796
4.701741500,15.455852817
4.701945000,15.476482181
4.702148400,15.485113202
4.702351900,15.489742566
4.702555300,15.510373587
4.702758800,15.519002952
4.702962200,15.527633972
4.703165700,15.536263337
4.703369100,15.552894358
4.703572600,15.561523722
4.703776000,15.570154743
4.703979500,15.590784107
4.704182900,15.595415128
4.704386400,15.604044493
4.704589800,15.624675513
4.704793300,15.633304878
4.704996700,15.641935899
4.705200200,15.650565263
4.705403600,15.667196284
4.705607100,15.675825648
4.705810500,15.684456669
4.706014000,15.705086034
4.706217400,15.713717054
4.706420900,15.722346419
4.706624300,15.742977440
4.706827800,15.751606804
4.707031300,15.756236169
4.707234700,15.764867189
4.707438200,15.785496554
4.707641600,15.794127575
4.707845100,15.802756939
4.708048500,15.823387960
4.708252000,15.832017324
4.708455400,15.840648345
4.708658900,15.861277710
4.708862300,15.869908730
4.709065800,15.878538095
4.709269200,15.899169116
4.709472700,15.907798480
4.709676100,15.916429501
4.709879600,15.925058865
4.710083000,15.945689886
4.710286500,15.954319251
4.710489900,15.962950271
4.710693400,15.983579636
4.710896800,15.992210657
4.711100300,16.000840021
4.711303700,16.021471042
4.711507200,16.030100406
4.711710600,16.038731427
4.711914100,16.047360792
4.712117500,16.067991812
4.712321000,16.080621177
4.712524400,16.089252198
4.712727900,16.109881562
4.712931300,16.118512583
4.713134800,16.127141947
4.713338200,16.147772968
4.713541700,16.156402333
4.713745100,16.165033353
4.713948600,16.177662718
4.714152000,16.198293739
4.714355500,16.206923103
4.714558900,16.215554124
4.714762400,16.236183488
4.714965800,16.244814509
4.715169300,16.257443874
4.715372700,16.278074894
4.715576200,16.286704259
4.715779600,16.295335280
4.715983100,16.303964644
4.716186500,16.328595665
4.716390000,16.337225029
4.716593400,16.345856050
4.716796900,16.366485415
4.717000300,16.375116435
4.717203800,16.387745800
4.717407200,16.408376821
4.717610700,16.417006185
4.717814100,16.425637206
4.718017600,16.450266570
4.718221000,16.458897591
4.718424500,16.467526956
4.718627900,16.476157976
4.718831400,16.500787341
4.719034800,16.509418362
4.719238300,16.518047726
4.719441700,16.542678747
4.719645200,16.551308111
4.719848600,16.559939132
4.720052100,16.584568497
4.720255500,16.593199517
4.720459000,16.601828882
4.720662400,16.610459903
4.720865900,16.635089267
4.721069300,16.643720288
4.721272800,16.652349652
4.721476200,16.676980673
4.721679700,16.685610038
4.721883100,16.694241058
4.722086600,16.714870423
4.722290000,16.727501444
4.722493500,16.736130808
4.722696900,16.744761829
4.722900400,16.769391193
4.723103800,16.778022214
4.723307300,16.786651579
4.723510700,16.811282600
4.723714200,16.819911964
4.723917600,16.828542985
4.724121100,16.853172349
4.724324500,16.861803370
4.724528000,16.870432734
4.724731400,16.879063755
4.724934900,16.903693120
4.725138300,16.912324141
4.725341800,16.920953505
4.725545200,16.945584526
4.725748700,16.954213890
4.725952100,16.962844911
4.726155600,16.987474275
4.726359000,16.996105296
4.726562500,17.004734661
4.726766000,17.013364025
4.726969400,17.037995046
4.727172900,17.046624410
4.727376300,17.055255431
4.727579800,17.079884796
4.727783200,17.088515816
4.727986700,17.097145181
4.728190100,17.121776202
4.728393600,17.130405566
4.728597000,17.139036587
4.728800500,17.159665951
4.729003900,17.172296972
4.729207400,17.180926337
4.729410800,17.189557357
4.729614300,17.210186722
4.729817700,17.222817743
4.730021200,17.231447107
4.730224600,17.252078128
4.730428100,17.260707492
4.730631500,17.273338513
4.730835000,17.293967878
4.731038400,17.302598898
4.731241900,17.311228263
4.731445300,17.323859284
4.731648800,17.344488648
4.731852200,17.353119669
4.732055700,17.361749033
4.732259100,17.386380054
4.732462600,17.395009419
4.732666000,17.403640439
4.732869500,17.428269804
4.733072900,17.436900825
4.733276400,17.445530189
4.733479800,17.454161210
4.733683300,17.474790574
4.733886700,17.487421595
4.734090200,17.496050960
4.734293600,17.516681980
4.734497100,17.525311345
4.734700500,17.533942366
4.734904000,17.558571730
4.735107400,17.567202751
4.735310900,17.575832115
4.735514300,17.584463136
4.735717800,17.605092501
4.735921200,17.613723521
4.736124700,17.626352886
4.736328100,17.646983907
4.736531600,17.655613271
4.736735000,17.664244292
4.736938500,17.684873656
4.737141900,17.693504677
4.737345400,17.706134042
4.737548800,17.726765062
4.737752300,17.735394427
4.737955700,17.744025448
4.738159200,17.752654812
4.738362600,17.773285833
4.738566100,17.781915197
4.738769500,17.790546218
4.738973000,17.815175583
4.739176400,17.823806604
4.739379900,17.832435968
4.739583300,17.853066989
4.739786800,17.861696353
4.739990200,17.870327374
4.740193700,17.878956738
4.740397100,17.899587759
4.740600600,17.908217124
4.740804000,17.916848145
4.741007500,17.937477509
4.741210900,17.946108530
4.741414400,17.954737894
4.741617800,17.975368915
4.741821300,17.983998279
4.742024700,17.992629300
4.742228200,18.001258665
4.742431600,18.025889686
4.742635100,18.034519050
4.742838500,18.043150071
4.743042000,18.063779435
4.743245400,18.068410456
4.743448900,18.077039820
4.743652300,18.097670841
4.743855800,18.106300206
4.744059200,18.114931227
4.744262700,18.123560591
4.744466100,18.144191612
4.744669600,18.152820976
4.744873000,18.161451997
4.745076500,18.182081361
4.745279900,18.190712382
4.745483400,18.199341747
4.745686800,18.219972768
4.745890300,18.228602132
4.746093800,18.237231496
4.746297200,18.257862517
4.746500700,18.266491882
4.746704100,18.275122902
4.746907600,18.279752267
4.747111000,18.300383288
4.747314500,18.309012652
4.747517900,18.317643673
4.747721400,18.338273037
4.747924800,18.346904058
4.748128300,18.355533423
4.748331700,18.376164443
4.748535200,18.384793808
4.748738600,18.389424829
4.748942100,18.398054193
4.749145500,18.418685214
4.749349000,18.427314578
4.749552400,18.435945599
4.749755900,18.456574964
4.749959300,18.465205984
4.750162800,18.473835349
4.750366200,18.490466370
4.750569700,18.499095734
4.750773100,18.507726755
4.750976600,18.516356119
4.751180000,18.536987140
4.751383500,18.545616505
4.751586900,18.554247525
4.751790400,18.570876890
4.751993800,18.579507911
4.752197300,18.588137275
4.752400700,18.608768296
4.752604200,18.617397660
4.752807600,18.626028681
4.753011100,18.634658046
4.753214500,18.651289066
4.753418000,18.659918431
4.753621400,18.668549452
4.753824900,18.689178816
4.754028300,18.697809837
4.754231800,18.706439201
4.754435200,18.727070222
4.754638700,18.731699587
4.754842100,18.740330608
4.755045600,18.748959972
4.755249000,18.769590993
4.755452500,18.778220357
4.755655900,18.786851378
4.755859400,18.807480742
4.756062800,18.812111763
4.756266300,18.820741128
4.756469700,18.841372149
4.756673200,18.850001513
4.756876600,18.858632534
4.757080100,18.879261898
4.757283500,18.887892919
4.757487000,18.892522283
4.757690400,18.901153304
4.757893900,18.921782669
4.758097300,18.930413690
4.758300800,18.939043054
4.758504200,18.959674075
4.758707700,18.964303439
4.758911100,18.972934460
4.759114600,18.993563824
4.759318000,19.002194845
4.759521500,19.010824210
4.759724900,19.019455231
4.759928400,19.036084595
4.760131800,19.044715616
4.760335300,19.053344980
4.760538700,19.073976001
4.760742200,19.082605365
4.760945600,19.087236386
4.761149100,19.107865751
4.761352500,19.116496772
4.761556000,19.125126136
4.761759400,19.133757157
4.761962900,19.150386521
4.762166300,19.159017542
4.762369800,19.167646906
4.762573200,19.188277927
4.762776700,19.196907292
4.762980100,19.201538313
4.763183600,19.222167677
4.763387000,19.230798698
4.763590500,19.239428062
4.763793900,19.244059083
4.763997400,19.264688447
4.764200800,19.273319468
4.764404300,19.281948833
4.764607700,19.298579854
4.764811200,19.307209218
4.765014600,19.315840239
4.765218100,19.332469603
4.765421500,19.341100624
4.765625000,19.349729988
4.765828500,19.366359353
4.766031900,19.374990374
4.766235400,19.383619738
4.766438800,19.392250759
4.766642300,19.408880123
4.766845700,19.417511144
4.767049200,19.426140509
4.767252600,19.442771529
4.767456100,19.451400894
4.767659500,19.460031915
4.767863000,19.476661279
4.768066400,19.485292300
4.768269900,19.493921664
4.768473300,19.502552685
4.768676800,19.519182050
4.768880200,19.527813070
4.769083700,19.536442435
4.769287100,19.553073456
4.769490600,19.561702820
4.769694000,19.570333841
4.769897500,19.586963205
4.770100900,19.595594226
4.770304400,19.600223591
4.770507800,19.608854612
4.770711300,19.629483976
4.770914700,19.634114997
4.771118200,19.642744361
4.771321600,19.659375382
4.771525100,19.668004746
4.771728500,19.676635767
4.771932000,19.693265132
4.772135400,19.701896153
4.772338900,19.710525517
4.772542300,19.715156538
4.772745800,19.735785902
4.772949200,19.744416923
4.773152700,19.749046287
4.773356100,19.769677308
4.773559600,19.774306673
4.773763000,19.782937694
4.773966500,19.799567058
4.774169900,19.808198079
4.774373400,19.816827443
4.774576800,19.833458464
4.774780300,19.842087828
4.774983700,19.850718849
4.775187200,19.855348214
4.775390600,19.875979235
4.775594100,19.880608599
4.775797500,19.889239620
4.776001000,19.905868984
4.776204400,19.914500005
4.776407900,19.923129369
4.776611300,19.939760390
4.776814800,19.948389755
4.777018200,19.953020776
4.777221700,19.961650140
4.777425100,19.978281161
4.777628600,19.986910525
4.777832000,19.995541546
4.778035500,20.012170910
4.778238900,20.020801931
4.778442400,20.025431296
4.778645800,20.046062317
4.778849300,20.050691681
4.779052700,20.059322702
4.779256200,20.067952066
4.779459600,20.084583087
4.779663100,20.093212451
4.779866500,20.097843472
4.780070000,20.118472837
4.780273400,20.123103858
4.780476900,20.131733222
4.780680300,20.148364243
4.780883800,20.156993607
4.781087200,20.161624628
4.781290700,20.170253992
4.781494100,20.186885013
4.781697600,20.195514378
4.781901000,20.204145399
4.782104500,20.220774763
4.782307900,20.229405784
4.782511400,20.234035148
4.782714800,20.250666169
4.782918300,20.259295533
4.783121700,20.267926554
4.783325200,20.272555919
4.783528600,20.293186940
4.783732100,20.297816304
4.783935500,20.306447325
4.784139000,20.323076689
4.784342400,20.331707710
4.784545900,20.336337074
4.784749300,20.352968095
4.784952800,20.361597460
4.785156300,20.370226824
4.785359700,20.386857845
4.785563200,20.391487209
4.785766600,20.400118230
4.785970100,20.408747595
4.786173500,20.425378616
4.786377000,20.430007980
4.786580400,20.438639001
4.786783900,20.455268365
4.786987300,20.463899386
4.787190800,20.468528750
4.787394200,20.485159771
4.787597700,20.493789136
4.787801100,20.502420157
4.788004600,20.507049521
4.788208000,20.523680542
4.788411500,20.532309906
4.788614900,20.536940927
4.788818400,20.553570291
4.789021800,20.562201312
4.789225300,20.570830677
4.789428700,20.587461698
4.789632200,20.592091062
4.789835600,20.600722083
4.790039100,20.605351447
4.790242500,20.621982468
4.790446000,20.630611832
4.790649400,20.635242853
4.790852900,20.651872218
4.791056300,20.660503239
4.791259800,20.669132603
4.791463200,20.685763624
4.791666700,20.690392988
4.791870100,20.699024009
4.792073600,20.703653373
4.792277000,20.720284394
4.792480500,20.728913759
4.792683900,20.733544780
4.792887400,20.750174144
4.793090800,20.758805165
4.793294300,20.763434529
4.793497700,20.780065550
4.793701200,20.788694914
4.793904600,20.793325935
4.794108100,20.809955300
4.794311500,20.818586321
4.794515000,20.823215685
4.794718400,20.831846706
4.794921900,20.848476070
4.795125300,20.853107091
4.795328800,20.861736455
4.795532200,20.878367476
4.795735700,20.882996841
4.795939100,20.891627862
4.796142600,20.908257226
4.796346000,20.912888247
4.796549500,20.921517611
4.796752900,20.926148632
4.796956400,20.942777996
4.797159800,20.951409017
4.797363300,20.956038382
4.797566700,20.972669403
4.797770200,20.981298767
4.797973600,20.985929788
4.798177100,21.002559152
4.798380500,21.011190173
4.798584000,21.015819537
4.798787400,21.020450558
4.798990900,21.037079923
4.799194300,21.045710944
4.799397800,21.050340308
4.799601200,21.066971329
4.799804700,21.075600693
4.800008100,21.080231714
4.800211600,21.096861078
4.800415000,21.105492099
4.800618500,21.110121464
4.800821900,21.118752485
4.801025400,21.135381849
4.801228800,21.140012870
4.801432300,21.148642234
4.801635700,21.165273255
4.801839200,21.169902620
4.802042600,21.174533640
4.802246100,21.191163005
4.802449500,21.199794026
4.802653000,21.204423390
4.802856400,21.213054411
4.803059900,21.229683775
4.803263300,21.234314796
4.803466800,21.242944161
4.803670200,21.255575181
4.803873700,21.264204546
4.804077100,21.268835567
4.804280600,21.285464931
4.804484000,21.294095952
4.804687500,21.298725316
4.804891000,21.315354681
4.805094400,21.319985702
4.805297900,21.328615066
4.805501300,21.333246087
4.805704800,21.349875451
4.805908200,21.354506472
4.806111700,21.363135836
4.806315100,21.375766857
4.806518600,21.384396222
4.806722000,21.389027243
4.806925500,21.405656607
4.807128900,21.410287628
4.807332400,21.418916992
4.807535800,21.423548013
4.807739300,21.440177377
4.807942700,21.444808398
4.808146200,21.453437763
4.808349600,21.466068784
4.808553100,21.474698148
4.808756500,21.479329169
4.808960000,21.495958533
4.809163400,21.500589554
4.809366900,21.505218918
4.809570300,21.513849939
4.809773800,21.526479304
4.809977200,21.535110325
4.810180700,21.539739689
4.810384100,21.556370710
4.810587600,21.561000074
4.810791000,21.565631095
4.810994500,21.582260459
4.811197900,21.586891480
4.811401400,21.591520845
4.811604800,21.600151866
4.811808300,21.612781230
4.812011700,21.621412251
4.812215200,21.626041615
4.812418600,21.638672636
4.812622100,21.647302000
4.812825500,21.651933021
4.813029000,21.668562386
4.813232400,21.673193407
4.813435900,21.677822771
4.813639300,21.694453792
4.813842800,21.699083156
4.814046200,21.703714177
4.814249700,21.708343541
4.814453100,21.724974562
4.814656600,21.729603927
4.814860000,21.734234948
4.815063500,21.750864312
4.815266900,21.755495333
4.815470400,21.760124697
4.815673800,21.776755718
4.815877300,21.781385082
4.816080700,21.786016103
4.816284200,21.794645468
4.816487600,21.807276489
4.816691100,21.811905853
4.816894500,21.820536874
4.817098000,21.833166238
4.817301400,21.837797259
4.817504900,21.846426624
4.817708300,21.859057644
4.817911800,21.863687009
4.818115200,21.868318030
4.818318700,21.876947394
4.818522100,21.889578415
4.818725600,21.894207779
4.818929000,21.902838800
4.819132500,21.915468165
4.819335900,21.920099185
4.819539400,21.924728550
4.819742800,21.941359571
4.819946300,21.945988935
4.820149700,21.950619956
4.820353200,21.955249320
4.820556600,21.971880341
4.820760100,21.976509706
4.820963500,21.981140726
4.821167000,21.997770091
4.821370400,22.002401112
4.821573900,22.007030476
4.821777300,22.023661497
4.821980800,22.028290861
4.822184200,22.032921882
4.822387700,22.045551247
4.822591100,22.054182267
4.822794600,22.058811632
4.822998000,22.063442653
4.823201500,22.076072017
4.823404900,22.080703038
4.823608400,22.089332402
4.823811800,22.101963423
4.824015300,22.106592788
4.824218700,22.111223808
4.824422200,22.127853173
4.824625700,22.132482537
4.824829100,22.137113558
4.825032600,22.141742922
4.825236000,22.158373943
4.825439500,22.163003308
4.825642900,22.167634329
4.825846400,22.180263693
4.826049800,22.188894714
4.826253300,22.193524078
4.826456700,22.206155099
4.826660200,22.210784463
4.826863600,22.215415484
4.827067100,22.224044849
4.827270500,22.236675870
4.827474000,22.241305234
4.827677400,22.245936255
4.827880900,22.262565619
4.828084300,22.267196640
4.828287800,22.271826004
4.828491200,22.284457025
4.828694700,22.289086390
4.828898100,22.297717411
4.829101600,22.302346775
4.829305000,22.314977796
4.829508500,22.319607160
4.829711900,22.324238181
4.829915400,22.340867545
4.830118800,22.345498566
4.830322300,22.350127931
4.830525700,22.362758952
4.830729200,22.367388316
4.830932600,22.376019337
4.831136100,22.380648701
4.831339500,22.393279722
4.831543000,22.397909086
4.831746400,22.402540107
4.831949900,22.419169472
4.832153300,22.423800493
4.832356800,22.428429857
4.832560200,22.441060878
4.832763700,22.445690242
4.832967100,22.454321263
4.833170600,22.466950628
4.833374000,22.471581648
4.833577500,22.476211013
4.833780900,22.480842034
4.833984400,22.497471398
4.834187800,22.502102419
4.834391300,22.506731783
4.834594700,22.519362804
4.834798200,22.527992169
4.835001600,22.532623189
4.835205100,22.545252554
4.835408500,22.549883575
4.835612000,22.554512939
4.835815400,22.563143960
4.836018900,22.575773324
4.836222300,22.580404345
4.836425800,22.585033710
4.836629200,22.601664730
4.836832700,22.606294095
4.837036100,22.610925116
4.837239600,22.623554480
4.837443000,22.632185501
4.837646500,22.636814865
4.837849900,22.641445886
4.838053400,22.658075251
4.838256800,22.662706271
4.838460300,22.667335636
4.838663700,22.679966657
4.838867200,22.688596021
4.839070600,22.693227042
4.839274100,22.705856406
4.839477500,22.714487427
4.839681000,22.719116792
4.839884400,22.723747812
4.840087900,22.740377177
4.840291300,22.745008198
4.840494800,22.749637562
4.840698200,22.766268583
4.840901700,22.770897947
4.841105100,22.775528968
4.841308600,22.792158333
4.841512000,22.796789353
4.841715500,22.801418718
4.841918900,22.818049739
4.842122400,22.822679103
4.842325800,22.831310124
4.842529300,22.835939488
4.842732700,22.852570509
4.842936200,22.857199874
4.843139600,22.861830894
4.843343100,22.878460259
4.843546500,22.883091280
4.843750000,22.887720644
4.843953500,22.904350008
4.844156900,22.908981029
4.844360400,22.917610394
4.844563800,22.922241415
4.844767300,22.938870779
4.844970700,22.943501800
4.845174200,22.952131164
4.845377600,22.964762185
4.845581100,22.973391549
4.845784500,22.978022570
4.845988000,22.994651935
4.846191400,22.999282956
4.846394900,23.007912320
4.846598300,23.012543341
4.846801800,23.029172705
4.847005200,23.033803726
4.847208700,23.038433090
4.847412100,23.055064111
4.847615600,23.063693476
4.847819000,23.068324497
4.848022500,23.084953861
4.848225900,23.089584882
4.848429400,23.098214246
4.848632800,23.102845267
4.848836300,23.119474631
4.849039700,23.124105652
4.849243200,23.132735017
4.849446600,23.145366038
4.849650100,23.153995402
4.849853500,23.158626423
4.850057000,23.175255787
4.850260400,23.179886808
4.850463900,23.188516173
4.850667300,23.193147193
4.850870800,23.209776558
4.851074200,23.214407579
4.851277700,23.223036943
4.851481100,23.235667964
4.851684600,23.244297328
4.851888000,23.248928349
4.852091500,23.265557714
4.852294900,23.270188734
4.852498400,23.278818099
4.852701800,23.295449120
4.852905300,23.300078484
4.853108700,23.304709505
4.853312200,23.313338869
4.853515600,23.325969890
4.853719100,23.334599255
4.853922500,23.339230275
4.854126000,23.355859640
4.854329400,23.360490661
4.854532900,23.369120025
4.854736300,23.381751046
4.854939800,23.390380410
4.855143200,23.395011431
4.855346700,23.399640796
4.855550100,23.416271816
4.855753600,23.420901181
4.855957000,23.429532202
4.856160500,23.442161566
4.856363900,23.450792587
4.856567400,23.455421951
4.856770800,23.472052972
4.856974300,23.476682337
4.857177700,23.481313357
4.857381200,23.489942722
4.857584600,23.502573743
4.857788100,23.507203107
4.857991500,23.515834128
4.858195000,23.528463492
4.858398400,23.537094513
4.858601900,23.541723878
4.858805300,23.558354898
4.859008800,23.562984263
4.859212200,23.567615284
4.859415700,23.572244648
4.859619100,23.588875669
4.859822600,23.593505033
4.860026000,23.602136054
4.860229500,23.614765419
4.860432900,23.619396439
4.860636400,23.628025804
4.860839800,23.640656825
4.861043300,23.649286189
4.861246700,23.653917210
4.861450200,23.666546574
4.861653600,23.675177595
4.861857100,23.679806960
4.862060500,23.684437980
4.862264000,23.701067345
4.862467400,23.705698366
4.862670900,23.710327730
4.862874300,23.726958751
4.863077800,23.731588115
4.863281200,23.736219136
4.863484700,23.752848501
4.863688200,23.757477865
4.863891600,23.762108886
4.864095100,23.766738250
4.864298500,23.783369271
4.864502000,23.787998635
4.864705400,23.792629656
4.864908900,23.805259021
4.865112300,23.813890042
4.865315800,23.818519406
4.865519200,23.831150427
4.865722700,23.835779791
4.865926100,23.840410812
4.866129600,23.845040177
4.866333000,23.861671197
4.866536500,23.866300562
4.866739900,23.870931583
4.866943400,23.883560947
4.867146800,23.888191968
4.867350300,23.892821332
4.867553700,23.909452353
4.867757200,23.914081718
4.867960600,23.918712738
4.868164100,23.923342103
4.868367500,23.935973124
4.868571000,23.940602488
4.868774400,23.945233509
4.868977900,23.957862873
4.869181300,23.962493894
4.869384800,23.967123259
4.869588200,23.979754279
4.869791700,23.984383644
4.869995100,23.989014665
4.870198600,24.001644029
4.870402000,24.006275050
4.870605500,24.010904414
4.870808900,24.015535435
4.871012400,24.024164800
4.871215800,24.028795820
4.871419300,24.033425185
4.871622700,24.046056206
4.871826200,24.050685570
4.872029600,24.055316591
4.872233100,24.063945955
4.872436500,24.068576976
4.872640000,24.073206341
4.872843400,24.077837361
4.873046900,24.090466726
4.873250300,24.091097747
4.873453800,24.095727111
4.873657200,24.108358132
4.873860700,24.112987496
4.874064100,24.113618517
4.874267600,24.126247882
4.874471000,24.130878902
4.874674500,24.131508267
4.874877900,24.136139288
4.875081400,24.148768652
4.875284800,24.153399673
4.875488300,24.154029037
4.875691700,24.166660058
4.875895200,24.171289423
4.876098600,24.171920443
4.876302100,24.184549808
4.876505500,24.189180829
4.876709000,24.189810193
4.876912400,24.194441214
4.877115900,24.207070578
4.877319300,24.207701599
4.877522800,24.212330964
4.877726200,24.224961984
4.877929700,24.225591349
4.878133100,24.230222370
4.878336600,24.242851734
4.878540000,24.243482755
4.878743500,24.248112119
4.878946900,24.252743140
4.879150400,24.261372505
4.879353800,24.266003525
4.879557300,24.270632890
4.879760700,24.283263911
4.879964200,24.283893275
4.880167600,24.288524296
4.880371100,24.301153660
4.880574500,24.305784681
4.880778000,24.306414046
4.880981400,24.319045066
4.881184900,24.323674431
4.881388300,24.328305452
4.881591800,24.328934816
4.881795200,24.341565837
4.881998700,24.346195201
4.882202100,24.350826222
4.882405600,24.359455587
4.882609000,24.364086607
4.882812500,24.368715972
4.883016000,24.381345336
4.883219400,24.385976357
4.883422900,24.390605722
4.883626300,24.391236742
4.883829800,24.403866107
4.884033200,24.408497128
4.884236700,24.413126492
4.884440100,24.425757513
4.884643600,24.430386877
4.884847000,24.435017898
4.885050500,24.447647263
4.885253900,24.452278283
4.885457400,24.452907648
4.885660800,24.457538669
4.885864300,24.470168033
4.886067700,24.474799054
4.886271200,24.479428418
4.886474600,24.492059439
4.886678100,24.496688804
4.886881500,24.501319824
4.887085000,24.513949189
4.887288400,24.518580210
4.887491900,24.523209574
4.887695300,24.527840595
4.887898800,24.540469959
4.888102200,24.545100980
4.888305700,24.549730345
4.888509100,24.562361365
4.888712600,24.566990730
4.888916000,24.571621751
4.889119500,24.584251115
4.889322900,24.588882136
4.889526400,24.593511500
4.889729800,24.610142521
4.889933300,24.614771886
4.890136700,24.619402906
4.890340200,24.624032271
4.890543600,24.636663292
4.890747100,24.641292656
4.890950500,24.645923677
4.891154000,24.658553041
4.891357400,24.663184062
4.891560900,24.667813427
4.891764300,24.680444447
4.891967800,24.685073812
4.892171200,24.689704833
4.892374700,24.694334197
4.892578100,24.710965218
4.892781600,24.715594582
4.892985000,24.720225603
4.893188500,24.732854968
4.893391900,24.737485988
4.893595400,24.742115353
4.893798800,24.754746374
4.894002300,24.759375738
4.894205700,24.764006759
4.894409200,24.768636123
4.894612600,24.781267144
4.894816100,24.785896509
4.895019500,24.790527529
4.895223000,24.807156894
4.895426400,24.811787915
4.895629900,24.816417279
4.895833300,24.829048300
4.896036800,24.833677664
4.896240200,24.838308685
4.896443700,24.842938050
4.896647100,24.855569070
4.896850600,24.860198435
4.897054000,24.864829456
4.897257500,24.877458820
4.897460900,24.882089841
4.897664400,24.886719205
4.897867800,24.899350226
4.898071300,24.907979591
4.898274700,24.912610611
4.898478200,24.917239976
4.898681600,24.929870997
4.898885100,24.934500361
4.899088500,24.939131382
4.899292000,24.951760746
4.899495400,24.956391767
4.899698900,24.961021132
4.899902300,24.973652152
4.900105800,24.978281517
4.900309200,24.982912538
4.900512700,24.995541902
4.900716100,25.000172923
4.900919600,25.004802287
4.901123000,25.009433308
4.901326500,25.022062673
4.901529900,25.026693693
4.901733400,25.031323058
4.901936800,25.043954079
4.902140300,25.048583443
4.902343700,25.053214464
4.902547200,25.065843828
4.902750700,25.070473193
4.902954100,25.075104214
4.903157600,25.079733578
4.903361000,25.092364599
4.903564500,25.096993963
4.903767900,25.101624984
4.903971400,25.114254349
4.904174800,25.118885369
4.904378300,25.123514734
4.904581700,25.136145755
4.904785200,25.144775119
4.904988600,25.149406140
4.905192100,25.154035504
4.905395500,25.166666525
4.905599000,25.171295890
4.905802400,25.175926910
4.906005900,25.188556275
4.906209300,25.193187296
4.906412800,25.197816660
4.906616200,25.210447681
4.906819700,25.215077045
4.907023100,25.219708066
4.907226600,25.224337431
4.907430000,25.236968451
4.907633500,25.241597816
4.907836900,25.246228837
4.908040400,25.258858201
4.908243800,25.263489222
4.908447300,25.268118586
4.908650700,25.280749607
4.908854200,25.285378972
4.909057600,25.290009992
4.909261100,25.302639357
4.909464500,25.311270378
4.909668000,25.315899742
4.909871400,25.320530763
4.910074900,25.333160127
4.910278300,25.337791148
4.910481800,25.342420513
4.910685200,25.355051533
4.910888700,25.363680898
4.911092100,25.368311919
4.911295600,25.380941283
4.911499000,25.385572304
4.911702500,25.390201668
4.911905900,25.394832689
4.912109400,25.411462054
4.912312800,25.416093074
4.912516300,25.420722439
4.912719700,25.433353460
4.912923200,25.441982824
4.913126600,25.446613845
4.913330100,25.459243209
4.913533500,25.463874230
4.913737000,25.472503595
4.913940400,25.477134615
4.914143900,25.489763980
4.914347300,25.498395001
4.914550800,25.503024365
4.914754200,25.515655386
4.914957700,25.520284750
4.915161100,25.528915771
4.915364600,25.541545136
4.915568000,25.546176156
4.915771500,25.554805521
4.915974900,25.559436542
4.916178400,25.572065906
4.916381800,25.580696927
4.916585300,25.585326291
4.916788700,25.597957312
4.916992200,25.606586677
4.917195600,25.611217697
4.917399100,25.623847062
4.917602500,25.632478083
4.917806000,25.637107447
4.918009400,25.649738468
4.918212900,25.654367832
4.918416300,25.662998853
4.918619800,25.667628218
4.918823200,25.680259238
4.919026700,25.684888603
4.919230100,25.689519624
4.919433600,25.706148988
4.919637000,25.710780009
4.919840500,25.715409373
4.920043900,25.728040394
4.920247400,25.732669759
4.920450800,25.741300779
4.920654300,25.745930144
4.920857700,25.758561165
4.921061200,25.763190529
4.921264600,25.767821550
4.921468100,25.780450914
4.921671500,25.785081935
4.921875000,25.789711300
4.922078500,25.802340664
4.922281900,25.806971685
4.922485400,25.811601049
4.922688800,25.816232070
4.922892300,25.828861435
4.923095700,25.833492455
4.923299200,25.838121820
4.923502600,25.850752841
4.923706100,25.855382205
4.923909500,25.860013226
4.924113000,25.872642590
4.924316400,25.873273611
4.924519900,25.877902976
4.924723300,25.882533996
4.924926800,25.895163361
4.925130200,25.899794382
4.925333700,25.904423746
4.925537100,25.913054767
4.925740600,25.917684131
4.925944000,25.922315152
4.926147500,25.930944517
4.926350900,25.935575537
4.926554400,25.940204902
4.926757800,25.944835923
4.926961300,25.953465287
4.927164700,25.958096308
4.927368200,25.962725672
4.927571600,25.971356693
4.927775100,25.975986058
4.927978500,25.980617078
4.928182000,25.989246443
4.928385400,25.993877464
4.928588900,25.994506828
4.928792300,26.007137849
4.928995800,26.007767213
4.929199200,26.012398234
4.929402700,26.017027599
4.929606100,26.025658619
4.929809600,26.030287984
4.930013000,26.034919005
4.930216500,26.043548369
4.930419900,26.044179390
4.930623400,26.048808754
4.930826800,26.057439775
4.931030300,26.062069140
4.931233700,26.066700160
4.931437200,26.067329525
4.931640600,26.079960546
4.931844100,26.080589910
4.932047500,26.085220931
4.932251000,26.093850295
4.932454400,26.098481316
4.932657900,26.099110681
4.932861300,26.107741701
4.933064800,26.112371066
4.933268200,26.117002087
4.933471700,26.117631451
4.933675100,26.126262472
4.933878600,26.130891836
4.934082000,26.135522857
4.934285500,26.144152222
4.934488900,26.144783242
4.934692400,26.149412607
4.934895800,26.158043628
4.935099300,26.162672992
4.935302700,26.163304013
4.935506200,26.167933377
4.935709600,26.176564398
4.935913100,26.177193763
4.936116500,26.181824783
4.936320000,26.190454148
4.936523400,26.191085169
4.936726900,26.195714533
4.936930300,26.204345554
4.937133800,26.204974918
4.937337200,26.209605939
4.937540700,26.218235304
4.937744100,26.218866324
4.937947600,26.223495689
4.938151000,26.224126710
4.938354500,26.232756074
4.938557900,26.237387095
4.938761400,26.238016459
4.938964800,26.246647480
4.939168300,26.247276845
4.939371700,26.251907865
4.939575200,26.260537230
4.939778600,26.261168251
4.939982100,26.261797615
4.940185500,26.266428636
4.940389000,26.271058000
4.940592400,26.275689021
4.940795900,26.276318386
4.940999300,26.284949406
4.941202800,26.285578771
4.941406200,26.286209792
4.941609700,26.294839156
4.941813200,26.295468521
4.942016600,26.300099541
4.942220100,26.300728906
4.942423500,26.305359927
4.942627000,26.309989291
4.942830400,26.310620312
4.943033900,26.315249676
4.943237300,26.319880697
4.943440800,26.320510062
4.943644200,26.325141082
4.943847700,26.325770447
4.944051100,26.326401468
4.944254600,26.331030832
4.944458000,26.335661853
4.944661500,26.336291217
4.944864900,26.336922238
4.945068400,26.341551603
4.945271800,26.342182623
4.945475300,26.346811988
4.945678700,26.351443009
4.945882200,26.352072373
4.946085600,26.352703394
4.946289100,26.357332758
4.946492500,26.357963779
4.946696000,26.358593144
4.946899400,26.359224164
4.947102900,26.363853529
4.947306300,26.364484550
4.947509800,26.365113914
4.947713200,26.369744935
4.947916700,26.370374299
4.948120100,26.371005320
4.948323600,26.375634685
4.948527000,26.376265705
4.948730500,26.376895070
4.948933900,26.377526091
4.949137400,26.382155455
4.949340800,26.382786476
4.949544300,26.383415840
4.949747700,26.384046861
4.949951200,26.384676226
4.950154600,26.385307246
4.950358100,26.389936611
4.950561500,26.390567632
4.950765000,26.391196996
4.950968400,26.391828017
4.951171900,26.396457381
4.951375300,26.397088402
4.951578800,26.397717767
4.951782200,26.402348787
4.951985700,26.402978152
4.952189100,26.399609173
4.952392600,26.404238537
4.952596000,26.404869558
4.952799500,26.405498922
4.953002900,26.406129943
4.953206400,26.410759308
4.953409800,26.411390328
4.953613300,26.412019693
4.953816700,26.416650714
4.954020200,26.417280078
4.954223600,26.417911099
4.954427100,26.422540463
4.954630500,26.427171484
4.954834000,26.427800849
4.955037400,26.428431869
4.955240900,26.433061234
4.955444300,26.433692255
4.955647800,26.434321619
4.955851200,26.438952640
4.956054700,26.443582004
4.956258100,26.444213025
4.956461600,26.448842390
4.956665000,26.449473410
4.956868500,26.454102775
4.957071900,26.458733796
4.957275400,26.463363160
4.957478800,26.463994181
4.957682300,26.464623545
4.957885700,26.473254566
4.958089200,26.473883931
4.958292600,26.478514951
4.958496100,26.487144316
4.958699500,26.487775337
4.958903000,26.488404701
4.959106400,26.497035722
4.959309900,26.501665086
4.959513300,26.506296107
4.959716800,26.506925472
4.959920200,26.515556492
4.960123700,26.520185857
4.960327100,26.520816878
4.960530600,26.533446242
4.960734000,26.534077263
4.960937500,26.538706627
4.961141000,26.547335992
4.961344400,26.551967013
4.961547900,26.556596377
4.961751300,26.561227398
4.961954800,26.569856762
4.962158200,26.574487783
4.962361700,26.579117148
4.962565100,26.591748168
4.962768600,26.592377533
4.962972000,26.597008554
4.963175500,26.609637918
4.963378900,26.614268939
4.963582400,26.618898303
4.963785800,26.623529324
4.963989300,26.636158689
4.964192700,26.640789709
4.964396200,26.645419074
4.964599600,26.658050095
4.964803100,26.662679459
4.965006500,26.667310480
4.965210000,26.679939844
4.965413400,26.684570865
4.965616900,26.689200230
4.965820300,26.701831250
4.966023800,26.706460615
4.966227200,26.711091636
4.966430700,26.715721000
4.966634100,26.732352021
4.966837600,26.736981385
4.967041000,26.741612406
4.967244500,26.754241771
4.967447900,26.758872791
4.967651400,26.763502156
4.967854800,26.776133177
4.968058300,26.784762541
4.968261700,26.789393562
4.968465200,26.794022926
4.968668600,26.806653947
4.968872100,26.811283312
4.969075500,26.815914332
4.969279000,26.832543697
4.969482400,26.837174718
4.969685900,26.841804082
4.969889300,26.854435103
4.970092800,26.859064467
4.970296200,26.867695488
4.970499700,26.872324853
4.970703100,26.884955873
4.970906600,26.889585238
4.971110000,26.894216259
4.971313500,26.906845623
4.971516900,26.911476644
4.971720400,26.920106008
4.971923800,26.932737029
4.972127300,26.937366394
4.972330700,26.941997414
4.972534200,26.946626779
4.972737600,26.959257800
4.972941100,26.963887164
4.973144500,26.968518185
4.973348000,26.981147549
4.973551400,26.985778570
4.973754900,26.990407935
4.973958300,27.003038955
4.974161800,27.007668320
4.974365200,27.012299341
4.974568700,27.016928705
4.974772100,27.029559726
4.974975600,27.034189090
4.975179000,27.038820111
4.975382500,27.051449476
4.975585900,27.056080496
4.975789400,27.056709861
4.975992800,27.069340882
4.976196300,27.073970246
4.976399700,27.078601267
4.976603200,27.087230631
4.976806600,27.091861652
4.977010100,27.096491017
4.977213500,27.101122037
4.977417000,27.109751402
4.977620400,27.114382423
4.977823900,27.115011787
4.978027300,27.127642808
4.978230800,27.128272172
4.978434200,27.132903193
4.978637700,27.141532558
4.978841100,27.142163578
4.979044600,27.146792943
4.979248000,27.151423964
4.979451500,27.160053328
4.979654900,27.160684349
4.979858400,27.161313713
4.980061800,27.169944734
4.980265300,27.174574099
4.980468700,27.175205119
4.980672200,27.183834484
4.980875700,27.184463848
4.981079100,27.189094869
4.981282600,27.189724234
4.981486000,27.198355254
4.981689500,27.198984619
4.981892900,27.199615640
4.982096400,27.208245004
4.982299800,27.208876025
4.982503300,27.209505389
4.982706700,27.214136410
4.982910200,27.218765775
4.983113600,27.219396795
4.983317100,27.220026160
4.983520500,27.224657181
4.983724000,27.225286545
4.983927400,27.225917566
4.984130900,27.234546930
4.984334300,27.235177951
4.984537800,27.235807316
4.984741200,27.240438336
4.984944700,27.241067701
4.985148100,27.241698722
4.985351600,27.246328086
4.985555000,27.246959107
4.985758500,27.247588471
4.985961900,27.248219492
4.986165400,27.252848857
4.986368800,27.253479877
4.986572300,27.254109242
4.986775700,27.258740263
4.986979200,27.259369627
4.987182600,27.260000648
4.987386100,27.264630012
4.987589500,27.265261033
4.987793000,27.265890398
4.987996400,27.266521418
4.988199900,27.271150783
4.988403300,27.271781804
4.988606800,27.272411168
4.988810200,27.277042189
4.989013700,27.277671553
4.989217100,27.278302574
4.989420600,27.282931939
4.989624000,27.283562959
4.989827500,27.284192324
4.990030900,27.284823345
4.990234400,27.289452709
4.990437800,27.290083730
4.990641300,27.290713094
4.990844700,27.295344115
4.991048200,27.295973480
4.991251600,27.296604500
4.991455100,27.301233865
4.991658500,27.301864886
4.991862000,27.302494250
4.992065400,27.303125271
4.992268900,27.307754635
4.992472300,27.308385656
4.992675800,27.309015021
4.992879200,27.313646041
4.993082700,27.314275406
4.993286100,27.314906427
4.993489600,27.319535791
4.993693000,27.320166812
4.993896500,27.320796176
4.994099900,27.325427197
4.994303400,27.326056562
4.994506800,27.326687582
4.994710300,27.327316947
4.994913700,27.331947968
4.995117200,27.332577332
4.995320600,27.333208353
4.995524100,27.337837717
4.995727500,27.338468738
4.995931000,27.339098103
4.996134400,27.343729123
4.996337900,27.344358488
4.996541300,27.344989509
4.996744800,27.345618873
4.996948200,27.350249894
4.997151700,27.350879258
4.997355100,27.351510279
4.997558600,27.356139644
4.997762000,27.356770664
4.997965500,27.357400029
4.998168900,27.362031050
4.998372400,27.362660414
4.998575800,27.363291435
4.998779300,27.363920799
4.998982700,27.364551820
4.999186200,27.365181185
4.999389600,27.365812205
4.999593100,27.370441570
4.999796500,27.371072591
5.000000000,27.371701955
