x (mm),altura (µm)
0.000000000,-0.331587731
0.000203500,-0.335448215
0.000406900,-0.339308767
0.000610400,-0.339169251
0.000813800,-0.343029804
0.001017300,-0.350890287
0.001220700,-0.354750840
0.001424200,-0.354611324
0.001627600,-0.358471876
0.001831100,-0.362332360
0.002034500,-0.366192912
0.002238000,-0.366053396
0.002441400,-0.373913948
0.002644900,-0.373774432
0.002848300,-0.377634984
0.003051800,-0.381495468
0.003255200,-0.385356021
0.003458700,-0.385216504
0.003662100,-0.389077057
0.003865600,-0.392937541
0.004069000,-0.396798093
0.004272500,-0.396658577
0.004475900,-0.404519129
0.004679400,-0.404379613
0.004882800,-0.408240165
0.005086300,-0.412100649
0.005289700,-0.415961201
0.005493200,-0.415821685
0.005696600,-0.419682238
0.005900100,-0.423542721
0.006103500,-0.427403274
0.006307000,-0.427263757
0.006510400,-0.431124310
0.006713900,-0.434984794
0.006917300,-0.438845346
0.007120800,-0.442705830
0.007324200,-0.442566382
0.007527700,-0.446426866
0.007731100,-0.454287418
0.007934600,-0.454147902
0.008138000,-0.458008454
0.008341500,-0.457868938
0.008544900,-0.465729491
0.008748400,-0.465589974
0.008951800,-0.469450527
0.009155300,-0.473311011
0.009358700,-0.477171563
0.009562200,-0.477032047
0.009765600,-0.484892599
0.009969100,-0.488753083
0.010172500,-0.492613635
0.010376000,-0.492474119
0.010579400,-0.496334671
0.010782900,-0.500195155
0.010986300,-0.504055708
0.011189800,-0.507916191
0.011393200,-0.511776744
0.011596700,-0.515637228
0.011800100,-0.523497780
0.012003600,-0.519358264
0.012207000,-0.523218816
0.012410500,-0.527079300
0.012613900,-0.534939852
0.012817400,-0.534800336
0.013020800,-0.538660888
0.013224300,-0.546521372
0.013427700,-0.550381925
0.013631200,-0.550242408
0.013834600,-0.554102961
0.014038100,-0.557963444
0.014241500,-0.561823997
0.014445000,-0.561684481
0.014648400,-0.569545033
0.014851900,-0.573405517
0.015055300,-0.577266069
0.015258800,-0.581126553
0.015462200,-0.580987105
0.015665700,-0.584847589
0.015869100,-0.592708141
0.016072600,-0.592568625
0.016276000,-0.596429178
0.016479500,-0.604289661
0.016682900,-0.608150214
0.016886400,-0.604010698
0.017089800,-0.607871250
0.017293300,-0.615731734
0.017496700,-0.619592286
0.017700200,-0.619452770
0.017903600,-0.623313322
0.018107100,-0.627173806
0.018310500,-0.631034358
0.018514000,-0.634894842
0.018717400,-0.634755395
0.018920900,-0.638615878
0.019124300,-0.642476431
0.019327800,-0.646336915
0.019531300,-0.646197398
0.019734700,-0.650057951
0.019938200,-0.657918434
0.020141600,-0.653778987
0.020345100,-0.657639471
0.020548500,-0.665500023
0.020752000,-0.665360507
0.020955400,-0.665221059
0.021158900,-0.669081543
0.021362300,-0.672942095
0.021565800,-0.676802579
0.021769200,-0.676663131
0.021972700,-0.680523615
0.022176100,-0.684384168
0.022379600,-0.680244651
0.022583000,-0.688105204
0.022786500,-0.687965688
0.022989900,-0.691826240
0.023193400,-0.691686724
0.023396800,-0.695547276
0.023600300,-0.699407760
0.023803700,-0.699268312
0.024007200,-0.703128796
0.024210600,-0.702989348
0.024414100,-0.706849832
0.024617500,-0.710710385
0.024821000,-0.710570868
0.025024400,-0.710431421
0.025227900,-0.714291905
0.025431300,-0.718152457
0.025634800,-0.718012941
0.025838200,-0.717873493
0.026041700,-0.721733977
0.026245100,-0.725594529
0.026448600,-0.721455013
0.026652000,-0.729315565
0.026855500,-0.729176049
0.027058900,-0.733036601
0.027262400,-0.732897085
0.027465800,-0.732757638
0.027669300,-0.736618121
0.027872700,-0.736478674
0.028076200,-0.740339158
0.028279600,-0.740199710
0.028483100,-0.744060194
0.028686500,-0.743920746
0.028890000,-0.743781230
0.029093400,-0.747641782
0.029296900,-0.751502266
0.029500300,-0.747362818
0.029703800,-0.751223302
0.029907200,-0.751083855
0.030110700,-0.754944338
0.030314100,-0.754804891
0.030517600,-0.754665375
0.030721000,-0.758525927
0.030924500,-0.762386411
0.031127900,-0.758246963
0.031331400,-0.762107447
0.031534800,-0.765967999
0.031738300,-0.765828483
0.031941700,-0.765689035
0.032145200,-0.769549519
0.032348600,-0.769410072
0.032552100,-0.769270555
0.032755500,-0.773131108
0.032959000,-0.772991591
0.033162400,-0.776852144
0.033365900,-0.772712628
0.033569300,-0.776573180
0.033772800,-0.776433664
0.033976200,-0.780294216
0.034179700,-0.780154700
0.034383100,-0.780015252
0.034586600,-0.783875736
0.034790000,-0.787736288
0.034993500,-0.783596772
0.035196900,-0.783457325
0.035400400,-0.787317808
0.035603800,-0.791178361
0.035807300,-0.787038845
0.036010700,-0.790899397
0.036214200,-0.794759881
0.036417600,-0.790620433
0.036621100,-0.790480917
0.036824500,-0.794341469
0.037028000,-0.798201953
0.037231400,-0.794062505
0.037434900,-0.797922989
0.037638300,-0.797783542
0.037841800,-0.801644025
0.038045200,-0.801504578
0.038248700,-0.801365062
0.038452100,-0.805225614
0.038655600,-0.805086098
0.038859000,-0.804946650
0.039062500,-0.804807134
0.039266000,-0.808667618
0.039469400,-0.804528170
0.039672900,-0.808388654
0.039876300,-0.808249206
0.040079800,-0.812109690
0.040283200,-0.807970242
0.040486700,-0.811830726
0.040690100,-0.811691278
0.040893600,-0.815551762
0.041097000,-0.811412315
0.041300500,-0.815272798
0.041503900,-0.819133351
0.041707400,-0.814993835
0.041910800,-0.814854387
0.042114300,-0.818714871
0.042317700,-0.822575423
0.042521200,-0.818435907
0.042724600,-0.818296459
0.042928100,-0.822156943
0.043131500,-0.826017495
0.043335000,-0.821877979
0.043538400,-0.825738532
0.043741900,-0.825599015
0.043945300,-0.825459568
0.044148800,-0.825320052
0.044352200,-0.829180604
0.044555700,-0.829041088
0.044759100,-0.828901640
0.044962600,-0.832762124
0.045166000,-0.832622676
0.045369500,-0.832483160
0.045572900,-0.832343712
0.045776400,-0.836204196
0.045979800,-0.836064749
0.046183300,-0.839925232
0.046386700,-0.835785785
0.046590200,-0.839646268
0.046793600,-0.843506821
0.046997100,-0.839367305
0.047200500,-0.839227857
0.047404000,-0.843088341
0.047607400,-0.846948893
0.047810900,-0.842809377
0.048014300,-0.846669929
0.048217800,-0.850530413
0.048421200,-0.846390965
0.048624700,-0.850251449
0.048828100,-0.854112002
0.049031600,-0.853972485
0.049235000,-0.853833038
0.049438500,-0.853693522
0.049641900,-0.857554074
0.049845400,-0.861414558
0.050048800,-0.857275110
0.050252300,-0.861135594
0.050455700,-0.864996146
0.050659200,-0.864856630
0.050862600,-0.868717182
0.051066100,-0.868577666
0.051269500,-0.872438219
0.051473000,-0.872298702
0.051676400,-0.876159255
0.051879900,-0.880019738
0.052083300,-0.879880291
0.052286800,-0.883740775
0.052490200,-0.883601327
0.052693700,-0.887461811
0.052897100,-0.887322363
0.053100600,-0.891182847
0.053304000,-0.895043399
0.053507500,-0.898903883
0.053710900,-0.898764435
0.053914400,-0.902624919
0.054117800,-0.906485472
0.054321300,-0.906345955
0.054524700,-0.910206508
0.054728200,-0.914066992
0.054931600,-0.921927544
0.055135100,-0.921788028
0.055338500,-0.925648580
0.055542000,-0.933509064
0.055745400,-0.937369616
0.055948900,-0.937230100
0.056152300,-0.941090652
0.056355800,-0.948951136
0.056559200,-0.948811689
0.056762700,-0.952672172
0.056966100,-0.960532725
0.057169600,-0.964393209
0.057373000,-0.964253761
0.057576500,-0.972114245
0.057779900,-0.979974797
0.057983400,-0.979835281
0.058186800,-0.983695833
0.058390300,-0.991556317
0.058593800,-0.999416801
0.058797200,-0.999277353
0.059000700,-1.007137837
0.059204100,-1.014998389
0.059407600,-1.014858873
0.059611000,-1.026719425
0.059814500,-1.030579909
0.060017900,-1.034440462
0.060221400,-1.038300945
0.060424800,-1.050161498
0.060628300,-1.054021982
0.060831700,-1.053882534
0.061035200,-1.065743018
0.061238600,-1.073603570
0.061442100,-1.077464054
0.061645500,-1.085324606
0.061849000,-1.093185090
0.062052400,-1.097045642
0.062255900,-1.104906126
0.062459300,-1.112766679
0.062662800,-1.120627162
0.062866200,-1.124487715
0.063069700,-1.132348199
0.063273100,-1.140208751
0.063476600,-1.148069235
0.063680000,-1.159929787
0.063883500,-1.159790271
0.064086900,-1.167650823
0.064290400,-1.179511307
0.064493800,-1.183371859
0.064697300,-1.191232343
0.064900700,-1.195092896
0.065104200,-1.210953379
0.065307600,-1.210813932
0.065511100,-1.218674415
0.065714500,-1.230534968
0.065918000,-1.234395452
0.066121400,-1.242256004
0.066324900,-1.254116488
0.066528300,-1.261977040
0.066731800,-1.261837524
0.066935200,-1.269698076
0.067138700,-1.281558560
0.067342100,-1.285419112
0.067545600,-1.289279596
0.067749000,-1.305140149
0.067952500,-1.309000632
0.068155900,-1.312861185
0.068359400,-1.324721669
0.068562800,-1.328582221
0.068766300,-1.332442705
0.068969700,-1.336303257
0.069173200,-1.348163741
0.069376600,-1.352024293
0.069580100,-1.355884777
0.069783500,-1.367745329
0.069987000,-1.371605813
0.070190400,-1.375466366
0.070393900,-1.383326849
0.070597300,-1.391187402
0.070800800,-1.391047886
0.071004200,-1.394908438
0.071207700,-1.402768922
0.071411100,-1.410629474
0.071614600,-1.410489958
0.071818000,-1.418350510
0.072021500,-1.422210994
0.072224900,-1.422071546
0.072428400,-1.429932030
0.072631800,-1.429792582
0.072835300,-1.433653066
0.073038700,-1.437513619
0.073242200,-1.441374102
0.073445600,-1.441234655
0.073649100,-1.441095139
0.073852500,-1.444955691
0.074056000,-1.448816175
0.074259400,-1.448676727
0.074462900,-1.448537211
0.074666300,-1.448397763
0.074869800,-1.452258247
0.075073200,-1.448118799
0.075276700,-1.451979283
0.075480100,-1.451839836
0.075683600,-1.447700319
0.075887000,-1.447560872
0.076090500,-1.447421356
0.076293900,-1.447281908
0.076497400,-1.443142392
0.076700800,-1.443002944
0.076904300,-1.442863428
0.077107700,-1.438723980
0.077311200,-1.438584464
0.077514600,-1.434445016
0.077718100,-1.434305500
0.077921500,-1.426166053
0.078125000,-1.426026536
0.078328500,-1.425887020
0.078531900,-1.417747572
0.078735400,-1.413608056
0.078938800,-1.413468609
0.079142300,-1.405329092
0.079345700,-1.401189645
0.079549200,-1.401050129
0.079752600,-1.396910681
0.079956100,-1.388771165
0.080159500,-1.384631717
0.080363000,-1.384492201
0.080566400,-1.372352753
0.080769900,-1.372213237
0.080973300,-1.368073789
0.081176800,-1.359934273
0.081380200,-1.355794826
0.081583700,-1.351655309
0.081787100,-1.347515862
0.081990600,-1.339376346
0.082194000,-1.335236898
0.082397500,-1.331097382
0.082600900,-1.322957934
0.082804400,-1.318818418
0.083007800,-1.314678970
0.083211300,-1.310539454
0.083414700,-1.302400006
0.083618200,-1.298260490
0.083821600,-1.294121043
0.084025100,-1.285981526
0.084228500,-1.285842079
0.084432000,-1.281702562
0.084635400,-1.269563115
0.084838900,-1.269423599
0.085042300,-1.265284151
0.085245800,-1.261144635
0.085449200,-1.253005187
0.085652700,-1.252865671
0.085856100,-1.244726223
0.086059600,-1.240586707
0.086263000,-1.236447259
0.086466500,-1.236307743
0.086669900,-1.228168296
0.086873400,-1.224028779
0.087076800,-1.223889332
0.087280300,-1.219749816
0.087483700,-1.211610368
0.087687200,-1.211470852
0.087890600,-1.207331404
0.088094100,-1.199191888
0.088297500,-1.199052440
0.088501000,-1.198912924
0.088704400,-1.190773476
0.088907900,-1.190633960
0.089111300,-1.186494513
0.089314800,-1.182354996
0.089518200,-1.182215549
0.089721700,-1.178076033
0.089925100,-1.177936585
0.090128600,-1.173797069
0.090332000,-1.169657621
0.090535500,-1.169518105
0.090738900,-1.165378657
0.090942400,-1.165239141
0.091145800,-1.165099693
0.091349300,-1.156960177
0.091552700,-1.156820730
0.091756200,-1.156681213
0.091959600,-1.156541766
0.092163100,-1.152402249
0.092366500,-1.152262802
0.092570000,-1.152123286
0.092773400,-1.147983838
0.092976900,-1.147844322
0.093180300,-1.147704874
0.093383800,-1.143565358
0.093587200,-1.143425910
0.093790700,-1.143286394
0.093994100,-1.139146946
0.094197600,-1.139007430
0.094401000,-1.142867983
0.094604500,-1.142728466
0.094807900,-1.138589019
0.095011400,-1.138449503
0.095214800,-1.138310055
0.095418300,-1.134170539
0.095621700,-1.138031091
0.095825200,-1.137891575
0.096028600,-1.133752127
0.096232100,-1.133612611
0.096435500,-1.133473163
0.096639000,-1.133333647
0.096842400,-1.133194200
0.097045900,-1.133054683
0.097249300,-1.132915236
0.097452800,-1.132775719
0.097656200,-1.132636272
0.097859700,-1.132496756
0.098063200,-1.132357239
0.098266600,-1.132217792
0.098470100,-1.132078276
0.098673500,-1.131938828
0.098877000,-1.131799312
0.099080400,-1.131659864
0.099283900,-1.127520348
0.099487300,-1.131380900
0.099690800,-1.131241384
0.099894200,-1.131101936
0.100097700,-1.130962420
0.100301100,-1.130822973
0.100504600,-1.130683456
0.100708000,-1.130544009
0.100911500,-1.130404493
0.101114900,-1.130265045
0.101318400,-1.130125529
0.101521800,-1.129986081
0.101725300,-1.129846565
0.101928700,-1.125707117
0.102132200,-1.129567601
0.102335600,-1.129428153
0.102539100,-1.125288637
0.102742500,-1.125149190
0.102946000,-1.125009673
0.103149400,-1.128870226
0.103352900,-1.124730709
0.103556300,-1.124591262
0.103759800,-1.124451746
0.103963200,-1.120312298
0.104166700,-1.124172782
0.104370100,-1.124033334
0.104573600,-1.119893818
0.104777000,-1.119754370
0.104980500,-1.119614854
0.105183900,-1.115475406
0.105387400,-1.115335890
0.105590800,-1.115196443
0.105794300,-1.111056926
0.105997700,-1.110917479
0.106201200,-1.110777963
0.106404600,-1.110638515
0.106608100,-1.110498999
0.106811500,-1.106359551
0.107015000,-1.106220035
0.107218400,-1.102080587
0.107421900,-1.101941071
0.107625300,-1.101801623
0.107828800,-1.097662107
0.108032200,-1.097522660
0.108235700,-1.097383143
0.108439100,-1.093243696
0.108642600,-1.093104180
0.108846000,-1.088964732
0.109049500,-1.084825216
0.109252900,-1.084685768
0.109456400,-1.084546252
0.109659800,-1.076406804
0.109863300,-1.076267288
0.110066700,-1.076127840
0.110270200,-1.067988324
0.110473600,-1.067848877
0.110677100,-1.067709360
0.110880500,-1.063569913
0.111084000,-1.059430396
0.111287400,-1.055290949
0.111490900,-1.051151433
0.111694300,-1.047011985
0.111897800,-1.046872469
0.112101200,-1.042733021
0.112304700,-1.034593505
0.112508100,-1.034454057
0.112711600,-1.030314541
0.112915000,-1.022175093
0.113118500,-1.018035577
0.113321900,-1.017896130
0.113525400,-1.005756613
0.113728800,-1.005617166
0.113932300,-1.001477650
0.114135700,-0.993338202
0.114339200,-0.989198686
0.114542600,-0.985059238
0.114746100,-0.976919722
0.114949500,-0.972780274
0.115153000,-0.968640758
0.115356400,-0.960501310
0.115559900,-0.952361794
0.115763300,-0.948222347
0.115966800,-0.944082830
0.116170200,-0.931943383
0.116373700,-0.927803867
0.116577100,-0.923664419
0.116780600,-0.915524903
0.116984000,-0.907385455
0.117187500,-0.899245939
0.117391000,-0.891106423
0.117594400,-0.882966975
0.117797900,-0.878827459
0.118001300,-0.866688011
0.118204800,-0.858548495
0.118408200,-0.850409047
0.118611700,-0.842269531
0.118815100,-0.838130083
0.119018600,-0.825990567
0.119222000,-0.817851120
0.119425500,-0.809711603
0.119628900,-0.797572156
0.119832400,-0.789432640
0.120035800,-0.781293192
0.120239300,-0.773153676
0.120442700,-0.761014228
0.120646200,-0.756874712
0.120849600,-0.740735264
0.121053100,-0.732595748
0.121256500,-0.724456300
0.121460000,-0.720316784
0.121663400,-0.704177337
0.121866900,-0.696037820
0.122070300,-0.691898373
0.122273800,-0.671758857
0.122477200,-0.667619409
0.122680700,-0.659479893
0.122884100,-0.643340445
0.123087600,-0.635200929
0.123291000,-0.631061481
0.123494500,-0.618921965
0.123697900,-0.606782517
0.123901400,-0.598643001
0.124104800,-0.590503553
0.124308300,-0.574364037
0.124511700,-0.570224590
0.124715200,-0.558085073
0.124918600,-0.545945626
0.125122100,-0.537806110
0.125325500,-0.529666662
0.125529000,-0.521527146
0.125732400,-0.509387698
0.125935900,-0.501248182
0.126139300,-0.489108734
0.126342800,-0.476969218
0.126546200,-0.472829770
0.126749700,-0.460690254
0.126953100,-0.448550807
0.127156600,-0.440411290
0.127360000,-0.432271843
0.127563500,-0.424132327
0.127766900,-0.411992879
0.127970400,-0.399853363
0.128173800,-0.395713915
0.128377300,-0.383574399
0.128580700,-0.371434951
0.128784200,-0.367295435
0.128987600,-0.351155987
0.129191100,-0.343016471
0.129394500,-0.334877024
0.129598000,-0.330737507
0.129801400,-0.314598060
0.130004900,-0.306458543
0.130208300,-0.302319096
0.130411800,-0.286179580
0.130615200,-0.278040132
0.130818700,-0.273900616
0.131022100,-0.257761168
0.131225600,-0.249621652
0.131429000,-0.245482204
0.131632500,-0.229342688
0.131835900,-0.225203240
0.132039400,-0.217063724
0.132242800,-0.208924277
0.132446300,-0.196784760
0.132649700,-0.192645313
0.132853200,-0.180505797
0.133056600,-0.168366349
0.133260100,-0.164226833
0.133463500,-0.156087385
0.133667000,-0.143947869
0.133870400,-0.135808421
0.134073900,-0.127668905
0.134277300,-0.123529457
0.134480800,-0.107389941
0.134684200,-0.103250494
0.134887700,-0.095110977
0.135091100,-0.082971530
0.135294600,-0.078832014
0.135498000,-0.070692566
0.135701500,-0.058553050
0.135904900,-0.050413602
0.136108400,-0.046274086
0.136311800,-0.038134638
0.136515300,-0.025995122
0.136718700,-0.021855674
0.136922200,-0.013716158
0.137125700,-0.001576642
0.137329100,0.002562806
0.137532600,0.010702322
0.137736000,0.018841770
0.137939500,0.026981286
0.138142900,0.035120733
0.138346400,0.039260250
0.138549800,0.047399697
0.138753300,0.059539213
0.138956700,0.063678661
0.139160200,0.071818177
0.139363600,0.079957625
0.139567100,0.084097141
0.139770500,0.092236589
0.139974000,0.104376105
0.140177400,0.108515553
0.140380900,0.116655069
0.140584300,0.124794516
0.140787800,0.128934033
0.140991200,0.133073480
0.141194700,0.145212996
0.141398100,0.149352444
0.141601600,0.153491960
0.141805000,0.165631408
0.142008500,0.169770924
0.142211900,0.173910372
0.142415400,0.186049888
0.142618800,0.190189336
0.142822300,0.194328852
0.143025700,0.202468299
0.143229200,0.210607816
0.143432600,0.214747263
0.143636100,0.222886780
0.143839500,0.231026227
0.144043000,0.239165743
0.144246400,0.243305191
0.144449900,0.251444707
0.144653300,0.255584155
0.144856800,0.259723671
0.145060200,0.263863119
0.145263700,0.276002635
0.145467100,0.280142083
0.145670600,0.284281599
0.145874000,0.296421046
0.146077500,0.296560563
0.146280900,0.300700010
0.146484400,0.312839526
0.146687800,0.316978974
0.146891300,0.321118490
0.147094700,0.325257938
0.147298200,0.333397454
0.147501600,0.337536902
0.147705100,0.345676418
0.147908500,0.349815866
0.148112000,0.353955382
0.148315400,0.362094829
0.148518900,0.370234346
0.148722300,0.370373793
0.148925800,0.378513310
0.149129200,0.386652757
0.149332700,0.390792273
0.149536100,0.394931721
0.149739600,0.399071237
0.149943000,0.407210685
0.150146500,0.411350201
0.150349900,0.415489649
0.150553400,0.423629165
0.150756800,0.427768613
0.150960300,0.431908129
0.151163700,0.440047576
0.151367200,0.444187093
0.151570600,0.448326540
0.151774100,0.452466056
0.151977500,0.460605504
0.152181000,0.464745020
0.152384400,0.468884468
0.152587900,0.477023984
0.152791300,0.477163432
0.152994800,0.485302948
0.153198200,0.489442396
0.153401700,0.497581912
0.153605100,0.501721359
0.153808600,0.501860876
0.154012000,0.514000323
0.154215500,0.514139839
0.154418900,0.518279287
0.154622400,0.526418803
0.154825800,0.530558251
0.155029300,0.530697767
0.155232700,0.538837215
0.155436200,0.542976731
0.155639600,0.543116179
0.155843100,0.551255695
0.156046500,0.555395142
0.156250000,0.559534659
0.156453500,0.563674175
0.156656900,0.567813623
0.156860400,0.575953139
0.157063800,0.576092586
0.157267300,0.580232103
0.157470700,0.588371550
0.157674200,0.588511066
0.157877600,0.592650514
0.158081100,0.600790030
0.158284500,0.600929478
0.158488000,0.605068994
0.158691400,0.609208442
0.158894900,0.613347958
0.159098300,0.613487406
0.159301800,0.621626922
0.159505200,0.621766369
0.159708700,0.625905886
0.159912100,0.630045333
0.160115600,0.634184849
0.160319000,0.638324297
0.160522500,0.638463813
0.160725900,0.642603261
0.160929400,0.646742777
0.161132800,0.650882225
0.161336300,0.651021741
0.161539700,0.655161189
0.161743200,0.659300705
0.161946600,0.659440152
0.162150100,0.663579669
0.162353500,0.663719116
0.162557000,0.667858633
0.162760400,0.671998080
0.162963900,0.672137596
0.163167300,0.676277044
0.163370800,0.680416560
0.163574200,0.680556008
0.163777700,0.684695524
0.163981100,0.684834972
0.164184600,0.684974488
0.164388000,0.689113936
0.164591500,0.689253452
0.164794900,0.689392899
0.164998400,0.693532416
0.165201800,0.693671863
0.165405300,0.697811379
0.165608700,0.697950827
0.165812200,0.698090343
0.166015600,0.702229791
0.166219100,0.702369307
0.166422500,0.702508755
0.166626000,0.706648271
0.166829400,0.706787719
0.167032900,0.706927235
0.167236300,0.711066682
0.167439800,0.707206199
0.167643200,0.711345646
0.167846700,0.711485162
0.168050100,0.711624610
0.168253600,0.715764126
0.168457000,0.715903574
0.168660500,0.712043090
0.168863900,0.716182538
0.169067400,0.716322054
0.169270800,0.716461502
0.169474300,0.716601018
0.169677700,0.716740466
0.169881200,0.720879982
0.170084600,0.717019429
0.170288100,0.717158946
0.170491500,0.721298393
0.170695000,0.717437909
0.170898400,0.717577357
0.171101900,0.721716873
0.171305300,0.717856321
0.171508800,0.717995837
0.171712200,0.718135285
0.171915700,0.718274801
0.172119100,0.718414249
0.172322600,0.718553765
0.172526000,0.718693212
0.172729500,0.718832729
0.172932900,0.718972176
0.173136400,0.715111692
0.173339800,0.719251140
0.173543300,0.715390656
0.173746700,0.715530104
0.173950200,0.719669620
0.174153600,0.715809068
0.174357100,0.719948584
0.174560500,0.716088032
0.174764000,0.712227548
0.174967400,0.716366995
0.175170900,0.716506512
0.175374300,0.712645959
0.175577800,0.716785476
0.175781300,0.712924992
0.175984700,0.717064439
0.176188200,0.713203956
0.176391600,0.713343403
0.176595100,0.717482919
0.176798500,0.713622367
0.177002000,0.713761883
0.177205400,0.713901331
0.177408900,0.714040847
0.177612300,0.718180295
0.177815800,0.714319811
0.178019200,0.714459259
0.178222700,0.714598775
0.178426100,0.714738222
0.178629600,0.714877739
0.178833000,0.715017186
0.179036500,0.715156702
0.179239900,0.715296150
0.179443400,0.715435666
0.179646800,0.715575114
0.179850300,0.719714630
0.180053700,0.719854078
0.180257200,0.715993594
0.180460600,0.720133042
0.180664100,0.720272558
0.180867500,0.716412005
0.181071000,0.720551522
0.181274400,0.720690969
0.181477900,0.724830486
0.181681300,0.724969933
0.181884800,0.725109449
0.182088200,0.729248897
0.182291700,0.725388413
0.182495100,0.725527861
0.182698600,0.729667377
0.182902000,0.729806825
0.183105500,0.733946341
0.183308900,0.734085789
0.183512400,0.734225305
0.183715800,0.738364752
0.183919300,0.738504269
0.184122700,0.738643716
0.184326200,0.742783232
0.184529600,0.742922680
0.184733100,0.747062196
0.184936500,0.747201644
0.185140000,0.747341160
0.185343400,0.751480608
0.185546900,0.751620124
0.185750300,0.751759572
0.185953800,0.755899088
0.186157200,0.756038535
0.186360700,0.760178052
0.186564100,0.760317499
0.186767600,0.760457015
0.186971000,0.768596463
0.187174500,0.768735979
0.187377900,0.768875427
0.187581400,0.773014943
0.187784800,0.773154391
0.187988300,0.781293907
0.188191700,0.781433355
0.188395200,0.781572871
0.188598600,0.785712318
0.188802100,0.785851835
0.189005500,0.793991282
0.189209000,0.794130799
0.189412400,0.794270246
0.189615900,0.798409762
0.189819300,0.798549210
0.190022800,0.802688726
0.190226200,0.806828174
0.190429700,0.806967690
0.190633100,0.811107138
0.190836600,0.815246654
0.191040000,0.815386102
0.191243500,0.819525618
0.191446900,0.819665065
0.191650400,0.823804582
0.191853800,0.827944029
0.192057300,0.828083545
0.192260700,0.832222993
0.192464200,0.832362509
0.192667600,0.836501957
0.192871100,0.840641473
0.193074500,0.840780921
0.193278000,0.844920437
0.193481400,0.845059885
0.193684900,0.845199401
0.193888300,0.853338848
0.194091800,0.853478365
0.194295200,0.853617812
0.194498700,0.857757328
0.194702100,0.857896776
0.194905600,0.862036292
0.195109000,0.862175740
0.195312500,0.862315256
0.195516000,0.866454772
0.195719400,0.870594220
0.195922900,0.874733736
0.196126300,0.874873184
0.196329800,0.875012700
0.196533200,0.879152148
0.196736700,0.879291664
0.196940100,0.879431112
0.197143600,0.883570628
0.197347000,0.883710075
0.197550500,0.887849592
0.197753900,0.887989039
0.197957400,0.888128555
0.198160800,0.892268003
0.198364300,0.892407519
0.198567700,0.896546967
0.198771200,0.896686483
0.198974600,0.896825931
0.199178100,0.900965447
0.199381500,0.901104895
0.199585000,0.905244411
0.199788400,0.905383858
0.199991900,0.901523375
0.200195300,0.905662822
0.200398800,0.905802339
0.200602200,0.905941786
0.200805700,0.910081302
0.201009100,0.910220750
0.201212600,0.914360266
0.201416000,0.914499714
0.201619500,0.914639230
0.201822900,0.918778678
0.202026400,0.918918194
0.202229800,0.923057642
0.202433300,0.923197158
0.202636700,0.923336605
0.202840200,0.927476122
0.203043600,0.931615569
0.203247100,0.935755085
0.203450500,0.935894533
0.203654000,0.936034049
0.203857400,0.940173497
0.204060900,0.940313013
0.204264300,0.944452461
0.204467800,0.944591977
0.204671200,0.944731425
0.204874700,0.952870941
0.205078100,0.953010388
0.205281600,0.953149905
0.205485000,0.957289352
0.205688500,0.957428868
0.205891900,0.965568316
0.206095400,0.965707832
0.206298800,0.965847280
0.206502300,0.973986796
0.206705700,0.974126244
0.206909200,0.978265760
0.207112600,0.978405208
0.207316100,0.982544724
0.207519500,0.986684171
0.207723000,0.990823688
0.207926400,0.994963135
0.208129900,0.995102652
0.208333300,0.995242099
0.208536800,1.003381615
0.208740200,1.003521063
0.208943700,1.011660579
0.209147100,1.011800027
0.209350600,1.015939543
0.209554000,1.020078991
0.209757500,1.024218507
0.209960900,1.028357955
0.210164400,1.032497471
0.210367800,1.032636918
0.210571300,1.040776435
0.210774700,1.040915882
0.210978200,1.049055398
0.211181600,1.049194846
0.211385100,1.053334362
0.211588500,1.057473810
0.211792000,1.061613326
0.211995400,1.065752774
0.212198900,1.069892290
0.212402300,1.070031738
0.212605800,1.078171254
0.212809200,1.078310701
0.213012700,1.086450218
0.213216100,1.090589665
0.213419600,1.090729181
0.213623000,1.098868629
0.213826500,1.099008145
0.214029900,1.107147593
0.214233400,1.107287109
0.214436800,1.107426557
0.214640300,1.115566073
0.214843800,1.119705589
0.215047200,1.123845037
0.215250700,1.127984553
0.215454100,1.128124001
0.215657600,1.136263517
0.215861000,1.136402965
0.216064500,1.144542481
0.216267900,1.144681928
0.216471400,1.148821445
0.216674800,1.152960892
0.216878300,1.153100408
0.217081700,1.161239856
0.217285200,1.161379372
0.217488600,1.161518820
0.217692100,1.169658336
0.217895500,1.169797784
0.218099000,1.177937300
0.218302400,1.178076748
0.218505900,1.178216264
0.218709300,1.186355711
0.218912800,1.186495228
0.219116200,1.190634675
0.219319700,1.190774191
0.219523100,1.194913639
0.219726600,1.199053155
0.219930000,1.199192603
0.220133500,1.207332119
0.220336900,1.207471567
0.220540400,1.207611083
0.220743800,1.211750531
0.220947300,1.211890047
0.221150700,1.220029495
0.221354200,1.220169011
0.221557600,1.224308458
0.221761100,1.224447975
0.221964500,1.224587422
0.222168000,1.232726938
0.222371400,1.232866386
0.222574900,1.237005902
0.222778300,1.237145350
0.222981800,1.237284866
0.223185200,1.241424314
0.223388700,1.241563830
0.223592100,1.245703278
0.223795600,1.245842794
0.223999000,1.245982241
0.224202500,1.250121758
0.224405900,1.250261205
0.224609400,1.254400721
0.224812800,1.254540169
0.225016300,1.254679685
0.225219700,1.258819133
0.225423200,1.258958649
0.225626600,1.263098097
0.225830100,1.263237613
0.226033500,1.267377061
0.226237000,1.267516577
0.226440400,1.267656024
0.226643900,1.271795541
0.226847300,1.271934988
0.227050800,1.276074505
0.227254200,1.276213952
0.227457700,1.272353468
0.227661100,1.276492916
0.227864600,1.276632432
0.228068000,1.280771880
0.228271500,1.280911396
0.228474900,1.281050844
0.228678400,1.281190360
0.228881800,1.281329808
0.229085300,1.285469324
0.229288700,1.285608771
0.229492200,1.285748288
0.229695600,1.285887735
0.229899100,1.286027251
0.230102500,1.290166699
0.230306000,1.286306215
0.230509400,1.290445663
0.230712900,1.290585179
0.230916300,1.286724627
0.231119800,1.290864143
0.231323200,1.291003591
0.231526700,1.291143107
0.231730100,1.291282554
0.231933600,1.295422071
0.232137000,1.291561518
0.232340500,1.291701034
0.232543900,1.295840482
0.232747400,1.291979998
0.232950800,1.296119446
0.233154300,1.292258962
0.233357700,1.292398410
0.233561200,1.296537926
0.233764600,1.292677374
0.233968100,1.296816890
0.234171500,1.292956337
0.234375000,1.297095854
0.234578500,1.297235370
0.234781900,1.293374818
0.234985400,1.297514334
0.235188800,1.293653781
0.235392300,1.297793298
0.235595700,1.293932745
0.235799200,1.294072261
0.236002600,1.298211709
0.236206100,1.294351225
0.236409500,1.298490673
0.236613000,1.298630189
0.236816400,1.298769637
0.237019900,1.298909153
0.237223300,1.299048601
0.237426800,1.299188117
0.237630200,1.299327564
0.237833700,1.303467081
0.238037100,1.299606528
0.238240600,1.299746044
0.238444000,1.303885492
0.238647500,1.304025008
0.238850900,1.304164456
0.239054400,1.304303972
0.239257800,1.308443420
0.239461300,1.304582936
0.239664700,1.304722384
0.239868200,1.308861900
0.240071600,1.309001347
0.240275100,1.313140864
0.240478500,1.309280311
0.240682000,1.313419828
0.240885400,1.313559275
0.241088900,1.313698791
0.241292300,1.317838239
0.241495800,1.317977755
0.241699200,1.322117203
0.241902700,1.318256719
0.242106100,1.322396167
0.242309600,1.322535683
0.242513000,1.322675131
0.242716500,1.326814647
0.242919900,1.326954094
0.243123400,1.331093611
0.243326800,1.331233058
0.243530300,1.331372574
0.243733700,1.335512022
0.243937200,1.335651538
0.244140600,1.339790986
0.244344100,1.339930502
0.244547500,1.344069950
0.244751000,1.344209466
0.244954400,1.344348914
0.245157900,1.348488430
0.245361300,1.348627877
0.245564800,1.352767394
0.245768200,1.352906841
0.245971700,1.357046357
0.246175100,1.357185805
0.246378600,1.357325321
0.246582000,1.361464769
0.246785500,1.361604285
0.246988900,1.365743733
0.247192400,1.365883249
0.247395800,1.370022697
0.247599300,1.370162213
0.247802700,1.370301661
0.248006200,1.374441177
0.248209600,1.374580624
0.248413100,1.378720141
0.248616500,1.378859588
0.248820000,1.382999104
0.249023400,1.387138552
0.249226900,1.387278068
0.249430300,1.391417516
0.249633800,1.391557032
0.249837200,1.395696480
0.250040700,1.395835996
0.250244100,1.403975444
0.250447600,1.404114960
0.250651000,1.408254407
0.250854500,1.408393924
0.251057900,1.412533371
0.251261400,1.416672887
0.251464800,1.416812335
0.251668300,1.424951851
0.251871700,1.425091299
0.252075200,1.429230815
0.252278600,1.433370263
0.252482100,1.433509779
0.252685500,1.441649227
0.252889000,1.441788743
0.253092400,1.449928190
0.253295900,1.450067707
0.253499300,1.458207154
0.253702800,1.458346671
0.253906300,1.462486187
0.254109700,1.466625634
0.254313200,1.470765151
0.254516600,1.478904598
0.254720100,1.479044114
0.254923500,1.491183562
0.255127000,1.491323078
0.255330400,1.495462526
0.255533900,1.503602042
0.255737300,1.507741490
0.255940800,1.511881006
0.256144200,1.516020454
0.256347700,1.524159970
0.256551100,1.528299417
0.256754600,1.536438934
0.256958000,1.540578381
0.257161500,1.544717897
0.257364900,1.552857345
0.257568400,1.556996861
0.257771800,1.565136309
0.257975300,1.569275825
0.258178700,1.577415273
0.258382200,1.585554789
0.258585600,1.585694237
0.258789100,1.593833753
0.258992500,1.601973200
0.259196000,1.610112717
0.259399400,1.614252164
0.259602900,1.626391681
0.259806300,1.630531128
0.260009800,1.634670644
0.260213200,1.638810092
0.260416700,1.646949608
0.260620100,1.655089056
0.260823600,1.659228572
0.261027000,1.671368020
0.261230500,1.675507536
0.261433900,1.683646984
0.261637400,1.691786500
0.261840800,1.699925947
0.262044300,1.704065464
0.262247700,1.704204911
0.262451200,1.716344427
0.262654600,1.720483875
0.262858100,1.728623391
0.263061500,1.736762839
0.263265000,1.744902355
0.263468400,1.749041803
0.263671900,1.757181319
0.263875300,1.761320767
0.264078800,1.765460283
0.264282200,1.777599730
0.264485700,1.781739247
0.264689100,1.789878694
0.264892600,1.794018210
0.265096000,1.802157658
0.265299500,1.806297174
0.265502900,1.814436622
0.265706400,1.818576138
0.265909800,1.822715586
0.266113300,1.830855102
0.266316700,1.834994550
0.266520200,1.843134066
0.266723600,1.847273514
0.266927100,1.855413030
0.267130500,1.859552477
0.267334000,1.867691994
0.267537400,1.867831441
0.267740900,1.875970957
0.267944300,1.880110405
0.268147800,1.884249921
0.268351200,1.892389369
0.268554700,1.896528885
0.268758100,1.904668333
0.268961600,1.904807849
0.269165000,1.912947297
0.269368500,1.917086813
0.269571900,1.917226260
0.269775400,1.929365777
0.269978800,1.929505224
0.270182300,1.937644740
0.270385700,1.941784188
0.270589200,1.945923704
0.270792600,1.950063152
0.270996100,1.954202668
0.271199500,1.958342116
0.271403000,1.962481632
0.271606400,1.966621080
0.271809900,1.970760596
0.272013300,1.974900043
0.272216800,1.979039560
0.272420200,1.983179007
0.272623700,1.987318524
0.272827100,1.991457971
0.273030600,1.995597487
0.273234000,1.999736935
0.273437500,2.003876451
0.273641000,2.004015967
0.273844400,2.012155415
0.274047900,2.012294931
0.274251300,2.016434379
0.274454800,2.020573895
0.274658200,2.024713343
0.274861700,2.028852859
0.275065100,2.032992307
0.275268600,2.037131823
0.275472000,2.041271270
0.275675500,2.041410787
0.275878900,2.045550234
0.276082400,2.049689750
0.276285800,2.049829198
0.276489300,2.057968714
0.276692700,2.058108162
0.276896200,2.062247678
0.277099600,2.066387126
0.277303100,2.070526642
0.277506500,2.070666090
0.277710000,2.074805606
0.277913400,2.078945053
0.278116900,2.079084570
0.278320300,2.083224017
0.278523800,2.083363534
0.278727200,2.091502981
0.278930700,2.091642497
0.279134100,2.095781945
0.279337600,2.095921461
0.279541000,2.100060909
0.279744500,2.104200425
0.279947900,2.108339873
0.280151400,2.108479389
0.280354800,2.108618837
0.280558300,2.112758353
0.280761700,2.112897800
0.280965200,2.121037317
0.281168600,2.121176764
0.281372100,2.125316280
0.281575500,2.125455728
0.281779000,2.129595244
0.281982400,2.129734692
0.282185900,2.133874208
0.282389300,2.134013656
0.282592800,2.134153172
0.282796200,2.142292620
0.282999700,2.142432136
0.283203100,2.146571583
0.283406600,2.146711100
0.283610000,2.150850547
0.283813500,2.150990063
0.284016900,2.155129511
0.284220400,2.155269027
0.284423800,2.159408475
0.284627300,2.159547991
0.284830700,2.163687439
0.285034200,2.163826955
0.285237600,2.159966403
0.285441100,2.164105919
0.285644500,2.164245366
0.285848000,2.168384883
0.286051400,2.168524330
0.286254900,2.172663847
0.286458300,2.172803294
0.286661800,2.176942810
0.286865200,2.173082258
0.287068700,2.177221774
0.287272100,2.177361222
0.287475600,2.181500738
0.287679000,2.181640186
0.287882500,2.181779702
0.288085900,2.181919150
0.288289400,2.182058666
0.288492800,2.186198113
0.288696300,2.182337630
0.288899700,2.186477077
0.289103200,2.186616593
0.289306600,2.186756041
0.289510100,2.186895557
0.289713500,2.191035005
0.289917000,2.187174521
0.290120400,2.191313969
0.290323900,2.187453485
0.290527300,2.191592933
0.290730800,2.187732449
0.290934200,2.191871896
0.291137700,2.192011413
0.291341100,2.188150860
0.291544600,2.188290376
0.291748000,2.188429824
0.291951500,2.188569340
0.292154900,2.188708788
0.292358400,2.188848304
0.292561800,2.184987752
0.292765300,2.189127268
0.292968800,2.185266784
0.293172200,2.189406232
0.293375700,2.185545748
0.293579100,2.185685196
0.293782600,2.185824712
0.293986000,2.181964160
0.294189500,2.182103676
0.294392900,2.178243123
0.294596400,2.178382640
0.294799800,2.174522087
0.295003300,2.178661603
0.295206700,2.174801051
0.295410200,2.174940567
0.295613600,2.171080015
0.295817100,2.171219531
0.296020500,2.167358979
0.296224000,2.167498495
0.296427400,2.167637943
0.296630900,2.163777459
0.296834300,2.159916906
0.297037800,2.160056423
0.297241200,2.160195870
0.297444700,2.156335386
0.297648100,2.152474834
0.297851600,2.148614350
0.298055000,2.148753798
0.298258500,2.144893314
0.298461900,2.145032762
0.298665400,2.137172278
0.298868800,2.137311726
0.299072300,2.133451242
0.299275700,2.133590690
0.299479200,2.125730206
0.299682600,2.125869653
0.299886100,2.122009170
0.300089500,2.118148617
0.300293000,2.110288133
0.300496400,2.110427581
0.300699900,2.102567097
0.300903300,2.102706545
0.301106800,2.098846061
0.301310200,2.094985509
0.301513700,2.087125025
0.301717100,2.087264473
0.301920600,2.079403989
0.302124000,2.071543436
0.302327500,2.067682953
0.302530900,2.063822400
0.302734400,2.055961916
0.302937800,2.052101364
0.303141300,2.052240880
0.303344700,2.040380328
0.303548200,2.036519844
0.303751600,2.032659292
0.303955100,2.028798808
0.304158500,2.016938256
0.304362000,2.017077772
0.304565400,2.009217219
0.304768900,2.001356736
0.304972300,1.997496183
0.305175800,1.993635700
0.305379200,1.981775147
0.305582700,1.981914663
0.305786100,1.974054111
0.305989600,1.970193627
0.306193000,1.958333075
0.306396500,1.958472591
0.306599900,1.950612039
0.306803400,1.942751555
0.307006800,1.934891003
0.307210300,1.927030519
0.307413700,1.919169966
0.307617200,1.915309483
0.307820600,1.911448930
0.308024100,1.903588446
0.308227500,1.895727894
0.308431000,1.891867410
0.308634400,1.888006858
0.308837900,1.876146374
0.309041300,1.876285822
0.309244800,1.868425338
0.309448200,1.860564786
0.309651700,1.856704302
0.309855100,1.852843749
0.310058600,1.848983266
0.310262000,1.841122713
0.310465500,1.837262229
0.310668900,1.833401677
0.310872400,1.825541193
0.311075800,1.821680641
0.311279300,1.817820157
0.311482700,1.813959605
0.311686200,1.806099121
0.311889600,1.806238569
0.312093100,1.798378085
0.312296500,1.798517532
0.312500000,1.794657049
0.312703500,1.794796565
0.312906900,1.786936013
0.313110400,1.787075529
0.313313800,1.783214976
0.313517300,1.775354493
0.313720700,1.775493940
0.313924200,1.771633456
0.314127600,1.771772904
0.314331100,1.767912420
0.314534500,1.768051868
0.314738000,1.764191384
0.314941400,1.764330832
0.315144900,1.760470348
0.315348300,1.764609796
0.315551800,1.756749312
0.315755200,1.760888759
0.315958700,1.757028276
0.316162100,1.757167723
0.316365600,1.757307239
0.316569000,1.757446687
0.316772500,1.757586203
0.316975900,1.757725651
0.317179400,1.753865167
0.317382800,1.758004615
0.317586300,1.754144131
0.317789700,1.754283579
0.317993200,1.754423095
0.318196600,1.754562543
0.318400100,1.754702059
0.318603500,1.754841506
0.318807000,1.754981023
0.319010400,1.755120470
0.319213900,1.755259986
0.319417300,1.755399434
0.319620800,1.755538950
0.319824200,1.755678398
0.320027700,1.755817914
0.320231100,1.755957362
0.320434600,1.752096878
0.320638000,1.756236326
0.320841500,1.752375842
0.321044900,1.756515289
0.321248400,1.752654806
0.321451800,1.756794253
0.321655300,1.752933769
0.321858700,1.753073217
0.322062200,1.753212733
0.322265600,1.753352181
0.322469100,1.749491697
0.322672500,1.749631145
0.322876000,1.745770661
0.323079400,1.749910109
0.323282900,1.746049625
0.323486300,1.746189072
0.323689800,1.742328589
0.323893200,1.742468036
0.324096700,1.742607553
0.324300100,1.738747000
0.324503600,1.734886516
0.324707000,1.735025964
0.324910500,1.731165480
0.325113900,1.731304928
0.325317400,1.727444444
0.325520800,1.727583892
0.325724300,1.719723408
0.325927700,1.719862856
0.326131200,1.716002372
0.326334600,1.712141819
0.326538100,1.708281336
0.326741500,1.708420783
0.326945000,1.700560299
0.327148400,1.700699747
0.327351900,1.696839263
0.327555300,1.696978711
0.327758800,1.685118227
0.327962200,1.685257675
0.328165700,1.681397191
0.328369100,1.673536639
0.328572600,1.669676155
0.328776000,1.669815602
0.328979500,1.657955119
0.329182900,1.654094566
0.329386400,1.650234082
0.329589800,1.650373530
0.329793300,1.638513046
0.329996700,1.634652494
0.330200200,1.630792010
0.330403600,1.622931458
0.330607100,1.615070974
0.330810500,1.611210422
0.331014000,1.599349938
0.331217400,1.595489385
0.331420900,1.591628902
0.331624300,1.579768349
0.331827800,1.575907866
0.332031200,1.572047313
0.332234700,1.564186829
0.332438200,1.552326346
0.332641600,1.544465793
0.332845100,1.544605309
0.333048500,1.528744757
0.333252000,1.524884273
0.333455400,1.517023721
0.333658900,1.505163237
0.333862300,1.497302685
0.334065800,1.493442201
0.334269200,1.485581649
0.334472700,1.473721165
0.334676100,1.465860612
0.334879600,1.462000129
0.335083000,1.446139576
0.335286500,1.442279092
0.335489900,1.434418540
0.335693400,1.418558056
0.335896800,1.410697504
0.336100300,1.406837020
0.336303700,1.398976468
0.336507200,1.387115984
0.336710600,1.375255432
0.336914100,1.371394948
0.337117500,1.355534395
0.337321000,1.351673912
0.337524400,1.339813359
0.337727900,1.327952876
0.337931300,1.320092323
0.338134800,1.316231839
0.338338200,1.304371287
0.338541700,1.292510803
0.338745100,1.284650251
0.338948600,1.280789767
0.339152000,1.260929215
0.339355500,1.257068731
0.339558900,1.249208179
0.339762400,1.233347695
0.339965800,1.225487142
0.340169300,1.221626659
0.340372700,1.201766106
0.340576200,1.197905622
0.340779600,1.194045070
0.340983100,1.186184586
0.341186500,1.174324034
0.341390000,1.162463550
0.341593400,1.158602998
0.341796900,1.142742514
0.342000300,1.138881962
0.342203800,1.131021478
0.342407200,1.115160925
0.342610700,1.107300442
0.342814100,1.103439889
0.343017600,1.095579405
0.343221000,1.083718853
0.343424500,1.075858369
0.343627900,1.071997817
0.343831400,1.056137333
0.344034800,1.052276781
0.344238300,1.044416297
0.344441700,1.032555745
0.344645200,1.024695261
0.344848600,1.020834709
0.345052100,1.012974225
0.345255500,1.001113672
0.345459000,0.993253189
0.345662400,0.989392636
0.345865900,0.973532152
0.346069300,0.969671600
0.346272800,0.961811116
0.346476200,0.949950564
0.346679700,0.942090080
0.346883100,0.938229528
0.347086600,0.930369044
0.347290000,0.918508492
0.347493500,0.914648008
0.347696900,0.906787455
0.347900400,0.898926972
0.348103800,0.891066419
0.348307300,0.887205935
0.348510700,0.871345383
0.348714200,0.867484899
0.348917600,0.859624347
0.349121100,0.855763863
0.349324500,0.839903311
0.349528000,0.836042827
0.349731400,0.828182275
0.349934900,0.816321791
0.350138300,0.808461238
0.350341800,0.804600755
0.350545200,0.788740202
0.350748700,0.784879719
0.350952100,0.777019166
0.351155600,0.765158682
0.351359000,0.757298130
0.351562500,0.753437646
0.351766000,0.741577162
0.351969400,0.729716610
0.352172900,0.725856126
0.352376300,0.717995574
0.352579800,0.702135090
0.352783200,0.694274538
0.352986700,0.690414054
0.353190100,0.670553502
0.353393600,0.666693018
0.353597000,0.658832465
0.353800500,0.650971982
0.354003900,0.635111429
0.354207400,0.627250945
0.354410800,0.619390393
0.354614300,0.603529909
0.354817700,0.595669357
0.355021200,0.587808873
0.355224600,0.567948321
0.355428100,0.564087837
0.355631500,0.552227285
0.355835000,0.548366801
0.356038400,0.524506248
0.356241900,0.520645765
0.356445300,0.512785212
0.356648800,0.492924729
0.356852200,0.485064176
0.357055700,0.473203692
0.357259100,0.457343140
0.357462600,0.445482656
0.357666000,0.437622104
0.357869500,0.429761620
0.358072900,0.409901068
0.358276400,0.398040584
0.358479800,0.390180032
0.358683300,0.366319548
0.358886700,0.362458995
0.359090200,0.350598512
0.359293600,0.330737959
0.359497100,0.318877475
0.359700500,0.311016923
0.359904000,0.291156439
0.360107400,0.279295887
0.360310900,0.271435403
0.360514300,0.255574851
0.360717800,0.235714367
0.360921200,0.223853815
0.361124700,0.215993331
0.361328100,0.192132778
0.361531600,0.184272295
0.361735000,0.168411742
0.361938500,0.148551258
0.362141900,0.136690706
0.362345400,0.128830222
0.362548800,0.112969670
0.362752300,0.093109186
0.362955700,0.085248634
0.363159200,0.069388150
0.363362600,0.049527598
0.363566100,0.037667114
0.363769500,0.029806561
0.363973000,0.001946078
0.364176400,-0.005914475
0.364379900,-0.021774958
0.364583300,-0.029635511
0.364786800,-0.053495995
0.364990200,-0.065356547
0.365193700,-0.077217031
0.365397100,-0.097077583
0.365600600,-0.108938067
0.365804000,-0.120798619
0.366007500,-0.140659103
0.366210900,-0.152519655
0.366414400,-0.160380139
0.366617800,-0.176240692
0.366821300,-0.196101175
0.367024700,-0.207961728
0.367228200,-0.215822212
0.367431600,-0.239682764
0.367635100,-0.247543248
0.367838500,-0.259403800
0.368042000,-0.279264284
0.368245400,-0.291124836
0.368448900,-0.298985320
0.368652300,-0.314845872
0.368855800,-0.326706356
0.369059200,-0.334566909
0.369262700,-0.346427392
0.369466100,-0.362287945
0.369669600,-0.374148428
0.369873000,-0.378008981
0.370076500,-0.397869465
0.370279900,-0.405730017
0.370483400,-0.413590501
0.370686800,-0.429451053
0.370890300,-0.437311537
0.371093700,-0.441172089
0.371297200,-0.445032573
0.371500700,-0.464893057
0.371704100,-0.468753609
0.371907600,-0.476614093
0.372111000,-0.484474645
0.372314500,-0.492335129
0.372517900,-0.496195682
0.372721400,-0.508056165
0.372924800,-0.511916718
0.373128300,-0.519777202
0.373331700,-0.519637754
0.373535200,-0.527498238
0.373738600,-0.535358790
0.373942100,-0.535219274
0.374145500,-0.543079826
0.374349000,-0.546940310
0.374552400,-0.550800862
0.374755900,-0.554661346
0.374959300,-0.558521899
0.375162800,-0.558382382
0.375366200,-0.562242935
0.375569700,-0.562103418
0.375773100,-0.561963971
0.375976600,-0.565824455
0.376180000,-0.565685007
0.376383500,-0.569545491
0.376586900,-0.565406043
0.376790400,-0.569266527
0.376993800,-0.569127079
0.377197300,-0.568987563
0.377400700,-0.564848115
0.377604200,-0.568708599
0.377807600,-0.564569152
0.378011100,-0.560429635
0.378214500,-0.564290188
0.378418000,-0.560150672
0.378621400,-0.560011224
0.378824900,-0.555871708
0.379028300,-0.559732260
0.379231800,-0.555592744
0.379435200,-0.555453296
0.379638700,-0.551313780
0.379842100,-0.551174332
0.380045600,-0.547034816
0.380249000,-0.542895369
0.380452500,-0.542755852
0.380655900,-0.538616405
0.380859400,-0.538476889
0.381062800,-0.534337441
0.381266300,-0.534197925
0.381469700,-0.526058477
0.381673200,-0.525918961
0.381876600,-0.521779513
0.382080100,-0.517639997
0.382283500,-0.517500549
0.382487000,-0.513361033
0.382690400,-0.513221586
0.382893900,-0.509082069
0.383097300,-0.508942622
0.383300800,-0.504803105
0.383504200,-0.504663658
0.383707700,-0.500524142
0.383911100,-0.500384694
0.384114600,-0.492245178
0.384318000,-0.488105730
0.384521500,-0.487966214
0.384724900,-0.483826766
0.384928400,-0.483687250
0.385131800,-0.479547802
0.385335300,-0.479408286
0.385538700,-0.475268839
0.385742200,-0.479129322
0.385945600,-0.474989875
0.386149100,-0.470850359
0.386352500,-0.470710911
0.386556000,-0.466571395
0.386759400,-0.466431947
0.386962900,-0.462292431
0.387166300,-0.462152983
0.387369800,-0.458013467
0.387573200,-0.457874019
0.387776700,-0.453734503
0.387980100,-0.449595056
0.388183600,-0.453455539
0.388387000,-0.449316092
0.388590500,-0.449176576
0.388793900,-0.445037128
0.388997400,-0.444897612
0.389200800,-0.440758164
0.389404300,-0.436618648
0.389607700,-0.436479200
0.389811200,-0.432339684
0.390014600,-0.432200236
0.390218100,-0.432060720
0.390421500,-0.431921272
0.390625000,-0.427781756
0.390828500,-0.427642240
0.391031900,-0.423502792
0.391235400,-0.419363276
0.391438800,-0.419223829
0.391642300,-0.415084312
0.391845700,-0.414944865
0.392049200,-0.410805349
0.392252600,-0.410665901
0.392456100,-0.406526385
0.392659500,-0.406386937
0.392863000,-0.402247421
0.393066400,-0.398107973
0.393269900,-0.397968457
0.393473300,-0.393829009
0.393676800,-0.393689493
0.393880200,-0.389550046
0.394083700,-0.389410529
0.394287100,-0.385271082
0.394490600,-0.381131566
0.394694000,-0.380992118
0.394897500,-0.376852602
0.395100900,-0.376713154
0.395304400,-0.368573638
0.395507800,-0.368434190
0.395711300,-0.364294674
0.395914700,-0.364155226
0.396118200,-0.360015710
0.396321600,-0.355876262
0.396525100,-0.351736746
0.396728500,-0.347597299
0.396932000,-0.347457782
0.397135400,-0.343318335
0.397338900,-0.343178819
0.397542300,-0.335039371
0.397745800,-0.330899855
0.397949200,-0.330760407
0.398152700,-0.326620891
0.398356100,-0.322481443
0.398559600,-0.318341927
0.398763000,-0.318202479
0.398966500,-0.314062963
0.399169900,-0.305923516
0.399373400,-0.305783999
0.399576800,-0.301644552
0.399780300,-0.301505036
0.399983700,-0.293365588
0.400187200,-0.293226072
0.400390600,-0.289086624
0.400594100,-0.284947108
0.400797500,-0.284807660
0.401001000,-0.276668144
0.401204400,-0.276528696
0.401407900,-0.272389180
0.401611300,-0.272249733
0.401814800,-0.268110216
0.402018200,-0.263970769
0.402221700,-0.259831252
0.402425100,-0.255691805
0.402628600,-0.255552289
0.402832000,-0.251412841
0.403035500,-0.251273325
0.403238900,-0.247133877
0.403442400,-0.242994361
0.403645800,-0.242854913
0.403849300,-0.238715397
0.404052700,-0.238575949
0.404256200,-0.234436433
0.404459600,-0.238296986
0.404663100,-0.234157469
0.404866500,-0.230018022
0.405070000,-0.229878506
0.405273400,-0.225739058
0.405476900,-0.225599542
0.405680300,-0.225460094
0.405883800,-0.225320578
0.406087200,-0.225181130
0.406290700,-0.221041614
0.406494100,-0.220902166
0.406697600,-0.220762650
0.406901000,-0.220623203
0.407104500,-0.220483686
0.407307900,-0.220344239
0.407511400,-0.220204723
0.407714800,-0.220065275
0.407918300,-0.219925759
0.408121700,-0.219786311
0.408325200,-0.219646795
0.408528600,-0.223507347
0.408732100,-0.223367831
0.408935500,-0.223228383
0.409139000,-0.223088867
0.409342400,-0.226949420
0.409545900,-0.222809903
0.409749300,-0.230670456
0.409952800,-0.226530939
0.410156200,-0.226391492
0.410359700,-0.230251976
0.410563200,-0.230112459
0.410766600,-0.233973012
0.410970100,-0.233833496
0.411173500,-0.237694048
0.411377000,-0.237554532
0.411580400,-0.237415084
0.411783900,-0.245275568
0.411987300,-0.245136120
0.412190800,-0.244996604
0.412394200,-0.244857156
0.412597700,-0.252717640
0.412801100,-0.252578193
0.413004600,-0.252438676
0.413208000,-0.260299229
0.413411500,-0.256159713
0.413614900,-0.260020265
0.413818400,-0.263880749
0.414021800,-0.263741301
0.414225300,-0.267601785
0.414428700,-0.267462337
0.414632200,-0.275322821
0.414835600,-0.275183373
0.415039100,-0.279043857
0.415242500,-0.278904410
0.415446000,-0.278764893
0.415649400,-0.282625446
0.415852900,-0.286485929
0.416056300,-0.290346482
0.416259800,-0.290206966
0.416463200,-0.294067518
0.416666700,-0.297928002
0.416870100,-0.297788554
0.417073600,-0.301649038
0.417277000,-0.305509590
0.417480500,-0.309370074
0.417683900,-0.309230626
0.417887400,-0.313091110
0.418090800,-0.316951663
0.418294300,-0.316812146
0.418497700,-0.324672699
0.418701200,-0.324533183
0.418904600,-0.324393735
0.419108100,-0.328254219
0.419311500,-0.332114771
0.419515000,-0.335975255
0.419718400,-0.335835807
0.419921900,-0.339696291
0.420125300,-0.343556843
0.420328800,-0.343417327
0.420532200,-0.351277880
0.420735700,-0.351138363
0.420939100,-0.354998916
0.421142600,-0.358859399
0.421346000,-0.362719952
0.421549500,-0.366580436
0.421752900,-0.366440988
0.421956400,-0.374301472
0.422159800,-0.374162024
0.422363300,-0.374022508
0.422566700,-0.381883060
0.422770200,-0.381743544
0.422973600,-0.385604096
0.423177100,-0.385464580
0.423380500,-0.389325133
0.423584000,-0.389185616
0.423787400,-0.389046169
0.423990900,-0.396906653
0.424194300,-0.396767205
0.424397800,-0.396627689
0.424601200,-0.400488241
0.424804700,-0.400348725
0.425008100,-0.404209277
0.425211600,-0.404069761
0.425415000,-0.407930313
0.425618500,-0.407790797
0.425821900,-0.403651350
0.426025400,-0.411511833
0.426228800,-0.407372386
0.426432300,-0.411232870
0.426635700,-0.411093422
0.426839200,-0.406953906
0.427042600,-0.406814458
0.427246100,-0.406674942
0.427449500,-0.406535494
0.427653000,-0.406395978
0.427856400,-0.402256530
0.428059900,-0.402117014
0.428263300,-0.397977567
0.428466800,-0.397838050
0.428670200,-0.393698603
0.428873700,-0.389559086
0.429077100,-0.389419639
0.429280600,-0.385280123
0.429484000,-0.385140675
0.429687500,-0.381001159
0.429891000,-0.372861643
0.430094400,-0.372722195
0.430297900,-0.364582679
0.430501300,-0.364443231
0.430704800,-0.356303715
0.430908200,-0.348164267
0.431111700,-0.348024751
0.431315100,-0.335885303
0.431518600,-0.335745787
0.431722000,-0.327606340
0.431925500,-0.319466823
0.432128900,-0.311327376
0.432332400,-0.307187860
0.432535800,-0.303048412
0.432739300,-0.290908896
0.432942700,-0.282769448
0.433146200,-0.278629932
0.433349600,-0.262490484
0.433553100,-0.258350968
0.433756500,-0.250211520
0.433960000,-0.242072004
0.434163400,-0.229932557
0.434366900,-0.221793040
0.434570300,-0.217653593
0.434773800,-0.201514076
0.434977200,-0.193374629
0.435180700,-0.185235113
0.435384100,-0.169095665
0.435587600,-0.164956149
0.435791000,-0.152816701
0.435994500,-0.136677185
0.436197900,-0.128537737
0.436401400,-0.120398221
0.436604800,-0.112258773
0.436808300,-0.096119257
0.437011700,-0.083979810
0.437215200,-0.075840293
0.437418600,-0.059700846
0.437622100,-0.051561330
0.437825500,-0.039421882
0.438029000,-0.023282366
0.438232400,-0.015142918
0.438435900,-0.003003402
0.438639300,0.009136046
0.438842800,0.021275562
0.439046200,0.033415010
0.439249700,0.041554526
0.439453100,0.061693973
0.439656600,0.073833490
0.439860000,0.081972937
0.440063500,0.098112453
0.440266900,0.106251901
0.440470400,0.118391417
0.440673800,0.130530865
0.440877300,0.146670381
0.441080700,0.154809829
0.441284200,0.162949345
0.441487600,0.183088793
0.441691100,0.195228309
0.441894500,0.203367757
0.442098000,0.219507273
0.442301400,0.227646720
0.442504900,0.239786237
0.442708300,0.251925684
0.442911800,0.264065200
0.443115200,0.276204648
0.443318700,0.288344164
0.443522100,0.300483612
0.443725600,0.312623128
0.443929000,0.316762576
0.444132500,0.332902092
0.444335900,0.345041540
0.444539400,0.353181056
0.444742800,0.369320503
0.444946300,0.373460020
0.445149700,0.385599467
0.445353200,0.393738983
0.445556600,0.405878431
0.445760100,0.418017947
0.445963500,0.422157395
0.446167000,0.438296911
0.446370400,0.446436359
0.446573900,0.454575875
0.446777300,0.466715323
0.446980800,0.478854839
0.447184200,0.482994286
0.447387700,0.491133803
0.447591100,0.503273250
0.447794600,0.511412767
0.447998000,0.519552214
0.448201500,0.527691730
0.448404900,0.539831178
0.448608400,0.543970694
0.448811800,0.556110142
0.449015300,0.564249658
0.449218700,0.568389106
0.449422200,0.576528622
0.449625700,0.588668138
0.449829100,0.592807586
0.450032600,0.600947102
0.450236000,0.609086550
0.450439500,0.617226066
0.450642900,0.625365513
0.450846400,0.633505030
0.451049800,0.641644477
0.451253300,0.649783993
0.451456700,0.653923441
0.451660200,0.662062957
0.451863600,0.666202405
0.452067100,0.674341921
0.452270500,0.686481369
0.452474000,0.690620885
0.452677400,0.694760333
0.452880900,0.702899849
0.453084300,0.711039296
0.453287800,0.715178813
0.453491200,0.719318260
0.453694700,0.731457777
0.453898100,0.739597224
0.454101600,0.739736740
0.454305000,0.751876188
0.454508500,0.752015704
0.454711900,0.760155152
0.454915400,0.772294668
0.455118800,0.772434116
0.455322300,0.780573632
0.455525700,0.788713080
0.455729200,0.792852596
0.455932600,0.800992043
0.456136100,0.801131560
0.456339500,0.813271007
0.456543000,0.817410523
0.456746400,0.821549971
0.456949900,0.829689487
0.457153300,0.837828935
0.457356800,0.837968451
0.457560200,0.846107899
0.457763700,0.850247415
0.457967100,0.858386863
0.458170600,0.862526379
0.458374000,0.866665826
0.458577500,0.874805343
0.458780900,0.878944790
0.458984400,0.883084306
0.459187800,0.891223754
0.459391300,0.891363270
0.459594700,0.899502718
0.459798200,0.907642234
0.460001600,0.907781682
0.460205100,0.911921198
0.460408500,0.920060646
0.460612000,0.924200162
0.460815400,0.928339609
0.461018900,0.932479126
0.461222300,0.936618573
0.461425800,0.940758090
0.461629200,0.944897537
0.461832700,0.949037053
0.462036100,0.953176501
0.462239600,0.953316017
0.462443000,0.961455465
0.462646500,0.965594981
0.462849900,0.965734429
0.463053400,0.969873945
0.463256800,0.974013393
0.463460300,0.978152909
0.463663700,0.982292356
0.463867200,0.982431873
0.464070600,0.986571320
0.464274100,0.990710836
0.464477500,0.990850284
0.464681000,0.994989800
0.464884400,0.995129248
0.465087900,0.999268764
0.465291300,1.003408212
0.465494800,1.003547728
0.465698200,1.003687176
0.465901700,1.007826692
0.466105100,1.007966139
0.466308600,1.012105656
0.466512000,1.012245103
0.466715500,1.012384619
0.466918900,1.016524067
0.467122400,1.012663583
0.467325800,1.016803031
0.467529300,1.020942547
0.467732700,1.017081995
0.467936200,1.021221511
0.468139600,1.025360959
0.468343100,1.021500475
0.468546500,1.021639923
0.468750000,1.025779439
0.468953500,1.025918955
0.469156900,1.026058403
0.469360400,1.022197919
0.469563800,1.026337366
0.469767300,1.026476883
0.469970700,1.026616330
0.470174200,1.026755846
0.470377600,1.026895294
0.470581100,1.027034810
0.470784500,1.031174258
0.470988000,1.031313774
0.471191400,1.027453222
0.471394900,1.031592738
0.471598300,1.027732186
0.471801800,1.027871702
0.472005200,1.032011149
0.472208700,1.028150666
0.472412100,1.028290113
0.472615600,1.032429630
0.472819000,1.032569077
0.473022500,1.032708593
0.473225900,1.032848041
0.473429400,1.032987557
0.473632800,1.033127005
0.473836300,1.033266521
0.474039700,1.033405969
0.474243200,1.037545485
0.474446600,1.033684933
0.474650100,1.033824449
0.474853500,1.037963896
0.475057000,1.034103413
0.475260400,1.038242860
0.475463900,1.042382376
0.475667300,1.038521824
0.475870800,1.042661340
0.476074200,1.042800788
0.476277700,1.042940304
0.476481100,1.043079752
0.476684600,1.047219268
0.476888000,1.047358716
0.477091500,1.047498232
0.477294900,1.047637679
0.477498400,1.051777196
0.477701800,1.055916643
0.477905300,1.052056159
0.478108700,1.056195607
0.478312200,1.060335123
0.478515600,1.060474571
0.478719100,1.060614087
0.478922500,1.064753535
0.479126000,1.064893051
0.479329400,1.069032499
0.479532900,1.073172015
0.479736300,1.073311462
0.479939800,1.077450979
0.480143200,1.081590426
0.480346700,1.081729943
0.480550100,1.085869390
0.480753600,1.086008906
0.480957000,1.090148354
0.481160500,1.094287870
0.481363900,1.094427318
0.481567400,1.098566834
0.481770800,1.102706282
0.481974300,1.102845798
0.482177700,1.106985246
0.482381200,1.111124762
0.482584600,1.111264209
0.482788100,1.115403726
0.482991500,1.119543173
0.483195000,1.119682689
0.483398400,1.123822137
0.483601900,1.127961653
0.483805300,1.128101101
0.484008800,1.132240617
0.484212200,1.136380065
0.484415700,1.140519581
0.484619100,1.144659029
0.484822600,1.144798545
0.485026000,1.148937992
0.485229500,1.153077509
0.485432900,1.153216956
0.485636400,1.157356472
0.485839800,1.161495920
0.486043300,1.161635436
0.486246700,1.169774884
0.486450200,1.173914400
0.486653600,1.174053848
0.486857100,1.178193364
0.487060500,1.182332812
0.487264000,1.182472328
0.487467400,1.186611776
0.487670900,1.190751292
0.487874300,1.190890739
0.488077800,1.195030256
0.488281200,1.199169703
0.488484700,1.199309219
0.488688200,1.203448736
0.488891600,1.207588183
0.489095100,1.207727699
0.489298500,1.215867147
0.489502000,1.220006663
0.489705400,1.220146111
0.489908900,1.224285627
0.490112300,1.228425075
0.490315800,1.228564591
0.490519200,1.232704039
0.490722700,1.232843555
0.490926100,1.236983002
0.491129600,1.241122519
0.491333000,1.241261966
0.491536500,1.245401482
0.491739900,1.249540930
0.491943400,1.249680446
0.492146800,1.253819894
0.492350300,1.257959410
0.492553700,1.258098858
0.492757200,1.262238374
0.492960600,1.266377822
0.493164100,1.266517338
0.493367500,1.270656786
0.493571000,1.274796302
0.493774400,1.274935749
0.493977900,1.279075266
0.494181300,1.287214713
0.494384800,1.287354229
0.494588200,1.291493677
0.494791700,1.295633193
0.494995100,1.295772641
0.495198600,1.299912157
0.495402000,1.308051605
0.495605500,1.308191121
0.495808900,1.312330569
0.496012400,1.316470085
0.496215800,1.320609532
0.496419300,1.324749049
0.496622700,1.328888496
0.496826200,1.333028012
0.497029600,1.337167460
0.497233100,1.341306976
0.497436500,1.345446424
0.497640000,1.349585940
0.497843400,1.353725388
0.498046900,1.357864904
0.498250300,1.362004352
0.498453800,1.370143868
0.498657200,1.374283315
0.498860700,1.378422832
0.499064100,1.382562279
0.499267600,1.386701796
0.499471000,1.394841243
0.499674500,1.398980759
0.499877900,1.403120207
0.500081400,1.411259723
0.500284800,1.415399171
0.500488300,1.419538687
0.500691700,1.427678135
0.500895200,1.431817651
0.501098600,1.435957099
0.501302100,1.444096615
0.501505500,1.452236062
0.501709000,1.452375579
0.501912400,1.460515026
0.502115900,1.468654542
0.502319300,1.472793990
0.502522800,1.476933506
0.502726200,1.489072954
0.502929700,1.489212470
0.503133100,1.497351918
0.503336600,1.505491434
0.503540000,1.509630882
0.503743500,1.513770398
0.503946900,1.521909845
0.504150400,1.526049362
0.504353800,1.534188809
0.504557300,1.538328325
0.504760700,1.546467773
0.504964200,1.550607289
0.505167600,1.558746737
0.505371100,1.562886253
0.505574500,1.571025701
0.505778000,1.575165217
0.505981400,1.579304665
0.506184900,1.587444181
0.506388300,1.595583628
0.506591800,1.595723145
0.506795200,1.607862592
0.506998700,1.612002109
0.507202100,1.616141556
0.507405600,1.624281072
0.507609000,1.628420520
0.507812500,1.636560036
0.508016000,1.636699552
0.508219400,1.644839000
0.508422900,1.652978516
0.508626300,1.653117964
0.508829800,1.661257480
0.509033200,1.669396928
0.509236700,1.669536444
0.509440100,1.677675892
0.509643600,1.685815408
0.509847000,1.685954855
0.510050500,1.690094372
0.510253900,1.698233819
0.510457400,1.702373335
0.510660800,1.706512783
0.510864300,1.714652299
0.511067700,1.714791747
0.511271200,1.718931263
0.511474600,1.727070711
0.511678100,1.727210227
0.511881500,1.735349675
0.512085000,1.739489191
0.512288400,1.743628638
0.512491900,1.747768155
0.512695300,1.751907602
0.512898800,1.756047119
0.513102200,1.760186566
0.513305700,1.764326082
0.513509100,1.772465530
0.513712600,1.772605046
0.513916000,1.776744494
0.514119500,1.784884010
0.514322900,1.785023458
0.514526400,1.789162974
0.514729800,1.793302422
0.514933300,1.793441938
0.515136700,1.801581385
0.515340200,1.805720902
0.515543600,1.805860349
0.515747100,1.809999865
0.515950500,1.814139313
0.516154000,1.814278829
0.516357400,1.822418277
0.516560900,1.826557793
0.516764300,1.826697241
0.516967800,1.830836757
0.517171200,1.834976205
0.517374700,1.839115721
0.517578100,1.839255168
0.517781600,1.843394685
0.517985000,1.847534132
0.518188500,1.847673649
0.518391900,1.851813096
0.518595400,1.855952612
0.518798800,1.856092060
0.519002300,1.860231576
0.519205700,1.864371024
0.519409200,1.864510540
0.519612600,1.868649988
0.519816100,1.872789504
0.520019500,1.872928952
0.520223000,1.877068468
0.520426400,1.881207915
0.520629900,1.885347432
0.520833300,1.881486879
0.521036800,1.885626395
0.521240200,1.889765843
0.521443700,1.889905359
0.521647100,1.894044807
0.521850600,1.898184323
0.522054000,1.894323771
0.522257500,1.898463287
0.522460900,1.902602735
0.522664400,1.902742251
0.522867800,1.902881698
0.523071300,1.907021215
0.523274700,1.907160662
0.523478200,1.907300178
0.523681600,1.911439626
0.523885100,1.911579142
0.524088500,1.911718590
0.524292000,1.911858106
0.524495400,1.915997554
0.524698900,1.916137070
0.524902300,1.916276518
0.525105800,1.920416034
0.525309200,1.916555481
0.525512700,1.920694998
0.525716100,1.920834445
0.525919600,1.920973962
0.526123000,1.921113409
0.526326500,1.921252925
0.526529900,1.925392373
0.526733400,1.921531889
0.526936800,1.921671337
0.527140300,1.925810853
0.527343700,1.921950301
0.527547200,1.926089817
0.527750700,1.926229333
0.527954100,1.922368781
0.528157600,1.926508297
0.528361000,1.926647745
0.528564500,1.926787261
0.528767900,1.922926708
0.528971400,1.923066225
0.529174800,1.923205672
0.529378300,1.923345188
0.529581700,1.923484636
0.529785200,1.923624152
0.529988600,1.919763600
0.530192100,1.919903116
0.530395500,1.920042564
0.530599000,1.920182080
0.530802400,1.916321528
0.531005900,1.916461044
0.531209300,1.916600491
0.531412800,1.912740008
0.531616200,1.912879455
0.531819700,1.913018972
0.532023100,1.909158419
0.532226600,1.913297935
0.532430000,1.909437383
0.532633500,1.909576899
0.532836900,1.905716347
0.533040400,1.905855863
0.533243800,1.905995311
0.533447300,1.902134827
0.533650700,1.898274275
0.533854200,1.898413791
0.534057600,1.894553238
0.534261100,1.894692755
0.534464500,1.894832202
0.534668000,1.894971718
0.534871400,1.891111166
0.535074900,1.887250682
0.535278300,1.887390130
0.535481800,1.883529646
0.535685200,1.879669094
0.535888700,1.879808610
0.536092100,1.875948058
0.536295600,1.876087574
0.536499000,1.872227021
0.536702500,1.876366538
0.536905900,1.872505985
0.537109400,1.868645501
0.537312800,1.868784949
0.537516300,1.864924465
0.537719700,1.861063913
0.537923200,1.861203429
0.538126600,1.861342877
0.538330100,1.857482393
0.538533500,1.853621841
0.538737000,1.853761357
0.538940400,1.849900805
0.539143900,1.846040321
0.539347300,1.846179768
0.539550800,1.842319285
0.539754200,1.838458732
0.539957700,1.838598248
0.540161100,1.838737696
0.540364600,1.830877212
0.540568000,1.831016660
0.540771500,1.831156176
0.540974900,1.831295624
0.541178400,1.827435140
0.541381800,1.827574588
0.541585300,1.827714104
0.541788700,1.819853551
0.541992200,1.819993068
0.542195600,1.820132515
0.542399100,1.812272031
0.542602500,1.812411479
0.542806000,1.816550995
0.543009400,1.816690443
0.543212900,1.808829959
0.543416300,1.808969407
0.543619800,1.809108923
0.543823200,1.801248371
0.544026700,1.805387887
0.544230100,1.805527334
0.544433600,1.801666851
0.544637000,1.797806298
0.544840500,1.801945815
0.545043900,1.802085262
0.545247400,1.794224778
0.545450800,1.794364226
0.545654300,1.798503742
0.545857700,1.794643190
0.546061200,1.790782706
0.546264600,1.794922154
0.546468100,1.791061670
0.546671500,1.787201118
0.546875000,1.791340634
0.547078500,1.791480150
0.547281900,1.787619598
0.547485400,1.787759114
0.547688800,1.787898561
0.547892300,1.788038078
0.548095700,1.784177525
0.548299200,1.784317041
0.548502600,1.784456489
0.548706100,1.784596005
0.548909500,1.784735453
0.549113000,1.784874969
0.549316400,1.785014417
0.549519900,1.781153933
0.549723300,1.781293381
0.549926800,1.781432897
0.550130200,1.781572344
0.550333700,1.781711861
0.550537100,1.777851308
0.550740600,1.781990825
0.550944000,1.778130272
0.551147500,1.778269788
0.551350900,1.778409236
0.551554400,1.778548752
0.551757800,1.778688200
0.551961300,1.774827716
0.552164700,1.778967164
0.552368200,1.779106680
0.552571600,1.775246128
0.552775100,1.775385644
0.552978500,1.775525091
0.553182000,1.771664608
0.553385400,1.771804055
0.553588900,1.775943571
0.553792300,1.776083019
0.553995800,1.772222535
0.554199200,1.772361983
0.554402700,1.772501499
0.554606100,1.768640947
0.554809600,1.768780463
0.555013000,1.768919911
0.555216500,1.769059427
0.555419900,1.765198874
0.555623400,1.765338391
0.555826800,1.765477838
0.556030300,1.765617354
0.556233700,1.761756802
0.556437200,1.761896318
0.556640600,1.762035766
0.556844100,1.758175282
0.557047500,1.758314730
0.557251000,1.754454246
0.557454400,1.758593694
0.557657900,1.754733210
0.557861300,1.754872657
0.558064800,1.751012174
0.558268200,1.751151621
0.558471700,1.751291138
0.558675100,1.747430585
0.558878600,1.747570101
0.559082000,1.743709549
0.559285500,1.739849065
0.559488900,1.739988513
0.559692400,1.740128029
0.559895800,1.736267477
0.560099300,1.736406993
0.560302700,1.736546441
0.560506200,1.736685957
0.560709600,1.728825404
0.560913100,1.728964921
0.561116500,1.729104368
0.561320000,1.721243884
0.561523400,1.721383332
0.561726900,1.721522848
0.561930300,1.717662296
0.562133800,1.713801812
0.562337200,1.713941260
0.562540700,1.714080776
0.562744100,1.710220224
0.562947600,1.706359740
0.563151000,1.706499187
0.563354500,1.702638704
0.563557900,1.702778151
0.563761400,1.698917667
0.563964800,1.691057115
0.564168300,1.691196631
0.564371700,1.687336079
0.564575200,1.687475595
0.564778600,1.683615043
0.564982100,1.683754559
0.565185500,1.679894007
0.565389000,1.672033523
0.565592400,1.672172971
0.565795900,1.672312487
0.565999300,1.664451934
0.566202800,1.660591451
0.566406200,1.660730898
0.566609700,1.660870414
0.566813200,1.649009931
0.567016600,1.649149378
0.567220100,1.649288894
0.567423500,1.637428342
0.567627000,1.637567858
0.567830400,1.637707306
0.568033900,1.629846822
0.568237300,1.625986270
0.568440800,1.626125786
0.568644200,1.618265234
0.568847700,1.618404750
0.569051100,1.610544197
0.569254600,1.610683714
0.569458000,1.602823161
0.569661500,1.602962678
0.569864900,1.595102125
0.570068400,1.591241641
0.570271800,1.587381089
0.570475300,1.587520605
0.570678700,1.575660053
0.570882200,1.571799569
0.571085600,1.571939017
0.571289100,1.572078533
0.571492500,1.560217981
0.571696000,1.556357497
0.571899400,1.556496944
0.572102900,1.544636461
0.572306300,1.540775908
0.572509800,1.540915424
0.572713200,1.533054872
0.572916700,1.525194388
0.573120100,1.525333836
0.573323600,1.521473352
0.573527000,1.513612800
0.573730500,1.505752316
0.573933900,1.505891764
0.574137400,1.498031280
0.574340800,1.494170727
0.574544300,1.490310244
0.574747700,1.482449691
0.574951200,1.478589207
0.575154600,1.478728655
0.575358100,1.470868171
0.575561500,1.463007619
0.575765000,1.459147135
0.575968400,1.459286583
0.576171900,1.447426099
0.576375300,1.443565547
0.576578800,1.443705063
0.576782200,1.435844510
0.576985700,1.427984027
0.577189100,1.428123474
0.577392600,1.424262991
0.577596000,1.416402438
0.577799500,1.412541954
0.578002900,1.408681402
0.578206400,1.400820918
0.578409800,1.400960366
0.578613300,1.397099882
0.578816700,1.389239330
0.579020200,1.385378846
0.579223600,1.385518294
0.579427100,1.373657810
0.579630500,1.373797257
0.579834000,1.369936774
0.580037400,1.370076221
0.580240900,1.358215737
0.580444300,1.358355185
0.580647800,1.354494701
0.580851200,1.350634149
0.581054700,1.342773665
0.581258100,1.342913113
0.581461600,1.339052629
0.581665000,1.335192077
0.581868500,1.331331593
0.582071900,1.331471040
0.582275400,1.323610557
0.582478800,1.323750004
0.582682300,1.319889520
0.582885700,1.312028968
0.583089200,1.312168484
0.583292600,1.312307932
0.583496100,1.304447448
0.583699500,1.300586896
0.583903000,1.300726412
0.584106400,1.300865860
0.584309900,1.293005376
0.584513300,1.293144823
0.584716800,1.293284340
0.584920200,1.285423787
0.585123700,1.281563304
0.585327100,1.281702751
0.585530600,1.277842267
0.585734000,1.277981715
0.585937500,1.274121231
0.586141000,1.274260747
0.586344400,1.270400195
0.586547900,1.270539711
0.586751300,1.266679159
0.586954800,1.258818675
0.587158200,1.258958123
0.587361700,1.259097639
0.587565100,1.255237087
0.587768600,1.251376603
0.587972000,1.251516050
0.588175500,1.247655567
0.588378900,1.247795014
0.588582400,1.243934530
0.588785800,1.244073978
0.588989300,1.240213494
0.589192700,1.240352942
0.589396200,1.236492458
0.589599600,1.232631906
0.589803100,1.236771422
0.590006500,1.236910870
0.590210000,1.229050386
0.590413400,1.229189834
0.590616900,1.229329350
0.590820300,1.229468797
0.591023800,1.221608314
0.591227200,1.221747761
0.591430700,1.221887277
0.591634100,1.218026725
0.591837600,1.214166241
0.592041000,1.214305689
0.592244500,1.214445205
0.592447900,1.214584653
0.592651400,1.214724169
0.592854800,1.210863617
0.593058300,1.207003133
0.593261700,1.207142580
0.593465200,1.207282097
0.593668600,1.203421544
0.593872100,1.203561060
0.594075500,1.203700508
0.594279000,1.199840024
0.594482400,1.195979472
0.594685900,1.200118988
0.594889300,1.200258436
0.595092800,1.196397952
0.595296200,1.192537400
0.595499700,1.196676916
0.595703100,1.192816363
0.595906600,1.192955880
0.596110000,1.193095327
0.596313500,1.189234844
0.596516900,1.189374291
0.596720400,1.189513807
0.596923800,1.193653255
0.597127300,1.185792771
0.597330700,1.185932219
0.597534200,1.190071735
0.597737600,1.186211183
0.597941100,1.186350699
0.598144500,1.186490147
0.598348000,1.186629663
0.598551400,1.186769110
0.598754900,1.186908627
0.598958300,1.183048074
0.599161800,1.183187590
0.599365200,1.187327038
0.599568700,1.187466554
0.599772100,1.183606002
0.599975600,1.183745518
0.600179000,1.187884966
0.600382500,1.184024482
0.600585900,1.188163930
0.600789400,1.184303446
0.600992800,1.184442893
0.601196300,1.188582410
0.601399700,1.188721857
0.601603200,1.184861373
0.601806600,1.185000821
0.602010100,1.189140337
0.602213500,1.189279785
0.602417000,1.185419301
0.602620400,1.189558749
0.602823900,1.189698265
0.603027300,1.189837713
0.603230800,1.193977229
0.603434200,1.190116676
0.603637700,1.194256193
0.603841100,1.194395640
0.604044600,1.194535157
0.604248000,1.194674604
0.604451500,1.194814120
0.604654900,1.194953568
0.604858400,1.199093084
0.605061800,1.199232532
0.605265300,1.199372048
0.605468800,1.199511564
0.605672200,1.203651012
0.605875700,1.203790528
0.606079100,1.199929976
0.606282600,1.204069492
0.606486000,1.204208940
0.606689500,1.208348456
0.606892900,1.208487903
0.607096400,1.204627420
0.607299800,1.208766867
0.607503300,1.212906383
0.607706700,1.213045831
0.607910200,1.209185347
0.608113600,1.213324795
0.608317100,1.217464311
0.608520500,1.217603759
0.608724000,1.217743275
0.608927400,1.217882723
0.609130900,1.218022239
0.609334300,1.222161686
0.609537800,1.222301203
0.609741200,1.218440650
0.609944700,1.222580167
0.610148100,1.226719614
0.610351600,1.226859130
0.610555000,1.226998578
0.610758500,1.227138094
0.610961900,1.231277542
0.611165400,1.231417058
0.611368800,1.231556506
0.611572300,1.235696022
0.611775700,1.231835470
0.611979200,1.235974986
0.612182600,1.236114433
0.612386100,1.240253950
0.612589500,1.236393397
0.612793000,1.236532913
0.612996400,1.240672361
0.613199900,1.240811877
0.613403300,1.244951325
0.613606800,1.241090841
0.613810200,1.241230289
0.614013700,1.245369805
0.614217100,1.245509253
0.614420600,1.249648769
0.614624000,1.245788216
0.614827500,1.245927733
0.615030900,1.250067180
0.615234400,1.250206696
0.615437800,1.246346144
0.615641300,1.250485660
0.615844700,1.250625108
0.616048200,1.250764624
0.616251600,1.254904072
0.616455100,1.251043588
0.616658500,1.251183036
0.616862000,1.255322552
0.617065400,1.255462000
0.617268900,1.255601516
0.617472300,1.255740963
0.617675800,1.255880480
0.617879200,1.256019927
0.618082700,1.260159443
0.618286100,1.260298891
0.618489600,1.256438407
0.618693000,1.256577855
0.618896500,1.260717371
0.619099900,1.260856819
0.619303400,1.256996335
0.619506800,1.257135783
0.619710300,1.261275299
0.619913700,1.261414746
0.620117200,1.261554263
0.620320600,1.257693710
0.620524100,1.257833226
0.620727500,1.261972674
0.620931000,1.262112190
0.621134400,1.262251638
0.621337900,1.258391154
0.621541300,1.262530602
0.621744800,1.262670118
0.621948200,1.262809566
0.622151700,1.262949082
0.622355100,1.259088529
0.622558600,1.259228046
0.622762000,1.263367493
0.622965500,1.263507010
0.623168900,1.263646457
0.623372400,1.259785973
0.623575800,1.259925421
0.623779300,1.264064937
0.623982700,1.260204385
0.624186200,1.264343901
0.624389600,1.260483349
0.624593100,1.260622865
0.624796500,1.260762313
0.625000000,1.260901829
0.625203500,1.265041345
0.625406900,1.257180793
0.625610400,1.261320309
0.625813800,1.261459756
0.626017300,1.261599273
0.626220700,1.261738720
0.626424200,1.257878236
0.626627600,1.258017684
0.626831100,1.258157200
0.627034500,1.258296648
0.627238000,1.258436164
0.627441400,1.254575612
0.627644900,1.258715128
0.627848300,1.258854576
0.628051800,1.254994092
0.628255200,1.259133539
0.628458700,1.255273056
0.628662100,1.251412503
0.628865600,1.255552020
0.629069000,1.255691467
0.629272500,1.251830983
0.629475900,1.251970431
0.629679400,1.252109947
0.629882800,1.252249395
0.630086300,1.252388911
0.630289700,1.252528359
0.630493200,1.248667875
0.630696600,1.244807323
0.630900100,1.248946839
0.631103500,1.249086286
0.631307000,1.245225803
0.631510400,1.241365250
0.631713900,1.241504766
0.631917300,1.245644214
0.632120800,1.241783730
0.632324200,1.241923178
0.632527700,1.238062694
0.632731100,1.238202142
0.632934600,1.238341658
0.633138000,1.238481106
0.633341500,1.234620622
0.633544900,1.230760069
0.633748400,1.230899586
0.633951800,1.235039033
0.634155300,1.231178549
0.634358700,1.231317997
0.634562200,1.227457513
0.634765600,1.223596961
0.634969100,1.223736477
0.635172500,1.223875925
0.635376000,1.224015441
0.635579400,1.224154889
0.635782900,1.220294405
0.635986300,1.216433853
0.636189800,1.216573369
0.636393200,1.216712816
0.636596700,1.216852333
0.636800100,1.208991780
0.637003600,1.209131296
0.637207000,1.209270744
0.637410500,1.205410260
0.637613900,1.205549708
0.637817400,1.201689224
0.638020800,1.197828672
0.638224300,1.197968188
0.638427700,1.198107636
0.638631200,1.198247152
0.638834600,1.190386599
0.639038100,1.190526116
0.639241500,1.190665563
0.639445000,1.186805079
0.639648400,1.186944527
0.639851900,1.187084043
0.640055300,1.179223491
0.640258800,1.179363007
0.640462200,1.179502455
0.640665700,1.179641971
0.640869100,1.175781419
0.641072600,1.171920935
0.641276000,1.172060382
0.641479500,1.164199899
0.641682900,1.164339346
0.641886400,1.164478863
0.642089800,1.160618310
0.642293300,1.156757826
0.642496700,1.156897274
0.642700200,1.157036790
0.642903600,1.149176238
0.643107100,1.149315754
0.643310500,1.145455202
0.643514000,1.141594718
0.643717400,1.141734166
0.643920900,1.141873682
0.644124300,1.134013129
0.644327800,1.134152646
0.644531300,1.130292162
0.644734700,1.130431609
0.644938200,1.122571126
0.645141600,1.122710573
0.645345100,1.122850089
0.645548500,1.114989537
0.645752000,1.115129053
0.645955400,1.111268501
0.646158900,1.107408017
0.646362300,1.107547465
0.646565800,1.103686981
0.646769200,1.095826429
0.646972700,1.095965945
0.647176100,1.096105392
0.647379600,1.092244909
0.647583000,1.088384356
0.647786500,1.084523873
0.647989900,1.080663320
0.648193400,1.076802836
0.648396800,1.072942284
0.648600300,1.073081800
0.648803700,1.069221248
0.649007200,1.061360764
0.649210600,1.061500212
0.649414100,1.061639728
0.649617500,1.053779176
0.649821000,1.053918692
0.650024400,1.050058139
0.650227900,1.042197656
0.650431300,1.038337103
0.650634800,1.038476619
0.650838200,1.030616067
0.651041700,1.030755583
0.651245100,1.022895031
0.651448600,1.023034547
0.651652000,1.015173995
0.651855500,1.015313511
0.652058900,1.011452959
0.652262400,1.007592475
0.652465800,0.999731922
0.652669300,0.999871439
0.652872700,0.992010886
0.653076200,0.988150402
0.653279600,0.988289850
0.653483100,0.984429366
0.653686500,0.972568814
0.653890000,0.972708330
0.654093400,0.968847778
0.654296900,0.960987294
0.654500300,0.961126742
0.654703800,0.957266258
0.654907200,0.945405705
0.655110700,0.945545222
0.655314100,0.941684669
0.655517600,0.933824186
0.655721000,0.929963633
0.655924500,0.930103149
0.656127900,0.922242597
0.656331400,0.914382113
0.656534800,0.910521561
0.656738300,0.910661077
0.656941700,0.898800525
0.657145200,0.894940041
0.657348600,0.891079489
0.657552100,0.883219005
0.657755500,0.879358452
0.657959000,0.875497969
0.658162400,0.875637416
0.658365900,0.859776932
0.658569300,0.859916380
0.658772800,0.856055896
0.658976200,0.844195344
0.659179700,0.840334860
0.659383100,0.840474308
0.659586600,0.824613824
0.659790000,0.820753272
0.659993500,0.820892788
0.660196900,0.817032235
0.660400400,0.805171752
0.660603800,0.801311199
0.660807300,0.793450715
0.661010700,0.785590163
0.661214200,0.781729679
0.661417600,0.777869127
0.661621100,0.766008643
0.661824500,0.762148091
0.662028000,0.758287607
0.662231400,0.754427055
0.662434900,0.742566571
0.662638300,0.738706019
0.662841800,0.734845535
0.663045200,0.722984982
0.663248700,0.719124499
0.663452100,0.711263946
0.663655600,0.699403462
0.663859000,0.695542910
0.664062500,0.691682426
0.664266000,0.679821942
0.664469400,0.679961390
0.664672900,0.672100906
0.664876300,0.668240354
0.665079800,0.656379870
0.665283200,0.652519318
0.665486700,0.648658834
0.665690100,0.636798282
0.665893600,0.628937798
0.666097000,0.625077245
0.666300500,0.613216762
0.666503900,0.609356209
0.666707400,0.605495725
0.666910800,0.601635173
0.667114300,0.589774689
0.667317700,0.585914137
0.667521200,0.582053653
0.667724600,0.570193101
0.667928100,0.566332617
0.668131500,0.562472065
0.668335000,0.550611581
0.668538400,0.546751029
0.668741900,0.542890545
0.668945300,0.539029992
0.669148800,0.527169509
0.669352200,0.527308956
0.669555700,0.523448472
0.669759100,0.507587920
0.669962600,0.507727436
0.670166000,0.503866884
0.670369500,0.492006400
0.670572900,0.492145848
0.670776400,0.488285364
0.670979800,0.484424812
0.671183300,0.472564328
0.671386700,0.472703775
0.671590200,0.468843292
0.671793600,0.460982739
0.671997100,0.457122255
0.672200500,0.457261703
0.672404000,0.445401219
0.672607400,0.441540667
0.672810900,0.441680183
0.673014300,0.437819631
0.673217800,0.433959147
0.673421200,0.430098595
0.673624700,0.430238111
0.673828100,0.418377558
0.674031600,0.418517075
0.674235000,0.418656522
0.674438500,0.410796039
0.674641900,0.410935486
0.674845400,0.411075002
0.675048800,0.399214450
0.675252300,0.399353966
0.675455700,0.399493414
0.675659200,0.399632930
0.675862600,0.395772378
0.676066100,0.391911894
0.676269500,0.392051342
0.676473000,0.384190858
0.676676400,0.384330305
0.676879900,0.384469822
0.677083300,0.380609269
0.677286800,0.380748785
0.677490200,0.380888233
0.677693700,0.381027749
0.677897100,0.377167197
0.678100600,0.377306713
0.678304000,0.377446161
0.678507500,0.373585677
0.678710900,0.373725125
0.678914400,0.373864641
0.679117800,0.374004088
0.679321300,0.370143605
0.679524700,0.370283052
0.679728200,0.374422568
0.679931600,0.370562016
0.680135100,0.370701532
0.680338500,0.374840980
0.680542000,0.370980496
0.680745400,0.371119944
0.680948900,0.371259460
0.681152300,0.371398908
0.681355800,0.371538424
0.681559200,0.371677871
0.681762700,0.375817388
0.681966100,0.375956835
0.682169600,0.372096352
0.682373000,0.372235799
0.682576500,0.372375315
0.682779900,0.376514763
0.682983400,0.376654279
0.683186800,0.376793727
0.683390300,0.380933243
0.683593800,0.377072759
0.683797200,0.377212207
0.684000700,0.381351723
0.684204100,0.385491171
0.684407600,0.385630687
0.684611000,0.385770135
0.684814500,0.389909651
0.685017900,0.390049098
0.685221400,0.390188615
0.685424800,0.394328062
0.685628300,0.394467578
0.685831700,0.398607026
0.686035200,0.398746542
0.686238600,0.402885990
0.686442100,0.403025506
0.686645500,0.403164954
0.686849000,0.407304470
0.687052400,0.411443918
0.687255900,0.411583434
0.687459300,0.415722882
0.687662800,0.419862398
0.687866200,0.420001845
0.688069700,0.420141362
0.688273100,0.424280809
0.688476600,0.428420325
0.688680000,0.432559773
0.688883500,0.436699289
0.689086900,0.440838737
0.689290400,0.440978253
0.689493800,0.441117701
0.689697300,0.445257217
0.689900700,0.449396665
0.690104200,0.453536181
0.690307600,0.457675628
0.690511100,0.461815145
0.690714500,0.465954592
0.690918000,0.466094108
0.691121400,0.470233556
0.691324900,0.474373072
0.691528300,0.478512520
0.691731800,0.482652036
0.691935200,0.486791484
0.692138700,0.490931000
0.692342100,0.495070448
0.692545600,0.495209964
0.692749000,0.499349411
0.692952500,0.503488928
0.693155900,0.511628375
0.693359400,0.515767892
0.693562800,0.519907339
0.693766300,0.524046855
0.693969700,0.524186303
0.694173200,0.528325819
0.694376600,0.532465267
0.694580100,0.540604783
0.694783500,0.544744231
0.694987000,0.548883747
0.695190400,0.553023195
0.695393900,0.557162711
0.695597300,0.557302158
0.695800800,0.565441675
0.696004200,0.569581122
0.696207700,0.573720638
0.696411100,0.577860086
0.696614600,0.581999602
0.696818000,0.590139050
0.697021500,0.594278566
0.697224900,0.594418014
0.697428400,0.598557530
0.697631800,0.602696978
0.697835300,0.610836494
0.698038700,0.614975941
0.698242200,0.619115458
0.698445600,0.623254905
0.698649100,0.631394421
0.698852500,0.631533869
0.699056000,0.635673385
0.699259400,0.639812833
0.699462900,0.647952349
0.699666300,0.652091797
0.699869800,0.656231313
0.700073200,0.660370761
0.700276700,0.668510277
0.700480100,0.668649724
0.700683600,0.672789241
0.700887000,0.676928688
0.701090500,0.685068205
0.701293900,0.689207652
0.701497400,0.693347168
0.701700800,0.697486616
0.701904300,0.705626132
0.702107700,0.705765580
0.702311200,0.709905096
0.702514600,0.714044544
0.702718100,0.722184060
0.702921500,0.726323508
0.703125000,0.730463024
0.703328500,0.734602540
0.703531900,0.742741988
0.703735400,0.742881504
0.703938800,0.747020951
0.704142300,0.751160468
0.704345700,0.759299915
0.704549200,0.763439431
0.704752600,0.767578879
0.704956100,0.771718395
0.705159500,0.775857843
0.705363000,0.779997359
0.705566400,0.784136807
0.705769900,0.788276323
0.705973300,0.792415771
0.706176800,0.796555287
0.706380200,0.800694734
0.706583700,0.804834251
0.706787100,0.812973698
0.706990600,0.817113215
0.707194000,0.817252662
0.707397500,0.821392178
0.707600900,0.825531626
0.707804400,0.829671142
0.708007800,0.833810590
0.708211300,0.837950106
0.708414700,0.842089554
0.708618200,0.846229070
0.708821600,0.846368518
0.709025100,0.850508034
0.709228500,0.854647481
0.709432000,0.858786998
0.709635400,0.862926445
0.709838900,0.867065961
0.710042300,0.871205409
0.710245800,0.875344925
0.710449200,0.879484373
0.710652700,0.879623889
0.710856100,0.879763337
0.711059600,0.883902853
0.711263000,0.888042301
0.711466500,0.892181817
0.711669900,0.896321264
0.711873400,0.896460781
0.712076800,0.900600228
0.712280300,0.904739744
0.712483700,0.900879192
0.712687200,0.905018708
0.712890600,0.909158156
0.713094100,0.909297672
0.713297500,0.913437120
0.713501000,0.913576636
0.713704400,0.917716084
0.713907900,0.921855600
0.714111300,0.921995048
0.714314800,0.922134564
0.714518200,0.922274011
0.714721700,0.926413528
0.714925100,0.926552975
0.715128600,0.930692491
0.715332000,0.930831939
0.715535500,0.930971455
0.715738900,0.935110903
0.715942400,0.935250419
0.716145800,0.931389867
0.716349300,0.935529383
0.716552700,0.939668831
0.716756200,0.939808347
0.716959600,0.939947794
0.717163100,0.940087311
0.717366500,0.944226758
0.717570000,0.944366274
0.717773400,0.944505722
0.717976900,0.948645238
0.718180300,0.944784686
0.718383800,0.944924202
0.718587200,0.949063650
0.718790700,0.949203166
0.718994100,0.949342614
0.719197600,0.949482130
0.719401000,0.953621577
0.719604500,0.953761094
0.719807900,0.953900541
0.720011400,0.954040058
0.720214800,0.954179505
0.720418300,0.954319021
0.720621700,0.958458469
0.720825200,0.958597985
0.721028600,0.958737433
0.721232100,0.958876949
0.721435500,0.963016397
0.721639000,0.963155913
0.721842400,0.963295361
0.722045900,0.963434877
0.722249300,0.963574324
0.722452800,0.963713841
0.722656300,0.967853357
0.722859700,0.967992804
0.723063200,0.968132321
0.723266600,0.972271768
0.723470100,0.972411284
0.723673500,0.972550732
0.723877000,0.976690248
0.724080400,0.972829696
0.724283900,0.972969212
0.724487300,0.977108660
0.724690800,0.977248176
0.724894200,0.977387624
0.725097700,0.981527140
0.725301100,0.981666587
0.725504600,0.985806104
0.725708000,0.985945551
0.725911500,0.986085068
0.726114900,0.986224515
0.726318400,0.986364031
0.726521800,0.990503479
0.726725300,0.990642995
0.726928700,0.990782443
0.727132200,0.994921959
0.727335600,0.995061407
0.727539100,0.999200923
0.727742500,0.999340371
0.727946000,1.003479887
0.728149400,0.999619334
0.728352900,0.999758851
0.728556300,1.003898298
0.728759800,1.004037814
0.728963200,1.008177262
0.729166700,1.008316778
0.729370100,1.012456226
0.729573600,1.012595742
0.729777000,1.012735190
0.729980500,1.016874706
0.730183900,1.017014154
0.730387400,1.013153670
0.730590800,1.017293117
0.730794300,1.021432634
0.730997700,1.021572081
0.731201200,1.021711597
0.731404600,1.025851045
0.731608100,1.025990561
0.731811500,1.026130009
0.732015000,1.030269525
0.732218400,1.030408973
0.732421900,1.030548489
0.732625300,1.030687937
0.732828800,1.030827453
0.733032200,1.030966900
0.733235700,1.035106417
0.733439100,1.035245864
0.733642600,1.035385381
0.733846000,1.039524828
0.734049500,1.039664344
0.734252900,1.043803792
0.734456400,1.043943308
0.734659800,1.044082756
0.734863300,1.044222272
0.735066700,1.044361720
0.735270200,1.044501236
0.735473600,1.044640684
0.735677100,1.044780200
0.735880500,1.048919647
0.736084000,1.049059164
0.736287400,1.053198611
0.736490900,1.053338127
0.736694300,1.053477575
0.736897800,1.057617091
0.737101200,1.049756539
0.737304700,1.053896055
0.737508100,1.054035503
0.737711600,1.054175019
0.737915000,1.058314467
0.738118500,1.058453983
0.738321900,1.062593430
0.738525400,1.058732947
0.738728800,1.062872394
0.738932300,1.063011911
0.739135700,1.063151358
0.739339200,1.067290874
0.739542600,1.063430322
0.739746100,1.063569838
0.739949500,1.067709286
0.740153000,1.067848802
0.740356400,1.067988250
0.740559900,1.068127766
0.740763300,1.072267214
0.740966800,1.072406730
0.741170200,1.072546177
0.741373700,1.076685694
0.741577100,1.076825141
0.741780600,1.076964657
0.741984000,1.077104105
0.742187500,1.077243621
0.742391000,1.077383137
0.742594400,1.081522585
0.742797900,1.081662101
0.743001300,1.085801549
0.743204800,1.085941065
0.743408200,1.086080513
0.743611700,1.090220029
0.743815100,1.090359477
0.744018600,1.090498993
0.744222000,1.094638440
0.744425500,1.090777957
0.744628900,1.094917404
0.744832400,1.095056921
0.745035800,1.099196368
0.745239300,1.099335884
0.745442700,1.103475332
0.745646200,1.103614848
0.745849600,1.107754296
0.746053100,1.107893812
0.746256500,1.112033260
0.746460000,1.112172776
0.746663400,1.116312224
0.746866900,1.116451740
0.747070300,1.116591187
0.747273800,1.116730704
0.747477200,1.120870151
0.747680700,1.125009667
0.747884100,1.125149115
0.748087600,1.129288631
0.748291000,1.133428079
0.748494500,1.133567595
0.748697900,1.137707043
0.748901400,1.141846559
0.749104800,1.145986007
0.749308300,1.146125523
0.749511700,1.150264970
0.749715200,1.150404487
0.749918600,1.154543934
0.750122100,1.158683450
0.750325500,1.162822898
0.750529000,1.162962414
0.750732400,1.167101862
0.750935900,1.171241378
0.751139300,1.175380826
0.751342800,1.179520342
0.751546200,1.183659790
0.751749700,1.187799306
0.751953100,1.191938753
0.752156600,1.196078270
0.752360000,1.200217717
0.752563500,1.200357234
0.752766900,1.204496681
0.752970400,1.208636197
0.753173800,1.212775645
0.753377300,1.220915161
0.753580700,1.225054609
0.753784200,1.229194125
0.753987600,1.233333573
0.754191100,1.237473089
0.754394500,1.241612537
0.754598000,1.245752053
0.754801400,1.253891500
0.755004900,1.258031017
0.755208300,1.262170464
0.755411800,1.262309980
0.755615200,1.266449428
0.755818700,1.274588944
0.756022100,1.278728392
0.756225600,1.282867908
0.756429000,1.287007356
0.756632500,1.295146872
0.756835900,1.299286320
0.757039400,1.303425836
0.757242800,1.311565283
0.757446300,1.315704800
0.757649700,1.319844247
0.757853200,1.323983763
0.758056600,1.332123211
0.758260100,1.336262727
0.758463500,1.336402175
0.758667000,1.340541691
0.758870400,1.348681139
0.759073900,1.352820655
0.759277300,1.356960103
0.759480800,1.361099619
0.759684200,1.365239067
0.759887700,1.373378583
0.760091100,1.377518030
0.760294600,1.381657547
0.760498000,1.385796994
0.760701500,1.393936510
0.760904900,1.398075958
0.761108400,1.402215474
0.761311800,1.406354922
0.761515300,1.410494438
0.761718800,1.410633954
0.761922200,1.418773402
0.762125700,1.422912918
0.762329100,1.427052366
0.762532600,1.431191882
0.762736000,1.435331330
0.762939500,1.439470846
0.763142900,1.443610293
0.763346400,1.447749810
0.763549800,1.451889257
0.763753300,1.460028773
0.763956700,1.464168221
0.764160200,1.468307737
0.764363600,1.472447185
0.764567100,1.476586701
0.764770500,1.480726149
0.764974000,1.480865665
0.765177400,1.485005113
0.765380900,1.485144629
0.765584300,1.489284077
0.765787800,1.493423593
0.765991200,1.497563040
0.766194700,1.501702557
0.766398100,1.505842004
0.766601600,1.509981520
0.766805000,1.514120968
0.767008500,1.518260484
0.767211900,1.518399932
0.767415400,1.522539448
0.767618800,1.526678896
0.767822300,1.530818412
0.768025700,1.534957860
0.768229200,1.535097376
0.768432600,1.539236823
0.768636100,1.539376340
0.768839500,1.543515787
0.769043000,1.543655303
0.769246400,1.547794751
0.769449900,1.551934267
0.769653300,1.552073715
0.769856800,1.556213231
0.770060200,1.560352679
0.770263700,1.560492195
0.770467100,1.564631643
0.770670600,1.568771159
0.770874000,1.568910606
0.771077500,1.573050123
0.771280900,1.577189570
0.771484400,1.577329087
0.771687800,1.581468534
0.771891300,1.585608050
0.772094700,1.585747498
0.772298200,1.589887014
0.772501600,1.586026462
0.772705100,1.590165978
0.772908500,1.590305426
0.773112000,1.594444942
0.773315400,1.598584390
0.773518900,1.598723906
0.773722300,1.602863353
0.773925800,1.603002870
0.774129200,1.607142317
0.774332700,1.607281833
0.774536100,1.611421281
0.774739600,1.611560797
0.774943000,1.615700245
0.775146500,1.615839761
0.775349900,1.619979209
0.775553400,1.620118725
0.775756800,1.624258173
0.775960300,1.628397689
0.776163700,1.628537136
0.776367200,1.632676653
0.776570600,1.628816100
0.776774100,1.628955616
0.776977500,1.633095064
0.777181000,1.637234580
0.777384400,1.637374028
0.777587900,1.641513544
0.777791300,1.641652992
0.777994800,1.645792508
0.778198200,1.645931956
0.778401700,1.650071472
0.778605100,1.650210919
0.778808600,1.654350436
0.779012000,1.654489883
0.779215500,1.658629400
0.779418900,1.658768847
0.779622400,1.662908363
0.779825800,1.667047811
0.780029300,1.667187327
0.780232700,1.667326775
0.780436200,1.671466291
0.780639600,1.675605739
0.780843100,1.675745255
0.781046500,1.675884703
0.781250000,1.676024219
0.781453500,1.680163735
0.781656900,1.680303183
0.781860400,1.684442699
0.782063800,1.688582146
0.782267300,1.688721663
0.782470700,1.692861110
0.782674200,1.693000626
0.782877600,1.697140074
0.783081100,1.697279590
0.783284500,1.701419038
0.783488000,1.705558554
0.783691400,1.705698002
0.783894900,1.709837518
0.784098300,1.713976966
0.784301800,1.714116482
0.784505200,1.718255929
0.784708700,1.718395446
0.784912100,1.722534893
0.785115600,1.722674410
0.785319000,1.726813857
0.785522500,1.726953373
0.785725900,1.731092821
0.785929400,1.731232337
0.786132800,1.735371785
0.786336300,1.735511301
0.786539700,1.739650749
0.786743200,1.739790265
0.786946600,1.743929713
0.787150100,1.744069229
0.787353500,1.748208676
0.787557000,1.748348193
0.787760400,1.752487640
0.787963900,1.756627156
0.788167300,1.756766604
0.788370800,1.760906120
0.788574200,1.761045568
0.788777700,1.765185084
0.788981100,1.765324532
0.789184600,1.769464048
0.789388000,1.773603496
0.789591500,1.773743012
0.789794900,1.777882459
0.789998400,1.778021976
0.790201800,1.782161423
0.790405300,1.782300940
0.790608700,1.786440387
0.790812200,1.790579903
0.791015600,1.790719351
0.791219100,1.790858867
0.791422500,1.794998315
0.791626000,1.795137831
0.791829400,1.795277279
0.792032900,1.799416795
0.792236300,1.799556243
0.792439800,1.799695759
0.792643200,1.803835206
0.792846700,1.807974723
0.793050100,1.808114170
0.793253600,1.808253686
0.793457000,1.812393134
0.793660500,1.812532650
0.793863900,1.816672098
0.794067400,1.816811614
0.794270800,1.820951062
0.794474300,1.821090578
0.794677700,1.825230026
0.794881200,1.825369542
0.795084600,1.825508989
0.795288100,1.829648506
0.795491500,1.829787953
0.795695000,1.833927469
0.795898400,1.834066917
0.796101900,1.838206433
0.796305300,1.838345881
0.796508800,1.838485397
0.796712200,1.842624845
0.796915700,1.842764361
0.797119100,1.842903809
0.797322600,1.847043325
0.797526000,1.847182772
0.797729500,1.847322289
0.797932900,1.851461736
0.798136400,1.851601253
0.798339800,1.851740700
0.798543300,1.855880216
0.798746700,1.852019664
0.798950200,1.852159180
0.799153600,1.852298628
0.799357100,1.856438144
0.799560500,1.856577592
0.799764000,1.856717108
0.799967400,1.856856556
0.800170900,1.860996072
0.800374300,1.857135519
0.800577800,1.861275036
0.800781300,1.861414552
0.800984700,1.861553999
0.801188200,1.861693516
0.801391600,1.861832963
0.801595100,1.861972479
0.801798500,1.862111927
0.802002000,1.862251443
0.802205400,1.866390891
0.802408900,1.862530407
0.802612300,1.862669855
0.802815800,1.862809371
0.803019200,1.862948819
0.803222700,1.863088335
0.803426100,1.863227782
0.803629600,1.863367299
0.803833000,1.863506746
0.804036500,1.863646263
0.804239900,1.863785710
0.804443400,1.859925226
0.804646800,1.860064674
0.804850300,1.860204190
0.805053700,1.860343638
0.805257200,1.860483154
0.805460600,1.860622602
0.805664100,1.860762118
0.805867500,1.856901566
0.806071000,1.857041082
0.806274400,1.857180529
0.806477900,1.853320046
0.806681300,1.853459493
0.806884800,1.853599009
0.807088200,1.849738457
0.807291700,1.849877973
0.807495100,1.850017421
0.807698600,1.846156937
0.807902000,1.846296385
0.808105500,1.846435901
0.808308900,1.846575349
0.808512400,1.838714865
0.808715800,1.834854312
0.808919300,1.834993829
0.809122700,1.831133276
0.809326200,1.831272792
0.809529600,1.831412240
0.809733100,1.827551756
0.809936500,1.823691204
0.810140000,1.823830720
0.810343400,1.823970168
0.810546900,1.820109684
0.810750300,1.820249132
0.810953800,1.820388648
0.811157200,1.812528096
0.811360700,1.812667612
0.811564100,1.812807059
0.811767600,1.808946576
0.811971000,1.805086023
0.812174500,1.805225539
0.812377900,1.805364987
0.812581400,1.801504503
0.812784800,1.797643951
0.812988300,1.797783467
0.813191700,1.793922915
0.813395200,1.794062431
0.813598600,1.790201879
0.813802100,1.786341395
0.814005500,1.786480842
0.814209000,1.786620359
0.814412400,1.782759806
0.814615900,1.778899322
0.814819300,1.779038770
0.815022800,1.779178286
0.815226200,1.771317734
0.815429700,1.771457250
0.815633100,1.771596698
0.815836600,1.763736214
0.816040000,1.763875662
0.816243500,1.764015178
0.816446900,1.764154625
0.816650400,1.760294142
0.816853800,1.756433589
0.817057300,1.756573106
0.817260700,1.752712553
0.817464200,1.752852069
0.817667600,1.752991517
0.817871100,1.745131033
0.818074500,1.745270481
0.818278000,1.745409997
0.818481400,1.741549445
0.818684900,1.741688961
0.818888300,1.741828409
0.819091800,1.741967925
0.819295200,1.734107372
0.819498700,1.734246889
0.819702100,1.734386336
0.819905600,1.730525852
0.820109000,1.730665300
0.820312500,1.730804816
0.820516000,1.726944332
0.820719400,1.727083780
0.820922900,1.727223296
0.821126300,1.727362744
0.821329800,1.723502260
0.821533200,1.723641708
0.821736700,1.723781224
0.821940100,1.719920672
0.822143600,1.720060188
0.822347000,1.724199635
0.822550500,1.720339152
0.822753900,1.720478599
0.822957400,1.720618116
0.823160800,1.720757563
0.823364300,1.716897079
0.823567700,1.721036527
0.823771200,1.721176043
0.823974600,1.717315491
0.824178100,1.717455007
0.824381500,1.721594455
0.824585000,1.717733971
0.824788400,1.717873419
0.824991900,1.722012935
0.825195300,1.722152382
0.825398800,1.718291899
0.825602200,1.722431346
0.825805700,1.722570862
0.826009100,1.722710310
0.826212600,1.722849826
0.826416000,1.722989274
0.826619500,1.723128790
0.826822900,1.723268238
0.827026400,1.727407754
0.827229800,1.723547202
0.827433300,1.727686718
0.827636700,1.727826165
0.827840200,1.727965682
0.828043600,1.728105129
0.828247100,1.732244645
0.828450500,1.732384093
0.828654000,1.732523609
0.828857400,1.732663057
0.829060900,1.736802573
0.829264300,1.732942021
0.829467800,1.737081537
0.829671200,1.737220985
0.829874700,1.741360501
0.830078100,1.737499948
0.830281600,1.741639465
0.830485000,1.741778912
0.830688500,1.741918429
0.830891900,1.742057876
0.831095400,1.746197392
0.831298800,1.746336840
0.831502300,1.746476356
0.831705700,1.746615804
0.831909200,1.750755320
0.832112600,1.750894768
0.832316100,1.751034284
0.832519500,1.751173732
0.832723000,1.751313248
0.832926400,1.755452695
0.833129900,1.755592212
0.833333300,1.755731659
0.833536800,1.755871175
0.833740200,1.760010623
0.833943700,1.760150139
0.834147100,1.760289587
0.834350600,1.760429103
0.834554000,1.760568551
0.834757500,1.760708067
0.834960900,1.760847515
0.835164400,1.764987031
0.835367800,1.761126478
0.835571300,1.765265995
0.835774700,1.765405442
0.835978200,1.765544958
0.836181600,1.765684406
0.836385100,1.765823922
0.836588500,1.765963370
0.836792000,1.766102886
0.836995400,1.766242334
0.837198900,1.770381850
0.837402300,1.766521298
0.837605800,1.766660814
0.837809200,1.770800262
0.838012700,1.766939778
0.838216100,1.767079225
0.838419600,1.771218742
0.838623000,1.771358189
0.838826500,1.767497705
0.839029900,1.771637153
0.839233400,1.771776669
0.839436800,1.767916117
0.839640300,1.768055633
0.839843800,1.772195149
0.840047200,1.768334597
0.840250700,1.768474113
0.840454100,1.768613561
0.840657600,1.772753077
0.840861000,1.768892525
0.841064500,1.769032041
0.841267900,1.769171488
0.841471400,1.769311005
0.841674800,1.769450452
0.841878300,1.773589969
0.842081700,1.769729416
0.842285200,1.769868932
0.842488600,1.774008380
0.842692100,1.774147896
0.842895500,1.770287344
0.843099000,1.770426860
0.843302400,1.770566308
0.843505900,1.766705824
0.843709300,1.770845272
0.843912800,1.770984788
0.844116200,1.767124235
0.844319700,1.767263752
0.844523100,1.767403199
0.844726600,1.767542715
0.844930000,1.763682163
0.845133500,1.763821679
0.845336900,1.767961127
0.845540400,1.764100643
0.845743800,1.764240091
0.845947300,1.764379607
0.846150700,1.760519055
0.846354200,1.760658571
0.846557600,1.760798018
0.846761100,1.756937535
0.846964500,1.757076982
0.847168000,1.757216498
0.847371400,1.757355946
0.847574900,1.753495462
0.847778300,1.757634910
0.847981800,1.757774426
0.848185200,1.753913874
0.848388700,1.754053390
0.848592100,1.754192838
0.848795600,1.750332354
0.848999000,1.750471801
0.849202500,1.750611318
0.849405900,1.750750765
0.849609400,1.746890282
0.849812800,1.747029729
0.850016300,1.743169245
0.850219700,1.739308693
0.850423200,1.739448209
0.850626600,1.739587657
0.850830100,1.735727173
0.851033500,1.735866621
0.851237000,1.736006137
0.851440400,1.736145585
0.851643900,1.736285101
0.851847300,1.736424548
0.852050800,1.736564065
0.852254200,1.728703512
0.852457700,1.728843028
0.852661100,1.728982476
0.852864600,1.725121992
0.853068000,1.725261440
0.853271500,1.725400956
0.853474900,1.725540404
0.853678400,1.717679920
0.853881800,1.717819368
0.854085300,1.717958884
0.854288700,1.714098331
0.854492200,1.710237848
0.854695600,1.710377295
0.854899100,1.706516811
0.855102500,1.706656259
0.855306000,1.702795775
0.855509400,1.698935223
0.855712900,1.699074739
0.855916300,1.699214187
0.856119800,1.695353703
0.856323200,1.691493151
0.856526700,1.691632667
0.856730100,1.687772115
0.856933600,1.683911631
0.857137000,1.684051078
0.857340500,1.680190595
0.857543900,1.676330042
0.857747400,1.676469558
0.857950800,1.672609006
0.858154300,1.672748522
0.858357700,1.668887970
0.858561200,1.665027486
0.858764600,1.669166934
0.858968100,1.661306450
0.859171500,1.661445898
0.859375000,1.661585414
0.859578500,1.653724930
0.859781900,1.653864378
0.859985400,1.654003894
0.860188800,1.650143341
0.860392300,1.646282858
0.860595700,1.642422305
0.860799200,1.642561821
0.861002600,1.634701269
0.861206100,1.634840785
0.861409500,1.634980233
0.861613000,1.627119749
0.861816400,1.627259197
0.862019900,1.627398713
0.862223300,1.623538161
0.862426800,1.619677677
0.862630200,1.615817125
0.862833700,1.615956641
0.863037100,1.608096088
0.863240600,1.608235605
0.863444000,1.608375052
0.863647500,1.600514568
0.863850900,1.600654016
0.864054400,1.600793532
0.864257800,1.596932980
0.864461300,1.597072496
0.864664700,1.593211944
0.864868200,1.593351460
0.865071600,1.585490908
0.865275100,1.585630424
0.865478500,1.585769871
0.865682000,1.577909388
0.865885400,1.578048835
0.866088900,1.578188351
0.866292300,1.570327799
0.866495800,1.570467315
0.866699200,1.570606763
0.866902700,1.566746279
0.867106100,1.562885727
0.867309600,1.559025243
0.867513000,1.559164691
0.867716500,1.555304207
0.867919900,1.551443654
0.868123400,1.551583171
0.868326800,1.547722618
0.868530300,1.543862135
0.868733700,1.544001582
0.868937200,1.544141098
0.869140600,1.536280546
0.869344100,1.536420062
0.869547500,1.540559510
0.869751000,1.532699026
0.869954400,1.532838474
0.870157900,1.528977990
0.870361300,1.525117438
0.870564800,1.525256954
0.870768200,1.521396401
0.870971700,1.521535918
0.871175100,1.513675365
0.871378600,1.513814881
0.871582000,1.513954329
0.871785500,1.506093845
0.871988900,1.506233293
0.872192400,1.506372809
0.872395800,1.498512257
0.872599300,1.498651773
0.872802700,1.494791221
0.873006200,1.494930737
0.873209600,1.487070184
0.873413100,1.487209701
0.873616500,1.483349148
0.873820000,1.479488664
0.874023400,1.479628112
0.874226900,1.479767628
0.874430300,1.471907076
0.874633800,1.472046592
0.874837200,1.468186040
0.875040700,1.464325556
0.875244100,1.460465004
0.875447600,1.460604520
0.875651000,1.456743967
0.875854500,1.448883484
0.876057900,1.449022931
0.876261400,1.449162448
0.876464800,1.441301895
0.876668300,1.437441411
0.876871700,1.437580859
0.877075200,1.429720375
0.877278600,1.425859823
0.877482100,1.425999339
0.877685500,1.422138787
0.877889000,1.414278303
0.878092400,1.418417751
0.878295900,1.414557267
0.878499300,1.406696714
0.878702800,1.402836231
0.878906300,1.402975747
0.879109700,1.395115194
0.879313200,1.391254711
0.879516600,1.391394158
0.879720100,1.387533674
0.879923500,1.379673122
0.880127000,1.375812638
0.880330400,1.371952086
0.880533900,1.364091602
0.880737300,1.364231050
0.880940800,1.360370566
0.881144200,1.352510014
0.881347700,1.348649530
0.881551100,1.344788977
0.881754600,1.344928494
0.881958000,1.337067941
0.882161500,1.337207458
0.882364900,1.333346905
0.882568400,1.325486421
0.882771800,1.321625869
0.882975300,1.317765385
0.883178700,1.309904833
0.883382200,1.306044349
0.883585600,1.302183797
0.883789100,1.294323313
0.883992500,1.290462761
0.884196000,1.286602277
0.884399400,1.286741724
0.884602900,1.274881241
0.884806300,1.271020688
0.885009800,1.271160204
0.885213200,1.259299652
0.885416700,1.255439168
0.885620100,1.255578616
0.885823600,1.247718132
0.886027000,1.243857580
0.886230500,1.239997096
0.886433900,1.236136544
0.886637400,1.228276060
0.886840800,1.224415507
0.887044300,1.220555024
0.887247700,1.208694471
0.887451200,1.204833988
0.887654600,1.200973435
0.887858100,1.193112951
0.888061500,1.189252399
0.888265000,1.185391915
0.888468400,1.181531363
0.888671900,1.169670879
0.888875300,1.169810327
0.889078800,1.165949843
0.889282200,1.158089291
0.889485700,1.154228807
0.889689100,1.150368254
0.889892600,1.138507771
0.890096000,1.134647218
0.890299500,1.130786734
0.890502900,1.126926182
0.890706400,1.115065698
0.890909800,1.111205146
0.891113300,1.107344662
0.891316700,1.095484110
0.891520200,1.091623626
0.891723600,1.087763074
0.891927100,1.071902590
0.892130500,1.072042037
0.892334000,1.068181554
0.892537400,1.064321001
0.892740900,1.052460517
0.892944300,1.048599965
0.893147800,1.044739481
0.893351200,1.028878929
0.893554700,1.025018445
0.893758100,1.021157893
0.893961600,1.005297409
0.894165000,1.001436857
0.894368500,0.997576373
0.894571900,0.985715820
0.894775400,0.977855337
0.894978800,0.973994784
0.895182300,0.974134301
0.895385700,0.958273748
0.895589200,0.954413264
0.895792600,0.950552712
0.895996100,0.934692228
0.896199500,0.926831676
0.896403000,0.922971192
0.896606400,0.907110640
0.896809900,0.903250156
0.897013300,0.895389604
0.897216800,0.891529120
0.897420200,0.875668567
0.897623700,0.871808084
0.897827100,0.863947531
0.898030600,0.848087047
0.898234000,0.844226495
0.898437500,0.840366011
0.898641000,0.824505527
0.898844400,0.816644975
0.899047900,0.808784491
0.899251300,0.804923939
0.899454800,0.785063455
0.899658200,0.781202903
0.899861700,0.773342419
0.900065100,0.753481867
0.900268600,0.749621383
0.900472000,0.741760830
0.900675500,0.721900347
0.900878900,0.718039794
0.901082400,0.710179311
0.901285800,0.706318758
0.901489300,0.686458274
0.901692700,0.678597722
0.901896200,0.670737238
0.902099600,0.650876686
0.902303100,0.643016202
0.902506500,0.635155650
0.902710000,0.615295166
0.902913400,0.607434614
0.903116900,0.599574130
0.903320300,0.575713577
0.903523800,0.567853094
0.903727200,0.563992541
0.903930700,0.556132057
0.904134100,0.536271505
0.904337600,0.524411021
0.904541000,0.516550469
0.904744500,0.496689985
0.904947900,0.484829433
0.905151400,0.476968949
0.905354800,0.457108397
0.905558300,0.445247913
0.905761700,0.437387360
0.905965200,0.429526877
0.906168600,0.405666324
0.906372100,0.401805840
0.906575500,0.389945288
0.906779000,0.370084804
0.906982400,0.358224252
0.907185900,0.350363768
0.907389300,0.326503216
0.907592800,0.318642732
0.907796200,0.306782180
0.907999700,0.298921696
0.908203100,0.275061144
0.908406600,0.267200660
0.908610000,0.259340107
0.908813500,0.239479624
0.909016900,0.231619071
0.909220400,0.223758587
0.909423800,0.199898035
0.909627300,0.192037551
0.909830700,0.184176999
0.910034200,0.176316515
0.910237600,0.152455963
0.910441100,0.144595479
0.910644500,0.136734927
0.910848000,0.116874443
0.911051400,0.109013890
0.911254900,0.105153407
0.911458300,0.085292854
0.911661800,0.081432370
0.911865200,0.073571818
0.912068700,0.053711334
0.912272100,0.049850782
0.912475600,0.041990298
0.912679000,0.034129746
0.912882500,0.018269262
0.913085900,0.014408710
0.913289400,0.006548226
0.913492800,-0.005312327
0.913696300,-0.005172810
0.913899700,-0.013033363
0.914103200,-0.024893846
0.914306600,-0.028754399
0.914510100,-0.032614883
0.914713500,-0.036475435
0.914917000,-0.048335919
0.915120400,-0.048196471
0.915323900,-0.052056955
0.915527300,-0.059917507
0.915730800,-0.063777991
0.915934200,-0.063638543
0.916137700,-0.067499027
0.916341100,-0.067359580
0.916544600,-0.071220063
0.916748000,-0.071080616
0.916951500,-0.074941100
0.917154900,-0.074801652
0.917358400,-0.074662136
0.917561800,-0.078522688
0.917765300,-0.078383172
0.917968800,-0.074243656
0.918172200,-0.078104208
0.918375700,-0.069964692
0.918579100,-0.069825244
0.918782600,-0.069685728
0.918986000,-0.065546280
0.919189500,-0.065406764
0.919392900,-0.061267317
0.919596400,-0.061127800
0.919799800,-0.056988353
0.920003300,-0.052848836
0.920206700,-0.048709389
0.920410200,-0.044569873
0.920613600,-0.036430425
0.920817100,-0.032290909
0.921020500,-0.028151461
0.921224000,-0.024011945
0.921427400,-0.019872497
0.921630900,-0.011732981
0.921834300,-0.007593533
0.922037800,-0.003454017
0.922241200,0.004685430
0.922444700,0.008824947
0.922648100,0.012964394
0.922851600,0.025103910
0.923055000,0.029243358
0.923258500,0.037382874
0.923461900,0.041522322
0.923665400,0.049661838
0.923868800,0.053801286
0.924072300,0.061940802
0.924275700,0.070080250
0.924479200,0.074219766
0.924682600,0.082359213
0.924886100,0.094498730
0.925089500,0.098638177
0.925293000,0.106777693
0.925496400,0.110917141
0.925699900,0.123056657
0.925903300,0.127196105
0.926106800,0.135335621
0.926310200,0.143475069
0.926513700,0.147614585
0.926717100,0.155754033
0.926920600,0.167893549
0.927124000,0.176032996
0.927327500,0.180172513
0.927530900,0.188311960
0.927734400,0.196451477
0.927937800,0.204590924
0.928141300,0.208730440
0.928344700,0.216869888
0.928548200,0.225009404
0.928751600,0.233148852
0.928955100,0.245288368
0.929158500,0.253427816
0.929362000,0.257567332
0.929565400,0.265706780
0.929768900,0.273846296
0.929972300,0.281985743
0.930175800,0.286125260
0.930379200,0.298264707
0.930582700,0.306404223
0.930786100,0.310543671
0.930989600,0.326683187
0.931193000,0.330822635
0.931396500,0.338962151
0.931599900,0.351101599
0.931803400,0.355241115
0.932006800,0.363380563
0.932210300,0.371520079
0.932413700,0.379659526
0.932617200,0.387799043
0.932820600,0.395938490
0.933024100,0.412078006
0.933227500,0.420217454
0.933431000,0.424356970
0.933634400,0.436496418
0.933837900,0.444635934
0.934041300,0.452775382
0.934244800,0.460914898
0.934448200,0.473054346
0.934651700,0.481193862
0.934855100,0.493333310
0.935058600,0.505472826
0.935262000,0.513612273
0.935465500,0.521751790
0.935668900,0.533891237
0.935872400,0.542030753
0.936075800,0.550170201
0.936279300,0.558309717
0.936482700,0.570449165
0.936686200,0.578588681
0.936889600,0.590728129
0.937093100,0.602867645
0.937296500,0.611007093
0.937500000,0.619146609
0.937703500,0.635286125
0.937906900,0.643425573
0.938110400,0.651565089
0.938313800,0.659704536
0.938517300,0.675844053
0.938720700,0.687983500
0.938924200,0.696123017
0.939127600,0.708262464
0.939331100,0.720401980
0.939534500,0.728541428
0.939738000,0.740680944
0.939941400,0.748820392
0.940144900,0.760959908
0.940348300,0.769099356
0.940551800,0.785238872
0.940755200,0.793378320
0.940958700,0.805517836
0.941162100,0.817657283
0.941365600,0.825796800
0.941569000,0.837936247
0.941772500,0.850075763
0.941975900,0.858215211
0.942179400,0.866354727
0.942382800,0.886494175
0.942586300,0.894633691
0.942789700,0.902773139
0.942993200,0.910912655
0.943196600,0.927052103
0.943400100,0.935191619
0.943603500,0.943331066
0.943807000,0.955470583
0.944010400,0.967610030
0.944213900,0.979749546
0.944417300,0.991888994
0.944620800,1.000028510
0.944824200,1.008167958
0.945027700,1.016307474
0.945231100,1.032446922
0.945434600,1.040586438
0.945638000,1.048725886
0.945841500,1.064865402
0.946044900,1.073004849
0.946248400,1.081144366
0.946451800,1.093283813
0.946655300,1.101423330
0.946858700,1.109562777
0.947062200,1.117702293
0.947265600,1.129841741
0.947469100,1.137981257
0.947672500,1.150120705
0.947876000,1.162260221
0.948079400,1.170399669
0.948282900,1.178539185
0.948486300,1.190678633
0.948689800,1.198818149
0.948893200,1.206957596
0.949096700,1.215097113
0.949300100,1.231236560
0.949503600,1.239376076
0.949707000,1.247515524
0.949910500,1.255655040
0.950113900,1.263794488
0.950317400,1.271934004
0.950520800,1.284073452
0.950724300,1.292212968
0.950927700,1.304352416
0.951131200,1.312491932
0.951334600,1.320631379
0.951538100,1.328770896
0.951741500,1.336910343
0.951945000,1.345049859
0.952148400,1.353189307
0.952351900,1.361328823
0.952555300,1.377468271
0.952758800,1.381607787
0.952962200,1.389747235
0.953165700,1.401886751
0.953369100,1.406026199
0.953572600,1.414165715
0.953776000,1.422305162
0.953979500,1.430444679
0.954182900,1.438584126
0.954386400,1.450723643
0.954589800,1.458863090
0.954793300,1.467002606
0.954996700,1.475142054
0.955200200,1.483281570
0.955403600,1.491421018
0.955607100,1.495560534
0.955810500,1.507699982
0.956014000,1.515839498
0.956217400,1.523978946
0.956420900,1.532118462
0.956624300,1.540257909
0.956827800,1.544397426
0.957031300,1.552536942
0.957234700,1.560676389
0.957438200,1.572815906
0.957641600,1.576955353
0.957845100,1.585094869
0.958048500,1.593234317
0.958252000,1.601373833
0.958455400,1.605513281
0.958658900,1.613652797
0.958862300,1.621792245
0.959065800,1.629931761
0.959269200,1.638071209
0.959472700,1.646210725
0.959676100,1.650350173
0.959879600,1.658489689
0.960083000,1.666629136
0.960286500,1.670768653
0.960489900,1.678908100
0.960693400,1.691047616
0.960896800,1.695187064
0.961100300,1.699326580
0.961303700,1.707466028
0.961507200,1.715605544
0.961710600,1.719744992
0.961914100,1.727884508
0.962117500,1.736023956
0.962321000,1.740163472
0.962524400,1.748302919
0.962727900,1.752442436
0.962931300,1.760581883
0.963134800,1.764721399
0.963338200,1.772860847
0.963541700,1.777000363
0.963745100,1.785139811
0.963948600,1.793279327
0.964152000,1.797418775
0.964355500,1.801558291
0.964558900,1.805697739
0.964762400,1.813837255
0.964965800,1.817976702
0.965169300,1.826116219
0.965372700,1.834255666
0.965576200,1.838395183
0.965779600,1.842534630
0.965983100,1.846674146
0.966186500,1.850813594
0.966390000,1.858953110
0.966593400,1.863092558
0.966796900,1.871232074
0.967000300,1.875371522
0.967203800,1.879511038
0.967407200,1.883650486
0.967610700,1.887790002
0.967814100,1.891929449
0.968017600,1.896068966
0.968221000,1.904208413
0.968424500,1.908347929
0.968627900,1.912487377
0.968831400,1.916626893
0.969034800,1.920766341
0.969238300,1.924905857
0.969441700,1.929045305
0.969645200,1.937184821
0.969848600,1.941324269
0.970052100,1.945463785
0.970255500,1.949603232
0.970459000,1.953742749
0.970662400,1.953882196
0.970865900,1.958021712
0.971069300,1.966161160
0.971272800,1.970300676
0.971476200,1.974440124
0.971679700,1.974579640
0.971883100,1.978719088
0.972086600,1.982858604
0.972290000,1.986998052
0.972493500,1.991137568
0.972696900,1.995277015
0.972900400,1.999416532
0.973103800,2.003555979
0.973307300,2.003695496
0.973510700,2.007834943
0.973714200,2.011974459
0.973917600,2.016113907
0.974121100,2.020253423
0.974324500,2.020392871
0.974528000,2.024532387
0.974731400,2.024671835
0.974934900,2.028811351
0.975138300,2.032950799
0.975341800,2.041090315
0.975545200,2.041229762
0.975748700,2.041369279
0.975952100,2.045508726
0.976155600,2.045648242
0.976359000,2.049787690
0.976562500,2.053927206
0.976766000,2.058066722
0.976969400,2.058206170
0.977172900,2.062345686
0.977376300,2.066485134
0.977579800,2.066624650
0.977783200,2.066764098
0.977986700,2.070903614
0.978190100,2.075043062
0.978393600,2.079182578
0.978597000,2.079322025
0.978800500,2.079461542
0.979003900,2.083600989
0.979207400,2.083740506
0.979410800,2.087879953
0.979614300,2.092019469
0.979817700,2.096158917
0.980021200,2.096298433
0.980224600,2.096437881
0.980428100,2.100577397
0.980631500,2.100716845
0.980835000,2.104856361
0.981038400,2.108995809
0.981241900,2.109135325
0.981445300,2.109274772
0.981648800,2.109414289
0.981852200,2.113553736
0.982055700,2.113693252
0.982259100,2.117832700
0.982462600,2.121972216
0.982666000,2.122111664
0.982869500,2.122251180
0.983072900,2.126390628
0.983276400,2.126530144
0.983479800,2.126669592
0.983683300,2.130809108
0.983886700,2.134948555
0.984090200,2.135088072
0.984293600,2.135227519
0.984497100,2.135367035
0.984700500,2.139506483
0.984904000,2.143645999
0.985107400,2.143785447
0.985310900,2.147924963
0.985514300,2.144064411
0.985717800,2.148203927
0.985921200,2.148343375
0.986124700,2.152482891
0.986328100,2.152622339
0.986531600,2.156761855
0.986735000,2.156901302
0.986938500,2.157040819
0.987141900,2.157180266
0.987345400,2.161319782
0.987548800,2.161459230
0.987752300,2.165598746
0.987955700,2.165738194
0.988159200,2.169877710
0.988362600,2.166017158
0.988566100,2.170156674
0.988769500,2.170296122
0.988973000,2.174435638
0.989176400,2.174575085
0.989379900,2.174714602
0.989583300,2.174854049
0.989786800,2.174993565
0.989990200,2.179133013
0.990193700,2.179272529
0.990397100,2.183411977
0.990600600,2.183551493
0.990804000,2.187690941
0.991007500,2.183830457
0.991210900,2.187969905
0.991414400,2.192109421
0.991617800,2.188248868
0.991821300,2.192388385
0.992024700,2.192527832
0.992228200,2.192667349
0.992431600,2.192806796
0.992635100,2.196946312
0.992838500,2.201085760
0.993042000,2.197225276
0.993245400,2.201364724
0.993448900,2.201504240
0.993652300,2.197643688
0.993855800,2.201783204
0.994059200,2.205922652
0.994262700,2.206062168
0.994466100,2.206201615
0.994669600,2.206341132
0.994873000,2.206480579
0.995076500,2.206620095
0.995279900,2.210759543
0.995483400,2.210899059
0.995686800,2.211038507
0.995890300,2.211178023
0.996093800,2.211317539
0.996297200,2.211456987
0.996500700,2.215596503
0.996704100,2.215735951
0.996907600,2.215875467
0.997111000,2.216014915
0.997314500,2.216154431
0.997517900,2.216293878
0.997721400,2.216433395
0.997924800,2.220572842
0.998128300,2.220712359
0.998331700,2.216851806
0.998535200,2.216991322
0.998738600,2.217130770
0.998942100,2.217270286
0.999145500,2.217409734
0.999349000,2.221549250
0.999552400,2.221688698
0.999755900,2.217828214
0.999959300,2.217967662
1.000162800,2.222107178
1.000366200,2.218246625
1.000569700,2.218386142
1.000773100,2.218525589
1.000976600,2.214665105
1.001180000,2.214804553
1.001383500,2.218944069
1.001586900,2.219083517
1.001790400,2.215223033
1.001993800,2.215362481
1.002197300,2.211501997
1.002400700,2.207641445
1.002604200,2.211780961
1.002807600,2.211920408
1.003011100,2.208059925
1.003214500,2.208199372
1.003418000,2.204338888
1.003621400,2.204478336
1.003824900,2.204617852
1.004028300,2.204757300
1.004231800,2.200896816
1.004435200,2.197036264
1.004638700,2.197175780
1.004842100,2.197315228
1.005045600,2.193454744
1.005249000,2.193594192
1.005452500,2.189733708
1.005655900,2.189873155
1.005859400,2.182012672
1.006062800,2.186152119
1.006266300,2.186291635
1.006469700,2.178431083
1.006673200,2.178570599
1.006876600,2.174710047
1.007080100,2.166849563
1.007283500,2.170989011
1.007487000,2.171128527
1.007690400,2.163267975
1.007893900,2.159407491
1.008097300,2.159546938
1.008300800,2.155686455
1.008504200,2.151825902
1.008707700,2.151965418
1.008911100,2.148104866
1.009114600,2.140244382
1.009318000,2.140383830
1.009521500,2.140523346
1.009724900,2.132662794
1.009928400,2.128802310
1.010131800,2.128941758
1.010335300,2.125081274
1.010538700,2.117220721
1.010742200,2.117360238
1.010945600,2.117499685
1.011149100,2.105639202
1.011352500,2.105778649
1.011556000,2.101918165
1.011759400,2.094057613
1.011962900,2.094197129
1.012166300,2.090336577
1.012369800,2.086476093
1.012573200,2.078615541
1.012776700,2.074755057
1.012980100,2.074894505
1.013183600,2.067034021
1.013387000,2.063173468
1.013590500,2.059312985
1.013793900,2.051452432
1.013997400,2.047591948
1.014200800,2.047731396
1.014404300,2.043870912
1.014607700,2.032010360
1.014811200,2.032149876
1.015014600,2.028289324
1.015218100,2.020428840
1.015421500,2.016568288
1.015625000,2.012707804
1.015828500,2.000847320
1.016031900,1.996986768
1.016235400,1.993126284
1.016438800,1.993265731
1.016642300,1.981405248
1.016845700,1.977544695
1.017049200,1.973684212
1.017252600,1.961823659
1.017456100,1.961963175
1.017659500,1.958102623
1.017863000,1.946242139
1.018066400,1.942381587
1.018269900,1.938521103
1.018473300,1.926660551
1.018676800,1.926800067
1.018880200,1.922939515
1.019083700,1.919079031
1.019287100,1.903218478
1.019490600,1.899357995
1.019694000,1.899497442
1.019897500,1.887636958
1.020100900,1.883776406
1.020304400,1.879915922
1.020507800,1.864055370
1.020711300,1.864194886
1.020914700,1.860334334
1.021118200,1.856473850
1.021321600,1.840613298
1.021525100,1.836752814
1.021728500,1.832892261
1.021932000,1.821031778
1.022135400,1.817171225
1.022338900,1.813310741
1.022542300,1.801450189
1.022745800,1.793589705
1.022949200,1.793729153
1.023152700,1.789868669
1.023356100,1.774008117
1.023559600,1.770147633
1.023763000,1.766287081
1.023966500,1.754426597
1.024169900,1.750566044
1.024373400,1.746705561
1.024576800,1.730845008
1.024780300,1.726984525
1.024983700,1.723123972
1.025187200,1.719263488
1.025390600,1.707402936
1.025594100,1.699542452
1.025797500,1.695681900
1.026001000,1.679821416
1.026204400,1.679960864
1.026407900,1.676100380
1.026611300,1.660239828
1.026814800,1.656379344
1.027018200,1.648518791
1.027221700,1.640658308
1.027425100,1.632797755
1.027628600,1.628937271
1.027832000,1.621076719
1.028035500,1.609216235
1.028238900,1.605355683
1.028442400,1.601495199
1.028645800,1.585634647
1.028849300,1.581774163
1.029052700,1.573913611
1.029256200,1.566053127
1.029459600,1.558192574
1.029663100,1.554332091
1.029866500,1.546471538
1.030070000,1.530611054
1.030273400,1.530750502
1.030476900,1.526890018
1.030680300,1.511029466
1.030883800,1.503168982
1.031087200,1.499308430
1.031290700,1.483447946
1.031494100,1.479587394
1.031697600,1.475726910
1.031901000,1.467866358
1.032104500,1.452005874
1.032307900,1.448145321
1.032511400,1.444284838
1.032714800,1.428424285
1.032918300,1.424563801
1.033121700,1.416703249
1.033325200,1.400842765
1.033528600,1.396982213
1.033732100,1.393121729
1.033935500,1.385261177
1.034139000,1.369400693
1.034342400,1.361540141
1.034545900,1.361679657
1.034749300,1.341819104
1.034952800,1.337958621
1.035156300,1.330098137
1.035359700,1.314237584
1.035563200,1.310377101
1.035766600,1.302516548
1.035970100,1.286656064
1.036173500,1.278795512
1.036377000,1.274935028
1.036580400,1.271074476
1.036783900,1.251213992
1.036987300,1.243353440
1.037190800,1.239492956
1.037394200,1.219632404
1.037597700,1.215771920
1.037801100,1.207911368
1.038004600,1.192050884
1.038208000,1.184190331
1.038411500,1.176329848
1.038614900,1.172469295
1.038818400,1.152608811
1.039021800,1.144748259
1.039225300,1.136887775
1.039428700,1.117027223
1.039632200,1.113166739
1.039835600,1.105306187
1.040039100,1.085445703
1.040242500,1.077585151
1.040446000,1.073724667
1.040649400,1.065864114
1.040852900,1.046003631
1.041056300,1.038143078
1.041259800,1.030282594
1.041463200,1.014422042
1.041666700,1.002561558
1.041870100,0.994701006
1.042073600,0.974840522
1.042277000,0.966979970
1.042480500,0.959119486
1.042683900,0.951258934
1.042887400,0.931398450
1.043090800,0.919537897
1.043294300,0.911677414
1.043497700,0.891816861
1.043701200,0.883956378
1.043904600,0.876095825
1.044108100,0.852235341
1.044311500,0.844374789
1.044515000,0.836514305
1.044718400,0.828653753
1.044921900,0.804793269
1.045125300,0.792932717
1.045328800,0.785072233
1.045532200,0.765211681
1.045735700,0.757351197
1.045939100,0.745490644
1.046142600,0.721630161
1.046346000,0.713769608
1.046549500,0.705909124
1.046752900,0.682048572
1.046956400,0.670188088
1.047159800,0.658327536
1.047363300,0.654467052
1.047566700,0.630606500
1.047770200,0.618746016
1.047973600,0.606885464
1.048177100,0.583024980
1.048380500,0.575164427
1.048584000,0.567303944
1.048787400,0.539443391
1.048990900,0.531582907
1.049194300,0.519722355
1.049397800,0.511861871
1.049601200,0.488001319
1.049804700,0.476140835
1.050008100,0.464280283
1.050211600,0.444419799
1.050415000,0.432559247
1.050618500,0.420698763
1.050821900,0.396838210
1.051025400,0.384977727
1.051228800,0.381117174
1.051432300,0.369256691
1.051635700,0.345396138
1.051839200,0.333535654
1.052042600,0.321675102
1.052246100,0.301814618
1.052449500,0.289954066
1.052653000,0.282093582
1.052856400,0.254233030
1.053059900,0.250372546
1.053263300,0.238511994
1.053466800,0.230651510
1.053670200,0.202790957
1.053873700,0.194930474
1.054077100,0.187069921
1.054280600,0.163209437
1.054484000,0.155348885
1.054687500,0.143488401
1.054891000,0.123627917
1.055094400,0.115767365
1.055297900,0.103906881
1.055501300,0.084046329
1.055704800,0.072185845
1.055908200,0.068325293
1.056111700,0.056464809
1.056315100,0.036604257
1.056518600,0.024743773
1.056722000,0.016883221
1.056925500,-0.002977263
1.057128900,-0.010837816
1.057332400,-0.018698299
1.057535800,-0.042558852
1.057739300,-0.046419336
1.057942700,-0.054279888
1.058146200,-0.062140372
1.058349600,-0.086000924
1.058553100,-0.093861408
1.058756500,-0.097721960
1.058960000,-0.117582444
1.059163400,-0.125442996
1.059366900,-0.133303480
1.059570300,-0.153164033
1.059773800,-0.161024516
1.059977200,-0.168885069
1.060180700,-0.176745553
1.060384100,-0.196606105
1.060587600,-0.200466589
1.060791000,-0.208327141
1.060994500,-0.228187625
1.061197900,-0.236048177
1.061401400,-0.239908661
1.061604800,-0.259769213
1.061808300,-0.267629697
1.062011700,-0.275490250
1.062215200,-0.283350733
1.062418600,-0.295211286
1.062622100,-0.303071769
1.062825500,-0.310932322
1.063029000,-0.330792806
1.063232400,-0.334653358
1.063435900,-0.342513842
1.063639300,-0.362374394
1.063842800,-0.370234878
1.064046200,-0.378095430
1.064249700,-0.381955914
1.064453100,-0.401816466
1.064656600,-0.409676950
1.064860000,-0.417537503
1.065063500,-0.429397986
1.065266900,-0.437258539
1.065470400,-0.445119023
1.065673800,-0.464979575
1.065877300,-0.468840059
1.066080700,-0.476700611
1.066284200,-0.496561095
1.066487600,-0.504421647
1.066691100,-0.512282131
1.066894500,-0.516142683
1.067098000,-0.536003167
1.067301400,-0.543863720
1.067504900,-0.551724203
1.067708300,-0.567584756
1.067911800,-0.575445240
1.068115200,-0.583305792
1.068318700,-0.603166276
1.068522100,-0.607026828
1.068725600,-0.618887312
1.068929000,-0.626747864
1.069132500,-0.646608348
1.069335900,-0.654468900
1.069539400,-0.658329384
1.069742800,-0.678189937
1.069946300,-0.686050420
1.070149700,-0.693910973
1.070353200,-0.709771456
1.070556600,-0.717632009
1.070760100,-0.725492493
1.070963500,-0.733353045
1.071167000,-0.749213529
1.071370400,-0.757074081
1.071573900,-0.764934565
1.071777300,-0.788795117
1.071980800,-0.796655601
1.072184200,-0.800516153
1.072387700,-0.820376637
1.072591100,-0.828237190
1.072794600,-0.836097673
1.072998000,-0.839958226
1.073201500,-0.855818710
1.073404900,-0.863679262
1.073608400,-0.871539746
1.073811800,-0.887400298
1.074015300,-0.895260782
1.074218800,-0.903121266
1.074422200,-0.922981818
1.074625700,-0.930842302
1.074829100,-0.930702854
1.075032600,-0.950563338
1.075236000,-0.958423890
1.075439500,-0.966284374
1.075642900,-0.970144927
1.075846400,-0.986005410
1.076049800,-0.993865963
1.076253300,-0.997726446
1.076456700,-1.013586999
1.076660200,-1.017447483
1.076863600,-1.025308035
1.077067100,-1.041168519
1.077270500,-1.045029071
1.077474000,-1.052889555
1.077677400,-1.056750107
1.077880900,-1.072610591
1.078084300,-1.076471143
1.078287800,-1.080331627
1.078491200,-1.096192180
1.078694700,-1.100052663
1.078898100,-1.107913216
1.079101600,-1.119773700
1.079305000,-1.123634252
1.079508500,-1.127494736
1.079711900,-1.135355288
1.079915400,-1.143215772
1.080118800,-1.147076324
1.080322300,-1.154936808
1.080525700,-1.166797360
1.080729200,-1.166657844
1.080932600,-1.170518397
1.081136100,-1.186378880
1.081339500,-1.190239433
1.081543000,-1.190099917
1.081746400,-1.193960469
1.081949900,-1.205820953
1.082153300,-1.209681505
1.082356800,-1.209541989
1.082560200,-1.221402541
1.082763700,-1.225263025
1.082967100,-1.229123577
1.083170600,-1.232984061
1.083374000,-1.236844613
1.083577500,-1.240705097
1.083780900,-1.252565650
1.083984400,-1.252426133
1.084187800,-1.252286686
1.084391300,-1.256147170
1.084594700,-1.264007722
1.084798200,-1.267868206
1.085001600,-1.263728758
1.085205100,-1.275589242
1.085408500,-1.275449794
1.085612000,-1.279310278
1.085815400,-1.283170830
1.086018900,-1.287031314
1.086222300,-1.286891867
1.086425800,-1.286752350
1.086629200,-1.290612903
1.086832700,-1.294473387
1.087036100,-1.294333939
1.087239600,-1.302194423
1.087443000,-1.298054975
1.087646500,-1.301915459
1.087849900,-1.305776011
1.088053400,-1.309636495
1.088256800,-1.305497047
1.088460300,-1.305357531
1.088663700,-1.313218084
1.088867200,-1.313078567
1.089070600,-1.308939120
1.089274100,-1.312799603
1.089477500,-1.316660156
1.089681000,-1.316520640
1.089884400,-1.316381192
1.090087900,-1.316241676
1.090291300,-1.316102228
1.090494800,-1.315962712
1.090698200,-1.315823264
1.090901700,-1.315683748
1.091105100,-1.315544300
1.091308600,-1.319404784
1.091512000,-1.315265337
1.091715500,-1.315125820
1.091918900,-1.318986373
1.092122400,-1.314846857
1.092325800,-1.310707409
1.092529300,-1.310567893
1.092732700,-1.314428445
1.092936200,-1.314288929
1.093139600,-1.306149481
1.093343100,-1.310009965
1.093546500,-1.309870517
1.093750000,-1.305731001
1.093953500,-1.305591485
1.094156900,-1.301452037
1.094360400,-1.301312521
1.094563800,-1.301173074
1.094767300,-1.297033557
1.094970700,-1.296894110
1.095174200,-1.292754593
1.095377600,-1.292615146
1.095581100,-1.288475630
1.095784500,-1.284336182
1.095988000,-1.284196666
1.096191400,-1.284057218
1.096394900,-1.275917702
1.096598300,-1.275778254
1.096801800,-1.271638738
1.097005200,-1.271499290
1.097208700,-1.263359774
1.097412100,-1.263220327
1.097615600,-1.259080810
1.097819000,-1.254941363
1.098022500,-1.250801847
1.098225900,-1.246662399
1.098429400,-1.242522883
1.098632800,-1.234383435
1.098836300,-1.230243919
1.099039700,-1.230104471
1.099243200,-1.225964955
1.099446600,-1.217825507
1.099650100,-1.213685991
1.099853500,-1.209546544
1.100057000,-1.205407027
1.100260400,-1.197267580
1.100463900,-1.193128064
1.100667300,-1.184988616
1.100870800,-1.180849100
1.101074200,-1.172709652
1.101277700,-1.168570136
1.101481100,-1.160430688
1.101684600,-1.156291172
1.101888000,-1.148151724
1.102091500,-1.140012208
1.102294900,-1.135872761
1.102498400,-1.131733244
1.102701800,-1.119593797
1.102905300,-1.115454280
1.103108700,-1.107314833
1.103312200,-1.099175317
1.103515600,-1.091035869
1.103719100,-1.082896353
1.103922500,-1.078756905
1.104126000,-1.070617389
1.104329400,-1.058477941
1.104532900,-1.054338425
1.104736300,-1.046198977
1.104939800,-1.034059461
1.105143200,-1.025920014
1.105346700,-1.017780497
1.105550100,-1.013641050
1.105753600,-1.001501534
1.105957000,-0.993362086
1.106160500,-0.985222570
1.106363900,-0.977083122
1.106567400,-0.964943606
1.106770800,-0.956804158
1.106974300,-0.948664642
1.107177700,-0.944525194
1.107381200,-0.928385678
1.107584600,-0.920246231
1.107788100,-0.916106714
1.107991500,-0.907967267
1.108195000,-0.891827750
1.108398400,-0.883688303
1.108601900,-0.879548787
1.108805300,-0.863409339
1.109008800,-0.855269823
1.109212200,-0.851130375
1.109415700,-0.838990859
1.109619100,-0.826851411
1.109822600,-0.818711895
1.110026000,-0.814572447
1.110229500,-0.802432931
1.110432900,-0.790293484
1.110636400,-0.786153967
1.110839800,-0.774014520
1.111043300,-0.765875004
1.111246700,-0.757735556
1.111450200,-0.745596040
1.111653600,-0.737456592
1.111857100,-0.729317076
1.112060500,-0.721177628
1.112264000,-0.713038112
1.112467400,-0.704898664
1.112670900,-0.692759148
1.112874300,-0.684619701
1.113077800,-0.676480184
1.113281300,-0.672340668
1.113484700,-0.656201221
1.113688200,-0.652061704
1.113891600,-0.643922257
1.114095100,-0.631782740
1.114298500,-0.623643293
1.114502000,-0.619503777
1.114705400,-0.611364329
1.114908900,-0.599224813
1.115112300,-0.595085365
1.115315800,-0.586945849
1.115519200,-0.578806401
1.115722700,-0.570666885
1.115926100,-0.562527437
1.116129600,-0.554387921
1.116333000,-0.546248474
1.116536500,-0.542108957
1.116739900,-0.533969510
1.116943400,-0.525829994
1.117146800,-0.517690546
1.117350300,-0.513551030
1.117553700,-0.505411582
1.117757200,-0.501272066
1.117960600,-0.489132618
1.118164100,-0.484993102
1.118367500,-0.476853654
1.118571000,-0.468714138
1.118774400,-0.464574691
1.118977900,-0.456435174
1.119181300,-0.452295727
1.119384800,-0.444156211
1.119588200,-0.436016763
1.119791700,-0.431877247
1.119995100,-0.427737799
1.120198600,-0.419598283
1.120402000,-0.411458835
1.120605500,-0.407319319
1.120808900,-0.399179871
1.121012400,-0.395040355
1.121215800,-0.390900908
1.121419300,-0.386761391
1.121622700,-0.374621944
1.121826200,-0.370482427
1.122029600,-0.366342980
1.122233100,-0.362203464
1.122436500,-0.354064016
1.122640000,-0.349924500
1.122843400,-0.345785052
1.123046900,-0.337645536
1.123250300,-0.333506088
1.123453800,-0.329366572
1.123657200,-0.325227124
1.123860700,-0.317087608
1.124064100,-0.312948161
1.124267600,-0.308808644
1.124471000,-0.300669197
1.124674500,-0.296529681
1.124877900,-0.292390233
1.125081400,-0.288250717
1.125284800,-0.280111269
1.125488300,-0.275971753
1.125691700,-0.271832305
1.125895200,-0.267692789
1.126098600,-0.259553341
1.126302100,-0.259413825
1.126505500,-0.255274378
1.126709000,-0.247134861
1.126912400,-0.242995414
1.127115900,-0.238855898
1.127319300,-0.234716450
1.127522800,-0.226576934
1.127726200,-0.226437486
1.127929700,-0.222297970
1.128133100,-0.214158522
1.128336600,-0.210019006
1.128540000,-0.205879558
1.128743500,-0.201740042
1.128946900,-0.197600594
1.129150400,-0.193461078
1.129353800,-0.189321631
1.129557300,-0.181182114
1.129760700,-0.177042667
1.129964200,-0.172903151
1.130167600,-0.172763703
1.130371100,-0.164624187
1.130574500,-0.160484739
1.130778000,-0.156345223
1.130981400,-0.152205775
1.131184900,-0.148066259
1.131388300,-0.143926811
1.131591800,-0.139787295
1.131795200,-0.131647848
1.131998700,-0.127508331
1.132202100,-0.127368884
1.132405600,-0.119229368
1.132609000,-0.115089920
1.132812500,-0.110950404
1.133016000,-0.110810888
1.133219400,-0.102671440
1.133422900,-0.098531924
1.133626300,-0.094392476
1.133829800,-0.086252960
1.134033200,-0.086113512
1.134236700,-0.081973996
1.134440100,-0.077834548
1.134643600,-0.069695032
1.134847000,-0.065555584
1.135050500,-0.065416068
1.135253900,-0.057276621
1.135457400,-0.053137104
1.135660800,-0.052997657
1.135864300,-0.048858141
1.136067700,-0.040718693
1.136271200,-0.036579177
1.136474600,-0.032439729
1.136678100,-0.028300213
1.136881500,-0.024160765
1.137085000,-0.020021249
1.137288400,-0.019881801
1.137491900,-0.011742285
1.137695300,-0.007602838
1.137898800,-0.003463321
1.138102200,0.000676126
1.138305700,0.004815642
1.138509100,0.008955090
1.138712600,0.017094606
1.138916000,0.017234054
1.139119500,0.021373570
1.139322900,0.025513018
1.139526400,0.029652534
1.139729800,0.033791982
1.139933300,0.037931498
1.140136700,0.042070945
1.140340200,0.046210462
1.140543600,0.050349909
1.140747100,0.050489426
1.140950500,0.058628873
1.141154000,0.058768389
1.141357400,0.062907837
1.141560900,0.071047353
1.141764300,0.071186801
1.141967800,0.075326317
1.142171200,0.083465765
1.142374700,0.083605281
1.142578100,0.087744729
1.142781600,0.091884245
1.142985000,0.100023692
1.143188500,0.100163209
1.143391900,0.104302656
1.143595400,0.108442172
1.143798800,0.112581620
1.144002300,0.116721136
1.144205700,0.116860584
1.144409200,0.125000100
1.144612600,0.129139548
1.144816100,0.129279064
1.145019500,0.137418512
1.145223000,0.141558028
1.145426400,0.141697475
1.145629900,0.149836992
1.145833300,0.153976439
1.146036800,0.158115955
1.146240200,0.158255403
1.146443700,0.166394919
1.146647100,0.170534367
1.146850600,0.174673883
1.147054000,0.182813331
1.147257500,0.182952847
1.147460900,0.187092295
1.147664400,0.195231811
1.147867800,0.199371258
1.148071300,0.199510775
1.148274700,0.203650222
1.148478200,0.211789739
1.148681600,0.215929186
1.148885100,0.220068702
1.149088500,0.228208150
1.149292000,0.232347666
1.149495400,0.236487114
1.149698900,0.240626630
1.149902300,0.244766078
1.150105800,0.248905594
1.150309200,0.253045042
1.150512700,0.261184558
1.150716100,0.265324005
1.150919600,0.269463522
1.151123000,0.277602969
1.151326500,0.281742485
1.151529900,0.285881933
1.151733400,0.294021449
1.151936800,0.298160897
1.152140300,0.302300413
1.152343800,0.306439929
1.152547200,0.314579377
1.152750700,0.318718893
1.152954100,0.322858341
1.153157600,0.330997857
1.153361000,0.335137305
1.153564500,0.339276821
1.153767900,0.351416268
1.153971400,0.355555785
1.154174800,0.359695232
1.154378300,0.367834749
1.154581700,0.371974196
1.154785200,0.376113712
1.154988600,0.380253160
1.155192100,0.388392676
1.155395500,0.392532124
1.155599000,0.396671640
1.155802400,0.404811088
1.156005900,0.408950604
1.156209300,0.413090052
1.156412800,0.421229568
1.156616200,0.425369015
1.156819700,0.429508532
1.157023100,0.437647979
1.157226600,0.441787495
1.157430000,0.445926943
1.157633500,0.450066459
1.157836900,0.458205907
1.158040400,0.462345423
1.158243800,0.466484871
1.158447300,0.474624387
1.158650700,0.478763835
1.158854200,0.482903351
1.159057600,0.491042798
1.159261100,0.495182315
1.159464500,0.499321762
1.159668000,0.507461279
1.159871400,0.511600726
1.160074900,0.515740242
1.160278300,0.519879690
1.160481800,0.524019206
1.160685200,0.528158654
1.160888700,0.532298170
1.161092100,0.540437618
1.161295600,0.544577134
1.161499000,0.548716582
1.161702500,0.556856098
1.161905900,0.556995545
1.162109400,0.561135062
1.162312800,0.569274509
1.162516300,0.573414025
1.162719700,0.577553473
1.162923200,0.585692989
1.163126600,0.585832437
1.163330100,0.589971953
1.163533500,0.594111401
1.163737000,0.602250917
1.163940400,0.602390365
1.164143900,0.606529881
1.164347300,0.614669328
1.164550800,0.618808845
1.164754200,0.622948292
1.164957700,0.627087808
1.165161100,0.631227256
1.165364600,0.635366772
1.165568000,0.643506220
1.165771500,0.643645736
1.165974900,0.647785184
1.166178400,0.655924700
1.166381800,0.660064148
1.166585300,0.660203664
1.166788700,0.664343111
1.166992200,0.672482628
1.167195600,0.676622075
1.167399100,0.676761592
1.167602500,0.684901039
1.167806000,0.689040555
1.168009400,0.689180003
1.168212900,0.697319519
1.168416300,0.701458967
1.168619800,0.701598483
1.168823200,0.709737931
1.169026700,0.713877447
1.169230100,0.714016895
1.169433600,0.722156411
1.169637000,0.726295858
1.169840500,0.726435375
1.170043900,0.734574822
1.170247400,0.734714338
1.170450800,0.738853786
1.170654300,0.742993302
1.170857700,0.747132750
1.171061200,0.751272266
1.171264600,0.755411714
1.171468100,0.759551230
1.171671500,0.759690678
1.171875000,0.763830194
1.172078500,0.767969710
1.172281900,0.772109158
1.172485400,0.776248674
1.172688800,0.780388121
1.172892300,0.780527638
1.173095700,0.784667085
1.173299200,0.788806602
1.173502600,0.792946049
1.173706100,0.793085565
1.173909500,0.801225013
1.174113000,0.801364529
1.174316400,0.801503977
1.174519900,0.809643493
1.174723300,0.809782941
1.174926800,0.809922457
1.175130200,0.814061905
1.175333700,0.818201421
1.175537100,0.818340868
1.175740600,0.822480385
1.175944000,0.822619832
1.176147500,0.822759348
1.176350900,0.826898796
1.176554400,0.831038312
1.176757800,0.827177760
1.176961300,0.835317276
1.177164700,0.835456724
1.177368200,0.835596240
1.177571600,0.835735688
1.177775100,0.839875204
1.177978500,0.840014651
1.178182000,0.836154168
1.178385400,0.844293615
1.178588900,0.844433131
1.178792300,0.840572579
1.178995800,0.844712095
1.179199200,0.844851543
1.179402700,0.840991059
1.179606100,0.845130507
1.179809600,0.845270023
1.180013000,0.845409471
1.180216500,0.845548987
1.180419900,0.845688435
1.180623400,0.845827951
1.180826800,0.845967398
1.181030300,0.846106915
1.181233700,0.846246362
1.181437200,0.846385878
1.181640600,0.846525326
1.181844100,0.846664842
1.182047500,0.850804290
1.182251000,0.846943806
1.182454400,0.843083254
1.182657900,0.847222770
1.182861300,0.843362218
1.183064800,0.843501734
1.183268200,0.847641181
1.183471700,0.839780698
1.183675100,0.839920145
1.183878600,0.844059661
1.184082000,0.844199109
1.184285500,0.836338625
1.184488900,0.840478073
1.184692400,0.840617589
1.184895800,0.832757037
1.185099300,0.836896553
1.185302700,0.837036001
1.185506200,0.829175517
1.185709600,0.833314964
1.185913100,0.833454481
1.186116500,0.829593928
1.186320000,0.829733445
1.186523400,0.825872892
1.186726900,0.826012408
1.186930300,0.826151856
1.187133800,0.822291372
1.187337200,0.822430820
1.187540700,0.818570336
1.187744100,0.818709784
1.187947600,0.818849300
1.188151000,0.818988748
1.188354500,0.815128264
1.188557900,0.815267711
1.188761400,0.815407228
1.188964800,0.811546675
1.189168300,0.807686191
1.189371700,0.811825639
1.189575200,0.807965155
1.189778600,0.804104603
1.189982100,0.808244119
1.190185500,0.804383567
1.190389000,0.800523083
1.190592400,0.804662531
1.190795900,0.804802047
1.190999300,0.796941494
1.191202800,0.801081011
1.191406300,0.801220527
1.191609700,0.793359974
1.191813200,0.797499491
1.192016600,0.797638938
1.192220100,0.789778455
1.192423500,0.793917902
1.192627000,0.794057418
1.192830400,0.790196866
1.193033900,0.790336382
1.193237300,0.790475830
1.193440800,0.790615346
1.193644200,0.786754794
1.193847700,0.786894310
1.194051100,0.787033758
1.194254600,0.783173274
1.194458000,0.783312721
1.194661500,0.783452238
1.194864900,0.783591685
1.195068400,0.779731201
1.195271800,0.779870649
1.195475300,0.780010165
1.195678700,0.776149613
1.195882200,0.776289129
1.196085600,0.776428577
1.196289100,0.772568093
1.196492500,0.772707541
1.196696000,0.772847057
1.196899400,0.772986504
1.197102900,0.773126021
1.197306300,0.769265468
1.197509800,0.769404984
1.197713200,0.765544432
1.197916700,0.765683948
1.198120100,0.765823396
1.198323600,0.761962912
1.198527000,0.762102360
1.198730500,0.758241876
1.198933900,0.758381324
1.199137400,0.754520840
1.199340800,0.754660287
1.199544300,0.758799804
1.199747700,0.750939251
1.199951200,0.751078768
1.200154600,0.751218215
1.200358100,0.743357731
1.200561500,0.743497179
1.200765000,0.747636695
1.200968400,0.739776143
1.201171900,0.735915659
1.201375300,0.740055107
1.201578800,0.740194623
1.201782200,0.732334071
1.201985700,0.732473587
1.202189100,0.732613034
1.202392600,0.724752551
1.202596000,0.724891998
1.202799500,0.725031514
1.203002900,0.717170962
1.203206400,0.717310478
1.203409800,0.717449926
1.203613300,0.717589442
1.203816700,0.709728890
1.204020200,0.709868406
1.204223600,0.710007854
1.204427100,0.702147370
1.204630500,0.698286817
1.204834000,0.702426334
1.205037400,0.694565781
1.205240900,0.690705297
1.205444300,0.690844745
1.205647800,0.690984261
1.205851200,0.683123709
1.206054700,0.683263225
1.206258100,0.683402673
1.206461600,0.671542189
1.206665000,0.675681637
1.206868500,0.671821153
1.207071900,0.663960601
1.207275400,0.664100117
1.207478800,0.664239564
1.207682300,0.656379081
1.207885700,0.656518528
1.208089200,0.652658044
1.208292600,0.656797492
1.208496100,0.644937008
1.208699500,0.645076456
1.208903000,0.645215972
1.209106400,0.637355420
1.209309900,0.633494936
1.209513300,0.637634384
1.209716800,0.625773900
1.209920200,0.625913347
1.210123700,0.626052864
1.210327100,0.626192311
1.210530600,0.614331827
1.210734000,0.618471275
1.210937500,0.614610791
1.211141000,0.606750308
1.211344400,0.606889755
1.211547900,0.607029271
1.211751300,0.599168719
1.211954800,0.599308235
1.212158200,0.595447683
1.212361700,0.599587199
1.212565100,0.591726647
1.212768600,0.587866163
1.212972000,0.588005611
1.213175500,0.580145127
1.213378900,0.580284574
1.213582400,0.580424091
1.213785800,0.572563538
1.213989300,0.568703054
1.214192700,0.572842502
1.214396200,0.568982018
1.214599600,0.565121466
1.214803100,0.565260982
1.215006500,0.561400430
1.215210000,0.557539946
1.215413400,0.553679394
1.215616900,0.553818910
1.215820300,0.549958357
1.216023800,0.546097874
1.216227200,0.546237321
1.216430700,0.546376837
1.216634100,0.538516285
1.216837600,0.538655801
1.217041000,0.538795249
1.217244500,0.530934765
1.217447900,0.535074213
1.217651400,0.531213729
1.217854800,0.523353177
1.218058300,0.527492693
1.218261700,0.523632140
1.218465200,0.515771657
1.218668600,0.519911104
1.218872100,0.516050621
1.219075500,0.516190068
1.219279000,0.512329584
1.219482400,0.508469032
1.219685900,0.508608548
1.219889300,0.504747996
1.220092800,0.500887512
1.220296200,0.505026960
1.220499700,0.497166476
1.220703100,0.493305924
1.220906600,0.497445440
1.221110000,0.497584887
1.221313500,0.489724404
1.221516900,0.489863851
1.221720400,0.490003367
1.221923800,0.482142815
1.222127300,0.482282331
1.222330700,0.482421779
1.222534200,0.478561295
1.222737600,0.478700743
1.222941100,0.474840259
1.223144500,0.478979707
1.223348000,0.471119223
1.223551400,0.471258670
1.223754900,0.471398187
1.223958300,0.463537634
1.224161800,0.463677150
1.224365200,0.467816598
1.224568700,0.459956114
1.224772100,0.464095562
1.224975600,0.460235078
1.225179000,0.460374526
1.225382500,0.456514042
1.225585900,0.456653490
1.225789400,0.456793006
1.225992800,0.452932454
1.226196300,0.453071970
1.226399700,0.449211417
1.226603200,0.449350934
1.226806600,0.449490381
1.227010100,0.449629897
1.227213500,0.445769345
1.227417000,0.441908861
1.227620400,0.446048309
1.227823900,0.446187825
1.228027300,0.442327273
1.228230800,0.442466789
1.228434200,0.442606237
1.228637700,0.442745753
1.228841100,0.438885200
1.229044600,0.439024717
1.229248000,0.439164164
1.229451500,0.439303680
1.229654900,0.435443128
1.229858400,0.439582644
1.230061800,0.435722092
1.230265300,0.435861608
1.230468700,0.436001056
1.230672200,0.432140572
1.230875700,0.436280088
1.231079100,0.436419536
1.231282600,0.428559052
1.231486000,0.432698500
1.231689500,0.432838016
1.231892900,0.432977464
1.232096400,0.429116980
1.232299800,0.429256427
1.232503300,0.433395944
1.232706700,0.425535391
1.232910200,0.425674907
1.233113600,0.429814355
1.233317100,0.421953871
1.233520500,0.422093319
1.233724000,0.426232835
1.233927400,0.422372283
1.234130900,0.422511799
1.234334300,0.418651247
1.234537800,0.418790763
1.234741200,0.414930210
1.234944700,0.415069727
1.235148100,0.415209174
1.235351600,0.411348690
1.235555000,0.411488138
1.235758500,0.411627654
1.235961900,0.411767102
1.236165400,0.403906618
1.236368800,0.408046066
1.236572300,0.404185582
1.236775700,0.396325030
1.236979200,0.400464546
1.237182600,0.396603993
1.237386100,0.392743510
1.237589500,0.392882957
1.237793000,0.389022474
1.237996400,0.385161921
1.238199900,0.381301437
1.238403300,0.381440885
1.238606800,0.381580401
1.238810200,0.373719849
1.239013700,0.373859365
1.239217100,0.373998813
1.239420600,0.362138329
1.239624000,0.366277777
1.239827500,0.362417293
1.240030900,0.354556740
1.240234400,0.354696257
1.240437800,0.350835704
1.240641300,0.354975220
1.240844700,0.343114668
1.241048200,0.339254184
1.241251600,0.343393632
1.241455100,0.331533148
1.241658500,0.327672596
1.241862000,0.327812112
1.242065400,0.319951560
1.242268900,0.320091076
1.242472300,0.316230523
1.242675800,0.312370040
1.242879200,0.304509487
1.243082700,0.300649003
1.243286100,0.300788451
1.243489600,0.292927967
1.243693000,0.289067415
1.243896500,0.289206931
1.244099900,0.277346379
1.244303400,0.273485895
1.244506800,0.273625343
1.244710300,0.269764859
1.244913700,0.261904306
1.245117200,0.258043823
1.245320600,0.254183270
1.245524100,0.246322787
1.245727500,0.242462234
1.245931000,0.238601750
1.246134400,0.230741198
1.246337900,0.226880714
1.246541300,0.227020162
1.246744800,0.215159678
1.246948200,0.211299126
1.247151700,0.211438642
1.247355100,0.207578090
1.247558600,0.195717606
1.247762000,0.195857053
1.247965500,0.191996570
1.248168900,0.184136017
1.248372400,0.180275533
1.248575800,0.176414981
1.248779300,0.168554497
1.248982700,0.164693945
1.249186200,0.164833461
1.249389600,0.160972909
1.249593100,0.149112425
1.249796500,0.149251873
1.250000000,0.145391389
1.250203500,0.133530905
1.250406900,0.133670353
1.250610400,0.129809869
1.250813800,0.121949316
1.251017300,0.118088833
1.251220700,0.114228280
1.251424200,0.114367797
1.251627600,0.106507244
1.251831100,0.106646760
1.252034500,0.102786208
1.252238000,0.090925724
1.252441400,0.091065172
1.252644900,0.087204688
1.252848300,0.083344136
1.253051800,0.079483652
1.253255200,0.075623100
1.253458700,0.075762616
1.253662100,0.067902063
1.253865600,0.064041580
1.254069000,0.064181027
1.254272500,0.056320543
1.254475900,0.056459991
1.254679400,0.056599507
1.254882800,0.048738955
1.255086300,0.048878471
1.255289700,0.045017919
1.255493200,0.041157435
1.255696600,0.041296883
1.255900100,0.037436399
1.256103500,0.041575846
1.256307000,0.033715363
1.256510400,0.037854810
1.256713900,0.033994327
1.256917300,0.026133774
1.257120800,0.030273290
1.257324200,0.030412738
1.257527700,0.022552254
1.257731100,0.026691702
1.257934600,0.026831218
1.258138000,0.030970666
1.258341500,0.023110182
1.258544900,0.023249630
1.258748400,0.027389146
1.258951800,0.023528593
1.259155300,0.027668110
1.259358700,0.027807557
1.259562200,0.023947073
1.259765600,0.028086521
1.259969100,0.028226037
1.260172500,0.032365485
1.260376000,0.028505001
1.260579400,0.028644449
1.260782900,0.032783965
1.260986300,0.028923413
1.261189800,0.037062929
1.261393200,0.037202376
1.261596700,0.033341893
1.261800100,0.037481340
1.262003600,0.041620856
1.262207000,0.045760304
1.262410500,0.045899820
1.262613900,0.046039268
1.262817400,0.050178784
1.263020800,0.050318232
1.263224300,0.054457748
1.263427700,0.058597196
1.263631200,0.054736712
1.263834600,0.062876159
1.264038100,0.063015676
1.264241500,0.067155123
1.264445000,0.067294640
1.264648400,0.071434087
1.264851900,0.075573603
1.265055300,0.075713051
1.265258800,0.079852567
1.265462200,0.083992015
1.265665700,0.084131531
1.265869100,0.092270979
1.266072600,0.092410495
1.266276000,0.096549943
1.266479500,0.100689459
1.266682900,0.104828906
1.266886400,0.108968423
1.267089800,0.109107870
1.267293300,0.113247386
1.267496700,0.121386834
1.267700200,0.121526350
1.267903600,0.125665798
1.268107100,0.129805314
1.268310500,0.129944762
1.268514000,0.138084278
1.268717400,0.142223726
1.268920900,0.146363242
1.269124300,0.146502689
1.269327800,0.150642206
1.269531200,0.158781653
1.269734700,0.158921169
1.269938200,0.167060686
1.270141600,0.171200133
1.270345100,0.171339650
1.270548500,0.179479097
1.270752000,0.183618613
1.270955400,0.187758061
1.271158900,0.191897577
1.271362300,0.196037025
1.271565800,0.200176541
1.271769200,0.204315989
1.271972700,0.212455505
1.272176100,0.216594953
1.272379600,0.216734469
1.272583000,0.224873916
1.272786500,0.229013433
1.272989900,0.237152880
1.273193400,0.241292396
1.273396800,0.249431844
1.273600300,0.249571360
1.273803700,0.253710808
1.274007200,0.261850324
1.274210600,0.265989772
1.274414100,0.274129288
1.274617500,0.278268736
1.274821000,0.282408252
1.275024400,0.290547699
1.275227900,0.294687216
1.275431300,0.302826663
1.275634800,0.306966179
1.275838200,0.311105627
1.276041700,0.319245143
1.276245100,0.323384591
1.276448600,0.335524107
1.276652000,0.339663555
1.276855500,0.343803071
1.277058900,0.351942519
1.277262400,0.356082035
1.277465800,0.364221483
1.277669300,0.372360999
1.277872700,0.376500446
1.278076200,0.384639963
1.278279600,0.388779410
1.278483100,0.400918926
1.278686500,0.405058374
1.278890000,0.409197890
1.279093400,0.421337338
1.279296900,0.425476854
1.279500300,0.433616302
1.279703800,0.437755818
1.279907200,0.449895266
1.280110700,0.454034782
1.280314100,0.458174229
1.280517600,0.470313746
1.280721000,0.474453193
1.280924500,0.486592709
1.281127900,0.490732157
1.281331400,0.494871673
1.281534800,0.507011121
1.281738300,0.511150637
1.281941700,0.523290085
1.282145200,0.527429601
1.282348600,0.531569049
1.282552100,0.543708565
1.282755500,0.547848012
1.282959000,0.555987529
1.283162400,0.564126976
1.283365900,0.572266493
1.283569300,0.576405940
1.283772800,0.584545456
1.283976200,0.592684904
1.284179700,0.596824420
1.284383100,0.608963868
1.284586600,0.613103384
1.284790000,0.621242832
1.284993500,0.629382348
1.285196900,0.633521796
1.285400400,0.645661312
1.285603800,0.649800759
1.285807300,0.653940276
1.286010700,0.666079723
1.286214200,0.670219239
1.286417600,0.678358687
1.286621100,0.682498203
1.286824500,0.694637651
1.287028000,0.698777167
1.287231400,0.702916615
1.287434900,0.711056131
1.287638300,0.719195579
1.287841800,0.727335095
1.288045200,0.731474542
1.288248700,0.735614059
1.288452100,0.743753506
1.288655600,0.751893022
1.288859000,0.760032470
1.289062500,0.764171986
1.289266000,0.772311503
1.289469400,0.776450950
1.289672900,0.784590466
1.289876300,0.792729914
1.290079800,0.796869430
1.290283200,0.805008878
1.290486700,0.809148394
1.290690100,0.813287842
1.290893600,0.821427358
1.291097000,0.825566806
1.291300500,0.833706322
1.291503900,0.837845769
1.291707400,0.845985286
1.291910800,0.850124733
1.292114300,0.858264249
1.292317700,0.866403697
1.292521200,0.870543213
1.292724600,0.878682661
1.292928100,0.882822177
1.293131500,0.882961625
1.293335000,0.891101141
1.293538400,0.895240589
1.293741900,0.903380105
1.293945300,0.907519552
1.294148800,0.915659069
1.294352200,0.919798516
1.294555700,0.923938032
1.294759100,0.932077480
1.294962600,0.936216996
1.295166000,0.944356444
1.295369500,0.948495960
1.295572900,0.952635408
1.295776400,0.956774924
1.295979800,0.960914372
1.296183300,0.969053888
1.296386700,0.973193335
1.296590200,0.977332852
1.296793600,0.981472299
1.296997100,0.985611816
1.297200500,0.993751263
1.297404000,0.997890779
1.297607400,1.002030227
1.297810900,1.006169743
1.298014300,1.014309191
1.298217800,1.018448707
1.298421200,1.018588155
1.298624700,1.026727671
1.298828100,1.030867119
1.299031600,1.035006635
1.299235000,1.039146082
1.299438500,1.047285599
1.299641900,1.047425046
1.299845400,1.051564562
1.300048800,1.059704010
1.300252300,1.059843526
1.300455700,1.067982974
1.300659200,1.072122490
1.300862600,1.076261938
1.301066100,1.080401454
1.301269500,1.084540902
1.301473000,1.088680418
1.301676400,1.092819865
1.301879900,1.096959382
1.302083300,1.101098829
1.302286800,1.105238345
1.302490200,1.109377793
1.302693700,1.109517309
1.302897100,1.117656757
1.303100600,1.117796273
1.303304000,1.125935721
1.303507500,1.126075237
1.303710900,1.134214685
1.303914400,1.134354201
1.304117800,1.134493649
1.304321300,1.142633165
1.304524700,1.146772612
1.304728200,1.150912129
1.304931600,1.151051576
1.305135100,1.159191092
1.305338500,1.159330540
1.305542000,1.159470056
1.305745400,1.167609504
1.305948900,1.167749020
1.306152300,1.171888468
1.306355800,1.176027984
1.306559200,1.180167432
1.306762700,1.180306948
1.306966100,1.184446395
1.307169600,1.188585912
1.307373000,1.188725359
1.307576500,1.192864875
1.307779900,1.197004323
1.307983400,1.201143839
1.308186800,1.201283287
1.308390300,1.205422803
1.308593700,1.209562251
1.308797200,1.209701767
1.309000700,1.213841283
1.309204100,1.217980731
1.309407600,1.218120247
1.309611000,1.222259695
1.309814500,1.222399211
1.310017900,1.230538659
1.310221400,1.226678175
1.310424800,1.234817622
1.310628300,1.234957139
1.310831700,1.239096586
1.311035200,1.239236102
1.311238600,1.239375550
1.311442100,1.243515066
1.311645500,1.243654514
1.311849000,1.251794030
1.312052400,1.251933478
1.312255900,1.256072994
1.312459300,1.256212442
1.312662800,1.260351958
1.312866200,1.260491405
1.313069700,1.260630922
1.313273100,1.268770369
1.313476600,1.264909885
1.313680000,1.269049333
1.313883500,1.273188849
1.314086900,1.273328297
1.314290400,1.277467813
1.314493800,1.277607261
1.314697300,1.281746777
1.314900700,1.281886225
1.315104200,1.286025741
1.315307600,1.286165188
1.315511100,1.290304705
1.315714500,1.290444152
1.315918000,1.290583669
1.316121400,1.294723116
1.316324900,1.294862632
1.316528300,1.299002080
1.316731800,1.299141596
1.316935200,1.303281044
1.317138700,1.303420560
1.317342100,1.307560008
1.317545600,1.307699524
1.317749000,1.307838972
1.317952500,1.311978488
1.318155900,1.308117935
1.318359400,1.316257452
1.318562800,1.316396899
1.318766300,1.320536415
1.318969700,1.316675863
1.319173200,1.320815379
1.319376600,1.324954827
1.319580100,1.321094343
1.319783500,1.325233791
1.319987000,1.325373307
1.320190400,1.329512755
1.320393900,1.329652271
1.320597300,1.333791718
1.320800800,1.333931235
1.321004200,1.330070682
1.321207700,1.334210198
1.321411100,1.338349646
1.321614600,1.338489162
1.321818000,1.338628610
1.322021500,1.342768126
1.322224900,1.338907574
1.322428400,1.343047090
1.322631800,1.343186538
1.322835300,1.343326054
1.323038700,1.347465501
1.323242200,1.347605018
1.323445600,1.351744465
1.323649100,1.347883982
1.323852500,1.352023429
1.324056000,1.352162945
1.324259400,1.352302393
1.324462900,1.352441909
1.324666300,1.352581357
1.324869800,1.352720873
1.325073200,1.352860321
1.325276700,1.356999837
1.325480100,1.361139285
1.325683600,1.361278801
1.325887000,1.361418248
1.326090500,1.365557765
1.326293900,1.361697212
1.326497400,1.361836728
1.326700800,1.365976176
1.326904300,1.362115692
1.327107700,1.366255140
1.327311200,1.366394656
1.327514600,1.370534104
1.327718100,1.366673620
1.327921500,1.370813068
1.328125000,1.370952584
1.328328500,1.371092100
1.328531900,1.375231548
1.328735400,1.375371064
1.328938800,1.375510512
1.329142300,1.375650028
1.329345700,1.379789475
1.329549200,1.379928992
1.329752600,1.380068439
1.329956100,1.380207955
1.330159500,1.380347403
1.330363000,1.384486919
1.330566400,1.384626367
1.330769900,1.388765883
1.330973300,1.384905331
1.331176800,1.389044847
1.331380200,1.389184295
1.331583700,1.393323811
1.331787100,1.393463258
1.331990600,1.397602775
1.332194000,1.397742222
1.332397500,1.393881738
1.332600900,1.398021186
1.332804400,1.398160702
1.333007800,1.402300150
1.333211300,1.402439666
1.333414700,1.406579114
1.333618200,1.402718630
1.333821600,1.406858078
1.334025100,1.410997594
1.334228500,1.411137041
1.334432000,1.411276558
1.334635400,1.411416005
1.334838900,1.415555522
1.335042300,1.415694969
1.335245800,1.419834485
1.335449200,1.419973933
1.335652700,1.420113449
1.335856100,1.424252897
1.336059600,1.428392413
1.336263000,1.428531861
1.336466500,1.424671377
1.336669900,1.428810825
1.336873400,1.432950341
1.337076800,1.433089788
1.337280300,1.433229305
1.337483700,1.437368752
1.337687200,1.433508268
1.337890600,1.437647716
1.338094100,1.441787232
1.338297500,1.445926680
1.338501000,1.442066196
1.338704400,1.442205644
1.338907900,1.446345160
1.339111300,1.442484608
1.339314800,1.446624124
1.339518200,1.450763571
1.339721700,1.450903088
1.339925100,1.451042535
1.340128600,1.455182051
1.340332000,1.455321499
1.340535500,1.455461015
1.340738900,1.455600463
1.340942400,1.455739979
1.341145800,1.455879427
1.341349300,1.456018943
1.341552700,1.460158391
1.341756200,1.460297907
1.341959600,1.464437354
1.342163100,1.464576871
1.342366500,1.464716318
1.342570000,1.464855835
1.342773400,1.468995282
1.342976900,1.469134798
1.343180300,1.465274246
1.343383800,1.469413762
1.343587200,1.469553210
1.343790700,1.469692726
1.343994100,1.465832174
1.344197600,1.469971690
1.344401000,1.466111138
1.344604500,1.470250654
1.344807900,1.470390101
1.345011400,1.474529618
1.345214800,1.470669065
1.345418300,1.474808581
1.345621700,1.474948029
1.345825200,1.471087545
1.346028600,1.475226993
1.346232100,1.475366509
1.346435500,1.471505957
1.346639000,1.471645473
1.346842400,1.475784921
1.347045900,1.475924437
1.347249300,1.476063884
1.347452800,1.476203401
1.347656200,1.480342848
1.347859700,1.472482364
1.348063200,1.476621881
1.348266600,1.476761328
1.348470100,1.472900845
1.348673500,1.477040292
1.348877000,1.477179808
1.349080400,1.477319256
1.349283900,1.473458772
1.349487300,1.477598220
1.349690800,1.477737736
1.349894200,1.473877184
1.350097700,1.474016700
1.350301100,1.478156148
1.350504600,1.474295664
1.350708000,1.478435111
1.350911500,1.474574628
1.351114900,1.470714075
1.351318400,1.474853591
1.351521800,1.470993039
1.351725300,1.475132555
1.351928700,1.471272003
1.352132200,1.475411519
1.352335600,1.471550967
1.352539100,1.471690483
1.352742500,1.467829931
1.352946000,1.471969447
1.353149400,1.468108894
1.353352900,1.468248411
1.353556300,1.468387858
1.353759800,1.468527374
1.353963200,1.464666822
1.354166700,1.464806338
1.354370100,1.468945786
1.354573600,1.461085302
1.354777000,1.465224750
1.354980500,1.461364266
1.355183900,1.457503714
1.355387400,1.457643230
1.355590800,1.461782678
1.355794300,1.457922194
1.355997700,1.458061641
1.356201200,1.454201158
1.356404600,1.458340605
1.356608100,1.450480121
1.356811500,1.450619569
1.357015000,1.450759085
1.357218400,1.442898533
1.357421900,1.447038049
1.357625300,1.443177497
1.357828800,1.447317013
1.358032200,1.439456461
1.358235700,1.439595977
1.358439100,1.439735424
1.358642600,1.435874941
1.358846000,1.432014388
1.359049500,1.436153904
1.359252900,1.428293352
1.359456400,1.428432868
1.359659800,1.428572316
1.359863300,1.428711832
1.360066700,1.420851280
1.360270200,1.416990796
1.360473600,1.421130244
1.360677100,1.413269760
1.360880500,1.413409207
1.361084000,1.409548724
1.361287400,1.405688171
1.361490900,1.405827688
1.361694300,1.405967135
1.361897800,1.398106651
1.362101200,1.398246099
1.362304700,1.394385615
1.362508100,1.398525063
1.362711600,1.386664579
1.362915000,1.390804027
1.363118500,1.386943543
1.363321900,1.383082991
1.363525400,1.379222507
1.363728800,1.375361954
1.363932300,1.371501471
1.364135700,1.367640918
1.364339200,1.371780434
1.364542600,1.367919882
1.364746100,1.360059398
1.364949500,1.360198846
1.365153000,1.360338362
1.365356400,1.352477810
1.365559900,1.352617326
1.365763300,1.348756774
1.365966800,1.344896290
1.366170200,1.341035737
1.366373700,1.341175254
1.366577100,1.337314701
1.366780600,1.333454217
1.366984000,1.329593665
1.367187500,1.329733181
1.367391000,1.321872698
1.367594400,1.322012145
1.367797900,1.318151661
1.368001300,1.310291109
1.368204800,1.310430625
1.368408200,1.306570073
1.368611700,1.306709589
1.368815100,1.298849037
1.369018600,1.298988553
1.369222000,1.295128001
1.369425500,1.291267517
1.369628900,1.287406964
1.369832400,1.287546481
1.370035800,1.275685928
1.370239300,1.279825444
1.370442700,1.275964892
1.370646200,1.268104408
1.370849600,1.264243856
1.371053100,1.264383372
1.371256500,1.264522820
1.371460000,1.256662336
1.371663400,1.252801784
1.371866900,1.252941300
1.372070300,1.245080747
1.372273800,1.241220264
1.372477200,1.241359711
1.372680700,1.229499227
1.372884100,1.229638675
1.373087600,1.225778191
1.373291000,1.225917639
1.373494500,1.218057155
1.373697900,1.218196603
1.373901400,1.214336119
1.374104800,1.206475567
1.374308300,1.202615083
1.374511700,1.202754530
1.374715200,1.190894047
1.374918600,1.191033494
1.375122100,1.187173011
1.375325500,1.191312458
1.375529000,1.179451974
1.375732400,1.179591422
1.375935900,1.175730938
1.376139300,1.167870386
1.376342800,1.164009902
1.376546200,1.164149350
1.376749700,1.152288866
1.376953100,1.152428314
1.377156600,1.148567830
1.377360000,1.148707277
1.377563500,1.136846794
1.377766900,1.132986241
1.377970400,1.133125757
1.378173800,1.121265205
1.378377300,1.121404721
1.378580700,1.117544169
1.378784200,1.105683685
1.378987600,1.101823133
1.379191100,1.101962649
1.379394500,1.090102097
1.379598000,1.090241613
1.379801400,1.086381060
1.380004900,1.086520577
1.380208300,1.070660024
1.380411800,1.070799541
1.380615200,1.066938988
1.380818700,1.059078504
1.381022100,1.051217952
1.381225600,1.051357468
1.381429000,1.039496916
1.381632500,1.039636432
1.381835900,1.031775880
1.382039400,1.031915396
1.382242800,1.020054844
1.382446300,1.020194360
1.382649700,1.012333807
1.382853200,1.004473324
1.383056600,0.996612771
1.383260100,0.996752287
1.383463500,0.984891735
1.383667000,0.981031251
1.383870400,0.977170699
1.384073900,0.977310215
1.384277300,0.961449663
1.384480800,0.961589179
1.384684200,0.953728627
1.384887700,0.941868143
1.385091100,0.938007590
1.385294600,0.934147107
1.385498000,0.922286554
1.385701500,0.918426070
1.385904900,0.914565518
1.386108400,0.910705034
1.386311800,0.898844482
1.386515300,0.890983998
1.386718700,0.891123446
1.386922200,0.875262962
1.387125700,0.875402478
1.387329100,0.867541926
1.387532600,0.855681442
1.387736000,0.851820890
1.387939500,0.851960406
1.388142900,0.844099854
1.388346400,0.832239370
1.388549800,0.828378817
1.388753300,0.824518334
1.388956700,0.808657781
1.389160200,0.808797297
1.389363600,0.804936745
1.389567100,0.793076261
1.389770500,0.785215709
1.389974000,0.785355225
1.390177400,0.769494673
1.390380900,0.765634189
1.390584300,0.761773637
1.390787800,0.761913153
1.390991200,0.746052600
1.391194700,0.742192117
1.391398100,0.738331564
1.391601600,0.726471080
1.391805000,0.722610528
1.392008500,0.718750044
1.392211900,0.702889492
1.392415400,0.703029008
1.392618800,0.695168456
1.392822300,0.695307972
1.393025700,0.679447420
1.393229200,0.679586936
1.393432600,0.675726383
1.393636100,0.663865900
1.393839500,0.656005347
1.394043000,0.656144864
1.394246400,0.640284311
1.394449900,0.640423827
1.394653300,0.636563275
1.394856800,0.632702791
1.395060200,0.620842239
1.395263700,0.616981755
1.395467100,0.613121203
1.395670600,0.605260719
1.395874000,0.597400167
1.396077500,0.597539683
1.396280900,0.585679130
1.396484400,0.581818647
1.396687800,0.577958094
1.396891300,0.578097610
1.397094700,0.562237058
1.397298200,0.562376574
1.397501600,0.558516022
1.397705100,0.550655538
1.397908500,0.542794986
1.398112000,0.542934502
1.398315400,0.531073950
1.398518900,0.531213466
1.398722300,0.527352913
1.398925800,0.515492430
1.399129200,0.511631877
1.399332700,0.511771393
1.399536100,0.507910841
1.399739600,0.500050357
1.399943000,0.496189805
1.400146500,0.496329321
1.400349900,0.480468769
1.400553400,0.480608285
1.400756800,0.476747733
1.400960300,0.468887249
1.401163700,0.465026697
1.401367200,0.465166213
1.401570600,0.461305660
1.401774100,0.453445177
1.401977500,0.449584624
1.402181000,0.449724140
1.402384400,0.437863588
1.402587900,0.438003104
1.402791300,0.434142552
1.402994800,0.422282068
1.403198200,0.418421516
1.403401700,0.418561032
1.403605100,0.414700480
1.403808600,0.406839996
1.404012000,0.402979443
1.404215500,0.403118960
1.404418900,0.391258407
1.404622400,0.391397923
1.404825800,0.387537371
1.405029300,0.379676887
1.405232700,0.375816335
1.405436200,0.375955851
1.405639600,0.372095299
1.405843100,0.364234815
1.406046500,0.356374263
1.406250000,0.356513779
1.406453500,0.344653295
1.406656900,0.344792743
1.406860400,0.340932259
1.407063800,0.333071707
1.407267300,0.329211223
1.407470700,0.329350670
1.407674200,0.321490187
1.407877600,0.313629634
1.408081100,0.309769150
1.408284500,0.309908598
1.408488000,0.294048114
1.408691400,0.294187562
1.408894900,0.290327078
1.409098300,0.282466526
1.409301800,0.274606042
1.409505200,0.274745490
1.409708700,0.262885006
1.409912100,0.263024453
1.410115600,0.255163970
1.410319000,0.255303417
1.410522500,0.243442933
1.410725900,0.239582381
1.410929400,0.235721897
1.411132800,0.227861345
1.411336300,0.220000861
1.411539700,0.220140309
1.411743200,0.204279825
1.411946600,0.204419273
1.412150100,0.200558789
1.412353500,0.200698236
1.412557000,0.184837753
1.412760400,0.184977200
1.412963900,0.177116717
1.413167300,0.169256164
1.413370800,0.161395680
1.413574200,0.161535128
1.413777700,0.145674644
1.413981100,0.145814092
1.414184600,0.141953608
1.414388000,0.138093056
1.414591500,0.126232572
1.414794900,0.126372020
1.414998400,0.118511536
1.415201800,0.110650983
1.415405300,0.102790500
1.415608700,0.102929947
1.415812200,0.087069463
1.416015600,0.087208911
1.416219100,0.083348427
1.416422500,0.079487875
1.416626000,0.067627391
1.416829400,0.063766839
1.417032900,0.063906355
1.417236300,0.048045803
1.417439800,0.048185319
1.417643200,0.044324766
1.417846700,0.032464283
1.418050100,0.028603730
1.418253600,0.028743246
1.418457000,0.012882694
1.418660500,0.013022210
1.418863900,0.005161658
1.419067400,0.005301174
1.419270800,-0.006559378
1.419474300,-0.010419862
1.419677700,-0.014280414
1.419881200,-0.026140898
1.420084600,-0.030001451
1.420288100,-0.029861934
1.420491500,-0.045722487
1.420695000,-0.045582970
1.420898400,-0.049443523
1.421101900,-0.049304007
1.421305300,-0.065164559
1.421508800,-0.065025043
1.421712200,-0.068885595
1.421915700,-0.080746079
1.422119100,-0.084606631
1.422322600,-0.084467115
1.422526000,-0.100327667
1.422729500,-0.100188151
1.422932900,-0.104048704
1.423136400,-0.103909187
1.423339800,-0.119769740
1.423543300,-0.119630224
1.423746700,-0.123490776
1.423950200,-0.131351260
1.424153600,-0.135211812
1.424357100,-0.139072296
1.424560500,-0.146932848
1.424764000,-0.150793332
1.424967400,-0.150653884
1.425170900,-0.158514368
1.425374300,-0.166374921
1.425577800,-0.170235404
1.425781200,-0.170095957
1.425984700,-0.181956440
1.426188200,-0.181816924
1.426391600,-0.185677477
1.426595100,-0.197537960
1.426798500,-0.201398513
1.427002000,-0.201258997
1.427205400,-0.213119549
1.427408900,-0.212980033
1.427612300,-0.216840585
1.427815800,-0.216701069
1.428019200,-0.228561621
1.428222700,-0.228422105
1.428426100,-0.232282657
1.428629600,-0.240143141
1.428833000,-0.244003694
1.429036500,-0.239864177
1.429239900,-0.251724730
1.429443400,-0.251585214
1.429646800,-0.255445766
1.429850300,-0.255306250
1.430053700,-0.259166802
1.430257200,-0.263027286
1.430460600,-0.262887838
1.430664100,-0.274748322
1.430867500,-0.270608874
1.431071000,-0.274469358
1.431274400,-0.282329911
1.431477900,-0.282190394
1.431681300,-0.282050947
1.431884800,-0.285911430
1.432088200,-0.289771983
1.432291700,-0.293632467
1.432495100,-0.289493019
1.432698600,-0.297353503
1.432902000,-0.297214055
1.433105500,-0.301074539
1.433308900,-0.304935091
1.433512400,-0.304795575
1.433715800,-0.304656127
1.433919300,-0.304516611
1.434122700,-0.308377164
1.434326200,-0.312237647
1.434529600,-0.308098200
1.434733100,-0.311958684
1.434936500,-0.311819236
1.435140000,-0.311679720
1.435343400,-0.319540272
1.435546900,-0.315400756
1.435750300,-0.315261308
1.435953800,-0.315121792
1.436157200,-0.318982344
1.436360700,-0.318842828
1.436564100,-0.318703381
1.436767600,-0.322563864
1.436971000,-0.322424417
1.437174500,-0.318284901
1.437377900,-0.326145453
1.437581400,-0.322005937
1.437784800,-0.321866489
1.437988300,-0.325726973
1.438191700,-0.325587525
1.438395200,-0.321448009
1.438598600,-0.317308561
1.438802100,-0.325169045
1.439005500,-0.321029598
1.439209000,-0.320890081
1.439412400,-0.320750634
1.439615900,-0.320611117
1.439819300,-0.320471670
1.440022800,-0.324332154
1.440226200,-0.320192706
1.440429700,-0.320053190
1.440633100,-0.315913742
1.440836600,-0.323774226
1.441040000,-0.319634778
1.441243500,-0.319495262
1.441446900,-0.319355814
1.441650400,-0.319216298
1.441853800,-0.315076851
1.442057300,-0.318937334
1.442260700,-0.318797887
1.442464200,-0.314658371
1.442667600,-0.314518923
1.442871100,-0.314379407
1.443074500,-0.314239959
1.443278000,-0.310100443
1.443481400,-0.313960995
1.443684900,-0.309821479
1.443888300,-0.309682031
1.444091800,-0.309542515
1.444295200,-0.309403068
1.444498700,-0.305263551
1.444702100,-0.305124104
1.444905600,-0.308984588
1.445109000,-0.308845140
1.445312500,-0.304705624
1.445516000,-0.308566107
1.445719400,-0.304426660
1.445922900,-0.300287144
1.446126300,-0.304147696
1.446329800,-0.300008180
1.446533200,-0.299868732
1.446736700,-0.299729216
1.446940100,-0.299589768
1.447143600,-0.295450252
1.447347000,-0.295310804
1.447550500,-0.295171288
1.447753900,-0.295031841
1.447957400,-0.290892324
1.448160800,-0.294752877
1.448364300,-0.290613361
1.448567700,-0.290473913
1.448771200,-0.290334397
1.448974600,-0.286194949
1.449178100,-0.286055433
1.449381500,-0.281915985
1.449585000,-0.285776469
1.449788400,-0.281637021
1.449991900,-0.281497505
1.450195300,-0.281358058
1.450398800,-0.285218541
1.450602200,-0.281079094
1.450805700,-0.284939578
1.451009100,-0.280800130
1.451212600,-0.280660614
1.451416000,-0.276521166
1.451619500,-0.280381650
1.451822900,-0.276242202
1.452026400,-0.272102686
1.452229800,-0.275963238
1.452433300,-0.271823722
1.452636700,-0.271684274
1.452840200,-0.271544758
1.453043600,-0.271405311
1.453247100,-0.267265794
1.453450500,-0.267126347
1.453654000,-0.266986831
1.453857400,-0.266847383
1.454060900,-0.262707867
1.454264300,-0.266568419
1.454467800,-0.262428903
1.454671200,-0.258289455
1.454874700,-0.258149939
1.455078100,-0.254010491
1.455281600,-0.253870975
1.455485000,-0.249731528
1.455688500,-0.253592011
1.455891900,-0.249452564
1.456095400,-0.249313048
1.456298800,-0.249173600
1.456502300,-0.249034084
1.456705700,-0.244894636
1.456909200,-0.244755120
1.457112600,-0.240615672
1.457316100,-0.236476156
1.457519500,-0.240336708
1.457723000,-0.232197192
1.457926400,-0.232057745
1.458129900,-0.227918228
1.458333300,-0.231778781
1.458536800,-0.223639264
1.458740200,-0.223499817
1.458943700,-0.223360301
1.459147100,-0.219220853
1.459350600,-0.215081337
1.459554000,-0.214941889
1.459757500,-0.210802373
1.459960900,-0.206662925
1.460164400,-0.202523409
1.460367800,-0.202383961
1.460571300,-0.198244445
1.460774700,-0.194104998
1.460978200,-0.193965481
1.461181600,-0.185826034
1.461385100,-0.185686518
1.461588500,-0.181547070
1.461792000,-0.177407554
1.461995400,-0.173268106
1.462198900,-0.169128590
1.462402300,-0.164989142
1.462605800,-0.156849626
1.462809200,-0.156710178
1.463012700,-0.152570662
1.463216100,-0.148431215
1.463419600,-0.140291698
1.463623000,-0.140152251
1.463826500,-0.132012735
1.464029900,-0.127873287
1.464233400,-0.119733771
1.464436800,-0.119594323
1.464640300,-0.111454807
1.464843700,-0.103315359
1.465047200,-0.099175843
1.465250700,-0.091036327
1.465454100,-0.086896879
1.465657600,-0.078757363
1.465861000,-0.074617915
1.466064500,-0.066478399
1.466267900,-0.062338951
1.466471400,-0.054199435
1.466674800,-0.050059988
1.466878300,-0.041920471
1.467081700,-0.033781024
1.467285200,-0.025641508
1.467488600,-0.017502060
1.467692100,-0.013362544
1.467895500,-0.005223096
1.468099000,0.002916420
1.468302400,0.011055868
1.468505900,0.015195384
1.468709300,0.023334832
1.468912800,0.031474348
1.469116200,0.039613795
1.469319700,0.051753312
1.469523100,0.055892759
1.469726600,0.068032275
1.469930000,0.072171723
1.470133500,0.080311239
1.470336900,0.088450687
1.470540400,0.096590203
1.470743800,0.104729651
1.470947300,0.112869167
1.471150700,0.121008615
1.471354200,0.129148131
1.471557600,0.137287578
1.471761100,0.145427095
1.471964500,0.153566542
1.472168000,0.161706059
1.472371400,0.173845506
1.472574900,0.177985022
1.472778300,0.186124470
1.472981800,0.194263986
1.473185200,0.206403434
1.473388700,0.210542950
1.473592100,0.218682398
1.473795600,0.230821914
1.473999000,0.234961362
1.474202500,0.247100878
1.474405900,0.251240325
1.474609400,0.263379842
1.474812800,0.267519289
1.475016300,0.279658805
1.475219700,0.283798253
1.475423200,0.291937769
1.475626600,0.304077217
1.475830100,0.308216733
1.476033500,0.320356181
1.476237000,0.324495697
1.476440400,0.332635145
1.476643900,0.340774661
1.476847300,0.348914108
1.477050800,0.353053625
1.477254200,0.365193072
1.477457700,0.369332589
1.477661100,0.377472036
1.477864600,0.389611552
1.478068000,0.393751000
1.478271500,0.401890516
1.478474900,0.410029964
1.478678400,0.418169480
1.478881800,0.422308928
1.479085300,0.430448444
1.479288700,0.434587892
1.479492200,0.446727408
1.479695600,0.454866855
1.479899100,0.459006372
1.480102500,0.467145819
1.480306000,0.471285335
1.480509400,0.483424783
1.480712900,0.487564299
1.480916300,0.495703747
1.481119800,0.499843263
1.481323200,0.507982711
1.481526700,0.516122227
1.481730100,0.520261675
1.481933600,0.532401191
1.482137000,0.536540638
1.482340500,0.544680155
1.482543900,0.548819602
1.482747400,0.556959118
1.482950800,0.561098566
1.483154300,0.569238082
1.483357700,0.577377530
1.483561200,0.581517046
1.483764600,0.589656494
1.483968100,0.593796010
1.484171500,0.601935458
1.484375000,0.606074974
1.484578500,0.614214490
1.484781900,0.618353938
1.484985400,0.626493454
1.485188800,0.634632902
1.485392300,0.638772418
1.485595700,0.646911865
1.485799200,0.651051382
1.486002600,0.659190829
1.486206100,0.663330345
1.486409500,0.671469793
1.486613000,0.675609309
1.486816400,0.683748757
1.487019900,0.691888273
1.487223300,0.696027721
1.487426800,0.704167237
1.487630200,0.708306685
1.487833700,0.716446201
1.488037100,0.720585648
1.488240600,0.728725165
1.488444000,0.732864612
1.488647500,0.741004128
1.488850900,0.749143576
1.489054400,0.749283092
1.489257800,0.757422540
1.489461300,0.761562056
1.489664700,0.769701504
1.489868200,0.773841020
1.490071600,0.781980468
1.490275100,0.790119984
1.490478500,0.790259431
1.490682000,0.798398948
1.490885400,0.802538395
1.491088900,0.810677912
1.491292300,0.814817359
1.491495800,0.822956875
1.491699200,0.823096323
1.491902700,0.831235839
1.492106100,0.839375287
1.492309600,0.843514803
1.492513000,0.851654251
1.492716500,0.851793767
1.492919900,0.859933215
1.493123400,0.864072731
1.493326800,0.868212178
1.493530300,0.872351695
1.493733700,0.880491142
1.493937200,0.888630658
1.494140600,0.888770106
1.494344100,0.896909622
1.494547500,0.901049070
1.494751000,0.909188586
1.494954400,0.909328034
1.495157900,0.917467550
1.495361300,0.925606998
1.495564800,0.925746514
1.495768200,0.933885961
1.495971700,0.938025478
1.496175100,0.942164925
1.496378600,0.946304441
1.496582000,0.950443889
1.496785500,0.954583405
1.496988900,0.962722853
1.497192400,0.970862369
1.497395800,0.971001817
1.497599300,0.979141333
1.497802700,0.979280781
1.498006200,0.987420297
1.498209600,0.987559745
1.498413100,0.995699261
1.498616500,0.999838708
1.498820000,1.003978225
1.499023400,1.012117672
1.499226900,1.012257188
1.499430300,1.020396636
1.499633800,1.020536152
1.499837200,1.028675600
1.500040700,1.032815116
1.500244100,1.036954564
1.500447600,1.041094080
1.500651000,1.041233528
1.500854500,1.049373044
1.501057900,1.053512491
1.501261400,1.057652008
1.501464800,1.057791455
1.501668300,1.065930971
1.501871700,1.070070419
1.502075200,1.070209935
1.502278600,1.078349383
1.502482100,1.082488899
1.502685500,1.086628347
1.502889000,1.086767863
1.503092400,1.094907311
1.503295900,1.099046827
1.503499300,1.099186274
1.503702800,1.107325791
1.503906200,1.107465238
1.504109700,1.111604755
1.504313200,1.111744271
1.504516600,1.119883718
1.504720100,1.124023235
1.504923500,1.124162682
1.505127000,1.132302198
1.505330400,1.132441646
1.505533900,1.136581162
1.505737300,1.136720610
1.505940800,1.144860126
1.506144200,1.144999574
1.506347700,1.149139090
1.506551100,1.153278538
1.506754600,1.153418054
1.506958000,1.157557501
1.507161500,1.161697018
1.507364900,1.161836465
1.507568400,1.169975981
1.507771800,1.170115429
1.507975300,1.174254945
1.508178700,1.174394393
1.508382200,1.178533909
1.508585600,1.178673357
1.508789100,1.182812873
1.508992500,1.186952321
1.509196000,1.191091837
1.509399400,1.191231284
1.509602900,1.191370801
1.509806300,1.195510248
1.510009800,1.199649765
1.510213200,1.199789212
1.510416700,1.203928728
1.510620100,1.208068176
1.510823600,1.208207692
1.511027000,1.208347140
1.511230500,1.212486656
1.511433900,1.212626104
1.511637400,1.216765620
1.511840800,1.220905068
1.512044300,1.221044584
1.512247700,1.221184031
1.512451200,1.225323548
1.512654600,1.229462995
1.512858100,1.225602511
1.513061500,1.229741959
1.513265000,1.233881475
1.513468400,1.230020923
1.513671900,1.238160439
1.513875300,1.238299887
1.514078800,1.238439403
1.514282200,1.238578851
1.514485700,1.242718367
1.514689100,1.246857814
1.514892600,1.242997331
1.515096000,1.247136778
1.515299500,1.247276294
1.515502900,1.247415742
1.515706400,1.247555258
1.515909800,1.251694706
1.516113300,1.255834222
1.516316700,1.255973670
1.516520200,1.260113186
1.516723600,1.260252634
1.516927100,1.260392150
1.517130500,1.260531597
1.517334000,1.264671114
1.517537400,1.264810561
1.517740900,1.264950078
1.517944300,1.269089525
1.518147800,1.265229041
1.518351200,1.269368489
1.518554700,1.269508005
1.518758100,1.273647453
1.518961600,1.273786969
1.519165000,1.273926417
1.519368500,1.278065933
1.519571900,1.274205381
1.519775400,1.278344897
1.519978800,1.282484344
1.520182300,1.278623861
1.520385700,1.282763308
1.520589200,1.282902824
1.520792600,1.287042272
1.520996100,1.283181788
1.521199500,1.283321236
1.521403000,1.287460752
1.521606400,1.283600200
1.521809900,1.287739716
1.522013300,1.287879164
1.522216800,1.288018680
1.522420200,1.288158127
1.522623700,1.292297644
1.522827100,1.292437091
1.523030600,1.292576607
1.523234000,1.296716055
1.523437500,1.292855571
1.523641000,1.292995088
1.523844400,1.293134535
1.524047900,1.297274051
1.524251300,1.297413499
1.524454800,1.297553015
1.524658200,1.297692463
1.524861700,1.293831979
1.525065100,1.297971427
1.525268600,1.302110943
1.525472000,1.302250391
1.525675500,1.298389907
1.525878900,1.298529354
1.526082400,1.302668871
1.526285800,1.298808318
1.526489300,1.298947834
1.526692700,1.303087282
1.526896200,1.299226798
1.527099600,1.303366246
1.527303100,1.299505762
1.527506500,1.303645210
1.527710000,1.303784726
1.527913400,1.299924174
1.528116900,1.304063690
1.528320300,1.300203137
1.528523800,1.300342654
1.528727200,1.300482101
1.528930700,1.300621618
1.529134100,1.300761065
1.529337600,1.300900581
1.529541000,1.305040029
1.529744500,1.297179545
1.529947900,1.301318993
1.530151400,1.305458509
1.530354800,1.297597957
1.530558300,1.301737473
1.530761700,1.297876921
1.530965200,1.298016437
1.531168600,1.294155884
1.531372100,1.298295401
1.531575500,1.302434848
1.531779000,1.294574364
1.531982400,1.298713812
1.532185900,1.298853328
1.532389300,1.294992776
1.532592800,1.299132292
1.532796200,1.295271740
1.532999700,1.295411256
1.533203100,1.291550704
1.533406600,1.295690220
1.533610000,1.287829667
1.533813500,1.291969184
1.534016900,1.296108631
1.534220400,1.292248147
1.534423800,1.292387595
1.534627300,1.288527111
1.534830700,1.292666559
1.535034200,1.288806075
1.535237600,1.288945523
1.535441100,1.293085039
1.535644500,1.285224487
1.535848000,1.289364003
1.536051400,1.289503450
1.536254900,1.289642967
1.536458300,1.289782414
1.536661800,1.285921931
1.536865200,1.290061378
1.537068700,1.282200894
1.537272100,1.286340342
1.537475600,1.290479858
1.537679000,1.282619306
1.537882500,1.286758822
1.538085900,1.286898270
1.538289400,1.291037786
1.538492800,1.287177234
1.538696300,1.287316750
1.538899700,1.291456197
1.539103200,1.283595714
1.539306600,1.287735161
1.539510100,1.287874677
1.539713500,1.284014125
1.539917000,1.288153641
1.540120400,1.288293089
1.540323900,1.292432605
1.540527300,1.284572053
1.540730800,1.288711569
1.540934200,1.292851017
1.541137700,1.284990533
1.541341100,1.289129980
1.541544600,1.289269497
1.541748000,1.285408944
1.541951500,1.289548460
1.542154900,1.289687908
1.542358400,1.289827424
1.542561800,1.289966872
1.542765300,1.290106388
1.542968700,1.290245836
1.543172200,1.290385352
1.543375700,1.294524868
1.543579100,1.290664316
1.543782600,1.290803832
1.543986000,1.290943280
1.544189500,1.295082796
1.544392900,1.291222244
1.544596400,1.291361760
1.544799800,1.295501207
1.545003300,1.291640724
1.545206700,1.291780171
1.545410200,1.295919687
1.545613600,1.296059135
1.545817100,1.292198651
1.546020500,1.292338099
1.546224000,1.296477615
1.546427400,1.292617063
1.546630900,1.292756579
1.546834300,1.296896027
1.547037800,1.293035543
1.547241200,1.293174990
1.547444700,1.297314507
1.547648100,1.293453954
1.547851600,1.293593470
1.548055000,1.289732918
1.548258500,1.293872434
1.548461900,1.286011882
1.548665400,1.290151398
1.548868800,1.294290846
1.549072300,1.290430362
1.549275700,1.290569810
1.549479200,1.286709326
1.549682600,1.290848774
1.549886100,1.286988290
1.550089500,1.287127737
1.550293000,1.287267254
1.550496400,1.279406701
1.550699900,1.283546217
1.550903300,1.287685665
1.551106800,1.279825181
1.551310200,1.279964629
1.551513700,1.280104145
1.551717100,1.280243593
1.551920600,1.276383109
1.552124000,1.276522557
1.552327500,1.276662073
1.552530900,1.268801520
1.552734400,1.272941037
1.552937800,1.273080484
1.553141300,1.265220000
1.553344700,1.265359448
1.553548200,1.265498964
1.553751600,1.265638412
1.553955100,1.261777928
1.554158500,1.257917376
1.554362000,1.262056892
1.554565400,1.254196340
1.554768900,1.254335856
1.554972300,1.254475303
1.555175800,1.246614820
1.555379200,1.246754267
1.555582700,1.246893784
1.555786100,1.247033231
1.555989600,1.239172747
1.556193000,1.239312195
1.556396500,1.239451711
1.556599900,1.231591159
1.556803400,1.231730675
1.557006800,1.231870123
1.557210300,1.224009639
1.557413700,1.224149087
1.557617200,1.220288603
1.557820600,1.220428050
1.558024100,1.216567567
1.558227500,1.212707014
1.558431000,1.212846530
1.558634400,1.200985978
1.558837900,1.205125494
1.559041300,1.205264942
1.559244800,1.193404458
1.559448200,1.193543906
1.559651700,1.189683422
1.559855100,1.193822870
1.560058600,1.185962386
1.560262000,1.182101833
1.560465500,1.182241350
1.560668900,1.170380797
1.560872400,1.174520313
1.561075800,1.174659761
1.561279300,1.162799277
1.561482700,1.162938725
1.561686200,1.159078241
1.561889600,1.155217689
1.562093100,1.155357205
1.562296500,1.151496653
1.562500000,1.151636169
1.562703500,1.139775685
1.562906900,1.139915133
1.563110400,1.144054649
1.563313800,1.132194097
1.563517300,1.132333613
1.563720700,1.128473060
1.563924200,1.124612577
1.564127600,1.124752024
1.564331100,1.120891540
1.564534500,1.121030988
1.564738000,1.109170504
1.564941400,1.113309952
1.565144900,1.113449468
1.565348300,1.101588916
1.565551800,1.101728432
1.565755200,1.101867880
1.565958700,1.094007396
1.566162100,1.094146843
1.566365600,1.094286360
1.566569000,1.094425807
1.566772500,1.082565323
1.566975900,1.086704771
1.567179400,1.086844287
1.567382800,1.074983735
1.567586300,1.079123251
1.567789700,1.075262699
1.567993200,1.071402215
1.568196600,1.071541663
1.568400100,1.067681179
1.568603500,1.071820626
1.568807000,1.059960143
1.569010400,1.064099590
1.569213900,1.064239107
1.569417300,1.056378554
1.569620800,1.056518070
1.569824200,1.052657518
1.570027700,1.048797034
1.570231100,1.052936482
1.570434600,1.049075998
1.570638000,1.045215446
1.570841500,1.041354962
1.571044900,1.041494410
1.571248400,1.045633926
1.571451800,1.033773373
1.571655300,1.037912890
1.571858700,1.038052337
1.572062200,1.030191853
1.572265600,1.030331301
1.572469100,1.030470817
1.572672500,1.022610265
1.572876000,1.026749781
1.573079400,1.022889229
1.573282900,1.023028745
1.573486300,1.015168193
1.573689800,1.015307709
1.573893200,1.019447156
1.574096700,1.007586673
1.574300100,1.011726120
1.574503600,1.007865636
1.574707000,1.000005084
1.574910500,1.004144600
1.575113900,1.000284048
1.575317400,1.000423564
1.575520800,0.988563012
1.575724300,0.992702528
1.575927700,0.992841976
1.576131200,0.980981492
1.576334600,0.981120940
1.576538100,0.977260456
1.576741500,0.973399903
1.576945000,0.973539420
1.577148400,0.969678867
1.577351900,0.969818383
1.577555300,0.961957831
1.577758800,0.958097347
1.577962200,0.958236795
1.578165700,0.942376311
1.578369100,0.942515759
1.578572600,0.942655275
1.578776000,0.930794723
1.578979500,0.930934239
1.579182900,0.927073686
1.579386400,0.923213203
1.579589800,0.915352650
1.579793300,0.911492166
1.579996700,0.907631614
1.580200200,0.895771130
1.580403600,0.891910578
1.580607100,0.892050094
1.580810500,0.876189542
1.581014000,0.876329058
1.581217400,0.872468506
1.581420900,0.856608022
1.581624300,0.856747469
1.581827800,0.848886986
1.582031200,0.845026433
1.582234700,0.833165950
1.582438200,0.825305466
1.582641600,0.825444913
1.582845100,0.805584430
1.583048500,0.805723877
1.583252000,0.801863393
1.583455400,0.782002841
1.583658900,0.778142357
1.583862300,0.778281805
1.584065800,0.770421321
1.584269200,0.754560769
1.584472700,0.746700285
1.584676100,0.742839733
1.584879600,0.726979249
1.585083000,0.719118696
1.585286500,0.715258213
1.585489900,0.695397660
1.585693400,0.691537176
1.585896800,0.683676624
1.586100300,0.675816140
1.586303700,0.659955588
1.586507200,0.652095104
1.586710600,0.644234552
1.586914100,0.628374068
1.587117500,0.620513516
1.587321000,0.612653032
1.587524400,0.596792479
1.587727900,0.584931996
1.587931300,0.581071443
1.588134800,0.569210960
1.588338200,0.553350407
1.588541700,0.545489923
1.588745100,0.537629371
1.588948600,0.517768887
1.589152000,0.505908335
1.589355500,0.498047851
1.589558900,0.478187299
1.589762400,0.470326815
1.589965800,0.462466263
1.590169300,0.442605779
1.590372700,0.430745226
1.590576200,0.426884743
1.590779600,0.415024190
1.590983100,0.391163706
1.591186500,0.387303154
1.591390000,0.375442670
1.591593400,0.351582118
1.591796900,0.347721634
1.592000300,0.335861082
1.592203800,0.312000598
1.592407200,0.300140046
1.592610700,0.296279562
1.592814100,0.288419009
1.593017600,0.260558526
1.593221000,0.252697973
1.593424500,0.240837489
1.593627900,0.220976937
1.593831400,0.213116453
1.594034800,0.201255901
1.594238300,0.177395417
1.594441700,0.169534865
1.594645200,0.157674381
1.594848600,0.149813829
1.595052100,0.125953345
1.595255500,0.118092793
1.595459000,0.110232309
1.595662400,0.082371756
1.595865900,0.074511273
1.596069300,0.070650720
1.596272800,0.042790236
1.596476200,0.034929684
1.596679700,0.023069200
1.596883100,0.019208648
1.597086600,-0.004651836
1.597290000,-0.016512388
1.597493500,-0.020372872
1.597696900,-0.048233424
1.597900400,-0.052093908
1.598103800,-0.059954461
1.598307300,-0.083814944
1.598510700,-0.087675497
1.598714200,-0.095535981
1.598917600,-0.119396533
1.599121100,-0.123257017
1.599324500,-0.131117569
1.599528000,-0.138978053
1.599731400,-0.154838605
1.599934900,-0.162699089
1.600138300,-0.170559641
1.600341800,-0.186420125
1.600545200,-0.194280678
1.600748700,-0.198141161
1.600952100,-0.218001714
1.601155600,-0.221862197
1.601359000,-0.225722750
1.601562500,-0.229583234
1.601766000,-0.245443717
1.601969400,-0.245304270
1.602172900,-0.253164754
1.602376300,-0.265025306
1.602579800,-0.272885790
1.602783200,-0.272746342
1.602986700,-0.284606826
1.603190100,-0.288467378
1.603393600,-0.292327862
1.603597000,-0.292188414
1.603800500,-0.304048898
1.604003900,-0.303909451
1.604207400,-0.307769934
1.604410800,-0.315630487
1.604614300,-0.315490971
1.604817700,-0.319351523
1.605021200,-0.327212007
1.605224600,-0.327072559
1.605428100,-0.330933043
1.605631500,-0.326793595
1.605835000,-0.338654079
1.606038400,-0.334514631
1.606241900,-0.334375115
1.606445300,-0.342235668
1.606648800,-0.342096151
1.606852200,-0.337956704
1.607055700,-0.345817187
1.607259100,-0.345677740
1.607462600,-0.345538224
1.607666000,-0.345398776
1.607869500,-0.345259260
1.608072900,-0.349119812
1.608276400,-0.344980296
1.608479800,-0.344840848
1.608683300,-0.348701332
1.608886700,-0.344561884
1.609090200,-0.348422368
1.609293600,-0.348282921
1.609497100,-0.344143404
1.609700500,-0.348003957
1.609904000,-0.343864441
1.610107400,-0.343724993
1.610310900,-0.343585477
1.610514300,-0.343446029
1.610717800,-0.343306513
1.610921200,-0.339167065
1.611124700,-0.339027549
1.611328100,-0.338888101
1.611531600,-0.338748585
1.611735000,-0.338609138
1.611938500,-0.338469621
1.612141900,-0.334330174
1.612345400,-0.334190658
1.612548800,-0.334051210
1.612752300,-0.329911694
1.612955700,-0.329772246
1.613159200,-0.329632730
1.613362600,-0.325493282
1.613566100,-0.325353766
1.613769500,-0.329214318
1.613973000,-0.329074802
1.614176400,-0.324935355
1.614379900,-0.320795838
1.614583300,-0.324656391
1.614786800,-0.320516874
1.614990200,-0.316377427
1.615193700,-0.320237911
1.615397100,-0.316098463
1.615600600,-0.311958947
1.615804000,-0.315819499
1.616007500,-0.311679983
1.616210900,-0.311540535
1.616414400,-0.307401019
1.616617800,-0.311261571
1.616821300,-0.311122055
1.617024700,-0.306982608
1.617228200,-0.306843091
1.617431600,-0.306703644
1.617635100,-0.302564128
1.617838500,-0.306424680
1.618042000,-0.302285164
1.618245400,-0.298145716
1.618448900,-0.302006200
1.618652300,-0.297866752
1.618855800,-0.293727236
1.619059200,-0.297587788
1.619262700,-0.297448272
1.619466100,-0.293308825
1.619669600,-0.293169308
1.619873000,-0.293029861
1.620076500,-0.292890345
1.620279900,-0.288750897
1.620483400,-0.288611381
1.620686800,-0.288471933
1.620890300,-0.284332417
1.621093700,-0.284192969
1.621297200,-0.288053453
1.621500700,-0.283913937
1.621704100,-0.283774489
1.621907600,-0.283634973
1.622111000,-0.279495525
1.622314500,-0.279356009
1.622517900,-0.283216561
1.622721400,-0.279077045
1.622924800,-0.278937598
1.623128300,-0.274798081
1.623331700,-0.274658634
1.623535200,-0.274519118
1.623738600,-0.274379670
1.623942100,-0.278240154
1.624145500,-0.274100706
1.624349000,-0.269961190
1.624552400,-0.277821742
1.624755900,-0.273682226
1.624959300,-0.269542778
1.625162800,-0.269403262
1.625366200,-0.273263815
1.625569700,-0.269124298
1.625773100,-0.268984851
1.625976600,-0.268845335
1.626180000,-0.272705887
1.626383500,-0.268566371
1.626586900,-0.268426923
1.626790400,-0.272287407
1.626993800,-0.268147959
1.627197300,-0.264008443
1.627400700,-0.271868995
1.627604200,-0.267729479
1.627807600,-0.263590031
1.628011100,-0.271450515
1.628214500,-0.267311068
1.628418000,-0.271171551
1.628621400,-0.271032104
1.628824900,-0.270892588
1.629028300,-0.270753140
1.629231800,-0.274613624
1.629435200,-0.270474176
1.629638700,-0.274334660
1.629842100,-0.270195212
1.630045600,-0.274055696
1.630249000,-0.273916248
1.630452500,-0.273776732
1.630655900,-0.281637285
1.630859400,-0.277497768
1.631062800,-0.277358321
1.631266300,-0.285218805
1.631469700,-0.281079357
1.631673200,-0.280939841
1.631876600,-0.280800393
1.632080100,-0.284660877
1.632283500,-0.284521429
1.632487000,-0.284381913
1.632690400,-0.288242465
1.632893900,-0.292102949
1.633097300,-0.291963502
1.633300800,-0.295823985
1.633504200,-0.295684538
1.633707700,-0.295545021
1.633911100,-0.291405574
1.634114600,-0.303266058
1.634318000,-0.299126610
1.634521500,-0.298987094
1.634724900,-0.306847646
1.634928400,-0.302708130
1.635131800,-0.302568682
1.635335300,-0.310429166
1.635538700,-0.310289718
1.635742200,-0.310150202
1.635945600,-0.310010755
1.636149100,-0.313871238
1.636352500,-0.313731791
1.636556000,-0.313592275
1.636759400,-0.317452827
1.636962900,-0.321313311
1.637166300,-0.317173863
1.637369800,-0.321034347
1.637573200,-0.320894899
1.637776700,-0.320755383
1.637980100,-0.324615935
1.638183600,-0.324476419
1.638387000,-0.324336972
1.638590500,-0.324197455
1.638793900,-0.328058008
1.638997400,-0.323918492
1.639200800,-0.327779044
1.639404300,-0.327639528
1.639607700,-0.323500080
1.639811200,-0.327360564
1.640014600,-0.327221116
1.640218100,-0.327081600
1.640421500,-0.326942152
1.640625000,-0.322802636
1.640828500,-0.322663120
1.641031900,-0.322523672
1.641235400,-0.322384156
1.641438800,-0.326244708
1.641642300,-0.322105192
1.641845700,-0.317965745
1.642049200,-0.321826228
1.642252600,-0.317686781
1.642456100,-0.313547265
1.642659500,-0.313407817
1.642863000,-0.313268301
1.643066400,-0.309128853
1.643269900,-0.308989337
1.643473300,-0.308849889
1.643676800,-0.304710373
1.643880200,-0.300570925
1.644083700,-0.300431409
1.644287100,-0.300291962
1.644490600,-0.296152445
1.644694000,-0.288012998
1.644897500,-0.291873482
1.645100900,-0.287734034
1.645304400,-0.283594518
1.645507800,-0.283455070
1.645711300,-0.279315554
1.645914700,-0.271176106
1.646118200,-0.275036590
1.646321600,-0.266897142
1.646525100,-0.262757626
1.646728500,-0.262618178
1.646932000,-0.258478662
1.647135400,-0.258339215
1.647338900,-0.250199698
1.647542300,-0.250060251
1.647745800,-0.245920735
1.647949200,-0.241781287
1.648152700,-0.237641771
1.648356100,-0.237502323
1.648559600,-0.229362807
1.648763000,-0.229223359
1.648966500,-0.225083843
1.649169900,-0.220944395
1.649373400,-0.216804879
1.649576800,-0.216665432
1.649780300,-0.208525915
1.649983700,-0.204386468
1.650187200,-0.204246952
1.650390600,-0.200107504
1.650594100,-0.191967988
1.650797500,-0.195828540
1.651001000,-0.187689024
1.651204400,-0.187549576
1.651407900,-0.183410060
1.651611300,-0.179270612
1.651814800,-0.179131096
1.652018200,-0.170991649
1.652221700,-0.170852132
1.652425100,-0.166712685
1.652628600,-0.162573168
1.652832000,-0.162433721
1.653035500,-0.158294205
1.653238900,-0.154154757
1.653442400,-0.150015241
1.653645800,-0.149875793
1.653849300,-0.145736277
1.654052700,-0.141596829
1.654256200,-0.141457313
1.654459600,-0.137317865
1.654663100,-0.137178349
1.654866500,-0.137038902
1.655070000,-0.128899385
1.655273400,-0.128759938
1.655476900,-0.124620422
1.655680300,-0.124480974
1.655883800,-0.124341458
1.656087200,-0.120202010
1.656290700,-0.116062494
1.656494100,-0.115923046
1.656697600,-0.111783530
1.656901000,-0.111644082
1.657104500,-0.111504566
1.657307900,-0.107365119
1.657511400,-0.107225602
1.657714800,-0.107086155
1.657918300,-0.102946639
1.658121700,-0.098807191
1.658325200,-0.102667675
1.658528600,-0.098528227
1.658732100,-0.094388711
1.658935500,-0.098249263
1.659139000,-0.094109747
1.659342400,-0.093970299
1.659545900,-0.093830783
1.659749300,-0.089691336
1.659952800,-0.089551819
1.660156200,-0.085412372
1.660359700,-0.089272855
1.660563200,-0.089133339
1.660766600,-0.084993892
1.660970100,-0.084854375
1.661173500,-0.084714928
1.661377000,-0.080575412
1.661580400,-0.080435964
1.661783900,-0.084296448
1.661987300,-0.080157000
1.662190800,-0.076017484
1.662394200,-0.079878036
1.662597700,-0.075738520
1.662801100,-0.071599072
1.663004600,-0.079459556
1.663208000,-0.075320109
1.663411500,-0.071180592
1.663614900,-0.075041145
1.663818400,-0.070901629
1.664021800,-0.070762181
1.664225300,-0.066622665
1.664428700,-0.070483217
1.664632200,-0.070343701
1.664835600,-0.066204253
1.665039100,-0.066064737
1.665242500,-0.065925289
1.665446000,-0.061785773
1.665649400,-0.061646326
1.665852900,-0.061506809
1.666056300,-0.057367362
1.666259800,-0.057227845
1.666463200,-0.057088398
1.666666700,-0.052948882
1.666870100,-0.048809434
1.667073600,-0.052669918
1.667277000,-0.048530470
1.667480500,-0.044390954
1.667683900,-0.048251506
1.667887400,-0.044111990
1.668090800,-0.035972542
1.668294300,-0.039833026
1.668497700,-0.035693579
1.668701200,-0.031554062
1.668904600,-0.031414615
1.669108100,-0.027275099
1.669311500,-0.023135651
1.669515000,-0.022996135
1.669718400,-0.018856687
1.669921900,-0.014717171
1.670125300,-0.010577723
1.670328800,-0.010438207
1.670532200,-0.006298759
1.670735700,-0.002159243
1.670939100,0.005980204
1.671142600,0.002119721
1.671346000,0.010259168
1.671549500,0.014398684
1.671752900,0.014538132
1.671956400,0.022677648
1.672159800,0.026817096
1.672363300,0.026956612
1.672566700,0.035096060
1.672770200,0.039235576
1.672973600,0.043375024
1.673177100,0.047514540
1.673380500,0.055653988
1.673584000,0.055793504
1.673787400,0.059932951
1.673990900,0.068072468
1.674194300,0.072211915
1.674397800,0.076351431
1.674601200,0.084490879
1.674804700,0.084630395
1.675008100,0.092769843
1.675211600,0.096909359
1.675415000,0.101048807
1.675618500,0.109188323
1.675821900,0.113327771
1.676025400,0.117467287
1.676228800,0.121606734
1.676432300,0.129746251
1.676635700,0.133885698
1.676839200,0.138025214
1.677042600,0.146164662
1.677246100,0.146304178
1.677449500,0.154443626
1.677653000,0.162583142
1.677856400,0.162722590
1.678059900,0.170862106
1.678263300,0.179001554
1.678466800,0.179141070
1.678670200,0.187280517
1.678873700,0.195420034
1.679077100,0.195559481
1.679280600,0.203698998
1.679484000,0.207838445
1.679687500,0.211977961
1.679891000,0.216117478
1.680094400,0.224256925
1.680297900,0.228396441
1.680501300,0.232535889
1.680704800,0.236675405
1.680908200,0.244814853
1.681111700,0.248954369
1.681315100,0.253093817
1.681518600,0.257233333
1.681722000,0.265372781
1.681925500,0.265512297
1.682128900,0.273651744
1.682332400,0.281791261
1.682535800,0.281930708
1.682739300,0.290070224
1.682942700,0.294209672
1.683146200,0.294349188
1.683349600,0.302488636
1.683553100,0.310628152
1.683756500,0.310767600
1.683960000,0.318907116
1.684163400,0.323046564
1.684366900,0.327186080
1.684570300,0.331325527
1.684773800,0.339465044
1.684977200,0.339604491
1.685180700,0.347744008
1.685384100,0.351883455
1.685587600,0.356022971
1.685791000,0.360162419
1.685994500,0.368301935
1.686197900,0.368441383
1.686401400,0.376580899
1.686604800,0.380720347
1.686808300,0.384859863
1.687011700,0.388999311
1.687215200,0.393138827
1.687418600,0.397278274
1.687622100,0.401417791
1.687825500,0.409557238
1.688029000,0.409696754
1.688232400,0.417836202
1.688435900,0.421975718
1.688639300,0.422115166
1.688842800,0.430254682
1.689046200,0.434394130
1.689249700,0.438533646
1.689453100,0.442673094
1.689656600,0.450812610
1.689860000,0.450952057
1.690063500,0.455091574
1.690266900,0.463231021
1.690470400,0.463370537
1.690673800,0.467509985
1.690877300,0.475649501
1.691080700,0.475788949
1.691284200,0.479928465
1.691487600,0.488067913
1.691691100,0.488207429
1.691894500,0.492346877
1.692098000,0.500486393
1.692301400,0.500625840
1.692504900,0.508765357
1.692708300,0.512904804
1.692911800,0.513044321
1.693115200,0.521183768
1.693318700,0.525323284
1.693522100,0.525462732
1.693725600,0.533602248
1.693929000,0.533741696
1.694132500,0.537881212
1.694335900,0.542020660
1.694539400,0.546160176
1.694742800,0.550299624
1.694946300,0.554439140
1.695149700,0.558578587
1.695353200,0.558718104
1.695556600,0.566857551
1.695760100,0.570997067
1.695963500,0.571136515
1.696167000,0.575276031
1.696370400,0.583415479
1.696573900,0.579554995
1.696777300,0.587694443
1.696980800,0.591833959
1.697184200,0.595973407
1.697387700,0.596112923
1.697591100,0.604252370
1.697794600,0.604391887
1.697998000,0.608531334
1.698201500,0.612670851
1.698404900,0.612810298
1.698608400,0.616949814
1.698811800,0.621089262
1.699015300,0.625228778
1.699218700,0.629368226
1.699422200,0.633507742
1.699625700,0.637647258
1.699829100,0.637786706
1.700032600,0.641926222
1.700236000,0.646065670
1.700439500,0.650205186
1.700642900,0.650344634
1.700846400,0.658484150
1.701049800,0.658623597
1.701253300,0.662763114
1.701456700,0.666902561
1.701660200,0.667042077
1.701863600,0.671181525
1.702067100,0.675321041
1.702270500,0.675460489
1.702474000,0.679600005
1.702677400,0.683739453
1.702880900,0.683878969
1.703084300,0.688018417
1.703287800,0.696157933
1.703491200,0.692297380
1.703694700,0.700436897
1.703898100,0.704576344
1.704101600,0.700715861
1.704305000,0.708855308
1.704508500,0.712994824
1.704711900,0.709134272
1.704915400,0.717273788
1.705118800,0.721413236
1.705322300,0.717552752
1.705525700,0.721692200
1.705729200,0.729831716
1.705932600,0.729971164
1.706136100,0.730110680
1.706339500,0.738250127
1.706543000,0.738389644
1.706746400,0.738529091
1.706949900,0.742668607
1.707153300,0.746808055
1.707356800,0.746947571
1.707560200,0.751087019
1.707763700,0.755226535
1.707967100,0.759365983
1.708170600,0.759505499
1.708374000,0.759644947
1.708577500,0.763784463
1.708780900,0.767923910
1.708984400,0.768063427
1.709187800,0.772202874
1.709391300,0.776342390
1.709594700,0.776481838
1.709798200,0.780621354
1.710001600,0.784760802
1.710205100,0.784900318
1.710408500,0.789039766
1.710612000,0.793179282
1.710815400,0.793318730
1.711018900,0.793458246
1.711222300,0.797597693
1.711425800,0.801737210
1.711629200,0.801876657
1.711832700,0.806016174
1.712036100,0.810155621
1.712239600,0.806295137
1.712443000,0.810434585
1.712646500,0.818574101
1.712849900,0.814713549
1.713053400,0.818853065
1.713256800,0.822992513
1.713460300,0.819132029
1.713663700,0.823271477
1.713867200,0.827410993
1.714070600,0.827550440
1.714274100,0.831689957
1.714477500,0.835829404
1.714681000,0.835968920
1.714884400,0.836108368
1.715087900,0.840247884
1.715291300,0.840387332
1.715494800,0.840526848
1.715698200,0.844666296
1.715901700,0.844805812
1.716105100,0.844945260
1.716308600,0.849084776
1.716512000,0.853224223
1.716715500,0.857363740
1.716918900,0.857503187
1.717122400,0.861642703
1.717325800,0.861782151
1.717529300,0.861921667
1.717732700,0.866061115
1.717936200,0.866200631
1.718139600,0.866340079
1.718343100,0.870479595
1.718546500,0.870619043
1.718750000,0.874758559
1.718953500,0.874898075
1.719156900,0.875037523
1.719360400,0.879177039
1.719563800,0.879316487
1.719767300,0.879456003
1.719970700,0.879595450
1.720174200,0.879734967
1.720377600,0.879874414
1.720581100,0.884013930
1.720784500,0.888153378
1.720988000,0.884292894
1.721191400,0.888432342
1.721394900,0.892571858
1.721598300,0.888711306
1.721801800,0.892850822
1.722005200,0.896990270
1.722208700,0.893129786
1.722412100,0.893269233
1.722615600,0.897408750
1.722819000,0.897548197
1.723022500,0.897687713
1.723225900,0.901827161
1.723429400,0.905966677
1.723632800,0.902106125
1.723836300,0.902245641
1.724039700,0.906385089
1.724243200,0.902524605
1.724446600,0.906664053
1.724650100,0.910803569
1.724853500,0.902943017
1.725057000,0.907082533
1.725260400,0.911221980
1.725463900,0.911361497
1.725667300,0.911500944
1.725870800,0.915640460
1.726074200,0.911779908
1.726277700,0.911919424
1.726481100,0.916058872
1.726684600,0.920198388
1.726888000,0.912337836
1.727091500,0.916477352
1.727294900,0.920616800
1.727498400,0.920756316
1.727701800,0.916895763
1.727905300,0.921035280
1.728108700,0.921174727
1.728312200,0.921314243
1.728515600,0.921453691
1.728719100,0.921593207
1.728922500,0.921732655
1.729126000,0.925872171
1.729329400,0.922011619
1.729532900,0.926151135
1.729736300,0.926290583
1.729939800,0.922430099
1.730143200,0.926569546
1.730346700,0.926709063
1.730550100,0.926848510
1.730753600,0.926988027
1.730957000,0.927127474
1.731160500,0.927266990
1.731363900,0.927406438
1.731567400,0.931545954
1.731770800,0.927685402
1.731974300,0.927824918
1.732177700,0.931964366
1.732381200,0.928103882
1.732584600,0.928243330
1.732788100,0.932382846
1.732991500,0.928522293
1.733195000,0.928661810
1.733398400,0.932801257
1.733601900,0.928940773
1.733805300,0.929080221
1.734008800,0.929219737
1.734212200,0.933359185
1.734415700,0.929498701
1.734619100,0.929638149
1.734822600,0.933777665
1.735026000,0.929917113
1.735229500,0.930056629
1.735432900,0.934196076
1.735636400,0.930335593
1.735839800,0.930475040
1.736043300,0.930614556
1.736246700,0.934754004
1.736450200,0.926893520
1.736653600,0.931032968
1.736857100,0.935172484
1.737060500,0.927311932
1.737264000,0.927451448
1.737467400,0.931590896
1.737670900,0.927730412
1.737874300,0.927869859
1.738077800,0.932009376
1.738281200,0.932148823
1.738484700,0.928288340
1.738688200,0.928427856
1.738891600,0.932567303
1.739095100,0.924706820
1.739298500,0.928846267
1.739502000,0.932985783
1.739705400,0.925125231
1.739908900,0.925264747
1.740112300,0.929404195
1.740315800,0.929543711
1.740519200,0.925683159
1.740722700,0.929822675
1.740926100,0.929962123
1.741129600,0.926101639
1.741333000,0.926241086
1.741536500,0.930380603
1.741739900,0.922520050
1.741943400,0.926659566
1.742146800,0.930799014
1.742350300,0.922938530
1.742553700,0.927077978
1.742757200,0.927217494
1.742960600,0.927356942
1.743164100,0.923496458
1.743367500,0.927635906
1.743571000,0.931775422
1.743774400,0.923914869
1.743977900,0.928054386
1.744181300,0.928193833
1.744384800,0.924333350
1.744588200,0.924472797
1.744791700,0.928612313
1.744995100,0.928751761
1.745198600,0.924891277
1.745402000,0.929030725
1.745605500,0.929170241
1.745808900,0.925309689
1.746012400,0.929449205
1.746215800,0.925588653
1.746419300,0.925728169
1.746622700,0.929867616
1.746826200,0.930007133
1.747029600,0.930146580
1.747233100,0.930286096
1.747436500,0.930425544
1.747640000,0.930565060
1.747843400,0.930704508
1.748046900,0.930844024
1.748250300,0.930983472
1.748453800,0.931122988
1.748657200,0.931262436
1.748860700,0.931401952
1.749064100,0.935541399
1.749267600,0.931680916
1.749471000,0.935820363
1.749674500,0.935959880
1.749877900,0.932099327
1.750081400,0.936238843
1.750284800,0.936378291
1.750488300,0.936517807
1.750691700,0.936657255
1.750895200,0.936796771
1.751098600,0.940936219
1.751302100,0.937075735
1.751505500,0.937215183
1.751709000,0.941354699
1.751912400,0.941494146
1.752115900,0.941633663
1.752319300,0.941773110
1.752522800,0.941912626
1.752726200,0.946052074
1.752929700,0.942191590
1.753133100,0.942331038
1.753336600,0.946470554
1.753540000,0.946610002
1.753743500,0.946749518
1.753946900,0.946888966
1.754150400,0.947028482
1.754353800,0.947167929
1.754557300,0.947307446
1.754760700,0.951446893
1.754964200,0.951586409
1.755167600,0.947725857
1.755371100,0.951865373
1.755574500,0.952004821
1.755778000,0.956144337
1.755981400,0.952283785
1.756184900,0.952423301
1.756388300,0.956562749
1.756591800,0.952702265
1.756795200,0.956841712
1.756998700,0.956981229
1.757202100,0.957120676
1.757405600,0.957260193
1.757609000,0.957399640
1.757812500,0.961539156
1.758016000,0.957678673
1.758219400,0.957818120
1.758422900,0.961957636
1.758626300,0.962097084
1.758829800,0.958236600
1.759033200,0.962376048
1.759236700,0.962515564
1.759440100,0.966655012
1.759643600,0.962794528
1.759847000,0.966933976
1.760050500,0.967073492
1.760253900,0.963212939
1.760457400,0.967352456
1.760660800,0.967491903
1.760864300,0.963631419
1.761067700,0.967770867
1.761271200,0.967910383
1.761474600,0.972049831
1.761678100,0.968189347
1.761881500,0.968328795
1.762085000,0.972468311
1.762288400,0.968607759
1.762491900,0.972747275
1.762695300,0.972886722
1.762898800,0.973026239
1.763102200,0.973165686
1.763305700,0.973305203
1.763509100,0.973444650
1.763712600,0.973584166
1.763916000,0.973723614
1.764119500,0.977863130
1.764322900,0.978002578
1.764526400,0.978142094
1.764729800,0.978281542
1.764933300,0.978421058
1.765136700,0.982560506
1.765340200,0.978700022
1.765543600,0.978839469
1.765747100,0.982978986
1.765950500,0.979118433
1.766154000,0.983257949
1.766357400,0.983397397
1.766560900,0.987536913
1.766764300,0.983676361
1.766967800,0.983815877
1.767171200,0.987955325
1.767374700,0.988094841
1.767578100,0.988234289
1.767781600,0.992373805
1.767985000,0.988513252
1.768188500,0.992652769
1.768391900,0.992792216
1.768595400,0.996931732
1.768798800,0.997071180
1.769002300,0.997210696
1.769205700,0.997350144
1.769409200,0.997489660
1.769612600,0.997629108
1.769816100,1.001768624
1.770019500,1.001908072
1.770223000,1.006047588
1.770426400,1.006187036
1.770629900,1.002326552
1.770833300,1.006465999
1.771036800,1.006605516
1.771240200,1.010744963
1.771443700,1.010884479
1.771647100,1.011023927
1.771850600,1.015163443
1.772054000,1.015302891
1.772257500,1.019442407
1.772460900,1.019581855
1.772664400,1.019721371
1.772867800,1.023860819
1.773071300,1.024000335
1.773274700,1.028139782
1.773478200,1.028279299
1.773681600,1.028418746
1.773885100,1.032558262
1.774088500,1.032697710
1.774292000,1.036837226
1.774495400,1.036976674
1.774698900,1.037116190
1.774902300,1.041255638
1.775105800,1.041395154
1.775309200,1.045534602
1.775512700,1.045674118
1.775716100,1.045813565
1.775919600,1.049953082
1.776123000,1.050092529
1.776326500,1.054232046
1.776529900,1.054371493
1.776733400,1.054511009
1.776936800,1.058650457
1.777140300,1.058789973
1.777343700,1.062929421
1.777547200,1.063068937
1.777750700,1.063208453
1.777954100,1.067347901
1.778157600,1.067487417
1.778361000,1.071626865
1.778564500,1.071766381
1.778767900,1.071905829
1.778971400,1.076045345
1.779174800,1.076184792
1.779378300,1.080324309
1.779581700,1.080463756
1.779785200,1.084603272
1.779988600,1.084742720
1.780192100,1.084882236
1.780395500,1.089021684
1.780599000,1.089161200
1.780802400,1.089300648
1.781005900,1.093440164
1.781209300,1.093579612
1.781412800,1.093719128
1.781616200,1.097858575
1.781819700,1.101998092
1.782023100,1.102137539
1.782226600,1.098277056
1.782430000,1.102416503
1.782633500,1.102556019
1.782836900,1.102695467
1.783040400,1.106834983
1.783243800,1.106974431
1.783447300,1.107113947
1.783650700,1.111253395
1.783854200,1.115392911
1.784057600,1.115532359
1.784261100,1.115671875
1.784464500,1.115811322
1.784668000,1.115950839
1.784871400,1.116090286
1.785074900,1.120229802
1.785278300,1.124369250
1.785481800,1.120508766
1.785685200,1.124648214
1.785888700,1.124787730
1.786092100,1.124927178
1.786295600,1.125066694
1.786499000,1.129206142
1.786702500,1.129345658
1.786905900,1.125485105
1.787109400,1.129624622
1.787312800,1.133764069
1.787516300,1.129903585
1.787719700,1.134043033
1.787923200,1.134182549
1.788126600,1.134321997
1.788330100,1.134461513
1.788533500,1.138600961
1.788737000,1.138740477
1.788940400,1.134879925
1.789143900,1.139019441
1.789347300,1.143158888
1.789550800,1.135298405
1.789754200,1.139437852
1.789957700,1.143577369
1.790161100,1.135716816
1.790364600,1.139856332
1.790568000,1.143995780
1.790771500,1.144135296
1.790974900,1.140274744
1.791178400,1.144414260
1.791381800,1.144553708
1.791585300,1.140693224
1.791788700,1.144832672
1.791992200,1.144972188
1.792195600,1.145111635
1.792399100,1.141251152
1.792602500,1.145390599
1.792806000,1.149530115
1.793009400,1.141669563
1.793212900,1.145809079
1.793416300,1.149948527
1.793619800,1.146088043
1.793823200,1.146227491
1.794026700,1.146367007
1.794230100,1.146506455
1.794433600,1.142645971
1.794637000,1.146785418
1.794840500,1.150924935
1.795043900,1.143064382
1.795247400,1.143203899
1.795450800,1.147343346
1.795654300,1.143482862
1.795857700,1.143622310
1.796061200,1.147761826
1.796264600,1.143901274
1.796468100,1.140040790
1.796671500,1.144180238
1.796875000,1.148319754
1.797078500,1.144459270
1.797281900,1.140598718
1.797485400,1.144738234
1.797688800,1.140877682
1.797892300,1.141017198
1.798095700,1.141156645
1.798299200,1.137296162
1.798502600,1.141435609
1.798706100,1.137575125
1.798909500,1.141714573
1.799113000,1.137854089
1.799316400,1.133993537
1.799519900,1.138133053
1.799723300,1.134272501
1.799926800,1.130412017
1.800130200,1.134551465
1.800333700,1.130690981
1.800537100,1.130830428
1.800740600,1.130969945
1.800944000,1.127109392
1.801147500,1.127248909
1.801350900,1.127388356
1.801554400,1.127527872
1.801757800,1.123667320
1.801961300,1.123806836
1.802164700,1.123946284
1.802368200,1.120085800
1.802571600,1.120225248
1.802775100,1.116364764
1.802978500,1.112504212
1.803182000,1.116643728
1.803385400,1.116783175
1.803588900,1.112922692
1.803792300,1.109062139
1.803995800,1.113201655
1.804199200,1.109341103
1.804402700,1.105480619
1.804606100,1.105620067
1.804809600,1.105759583
1.805013000,1.097899031
1.805216500,1.102038547
1.805419900,1.102177995
1.805623400,1.098317511
1.805826800,1.094456958
1.806030300,1.094596475
1.806233700,1.098735922
1.806437200,1.090875438
1.806640600,1.091014886
1.806844100,1.091154402
1.807047500,1.083293850
1.807251000,1.083433366
1.807454400,1.087572814
1.807657900,1.087712330
1.807861300,1.079851778
1.808064800,1.079991294
1.808268200,1.084130741
1.808471700,1.076270258
1.808675100,1.076409705
1.808878600,1.076549222
1.809082000,1.072688669
1.809285500,1.072828185
1.809488900,1.072967633
1.809692400,1.069107149
1.809895800,1.065246597
1.810099300,1.069386113
1.810302700,1.069525561
1.810506200,1.065665077
1.810709600,1.061804525
1.810913100,1.065944041
1.811116500,1.062083488
1.811320000,1.058223005
1.811523400,1.062362452
1.811726900,1.058501968
1.811930300,1.058641416
1.812133800,1.058780932
1.812337200,1.058920380
1.812540700,1.055059896
1.812744100,1.055199344
1.812947600,1.055338860
1.813151000,1.051478308
1.813354500,1.055617824
1.813557900,1.055757271
1.813761400,1.051896788
1.813964800,1.052036235
1.814168300,1.052175751
1.814371700,1.052315199
1.814575200,1.048454715
1.814778600,1.052594163
1.814982100,1.052733679
1.815185500,1.048873127
1.815389000,1.049012643
1.815592400,1.049152091
1.815795900,1.045291607
1.815999300,1.049431055
1.816202800,1.053570571
1.816406200,1.049710018
1.816609700,1.045849535
1.816813200,1.049989051
1.817016600,1.050128498
1.817220100,1.046268015
1.817423500,1.050407462
1.817627000,1.050546978
1.817830400,1.046686426
1.818033900,1.046825942
1.818237300,1.050965390
1.818440800,1.043104906
1.818644200,1.047244354
1.818847700,1.051383870
1.819051100,1.051523318
1.819254600,1.047662834
1.819458000,1.047802281
1.819661500,1.051941798
1.819864900,1.044081245
1.820068400,1.048220761
1.820271800,1.052360209
1.820475300,1.048499725
1.820678700,1.048639173
1.820882200,1.048778689
1.821085600,1.052918137
1.821289100,1.045057653
1.821492500,1.049197101
1.821696000,1.053336617
1.821899400,1.049476065
1.822102900,1.049615581
1.822306300,1.049755028
1.822509800,1.049894545
1.822713200,1.046033992
1.822916700,1.050173508
1.823120100,1.054312956
1.823323600,1.050452472
1.823527000,1.050591920
1.823730500,1.050731436
1.823933900,1.050870884
1.824137400,1.047010400
1.824340800,1.051149848
1.824544300,1.047289364
1.824747700,1.051428811
1.824951200,1.051568328
1.825154600,1.051707775
1.825358100,1.047847291
1.825561500,1.047986739
1.825765000,1.052126255
1.825968400,1.048265703
1.826171900,1.052405219
1.826375300,1.048544667
1.826578800,1.044684183
1.826782200,1.048823631
1.826985700,1.052963147
1.827189100,1.049102594
1.827392600,1.049242111
1.827596000,1.049381558
1.827799500,1.049521075
1.828002900,1.045660522
1.828206400,1.049800038
1.828409800,1.049939486
1.828613300,1.042079002
1.828816700,1.046218450
1.829020200,1.050357966
1.829223600,1.042497414
1.829427100,1.042636930
1.829630500,1.046776378
1.829834000,1.050915894
1.830037400,1.043055341
1.830240900,1.043194858
1.830444300,1.047334305
1.830647800,1.039473821
1.830851200,1.043613269
1.831054700,1.043752785
1.831258100,1.043892233
1.831461600,1.040031749
1.831665000,1.044171197
1.831868500,1.044310713
1.832071900,1.040450161
1.832275400,1.040589677
1.832478800,1.044729124
1.832682300,1.040868641
1.832885700,1.041008088
1.833089200,1.041147604
1.833292600,1.041287052
1.833496100,1.041426568
1.833699500,1.041566016
1.833903000,1.041705532
1.834106400,1.041844980
1.834309900,1.037984496
1.834513300,1.042123944
1.834716800,1.038263460
1.834920200,1.042402907
1.835123700,1.038542424
1.835327100,1.038681871
1.835530600,1.038821388
1.835734000,1.038960835
1.835937500,1.043100351
1.836141000,1.039239868
1.836344400,1.039379315
1.836547900,1.039518831
1.836751300,1.035658279
1.836954800,1.039797795
1.837158200,1.039937243
1.837361700,1.036076759
1.837565100,1.040216207
1.837768600,1.040355723
1.837972000,1.032495171
1.838175500,1.036634687
1.838378900,1.040774134
1.838582400,1.040913651
1.838785800,1.037053098
1.838989300,1.037192614
1.839192700,1.041332062
1.839396200,1.033471578
1.839599600,1.037611026
1.839803100,1.037750542
1.840006500,1.037889990
1.840210000,1.034029506
1.840413400,1.038168954
1.840616900,1.042308470
1.840820300,1.034447917
1.841023800,1.038587434
1.841227200,1.038726881
1.841430700,1.034866398
1.841634100,1.035005845
1.841837600,1.039145361
1.842041000,1.035284809
1.842244500,1.039424325
1.842447900,1.035563773
1.842651400,1.039703289
1.842854800,1.035842737
1.843058300,1.035982253
1.843261700,1.036121701
1.843465200,1.036261217
1.843668600,1.036400664
1.843872100,1.036540181
1.844075500,1.032679628
1.844279000,1.036819144
1.844482400,1.032958592
1.844685900,1.037098108
1.844889300,1.033237556
1.845092800,1.037377072
1.845296200,1.037516520
1.845499700,1.033656036
1.845703100,1.037795484
1.845906600,1.037935000
1.846110000,1.030074447
1.846313500,1.034213964
1.846516900,1.038353411
1.846720400,1.030492928
1.846923800,1.034632375
1.847127300,1.034771891
1.847330700,1.038911339
1.847534200,1.031050855
1.847737600,1.035190303
1.847941100,1.035329819
1.848144500,1.035469267
1.848348000,1.031608783
1.848551400,1.035748231
1.848754900,1.031887747
1.848958300,1.032027194
1.849161800,1.032166711
1.849365200,1.036306158
1.849568700,1.032445674
1.849772100,1.032585122
1.849975600,1.032724638
1.850179000,1.032864086
1.850382500,1.029003602
1.850585900,1.033143050
1.850789400,1.029282566
1.850992800,1.033422014
1.851196300,1.029561530
1.851399700,1.033700977
1.851603200,1.029840494
1.851806600,1.033979941
1.852010100,1.030119457
1.852213500,1.030258905
1.852417000,1.030398421
1.852620400,1.030537869
1.852823900,1.026677385
1.853027300,1.026816833
1.853230800,1.030956349
1.853434200,1.031095797
1.853637700,1.027235313
1.853841100,1.027374760
1.854044600,1.031514277
1.854248000,1.023653724
1.854451500,1.023793241
1.854654900,1.027932688
1.854858400,1.020072204
1.855061800,1.024211652
1.855265300,1.024351168
1.855468700,1.028490616
1.855672200,1.020630132
1.855875700,1.020769648
1.856079100,1.024909096
1.856282600,1.021048612
1.856486000,1.017188060
1.856689500,1.021327576
1.856892900,1.013467024
1.857096400,1.013606540
1.857299800,1.013745987
1.857503300,1.009885504
1.857706700,1.014024951
1.857910200,1.010164467
1.858113600,1.014303915
1.858317100,1.006443431
1.858520500,1.010582879
1.858724000,1.006722395
1.858927400,1.002861843
1.859130900,1.003001359
1.859334300,1.003140807
1.859537800,0.999280323
1.859741200,0.999419770
1.859944700,0.999559287
1.860148100,0.999698734
1.860351600,0.991838251
1.860555000,0.995977698
1.860758500,0.996117214
1.860961900,0.988256662
1.861165400,0.988396178
1.861368800,0.988535626
1.861572300,0.980675142
1.861775700,0.980814590
1.861979200,0.984954106
1.862182600,0.985093554
1.862386100,0.977233070
1.862589500,0.977372517
1.862793000,0.977512034
1.862996400,0.973651481
1.863199900,0.969790997
1.863403300,0.969930445
1.863606800,0.966069961
1.863810200,0.962209409
1.864013700,0.962348925
1.864217100,0.966488373
1.864420600,0.958627889
1.864624000,0.954767337
1.864827500,0.958906853
1.865030900,0.951046300
1.865234400,0.951185817
1.865437800,0.951325264
1.865641300,0.943464780
1.865844700,0.943604228
1.866048200,0.939743744
1.866251600,0.935883192
1.866455100,0.936022708
1.866658500,0.936162156
1.866862000,0.936301672
1.867065400,0.928441120
1.867268900,0.928580636
1.867472300,0.932720084
1.867675800,0.920859600
1.867879200,0.920999047
1.868082700,0.925138564
1.868286100,0.913278011
1.868489600,0.913417527
1.868693000,0.913556975
1.868896500,0.917696491
1.869099900,0.905835939
1.869303400,0.905975455
1.869506800,0.910114903
1.869710300,0.902254419
1.869913700,0.898393867
1.870117200,0.902533383
1.870320600,0.894672830
1.870524100,0.890812347
1.870727500,0.894951794
1.870931000,0.895091310
1.871134400,0.891230758
1.871337900,0.887370274
1.871541300,0.887509722
1.871744800,0.883649238
1.871948200,0.883788686
1.872151700,0.879928202
1.872355100,0.876067650
1.872558600,0.876207166
1.872762000,0.872346613
1.872965500,0.876486130
1.873168900,0.868625577
1.873372400,0.868765094
1.873575800,0.868904541
1.873779300,0.861044057
1.873982700,0.865183505
1.874186200,0.865323021
1.874389600,0.853462469
1.874593100,0.857601985
1.874796500,0.857741433
1.875000000,0.857880949
1.875203500,0.850020465
1.875406900,0.850159913
1.875610400,0.854299429
1.875813800,0.842438877
1.876017300,0.842578393
1.876220700,0.846717840
1.876424200,0.838857357
1.876627600,0.838996804
1.876831100,0.839136320
1.877034500,0.831275768
1.877238000,0.835415284
1.877441400,0.831554732
1.877644900,0.831694248
1.877848300,0.827833696
1.878051800,0.823973212
1.878255200,0.824112660
1.878458700,0.820252176
1.878662100,0.820391623
1.878865600,0.816531140
1.879069000,0.812670587
1.879272500,0.812810104
1.879475900,0.816949551
1.879679400,0.813089067
1.879882800,0.805228515
1.880086300,0.809368031
1.880289700,0.809507479
1.880493200,0.797646995
1.880696600,0.801786443
1.880900100,0.801925959
1.881103500,0.790065407
1.881307000,0.794204923
1.881510400,0.794344370
1.881713900,0.794483887
1.881917300,0.786623334
1.882120800,0.786762850
1.882324200,0.786902298
1.882527700,0.783041814
1.882731100,0.779181262
1.882934600,0.779320778
1.883138000,0.775460226
1.883341500,0.775599742
1.883544900,0.771739190
1.883748400,0.771878706
1.883951800,0.768018153
1.884155300,0.764157670
1.884358700,0.764297117
1.884562200,0.760436633
1.884765600,0.760576081
1.884969100,0.756715597
1.885172500,0.752855045
1.885376000,0.752994561
1.885579400,0.753134009
1.885782900,0.745273525
1.885986300,0.745412973
1.886189800,0.745552489
1.886393200,0.749691936
1.886596700,0.737831453
1.886800100,0.737970900
1.887003600,0.742110417
1.887207000,0.730249864
1.887410500,0.734389380
1.887613900,0.734528828
1.887817400,0.726668344
1.888020800,0.726807792
1.888224300,0.726947308
1.888427700,0.727086756
1.888631200,0.723226272
1.888834600,0.719365720
1.889038100,0.719505236
1.889241500,0.715644683
1.889445000,0.711784200
1.889648400,0.715923647
1.889851900,0.708063163
1.890055300,0.708202611
1.890258800,0.708342127
1.890462200,0.708481575
1.890665700,0.704621091
1.890869100,0.704760539
1.891072600,0.700900055
1.891276000,0.697039503
1.891479500,0.697179019
1.891682900,0.697318466
1.891886400,0.689457983
1.892089800,0.689597430
1.892293300,0.693736946
1.892496700,0.689876394
1.892700200,0.682015910
1.892903600,0.686155358
1.893107100,0.686294874
1.893310500,0.678434322
1.893514000,0.678573838
1.893717400,0.678713286
1.893920900,0.674852802
1.894124300,0.670992250
1.894327800,0.671131766
1.894531200,0.667271213
1.894734700,0.667410730
1.894938200,0.663550246
1.895141600,0.667689693
1.895345100,0.659829210
1.895548500,0.659968657
1.895752000,0.660108173
1.895955400,0.652247621
1.896158900,0.652387137
1.896362300,0.652526585
1.896565800,0.644666101
1.896769200,0.644805549
1.896972700,0.644945065
1.897176100,0.645084513
1.897379600,0.637224029
1.897583000,0.637363476
1.897786500,0.641502993
1.897989900,0.629642440
1.898193400,0.629781957
1.898396800,0.629921404
1.898600300,0.626060920
1.898803700,0.622200368
1.899007200,0.622339884
1.899210600,0.622479332
1.899414100,0.614618848
1.899617500,0.614758296
1.899821000,0.614897812
1.900024400,0.611037260
1.900227900,0.607176776
1.900431300,0.607316223
1.900634800,0.599455740
1.900838200,0.603595187
1.901041700,0.599734703
1.901245100,0.599874151
1.901448600,0.592013667
1.901652000,0.596153115
1.901855500,0.592292631
1.902058900,0.584432079
1.902262400,0.584571595
1.902465800,0.588711043
1.902669300,0.576850559
1.902872700,0.576990006
1.903076200,0.577129523
1.903279600,0.577268970
1.903483100,0.569408486
1.903686500,0.569547934
1.903890000,0.569687450
1.904093400,0.561826898
1.904296900,0.561966414
1.904500300,0.562105862
1.904703800,0.558245378
1.904907200,0.554384826
1.905110700,0.554524342
1.905314100,0.546663789
1.905517600,0.550803306
1.905721000,0.546942753
1.905924500,0.547082270
1.906127900,0.539221717
1.906331400,0.539361233
1.906534800,0.539500681
1.906738300,0.531640197
1.906941700,0.531779645
1.907145200,0.531919161
1.907348600,0.524058609
1.907552100,0.524198125
1.907755500,0.524337573
1.907959000,0.524477089
1.908162400,0.516616536
1.908365900,0.516756053
1.908569300,0.516895500
1.908772800,0.509035016
1.908976200,0.509174464
1.909179700,0.509313980
1.909383100,0.505453428
1.909586600,0.501592944
1.909790000,0.501732392
1.909993500,0.501871908
1.910196900,0.494011356
1.910400400,0.494150872
1.910603800,0.494290319
1.910807300,0.486429836
1.911010700,0.482569283
1.911214200,0.486708799
1.911417600,0.478848247
1.911621100,0.478987763
1.911824500,0.475127211
1.912028000,0.479266727
1.912231400,0.471406175
1.912434900,0.471545691
1.912638300,0.467685139
1.912841800,0.463824655
1.913045200,0.463964103
1.913248700,0.464103619
1.913452100,0.456243066
1.913655600,0.456382583
1.913859000,0.456522030
1.914062500,0.444661546
1.914266000,0.444801063
1.914469400,0.448940510
1.914672900,0.449080026
1.914876300,0.437219474
1.915079800,0.437358990
1.915283200,0.441498438
1.915486700,0.433637954
1.915690100,0.429777402
1.915893600,0.429916918
1.916097000,0.426056366
1.916300500,0.426195882
1.916503900,0.422335329
1.916707400,0.422474846
1.916910800,0.414614293
1.917114300,0.418753809
1.917317700,0.414893257
1.917521200,0.407032773
1.917724600,0.407172221
1.917928100,0.411311737
1.918131500,0.399451185
1.918335000,0.399590701
1.918538400,0.399730149
1.918741900,0.395869665
1.918945300,0.392009113
1.919148800,0.392148629
1.919352200,0.392288076
1.919555700,0.380427593
1.919759100,0.380567040
1.919962600,0.384706556
1.920166000,0.376846004
1.920369500,0.372985520
1.920572900,0.373124968
1.920776400,0.373264484
1.920979800,0.369403932
1.921183300,0.365543448
1.921386700,0.365682896
1.921590200,0.357822412
1.921793600,0.357961859
1.921997100,0.354101376
1.922200500,0.350240823
1.922404000,0.350380339
1.922607400,0.346519787
1.922810900,0.346659303
1.923014300,0.338798751
1.923217800,0.338938267
1.923421200,0.339077715
1.923624700,0.331217231
1.923828100,0.331356679
1.924031600,0.331496195
1.924235000,0.319635642
1.924438500,0.319775159
1.924641900,0.323914606
1.924845400,0.316054123
1.925048800,0.312193570
1.925252300,0.312333086
1.925455700,0.312472534
1.925659200,0.304612050
1.925862600,0.300751498
1.926066100,0.304891014
1.926269500,0.297030462
1.926473000,0.297169978
1.926676400,0.293309426
1.926879900,0.285448942
1.927083300,0.285588389
1.927286800,0.281727906
1.927490200,0.285867353
1.927693700,0.278006869
1.927897100,0.278146317
1.928100600,0.274285833
1.928304000,0.266425281
1.928507500,0.266564797
1.928710900,0.270704245
1.928914400,0.258843761
1.929117800,0.258983209
1.929321300,0.259122725
1.929524700,0.259262172
1.929728200,0.247401689
1.929931600,0.251541136
1.930135100,0.251680652
1.930338500,0.243820100
1.930542000,0.239959616
1.930745400,0.240099064
1.930948900,0.236238580
1.931152300,0.236378028
1.931355800,0.232517544
1.931559200,0.232656992
1.931762700,0.224796508
1.931966100,0.224935955
1.932169600,0.225075472
1.932373000,0.217214919
1.932576500,0.217354436
1.932779900,0.213493883
1.932983400,0.205633399
1.933186800,0.209772847
1.933390300,0.209912363
1.933593700,0.198051811
1.933797200,0.198191327
1.934000700,0.202330843
1.934204100,0.202470291
1.934407600,0.190609807
1.934611000,0.190749255
1.934814500,0.190888771
1.935017900,0.187028219
1.935221400,0.183167735
1.935424800,0.183307182
1.935628300,0.179446699
1.935831700,0.179586146
1.936035200,0.175725662
1.936238600,0.175865110
1.936442100,0.172004626
1.936645500,0.172144074
1.936849000,0.172283590
1.937052400,0.164423038
1.937255900,0.164562554
1.937459300,0.164702002
1.937662800,0.156841518
1.937866200,0.160980965
1.938069700,0.161120482
1.938273100,0.157259929
1.938476600,0.153399446
1.938680000,0.153538893
1.938883500,0.157678409
1.939086900,0.149817857
1.939290400,0.149957373
1.939493800,0.154096821
1.939697300,0.150236337
1.939900700,0.146375785
1.940104200,0.150515301
1.940307600,0.150654749
1.940511100,0.146794265
1.940714500,0.146933712
1.940918000,0.151073229
1.941121400,0.147212676
1.941324900,0.151352192
1.941528300,0.147491640
1.941731800,0.147631156
1.941935200,0.151770604
1.942138700,0.151910120
1.942342100,0.148049568
1.942545600,0.152189084
1.942749000,0.156328532
1.942952500,0.156468048
1.943155900,0.156607495
1.943359400,0.160747012
1.943562800,0.164886459
1.943766300,0.161025975
1.943969700,0.165165423
1.944173200,0.169304939
1.944376600,0.169444387
1.944580100,0.173583903
1.944783500,0.177723351
1.944987000,0.181862867
1.945190400,0.182002315
1.945393900,0.186141831
1.945597300,0.190281279
1.945800800,0.194420795
1.946004200,0.198560242
1.946207700,0.198699759
1.946411100,0.202839206
1.946614600,0.210978722
1.946818000,0.215118170
1.947021500,0.219257686
1.947224900,0.223397134
1.947428400,0.227536650
1.947631800,0.235676098
1.947835300,0.235815614
1.948038700,0.239955062
1.948242200,0.248094578
1.948445600,0.252234025
1.948649100,0.256373542
1.948852500,0.260512989
1.949056000,0.268652505
1.949259400,0.268791953
1.949462900,0.276931469
1.949666300,0.285070917
1.949869800,0.289210433
1.950073200,0.293349881
1.950276700,0.297489397
1.950480100,0.305628845
1.950683600,0.309768361
1.950887000,0.313907808
1.951090500,0.322047325
1.951293900,0.326186772
1.951497400,0.334326289
1.951700800,0.334465736
1.951904300,0.338605252
1.952107700,0.346744700
1.952311200,0.354884216
1.952514600,0.355023664
1.952718100,0.363163180
1.952921500,0.367302628
1.953125000,0.371442144
1.953328500,0.375581660
1.953531900,0.379721108
1.953735400,0.387860624
1.953938800,0.392000072
1.954142300,0.396139588
1.954345700,0.400279035
1.954549200,0.404418552
1.954752600,0.412557999
1.954956100,0.412697515
1.955159500,0.416836963
1.955363000,0.420976479
1.955566400,0.425115927
1.955769900,0.429255443
1.955973300,0.433394891
1.956176800,0.437534407
1.956380200,0.441673855
1.956583700,0.441813371
1.956787100,0.449952818
1.956990600,0.454092335
1.957194000,0.454231782
1.957397500,0.458371299
1.957600900,0.462510746
1.957804400,0.470650262
1.958007800,0.466789710
1.958211300,0.470929226
1.958414700,0.479068674
1.958618200,0.479208190
1.958821600,0.479347638
1.959025100,0.487487154
1.959228500,0.487626602
1.959432000,0.491766118
1.959635400,0.491905565
1.959838900,0.496045082
1.960042300,0.500184529
1.960245800,0.504324045
1.960449200,0.504463493
1.960652700,0.504603009
1.960856100,0.508742457
1.961059600,0.512881973
1.961263000,0.509021421
1.961466500,0.513160937
1.961669900,0.521300385
1.961873400,0.517439901
1.962076800,0.521579348
1.962280300,0.525718865
1.962483700,0.529858312
1.962687200,0.525997828
1.962890600,0.530137276
1.963094100,0.534276792
1.963297500,0.534416240
1.963501000,0.534555756
1.963704400,0.538695204
1.963907900,0.538834720
1.964111300,0.542974168
1.964314800,0.543113684
1.964518200,0.543253132
1.964721700,0.543392648
1.964925100,0.547532095
1.965128600,0.547671612
1.965332000,0.547811059
1.965535500,0.551950575
1.965738900,0.556090023
1.965942400,0.552229539
1.966145800,0.556368987
1.966349300,0.560508503
1.966552700,0.560647951
1.966756200,0.556787467
1.966959600,0.560926915
1.967163100,0.565066431
1.967366500,0.565205878
1.967570000,0.565345395
1.967773400,0.569484842
1.967976900,0.565624358
1.968180300,0.569763806
1.968383800,0.569903322
1.968587200,0.574042770
1.968790700,0.574182286
1.968994100,0.574321734
1.969197600,0.578461250
1.969401000,0.574600698
1.969604500,0.578740214
1.969807900,0.578879661
1.970011400,0.579019178
1.970214800,0.583158625
1.970418300,0.587298142
1.970621700,0.579437589
1.970825200,0.583577105
1.971028600,0.587716553
1.971232100,0.591856069
1.971435500,0.587995517
1.971639000,0.592135033
1.971842400,0.592274481
1.972045900,0.592413997
1.972249300,0.592553445
1.972452800,0.596692961
1.972656200,0.596832408
1.972859700,0.600971925
1.973063200,0.601111441
1.973266600,0.601250888
1.973470100,0.601390405
1.973673500,0.605529852
1.973877000,0.605669368
1.974080400,0.605808816
1.974283900,0.609948332
1.974487300,0.614087780
1.974690800,0.606227296
1.974894200,0.610366744
1.975097700,0.614506260
1.975301100,0.618645708
1.975504600,0.614785224
1.975708000,0.618924671
1.975911500,0.623064188
1.976114900,0.619203635
1.976318400,0.623343152
1.976521800,0.623482599
1.976725300,0.623622115
1.976928700,0.623761563
1.977132200,0.627901079
1.977335600,0.632040527
1.977539100,0.632180043
1.977742500,0.632319491
1.977946000,0.636459007
1.978149400,0.636598455
1.978352900,0.636737971
1.978556300,0.636877418
1.978759800,0.637016935
1.978963200,0.641156382
1.979166700,0.645295898
1.979370100,0.645435346
1.979573600,0.645574862
1.979777000,0.649714310
1.979980500,0.653853826
1.980183900,0.649993274
1.980387400,0.654132790
1.980590800,0.654272238
1.980794300,0.654411754
1.980997700,0.654551201
1.981201200,0.658690718
1.981404600,0.658830165
1.981608100,0.662969681
1.981811500,0.663109129
1.982015000,0.667248645
1.982218400,0.667388093
1.982421900,0.671527609
1.982625300,0.671667057
1.982828800,0.671806573
1.983032200,0.675946021
1.983235700,0.680085537
1.983439100,0.676224984
1.983642600,0.676364501
1.983846000,0.680503948
1.984049500,0.680643465
1.984252900,0.680782912
1.984456400,0.684922428
1.984659800,0.689061876
1.984863300,0.685201392
1.985066700,0.689340840
1.985270200,0.693480356
1.985473600,0.693619804
1.985677100,0.693759320
1.985880500,0.697898768
1.986084000,0.702038284
1.986287400,0.702177731
1.986490900,0.702317248
1.986694300,0.706456695
1.986897800,0.706596211
1.987101200,0.710735659
1.987304700,0.710875175
1.987508100,0.711014623
1.987711600,0.715154139
1.987915000,0.719293587
1.988118500,0.719433103
1.988321900,0.719572551
1.988525400,0.723712067
1.988728800,0.727851514
1.988932300,0.723991031
1.989135700,0.728130478
1.989339200,0.732269994
1.989542600,0.732409442
1.989746100,0.732548958
1.989949500,0.736688406
1.990153000,0.736827922
1.990356400,0.736967370
1.990559900,0.737106886
1.990763300,0.741246334
1.990966800,0.741385850
1.991170200,0.745525298
1.991373700,0.745664814
1.991577100,0.745804261
1.991780600,0.749943778
1.991984000,0.750083225
1.992187500,0.750222741
1.992391000,0.754362258
1.992594400,0.754501705
1.992797900,0.754641221
1.993001300,0.754780669
1.993204800,0.758920185
1.993408200,0.763059633
1.993611700,0.759199149
1.993815100,0.759338597
1.994018600,0.763478113
1.994222000,0.763617561
1.994425500,0.763757077
1.994628900,0.767896524
1.994832400,0.772036041
1.995035800,0.768175488
1.995239300,0.768315004
1.995442700,0.772454452
1.995646200,0.772593968
1.995849600,0.772733416
1.996053100,0.772872932
1.996256500,0.773012380
1.996460000,0.777151896
1.996663400,0.777291344
1.996866900,0.777430860
1.997070300,0.777570308
1.997273800,0.777709824
1.997477200,0.781849271
1.997680700,0.777988788
1.997884100,0.782128235
1.998087600,0.782267751
1.998291000,0.782407199
1.998494500,0.782546715
1.998697900,0.786686163
1.998901400,0.786825679
1.999104800,0.782965127
1.999308300,0.787104643
1.999511700,0.787244091
1.999715200,0.787383607
1.999918600,0.787523054
2.000122100,0.787662571
2.000325500,0.787802018
2.000529000,0.791941534
2.000732400,0.792080982
2.000935900,0.788220498
2.001139300,0.792359946
2.001342800,0.796499462
2.001546200,0.792638910
2.001749700,0.792778426
2.001953100,0.796917874
2.002156600,0.797057390
2.002360000,0.793196837
2.002563500,0.797336354
2.002766900,0.801475801
2.002970400,0.797615318
2.003173800,0.797754765
2.003377300,0.801894281
2.003580700,0.802033729
2.003784200,0.802173245
2.003987600,0.802312693
2.004191100,0.802452209
2.004394500,0.802591657
2.004598000,0.806731173
2.004801400,0.802870621
2.005004900,0.803010137
2.005208300,0.807149584
2.005411800,0.807289101
2.005615200,0.807428548
2.005818700,0.807568064
2.006022100,0.807707512
2.006225600,0.811847028
2.006429000,0.803986476
2.006632500,0.808125992
2.006835900,0.812265440
2.007039400,0.804404956
2.007242800,0.808544404
2.007446300,0.812683920
2.007649700,0.812823367
2.007853200,0.808962884
2.008056600,0.813102331
2.008260100,0.813241847
2.008463500,0.813381295
2.008667000,0.809520811
2.008870400,0.813660259
2.009073900,0.809799775
2.009277300,0.813939223
2.009480800,0.814078739
2.009684200,0.810218187
2.009887700,0.814357703
2.010091100,0.814497150
2.010294600,0.814636667
2.010498000,0.810776114
2.010701500,0.814915631
2.010904900,0.815055078
2.011108400,0.811194594
2.011311800,0.811334042
2.011515300,0.815473558
2.011718700,0.811613006
2.011922200,0.811752522
2.012125700,0.811892038
2.012329100,0.816031486
2.012532600,0.812171002
2.012736000,0.812310450
2.012939500,0.812449966
2.013142900,0.808589414
2.013346400,0.812728930
2.013549800,0.808868377
2.013753300,0.809007894
2.013956700,0.809147341
2.014160200,0.809286857
2.014363600,0.809426305
2.014567100,0.805565821
2.014770500,0.809705269
2.014974000,0.805844785
2.015177400,0.801984233
2.015380900,0.806123749
2.015584300,0.806263197
2.015787800,0.802402713
2.015991200,0.802542161
2.016194700,0.806681677
2.016398100,0.806821124
2.016601600,0.798960641
2.016805000,0.803100088
2.017008500,0.803239604
2.017211900,0.799379052
2.017415400,0.799518568
2.017618800,0.799658016
2.017822300,0.795797532
2.018025700,0.799936980
2.018229200,0.796076496
2.018432600,0.792215944
2.018636100,0.796355460
2.018839500,0.796494907
2.019043000,0.796634424
2.019246400,0.792773871
2.019449900,0.792913387
2.019653300,0.797052835
2.019856800,0.789192351
2.020060200,0.789331799
2.020263700,0.793471315
2.020467100,0.785610763
2.020670600,0.785750279
2.020874000,0.789889727
2.021077500,0.790029243
2.021280900,0.782168690
2.021484400,0.786308207
2.021687800,0.786447654
2.021891300,0.786587171
2.022094700,0.782726618
2.022298200,0.786866134
2.022501600,0.783005582
2.022705100,0.783145098
2.022908500,0.783284546
2.023112000,0.783424062
2.023315400,0.779563510
2.023518900,0.783703026
2.023722300,0.779842474
2.023925800,0.775981990
2.024129200,0.780121437
2.024332700,0.780260954
2.024536100,0.776400401
2.024739600,0.776539917
2.024943000,0.780679365
2.025146500,0.780818881
2.025349900,0.772958329
2.025553400,0.777097845
2.025756800,0.777237293
2.025960300,0.777376809
2.026163700,0.773516257
2.026367200,0.777655773
2.026570600,0.773795220
2.026774100,0.769934737
2.026977500,0.774074184
2.027181000,0.774213700
2.027384400,0.770353148
2.027587900,0.770492664
2.027791300,0.774632112
2.027994800,0.770771628
2.028198200,0.770911076
2.028401700,0.771050592
2.028605100,0.767190040
2.028808600,0.767329556
2.029012000,0.771469003
2.029215500,0.763608520
2.029418900,0.767747967
2.029622400,0.767887484
2.029825800,0.772026931
2.030029300,0.764166447
2.030232700,0.764305895
2.030436200,0.768445411
2.030639600,0.764584859
2.030843100,0.760724375
2.031046500,0.764863823
2.031250000,0.761003339
2.031453500,0.765142855
2.031656900,0.761282303
2.031860400,0.765421819
2.032063800,0.761561267
2.032267300,0.761700783
2.032470700,0.761840230
2.032674200,0.757979747
2.032877600,0.758119194
2.033081100,0.758258710
2.033284500,0.754398158
2.033488000,0.754537674
2.033691400,0.758677122
2.033894900,0.754816638
2.034098300,0.750956086
2.034301800,0.755095602
2.034505200,0.755235050
2.034708700,0.747374566
2.034912100,0.751514013
2.035115600,0.751653530
2.035319000,0.747792977
2.035522500,0.747932494
2.035725900,0.748071941
2.035929400,0.748211457
2.036132800,0.744350905
2.036336300,0.744490421
2.036539700,0.744629869
2.036743200,0.740769385
2.036946600,0.744908833
2.037150100,0.741048349
2.037353500,0.737187797
2.037557000,0.741327313
2.037760400,0.741466760
2.037963900,0.733606277
2.038167300,0.737745724
2.038370800,0.737885240
2.038574200,0.734024688
2.038777700,0.730164204
2.038981100,0.734303652
2.039184600,0.734443168
2.039388000,0.726582616
2.039591500,0.730722132
2.039794900,0.730861580
2.039998400,0.727001096
2.040201800,0.727140543
2.040405300,0.727280060
2.040608700,0.731419507
2.040812200,0.727559023
2.041015600,0.723698471
2.041219100,0.727837987
2.041422500,0.723977435
2.041626000,0.724116951
2.041829400,0.724256399
2.042032900,0.720395915
2.042236300,0.720535363
2.042439800,0.724674879
2.042643200,0.720814327
2.042846700,0.716953843
2.043050100,0.721093290
2.043253600,0.725232807
2.043457000,0.717372254
2.043660500,0.717511770
2.043863900,0.721651218
2.044067400,0.713790734
2.044270800,0.713930182
2.044474300,0.718069698
2.044677700,0.722209146
2.044881200,0.714348662
2.045084600,0.714488110
2.045288100,0.718627626
2.045491500,0.714767073
2.045695000,0.714906590
2.045898400,0.715046037
2.046101900,0.711185553
2.046305300,0.715325001
2.046508800,0.711464517
2.046712200,0.715603965
2.046915700,0.711743481
2.047119100,0.715882929
2.047322600,0.712022445
2.047526000,0.708161893
2.047729500,0.712301409
2.047932900,0.712440856
2.048136400,0.708580373
2.048339800,0.708719820
2.048543300,0.712859337
2.048746700,0.704998784
2.048950200,0.705138300
2.049153600,0.709277748
2.049357100,0.709417264
2.049560500,0.701556712
2.049764000,0.705696228
2.049967400,0.705835676
2.050170900,0.701975192
2.050374300,0.702114640
2.050577800,0.702254156
2.050781200,0.698393603
2.050984700,0.702533120
2.051188200,0.698672636
2.051391600,0.702812083
2.051595100,0.698951600
2.051798500,0.699091047
2.052002000,0.699230563
2.052205400,0.695370011
2.052408900,0.695509527
2.052612300,0.699648975
2.052815800,0.691788491
2.053019200,0.691927939
2.053222700,0.696067455
2.053426100,0.692206903
2.053629600,0.688346419
2.053833000,0.688485866
2.054036500,0.692625383
2.054239900,0.684764830
2.054443400,0.684904347
2.054646800,0.685043794
2.054850300,0.681183310
2.055053700,0.681322758
2.055257200,0.681462274
2.055460600,0.685601722
2.055664100,0.677741238
2.055867500,0.677880686
2.056071000,0.678020202
2.056274400,0.674159650
2.056477900,0.674299166
2.056681300,0.674438613
2.056884800,0.670578130
2.057088200,0.670717577
2.057291700,0.670857093
2.057495100,0.662996541
2.057698600,0.667136057
2.057902000,0.667275505
2.058105500,0.667415021
2.058308900,0.659554469
2.058512400,0.663693985
2.058715800,0.663833433
2.058919300,0.655972949
2.059122700,0.660112396
2.059326200,0.660251913
2.059529600,0.656391360
2.059733100,0.652530876
2.059936500,0.656670324
2.060140000,0.656809840
2.060343400,0.652949288
2.060546900,0.649088804
2.060750300,0.653228252
2.060953800,0.649367768
2.061157200,0.649507216
2.061360700,0.645646732
2.061564100,0.641786179
2.061767600,0.645925696
2.061971000,0.642065143
2.062174500,0.646204660
2.062377900,0.642344107
2.062581400,0.642483623
2.062784800,0.638623071
2.062988300,0.634762587
2.063191700,0.638902035
2.063395200,0.639041551
2.063598600,0.631180999
2.063802100,0.635320515
2.064005500,0.635459963
2.064209000,0.639599479
2.064412400,0.627738926
2.064615900,0.631878443
2.064819300,0.632017890
2.065022800,0.628157406
2.065226200,0.628296854
2.065429700,0.628436370
2.065633100,0.624575818
2.065836600,0.624715334
2.066040000,0.624854782
2.066243500,0.620994298
2.066446900,0.621133746
2.066650400,0.621273262
2.066853800,0.621412709
2.067057300,0.617552226
2.067260700,0.621691673
2.067464200,0.617831190
2.067667600,0.613970637
2.067871100,0.618110153
2.068074500,0.618249601
2.068278000,0.610389117
2.068481400,0.614528565
2.068684900,0.614668081
2.068888300,0.614807529
2.069091800,0.606947045
2.069295200,0.611086493
2.069498700,0.611226009
2.069702100,0.603365456
2.069905600,0.607504973
2.070109000,0.607644420
2.070312500,0.603783936
2.070516000,0.603923453
2.070719400,0.604062900
2.070922900,0.608202416
2.071126300,0.600341864
2.071329800,0.600481380
2.071533200,0.600620828
2.071736700,0.596760344
2.071940100,0.600899792
2.072143600,0.597039308
2.072347000,0.593178756
2.072550500,0.597318272
2.072753900,0.593457719
2.072957400,0.597597236
2.073160800,0.593736683
2.073364300,0.593876200
2.073567700,0.594015647
2.073771200,0.586155163
2.073974600,0.590294611
2.074178100,0.590434127
2.074381500,0.582573575
2.074585000,0.586713091
2.074788400,0.586852539
2.074991900,0.590992055
2.075195300,0.583131503
2.075398800,0.583271019
2.075602200,0.587410466
2.075805700,0.579549983
2.076009100,0.579689430
2.076212600,0.579828946
2.076416000,0.575968394
2.076619500,0.576107910
2.076822900,0.576247358
2.077026400,0.572386874
2.077229800,0.576526322
2.077433300,0.572665838
2.077636700,0.572805286
2.077840200,0.568944802
2.078043600,0.573084249
2.078247100,0.569223766
2.078450500,0.565363213
2.078654000,0.569502729
2.078857400,0.569642177
2.079060900,0.561781693
2.079264300,0.561921141
2.079467800,0.566060657
2.079671200,0.562200105
2.079874700,0.558339621
2.080078100,0.562479069
2.080281600,0.562618585
2.080485000,0.554758032
2.080688500,0.554897549
2.080891900,0.559036996
2.081095400,0.555176513
2.081298800,0.551315960
2.081502300,0.555455476
2.081705700,0.555594924
2.081909200,0.551734440
2.082112600,0.547873888
2.082316100,0.552013404
2.082519500,0.548152852
2.082723000,0.544292368
2.082926400,0.544431816
2.083129900,0.540571332
2.083333300,0.544710779
2.083536800,0.540850296
2.083740200,0.544989743
2.083943700,0.541129259
2.084147100,0.541268707
2.084350600,0.541408223
2.084554000,0.533547671
2.084757500,0.537687187
2.084960900,0.537826635
2.085164400,0.529966151
2.085367800,0.534105599
2.085571300,0.534245115
2.085774700,0.526384562
2.085978200,0.530524079
2.086181600,0.530663526
2.086385100,0.534803042
2.086588500,0.526942490
2.086792000,0.527082006
2.086995400,0.531221454
2.087198900,0.527360970
2.087402300,0.523500418
2.087605800,0.527639934
2.087809200,0.523779382
2.088012700,0.523918898
2.088216100,0.524058346
2.088419600,0.524197862
2.088623000,0.524337309
2.088826500,0.520476826
2.089029900,0.524616273
2.089233400,0.520755789
2.089436800,0.520895237
2.089640300,0.521034753
2.089843700,0.517174201
2.090047200,0.521313717
2.090250700,0.521453233
2.090454100,0.521592681
2.090657600,0.517732197
2.090861000,0.521871645
2.091064500,0.518011161
2.091267900,0.514150609
2.091471400,0.518290125
2.091674800,0.522429572
2.091878300,0.514569089
2.092081700,0.518708536
2.092285200,0.518848052
2.092488600,0.522987500
2.092692100,0.515127016
2.092895500,0.519266464
2.093099000,0.519405980
2.093302400,0.519545428
2.093505900,0.515684944
2.093709300,0.519824392
2.093912800,0.515963908
2.094116200,0.516103356
2.094319700,0.520242872
2.094523100,0.520382319
2.094726600,0.516521836
2.094930000,0.516661283
2.095133500,0.520800799
2.095336900,0.516940247
2.095540400,0.521079763
2.095743800,0.517219211
2.095947300,0.517358727
2.096150700,0.517498175
2.096354200,0.517637691
2.096557600,0.513777139
2.096761100,0.517916655
2.096964500,0.522056102
2.097168000,0.518195619
2.097371400,0.518335066
2.097574900,0.518474582
2.097778300,0.522614030
2.097981800,0.514753546
2.098185200,0.518892994
2.098388700,0.519032510
2.098592100,0.519171958
2.098795600,0.515311474
2.098999000,0.519450922
2.099202500,0.519590438
2.099405900,0.515729885
2.099609400,0.515869402
2.099812800,0.520008849
2.100016300,0.516148366
2.100219700,0.516287813
2.100423200,0.516427329
2.100626600,0.516566777
2.100830100,0.516706293
2.101033500,0.516845741
2.101237000,0.516985257
2.101440400,0.517124705
2.101643900,0.513264221
2.101847300,0.517403669
2.102050800,0.513543185
2.102254200,0.513682632
2.102457700,0.513822149
2.102661100,0.509961596
2.102864600,0.514101112
2.103068000,0.514240560
2.103271500,0.514380076
2.103474900,0.510519524
2.103678400,0.510659040
2.103881800,0.510798488
2.104085300,0.506938004
2.104288700,0.511077452
2.104492200,0.511216968
2.104695600,0.503356415
2.104899100,0.507495932
2.105102500,0.507635379
2.105306000,0.503774895
2.105509400,0.503914343
2.105712900,0.504053859
2.105916300,0.508193307
2.106119800,0.500332823
2.106323200,0.500472271
2.106526700,0.504611787
2.106730100,0.500751235
2.106933600,0.496890751
2.107137000,0.501030198
2.107340500,0.497169715
2.107543900,0.497309162
2.107747400,0.497448679
2.107950800,0.497588126
2.108154300,0.493727642
2.108357700,0.493867090
2.108561200,0.494006606
2.108764600,0.490146054
2.108968100,0.490285570
2.109171500,0.490425018
2.109375000,0.486564534
2.109578500,0.486704050
2.109781900,0.490843498
2.109985400,0.486983014
2.110188800,0.483122462
2.110392300,0.487261978
2.110595700,0.483401425
2.110799200,0.479540942
2.111002600,0.483680389
2.111206100,0.483819905
2.111409500,0.475959353
2.111613000,0.480098869
2.111816400,0.480238317
2.112019900,0.484377833
2.112223300,0.476517281
2.112426800,0.476656797
2.112630200,0.480796245
2.112833700,0.472935761
2.113037100,0.473075208
2.113240600,0.477214725
2.113444000,0.473354172
2.113647500,0.469493689
2.113850900,0.473633136
2.114054400,0.469772652
2.114257800,0.469912100
2.114461300,0.470051616
2.114664700,0.470191064
2.114868200,0.470330580
2.115071600,0.466470028
2.115275100,0.470609544
2.115478500,0.466748992
2.115682000,0.466888508
2.115885400,0.467027955
2.116088900,0.463167472
2.116292300,0.467306919
2.116495800,0.467446435
2.116699200,0.467585883
2.116902700,0.463725399
2.117106100,0.463864847
2.117309600,0.464004363
2.117513000,0.460143811
2.117716500,0.464283327
2.117919900,0.464422775
2.118123400,0.460562291
2.118326800,0.460701738
2.118530300,0.464841255
2.118733700,0.460980702
2.118937200,0.461120219
2.119140600,0.461259666
2.119344100,0.465399182
2.119547500,0.457538630
2.119751000,0.461678146
2.119954400,0.461817594
2.120157900,0.457957110
2.120361300,0.458096558
2.120564800,0.462236074
2.120768200,0.462375522
2.120971700,0.454515038
2.121175100,0.458654485
2.121378600,0.462794002
2.121582000,0.458933449
2.121785500,0.455072965
2.121988900,0.459212413
2.122192400,0.455351929
2.122395800,0.455491377
2.122599300,0.455630893
2.122802700,0.459770341
2.123006200,0.455909857
2.123209600,0.452049305
2.123413100,0.456188821
2.123616500,0.452328268
2.123820000,0.456467785
2.124023400,0.452607232
2.124226900,0.448746748
2.124430300,0.452886196
2.124633800,0.449025712
2.124837200,0.445165160
2.125040700,0.449304676
2.125244100,0.449444124
2.125447600,0.449583640
2.125651000,0.445723088
2.125854500,0.445862604
2.126057900,0.450002051
2.126261400,0.442141568
2.126464800,0.442281015
2.126668300,0.446420532
2.126871700,0.434559979
2.127075200,0.438699495
2.127278600,0.438838943
2.127482100,0.442978459
2.127685500,0.431117907
2.127889000,0.435257423
2.128092400,0.435396871
2.128295900,0.427536387
2.128499300,0.427675835
2.128702800,0.431815351
2.128906200,0.427954798
2.129109700,0.424094315
2.129313200,0.424233831
2.129516600,0.428373278
2.129720100,0.416512795
2.129923500,0.420652242
2.130127000,0.420791758
2.130330400,0.416931206
2.130533900,0.413070722
2.130737300,0.413210170
2.130940800,0.409349686
2.131144200,0.409489134
2.131347700,0.405628650
2.131551100,0.409768098
2.131754600,0.401907614
2.131958000,0.398047061
2.132161500,0.402186578
2.132364900,0.394326025
2.132568400,0.398465542
2.132771800,0.394604989
2.132975300,0.386744505
2.133178700,0.386883953
2.133382200,0.387023469
2.133585600,0.379162917
2.133789100,0.379302433
2.133992500,0.383441881
2.134196000,0.379581397
2.134399400,0.371720845
2.134602900,0.371860361
2.134806300,0.371999808
2.135009800,0.364139325
2.135213200,0.364278772
2.135416700,0.364418288
2.135620100,0.356557736
2.135823600,0.356697252
2.136027000,0.356836700
2.136230500,0.356976216
2.136433900,0.349115664
2.136637400,0.349255180
2.136840800,0.349394628
2.137044300,0.337534144
2.137247700,0.337673591
2.137451200,0.337813108
2.137654600,0.333952555
2.137858100,0.330092071
2.138061500,0.330231519
2.138265000,0.330371035
2.138468400,0.318510483
2.138671900,0.322649999
2.138875300,0.322789447
2.139078800,0.314928963
2.139282200,0.311068411
2.139485700,0.311207927
2.139689100,0.303347375
2.139892600,0.303486891
2.140096000,0.303626338
2.140299500,0.303765855
2.140502900,0.295905302
2.140706400,0.292044818
2.140909800,0.292184266
2.141113300,0.284323782
2.141316700,0.284463230
2.141520200,0.284602746
2.141723600,0.276742194
2.141927100,0.276881710
2.142130500,0.273021158
2.142334000,0.265160674
2.142537400,0.265300121
2.142740900,0.261439638
2.142944300,0.261579085
2.143147800,0.257718601
2.143351200,0.257858049
2.143554700,0.253997565
2.143758100,0.246137013
2.143961600,0.246276529
2.144165000,0.242415977
2.144368500,0.234555493
2.144571900,0.234694941
2.144775400,0.234834457
2.144978800,0.234973904
2.145182300,0.227113421
2.145385700,0.227252868
2.145589200,0.227392385
2.145792600,0.215531832
2.145996100,0.215671348
2.146199500,0.215810796
2.146403000,0.203950312
2.146606400,0.204089760
2.146809900,0.204229276
2.147013300,0.208368724
2.147216800,0.196508240
2.147420200,0.196647688
2.147623700,0.196787204
2.147827100,0.184926651
2.148030600,0.185066168
2.148234000,0.185205615
2.148437500,0.177345131
2.148641000,0.173484648
2.148844400,0.173624095
2.149047900,0.173763611
2.149251300,0.161903059
2.149454800,0.166042575
2.149658200,0.166182023
2.149861700,0.158321539
2.150065100,0.154460987
2.150268600,0.154600503
2.150472000,0.146739951
2.150675500,0.142879467
2.150878900,0.143018914
2.151082400,0.143158431
2.151285800,0.135297878
2.151489300,0.131437395
2.151692700,0.131576842
2.151896200,0.123716358
2.152099600,0.119855806
2.152303100,0.119995322
2.152506500,0.112134770
2.152710000,0.112274286
2.152913400,0.112413734
2.153116900,0.104553250
2.153320300,0.104692698
2.153523800,0.100832214
2.153727200,0.100971661
2.153930700,0.093111178
2.154134100,0.089250625
2.154337600,0.089390141
2.154541000,0.081529589
2.154744500,0.081669105
2.154947900,0.077808553
2.155151400,0.069948069
2.155354800,0.070087517
2.155558300,0.066227033
2.155761700,0.066366481
2.155965200,0.058505997
2.156168600,0.058645444
2.156372100,0.054784961
2.156575500,0.046924408
2.156779000,0.047063924
2.156982400,0.043203372
2.157185900,0.035342888
2.157389300,0.035482336
2.157592800,0.035621852
2.157796200,0.031761300
2.157999700,0.023900816
2.158203100,0.024040264
2.158406600,0.020179780
2.158610000,0.012319227
2.158813500,0.012458744
2.159016900,0.012598191
2.159220400,0.000737708
2.159423800,0.000877155
2.159627300,0.001016671
2.159830700,-0.002843881
2.160034200,-0.010704365
2.160237600,-0.010564917
2.160441100,-0.010425401
2.160644500,-0.022285953
2.160848000,-0.022146437
2.161051400,-0.022006989
2.161254900,-0.033867473
2.161458300,-0.033728026
2.161661800,-0.033588509
2.161865200,-0.041449062
2.162068700,-0.045309546
2.162272100,-0.049170098
2.162475600,-0.049030582
2.162679000,-0.060891134
2.162882500,-0.060751618
2.163085900,-0.060612170
2.163289400,-0.072472654
2.163492800,-0.072333206
2.163696300,-0.072193690
2.163899700,-0.080054243
2.164103200,-0.083914726
2.164306600,-0.083775279
2.164510100,-0.083635762
2.164713500,-0.095496315
2.164917000,-0.095356799
2.165120400,-0.095217351
2.165323900,-0.103077835
2.165527300,-0.106938387
2.165730800,-0.106798871
2.165934200,-0.114659423
2.166137700,-0.118519907
2.166341100,-0.118380459
2.166544600,-0.118240943
2.166748000,-0.126101496
2.166951500,-0.129961979
2.167154900,-0.129822532
2.167358400,-0.137683016
2.167561800,-0.145543568
2.167765300,-0.145404052
2.167968700,-0.153264604
2.168172200,-0.157125088
2.168375700,-0.156985572
2.168579100,-0.156846124
2.168782600,-0.164706608
2.168986000,-0.168567160
2.169189500,-0.168427644
2.169392900,-0.176288196
2.169596400,-0.180148680
2.169799800,-0.180009233
2.170003300,-0.191869716
2.170206700,-0.191730269
2.170410200,-0.195590752
2.170613600,-0.195451305
2.170817100,-0.203311789
2.171020500,-0.207172341
2.171224000,-0.207032825
2.171427400,-0.214893377
2.171630900,-0.218753861
2.171834300,-0.222614413
2.172037800,-0.230474897
2.172241200,-0.230335449
2.172444700,-0.234195933
2.172648100,-0.242056486
2.172851600,-0.241916969
2.173055000,-0.249777522
2.173258500,-0.249638006
2.173461900,-0.257498558
2.173665400,-0.257359042
2.173868800,-0.261219594
2.174072300,-0.273080078
2.174275700,-0.272940630
2.174479200,-0.276801114
2.174682600,-0.284661666
2.174886100,-0.288522150
2.175089500,-0.292382703
2.175293000,-0.292243186
2.175496400,-0.300103739
2.175699900,-0.303964223
2.175903300,-0.307824775
2.176106800,-0.315685259
2.176310200,-0.319545811
2.176513700,-0.323406295
2.176717100,-0.331266847
2.176920600,-0.335127331
2.177124000,-0.338987883
2.177327500,-0.338848367
2.177530900,-0.350708920
2.177734400,-0.350569403
2.177937800,-0.354429956
2.178141300,-0.366290439
2.178344700,-0.366150992
2.178548200,-0.374011476
2.178751600,-0.381872028
2.178955100,-0.385732512
2.179158500,-0.385593064
2.179362000,-0.389453548
2.179565400,-0.401314100
2.179768900,-0.405174584
2.179972300,-0.409035136
2.180175800,-0.420895620
2.180379200,-0.420756173
2.180582700,-0.424616656
2.180786100,-0.436477209
2.180989600,-0.436337693
2.181193000,-0.440198245
2.181396500,-0.456058729
2.181599900,-0.455919281
2.181803400,-0.455779765
2.182006800,-0.463640317
2.182210300,-0.471500801
2.182413700,-0.475361353
2.182617200,-0.479221837
2.182820600,-0.491082390
2.183024100,-0.490942873
2.183227500,-0.490803426
2.183431000,-0.506663910
2.183634400,-0.506524462
2.183837900,-0.510384946
2.184041300,-0.514245498
2.184244800,-0.526105982
2.184448200,-0.525966534
2.184651700,-0.529827018
2.184855100,-0.541687570
2.185058600,-0.541548054
2.185262000,-0.545408606
2.185465500,-0.557269090
2.185668900,-0.557129643
2.185872400,-0.560990126
2.186075800,-0.564850679
2.186279300,-0.572711163
2.186482700,-0.576571715
2.186686200,-0.580432199
2.186889600,-0.588292751
2.187093100,-0.588153235
2.187296500,-0.592013787
2.187500000,-0.603874271
2.187703500,-0.603734755
2.187906900,-0.603595307
2.188110400,-0.607455791
2.188313800,-0.615316343
2.188517300,-0.619176827
2.188720700,-0.623037380
2.188924200,-0.630897863
2.189127600,-0.630758416
2.189331100,-0.630618900
2.189534500,-0.642479452
2.189738000,-0.642339936
2.189941400,-0.642200488
2.190144900,-0.654060972
2.190348300,-0.653921524
2.190551800,-0.653782008
2.190755200,-0.657642560
2.190958700,-0.665503044
2.191162100,-0.665363596
2.191365600,-0.665224080
2.191569000,-0.673084633
2.191772500,-0.672945116
2.191975900,-0.672805669
2.192179400,-0.684666153
2.192382800,-0.684526705
2.192586300,-0.680387189
2.192789700,-0.684247741
2.192993200,-0.692108225
2.193196600,-0.691968777
2.193400100,-0.695829261
2.193603500,-0.699689813
2.193807000,-0.699550297
2.194010400,-0.699410850
2.194213900,-0.707271333
2.194417300,-0.707131886
2.194620800,-0.702992370
2.194824200,-0.706852922
2.195027700,-0.710713406
2.195231100,-0.710573958
2.195434600,-0.714434442
2.195638000,-0.718294994
2.195841500,-0.718155478
2.196044900,-0.714016030
2.196248400,-0.721876514
2.196451800,-0.721737067
2.196655300,-0.721597550
2.196858700,-0.721458103
2.197062200,-0.725318586
2.197265600,-0.725179139
2.197469100,-0.725039623
2.197672500,-0.728900175
2.197876000,-0.728760659
2.198079400,-0.728621211
2.198282900,-0.732481695
2.198486300,-0.728342247
2.198689800,-0.728202731
2.198893200,-0.728063283
2.199096700,-0.731923767
2.199300100,-0.727784320
2.199503600,-0.727644803
2.199707000,-0.731505356
2.199910500,-0.727365840
2.200113900,-0.731226392
2.200317400,-0.731086876
2.200520800,-0.726947428
2.200724300,-0.730807912
2.200927700,-0.730668464
2.201131200,-0.726528948
2.201334600,-0.722389500
2.201538100,-0.722249984
2.201741500,-0.726110537
2.201945000,-0.721971020
2.202148400,-0.721831573
2.202351900,-0.721692057
2.202555300,-0.717552609
2.202758800,-0.717413093
2.202962200,-0.717273645
2.203165700,-0.713134129
2.203369100,-0.712994681
2.203572600,-0.708855165
2.203776000,-0.708715717
2.203979500,-0.704576201
2.204182900,-0.700436754
2.204386400,-0.700297237
2.204589800,-0.696157790
2.204793300,-0.696018273
2.204996700,-0.695878826
2.205200200,-0.687739310
2.205403600,-0.687599862
2.205607100,-0.683460346
2.205810500,-0.683320898
2.206014000,-0.679181382
2.206217400,-0.675041934
2.206420900,-0.670902418
2.206624300,-0.666762970
2.206827800,-0.666623454
2.207031200,-0.662484007
2.207234700,-0.658344490
2.207438200,-0.658204974
2.207641600,-0.650065527
2.207845100,-0.649926010
2.208048500,-0.645786563
2.208252000,-0.641647047
2.208455400,-0.637507599
2.208658900,-0.637368083
2.208862300,-0.633228635
2.209065800,-0.629089119
2.209269200,-0.624949671
2.209472700,-0.620810155
2.209676100,-0.616670707
2.209879600,-0.612531191
2.210083000,-0.612391744
2.210286500,-0.604252227
2.210489900,-0.604112780
2.210693400,-0.599973263
2.210896800,-0.595833816
2.211100300,-0.591694300
2.211303700,-0.591554852
2.211507200,-0.583415336
2.211710600,-0.583275888
2.211914100,-0.579136372
2.212117500,-0.574996924
2.212321000,-0.566857408
2.212524400,-0.566717960
2.212727900,-0.562578444
2.212931300,-0.558438997
2.213134800,-0.554299480
2.213338200,-0.554160033
2.213541700,-0.546020517
2.213745100,-0.545881069
2.213948600,-0.541741553
2.214152000,-0.537602105
2.214355500,-0.533462589
2.214558900,-0.533323141
2.214762400,-0.525183625
2.214965800,-0.521044177
2.215169300,-0.520904661
2.215372700,-0.516765214
2.215576200,-0.512625697
2.215779600,-0.508486250
2.215983100,-0.508346733
2.216186500,-0.500207286
2.216390000,-0.496067770
2.216593400,-0.495928322
2.216796900,-0.491788806
2.217000300,-0.487649358
2.217203800,-0.487509842
2.217407200,-0.483370394
2.217610700,-0.475230878
2.217814100,-0.479091430
2.218017600,-0.474951914
2.218221000,-0.466812467
2.218424500,-0.466672950
2.218627900,-0.462533503
2.218831400,-0.458393987
2.219034800,-0.458254539
2.219238300,-0.454115023
2.219441700,-0.449975575
2.219645200,-0.441836059
2.219848600,-0.445696611
2.220052100,-0.441557095
2.220255500,-0.433417647
2.220459000,-0.437278131
2.220662400,-0.433138684
2.220865900,-0.424999167
2.221069300,-0.424859720
2.221272800,-0.424720204
2.221476200,-0.416580756
2.221679700,-0.416441240
2.221883100,-0.416301792
2.222086600,-0.408162276
2.222290000,-0.408022828
2.222493500,-0.407883312
2.222696900,-0.403743864
2.222900400,-0.399604348
2.223103800,-0.395464901
2.223307300,-0.395325384
2.223510700,-0.395185937
2.223714200,-0.387046420
2.223917600,-0.386906973
2.224121100,-0.382767457
2.224324500,-0.382628009
2.224528000,-0.378488493
2.224731400,-0.374349045
2.224934900,-0.374209529
2.225138300,-0.370070081
2.225341800,-0.369930565
2.225545200,-0.365791117
2.225748700,-0.361651601
2.225952100,-0.361512154
2.226155600,-0.361372637
2.226359000,-0.357233190
2.226562500,-0.357093674
2.226766000,-0.356954157
2.226969400,-0.352814710
2.227172900,-0.344675194
2.227376300,-0.348535746
2.227579800,-0.344396230
2.227783200,-0.340256782
2.227986700,-0.344117266
2.228190100,-0.339977818
2.228393600,-0.335838302
2.228597000,-0.335698854
2.228800500,-0.335559338
2.229003900,-0.331419891
2.229207400,-0.331280374
2.229410800,-0.331140927
2.229614300,-0.327001410
2.229817700,-0.322861963
2.230021200,-0.326722447
2.230224600,-0.322582999
2.230428100,-0.318443483
2.230631500,-0.322304035
2.230835000,-0.318164519
2.231038400,-0.314025071
2.231241900,-0.317885555
2.231445300,-0.313746107
2.231648800,-0.309606591
2.231852200,-0.309467144
2.232055700,-0.309327627
2.232259100,-0.305188180
2.232462600,-0.305048664
2.232666000,-0.304909216
2.232869500,-0.300769700
2.233072900,-0.300630252
2.233276400,-0.300490736
2.233479800,-0.296351288
2.233683300,-0.296211772
2.233886700,-0.296072324
2.234090200,-0.295932808
2.234293600,-0.295793361
2.234497100,-0.291653844
2.234700500,-0.291514397
2.234904000,-0.287374881
2.235107400,-0.287235433
2.235310900,-0.287095917
2.235514300,-0.282956469
2.235717800,-0.282816953
2.235921200,-0.278677505
2.236124700,-0.278537989
2.236328100,-0.278398541
2.236531600,-0.274259025
2.236735000,-0.278119577
2.236938500,-0.277980061
2.237141900,-0.273840614
2.237345400,-0.273701097
2.237548800,-0.273561650
2.237752300,-0.269422134
2.237955700,-0.269282686
2.238159200,-0.269143170
2.238362600,-0.265003722
2.238566100,-0.260864206
2.238769500,-0.264724758
2.238973000,-0.260585242
2.239176400,-0.256445794
2.239379900,-0.260306278
2.239583300,-0.256166831
2.239786800,-0.252027314
2.239990200,-0.255887867
2.240193700,-0.251748351
2.240397100,-0.251608903
2.240600600,-0.251469387
2.240804000,-0.251329939
2.241007500,-0.247190423
2.241210900,-0.247050975
2.241414400,-0.246911459
2.241617800,-0.242772011
2.241821300,-0.242632495
2.242024700,-0.242493048
2.242228200,-0.238353531
2.242431600,-0.238214084
2.242635100,-0.234074567
2.242838500,-0.233935120
2.243042000,-0.233795604
2.243245400,-0.229656156
2.243448900,-0.229516640
2.243652300,-0.229377192
2.243855800,-0.225237676
2.244059200,-0.229098228
2.244262700,-0.228958712
2.244466100,-0.224819264
2.244669600,-0.220679748
2.244873000,-0.220540301
2.245076500,-0.220400784
2.245279900,-0.216261337
2.245483400,-0.216121821
2.245686800,-0.215982373
2.245890300,-0.211842857
2.246093700,-0.211703409
2.246297200,-0.215563893
2.246500700,-0.211424377
2.246704100,-0.207284929
2.246907600,-0.211145413
2.247111000,-0.207005965
2.247314500,-0.202866449
2.247517900,-0.206727001
2.247721400,-0.202587485
2.247924800,-0.202448038
2.248128300,-0.206308521
2.248331700,-0.202169074
2.248535200,-0.198029557
2.248738600,-0.201890110
2.248942100,-0.201750594
2.249145500,-0.197611146
2.249349000,-0.197471630
2.249552400,-0.197332182
2.249755900,-0.197192666
2.249959300,-0.197053218
2.250162800,-0.196913702
2.250366200,-0.192774254
2.250569700,-0.196634738
2.250773100,-0.196495291
2.250976600,-0.192355774
2.251180000,-0.192216327
2.251383500,-0.192076811
2.251586900,-0.191937363
2.251790400,-0.191797847
2.251993800,-0.191658399
2.252197300,-0.191518883
2.252400700,-0.195379435
2.252604200,-0.191239919
2.252807600,-0.191100471
2.253011100,-0.194960955
2.253214500,-0.190821508
2.253418000,-0.186681991
2.253621400,-0.194542544
2.253824900,-0.190403028
2.254028300,-0.190263580
2.254231800,-0.194124064
2.254435200,-0.193984616
2.254638700,-0.189845100
2.254842100,-0.197705652
2.255045600,-0.193566136
2.255249000,-0.193426688
2.255452500,-0.193287172
2.255655900,-0.197147725
2.255859400,-0.193008208
2.256062800,-0.196868761
2.256266300,-0.200729244
2.256469700,-0.196589797
2.256673200,-0.200450281
2.256876600,-0.204310833
2.257080100,-0.200171317
2.257283500,-0.204031869
2.257487000,-0.207892353
2.257690400,-0.203752905
2.257893900,-0.207613389
2.258097300,-0.203473941
2.258300800,-0.207334425
2.258504200,-0.211194978
2.258707700,-0.207055461
2.258911100,-0.210916014
2.259114600,-0.214776498
2.259318000,-0.210637050
2.259521500,-0.218497534
2.259724900,-0.218358086
2.259928400,-0.218218570
2.260131800,-0.218079122
2.260335300,-0.225939606
2.260538700,-0.221800158
2.260742200,-0.225660642
2.260945600,-0.229521195
2.261149100,-0.229381678
2.261352500,-0.229242231
2.261556000,-0.237102715
2.261759400,-0.232963267
2.261962900,-0.236823751
2.262166300,-0.236684303
2.262369800,-0.240544787
2.262573200,-0.244405339
2.262776700,-0.240265823
2.262980100,-0.248126375
2.263183600,-0.247986859
2.263387000,-0.247847411
2.263590500,-0.251707895
2.263793900,-0.255568448
2.263997400,-0.255428931
2.264200800,-0.255289484
2.264404300,-0.263149968
2.264607700,-0.263010520
2.264811200,-0.258871004
2.265014600,-0.270731556
2.265218100,-0.270592040
2.265421500,-0.266452592
2.265625000,-0.278313076
2.265828500,-0.274173560
2.266031900,-0.274034112
2.266235400,-0.277894596
2.266438800,-0.281755148
2.266642300,-0.281615632
2.266845700,-0.285476185
2.267049200,-0.289336668
2.267252600,-0.289197221
2.267456100,-0.293057704
2.267659500,-0.296918257
2.267863000,-0.296778741
2.268066400,-0.296639293
2.268269900,-0.304499777
2.268473300,-0.304360329
2.268676800,-0.304220813
2.268880200,-0.304081365
2.269083700,-0.307941849
2.269287100,-0.311802401
2.269490600,-0.311662885
2.269694000,-0.319523438
2.269897500,-0.319383921
2.270100900,-0.319244474
2.270304400,-0.327104958
2.270507800,-0.326965510
2.270711300,-0.326825994
2.270914700,-0.326686546
2.271118200,-0.334547030
2.271321600,-0.330407582
2.271525100,-0.334268066
2.271728500,-0.342128618
2.271932000,-0.337989102
2.272135400,-0.341849655
2.272338900,-0.345710138
2.272542300,-0.345570691
2.272745800,-0.349431175
2.272949200,-0.349291727
2.273152700,-0.353152211
2.273356100,-0.357012763
2.273559600,-0.352873247
2.273763000,-0.360733799
2.273966500,-0.364594283
2.274169900,-0.360454835
2.274373400,-0.368315319
2.274576800,-0.372175872
2.274780300,-0.368036355
2.274983700,-0.367896908
2.275187200,-0.379757391
2.275390600,-0.375617944
2.275594100,-0.379478428
2.275797500,-0.387338980
2.276001000,-0.383199464
2.276204400,-0.387060016
2.276407900,-0.394920500
2.276611300,-0.394781052
2.276814800,-0.394641536
2.277018200,-0.402502088
2.277221700,-0.402362572
2.277425100,-0.406223125
2.277628600,-0.402083608
2.277832000,-0.409944161
2.278035500,-0.413804645
2.278238900,-0.413665197
2.278442400,-0.417525681
2.278645800,-0.421386233
2.278849300,-0.421246717
2.279052700,-0.429107269
2.279256200,-0.432967753
2.279459600,-0.432828305
2.279663100,-0.432688789
2.279866500,-0.440549342
2.280070000,-0.440409825
2.280273400,-0.444270378
2.280476900,-0.452130862
2.280680300,-0.451991414
2.280883800,-0.455851898
2.281087200,-0.463712450
2.281290700,-0.463572934
2.281494100,-0.467433486
2.281697600,-0.467293970
2.281901000,-0.475154522
2.282104500,-0.479015006
2.282307900,-0.478875559
2.282511400,-0.486736042
2.282714800,-0.490596595
2.282918300,-0.490457078
2.283121700,-0.498317631
2.283325200,-0.502178115
2.283528600,-0.506038667
2.283732100,-0.509899151
2.283935500,-0.517759703
2.284139000,-0.517620187
2.284342400,-0.521480739
2.284545900,-0.529341223
2.284749300,-0.533201775
2.284952800,-0.537062259
2.285156200,-0.544922812
2.285359700,-0.544783295
2.285563200,-0.552643779
2.285766600,-0.560504332
2.285970100,-0.560364815
2.286173500,-0.564225368
2.286377000,-0.568085852
2.286580400,-0.575946404
2.286783900,-0.583806888
2.286987300,-0.583667440
2.287190800,-0.595527924
2.287394200,-0.599388476
2.287597700,-0.599248960
2.287801100,-0.615109512
2.288004600,-0.614969996
2.288208000,-0.614830548
2.288411500,-0.622691032
2.288614900,-0.630551585
2.288818400,-0.634412068
2.289021800,-0.638272621
2.289225300,-0.650133105
2.289428700,-0.649993657
2.289632200,-0.657854141
2.289835600,-0.669714693
2.290039100,-0.669575177
2.290242500,-0.677435729
2.290446000,-0.677296213
2.290649400,-0.693156765
2.290852900,-0.693017249
2.291056300,-0.696877802
2.291259800,-0.712738285
2.291463200,-0.716598838
2.291666700,-0.716459322
2.291870100,-0.732319874
2.292073600,-0.736180358
2.292277000,-0.736040910
2.292480500,-0.743901394
2.292683900,-0.755761946
2.292887400,-0.759622430
2.293090800,-0.763482982
2.293294300,-0.779343466
2.293497700,-0.783204019
2.293701200,-0.787064502
2.293904600,-0.802925055
2.294108100,-0.806785538
2.294311500,-0.810646091
2.294515000,-0.814506575
2.294718400,-0.830367127
2.294921900,-0.834227611
2.295125300,-0.838088163
2.295328800,-0.853948647
2.295532200,-0.857809199
2.295735700,-0.861669683
2.295939100,-0.881530235
2.296142600,-0.881390719
2.296346000,-0.889251272
2.296549500,-0.905111755
2.296752900,-0.908972308
2.296956400,-0.916832792
2.297159800,-0.916693344
2.297363300,-0.932553828
2.297566700,-0.940414380
2.297770200,-0.944274864
2.297973600,-0.960135416
2.298177100,-0.967995900
2.298380500,-0.967856452
2.298584000,-0.987716936
2.298787400,-0.991577489
2.298990900,-0.995437972
2.299194300,-1.003298525
2.299397800,-1.019159009
2.299601200,-1.023019561
2.299804700,-1.030880045
2.300008100,-1.046740597
2.300211600,-1.050601081
2.300415000,-1.058461633
2.300618500,-1.074322117
2.300821900,-1.082182669
2.301025400,-1.082043153
2.301228800,-1.085903706
2.301432300,-1.105764189
2.301635700,-1.109624742
2.301839200,-1.113485225
2.302042600,-1.133345778
2.302246100,-1.137206262
2.302449500,-1.141066814
2.302653000,-1.160927298
2.302856400,-1.164787850
2.303059900,-1.172648334
2.303263300,-1.176508886
2.303466800,-1.192369370
2.303670200,-1.200229922
2.303873700,-1.204090406
2.304077100,-1.219950959
2.304280600,-1.227811442
2.304484000,-1.231671995
2.304687500,-1.247532479
2.304891000,-1.255392962
2.305094400,-1.259253515
2.305297900,-1.279113999
2.305501300,-1.282974551
2.305704800,-1.286835035
2.305908200,-1.294695587
2.306111700,-1.310556071
2.306315100,-1.314416623
2.306518600,-1.322277107
2.306722000,-1.342137659
2.306925500,-1.345998143
2.307128900,-1.353858696
2.307332400,-1.369719179
2.307535800,-1.377579732
2.307739300,-1.381440215
2.307942700,-1.385300768
2.308146200,-1.405161252
2.308349600,-1.409021804
2.308553100,-1.412882288
2.308756500,-1.432742840
2.308960000,-1.436603324
2.309163400,-1.444463876
2.309366900,-1.460324360
2.309570300,-1.468184912
2.309773800,-1.476045396
2.309977200,-1.479905949
2.310180700,-1.495766432
2.310384100,-1.503626985
2.310587600,-1.507487469
2.310791000,-1.523348021
2.310994500,-1.531208505
2.311197900,-1.539069057
2.311401400,-1.558929541
2.311604800,-1.562790093
2.311808300,-1.566650577
2.312011700,-1.574511129
2.312215200,-1.590371613
2.312418600,-1.594232166
2.312622100,-1.606092649
2.312825500,-1.621953202
2.313029000,-1.629813686
2.313232400,-1.633674238
2.313435900,-1.649534722
2.313639300,-1.661395274
2.313842800,-1.665255758
2.314046200,-1.681116310
2.314249700,-1.688976794
2.314453100,-1.692837346
2.314656600,-1.696697830
2.314860000,-1.720558382
2.315063500,-1.724418866
2.315266900,-1.732279419
2.315470400,-1.748139902
2.315673800,-1.756000455
2.315877300,-1.763860939
2.316080700,-1.779721491
2.316284200,-1.783581975
2.316487600,-1.795442527
2.316691100,-1.799303011
2.316894500,-1.819163563
2.317098000,-1.823024047
2.317301400,-1.830884599
2.317504900,-1.850745083
2.317708300,-1.854605636
2.317911800,-1.858466119
2.318115200,-1.882326672
2.318318700,-1.886187156
2.318522100,-1.894047708
2.318725600,-1.901908192
2.318929000,-1.917768744
2.319132500,-1.925629228
2.319335900,-1.929489780
2.319539400,-1.949350264
2.319742800,-1.957210816
2.319946300,-1.961071300
2.320149700,-1.984931853
2.320353200,-1.988792336
2.320556600,-1.992652889
2.320760100,-2.004513372
2.320963500,-2.020373925
2.321167000,-2.024234409
2.321370400,-2.036094961
2.321573900,-2.051955445
2.321777300,-2.059815997
2.321980800,-2.067676481
2.322184200,-2.083537033
2.322387700,-2.091397517
2.322591100,-2.099258069
2.322794600,-2.103118553
2.322998000,-2.122979106
2.323201500,-2.130839589
2.323404900,-2.138700142
2.323608400,-2.154560626
2.323811800,-2.162421178
2.324015300,-2.170281662
2.324218700,-2.186142214
2.324422200,-2.198002698
2.324625700,-2.201863182
2.324829100,-2.217723734
2.325032600,-2.229584218
2.325236000,-2.233444770
2.325439500,-2.237305254
2.325642900,-2.261165806
2.325846400,-2.265026290
2.326049800,-2.272886843
2.326253300,-2.292747326
2.326456700,-2.296607879
2.326660200,-2.304468362
2.326863600,-2.324328915
2.327067100,-2.328189399
2.327270500,-2.336049951
2.327474000,-2.339910435
2.327677400,-2.363770987
2.327880900,-2.367631471
2.328084300,-2.371492023
2.328287800,-2.391352507
2.328491200,-2.395213059
2.328694700,-2.403073543
2.328898100,-2.422934096
2.329101600,-2.426794579
2.329305000,-2.434655132
2.329508500,-2.438515616
2.329711900,-2.458376168
2.329915400,-2.466236652
2.330118800,-2.470097204
2.330322300,-2.489957688
2.330525700,-2.493818240
2.330729200,-2.497678724
2.330932600,-2.517539276
2.331136100,-2.521399760
2.331339500,-2.525260313
2.331543000,-2.533120796
2.331746400,-2.548981349
2.331949900,-2.556841833
2.332153300,-2.560702385
2.332356800,-2.576562869
2.332560200,-2.584423421
2.332763700,-2.588283905
2.332967100,-2.608144457
2.333170600,-2.612004941
2.333374000,-2.615865493
2.333577500,-2.635725977
2.333780900,-2.639586529
2.333984400,-2.643447013
2.334187800,-2.651307566
2.334391300,-2.663168049
2.334594700,-2.671028602
2.334798200,-2.674889086
2.335001600,-2.690749638
2.335205100,-2.694610122
2.335408500,-2.698470674
2.335612000,-2.718331158
2.335815400,-2.718191710
2.336018900,-2.722052194
2.336222300,-2.729912746
2.336425800,-2.741773230
2.336629200,-2.745633783
2.336832700,-2.753494266
2.337036100,-2.765354819
2.337239600,-2.773215303
2.337443000,-2.773075855
2.337646500,-2.788936339
2.337849900,-2.792796891
2.338053400,-2.796657375
2.338256800,-2.800517927
2.338460300,-2.812378411
2.338663700,-2.816238963
2.338867200,-2.820099447
2.339070600,-2.835960000
2.339274100,-2.839820483
2.339477500,-2.839681036
2.339681000,-2.851541519
2.339884400,-2.859402072
2.340087900,-2.859262556
2.340291300,-2.863123108
2.340494800,-2.874983592
2.340698200,-2.878844144
2.340901700,-2.882704628
2.341105100,-2.894565180
2.341308600,-2.894425664
2.341512000,-2.898286216
2.341715500,-2.910146700
2.341918900,-2.914007253
2.342122400,-2.917867736
2.342325800,-2.917728289
2.342529300,-2.929588773
2.342732700,-2.929449325
2.342936200,-2.937309809
2.343139600,-2.945170361
2.343343100,-2.945030845
2.343546500,-2.948891397
2.343750000,-2.956751881
2.343953500,-2.956612365
2.344156900,-2.960472917
2.344360400,-2.972333401
2.344563800,-2.976193953
2.344767300,-2.976054437
2.344970700,-2.975914990
2.345174200,-2.987775473
2.345377600,-2.987636026
2.345581100,-2.991496509
2.345784500,-2.995357062
2.345988000,-2.995217546
2.346191400,-2.999078098
2.346394900,-3.006938582
2.346598300,-3.010799134
2.346801800,-3.010659618
2.347005200,-3.010520170
2.347208700,-3.018380654
2.347412100,-3.018241206
2.347615600,-3.022101690
2.347819000,-3.025962243
2.348022500,-3.025822726
2.348225900,-3.029683279
2.348429400,-3.037543763
2.348632800,-3.037404315
2.348836300,-3.037264799
2.349039700,-3.037125351
2.349243200,-3.044985835
2.349446600,-3.044846387
2.349650100,-3.044706871
2.349853500,-3.052567423
2.350057000,-3.048427907
2.350260400,-3.052288460
2.350463900,-3.056148943
2.350667300,-3.060009496
2.350870800,-3.059869980
2.351074200,-3.055730532
2.351277700,-3.063591016
2.351481100,-3.063451568
2.351684600,-3.059312052
2.351888000,-3.071172604
2.352091500,-3.067033088
2.352294900,-3.070893640
2.352498400,-3.074754124
2.352701800,-3.070614677
2.352905300,-3.074475160
2.353108700,-3.074335713
2.353312200,-3.078196196
2.353515600,-3.074056749
2.353719100,-3.073917233
2.353922500,-3.081777785
2.354126000,-3.077638269
2.354329400,-3.077498821
2.354532900,-3.081359305
2.354736300,-3.077219857
2.354939800,-3.081080341
2.355143200,-3.080940893
2.355346700,-3.084801377
2.355550100,-3.080661930
2.355753600,-3.076522413
2.355957000,-3.084382966
2.356160500,-3.080243450
2.356363900,-3.080104002
2.356567400,-3.083964486
2.356770800,-3.079825038
2.356974300,-3.079685522
2.357177700,-3.079546074
2.357381200,-3.083406558
2.357584600,-3.079267110
2.357788100,-3.075127594
2.357991500,-3.078988147
2.358195000,-3.074848630
2.358398400,-3.074709183
2.358601900,-3.074569667
2.358805300,-3.074430219
2.359008800,-3.070290703
2.359212200,-3.074151255
2.359415700,-3.074011739
2.359619100,-3.069872291
2.359822600,-3.069732775
2.360026000,-3.069593327
2.360229500,-3.065453811
2.360432900,-3.065314363
2.360636400,-3.061174847
2.360839800,-3.061035400
2.361043300,-3.056895883
2.361246700,-3.056756436
2.361450200,-3.056616920
2.361653600,-3.052477472
2.361857100,-3.056337956
2.362060500,-3.052198508
2.362264000,-3.048058992
2.362467400,-3.047919544
2.362670900,-3.043780028
2.362874300,-3.043640580
2.363077800,-3.039501064
2.363281200,-3.039361617
2.363484700,-3.039222100
2.363688200,-3.035082584
2.363891600,-3.034943137
2.364095100,-3.030803620
2.364298500,-3.026664173
2.364502000,-3.026524657
2.364705400,-3.026385209
2.364908900,-3.026245693
2.365112300,-3.018106245
2.365315800,-3.017966729
2.365519200,-3.017827281
2.365722700,-3.013687765
2.365926100,-3.017548317
2.366129600,-3.013408801
2.366333000,-3.013269353
2.366536500,-3.005129837
2.366739900,-3.004990390
2.366943400,-3.004850873
2.367146800,-3.000711426
2.367350300,-3.004571910
2.367553700,-3.000432462
2.367757200,-2.996292946
2.367960600,-2.996153498
2.368164100,-2.992013982
2.368367500,-2.991874534
2.368571000,-2.987735018
2.368774400,-2.987595570
2.368977900,-2.987456054
2.369181300,-2.983316607
2.369384800,-2.987177090
2.369588200,-2.983037643
2.369791700,-2.978898127
2.369995100,-2.982758679
2.370198600,-2.978619163
2.370402000,-2.978479715
2.370605500,-2.974340199
2.370808900,-2.978200751
2.371012400,-2.974061235
2.371215800,-2.969921787
2.371419300,-2.973782271
2.371622700,-2.969642824
2.371826200,-2.969503307
2.372029600,-2.969363860
2.372233100,-2.965224343
2.372436500,-2.965084896
2.372640000,-2.964945380
2.372843400,-2.964805932
2.373046900,-2.960666416
2.373250300,-2.956526968
2.373453800,-2.960387452
2.373657200,-2.956248004
2.373860700,-2.956108488
2.374064100,-2.959969040
2.374267600,-2.959829524
2.374471000,-2.955690077
2.374674500,-2.955550560
2.374877900,-2.955411113
2.375081400,-2.951271597
2.375284800,-2.955132149
2.375488300,-2.954992633
2.375691700,-2.950853185
2.375895200,-2.950713669
2.376098600,-2.950574221
2.376302100,-2.954434705
2.376505500,-2.950295257
2.376709000,-2.954155741
2.376912400,-2.950016294
2.377115900,-2.945876777
2.377319300,-2.949737330
2.377522800,-2.949597814
2.377726200,-2.949458366
2.377929700,-2.945318850
2.378133100,-2.949179402
2.378336600,-2.949039886
2.378540000,-2.944900438
2.378743500,-2.948760922
2.378946900,-2.948621474
2.379150400,-2.948481958
2.379353800,-2.944342511
2.379557300,-2.944202994
2.379760700,-2.944063547
2.379964200,-2.939924030
2.380167600,-2.947784583
2.380371100,-2.943645067
2.380574500,-2.939505619
2.380778000,-2.943366103
2.380981400,-2.939226655
2.381184900,-2.943087139
2.381388300,-2.942947691
2.381591800,-2.942808175
2.381795200,-2.938668727
2.381998700,-2.934529211
2.382202100,-2.938389764
2.382405600,-2.938250247
2.382609000,-2.938110800
2.382812500,-2.937971284
2.383016000,-2.933831767
2.383219400,-2.933692320
2.383422900,-2.933552804
2.383626300,-2.933413356
2.383829800,-2.929273840
2.384033200,-2.929134392
2.384236700,-2.928994876
2.384440100,-2.924855428
2.384643600,-2.928715912
2.384847000,-2.928576464
2.385050500,-2.928436948
2.385253900,-2.924297500
2.385457400,-2.928157984
2.385660800,-2.924018537
2.385864300,-2.919879020
2.386067700,-2.919739573
2.386271200,-2.919600057
2.386474600,-2.919460609
2.386678100,-2.915321093
2.386881500,-2.919181645
2.387085000,-2.915042129
2.387288400,-2.910902681
2.387491900,-2.914763165
2.387695300,-2.910623717
2.387898800,-2.910484201
2.388102200,-2.906344754
2.388305700,-2.906205237
2.388509100,-2.906065790
2.388712600,-2.897926274
2.388916000,-2.901786826
2.389119500,-2.897647310
2.389322900,-2.897507862
2.389526400,-2.897368346
2.389729800,-2.893228898
2.389933300,-2.893089382
2.390136700,-2.888949934
2.390340200,-2.892810418
2.390543600,-2.888670971
2.390747100,-2.888531454
2.390950500,-2.888392007
2.391154000,-2.884252490
2.391357400,-2.884113043
2.391560900,-2.883973527
2.391764300,-2.883834079
2.391967800,-2.879694563
2.392171200,-2.887555115
2.392374700,-2.883415599
2.392578100,-2.879276151
2.392781600,-2.879136635
2.392985000,-2.878997187
2.393188500,-2.878857671
2.393391900,-2.874718224
2.393595400,-2.878578707
2.393798800,-2.874439260
2.394002300,-2.870299744
2.394205700,-2.878160296
2.394409200,-2.874020780
2.394612600,-2.873881332
2.394816100,-2.869741816
2.395019500,-2.873602368
2.395223000,-2.869462852
2.395426400,-2.865323404
2.395629900,-2.873183888
2.395833300,-2.869044441
2.396036800,-2.868904924
2.396240200,-2.872765477
2.396443700,-2.872625961
2.396647100,-2.868486513
2.396850600,-2.864346997
2.397054000,-2.872207549
2.397257500,-2.868068033
2.397460900,-2.867928585
2.397664400,-2.871789069
2.397867800,-2.871649621
2.398071300,-2.867510105
2.398274700,-2.871370658
2.398478200,-2.871231141
2.398681600,-2.867091694
2.398885100,-2.866952177
2.399088500,-2.870812730
2.399292000,-2.870673214
2.399495400,-2.870533766
2.399698900,-2.870394250
2.399902300,-2.874254802
2.400105800,-2.870115286
2.400309200,-2.877975838
2.400512700,-2.873836322
2.400716100,-2.873696874
2.400919600,-2.877557358
2.401123000,-2.877417911
2.401326500,-2.877278394
2.401529900,-2.873138947
2.401733400,-2.880999431
2.401936800,-2.876859983
2.402140300,-2.880720467
2.402343800,-2.884580951
2.402547200,-2.884441503
2.402750700,-2.880301987
2.402954100,-2.884162539
2.403157600,-2.888023023
2.403361000,-2.883883575
2.403564500,-2.883744059
2.403767900,-2.887604611
2.403971400,-2.891465095
2.404174800,-2.887325648
2.404378300,-2.891186131
2.404581700,-2.895046684
2.404785200,-2.890907167
2.404988600,-2.898767720
2.405192100,-2.894628204
2.405395500,-2.898488756
2.405599000,-2.894349240
2.405802400,-2.902209792
2.406005900,-2.902070276
2.406209300,-2.897930828
2.406412800,-2.905791312
2.406616200,-2.905651864
2.406819700,-2.905512348
2.407023100,-2.909372901
2.407226600,-2.913233384
2.407430000,-2.909093937
2.407633500,-2.912954421
2.407836900,-2.916814973
2.408040400,-2.916675457
2.408243800,-2.916536009
2.408447300,-2.920396493
2.408650700,-2.924257045
2.408854200,-2.920117529
2.409057600,-2.927978081
2.409261100,-2.927838565
2.409464500,-2.927699118
2.409668000,-2.935559601
2.409871400,-2.931420154
2.410074900,-2.935280638
2.410278300,-2.935141190
2.410481800,-2.943001674
2.410685200,-2.938862226
2.410888700,-2.942722710
2.411092100,-2.946583262
2.411295600,-2.946443746
2.411499000,-2.946304298
2.411702500,-2.954164782
2.411905900,-2.954025334
2.412109400,-2.953885818
2.412312800,-2.957746371
2.412516300,-2.961606854
2.412719700,-2.965467407
2.412923200,-2.961327891
2.413126600,-2.969188443
2.413330100,-2.969048927
2.413533500,-2.968909479
2.413737000,-2.976769963
2.413940400,-2.976630515
2.414143900,-2.980490999
2.414347300,-2.976351551
2.414550800,-2.988212035
2.414754200,-2.988072588
2.414957700,-2.983933071
2.415161100,-2.995793624
2.415364600,-2.991654108
2.415568000,-2.995514660
2.415771500,-3.003375144
2.415974900,-3.007235696
2.416178400,-3.003096180
2.416381800,-3.006956732
2.416585300,-3.014817216
2.416788700,-3.010677768
2.416992200,-3.014538252
2.417195600,-3.022398805
2.417399100,-3.026259288
2.417602500,-3.026119841
2.417806000,-3.033980324
2.418009400,-3.033840877
2.418212900,-3.037701361
2.418416300,-3.037561913
2.418619800,-3.045422397
2.418823200,-3.045282949
2.419026700,-3.045143433
2.419230100,-3.057003985
2.419433600,-3.056864469
2.419637000,-3.060725021
2.419840500,-3.068585505
2.420043900,-3.072446058
2.420247400,-3.072306541
2.420450800,-3.080167094
2.420654300,-3.084027578
2.420857700,-3.083888130
2.421061200,-3.087748614
2.421264600,-3.095609166
2.421468100,-3.099469650
2.421671500,-3.099330202
2.421875000,-3.111190686
2.422078500,-3.111051170
2.422281900,-3.114911722
2.422485400,-3.122772206
2.422688800,-3.122632758
2.422892300,-3.130493242
2.423095700,-3.130353795
2.423299200,-3.142214278
2.423502600,-3.142074831
2.423706100,-3.145935314
2.423909500,-3.157795867
2.424113000,-3.161656351
2.424316400,-3.161516903
2.424519900,-3.177377387
2.424723300,-3.177237939
2.424926800,-3.177098423
2.425130200,-3.180958975
2.425333700,-3.192819459
2.425537100,-3.196680011
2.425740600,-3.200540495
2.425944000,-3.212401048
2.426147500,-3.212261531
2.426350900,-3.220122084
2.426554400,-3.231982568
2.426757800,-3.231843120
2.426961300,-3.235703604
2.427164700,-3.239564156
2.427368200,-3.255424640
2.427571600,-3.255285192
2.427775100,-3.259145676
2.427978500,-3.271006228
2.428182000,-3.278866712
2.428385400,-3.278727265
2.428588900,-3.294587748
2.428792300,-3.298448301
2.428995800,-3.298308785
2.429199200,-3.314169337
2.429402700,-3.318029821
2.429606100,-3.325890373
2.429809600,-3.325750857
2.430013000,-3.341611409
2.430216500,-3.345471893
2.430419900,-3.353332445
2.430623400,-3.365192929
2.430826800,-3.369053482
2.431030300,-3.372913965
2.431233700,-3.388774518
2.431437200,-3.392635001
2.431640600,-3.396495554
2.431844100,-3.400356038
2.432047500,-3.416216590
2.432251000,-3.420077074
2.432454400,-3.423937626
2.432657900,-3.443798110
2.432861300,-3.443658662
2.433064800,-3.451519146
2.433268200,-3.463379698
2.433471700,-3.471240182
2.433675100,-3.475100735
2.433878600,-3.478961218
2.434082000,-3.494821771
2.434285500,-3.498682255
2.434488900,-3.506542807
2.434692400,-3.518403291
2.434895800,-3.526263843
2.435099300,-3.530124327
2.435302700,-3.545984879
2.435506200,-3.549845363
2.435709600,-3.557705915
2.435913100,-3.557566399
2.436116500,-3.577426952
2.436320000,-3.581287435
2.436523400,-3.581147988
2.436726900,-3.601008471
2.436930300,-3.604869024
2.437133800,-3.608729508
2.437337200,-3.624590060
2.437540700,-3.628450544
2.437744100,-3.632311096
2.437947600,-3.648171580
2.438151000,-3.652032132
2.438354500,-3.659892616
2.438557900,-3.659753168
2.438761400,-3.679613652
2.438964800,-3.679474205
2.439168300,-3.683334688
2.439371700,-3.699195241
2.439575200,-3.703055725
2.439778600,-3.706916277
2.439982100,-3.718776761
2.440185500,-3.726637313
2.440389000,-3.730497797
2.440592400,-3.734358349
2.440795900,-3.746218833
2.440999300,-3.754079385
2.441202800,-3.753939869
2.441406300,-3.769800353
2.441609700,-3.769660905
2.441813200,-3.777521389
2.442016600,-3.789381942
2.442220100,-3.789242425
2.442423500,-3.793102978
2.442627000,-3.796963461
2.442830400,-3.808824014
2.443033900,-3.808684498
2.443237300,-3.816545050
2.443440800,-3.824405534
2.443644200,-3.828266086
2.443847700,-3.832126570
2.444051100,-3.843987122
2.444254600,-3.843847606
2.444458000,-3.847708158
2.444661500,-3.847568642
2.444864900,-3.863429195
2.445068400,-3.863289678
2.445271800,-3.863150231
2.445475300,-3.875010715
2.445678700,-3.874871267
2.445882200,-3.878731751
2.446085600,-3.886592303
2.446289100,-3.890452787
2.446492500,-3.886313339
2.446696000,-3.890173823
2.446899400,-3.898034375
2.447102900,-3.901894859
2.447306300,-3.901755412
2.447509800,-3.909615895
2.447713200,-3.909476448
2.447916700,-3.913336932
2.448120100,-3.917197484
2.448323600,-3.921057968
2.448527000,-3.920918520
2.448730500,-3.924779004
2.448933900,-3.928639556
2.449137400,-3.928500040
2.449340800,-3.928360592
2.449544300,-3.936221076
2.449747700,-3.936081629
2.449951200,-3.935942112
2.450154600,-3.943802665
2.450358100,-3.939663148
2.450561500,-3.943523701
2.450765000,-3.947384185
2.450968400,-3.951244737
2.451171900,-3.947105221
2.451375300,-3.950965773
2.451578800,-3.954826257
2.451782200,-3.954686809
2.451985700,-3.950547293
2.452189100,-3.958407845
2.452392600,-3.958268329
2.452596000,-3.954128882
2.452799500,-3.961989365
2.453002900,-3.957849918
2.453206400,-3.961710402
2.453409800,-3.957570954
2.453613300,-3.965431438
2.453816700,-3.961291990
2.454020200,-3.961152474
2.454223600,-3.965013026
2.454427100,-3.964873510
2.454630500,-3.964734062
2.454834000,-3.968594546
2.455037400,-3.968455099
2.455240900,-3.968315582
2.455444300,-3.964176135
2.455647800,-3.972036619
2.455851200,-3.967897171
2.456054700,-3.967757655
2.456258100,-3.971618207
2.456461600,-3.971478691
2.456665000,-3.967339243
2.456868500,-3.971199727
2.457071900,-3.971060279
2.457275400,-3.966920763
2.457478800,-3.970781315
2.457682300,-3.970641799
2.457885700,-3.970502352
2.458089200,-3.966362835
2.458292600,-3.970223388
2.458496100,-3.966083872
2.458699500,-3.969944424
2.458903000,-3.969804908
2.459106400,-3.969665460
2.459309900,-3.965525944
2.459513300,-3.973386496
2.459716800,-3.969246980
2.459920200,-3.969107532
2.460123700,-3.964968016
2.460327100,-3.968828569
2.460530600,-3.964689052
2.460734000,-3.968549605
2.460937500,-3.968410089
2.461141000,-3.968270572
2.461344400,-3.964131125
2.461547900,-3.967991609
2.461751300,-3.963852161
2.461954800,-3.963712645
2.462158200,-3.963573197
2.462361700,-3.963433681
2.462565100,-3.963294233
2.462768600,-3.959154717
2.462972000,-3.963015269
2.463175500,-3.958875753
2.463378900,-3.958736305
2.463582400,-3.962596789
2.463785800,-3.962457342
2.463989300,-3.958317825
2.464192700,-3.958178378
2.464396200,-3.958038862
2.464599600,-3.957899414
2.464803100,-3.953759898
2.465006500,-3.957620450
2.465210000,-3.957480934
2.465413400,-3.957341486
2.465616900,-3.957201970
2.465820300,-3.957062522
2.466023800,-3.952923006
2.466227200,-3.952783559
2.466430700,-3.952644042
2.466634100,-3.952504595
2.466837600,-3.948365079
2.467041000,-3.956225631
2.467244500,-3.952086115
2.467447900,-3.951946667
2.467651400,-3.951807151
2.467854800,-3.951667703
2.468058300,-3.947528187
2.468261700,-3.951388739
2.468465200,-3.947249223
2.468668600,-3.943109776
2.468872100,-3.942970259
2.469075500,-3.942830812
2.469279000,-3.946691295
2.469482400,-3.942551848
2.469685900,-3.946412332
2.469889300,-3.942272884
2.470092800,-3.942133368
2.470296200,-3.941993920
2.470499700,-3.941854404
2.470703100,-3.937714956
2.470906600,-3.937575440
2.471110000,-3.937435992
2.471313500,-3.941296476
2.471516900,-3.937157029
2.471720400,-3.941017512
2.471923800,-3.936878065
2.472127300,-3.936738549
2.472330700,-3.936599101
2.472534200,-3.936459585
2.472737600,-3.932320137
2.472941100,-3.932180621
2.473144500,-3.936041173
2.473348000,-3.935901657
2.473551400,-3.931762209
2.473754900,-3.935622693
2.473958300,-3.931483246
2.474161800,-3.931343729
2.474365200,-3.931204282
2.474568700,-3.931064766
2.474772100,-3.930925318
2.474975600,-3.930785802
2.475179000,-3.930646354
2.475382500,-3.930506838
2.475585900,-3.926367390
2.475789400,-3.930227874
2.475992800,-3.930088426
2.476196300,-3.929948910
2.476399700,-3.929809463
2.476603200,-3.929669946
2.476806600,-3.925530499
2.477010100,-3.929390982
2.477213500,-3.929251535
2.477417000,-3.929112019
2.477620400,-3.924972571
2.477823900,-3.928833055
2.478027300,-3.924693607
2.478230800,-3.928554091
2.478434200,-3.928414643
2.478637700,-3.928275127
2.478841100,-3.924135679
2.479044600,-3.931996163
2.479248000,-3.927856716
2.479451500,-3.927717199
2.479654900,-3.923577752
2.479858400,-3.927438236
2.480061800,-3.927298788
2.480265300,-3.927159272
2.480468800,-3.927019756
2.480672200,-3.926880308
2.480875700,-3.926740792
2.481079100,-3.930601344
2.481282600,-3.926461828
2.481486000,-3.926322380
2.481689500,-3.926182864
2.481892900,-3.930043416
2.482096400,-3.925903900
2.482299800,-3.929764453
2.482503300,-3.929624936
2.482706700,-3.929485489
2.482910200,-3.925345972
2.483113600,-3.933206525
2.483317100,-3.929067009
2.483520500,-3.928927561
2.483724000,-3.928788045
2.483927400,-3.932648597
2.484130900,-3.928509081
2.484334300,-3.932369633
2.484537800,-3.932230117
2.484741200,-3.936090669
2.484944700,-3.931951153
2.485148100,-3.935811706
2.485351600,-3.935672189
2.485555000,-3.935532742
2.485758500,-3.939393226
2.485961900,-3.939253778
2.486165400,-3.935114262
2.486368800,-3.938974814
2.486572300,-3.938835298
2.486775700,-3.942695850
2.486979200,-3.938556334
2.487182600,-3.946416886
2.487386100,-3.942277370
2.487589500,-3.942137923
2.487793000,-3.945998406
2.487996400,-3.949858959
2.488199900,-3.945719442
2.488403300,-3.945579995
2.488606800,-3.949440479
2.488810200,-3.953301031
2.489013700,-3.949161515
2.489217100,-3.957022067
2.489420600,-3.952882551
2.489624000,-3.956743103
2.489827500,-3.960603587
2.490030900,-3.960464139
2.490234400,-3.960324623
2.490437800,-3.960185176
2.490641300,-3.964045659
2.490844700,-3.967906212
2.491048200,-3.963766696
2.491251600,-3.975627248
2.491455100,-3.971487732
2.491658500,-3.975348284
2.491862000,-3.979208768
2.492065400,-3.983069320
2.492268900,-3.978929804
2.492472300,-3.982790356
2.492675800,-3.986650840
2.492879200,-3.990511393
2.493082700,-3.986371876
2.493286100,-3.998232429
2.493489600,-3.994092913
2.493693000,-3.997953465
2.493896500,-4.001813949
2.494099900,-4.005674501
2.494303400,-4.005534985
2.494506800,-4.009395537
2.494710300,-4.013256021
2.494913700,-4.017116573
2.495117200,-4.016977057
2.495320600,-4.024837610
2.495524100,-4.024698093
2.495727500,-4.028558646
2.495931000,-4.036419129
2.496134400,-4.040279682
2.496337900,-4.040140166
2.496541300,-4.048000718
2.496744800,-4.047861202
2.496948200,-4.051721754
2.497151700,-4.051582238
2.497355100,-4.063442790
2.497558600,-4.067303274
2.497762000,-4.067163826
2.497965500,-4.079024310
2.498168900,-4.078884863
2.498372400,-4.082745346
2.498575800,-4.090605899
2.498779300,-4.094466383
2.498982700,-4.094326935
2.499186200,-4.098187419
2.499389600,-4.110047971
2.499593100,-4.113908455
2.499796500,-4.113769007
2.500000000,-4.125629491
2.500203500,-4.125489975
2.500406900,-4.129350527
2.500610400,-4.141211011
2.500813800,-4.145071563
2.501017300,-4.144932047
2.501220700,-4.152792600
2.501424200,-4.160653083
2.501627600,-4.164513636
2.501831100,-4.168374119
2.502034500,-4.180234672
2.502238000,-4.180095156
2.502441400,-4.187955708
2.502644900,-4.195816192
2.502848300,-4.203676744
2.503051800,-4.203537228
2.503255200,-4.211397780
2.503458700,-4.219258264
2.503662100,-4.227118816
2.503865600,-4.226979300
2.504069000,-4.242839853
2.504272500,-4.246700336
2.504475900,-4.250560889
2.504679400,-4.266421373
2.504882800,-4.266281925
2.505086300,-4.274142409
2.505289700,-4.286002961
2.505493200,-4.289863445
2.505696600,-4.293723997
2.505900100,-4.297584481
2.506103500,-4.309445033
2.506307000,-4.317305517
2.506510400,-4.317166070
2.506713900,-4.337026553
2.506917300,-4.336887106
2.507120800,-4.344747590
2.507324200,-4.356608142
2.507527700,-4.364468626
2.507731100,-4.364329178
2.507934600,-4.372189662
2.508138000,-4.384050214
2.508341500,-4.391910698
2.508544900,-4.391771250
2.508748400,-4.411631734
2.508951800,-4.411492286
2.509155300,-4.419352770
2.509358700,-4.435213323
2.509562200,-4.439073806
2.509765600,-4.446934359
2.509969100,-4.446794843
2.510172500,-4.466655395
2.510376000,-4.466515879
2.510579400,-4.474376431
2.510782900,-4.490236915
2.510986300,-4.494097467
2.511189800,-4.497957951
2.511393200,-4.513818503
2.511596700,-4.517678987
2.511800100,-4.525539540
2.512003600,-4.529400023
2.512207000,-4.545260576
2.512410500,-4.549121060
2.512613900,-4.556981612
2.512817400,-4.568842096
2.513020800,-4.576702648
2.513224300,-4.580563132
2.513427700,-4.596423684
2.513631200,-4.604284168
2.513834600,-4.608144720
2.514038100,-4.612005204
2.514241500,-4.627865757
2.514445000,-4.635726240
2.514648400,-4.635586793
2.514851900,-4.655447276
2.515055300,-4.659307829
2.515258800,-4.663168313
2.515462200,-4.679028865
2.515665700,-4.686889349
2.515869100,-4.690749901
2.516072600,-4.706610385
2.516276000,-4.710470937
2.516479500,-4.718331421
2.516682900,-4.718191973
2.516886400,-4.738052457
2.517089800,-4.745913010
2.517293300,-4.745773493
2.517496700,-4.765634046
2.517700200,-4.765494530
2.517903600,-4.773355082
2.518107100,-4.785215566
2.518310500,-4.793076118
2.518514000,-4.796936602
2.518717400,-4.800797154
2.518920900,-4.816657638
2.519124300,-4.820518190
2.519327800,-4.824378674
2.519531300,-4.840239158
2.519734700,-4.844099710
2.519938200,-4.847960194
2.520141600,-4.859820747
2.520345100,-4.867681230
2.520548500,-4.871541783
2.520752000,-4.875402266
2.520955400,-4.891262819
2.521158900,-4.891123303
2.521362300,-4.894983855
2.521565800,-4.906844339
2.521769200,-4.914704891
2.521972700,-4.914565375
2.522176100,-4.926425927
2.522379600,-4.930286411
2.522583000,-4.934146963
2.522786500,-4.934007447
2.522989900,-4.945868000
2.523193400,-4.949728483
2.523396800,-4.953589036
2.523600300,-4.965449520
2.523803700,-4.965310072
2.524007200,-4.969170556
2.524210600,-4.977031108
2.524414100,-4.980891592
2.524617500,-4.980752144
2.524821000,-4.988612628
2.525024400,-4.988473180
2.525227900,-4.992333664
2.525431300,-4.992194217
2.525634800,-5.000054700
2.525838200,-4.999915253
2.526041700,-4.999775737
2.526245100,-5.011636289
2.526448600,-5.007496773
2.526652000,-5.011357325
2.526855500,-5.015217809
2.527058900,-5.015078361
2.527262400,-5.014938845
2.527465800,-5.014799397
2.527669300,-5.018659881
2.527872700,-5.018520434
2.528076200,-5.018380917
2.528279600,-5.022241470
2.528483100,-5.018101953
2.528686500,-5.021962506
2.528890000,-5.025822990
2.529093400,-5.021683542
2.529296900,-5.021544026
2.529500300,-5.021404578
2.529703800,-5.025265062
2.529907200,-5.021125614
2.530110700,-5.020986098
2.530314100,-5.020846650
2.530517600,-5.020707134
2.530721000,-5.016567687
2.530924500,-5.020428170
2.531127900,-5.016288723
2.531331400,-5.016149207
2.531534800,-5.016009759
2.531738300,-5.011870243
2.531941700,-5.011730795
2.532145200,-5.007591279
2.532348600,-5.011451831
2.532552100,-5.007312315
2.532755500,-5.007172867
2.532959000,-5.003033351
2.533162400,-5.002893904
2.533365900,-4.998754387
2.533569300,-4.998614940
2.533772800,-4.998475424
2.533976200,-4.994335976
2.534179700,-4.994196460
2.534383100,-4.990057012
2.534586600,-4.989917496
2.534790000,-4.985778048
2.534993500,-4.985638532
2.535196900,-4.981499084
2.535400400,-4.981359568
2.535603800,-4.977220120
2.535807300,-4.977080604
2.536010700,-4.976941157
2.536214200,-4.972801640
2.536417600,-4.972662193
2.536621100,-4.968522677
2.536824500,-4.968383229
2.537028000,-4.964243713
2.537231400,-4.964104265
2.537434900,-4.959964749
2.537638300,-4.959825301
2.537841800,-4.955685785
2.538045200,-4.955546337
2.538248700,-4.955406821
2.538452100,-4.951267374
2.538655600,-4.951127857
2.538859000,-4.946988410
2.539062500,-4.946848894
2.539266000,-4.942709377
2.539469400,-4.942569930
2.539672900,-4.942430413
2.539876300,-4.938290966
2.540079800,-4.934151450
2.540283200,-4.934012002
2.540486700,-4.937872486
2.540690100,-4.933733038
2.540893600,-4.933593522
2.541097000,-4.929454074
2.541300500,-4.929314558
2.541503900,-4.925175110
2.541707400,-4.929035594
2.541910800,-4.924896147
2.542114300,-4.924756630
2.542317700,-4.924617183
2.542521200,-4.924477667
2.542724600,-4.920338219
2.542928100,-4.916198703
2.543131500,-4.920059255
2.543335000,-4.915919739
2.543538400,-4.915780291
2.543741900,-4.915640775
2.543945300,-4.915501327
2.544148800,-4.915361811
2.544352200,-4.915222364
2.544555700,-4.915082847
2.544759100,-4.910943400
2.544962600,-4.910803884
2.545166000,-4.910664436
2.545369500,-4.910524920
2.545572900,-4.906385472
2.545776400,-4.910245956
2.545979800,-4.914106508
2.546183300,-4.909966992
2.546386700,-4.913827544
2.546590200,-4.909688028
2.546793600,-4.909548581
2.546997100,-4.905409064
2.547200500,-4.909269617
2.547404000,-4.905130100
2.547607400,-4.904990653
2.547810900,-4.912851137
2.548014300,-4.908711689
2.548217800,-4.908572173
2.548421200,-4.908432725
2.548624700,-4.908293209
2.548828100,-4.908153761
2.549031600,-4.908014245
2.549235000,-4.907874797
2.549438500,-4.907735281
2.549641900,-4.911595834
2.549845400,-4.911456317
2.550048800,-4.911316870
2.550252300,-4.907177354
2.550455700,-4.915037906
2.550659200,-4.910898390
2.550862600,-4.910758942
2.551066100,-4.910619426
2.551269500,-4.914479978
2.551473000,-4.914340462
2.551676400,-4.914201014
2.551879900,-4.918061498
2.552083300,-4.917922051
2.552286800,-4.917782534
2.552490200,-4.917643087
2.552693700,-4.921503571
2.552897100,-4.921364123
2.553100600,-4.925224607
2.553304000,-4.925085159
2.553507500,-4.920945643
2.553710900,-4.924806195
2.553914400,-4.924666679
2.554117800,-4.928527231
2.554321300,-4.924387715
2.554524700,-4.932248267
2.554728200,-4.932108751
2.554931600,-4.931969304
2.555135100,-4.939829787
2.555338500,-4.935690340
2.555542000,-4.939550824
2.555745400,-4.935411376
2.555948900,-4.943271860
2.556152300,-4.943132412
2.556355800,-4.942992896
2.556559200,-4.950853448
2.556762700,-4.946713932
2.556966100,-4.950574484
2.557169600,-4.954434968
2.557373000,-4.954295521
2.557576500,-4.954156004
2.557779900,-4.954016557
2.557983400,-4.961877041
2.558186800,-4.961737593
2.558390300,-4.965598077
2.558593800,-4.969458561
2.558797200,-4.969319113
2.559000700,-4.969179597
2.559204100,-4.977040149
2.559407600,-4.980900633
2.559611000,-4.976761185
2.559814500,-4.980621669
2.560017900,-4.984482221
2.560221400,-4.988342705
2.560424800,-4.988203257
2.560628300,-4.996063741
2.560831700,-4.999924294
2.561035200,-4.995784777
2.561238600,-5.007645330
2.561442100,-5.003505814
2.561645500,-5.007366366
2.561849000,-5.007226850
2.562052400,-5.015087402
2.562255900,-5.018947886
2.562459300,-5.018808438
2.562662800,-5.026668922
2.562866200,-5.026529474
2.563069700,-5.030389958
2.563273100,-5.038250511
2.563476600,-5.038110994
2.563680000,-5.041971547
2.563883500,-5.049832031
2.564086900,-5.053692583
2.564290400,-5.053553067
2.564493800,-5.053413619
2.564697300,-5.061274103
2.564900700,-5.065134655
2.565104200,-5.068995139
2.565307600,-5.076855691
2.565511100,-5.080716175
2.565714500,-5.080576728
2.565918000,-5.088437211
2.566121400,-5.088297764
2.566324900,-5.092158247
2.566528300,-5.096018800
2.566731800,-5.103879284
2.566935200,-5.107739836
2.567138700,-5.107600320
2.567342100,-5.119460872
2.567545600,-5.119321356
2.567749000,-5.123181908
2.567952500,-5.135042392
2.568155900,-5.134902944
2.568359400,-5.138763428
2.568562800,-5.138623981
2.568766300,-5.150484464
2.568969700,-5.150345017
2.569173200,-5.154205501
2.569376600,-5.162066053
2.569580100,-5.161926537
2.569783500,-5.165787089
2.569987000,-5.173647573
2.570190400,-5.177508125
2.570393900,-5.181368609
2.570597300,-5.181229161
2.570800800,-5.193089645
2.571004200,-5.192950198
2.571207700,-5.196810681
2.571411100,-5.204671234
2.571614600,-5.208531718
2.571818000,-5.212392270
2.572021500,-5.220252754
2.572224900,-5.220113306
2.572428400,-5.219973790
2.572631800,-5.231834342
2.572835300,-5.231694826
2.573038700,-5.235555378
2.573242200,-5.239415862
2.573445600,-5.243276415
2.573649100,-5.247136898
2.573852500,-5.246997451
2.574056000,-5.258857934
2.574259400,-5.262718487
2.574462900,-5.258578971
2.574666300,-5.270439523
2.574869800,-5.270300007
2.575073200,-5.270160559
2.575276700,-5.270021043
2.575480100,-5.281881595
2.575683600,-5.281742079
2.575887000,-5.281602631
2.576090500,-5.289463115
2.576293900,-5.289323668
2.576497400,-5.293184151
2.576700800,-5.301044704
2.576904300,-5.300905188
2.577107700,-5.300765740
2.577311200,-5.300626224
2.577514600,-5.308486776
2.577718100,-5.308347260
2.577921500,-5.308207812
2.578125000,-5.316068296
2.578328500,-5.315928780
2.578531900,-5.319789332
2.578735400,-5.323649816
2.578938800,-5.323510368
2.579142300,-5.327370852
2.579345700,-5.323231405
2.579549200,-5.331091888
2.579752600,-5.330952441
2.579956100,-5.330812924
2.580159500,-5.334673477
2.580363000,-5.334533961
2.580566400,-5.338394513
2.580769900,-5.342254997
2.580973300,-5.342115549
2.581176800,-5.337976033
2.581380200,-5.345836585
2.581583700,-5.349697069
2.581787100,-5.345557621
2.581990600,-5.345418105
2.582194000,-5.349278658
2.582397500,-5.349139141
2.582600900,-5.352999694
2.582804400,-5.352860178
2.583007800,-5.356720730
2.583211300,-5.352581214
2.583414700,-5.356441766
2.583618200,-5.356302250
2.583821600,-5.356162802
2.584025100,-5.356023286
2.584228500,-5.359883838
2.584432000,-5.359744322
2.584635400,-5.355604875
2.584838900,-5.363465358
2.585042300,-5.363325911
2.585245800,-5.359186394
2.585449200,-5.363046947
2.585652700,-5.358907431
2.585856100,-5.358767983
2.586059600,-5.362628467
2.586263000,-5.362489019
2.586466500,-5.362349503
2.586669900,-5.358210055
2.586873400,-5.362070539
2.587076800,-5.361931091
2.587280300,-5.357791575
2.587483700,-5.361652128
2.587687200,-5.357512611
2.587890600,-5.357373164
2.588094100,-5.357233648
2.588297500,-5.353094200
2.588501000,-5.352954684
2.588704400,-5.348815236
2.588907900,-5.352675720
2.589111300,-5.348536272
2.589314800,-5.344396756
2.589518200,-5.348257308
2.589721700,-5.344117792
2.589925100,-5.339978345
2.590128600,-5.335838828
2.590332000,-5.335699381
2.590535500,-5.335559865
2.590738900,-5.331420417
2.590942400,-5.331280901
2.591145800,-5.323141453
2.591349300,-5.323001937
2.591552700,-5.322862489
2.591756200,-5.314722973
2.591959600,-5.314583525
2.592163100,-5.306444009
2.592366500,-5.306304562
2.592570000,-5.302165045
2.592773400,-5.294025598
2.592976900,-5.293886081
2.593180300,-5.285746634
2.593383800,-5.285607118
2.593587200,-5.281467670
2.593790700,-5.273328154
2.593994100,-5.269188706
2.594197600,-5.265049190
2.594401000,-5.260909742
2.594604500,-5.256770226
2.594807900,-5.248630778
2.595011400,-5.244491262
2.595214800,-5.236351815
2.595418300,-5.232212298
2.595621700,-5.228072851
2.595825200,-5.219933335
2.596028600,-5.215793887
2.596232100,-5.207654371
2.596435500,-5.203514923
2.596639000,-5.199375407
2.596842400,-5.187235959
2.597045900,-5.183096443
2.597249300,-5.174956995
2.597452800,-5.170817479
2.597656300,-5.162677963
2.597859700,-5.154538515
2.598063200,-5.150398999
2.598266600,-5.138259552
2.598470100,-5.134120035
2.598673500,-5.129980588
2.598877000,-5.121841071
2.599080400,-5.113701624
2.599283900,-5.109562108
2.599487300,-5.097422660
2.599690800,-5.093283144
2.599894200,-5.085143696
2.600097700,-5.077004180
2.600301100,-5.072864732
2.600504600,-5.060725216
2.600708000,-5.056585768
2.600911500,-5.044446252
2.601114900,-5.040306805
2.601318400,-5.032167288
2.601521800,-5.024027841
2.601725300,-5.015888325
2.601928700,-5.007748877
2.602132200,-4.999609361
2.602335600,-4.995469913
2.602539100,-4.983330397
2.602742500,-4.979190949
2.602946000,-4.967051433
2.603149400,-4.962911985
2.603352900,-4.954772469
2.603556300,-4.946633022
2.603759800,-4.938493505
2.603963200,-4.930354058
2.604166700,-4.922214542
2.604370100,-4.918075094
2.604573600,-4.905935578
2.604777000,-4.901796130
2.604980500,-4.893656614
2.605183900,-4.885517166
2.605387400,-4.877377650
2.605590800,-4.869238202
2.605794300,-4.861098686
2.605997700,-4.856959238
2.606201200,-4.844819722
2.606404600,-4.840680275
2.606608100,-4.828540758
2.606811500,-4.824401311
2.607015000,-4.816261795
2.607218400,-4.808122347
2.607421900,-4.803982831
2.607625300,-4.791843383
2.607828800,-4.783703867
2.608032200,-4.779564419
2.608235700,-4.771424903
2.608439100,-4.763285455
2.608642600,-4.759145939
2.608846000,-4.747006492
2.609049500,-4.742866975
2.609252900,-4.730727528
2.609456400,-4.726588012
2.609659800,-4.718448564
2.609863300,-4.710309048
2.610066700,-4.706169600
2.610270200,-4.694030084
2.610473600,-4.689890636
2.610677100,-4.681751120
2.610880500,-4.673611672
2.611084000,-4.669472156
2.611287400,-4.661332709
2.611490900,-4.653193192
2.611694300,-4.645053745
2.611897800,-4.636914228
2.612101200,-4.632774781
2.612304700,-4.624635265
2.612508100,-4.616495817
2.612711600,-4.612356301
2.612915000,-4.604216853
2.613118500,-4.596077337
2.613321900,-4.587937889
2.613525400,-4.579798373
2.613728800,-4.575658925
2.613932300,-4.567519409
2.614135700,-4.559379962
2.614339200,-4.555240445
2.614542600,-4.543100998
2.614746100,-4.538961482
2.614949500,-4.534822034
2.615153000,-4.522682518
2.615356400,-4.518543070
2.615559900,-4.514403554
2.615763300,-4.502264106
2.615966800,-4.498124590
2.616170200,-4.489985142
2.616373700,-4.481845626
2.616577100,-4.477706179
2.616780600,-4.469566662
2.616984000,-4.461427215
2.617187500,-4.457287699
2.617391000,-4.449148182
2.617594400,-4.441008735
2.617797900,-4.432869218
2.618001300,-4.428729771
2.618204800,-4.420590255
2.618408200,-4.412450807
2.618611700,-4.408311291
2.618815100,-4.404171843
2.619018600,-4.392032327
2.619222000,-4.387892879
2.619425500,-4.379753363
2.619628900,-4.371613915
2.619832400,-4.367474399
2.620035800,-4.359334952
2.620239300,-4.355195435
2.620442700,-4.347055988
2.620646200,-4.338916472
2.620849600,-4.334777024
2.621053100,-4.326637508
2.621256500,-4.318498060
2.621460000,-4.314358544
2.621663400,-4.306219096
2.621866900,-4.298079580
2.622070300,-4.293940132
2.622273800,-4.285800616
2.622477200,-4.281661169
2.622680700,-4.269521652
2.622884100,-4.265382205
2.623087600,-4.261242689
2.623291000,-4.253103241
2.623494500,-4.248963725
2.623697900,-4.240824277
2.623901400,-4.232684761
2.624104800,-4.228545313
2.624308300,-4.220405797
2.624511700,-4.212266349
2.624715200,-4.208126833
2.624918600,-4.199987386
2.625122100,-4.195847869
2.625325500,-4.191708422
2.625529000,-4.183568905
2.625732400,-4.175429458
2.625935900,-4.171289942
2.626139300,-4.163150494
2.626342800,-4.159010978
2.626546200,-4.150871530
2.626749700,-4.146732014
2.626953100,-4.138592566
2.627156600,-4.130453050
2.627360000,-4.126313602
2.627563500,-4.122174086
2.627766900,-4.114034639
2.627970400,-4.109895122
2.628173800,-4.101755675
2.628377300,-4.093616159
2.628580700,-4.089476711
2.628784200,-4.081337195
2.628987600,-4.077197747
2.629191100,-4.073058231
2.629394500,-4.064918783
2.629598000,-4.060779267
2.629801400,-4.056639819
2.630004900,-4.048500303
2.630208300,-4.044360856
2.630411800,-4.032221339
2.630615200,-4.028081892
2.630818700,-4.023942376
2.631022100,-4.015802928
2.631225600,-4.011663412
2.631429000,-4.007523964
2.631632500,-3.999384448
2.631835900,-3.995245000
2.632039400,-3.991105484
2.632242800,-3.982966036
2.632446300,-3.978826520
2.632649700,-3.970687072
2.632853200,-3.966547556
2.633056600,-3.962408109
2.633260100,-3.954268592
2.633463500,-3.950129145
2.633667000,-3.945989629
2.633870400,-3.937850181
2.634073900,-3.933710665
2.634277300,-3.929571217
2.634480800,-3.921431701
2.634684200,-3.917292253
2.634887700,-3.913152737
2.635091100,-3.905013289
2.635294600,-3.900873773
2.635498000,-3.892734326
2.635701500,-3.892594809
2.635904900,-3.888455362
2.636108400,-3.880315846
2.636311800,-3.876176398
2.636515300,-3.872036882
2.636718800,-3.863897365
2.636922200,-3.859757918
2.637125700,-3.855618402
2.637329100,-3.851478954
2.637532600,-3.847339438
2.637736000,-3.839199990
2.637939500,-3.835060474
2.638142900,-3.830921026
2.638346400,-3.822781510
2.638549800,-3.818642062
2.638753300,-3.818502546
2.638956700,-3.810363099
2.639160200,-3.806223582
2.639363600,-3.802084135
2.639567100,-3.797944619
2.639770500,-3.793805171
2.639974000,-3.789665655
2.640177400,-3.781526207
2.640380900,-3.781386691
2.640584300,-3.777247243
2.640787800,-3.769107727
2.640991200,-3.764968279
2.641194700,-3.760828763
2.641398100,-3.756689316
2.641601600,-3.752549799
2.641805000,-3.744410352
2.642008500,-3.744270836
2.642211900,-3.740131388
2.642415400,-3.731991872
2.642618800,-3.731852424
2.642822300,-3.727712908
2.643025700,-3.723573460
2.643229200,-3.719433944
2.643432600,-3.715294496
2.643636100,-3.711154980
2.643839500,-3.707015533
2.644043000,-3.706876016
2.644246400,-3.698736569
2.644449900,-3.694597052
2.644653300,-3.690457605
2.644856800,-3.686318089
2.645060200,-3.686178641
2.645263700,-3.678039125
2.645467100,-3.677899677
2.645670600,-3.673760161
2.645874000,-3.665620713
2.646077500,-3.665481197
2.646280900,-3.661341749
2.646484400,-3.657202233
2.646687800,-3.653062786
2.646891300,-3.652923269
2.647094700,-3.644783822
2.647298200,-3.644644306
2.647501600,-3.640504858
2.647705100,-3.636365342
2.647908500,-3.632225894
2.648112000,-3.632086378
2.648315400,-3.623946930
2.648518900,-3.623807414
2.648722300,-3.623667966
2.648925800,-3.615528450
2.649129200,-3.611389003
2.649332700,-3.611249486
2.649536100,-3.607110039
2.649739600,-3.602970523
2.649943000,-3.598831075
2.650146500,-3.594691559
2.650349900,-3.594552111
2.650553400,-3.586412595
2.650756800,-3.586273147
2.650960300,-3.586133631
2.651163700,-3.577994183
2.651367200,-3.577854667
2.651570600,-3.577715220
2.651774100,-3.569575703
2.651977500,-3.565436256
2.652181000,-3.565296739
2.652384400,-3.561157292
2.652587900,-3.557017776
2.652791300,-3.556878328
2.652994800,-3.552738812
2.653198200,-3.548599364
2.653401700,-3.548459848
2.653605100,-3.544320400
2.653808600,-3.540180884
2.654012000,-3.540041436
2.654215500,-3.535901920
2.654418900,-3.531762473
2.654622400,-3.527622956
2.654825800,-3.523483509
2.655029300,-3.523343993
2.655232700,-3.519204545
2.655436200,-3.515065029
2.655639600,-3.514925581
2.655843100,-3.510786065
2.656046500,-3.506646617
2.656250000,-3.506507101
2.656453500,-3.502367585
2.656656900,-3.498228137
2.656860400,-3.498088621
2.657063800,-3.493949173
2.657267300,-3.489809657
2.657470700,-3.489670209
2.657674200,-3.485530693
2.657877600,-3.481391246
2.658081100,-3.477251729
2.658284500,-3.477112282
2.658488000,-3.472972766
2.658691400,-3.468833318
2.658894900,-3.468693802
2.659098300,-3.464554354
2.659301800,-3.460414838
2.659505200,-3.460275390
2.659708700,-3.456135874
2.659912100,-3.451996426
2.660115600,-3.451856910
2.660319000,-3.447717463
2.660522500,-3.443577946
2.660725900,-3.439438499
2.660929400,-3.435298983
2.661132800,-3.435159535
2.661336300,-3.431020019
2.661539700,-3.426880571
2.661743200,-3.426741055
2.661946600,-3.422601607
2.662150100,-3.418462091
2.662353500,-3.418322643
2.662557000,-3.414183127
2.662760400,-3.410043680
2.662963900,-3.409904163
2.663167300,-3.405764716
2.663370800,-3.401625199
2.663574200,-3.401485752
2.663777700,-3.397346236
2.663981100,-3.393206788
2.664184600,-3.389067272
2.664388000,-3.388927824
2.664591500,-3.384788308
2.664794900,-3.380648860
2.664998400,-3.380509344
2.665201800,-3.376369896
2.665405300,-3.372230380
2.665608700,-3.372090933
2.665812200,-3.367951416
2.666015600,-3.363811969
2.666219100,-3.363672453
2.666422500,-3.359533005
2.666626000,-3.355393489
2.666829400,-3.355254041
2.667032900,-3.351114525
2.667236300,-3.346975077
2.667439800,-3.346835561
2.667643200,-3.342696113
2.667846700,-3.342556597
2.668050100,-3.338417150
2.668253600,-3.334277633
2.668457000,-3.334138186
2.668660500,-3.329998670
2.668863900,-3.325859222
2.669067400,-3.325719706
2.669270800,-3.321580258
2.669474300,-3.317440742
2.669677700,-3.317301294
2.669881200,-3.317161778
2.670084600,-3.309022330
2.670288100,-3.312882814
2.670491500,-3.308743367
2.670695000,-3.304603850
2.670898400,-3.300464403
2.671101900,-3.300324886
2.671305300,-3.296185439
2.671508800,-3.296045923
2.671712200,-3.295906475
2.671915700,-3.295766959
2.672119100,-3.287627511
2.672322600,-3.287487995
2.672526000,-3.287348547
2.672729500,-3.283209031
2.672932900,-3.279069583
2.673136400,-3.282930067
2.673339800,-3.274790620
2.673543300,-3.274651103
2.673746700,-3.274511656
2.673950200,-3.270372140
2.674153600,-3.270232692
2.674357100,-3.270093176
2.674560500,-3.265953728
2.674764000,-3.261814212
2.674967400,-3.261674764
2.675170900,-3.257535248
2.675374300,-3.257395800
2.675577800,-3.257256284
2.675781300,-3.253116768
2.675984700,-3.252977320
2.676188200,-3.248837804
2.676391600,-3.252698357
2.676595100,-3.244558840
2.676798500,-3.244419393
2.677002000,-3.248279876
2.677205400,-3.240140429
2.677408900,-3.240000913
2.677612300,-3.239861465
2.677815800,-3.235721949
2.678019200,-3.235582501
2.678222700,-3.235442985
2.678426100,-3.231303537
2.678629600,-3.231164021
2.678833000,-3.231024573
2.679036500,-3.226885057
2.679239900,-3.226745610
2.679443400,-3.226606093
2.679646800,-3.218466646
2.679850300,-3.222327130
2.680053700,-3.222187682
2.680257200,-3.218048166
2.680460600,-3.217908718
2.680664100,-3.217769202
2.680867500,-3.217629754
2.681071000,-3.213490238
2.681274400,-3.213350790
2.681477900,-3.213211274
2.681681300,-3.205071827
2.681884800,-3.208932310
2.682088200,-3.208792863
2.682291700,-3.204653347
2.682495100,-3.204513899
2.682698600,-3.204374383
2.682902000,-3.200234935
2.683105500,-3.204095419
2.683308900,-3.203955971
2.683512400,-3.199816455
2.683715800,-3.195677007
2.683919300,-3.199537491
2.684122700,-3.199398043
2.684326200,-3.195258527
2.684529600,-3.195119080
2.684733100,-3.194979563
2.684936500,-3.190840116
2.685140000,-3.194700600
2.685343400,-3.194561152
2.685546900,-3.190421636
2.685750300,-3.190282188
2.685953800,-3.190142672
2.686157200,-3.190003224
2.686360700,-3.185863708
2.686564100,-3.189724260
2.686767600,-3.189584744
2.686971000,-3.185445297
2.687174500,-3.189305780
2.687377900,-3.189166333
2.687581400,-3.185026817
2.687784800,-3.188887369
2.687988300,-3.188747853
2.688191700,-3.184608405
2.688395200,-3.184468889
2.688598600,-3.188329441
2.688802100,-3.188189925
2.689005500,-3.184050477
2.689209000,-3.187910961
2.689412400,-3.187771514
2.689615900,-3.183631997
2.689819300,-3.187492550
2.690022800,-3.187353033
2.690226200,-3.183213586
2.690429700,-3.183074070
2.690633100,-3.186934622
2.690836600,-3.186795106
2.691040000,-3.182655658
2.691243500,-3.186516142
2.691446900,-3.186376694
2.691650400,-3.182237178
2.691853800,-3.186097730
2.692057300,-3.185958214
2.692260700,-3.185818767
2.692464200,-3.185679250
2.692667600,-3.189539803
2.692871100,-3.189400287
2.693074500,-3.185260839
2.693278000,-3.189121323
2.693481400,-3.188981875
2.693684900,-3.184842359
2.693888300,-3.192702911
2.694091800,-3.192563395
2.694295200,-3.188423947
2.694498700,-3.188284431
2.694702100,-3.192144984
2.694905600,-3.192005467
2.695109000,-3.191866020
2.695312500,-3.195726504
2.695516000,-3.195586987
2.695719400,-3.191447540
2.695922900,-3.195308023
2.696126300,-3.195168576
2.696329800,-3.195029060
2.696533200,-3.198889612
2.696736700,-3.198750096
2.696940100,-3.198610648
2.697143600,-3.194471132
2.697347000,-3.202331684
2.697550500,-3.202192168
2.697753900,-3.198052720
2.697957400,-3.201913204
2.698160800,-3.201773757
2.698364300,-3.201634240
2.698567700,-3.205494793
2.698771200,-3.205355277
2.698974600,-3.205215829
2.699178100,-3.201076313
2.699381500,-3.204936865
2.699585000,-3.204797349
2.699788400,-3.200657901
2.699991900,-3.204518385
2.700195300,-3.208378937
2.700398800,-3.208239421
2.700602200,-3.208099974
2.700805700,-3.207960457
2.701009100,-3.207821010
2.701212600,-3.203681494
2.701416000,-3.207542046
2.701619500,-3.207402530
2.701822900,-3.207263082
2.702026400,-3.207123566
2.702229800,-3.206984118
2.702433300,-3.206844602
2.702636700,-3.206705154
2.702840200,-3.206565638
2.703043600,-3.206426190
2.703247100,-3.206286674
2.703450500,-3.206147227
2.703654000,-3.206007710
2.703857400,-3.205868263
2.704060900,-3.205728747
2.704264300,-3.205589299
2.704467800,-3.201449783
2.704671200,-3.205310335
2.704874700,-3.201170819
2.705078100,-3.201031371
2.705281600,-3.204891855
2.705485000,-3.196752407
2.705688500,-3.196612891
2.705891900,-3.196473444
2.706095400,-3.200333927
2.706298800,-3.192194480
2.706502300,-3.192054964
2.706705700,-3.195915516
2.706909200,-3.191776000
2.707112600,-3.187636552
2.707316100,-3.191497036
2.707519500,-3.187357588
2.707723000,-3.183218072
2.707926400,-3.183078624
2.708129900,-3.182939108
2.708333300,-3.178799661
2.708536800,-3.178660144
2.708740200,-3.178520697
2.708943700,-3.174381180
2.709147100,-3.170241733
2.709350600,-3.170102217
2.709554000,-3.169962769
2.709757500,-3.165823253
2.709960900,-3.161683805
2.710164400,-3.161544289
2.710367800,-3.161404841
2.710571300,-3.153265325
2.710774700,-3.153125877
2.710978200,-3.152986361
2.711181600,-3.144846914
2.711385100,-3.144707397
2.711588500,-3.144567950
2.711792000,-3.140428434
2.711995400,-3.136288986
2.712198900,-3.136149470
2.712402300,-3.132010022
2.712605800,-3.131870506
2.712809200,-3.123731058
2.713012700,-3.123591542
2.713216100,-3.119452094
2.713419600,-3.115312578
2.713623000,-3.111173131
2.713826500,-3.111033614
2.714029900,-3.106894167
2.714233400,-3.102754651
2.714436800,-3.098615203
2.714640300,-3.098475687
2.714843800,-3.090336170
2.715047200,-3.090196723
2.715250700,-3.086057207
2.715454100,-3.081917759
2.715657600,-3.077778243
2.715861000,-3.073638795
2.716064500,-3.073499279
2.716267900,-3.069359831
2.716471400,-3.061220315
2.716674800,-3.057080867
2.716878300,-3.056941351
2.717081700,-3.048801904
2.717285200,-3.044662387
2.717488600,-3.044522940
2.717692100,-3.040383424
2.717895500,-3.032243976
2.718099000,-3.032104460
2.718302400,-3.027965012
2.718505900,-3.023825496
2.718709300,-3.015686048
2.718912800,-3.015546532
2.719116200,-3.011407084
2.719319700,-3.003267568
2.719523100,-3.003128121
2.719726600,-2.998988604
2.719930000,-2.994849157
2.720133500,-2.986709641
2.720336900,-2.986570193
2.720540400,-2.982430677
2.720743800,-2.978291229
2.720947300,-2.970151713
2.721150700,-2.970012265
2.721354200,-2.965872749
2.721557600,-2.961733301
2.721761100,-2.953593785
2.721964500,-2.949454338
2.722168000,-2.949314821
2.722371400,-2.941175374
2.722574900,-2.937035857
2.722778300,-2.932896410
2.722981800,-2.932756894
2.723185200,-2.924617446
2.723388700,-2.920477930
2.723592100,-2.920338482
2.723795600,-2.916198966
2.723999000,-2.908059518
2.724202500,-2.907920002
2.724405900,-2.903780554
2.724609400,-2.899641038
2.724812800,-2.895501591
2.725016300,-2.891362074
2.725219700,-2.887222627
2.725423200,-2.879083111
2.725626600,-2.878943663
2.725830100,-2.874804147
2.726033500,-2.870664699
2.726237000,-2.866525183
2.726440400,-2.862385735
2.726643900,-2.858246219
2.726847300,-2.858106771
2.727050800,-2.849967255
2.727254200,-2.845827808
2.727457700,-2.845688291
2.727661100,-2.841548844
2.727864600,-2.837409328
2.728068000,-2.833269880
2.728271500,-2.829130364
2.728474900,-2.828990916
2.728678400,-2.820851400
2.728881800,-2.820711952
2.729085300,-2.816572436
2.729288700,-2.808432988
2.729492200,-2.808293472
2.729695600,-2.804154024
2.729899100,-2.804014508
2.730102500,-2.795875061
2.730306000,-2.795735544
2.730509400,-2.791596097
2.730712900,-2.787456581
2.730916300,-2.783317133
2.731119800,-2.779177617
2.731323200,-2.775038169
2.731526700,-2.774898653
2.731730100,-2.770759205
2.731933600,-2.766619689
2.732137000,-2.762480241
2.732340500,-2.762340725
2.732543900,-2.754201278
2.732747400,-2.754061761
2.732950800,-2.749922314
2.733154300,-2.749782798
2.733357700,-2.741643350
2.733561200,-2.741503834
2.733764600,-2.737364386
2.733968100,-2.733224870
2.734171500,-2.729085422
2.734375000,-2.724945906
2.734578500,-2.724806390
2.734781900,-2.720666942
2.734985400,-2.716527426
2.735188800,-2.712387978
2.735392300,-2.712248462
2.735595700,-2.708109014
2.735799200,-2.703969498
2.736002600,-2.699830051
2.736206100,-2.695690534
2.736409500,-2.695551087
2.736613000,-2.687411571
2.736816400,-2.687272123
2.737019900,-2.687132607
2.737223300,-2.678993159
2.737426800,-2.674853643
2.737630200,-2.674714195
2.737833700,-2.670574679
2.738037100,-2.666435231
2.738240600,-2.662295715
2.738444000,-2.662156268
2.738647500,-2.658016751
2.738850900,-2.653877304
2.739054400,-2.653737788
2.739257800,-2.649598340
2.739461300,-2.645458824
2.739664700,-2.641319376
2.739868200,-2.641179860
2.740071600,-2.637040412
2.740275100,-2.632900896
2.740478500,-2.632761448
2.740682000,-2.628621932
2.740885400,-2.624482485
2.741088900,-2.624342968
2.741292300,-2.620203521
2.741495800,-2.616064004
2.741699200,-2.615924557
2.741902700,-2.611785041
2.742106100,-2.611645593
2.742309600,-2.603506077
2.742513000,-2.603366629
2.742716500,-2.603227113
2.742919900,-2.599087665
2.743123400,-2.594948149
2.743326800,-2.590808701
2.743530300,-2.590669185
2.743733700,-2.590529738
2.743937200,-2.582390221
2.744140600,-2.582250774
2.744344100,-2.582111258
2.744547500,-2.577971810
2.744751000,-2.573832294
2.744954400,-2.569692846
2.745157900,-2.569553330
2.745361300,-2.569413882
2.745564800,-2.561274366
2.745768200,-2.561134918
2.745971700,-2.560995402
2.746175100,-2.556855955
2.746378600,-2.556716438
2.746582000,-2.552576991
2.746785500,-2.552437475
2.746988900,-2.548298027
2.747192400,-2.544158511
2.747395800,-2.544019063
2.747599300,-2.539879547
2.747802700,-2.539740099
2.748006200,-2.535600583
2.748209600,-2.531461135
2.748413100,-2.531321619
2.748616500,-2.531182172
2.748820000,-2.531042655
2.749023400,-2.522903208
2.749226900,-2.522763691
2.749430300,-2.522624244
2.749633800,-2.518484728
2.749837200,-2.514345280
2.750040700,-2.514205764
2.750244100,-2.510066316
2.750447600,-2.509926800
2.750651000,-2.505787352
2.750854500,-2.501647836
2.751057900,-2.501508388
2.751261400,-2.501368872
2.751464800,-2.493229425
2.751668300,-2.493089908
2.751871700,-2.492950461
2.752075200,-2.488810945
2.752278600,-2.488671497
2.752482100,-2.484531981
2.752685500,-2.480392533
2.752889000,-2.480253017
2.753092400,-2.476113569
2.753295900,-2.471974053
2.753499300,-2.467834605
2.753702800,-2.467695089
2.753906300,-2.467555573
2.754109700,-2.459416125
2.754313200,-2.455276609
2.754516600,-2.455137161
2.754720100,-2.454997645
2.754923500,-2.446858198
2.755127000,-2.446718681
2.755330400,-2.442579234
2.755533900,-2.442439718
2.755737300,-2.438300270
2.755940800,-2.434160754
2.756144200,-2.430021306
2.756347700,-2.429881790
2.756551100,-2.425742342
2.756754600,-2.421602826
2.756958000,-2.417463378
2.757161500,-2.417323862
2.757364900,-2.413184415
2.757568400,-2.409044898
2.757771800,-2.404905451
2.757975300,-2.400765935
2.758178700,-2.396626487
2.758382200,-2.396486971
2.758585600,-2.388347523
2.758789100,-2.388208007
2.758992500,-2.384068559
2.759196000,-2.383929043
2.759399400,-2.375789595
2.759602900,-2.371650079
2.759806300,-2.367510632
2.760009800,-2.367371115
2.760213200,-2.363231668
2.760416700,-2.355092151
2.760620100,-2.354952704
2.760823600,-2.350813188
2.761027000,-2.346673740
2.761230500,-2.342534224
2.761433900,-2.338394776
2.761637400,-2.334255260
2.761840800,-2.334115812
2.762044300,-2.329976296
2.762247700,-2.325836848
2.762451200,-2.321697332
2.762654600,-2.317557885
2.762858100,-2.313418368
2.763061500,-2.309278921
2.763265000,-2.305139405
2.763468400,-2.300999957
2.763671900,-2.300860441
2.763875300,-2.296720993
2.764078800,-2.288581477
2.764282200,-2.288442029
2.764485700,-2.284302513
2.764689100,-2.280163065
2.764892600,-2.276023549
2.765096000,-2.271884102
2.765299500,-2.267744585
2.765502900,-2.267605138
2.765706400,-2.263465622
2.765909800,-2.255326174
2.766113300,-2.255186658
2.766316700,-2.251047210
2.766520200,-2.246907694
2.766723600,-2.242768246
2.766927100,-2.238628730
2.767130500,-2.234489282
2.767334000,-2.230349766
2.767537400,-2.230210319
2.767740900,-2.222070802
2.767944300,-2.217931355
2.768147800,-2.217791838
2.768351200,-2.213652391
2.768554700,-2.205512875
2.768758100,-2.205373427
2.768961600,-2.201233911
2.769165000,-2.197094463
2.769368500,-2.196954947
2.769571900,-2.188815499
2.769775400,-2.184675983
2.769978800,-2.180536535
2.770182300,-2.180397019
2.770385700,-2.176257572
2.770589200,-2.168118055
2.770792600,-2.167978608
2.770996100,-2.163839092
2.771199500,-2.159699644
2.771403000,-2.151560128
2.771606400,-2.151420680
2.771809900,-2.147281164
2.772013300,-2.143141716
2.772216800,-2.143002200
2.772420200,-2.134862752
2.772623700,-2.130723236
2.772827100,-2.126583789
2.773030600,-2.126444272
2.773234000,-2.122304825
2.773437500,-2.114165309
2.773641000,-2.110025792
2.773844400,-2.109886345
2.774047900,-2.105746828
2.774251300,-2.101607381
2.774454800,-2.093467865
2.774658200,-2.093328417
2.774861700,-2.089188901
2.775065100,-2.085049453
2.775268600,-2.076909937
2.775472000,-2.076770489
2.775675500,-2.072630973
2.775878900,-2.068491525
2.776082400,-2.064352009
2.776285800,-2.056212562
2.776489300,-2.056073045
2.776692700,-2.051933598
2.776896200,-2.047794082
2.777099600,-2.043654634
2.777303100,-2.035515118
2.777506500,-2.035375670
2.777710000,-2.031236154
2.777913400,-2.027096706
2.778116900,-2.022957190
2.778320300,-2.018817742
2.778523800,-2.014678226
2.778727200,-2.010538779
2.778930700,-2.006399262
2.779134100,-2.002259815
2.779337600,-1.994120299
2.779541000,-1.993980851
2.779744500,-1.989841335
2.779947900,-1.985701887
2.780151400,-1.981562371
2.780354800,-1.973422923
2.780558300,-1.969283407
2.780761700,-1.969143959
2.780965200,-1.965004443
2.781168600,-1.960864995
2.781372100,-1.952725479
2.781575500,-1.948586032
2.781779000,-1.944446515
2.781982400,-1.944307068
2.782185900,-1.940167552
2.782389300,-1.932028104
2.782592800,-1.927888588
2.782796200,-1.923749140
2.782999700,-1.919609624
2.783203100,-1.915470176
2.783406600,-1.911330660
2.783610000,-1.907191212
2.783813500,-1.903051696
2.784016900,-1.898912249
2.784220400,-1.894772732
2.784423800,-1.886633285
2.784627300,-1.882493769
2.784830700,-1.878354321
2.785034200,-1.878214805
2.785237600,-1.874075357
2.785441100,-1.865935841
2.785644500,-1.861796393
2.785848000,-1.857656877
2.786051400,-1.853517429
2.786254900,-1.849377913
2.786458300,-1.841238466
2.786661800,-1.837098949
2.786865200,-1.836959502
2.787068700,-1.832819985
2.787272100,-1.828680538
2.787475600,-1.820541022
2.787679000,-1.816401574
2.787882500,-1.812262058
2.788085900,-1.808122610
2.788289400,-1.803983094
2.788492800,-1.795843646
2.788696300,-1.791704130
2.788899700,-1.787564682
2.789103200,-1.783425166
2.789306600,-1.783285719
2.789510100,-1.775146202
2.789713500,-1.771006755
2.789917000,-1.766867239
2.790120400,-1.762727791
2.790323900,-1.758588275
2.790527300,-1.750448827
2.790730800,-1.746309311
2.790934200,-1.742169863
2.791137700,-1.738030347
2.791341100,-1.733890899
2.791544600,-1.729751383
2.791748000,-1.725611936
2.791951500,-1.721472419
2.792154900,-1.717332972
2.792358400,-1.713193456
2.792561800,-1.709054008
2.792765300,-1.700914492
2.792968800,-1.696774975
2.793172200,-1.692635528
2.793375700,-1.688496012
2.793579100,-1.684356564
2.793782600,-1.676217048
2.793986000,-1.672077600
2.794189500,-1.671938084
2.794392900,-1.667798636
2.794596400,-1.663659120
2.794799800,-1.659519672
2.795003300,-1.651380156
2.795206700,-1.647240709
2.795410200,-1.643101192
2.795613600,-1.638961745
2.795817100,-1.634822229
2.796020500,-1.626682781
2.796224000,-1.626543265
2.796427400,-1.622403817
2.796630900,-1.618264301
2.796834300,-1.614124853
2.797037800,-1.605985337
2.797241200,-1.601845889
2.797444700,-1.597706373
2.797648100,-1.593566926
2.797851600,-1.593427409
2.798055000,-1.589287962
2.798258500,-1.581148446
2.798461900,-1.577008998
2.798665400,-1.572869482
2.798868800,-1.568730034
2.799072300,-1.564590518
2.799275700,-1.560451070
2.799479200,-1.556311554
2.799682600,-1.552172106
2.799886100,-1.548032590
2.800089500,-1.543893143
2.800293000,-1.543753626
2.800496400,-1.535614179
2.800699900,-1.531474662
2.800903300,-1.527335215
2.801106800,-1.523195699
2.801310200,-1.519056251
2.801513700,-1.514916735
2.801717100,-1.510777287
2.801920600,-1.506637771
2.802124000,-1.502498323
2.802327500,-1.498358807
2.802530900,-1.498219359
2.802734400,-1.490079843
2.802937800,-1.485940396
2.803141300,-1.481800879
2.803344700,-1.477661432
2.803548200,-1.477521916
2.803751600,-1.473382468
2.803955100,-1.465242952
2.804158500,-1.461103504
2.804362000,-1.460963988
2.804565400,-1.456824540
2.804768900,-1.452685024
2.804972300,-1.444545576
2.805175800,-1.444406060
2.805379200,-1.440266613
2.805582700,-1.436127096
2.805786100,-1.431987649
2.805989600,-1.427848132
2.806193000,-1.423708685
2.806396500,-1.419569169
2.806599900,-1.415429721
2.806803400,-1.411290205
2.807006800,-1.411150757
2.807210300,-1.407011241
2.807413700,-1.398871793
2.807617200,-1.394732277
2.807820600,-1.394592829
2.808024100,-1.390453313
2.808227500,-1.386313866
2.808431000,-1.386174349
2.808634400,-1.378034902
2.808837900,-1.373895386
2.809041300,-1.369755938
2.809244800,-1.369616422
2.809448200,-1.365476974
2.809651700,-1.361337458
2.809855100,-1.357198010
2.810058600,-1.353058494
2.810262000,-1.348919046
2.810465500,-1.348779530
2.810668900,-1.344640083
2.810872400,-1.340500566
2.811075800,-1.336361119
2.811279300,-1.332221603
2.811482700,-1.328082155
2.811686200,-1.323942639
2.811889600,-1.323803191
2.812093100,-1.319663675
2.812296500,-1.311524227
2.812500000,-1.311384711
2.812703500,-1.307245195
2.812906900,-1.303105747
2.813110400,-1.302966231
2.813313800,-1.298826783
2.813517300,-1.290687267
2.813720700,-1.290547819
2.813924200,-1.286408303
2.814127600,-1.282268856
2.814331100,-1.282129339
2.814534500,-1.277989892
2.814738000,-1.269850376
2.814941400,-1.269710928
2.815144900,-1.265571412
2.815348300,-1.261431964
2.815551800,-1.261292448
2.815755200,-1.257153000
2.815958700,-1.253013484
2.816162100,-1.248874036
2.816365600,-1.244734520
2.816569000,-1.244595073
2.816772500,-1.240455556
2.816975900,-1.236316109
2.817179400,-1.232176593
2.817382800,-1.228037145
2.817586300,-1.223897629
2.817789700,-1.223758181
2.817993200,-1.219618665
2.818196600,-1.215479217
2.818400100,-1.211339701
2.818603500,-1.207200253
2.818807000,-1.203060737
2.819010400,-1.202921290
2.819213900,-1.198781773
2.819417300,-1.194642326
2.819620800,-1.190502809
2.819824200,-1.186363362
2.820027700,-1.182223846
2.820231100,-1.182084398
2.820434600,-1.177944882
2.820638000,-1.177805434
2.820841500,-1.173665918
2.821044900,-1.165526470
2.821248400,-1.165386954
2.821451800,-1.161247506
2.821655300,-1.157107990
2.821858700,-1.156968543
2.822062200,-1.152829026
2.822265600,-1.144689579
2.822469100,-1.144550063
2.822672500,-1.140410615
2.822876000,-1.136271099
2.823079400,-1.132131651
2.823282900,-1.131992135
2.823486300,-1.127852687
2.823689800,-1.123713171
2.823893200,-1.119573723
2.824096700,-1.115434207
2.824300100,-1.115294760
2.824503600,-1.111155243
2.824707000,-1.111015796
2.824910500,-1.102876280
2.825113900,-1.098736832
2.825317400,-1.098597316
2.825520800,-1.094457868
2.825724300,-1.094318352
2.825927700,-1.090178904
2.826131200,-1.090039388
2.826334600,-1.081899940
2.826538100,-1.081760424
2.826741500,-1.077620976
2.826945000,-1.073481460
2.827148400,-1.073342013
2.827351900,-1.069202496
2.827555300,-1.065063049
2.827758800,-1.060923533
2.827962200,-1.060784085
2.828165700,-1.056644569
2.828369100,-1.056505121
2.828572600,-1.056365605
2.828776000,-1.052226157
2.828979500,-1.048086641
2.829182900,-1.043947193
2.829386400,-1.043807677
2.829589800,-1.039668230
2.829793300,-1.039528713
2.829996700,-1.039389266
2.830200200,-1.035249750
2.830403600,-1.031110302
2.830607100,-1.030970786
2.830810500,-1.026831338
2.831014000,-1.026691822
2.831217400,-1.026552374
2.831420900,-1.022412858
2.831624300,-1.022273410
2.831827800,-1.014133894
2.832031300,-1.013994378
2.832234700,-1.013854930
2.832438200,-1.009715414
2.832641600,-1.009575966
2.832845100,-1.009436450
2.833048500,-1.005297003
2.833252000,-1.001157486
2.833455400,-1.001018039
2.833658900,-1.000878523
2.833862300,-0.996739075
2.834065800,-0.996599559
2.834269200,-0.996460111
2.834472700,-0.992320595
2.834676100,-0.988181147
2.834879600,-0.988041631
2.835083000,-0.987902183
2.835286500,-0.987762667
2.835489900,-0.983623220
2.835693400,-0.983483703
2.835896800,-0.983344256
2.836100300,-0.979204740
2.836303700,-0.975065292
2.836507200,-0.974925776
2.836710600,-0.974786328
2.836914100,-0.974646812
2.837117500,-0.970507364
2.837321000,-0.970367848
2.837524400,-0.966228400
2.837727900,-0.966088884
2.837931300,-0.961949437
2.838134800,-0.961809920
2.838338200,-0.961670473
2.838541700,-0.961530956
2.838745100,-0.961391509
2.838948600,-0.953251993
2.839152000,-0.953112545
2.839355500,-0.952973029
2.839558900,-0.952833581
2.839762400,-0.948694065
2.839965800,-0.952554617
2.840169300,-0.948415101
2.840372700,-0.948275653
2.840576200,-0.944136137
2.840779600,-0.943996690
2.840983100,-0.939857173
2.841186500,-0.939717726
2.841390000,-0.939578210
2.841593400,-0.939438762
2.841796900,-0.935299246
2.842000300,-0.935159798
2.842203800,-0.931020282
2.842407200,-0.930880834
2.842610700,-0.926741318
2.842814100,-0.930601870
2.843017600,-0.926462354
2.843221000,-0.926322907
2.843424500,-0.926183390
2.843627900,-0.922043943
2.843831400,-0.917904427
2.844034800,-0.917764979
2.844238300,-0.917625463
2.844441700,-0.917486015
2.844645200,-0.913346499
2.844848600,-0.913207051
2.845052100,-0.909067535
2.845255500,-0.908928087
2.845459000,-0.908788571
2.845662400,-0.904649124
2.845865900,-0.904509607
2.846069300,-0.904370160
2.846272800,-0.904230643
2.846476200,-0.900091196
2.846679700,-0.895951680
2.846883100,-0.895812232
2.847086600,-0.895672716
2.847290000,-0.891533268
2.847493500,-0.895393752
2.847696900,-0.891254304
2.847900400,-0.891114788
2.848103800,-0.890975340
2.848307300,-0.886835824
2.848510700,-0.882696377
2.848714200,-0.886556860
2.848917600,-0.882417413
2.849121100,-0.882277897
2.849324500,-0.878138449
2.849528000,-0.881998933
2.849731400,-0.877859485
2.849934900,-0.873719969
2.850138300,-0.873580521
2.850341800,-0.873441005
2.850545200,-0.869301557
2.850748700,-0.873162041
2.850952100,-0.869022594
2.851155600,-0.868883077
2.851359000,-0.868743630
2.851562500,-0.864604114
2.851766000,-0.860464597
2.851969400,-0.860325150
2.852172900,-0.860185633
2.852376300,-0.860046186
2.852579800,-0.859906670
2.852783200,-0.859767222
2.852986700,-0.859627706
2.853190100,-0.851488258
2.853393600,-0.851348742
2.853597000,-0.851209294
2.853800500,-0.851069778
2.854003900,-0.846930330
2.854207400,-0.850790814
2.854410800,-0.846651367
2.854614300,-0.846511850
2.854817700,-0.846372403
2.855021200,-0.842232887
2.855224600,-0.842093439
2.855428100,-0.837953923
2.855631500,-0.841814475
2.855835000,-0.837674959
2.856038400,-0.837535511
2.856241900,-0.837395995
2.856445300,-0.837256547
2.856648800,-0.833117031
2.856852200,-0.832977584
2.857055700,-0.832838067
2.857259100,-0.828698620
2.857462600,-0.828559103
2.857666000,-0.828419656
2.857869500,-0.828280140
2.858072900,-0.828140692
2.858276400,-0.828001176
2.858479800,-0.823861728
2.858683300,-0.819722212
2.858886700,-0.823582764
2.859090200,-0.819443248
2.859293600,-0.819303800
2.859497100,-0.819164284
2.859700500,-0.819024837
2.859904000,-0.818885320
2.860107400,-0.814745873
2.860310900,-0.810606357
2.860514300,-0.810466909
2.860717800,-0.810327393
2.860921200,-0.810187945
2.861124700,-0.810048429
2.861328100,-0.805908981
2.861531600,-0.805769465
2.861735000,-0.805630017
2.861938500,-0.805490501
2.862141900,-0.797351054
2.862345400,-0.801211537
2.862548800,-0.797072090
2.862752300,-0.796932574
2.862955700,-0.796793126
2.863159200,-0.792653610
2.863362600,-0.792514162
2.863566100,-0.792374646
2.863769500,-0.792235198
2.863973000,-0.784095682
2.864176400,-0.783956234
2.864379900,-0.783816718
2.864583300,-0.783677271
2.864786800,-0.779537754
2.864990200,-0.779398307
2.865193700,-0.779258790
2.865397100,-0.775119343
2.865600600,-0.774979827
2.865804000,-0.770840379
2.866007500,-0.766700863
2.866210900,-0.766561415
2.866414400,-0.766421899
2.866617800,-0.766282451
2.866821300,-0.762142935
2.867024700,-0.762003487
2.867228200,-0.761863971
2.867431600,-0.757724524
2.867635100,-0.757585007
2.867838500,-0.753445560
2.868042000,-0.749306044
2.868245400,-0.749166596
2.868448900,-0.749027080
2.868652300,-0.744887632
2.868855800,-0.744748116
2.869059200,-0.744608668
2.869262700,-0.740469152
2.869466100,-0.740329704
2.869669600,-0.736190188
2.869873000,-0.732050741
2.870076500,-0.727911224
2.870279900,-0.727771777
2.870483400,-0.727632261
2.870686800,-0.723492813
2.870890300,-0.723353297
2.871093800,-0.723213780
2.871297200,-0.719074333
2.871500700,-0.718934817
2.871704100,-0.714795369
2.871907600,-0.710655853
2.872111000,-0.710516405
2.872314500,-0.710376889
2.872517900,-0.706237441
2.872721400,-0.706097925
2.872924800,-0.701958477
2.873128300,-0.701818961
2.873331700,-0.701679514
2.873535200,-0.697539997
2.873738600,-0.693400550
2.873942100,-0.693261034
2.874145500,-0.689121586
2.874349000,-0.688982070
2.874552400,-0.688842622
2.874755900,-0.684703106
2.874959300,-0.684563658
2.875162800,-0.684424142
2.875366200,-0.680284694
2.875569700,-0.680145178
2.875773100,-0.680005731
2.875976600,-0.671866214
2.876180000,-0.671726767
2.876383500,-0.671587251
2.876586900,-0.671447803
2.876790400,-0.667308287
2.876993800,-0.667168839
2.877197300,-0.667029323
2.877400700,-0.662889875
2.877604200,-0.662750359
2.877807600,-0.662610911
2.878011100,-0.658471395
2.878214500,-0.654331947
2.878418000,-0.654192431
2.878621400,-0.654052984
2.878824900,-0.653913467
2.879028300,-0.653774020
2.879231800,-0.649634504
2.879435200,-0.649495056
2.879638700,-0.645355540
2.879842100,-0.649216092
2.880045600,-0.645076576
2.880249000,-0.640937128
2.880452500,-0.640797612
2.880655900,-0.640658164
2.880859400,-0.636518648
2.881062800,-0.640379201
2.881266300,-0.636239684
2.881469700,-0.636100237
2.881673200,-0.631960721
2.881876600,-0.635821273
2.882080100,-0.631681757
2.882283500,-0.631542309
2.882487000,-0.627402793
2.882690400,-0.627263345
2.882893900,-0.627123829
2.883097300,-0.626984381
2.883300800,-0.626844865
2.883504200,-0.622705418
2.883707700,-0.622565901
2.883911100,-0.622426454
2.884114600,-0.622286937
2.884318000,-0.622147490
2.884521500,-0.622007974
2.884724900,-0.621868526
2.884928400,-0.613729010
2.885131800,-0.617589562
2.885335300,-0.613450046
2.885538700,-0.613310598
2.885742200,-0.613171082
2.885945600,-0.613031634
2.886149100,-0.612892118
2.886352500,-0.612752671
2.886556000,-0.612613154
2.886759400,-0.612473707
2.886962900,-0.612334191
2.887166300,-0.612194743
2.887369800,-0.608055227
2.887573200,-0.607915779
2.887776700,-0.607776263
2.887980100,-0.607636815
2.888183600,-0.607497299
2.888387000,-0.607357851
2.888590500,-0.607218335
2.888793900,-0.607078888
2.888997400,-0.606939371
2.889200800,-0.606799924
2.889404300,-0.606660408
2.889607700,-0.606520960
2.889811200,-0.606381444
2.890014600,-0.606241996
2.890218100,-0.602102480
2.890421500,-0.601963032
2.890625000,-0.605823516
2.890828500,-0.605684000
2.891031900,-0.605544552
2.891235400,-0.609405036
2.891438800,-0.605265588
2.891642300,-0.605126072
2.891845700,-0.608986624
2.892049200,-0.608847108
2.892252600,-0.608707661
2.892456100,-0.604568144
2.892659500,-0.608428697
2.892863000,-0.608289181
2.893066400,-0.608149733
2.893269900,-0.608010217
2.893473300,-0.607870769
2.893676800,-0.607731253
2.893880200,-0.611591805
2.894083700,-0.611452289
2.894287100,-0.611312841
2.894490600,-0.611173325
2.894694000,-0.615033878
2.894897500,-0.614894361
2.895100900,-0.610754914
2.895304400,-0.614615398
2.895507800,-0.614475950
2.895711300,-0.614336434
2.895914700,-0.618196986
2.896118200,-0.618057470
2.896321600,-0.617918022
2.896525100,-0.621778506
2.896728500,-0.621639058
2.896932000,-0.621499542
2.897135400,-0.621360095
2.897338900,-0.625220578
2.897542300,-0.625081131
2.897745800,-0.624941614
2.897949200,-0.624802167
2.898152700,-0.624662651
2.898356100,-0.624523203
2.898559600,-0.628383687
2.898763000,-0.628244239
2.898966500,-0.628104723
2.899169900,-0.627965275
2.899373400,-0.631825759
2.899576800,-0.631686311
2.899780300,-0.631546795
2.899983700,-0.639407348
2.900187200,-0.639267831
2.900390600,-0.639128384
2.900594100,-0.642988868
2.900797500,-0.642849420
2.901001000,-0.638709904
2.901204400,-0.638570456
2.901407900,-0.642430940
2.901611300,-0.642291492
2.901814800,-0.642151976
2.902018200,-0.646012528
2.902221700,-0.645873012
2.902425100,-0.645733565
2.902628600,-0.649594048
2.902832000,-0.649454601
2.903035500,-0.649315085
2.903238900,-0.649175637
2.903442400,-0.653036121
2.903645800,-0.652896673
2.903849300,-0.652757157
2.904052700,-0.652617709
2.904256200,-0.652478193
2.904459600,-0.652338745
2.904663100,-0.656199229
2.904866500,-0.656059781
2.905070000,-0.655920265
2.905273400,-0.659780818
2.905476900,-0.659641301
2.905680300,-0.659501854
2.905883800,-0.659362338
2.906087200,-0.663222890
2.906290700,-0.663083374
2.906494100,-0.662943926
2.906697600,-0.666804410
2.906901000,-0.666664962
2.907104500,-0.666525446
2.907307900,-0.666385998
2.907511400,-0.666246482
2.907714800,-0.666107035
2.907918300,-0.665967518
2.908121700,-0.669828071
2.908325200,-0.669688555
2.908528600,-0.669549107
2.908732100,-0.673409591
2.908935500,-0.673270143
2.909139000,-0.673130627
2.909342400,-0.676991179
2.909545900,-0.676851663
2.909749300,-0.680712215
2.909952800,-0.680572699
2.910156300,-0.684433183
2.910359700,-0.684293735
2.910563200,-0.684154219
2.910766600,-0.684014771
2.910970100,-0.683875255
2.911173500,-0.683735808
2.911377000,-0.687596291
2.911580400,-0.687456844
2.911783900,-0.687317328
2.911987300,-0.687177880
2.912190800,-0.691038364
2.912394200,-0.690898916
2.912597700,-0.690759400
2.912801100,-0.694619952
2.913004600,-0.694480436
2.913208000,-0.694340988
2.913411500,-0.698201472
2.913614900,-0.698062025
2.913818400,-0.697922508
2.914021800,-0.701783061
2.914225300,-0.705643545
2.914428700,-0.701504097
2.914632200,-0.701364581
2.914835600,-0.705225133
2.915039100,-0.705085617
2.915242500,-0.704946169
2.915446000,-0.708806653
2.915649400,-0.708667205
2.915852900,-0.708527689
2.916056300,-0.716388242
2.916259800,-0.716248725
2.916463200,-0.716109278
2.916666700,-0.715969761
2.916870100,-0.719830314
2.917073600,-0.719690798
2.917277000,-0.719551350
2.917480500,-0.727411834
2.917683900,-0.727272386
2.917887400,-0.727132870
2.918090800,-0.730993422
2.918294300,-0.730853906
2.918497700,-0.730714458
2.918701200,-0.730574942
2.918904600,-0.734435495
2.919108100,-0.734295978
2.919311500,-0.734156531
2.919515000,-0.742017015
2.919718400,-0.741877567
2.919921900,-0.741738051
2.920125300,-0.749598603
2.920328800,-0.749459087
2.920532200,-0.749319639
2.920735700,-0.749180123
2.920939100,-0.757040675
2.921142600,-0.756901159
2.921346000,-0.756761712
2.921549500,-0.764622195
2.921752900,-0.764482748
2.921956400,-0.764343232
2.922159800,-0.772203784
2.922363300,-0.772064268
2.922566700,-0.771924820
2.922770200,-0.775785304
2.922973600,-0.775645856
2.923177100,-0.779506340
2.923380500,-0.779366892
2.923584000,-0.783227376
2.923787400,-0.787087928
2.923990900,-0.786948412
2.924194300,-0.794808965
2.924397800,-0.794669448
2.924601200,-0.794530001
2.924804700,-0.802390485
2.925008100,-0.802251037
2.925211600,-0.802111521
2.925415000,-0.805972073
2.925618500,-0.809832557
2.925821900,-0.813693109
2.926025400,-0.813553593
2.926228800,-0.821414145
2.926432300,-0.821274629
2.926635700,-0.821135182
2.926839200,-0.828995665
2.927042600,-0.828856218
2.927246100,-0.828716702
2.927449500,-0.832577254
2.927653000,-0.836437738
2.927856400,-0.840298290
2.928059900,-0.836158774
2.928263300,-0.844019326
2.928466800,-0.843879810
2.928670200,-0.843740362
2.928873700,-0.851600846
2.929077100,-0.851461399
2.929280600,-0.855321882
2.929484000,-0.855182435
2.929687500,-0.863042918
2.929891000,-0.862903402
2.930094400,-0.862763955
2.930297900,-0.870624438
2.930501300,-0.870484991
2.930704800,-0.874345475
2.930908200,-0.878206027
2.931111700,-0.882066511
2.931315100,-0.881927063
2.931518600,-0.881787547
2.931722000,-0.889648099
2.931925500,-0.889508583
2.932128900,-0.893369135
2.932332400,-0.897229619
2.932535800,-0.901090172
2.932739300,-0.900950655
2.932942700,-0.908811208
2.933146200,-0.908671692
2.933349600,-0.912532244
2.933553100,-0.912392728
2.933756500,-0.916253280
2.933960000,-0.916113764
2.934163400,-0.915974316
2.934366900,-0.923834800
2.934570300,-0.923695352
2.934773800,-0.927555836
2.934977200,-0.935416389
2.935180700,-0.935276872
2.935384100,-0.935137425
2.935587600,-0.942997908
2.935791000,-0.946858461
2.935994500,-0.946718945
2.936197900,-0.946579497
2.936401400,-0.954439981
2.936604800,-0.954300533
2.936808300,-0.958161017
2.937011700,-0.966021569
2.937215200,-0.965882053
2.937418600,-0.969742605
2.937622100,-0.973603089
2.937825500,-0.977463642
2.938029000,-0.977324125
2.938232400,-0.981184678
2.938435900,-0.985045162
2.938639300,-0.988905714
2.938842800,-0.988766198
2.939046200,-0.996626750
2.939249700,-1.000487234
2.939453100,-1.000347786
2.939656600,-1.008208270
2.939860000,-1.008068822
2.940063500,-1.011929306
2.940266900,-1.011789859
2.940470400,-1.019650342
2.940673800,-1.019510895
2.940877300,-1.023371379
2.941080700,-1.027231931
2.941284200,-1.027092415
2.941487600,-1.030952967
2.941691100,-1.038813451
2.941894500,-1.038674003
2.942098000,-1.038534487
2.942301400,-1.042395039
2.942504900,-1.050255523
2.942708300,-1.050116076
2.942911800,-1.053976559
2.943115200,-1.057837112
2.943318700,-1.061697595
2.943522100,-1.061558148
2.943725600,-1.069418632
2.943929000,-1.073279184
2.944132500,-1.073139668
2.944335900,-1.081000220
2.944539400,-1.080860704
2.944742800,-1.084721256
2.944946300,-1.084581740
2.945149700,-1.092442292
2.945353200,-1.096302776
2.945556600,-1.096163329
2.945760100,-1.104023812
2.945963500,-1.103884365
2.946167000,-1.107744849
2.946370400,-1.111605401
2.946573900,-1.115465885
2.946777300,-1.115326437
2.946980800,-1.119186921
2.947184200,-1.123047473
2.947387700,-1.126907957
2.947591100,-1.126768509
2.947794600,-1.134628993
2.947998000,-1.134489546
2.948201500,-1.138350029
2.948404900,-1.142210582
2.948608400,-1.146071066
2.948811800,-1.145931618
2.949015300,-1.149792102
2.949218800,-1.153652585
2.949422200,-1.157513138
2.949625700,-1.157373622
2.949829100,-1.165234174
2.950032600,-1.165094658
2.950236000,-1.164955210
2.950439500,-1.172815694
2.950642900,-1.172676246
2.950846400,-1.176536730
2.951049800,-1.176397282
2.951253300,-1.184257766
2.951456700,-1.184118319
2.951660200,-1.183978802
2.951863600,-1.191839355
2.952067100,-1.191699839
2.952270500,-1.187560391
2.952474000,-1.195420875
2.952677400,-1.195281427
2.952880900,-1.195141911
2.953084300,-1.203002463
2.953287800,-1.202862947
2.953491200,-1.202723499
2.953694700,-1.206583983
2.953898100,-1.210444536
2.954101600,-1.210305019
2.954305000,-1.214165572
2.954508500,-1.218026055
2.954711900,-1.217886608
2.954915400,-1.217747092
2.955118800,-1.225607644
2.955322300,-1.225468128
2.955525700,-1.225328680
2.955729200,-1.225189164
2.955932600,-1.233049716
2.956136100,-1.232910200
2.956339500,-1.232770752
2.956543000,-1.240631236
2.956746400,-1.240491789
2.956949900,-1.240352272
2.957153300,-1.244212825
2.957356800,-1.248073309
2.957560200,-1.247933861
2.957763700,-1.247794345
2.957967100,-1.251654897
2.958170600,-1.251515381
2.958374000,-1.255375933
2.958577500,-1.259236417
2.958780900,-1.259096969
2.958984400,-1.258957453
2.959187800,-1.266818006
2.959391300,-1.266678489
2.959594700,-1.266539042
2.959798200,-1.266399526
2.960001600,-1.270260078
2.960205100,-1.274120562
2.960408500,-1.273981114
2.960612000,-1.277841598
2.960815400,-1.277702150
2.961018900,-1.277562634
2.961222300,-1.285423186
2.961425800,-1.285283670
2.961629200,-1.285144223
2.961832700,-1.285004706
2.962036100,-1.288865259
2.962239600,-1.292725742
2.962443000,-1.292586295
2.962646500,-1.296446779
2.962849900,-1.296307331
2.963053400,-1.296167815
2.963256800,-1.300028367
2.963460300,-1.303888851
2.963663700,-1.303749403
2.963867200,-1.307609887
2.964070600,-1.307470439
2.964274100,-1.307330923
2.964477500,-1.307191476
2.964681000,-1.311051959
2.964884400,-1.314912512
2.965087900,-1.314772996
2.965291300,-1.318633548
2.965494800,-1.318494032
2.965698200,-1.318354584
2.965901700,-1.322215068
2.966105100,-1.322075620
2.966308600,-1.321936104
2.966512000,-1.321796656
2.966715500,-1.325657140
2.966918900,-1.325517693
2.967122400,-1.325378176
2.967325800,-1.329238729
2.967529300,-1.329099213
2.967732700,-1.328959765
2.967936200,-1.332820249
2.968139600,-1.332680801
2.968343100,-1.332541285
2.968546500,-1.332401837
2.968750000,-1.336262321
2.968953500,-1.336122805
2.969156900,-1.335983357
2.969360400,-1.339843841
2.969563800,-1.339704393
2.969767300,-1.339564877
2.969970700,-1.343425429
2.970174200,-1.343285913
2.970377600,-1.339146466
2.970581100,-1.339006949
2.970784500,-1.342867502
2.970988000,-1.342727986
2.971191400,-1.342588538
2.971394900,-1.346449022
2.971598300,-1.342309574
2.971801800,-1.342170058
2.972005200,-1.346030610
2.972208700,-1.345891094
2.972412100,-1.345751646
2.972615600,-1.345612130
2.972819000,-1.345472683
2.973022500,-1.345333166
2.973225900,-1.345193719
2.973429400,-1.345054203
2.973632800,-1.344914755
2.973836300,-1.344775239
2.974039700,-1.344635791
2.974243200,-1.344496275
2.974446600,-1.344356827
2.974650100,-1.344217311
2.974853500,-1.344077863
2.975057000,-1.343938347
2.975260400,-1.343798899
2.975463900,-1.343659383
2.975667300,-1.347519936
2.975870800,-1.347380419
2.976074200,-1.347240972
2.976277700,-1.347101456
2.976481100,-1.342962008
2.976684600,-1.346822492
2.976888000,-1.346683044
2.977091500,-1.342543528
2.977294900,-1.342404080
2.977498400,-1.342264564
2.977701800,-1.342125116
2.977905300,-1.341985600
2.978108700,-1.341846153
2.978312200,-1.341706636
2.978515600,-1.337567189
2.978719100,-1.341427673
2.978922500,-1.337288225
2.979126000,-1.337148709
2.979329400,-1.337009261
2.979532900,-1.336869745
2.979736300,-1.336730297
2.979939800,-1.332590781
2.980143200,-1.336451333
2.980346700,-1.332311817
2.980550100,-1.332172370
2.980753600,-1.332032853
2.980957000,-1.331893406
2.981160500,-1.327753889
2.981363900,-1.327614442
2.981567400,-1.327474926
2.981770800,-1.327335478
2.981974300,-1.327195962
2.982177700,-1.327056514
2.982381200,-1.322916998
2.982584600,-1.322777550
2.982788100,-1.322638034
2.982991500,-1.322498586
2.983195000,-1.318359070
2.983398400,-1.322219623
2.983601900,-1.318080106
2.983805300,-1.317940659
2.984008800,-1.313801143
2.984212200,-1.317661695
2.984415700,-1.313522179
2.984619100,-1.313382731
2.984822600,-1.313243215
2.985026000,-1.309103767
2.985229500,-1.308964251
2.985432900,-1.308824803
2.985636400,-1.308685287
2.985839800,-1.304545840
2.986043300,-1.304406323
2.986246700,-1.304266876
2.986450200,-1.304127360
2.986653600,-1.299987912
2.986857100,-1.303848396
2.987060500,-1.303708948
2.987264000,-1.299569432
2.987467400,-1.299429984
2.987670900,-1.299290468
2.987874300,-1.299151020
2.988077800,-1.295011504
2.988281300,-1.294871988
2.988484700,-1.294732540
2.988688200,-1.290593024
2.988891600,-1.290453576
2.989095100,-1.290314060
2.989298500,-1.286174613
2.989502000,-1.290035096
2.989705400,-1.285895649
2.989908900,-1.285756133
2.990112300,-1.281616685
2.990315800,-1.281477169
2.990519200,-1.281337721
2.990722700,-1.277198205
2.990926100,-1.277058757
2.991129600,-1.276919241
2.991333000,-1.276779793
2.991536500,-1.276640277
2.991739900,-1.272500830
2.991943400,-1.272361313
2.992146800,-1.272221866
2.992350300,-1.268082350
2.992553700,-1.267942902
2.992757200,-1.267803386
2.992960600,-1.267663938
2.993164100,-1.263524422
2.993367500,-1.263384974
2.993571000,-1.263245458
2.993774400,-1.263106010
2.993977900,-1.258966494
2.994181300,-1.258827047
2.994384800,-1.262687530
2.994588200,-1.262548083
2.994791700,-1.258408566
2.994995100,-1.258269119
2.995198600,-1.258129603
2.995402000,-1.257990155
2.995605500,-1.257850639
2.995808900,-1.253711191
2.996012400,-1.253571675
2.996215800,-1.253432227
2.996419300,-1.253292711
2.996622700,-1.253153263
2.996826200,-1.249013747
2.997029600,-1.248874300
2.997233100,-1.248734783
2.997436500,-1.248595336
2.997640000,-1.248455820
2.997843400,-1.248316372
2.998046900,-1.248176856
2.998250300,-1.248037408
2.998453800,-1.247897892
2.998657200,-1.243758444
2.998860700,-1.243618928
2.999064100,-1.247479480
2.999267600,-1.243339964
2.999471000,-1.243200517
2.999674500,-1.247061000
2.999877900,-1.242921553
3.000081400,-1.242782037
3.000284800,-1.250642589
3.000488300,-1.246503073
3.000691700,-1.246363625
3.000895200,-1.250224109
3.001098600,-1.250084661
3.001302100,-1.249945145
3.001505500,-1.245805697
3.001709000,-1.249666181
3.001912400,-1.249526733
3.002115900,-1.249387217
3.002319300,-1.253247770
3.002522800,-1.253108253
3.002726200,-1.252968806
3.002929700,-1.252829290
3.003133100,-1.252689842
3.003336600,-1.252550326
3.003540000,-1.252410878
3.003743500,-1.256271362
3.003946900,-1.256131914
3.004150400,-1.255992398
3.004353800,-1.259852950
3.004557300,-1.259713434
3.004760700,-1.259573987
3.004964200,-1.263434470
3.005167600,-1.267295023
3.005371100,-1.271155507
3.005574500,-1.271016059
3.005778000,-1.274876543
3.005981400,-1.274737095
3.006184900,-1.274597579
3.006388300,-1.282458131
3.006591800,-1.282318615
3.006795200,-1.282179167
3.006998700,-1.286039651
3.007202100,-1.289900204
3.007405600,-1.289760687
3.007609000,-1.289621240
3.007812500,-1.297481723
3.008016000,-1.297342207
3.008219400,-1.297202760
3.008422900,-1.305063243
3.008626300,-1.304923796
3.008829800,-1.304784280
3.009033200,-1.312644832
3.009236700,-1.312505316
3.009440100,-1.316365868
3.009643600,-1.316226352
3.009847000,-1.328086904
3.010050500,-1.327947388
3.010253900,-1.331807940
3.010457400,-1.339668424
3.010660800,-1.339528977
3.010864300,-1.343389460
3.011067700,-1.351250013
3.011271200,-1.351110497
3.011474600,-1.354971049
3.011678100,-1.362831533
3.011881500,-1.362692085
3.012085000,-1.366552569
3.012288400,-1.370413121
3.012491900,-1.378273605
3.012695300,-1.378134157
3.012898800,-1.381994641
3.013102200,-1.389855194
3.013305700,-1.393715677
3.013509100,-1.397576230
3.013712600,-1.405436713
3.013916000,-1.409297266
3.014119500,-1.413157750
3.014322900,-1.417018302
3.014526400,-1.428878786
3.014729800,-1.428739338
3.014933300,-1.432599822
3.015136700,-1.444460374
3.015340200,-1.448320858
3.015543600,-1.452181410
3.015747100,-1.460041894
3.015950500,-1.463902447
3.016154000,-1.467762930
3.016357400,-1.471623483
3.016560900,-1.483483967
3.016764300,-1.487344519
3.016967800,-1.491205003
3.017171200,-1.503065555
3.017374700,-1.506926039
3.017578100,-1.510786591
3.017781600,-1.522647075
3.017985000,-1.530507627
3.018188500,-1.534368111
3.018391900,-1.538228664
3.018595400,-1.554089147
3.018798800,-1.557949700
3.019002300,-1.561810184
3.019205700,-1.577670736
3.019409200,-1.581531220
3.019612600,-1.585391772
3.019816100,-1.601252256
3.020019500,-1.605112808
3.020223000,-1.608973292
3.020426400,-1.624833844
3.020629900,-1.628694328
3.020833300,-1.636554881
3.021036800,-1.640415364
3.021240200,-1.656275917
3.021443700,-1.668136400
3.021647100,-1.671996953
3.021850600,-1.691857437
3.022054000,-1.695717989
3.022257500,-1.703578473
3.022460900,-1.719439025
3.022664400,-1.727299509
3.022867800,-1.735160061
3.023071300,-1.739020545
3.023274700,-1.758881097
3.023478200,-1.766741581
3.023681600,-1.774602134
3.023885100,-1.790462617
3.024088500,-1.798323170
3.024292000,-1.806183654
3.024495400,-1.826044206
3.024698900,-1.833904690
3.024902300,-1.849765242
3.025105800,-1.857625726
3.025309200,-1.877486278
3.025512700,-1.885346762
3.025716100,-1.897207314
3.025919600,-1.917067798
3.026123000,-1.924928351
3.026326500,-1.936788834
3.026529900,-1.960649387
3.026733400,-1.968509870
3.026936800,-1.980370423
3.027140300,-1.988230907
3.027343800,-2.016091390
3.027547200,-2.023951943
3.027750700,-2.035812427
3.027954100,-2.059672979
3.028157600,-2.075533463
3.028361000,-2.087394015
3.028564500,-2.115254499
3.028767900,-2.127115051
3.028971400,-2.138975535
3.029174800,-2.150836087
3.029378300,-2.178696571
3.029581700,-2.190557124
3.029785200,-2.202417607
3.029988600,-2.230278160
3.030192100,-2.242138644
3.030395500,-2.253999196
3.030599000,-2.285859680
3.030802400,-2.297720232
3.031005900,-2.309580716
3.031209300,-2.345441268
3.031412800,-2.357301752
3.031616200,-2.373162304
3.031819700,-2.385022788
3.032023100,-2.416883341
3.032226600,-2.428743824
3.032430000,-2.440604377
3.032633500,-2.472464860
3.032836900,-2.484325413
3.033040400,-2.500185897
3.033243800,-2.532046449
3.033447300,-2.543906933
3.033650700,-2.555767485
3.033854200,-2.571627969
3.034057600,-2.603488521
3.034261100,-2.615349005
3.034464500,-2.631209557
3.034668000,-2.659070041
3.034871400,-2.670930594
3.035074900,-2.682791077
3.035278300,-2.714651630
3.035481800,-2.726512114
3.035685200,-2.738372666
3.035888700,-2.750233150
3.036092100,-2.778093702
3.036295600,-2.789954186
3.036499000,-2.797814738
3.036702500,-2.825675222
3.036905900,-2.841535774
3.037109400,-2.849396258
3.037312800,-2.873256811
3.037516300,-2.885117294
3.037719700,-2.892977847
3.037923200,-2.904838331
3.038126600,-2.924698883
3.038330100,-2.936559367
3.038533500,-2.944419919
3.038737000,-2.964280403
3.038940400,-2.972140955
3.039143900,-2.980001439
3.039347300,-2.995861991
3.039550800,-3.003722475
3.039754200,-3.015583028
3.039957700,-3.031443511
3.040161100,-3.039304064
3.040364600,-3.043164547
3.040568000,-3.047025100
3.040771500,-3.062885584
3.040974900,-3.066746136
3.041178400,-3.070606620
3.041381800,-3.086467172
3.041585300,-3.090327656
3.041788700,-3.090188208
3.041992200,-3.102048692
3.042195600,-3.105909244
3.042399100,-3.113769728
3.042602500,-3.113630281
3.042806000,-3.125490764
3.043009400,-3.125351317
3.043212900,-3.129211801
3.043416300,-3.137072353
3.043619800,-3.136932837
3.043823200,-3.136793389
3.044026700,-3.144653873
3.044230100,-3.144514425
3.044433600,-3.144374909
3.044637000,-3.144235461
3.044840500,-3.156095945
3.045043900,-3.155956498
3.045247400,-3.155816981
3.045450800,-3.159677534
3.045654300,-3.159538018
3.045857700,-3.159398570
3.046061200,-3.163259054
3.046264600,-3.159119606
3.046468100,-3.158980090
3.046671500,-3.158840642
3.046875000,-3.162701126
3.047078500,-3.162561610
3.047281900,-3.166422162
3.047485400,-3.166282646
3.047688800,-3.166143198
3.047892300,-3.166003682
3.048095700,-3.165864234
3.048299200,-3.165724718
3.048502600,-3.165585271
3.048706100,-3.165445754
3.048909500,-3.165306307
3.049113000,-3.165166791
3.049316400,-3.161027343
3.049519900,-3.164887827
3.049723300,-3.168748379
3.049926800,-3.164608863
3.050130200,-3.168469415
3.050333700,-3.164329899
3.050537100,-3.164190451
3.050740600,-3.164050935
3.050944000,-3.163911488
3.051147500,-3.163771971
3.051350900,-3.163632524
3.051554400,-3.163493008
3.051757800,-3.163353560
3.051961300,-3.159214044
3.052164700,-3.163074596
3.052368200,-3.162935080
3.052571600,-3.162795632
3.052775100,-3.162656116
3.052978500,-3.162516668
3.053182000,-3.158377152
3.053385400,-3.158237704
3.053588900,-3.158098188
3.053792300,-3.153958741
3.053995800,-3.153819224
3.054199200,-3.153679777
3.054402700,-3.153540261
3.054606100,-3.153400813
3.054809600,-3.153261297
3.055013000,-3.149121849
3.055216500,-3.144982333
3.055419900,-3.144842885
3.055623400,-3.140703369
3.055826800,-3.140563921
3.056030300,-3.136424405
3.056233700,-3.136284958
3.056437200,-3.132145441
3.056640600,-3.132005994
3.056844100,-3.131866478
3.057047500,-3.127727030
3.057251000,-3.123587514
3.057454400,-3.119448066
3.057657900,-3.115308550
3.057861300,-3.111169102
3.058064800,-3.107029586
3.058268200,-3.102890138
3.058471700,-3.098750622
3.058675100,-3.094611175
3.058878600,-3.094471658
3.059082000,-3.090332211
3.059285500,-3.086192694
3.059488900,-3.082053247
3.059692400,-3.077913731
3.059895800,-3.073774283
3.060099300,-3.065634767
3.060302700,-3.061495319
3.060506200,-3.057355803
3.060709600,-3.049216355
3.060913100,-3.049076839
3.061116500,-3.040937391
3.061320000,-3.036797875
3.061523400,-3.028658428
3.061726900,-3.024518911
3.061930300,-3.016379464
3.062133800,-3.012239948
3.062337200,-3.004100500
3.062540700,-2.995960984
3.062744100,-2.987821536
3.062947600,-2.983682020
3.063151000,-2.979542572
3.063354500,-2.971403056
3.063557900,-2.963263608
3.063761400,-2.955124092
3.063964800,-2.946984645
3.064168300,-2.938845128
3.064371700,-2.930705681
3.064575200,-2.922566165
3.064778600,-2.914426717
3.064982100,-2.906287201
3.065185500,-2.898147753
3.065389000,-2.890008237
3.065592400,-2.877868789
3.065795900,-2.869729273
3.065999300,-2.861589825
3.066202800,-2.853450309
3.066406300,-2.837310793
3.066609700,-2.829171345
3.066813200,-2.821031829
3.067016600,-2.808892381
3.067220100,-2.800752865
3.067423500,-2.788613418
3.067627000,-2.772473901
3.067830400,-2.764334454
3.068033900,-2.752194938
3.068237300,-2.736055490
3.068440800,-2.723915974
3.068644200,-2.715776526
3.068847700,-2.703637010
3.069051100,-2.691497562
3.069254600,-2.679358046
3.069458000,-2.667218598
3.069661500,-2.647079082
3.069864900,-2.638939635
3.070068400,-2.626800118
3.070271800,-2.606660671
3.070475300,-2.594521155
3.070678700,-2.582381707
3.070882200,-2.570242191
3.071085600,-2.554102743
3.071289100,-2.541963227
3.071492500,-2.533823779
3.071696000,-2.513684263
3.071899400,-2.501544815
3.072102900,-2.489405299
3.072306300,-2.469265851
3.072509800,-2.457126335
3.072713200,-2.444986888
3.072916700,-2.436847371
3.073120100,-2.416707924
3.073323600,-2.404568408
3.073527000,-2.392428960
3.073730500,-2.372289444
3.073933900,-2.364149996
3.074137400,-2.352010480
3.074340800,-2.331871032
3.074544300,-2.319731516
3.074747700,-2.315592068
3.074951200,-2.303452552
3.075154600,-2.287313105
3.075358100,-2.275173588
3.075561500,-2.267034141
3.075765000,-2.250894625
3.075968400,-2.242755177
3.076171900,-2.230615661
3.076375300,-2.218476213
3.076578800,-2.210336697
3.076782200,-2.202197249
3.076985700,-2.190057733
3.077189100,-2.181918285
3.077392600,-2.173778769
3.077596000,-2.165639322
3.077799500,-2.157499805
3.078002900,-2.149360358
3.078206400,-2.141220841
3.078409800,-2.137081394
3.078613300,-2.132941878
3.078816700,-2.124802430
3.079020200,-2.116662914
3.079223600,-2.112523466
3.079427100,-2.108383950
3.079630500,-2.100244502
3.079834000,-2.096104986
3.080037400,-2.091965538
3.080240900,-2.091826022
3.080444300,-2.087686575
3.080647800,-2.087547058
3.080851200,-2.083407611
3.081054700,-2.079268095
3.081258100,-2.079128647
3.081461600,-2.074989131
3.081665000,-2.074849683
3.081868500,-2.074710167
3.082071900,-2.074570719
3.082275400,-2.074431203
3.082478800,-2.078291755
3.082682300,-2.078152239
3.082885700,-2.074012792
3.083089200,-2.077873275
3.083292600,-2.077733828
3.083496100,-2.077594312
3.083699500,-2.085454864
3.083903000,-2.089315348
3.084106400,-2.089175900
3.084309900,-2.089036384
3.084513300,-2.096896936
3.084716800,-2.096757420
3.084920200,-2.100617972
3.085123700,-2.108478456
3.085327100,-2.108339009
3.085530600,-2.116199492
3.085734000,-2.116060045
3.085937500,-2.123920528
3.086141000,-2.127781012
3.086344400,-2.127641565
3.086547900,-2.139502048
3.086751300,-2.143362601
3.086954800,-2.143223085
3.087158200,-2.159083637
3.087361700,-2.162944121
3.087565100,-2.162804673
3.087768600,-2.174665157
3.087972000,-2.178525709
3.088175500,-2.182386193
3.088378900,-2.186246745
3.088582400,-2.194107229
3.088785800,-2.201967782
3.088989300,-2.205828265
3.089192700,-2.217688818
3.089396200,-2.221549302
3.089599600,-2.225409854
3.089803100,-2.233270338
3.090006500,-2.237130890
3.090210000,-2.240991374
3.090413400,-2.248851926
3.090616900,-2.260712410
3.090820300,-2.260572962
3.091023800,-2.264433446
3.091227200,-2.276293999
3.091430700,-2.276154482
3.091634100,-2.280015035
3.091837600,-2.291875518
3.092041000,-2.295736071
3.092244500,-2.299596555
3.092447900,-2.299457107
3.092651400,-2.311317591
3.092854800,-2.311178143
3.093058300,-2.315038627
3.093261700,-2.322899179
3.093465200,-2.322759663
3.093668600,-2.326620215
3.093872100,-2.334480699
3.094075500,-2.334341252
3.094279000,-2.338201735
3.094482400,-2.338062288
3.094685900,-2.341922772
3.094889300,-2.341783324
3.095092800,-2.345643808
3.095296200,-2.353504360
3.095499700,-2.353364844
3.095703100,-2.353225396
3.095906600,-2.357085880
3.096110000,-2.356946432
3.096313500,-2.352806916
3.096516900,-2.356667469
3.096720400,-2.356527952
3.096923800,-2.360388505
3.097127300,-2.356248989
3.097330700,-2.360109541
3.097534200,-2.355970025
3.097737600,-2.355830577
3.097941100,-2.355691061
3.098144500,-2.355551613
3.098348000,-2.351412097
3.098551400,-2.355272649
3.098754900,-2.355133133
3.098958300,-2.350993685
3.099161800,-2.350854169
3.099365200,-2.350714722
3.099568700,-2.346575205
3.099772100,-2.342435758
3.099975600,-2.346296242
3.100179000,-2.342156794
3.100382500,-2.342017278
3.100585900,-2.337877830
3.100789400,-2.337738314
3.100992800,-2.333598866
3.101196300,-2.329459350
3.101399700,-2.329319902
3.101603200,-2.329180386
3.101806600,-2.325040939
3.102010100,-2.324901422
3.102213500,-2.320761975
3.102417000,-2.320622459
3.102620400,-2.316483011
3.102823900,-2.312343495
3.103027300,-2.316204047
3.103230800,-2.312064531
3.103434200,-2.311925083
3.103637700,-2.307785567
3.103841100,-2.303646119
3.104044600,-2.303506603
3.104248000,-2.299367156
3.104451500,-2.303227639
3.104654900,-2.299088192
3.104858400,-2.298948675
3.105061800,-2.294809228
3.105265300,-2.294669712
3.105468800,-2.290530195
3.105672200,-2.290390748
3.105875700,-2.286251232
3.106079100,-2.290111784
3.106282600,-2.289972268
3.106486000,-2.285832820
3.106689500,-2.285693304
3.106892900,-2.285553856
3.107096400,-2.281414340
3.107299800,-2.281274892
3.107503300,-2.285135376
3.107706700,-2.280995929
3.107910200,-2.280856412
3.108113600,-2.280716965
3.108317100,-2.280577449
3.108520500,-2.276438001
3.108724000,-2.280298485
3.108927400,-2.280159037
3.109130900,-2.280019521
3.109334300,-2.279880073
3.109537800,-2.279740557
3.109741200,-2.279601109
3.109944700,-2.279461593
3.110148100,-2.279322146
3.110351600,-2.283182629
3.110555000,-2.279043182
3.110758500,-2.282903665
3.110961900,-2.282764218
3.111165400,-2.282624702
3.111368800,-2.282485254
3.111572300,-2.282345738
3.111775700,-2.286206290
3.111979200,-2.282066774
3.112182600,-2.285927326
3.112386100,-2.285787810
3.112589500,-2.285648362
3.112793000,-2.285508846
3.112996400,-2.285369399
3.113199900,-2.289229882
3.113403300,-2.293090435
3.113606800,-2.288950919
3.113810200,-2.288811471
3.114013700,-2.288671955
3.114217100,-2.292532507
3.114420600,-2.292392991
3.114624000,-2.292253543
3.114827500,-2.296114027
3.115030900,-2.295974579
3.115234400,-2.295835063
3.115437800,-2.295695616
3.115641300,-2.295556099
3.115844700,-2.295416652
3.116048200,-2.303277136
3.116251600,-2.299137688
3.116455100,-2.298998172
3.116658500,-2.298858724
3.116862000,-2.302719208
3.117065400,-2.302579760
3.117268900,-2.298440244
3.117472300,-2.306300796
3.117675800,-2.306161280
3.117879200,-2.306021833
3.118082700,-2.305882316
3.118286100,-2.305742869
3.118489600,-2.305603352
3.118693000,-2.309463905
3.118896500,-2.309324389
3.119099900,-2.309184941
3.119303400,-2.309045425
3.119506800,-2.312905977
3.119710300,-2.312766461
3.119913700,-2.308627013
3.120117200,-2.316487497
3.120320600,-2.316348049
3.120524100,-2.316208533
3.120727500,-2.316069086
3.120931000,-2.315929569
3.121134400,-2.315790122
3.121337900,-2.319650606
3.121541300,-2.323511158
3.121744800,-2.323371642
3.121948200,-2.319232194
3.122151700,-2.323092678
3.122355100,-2.322953230
3.122558600,-2.322813714
3.122762000,-2.326674266
3.122965500,-2.330534750
3.123168900,-2.330395303
3.123372400,-2.330255786
3.123575800,-2.334116339
3.123779300,-2.333976822
3.123982700,-2.333837375
3.124186200,-2.341697859
3.124389600,-2.341558411
3.124593100,-2.341418895
3.124796500,-2.345279447
3.125000000,-2.345139931
3.125203500,-2.345000415
3.125406900,-2.348860967
3.125610400,-2.352721451
3.125813800,-2.356582003
3.126017300,-2.356442487
3.126220700,-2.360303039
3.126424200,-2.360163523
3.126627600,-2.364024076
3.126831100,-2.371884559
3.127034500,-2.371745112
3.127238000,-2.371605596
3.127441400,-2.375466148
3.127644900,-2.379326632
3.127848300,-2.383187184
3.128051800,-2.387047668
3.128255200,-2.394908220
3.128458700,-2.394768704
3.128662100,-2.394629256
3.128865600,-2.402489740
3.129069000,-2.406350293
3.129272500,-2.410210776
3.129475900,-2.414071329
3.129679400,-2.421931812
3.129882800,-2.421792365
3.130086300,-2.425652849
3.130289700,-2.433513401
3.130493200,-2.441373885
3.130696600,-2.441234437
3.130900100,-2.453094921
3.131103500,-2.452955473
3.131307000,-2.456815957
3.131510400,-2.460676509
3.131713900,-2.468536993
3.131917300,-2.476397546
3.132120800,-2.480258029
3.132324200,-2.488118582
3.132527700,-2.491979066
3.132731100,-2.495839618
3.132934600,-2.507700102
3.133138000,-2.515560654
3.133341500,-2.519421138
3.133544900,-2.523281690
3.133748400,-2.535142174
3.133951800,-2.539002726
3.134155300,-2.542863210
3.134358700,-2.558723763
3.134562200,-2.562584246
3.134765600,-2.566444799
3.134969100,-2.582305283
3.135172500,-2.586165835
3.135376000,-2.590026319
3.135579400,-2.609886871
3.135782900,-2.613747355
3.135986300,-2.617607907
3.136189800,-2.625468391
3.136393200,-2.641328943
3.136596700,-2.645189427
3.136800100,-2.657049980
3.137003600,-2.672910463
3.137207000,-2.676771016
3.137410500,-2.684631499
3.137613900,-2.700492052
3.137817400,-2.708352536
3.138020800,-2.720213088
3.138224300,-2.724073572
3.138427700,-2.743934124
3.138631200,-2.751794608
3.138834600,-2.755655160
3.139038100,-2.775515644
3.139241500,-2.787376196
3.139445000,-2.795236680
3.139648400,-2.815097233
3.139851900,-2.822957716
3.140055300,-2.830818269
3.140258800,-2.838678753
3.140462200,-2.862539305
3.140665700,-2.874399789
3.140869100,-2.882260341
3.141072600,-2.902120825
3.141276000,-2.909981377
3.141479500,-2.921841861
3.141682900,-2.945702413
3.141886400,-2.957562897
3.142089800,-2.965423450
3.142293300,-2.973283933
3.142496700,-2.997144486
3.142700200,-3.005004970
3.142903600,-3.020865522
3.143107100,-3.044726006
3.143310500,-3.052586558
3.143514000,-3.064447042
3.143717400,-3.084307594
3.143920900,-3.100168078
3.144124300,-3.108028630
3.144327800,-3.131889114
3.144531300,-3.143749598
3.144734700,-3.151610150
3.144938200,-3.163470634
3.145141600,-3.191331186
3.145345100,-3.199191670
3.145548500,-3.207052223
3.145752000,-3.230912706
3.145955400,-3.242773259
3.146158900,-3.250633743
3.146362300,-3.278494295
3.146565800,-3.286354779
3.146769200,-3.294215331
3.146972700,-3.302075815
3.147176100,-3.325936367
3.147379600,-3.333796851
3.147583000,-3.345657403
3.147786500,-3.365517887
3.147989900,-3.373378440
3.148193400,-3.381238923
3.148396800,-3.401099476
3.148600300,-3.412959960
3.148803700,-3.420820512
3.149007200,-3.424680996
3.149210600,-3.444541548
3.149414100,-3.448402032
3.149617500,-3.456262584
3.149821000,-3.476123068
3.150024400,-3.479983620
3.150227900,-3.487844104
3.150431300,-3.499704656
3.150634800,-3.503565140
3.150838200,-3.507425693
3.151041700,-3.515286176
3.151245100,-3.527146729
3.151448600,-3.531007213
3.151652000,-3.534867765
3.151855500,-3.542728249
3.152058900,-3.550588801
3.152262400,-3.550449285
3.152465800,-3.558309837
3.152669300,-3.558170321
3.152872700,-3.558030873
3.153076200,-3.561891357
3.153279600,-3.569751910
3.153483100,-3.569612393
3.153686500,-3.565472946
3.153890000,-3.569333430
3.154093400,-3.569193982
3.154296900,-3.569054466
3.154500300,-3.568915018
3.154703800,-3.568775502
3.154907200,-3.564636054
3.155110700,-3.560496538
3.155314100,-3.560357090
3.155517600,-3.560217574
3.155721000,-3.556078127
3.155924500,-3.551938610
3.156127900,-3.543799163
3.156331400,-3.539659646
3.156534800,-3.539520199
3.156738300,-3.531380683
3.156941700,-3.527241235
3.157145200,-3.519101719
3.157348600,-3.510962271
3.157552100,-3.506822755
3.157755500,-3.502683307
3.157959000,-3.494543791
3.158162400,-3.486404343
3.158365900,-3.478264827
3.158569300,-3.466125380
3.158772800,-3.461985863
3.158976200,-3.453846416
3.159179700,-3.441706900
3.159383100,-3.433567452
3.159586600,-3.425427936
3.159790000,-3.417288488
3.159993500,-3.409148972
3.160196900,-3.397009524
3.160400400,-3.388870008
3.160603800,-3.376730560
3.160807300,-3.364591044
3.161010700,-3.360451597
3.161214200,-3.348312080
3.161417600,-3.336172633
3.161621100,-3.328033117
3.161824500,-3.319893669
3.162028000,-3.307754153
3.162231400,-3.295614705
3.162434900,-3.287475189
3.162638300,-3.271335741
3.162841800,-3.263196225
3.163045200,-3.255056777
3.163248700,-3.242917261
3.163452100,-3.230777814
3.163655600,-3.222638297
3.163859000,-3.206498850
3.164062500,-3.198359333
3.164266000,-3.190219817
3.164469400,-3.182080370
3.164672900,-3.165940853
3.164876300,-3.157801406
3.165079800,-3.145661890
3.165283200,-3.137522442
3.165486700,-3.125382926
3.165690100,-3.117243478
3.165893600,-3.101103962
3.166097000,-3.092964514
3.166300500,-3.088824998
3.166503900,-3.076685550
3.166707400,-3.064546034
3.166910800,-3.056406587
3.167114300,-3.044267070
3.167317700,-3.032127623
3.167521200,-3.023988107
3.167724600,-3.015848659
3.167928100,-3.003709143
3.168131500,-2.995569695
3.168335000,-2.983430179
3.168538400,-2.979290731
3.168741900,-2.967151215
3.168945300,-2.955011767
3.169148800,-2.946872251
3.169352200,-2.934732804
3.169555700,-2.930593287
3.169759100,-2.922453840
3.169962600,-2.906314323
3.170166000,-2.898174876
3.170369500,-2.890035360
3.170572900,-2.885895912
3.170776400,-2.869756396
3.170979800,-2.861616948
3.171183300,-2.853477432
3.171386700,-2.841337984
3.171590200,-2.837198468
3.171793600,-2.825059020
3.171997100,-2.812919504
3.172200500,-2.804780057
3.172404000,-2.796640540
3.172607400,-2.784501093
3.172810900,-2.776361577
3.173014300,-2.768222129
3.173217800,-2.760082613
3.173421200,-2.743943165
3.173624700,-2.739803649
3.173828100,-2.731664201
3.174031600,-2.719524685
3.174235000,-2.707385237
3.174438500,-2.699245721
3.174641900,-2.691106274
3.174845400,-2.678966757
3.175048800,-2.670827310
3.175252300,-2.662687793
3.175455700,-2.646548346
3.175659200,-2.642408830
3.175862600,-2.630269382
3.176066100,-2.618129866
3.176269500,-2.605990418
3.176473000,-2.597850902
3.176676400,-2.585711454
3.176879900,-2.577571938
3.177083300,-2.569432490
3.177286800,-2.557292974
3.177490200,-2.541153527
3.177693700,-2.537014010
3.177897100,-2.528874563
3.178100600,-2.512735047
3.178304000,-2.500595599
3.178507500,-2.492456083
3.178710900,-2.480316635
3.178914400,-2.468177119
3.179117800,-2.460037671
3.179321300,-2.451898155
3.179524700,-2.435758707
3.179728200,-2.427619191
3.179931600,-2.419479744
3.180135100,-2.403340227
3.180338500,-2.391200780
3.180542000,-2.383061264
3.180745400,-2.370921816
3.180948900,-2.358782300
3.181152300,-2.350642852
3.181355800,-2.338503336
3.181559200,-2.322363888
3.181762700,-2.318224372
3.181966100,-2.306084924
3.182169600,-2.289945408
3.182373000,-2.281805961
3.182576500,-2.273666444
3.182779900,-2.261526997
3.182983400,-2.249387480
3.183186800,-2.241248033
3.183390300,-2.225108517
3.183593800,-2.216969000
3.183797200,-2.208829553
3.184000700,-2.200690037
3.184204100,-2.184550589
3.184407600,-2.176411073
3.184611000,-2.168271625
3.184814500,-2.156132109
3.185017900,-2.147992661
3.185221400,-2.135853145
3.185424800,-2.123713697
3.185628300,-2.119574181
3.185831700,-2.107434734
3.186035200,-2.099295217
3.186238600,-2.087155770
3.186442100,-2.079016254
3.186645500,-2.070876806
3.186849000,-2.058737290
3.187052400,-2.050597842
3.187255900,-2.042458326
3.187459300,-2.030318878
3.187662800,-2.026179362
3.187866200,-2.018039914
3.188069700,-2.005900398
3.188273100,-1.993760951
3.188476600,-1.985621434
3.188680000,-1.981481987
3.188883500,-1.973342470
3.189086900,-1.965203023
3.189290400,-1.957063507
3.189493800,-1.948924059
3.189697300,-1.940784543
3.189900700,-1.932645095
3.190104200,-1.924505579
3.190307600,-1.916366131
3.190511100,-1.912226615
3.190714500,-1.904087167
3.190918000,-1.891947651
3.191121400,-1.883808204
3.191324900,-1.879668687
3.191528300,-1.871529240
3.191731800,-1.863389724
3.191935200,-1.859250276
3.192138700,-1.847110760
3.192342100,-1.846971312
3.192545600,-1.838831796
3.192749000,-1.830692348
3.192952500,-1.822552832
3.193155900,-1.814413384
3.193359400,-1.814273868
3.193562800,-1.802134421
3.193766300,-1.797994904
3.193969700,-1.789855457
3.194173200,-1.781715941
3.194376600,-1.777576493
3.194580100,-1.773436977
3.194783500,-1.765297529
3.194987000,-1.757158013
3.195190400,-1.757018565
3.195393900,-1.748879049
3.195597300,-1.740739601
3.195800800,-1.736600085
3.196004200,-1.728460637
3.196207700,-1.724321121
3.196411100,-1.720181674
3.196614600,-1.712042157
3.196818000,-1.707902710
3.197021500,-1.699763194
3.197224900,-1.699623746
3.197428400,-1.691484230
3.197631800,-1.683344782
3.197835300,-1.679205266
3.198038700,-1.679065818
3.198242200,-1.670926302
3.198445600,-1.662786854
3.198649100,-1.658647338
3.198852500,-1.654507891
3.199056000,-1.650368374
3.199259400,-1.646228927
3.199462900,-1.638089411
3.199666300,-1.633949963
3.199869800,-1.629810447
3.200073200,-1.625670999
3.200276700,-1.621531483
3.200480100,-1.613392035
3.200683600,-1.609252519
3.200887000,-1.609113071
3.201090500,-1.600973555
3.201293900,-1.596834108
3.201497400,-1.592694591
3.201700800,-1.592555144
3.201904300,-1.584415627
3.202107700,-1.580276180
3.202311200,-1.576136664
3.202514600,-1.571997216
3.202718100,-1.567857700
3.202921500,-1.563718252
3.203125000,-1.559578736
3.203328500,-1.555439220
3.203531900,-1.555299772
3.203735400,-1.547160256
3.203938800,-1.543020808
3.204142300,-1.538881292
3.204345700,-1.534741844
3.204549200,-1.534602328
3.204752600,-1.530462881
3.204956100,-1.526323364
3.205159500,-1.522183917
3.205363000,-1.518044401
3.205566400,-1.513904953
3.205769900,-1.509765437
3.205973300,-1.505625989
3.206176800,-1.501486473
3.206380200,-1.501347025
3.206583700,-1.497207509
3.206787100,-1.493068061
3.206990600,-1.488928545
3.207194000,-1.488789098
3.207397500,-1.484649581
3.207600900,-1.480510134
3.207804400,-1.476370617
3.208007800,-1.476231170
3.208211300,-1.472091654
3.208414700,-1.467952206
3.208618200,-1.463812690
3.208821600,-1.459673242
3.209025100,-1.455533726
3.209228500,-1.451394278
3.209432000,-1.447254762
3.209635400,-1.443115314
3.209838900,-1.442975798
3.210042300,-1.438836351
3.210245800,-1.434696834
3.210449200,-1.430557387
3.210652700,-1.426417871
3.210856100,-1.426278423
3.211059600,-1.422138907
3.211263000,-1.417999459
3.211466500,-1.413859943
3.211669900,-1.413720495
3.211873400,-1.409580979
3.212076800,-1.405441531
3.212280300,-1.401302015
3.212483700,-1.401162568
3.212687200,-1.397023051
3.212890600,-1.392883604
3.213094100,-1.388744088
3.213297500,-1.388604640
3.213501000,-1.384465124
3.213704400,-1.380325676
3.213907900,-1.376186160
3.214111300,-1.372046712
3.214314800,-1.371907196
3.214518200,-1.367767748
3.214721700,-1.363628232
3.214925100,-1.359488785
3.215128600,-1.359349268
3.215332000,-1.355209821
3.215535500,-1.351070304
3.215738900,-1.346930857
3.215942400,-1.346791341
3.216145800,-1.342651893
3.216349300,-1.338512377
3.216552700,-1.334372929
3.216756200,-1.330233413
3.216959600,-1.334093965
3.217163100,-1.329954449
3.217366500,-1.325815001
3.217570000,-1.321675485
3.217773400,-1.321536038
3.217976900,-1.317396521
3.218180300,-1.313257074
3.218383800,-1.309117558
3.218587200,-1.312978110
3.218790700,-1.308838594
3.218994100,-1.304699146
3.219197600,-1.300559630
3.219401000,-1.300420182
3.219604500,-1.300280666
3.219807900,-1.296141218
3.220011400,-1.292001702
3.220214800,-1.287862255
3.220418300,-1.291722738
3.220621700,-1.287583291
3.220825200,-1.283443775
3.221028600,-1.279304327
3.221232100,-1.283164811
3.221435500,-1.279025363
3.221639000,-1.274885847
3.221842400,-1.274746399
3.222045900,-1.274606883
3.222249300,-1.270467435
3.222452800,-1.270327919
3.222656300,-1.266188403
3.222859700,-1.266048955
3.223063200,-1.261909439
3.223266600,-1.261769991
3.223470100,-1.257630475
3.223673500,-1.261491028
3.223877000,-1.257351511
3.224080400,-1.257212064
3.224283900,-1.253072548
3.224487300,-1.252933100
3.224690800,-1.252793584
3.224894200,-1.248654136
3.225097700,-1.244514620
3.225301100,-1.244375172
3.225504600,-1.244235656
3.225708000,-1.244096208
3.225911500,-1.243956692
3.226114900,-1.239817245
3.226318400,-1.239677728
3.226521800,-1.239538281
3.226725300,-1.235398764
3.226928700,-1.235259317
3.227132200,-1.235119801
3.227335600,-1.234980353
3.227539100,-1.230840837
3.227742500,-1.230701389
3.227946000,-1.230561873
3.228149400,-1.230422425
3.228352900,-1.226282909
3.228556300,-1.226143461
3.228759800,-1.230003945
3.228963200,-1.225864498
3.229166700,-1.221724981
3.229370100,-1.221585534
3.229573600,-1.225446018
3.229777000,-1.221306570
3.229980500,-1.221167054
3.230183900,-1.217027606
3.230387400,-1.220888090
3.230590800,-1.220748642
3.230794300,-1.216609126
3.230997700,-1.216469678
3.231201200,-1.220330162
3.231404600,-1.216190715
3.231608100,-1.216051198
3.231811500,-1.211911751
3.232015000,-1.215772235
3.232218400,-1.211632787
3.232421900,-1.211493271
3.232625300,-1.211353823
3.232828800,-1.211214307
3.233032200,-1.211074859
3.233235700,-1.210935343
3.233439100,-1.210795895
3.233642600,-1.210656379
3.233846000,-1.210516932
3.234049500,-1.210377415
3.234252900,-1.206237968
3.234456400,-1.210098451
3.234659800,-1.209959004
3.234863300,-1.205819488
3.235066700,-1.205680040
3.235270200,-1.209540524
3.235473600,-1.209401076
3.235677100,-1.205261560
3.235880500,-1.205122112
3.236084000,-1.208982596
3.236287400,-1.208843148
3.236490900,-1.204703632
3.236694300,-1.208564185
3.236897800,-1.208424668
3.237101200,-1.208285221
3.237304700,-1.208145705
3.237508100,-1.208006257
3.237711600,-1.211866741
3.237915000,-1.207727293
3.238118500,-1.211587777
3.238321900,-1.207448329
3.238525400,-1.211308813
3.238728800,-1.211169365
3.238932300,-1.211029849
3.239135700,-1.210890402
3.239339200,-1.214750885
3.239542600,-1.214611438
3.239746100,-1.214471922
3.239949500,-1.214332474
3.240153000,-1.218192958
3.240356400,-1.218053510
3.240559900,-1.217913994
3.240763300,-1.217774546
3.240966800,-1.221635030
3.241170200,-1.221495582
3.241373700,-1.221356066
3.241577100,-1.221216618
3.241780600,-1.225077102
3.241984000,-1.224937655
3.242187500,-1.224798138
3.242391000,-1.224658622
3.242594400,-1.228519175
3.242797900,-1.232379658
3.243001300,-1.228240211
3.243204800,-1.228100695
3.243408200,-1.235961247
3.243611700,-1.235821731
3.243815100,-1.231682283
3.244018600,-1.235542767
3.244222000,-1.239403319
3.244425500,-1.239263803
3.244628900,-1.235124355
3.244832400,-1.242984839
3.245035800,-1.242845392
3.245239300,-1.242705875
3.245442700,-1.242566428
3.245646200,-1.246426912
3.245849600,-1.246287464
3.246053100,-1.246147948
3.246256500,-1.246008500
3.246460000,-1.249868984
3.246663400,-1.245729536
3.246866900,-1.249590020
3.247070300,-1.249450572
3.247273800,-1.249311056
3.247477200,-1.253171608
3.247680700,-1.249032092
3.247884100,-1.248892645
3.248087600,-1.252753128
3.248291000,-1.252613681
3.248494500,-1.252474165
3.248697900,-1.252334717
3.248901400,-1.252195201
3.249104800,-1.252055753
3.249308300,-1.247916237
3.249511700,-1.251776789
3.249715200,-1.251637273
3.249918600,-1.247497825
3.250122100,-1.247358309
3.250325500,-1.251218862
3.250529000,-1.247079345
3.250732400,-1.246939898
3.250935900,-1.242800382
3.251139300,-1.246660934
3.251342800,-1.242521418
3.251546200,-1.238381970
3.251749700,-1.238242454
3.251953100,-1.238103006
3.252156600,-1.233963490
3.252360000,-1.233824042
3.252563500,-1.229684526
3.252766900,-1.229545079
3.252970400,-1.225405562
3.253173800,-1.221266115
3.253377300,-1.221126598
3.253580700,-1.216987151
3.253784200,-1.212847635
3.253987600,-1.208708187
3.254191100,-1.208568671
3.254394500,-1.204429223
3.254598000,-1.200289707
3.254801400,-1.192150259
3.255004900,-1.192010743
3.255208300,-1.187871295
3.255411800,-1.183731779
3.255615200,-1.175592332
3.255818700,-1.175452815
3.256022100,-1.167313368
3.256225600,-1.159173852
3.256429000,-1.159034404
3.256632500,-1.150894888
3.256835900,-1.142755440
3.257039400,-1.138615924
3.257242800,-1.134476476
3.257446300,-1.130336960
3.257649700,-1.118197512
3.257853200,-1.114057996
3.258056600,-1.109918549
3.258260100,-1.101779032
3.258463500,-1.093639585
3.258667000,-1.085500069
3.258870400,-1.077360621
3.259073900,-1.073221105
3.259277300,-1.065081657
3.259480800,-1.056942141
3.259684200,-1.048802693
3.259887700,-1.040663177
3.260091100,-1.032523729
3.260294600,-1.024384213
3.260498000,-1.016244766
3.260701500,-1.008105249
3.260904900,-0.995965802
3.261108400,-0.991826285
3.261311800,-0.983686838
3.261515300,-0.967547322
3.261718800,-0.963407805
3.261922200,-0.955268358
3.262125700,-0.947128842
3.262329100,-0.930989394
3.262532600,-0.926849878
3.262736000,-0.918710430
3.262939500,-0.902570914
3.263142900,-0.894431466
3.263346400,-0.890291950
3.263549800,-0.874152502
3.263753300,-0.866012986
3.263956700,-0.857873539
3.264160200,-0.849734022
3.264363600,-0.833594575
3.264567100,-0.825455059
3.264770500,-0.817315611
3.264974000,-0.801176095
3.265177400,-0.793036647
3.265380900,-0.788897131
3.265584300,-0.772757683
3.265787800,-0.760618167
3.265991200,-0.752478719
3.266194700,-0.744339203
3.266398100,-0.732199756
3.266601600,-0.720060239
3.266805000,-0.711920792
3.267008500,-0.699781275
3.267211900,-0.687641828
3.267415400,-0.679502312
3.267618800,-0.667362864
3.267822300,-0.655223348
3.268025700,-0.647083900
3.268229200,-0.630944384
3.268432600,-0.622804936
3.268636100,-0.614665420
3.268839500,-0.602525972
3.269043000,-0.586386456
3.269246400,-0.582247009
3.269449900,-0.574107492
3.269653300,-0.557968045
3.269856800,-0.549828529
3.270060200,-0.541689081
3.270263700,-0.525549565
3.270467100,-0.513410117
3.270670600,-0.509270601
3.270874000,-0.497131153
3.271077500,-0.480991637
3.271280900,-0.476852189
3.271484400,-0.468712673
3.271687800,-0.452573226
3.271891300,-0.440433709
3.272094700,-0.436294262
3.272298200,-0.420154746
3.272501600,-0.412015298
3.272705100,-0.403875782
3.272908500,-0.395736334
3.273112000,-0.379596818
3.273315400,-0.371457370
3.273518900,-0.363317854
3.273722300,-0.351178406
3.273925800,-0.339038890
3.274129200,-0.334899442
3.274332700,-0.318759926
3.274536100,-0.310620479
3.274739600,-0.302480962
3.274943000,-0.294341515
3.275146500,-0.282201999
3.275349900,-0.270062551
3.275553400,-0.265923035
3.275756800,-0.253783587
3.275960300,-0.241644071
3.276163700,-0.233504623
3.276367200,-0.221365107
3.276570600,-0.213225659
3.276774100,-0.205086143
3.276977500,-0.200946696
3.277181000,-0.184807179
3.277384400,-0.176667732
3.277587900,-0.168528216
3.277791300,-0.160388768
3.277994800,-0.148249252
3.278198200,-0.140109804
3.278401700,-0.131970288
3.278605100,-0.123830840
3.278808600,-0.115691324
3.279012000,-0.099551876
3.279215500,-0.095412360
3.279418900,-0.087272913
3.279622400,-0.079133396
3.279825800,-0.070993949
3.280029300,-0.062854432
3.280232700,-0.054714985
3.280436200,-0.042575469
3.280639600,-0.038436021
3.280843100,-0.030296505
3.281046500,-0.018157057
3.281250000,-0.014017541
3.281453500,-0.005878025
3.281656900,0.002261423
3.281860400,0.014400939
3.282063800,0.018540387
3.282267300,0.026679903
3.282470700,0.038819351
3.282674200,0.042958867
3.282877600,0.051098314
3.283081100,0.059237831
3.283284500,0.067377278
3.283488000,0.071516794
3.283691400,0.079656242
3.283894900,0.091795758
3.284098300,0.095935206
3.284301800,0.100074722
3.284505200,0.112214170
3.284708700,0.120353686
3.284912100,0.124493134
3.285115600,0.132632650
3.285319000,0.140772097
3.285522500,0.144911614
3.285725900,0.153051061
3.285929400,0.161190578
3.286132800,0.165330025
3.286336300,0.173469541
3.286539700,0.181608989
3.286743200,0.189748505
3.286946600,0.193887953
3.287150100,0.202027469
3.287353500,0.210166917
3.287557000,0.214306433
3.287760400,0.222445881
3.287963900,0.230585397
3.288167300,0.234724844
3.288370800,0.238864361
3.288574200,0.247003808
3.288777700,0.255143324
3.288981100,0.259282772
3.289184600,0.267422288
3.289388000,0.275561736
3.289591500,0.275701252
3.289794900,0.287840700
3.289998400,0.291980216
3.290201800,0.300119664
3.290405300,0.304259180
3.290608700,0.312398627
3.290812200,0.320538144
3.291015600,0.320677591
3.291219100,0.332817107
3.291422500,0.336956555
3.291626000,0.341096071
3.291829400,0.349235519
3.292032900,0.357375035
3.292236300,0.361514483
3.292439800,0.365653999
3.292643200,0.373793447
3.292846700,0.381932963
3.293050100,0.386072411
3.293253600,0.394211927
3.293457000,0.398351374
3.293660500,0.406490891
3.293863900,0.410630338
3.294067400,0.418769854
3.294270800,0.426909302
3.294474300,0.427048818
3.294677700,0.435188266
3.294881200,0.443327782
3.295084600,0.447467230
3.295288100,0.455606746
3.295491500,0.463746194
3.295695000,0.467885710
3.295898400,0.472025157
3.296101900,0.480164674
3.296305300,0.488304121
3.296508800,0.492443637
3.296712200,0.496583085
3.296915700,0.504722601
3.297119100,0.508862049
3.297322600,0.517001565
3.297526000,0.521141013
3.297729500,0.525280529
3.297932900,0.533419977
3.298136400,0.541559493
3.298339800,0.545698940
3.298543300,0.549838457
3.298746700,0.557977904
3.298950200,0.566117421
3.299153600,0.566256868
3.299357100,0.574396384
3.299560500,0.582535832
3.299764000,0.582675348
3.299967400,0.594814796
3.300170900,0.598954312
3.300374300,0.607093760
3.300577800,0.611233276
3.300781300,0.615372792
3.300984700,0.623512240
3.301188200,0.623651756
3.301391600,0.635791204
3.301595100,0.639930720
3.301798500,0.644070167
3.302002000,0.652209684
3.302205400,0.656349131
3.302408900,0.660488647
3.302612300,0.668628095
3.302815800,0.672767611
3.303019200,0.680907059
3.303222700,0.681046575
3.303426100,0.689186023
3.303629600,0.697325539
3.303833000,0.697464987
3.304036500,0.705604503
3.304239900,0.713743950
3.304443400,0.713883467
3.304646800,0.722022914
3.304850300,0.730162431
3.305053700,0.730301878
3.305257200,0.738441394
3.305460600,0.746580842
3.305664100,0.750720358
3.305867500,0.754859806
3.306071000,0.762999322
3.306274400,0.767138770
3.306477900,0.771278286
3.306681300,0.775417734
3.306884800,0.783557250
3.307088200,0.783696697
3.307291700,0.791836214
3.307495100,0.799975661
3.307698600,0.800115177
3.307902000,0.808254625
3.308105500,0.816394141
3.308308900,0.816533589
3.308512400,0.824673105
3.308715800,0.828812553
3.308919300,0.836952069
3.309122700,0.837091517
3.309326200,0.845231033
3.309529600,0.853370480
3.309733100,0.853509997
3.309936500,0.857649444
3.310140000,0.865788960
3.310343400,0.869928408
3.310546900,0.874067924
3.310750300,0.882207372
3.310953800,0.882346888
3.311157200,0.890486336
3.311360700,0.898625852
3.311564100,0.898765300
3.311767600,0.906904816
3.311971000,0.911044263
3.312174500,0.919183780
3.312377900,0.919323227
3.312581400,0.927462744
3.312784800,0.931602191
3.312988300,0.935741707
3.313191700,0.939881155
3.313395200,0.948020671
3.313598600,0.948160119
3.313802100,0.956299635
3.314005500,0.960439083
3.314209000,0.964578599
3.314412400,0.968718047
3.314615900,0.972857563
3.314819300,0.976997010
3.315022800,0.981136527
3.315226200,0.989275974
3.315429700,0.989415490
3.315633100,0.997554938
3.315836600,1.001694454
3.316040000,1.005833902
3.316243500,1.009973418
3.316446900,1.014112866
3.316650400,1.022252382
3.316853800,1.022391830
3.317057300,1.030531346
3.317260700,1.034670793
3.317464200,1.034810310
3.317667600,1.042949757
3.317871100,1.047089273
3.318074500,1.051228721
3.318278000,1.055368237
3.318481400,1.059507685
3.318684900,1.059647201
3.318888300,1.067786649
3.319091800,1.071926165
3.319295200,1.072065613
3.319498700,1.080205129
3.319702100,1.084344577
3.319905600,1.084484093
3.320109000,1.092623540
3.320312500,1.096763057
3.320516000,1.096902573
3.320719400,1.101042020
3.320922900,1.105181537
3.321126300,1.109320984
3.321329800,1.113460500
3.321533200,1.117599948
3.321736700,1.121739464
3.321940100,1.121878912
3.322143600,1.130018428
3.322347000,1.134157876
3.322550500,1.134297392
3.322753900,1.138436840
3.322957400,1.142576356
3.323160800,1.142715803
3.323364300,1.146855320
3.323567700,1.150994767
3.323771200,1.151134284
3.323974600,1.159273731
3.324178100,1.163413247
3.324381500,1.163552695
3.324585000,1.167692211
3.324788400,1.171831659
3.324991900,1.171971175
3.325195300,1.176110623
3.325398800,1.180250139
3.325602200,1.180389587
3.325805700,1.184529103
3.326009100,1.188668550
3.326212600,1.188808067
3.326416000,1.192947514
3.326619500,1.193087030
3.326822900,1.193226478
3.327026400,1.197365994
3.327229800,1.201505442
3.327433300,1.201644958
3.327636700,1.205784406
3.327840200,1.209923922
3.328043600,1.210063370
3.328247100,1.210202886
3.328450500,1.214342333
3.328654000,1.214481850
3.328857400,1.218621297
3.329060900,1.222760813
3.329264300,1.218900261
3.329467800,1.223039777
3.329671200,1.227179225
3.329874700,1.227318741
3.330078100,1.227458189
3.330281600,1.231597705
3.330485000,1.231737153
3.330688500,1.235876669
3.330891900,1.236016116
3.331095400,1.236155633
3.331298800,1.240295080
3.331502300,1.240434597
3.331705700,1.240574044
3.331909200,1.240713560
3.332112600,1.244853008
3.332316100,1.244992524
3.332519500,1.245131972
3.332723000,1.249271488
3.332926400,1.245410936
3.333129900,1.249550452
3.333333300,1.253689900
3.333536800,1.253829416
3.333740200,1.253968863
3.333943700,1.258108380
3.334147100,1.254247827
3.334350600,1.258387343
3.334554000,1.258526791
3.334757500,1.258666307
3.334960900,1.258805755
3.335164400,1.262945271
3.335367800,1.263084719
3.335571300,1.263224235
3.335774700,1.267363683
3.335978200,1.263503199
3.336181600,1.267642646
3.336385100,1.267782163
3.336588500,1.267921610
3.336792000,1.272061126
3.336995400,1.272200574
3.337198900,1.272340090
3.337402300,1.272479538
3.337605800,1.276619054
3.337809200,1.272758502
3.338012700,1.276898018
3.338216100,1.281037466
3.338419600,1.277176982
3.338623000,1.277316429
3.338826500,1.281455946
3.339029900,1.277595393
3.339233400,1.281734910
3.339436800,1.285874357
3.339640300,1.282013873
3.339843800,1.286153390
3.340047200,1.286292837
3.340250700,1.286432353
3.340454100,1.286571801
3.340657600,1.290711317
3.340861000,1.290850765
3.341064500,1.290990281
3.341267900,1.295129729
3.341471400,1.291269245
3.341674800,1.295408693
3.341878300,1.295548209
3.342081700,1.295687656
3.342285200,1.299827173
3.342488600,1.299966620
3.342692100,1.300106136
3.342895500,1.304245584
3.343099000,1.304385100
3.343302400,1.304524548
3.343505900,1.304664064
3.343709300,1.308803512
3.343912800,1.304943028
3.344116200,1.309082476
3.344319700,1.309221992
3.344523100,1.309361440
3.344726600,1.313500956
3.344930000,1.309640403
3.345133500,1.313779920
3.345336900,1.317919367
3.345540400,1.314058883
3.345743800,1.318198331
3.345947300,1.318337847
3.346150700,1.318477295
3.346354200,1.322616811
3.346557600,1.322756259
3.346761100,1.322895775
3.346964500,1.327035223
3.347168000,1.327174739
3.347371400,1.327314186
3.347574900,1.331453703
3.347778300,1.331593150
3.347981800,1.331732666
3.348185200,1.335872114
3.348388700,1.336011630
3.348592100,1.336151078
3.348795600,1.340290594
3.348999000,1.340430042
3.349202500,1.340569558
3.349405900,1.344709006
3.349609400,1.348848522
3.349812800,1.344987969
3.350016300,1.349127486
3.350219700,1.349266933
3.350423200,1.349406450
3.350626600,1.353545897
3.350830100,1.353685413
3.351033500,1.357824861
3.351237000,1.357964377
3.351440400,1.358103825
3.351643900,1.362243341
3.351847300,1.366382789
3.352050800,1.366522305
3.352254200,1.370661753
3.352457700,1.370801269
3.352661100,1.370940716
3.352864600,1.375080233
3.353068000,1.379219680
3.353271500,1.379359196
3.353474900,1.383498644
3.353678400,1.387638160
3.353881800,1.383777608
3.354085300,1.387917124
3.354288700,1.388056572
3.354492200,1.392196088
3.354695600,1.396335536
3.354899100,1.396475052
3.355102500,1.400614499
3.355306000,1.404754016
3.355509400,1.404893463
3.355712900,1.409032979
3.355916300,1.413172427
3.356119800,1.413311943
3.356323200,1.417451391
3.356526700,1.421590907
3.356730100,1.421730355
3.356933600,1.425869871
3.357137000,1.430009319
3.357340500,1.430148835
3.357543900,1.434288282
3.357747400,1.434427799
3.357950800,1.438567246
3.358154300,1.442706763
3.358357700,1.442846210
3.358561200,1.446985726
3.358764600,1.451125174
3.358968100,1.451264690
3.359171500,1.455404138
3.359375000,1.463543654
3.359578500,1.463683170
3.359781900,1.467822618
3.359985400,1.471962134
3.360188800,1.472101582
3.360392300,1.476241098
3.360595700,1.480380546
3.360799200,1.480520062
3.361002600,1.484659509
3.361206100,1.484799026
3.361409500,1.488938473
3.361613000,1.493077989
3.361816400,1.493217437
3.362019900,1.501356953
3.362223300,1.505496401
3.362426800,1.505635917
3.362630200,1.509775365
3.362833700,1.513914881
3.363037100,1.514054329
3.363240600,1.518193845
3.363444000,1.518333292
3.363647500,1.522472809
3.363850900,1.526612256
3.364054400,1.526751773
3.364257800,1.530891220
3.364461300,1.535030736
3.364664700,1.535170184
3.364868200,1.539309700
3.365071600,1.543449148
3.365275100,1.543588664
3.365478500,1.547728112
3.365682000,1.551867628
3.365885400,1.552007076
3.366088900,1.556146592
3.366292300,1.556286039
3.366495800,1.560425556
3.366699200,1.564565003
3.366902700,1.564704519
3.367106100,1.568843967
3.367309600,1.572983483
3.367513000,1.573122931
3.367716500,1.577262447
3.367919900,1.577401895
3.368123400,1.577541411
3.368326800,1.581680859
3.368530300,1.581820375
3.368733700,1.585959822
3.368937200,1.590099339
3.369140600,1.590238786
3.369344100,1.590378302
3.369547500,1.594517750
3.369751000,1.594657266
3.369954400,1.598796714
3.370157900,1.602936230
3.370361300,1.603075678
3.370564800,1.603215194
3.370768200,1.603354642
3.370971700,1.607494158
3.371175100,1.611633606
3.371378600,1.607773122
3.371582000,1.611912569
3.371785500,1.616052086
3.371988900,1.612191533
3.372192400,1.616331049
3.372395800,1.616470497
3.372599300,1.620610013
3.372802700,1.620749461
3.373006200,1.620888977
3.373209600,1.625028425
3.373413100,1.629167941
3.373616500,1.625307389
3.373820000,1.629446905
3.374023400,1.633586352
3.374226900,1.629725869
3.374430300,1.633865316
3.374633800,1.634004832
3.374837200,1.638144280
3.375040700,1.638283796
3.375244100,1.638423244
3.375447600,1.642562760
3.375651000,1.646702208
3.375854500,1.642841724
3.376057900,1.646981172
3.376261400,1.647120688
3.376464800,1.651260135
3.376668300,1.651399652
3.376871700,1.651539099
3.377075200,1.655678616
3.377278600,1.659818063
3.377482100,1.655957579
3.377685500,1.660097027
3.377889000,1.664236543
3.378092400,1.664375991
3.378295900,1.664515507
3.378499300,1.664654955
3.378702800,1.668794471
3.378906300,1.672933987
3.379109700,1.673073435
3.379313200,1.677212951
3.379516600,1.677352399
3.379720100,1.677491915
3.379923500,1.681631362
3.380127000,1.681770879
3.380330400,1.685910326
3.380533900,1.686049842
3.380737300,1.686189290
3.380940800,1.690328806
3.381144200,1.694468254
3.381347700,1.694607770
3.381551100,1.698747218
3.381754600,1.694886734
3.381958000,1.699026182
3.382161500,1.703165698
3.382364900,1.703305145
3.382568400,1.707444662
3.382771800,1.711584109
3.382975300,1.707723626
3.383178700,1.711863073
3.383382200,1.712002589
3.383585600,1.716142037
3.383789100,1.720281553
3.383992500,1.720421001
3.384196000,1.720560517
3.384399400,1.724699965
3.384602900,1.724839481
3.384806300,1.728978929
3.385009800,1.729118445
3.385213200,1.729257892
3.385416700,1.733397409
3.385620100,1.733536856
3.385823600,1.737676372
3.386027000,1.733815820
3.386230500,1.737955336
3.386433900,1.742094784
3.386637400,1.742234300
3.386840800,1.742373748
3.387044300,1.746513264
3.387247700,1.746652712
3.387451200,1.746792228
3.387654600,1.746931675
3.387858100,1.751071192
3.388061500,1.751210639
3.388265000,1.751350155
3.388468400,1.751489603
3.388671900,1.755629119
3.388875300,1.751768567
3.389078800,1.755908083
3.389282200,1.756047531
3.389485700,1.756187047
3.389689100,1.760326495
3.389892600,1.756466011
3.390096000,1.760605458
3.390299500,1.756744975
3.390502900,1.760884422
3.390706400,1.761023939
3.390909800,1.761163386
3.391113300,1.761302902
3.391316700,1.765442350
3.391520200,1.761581866
3.391723600,1.765721314
3.391927100,1.761860830
3.392130500,1.762000278
3.392334000,1.766139794
3.392537400,1.762279242
3.392740900,1.766418758
3.392944300,1.766558205
3.393147800,1.762697722
3.393351200,1.766837169
3.393554700,1.762976685
3.393758100,1.763116133
3.393961600,1.767255649
3.394165000,1.763395097
3.394368500,1.763534613
3.394571900,1.763674061
3.394775400,1.763813577
3.394978800,1.763953025
3.395182300,1.764092541
3.395385700,1.764231988
3.395589200,1.760371505
3.395792600,1.760510952
3.395996100,1.764650469
3.396199500,1.760789916
3.396403000,1.760929432
3.396606400,1.765068880
3.396809900,1.761208396
3.397013300,1.761347844
3.397216800,1.757487360
3.397420200,1.761626808
3.397623700,1.757766324
3.397827100,1.757905772
3.398030600,1.758045288
3.398234000,1.754184735
3.398437500,1.754324252
3.398641000,1.758463768
3.398844400,1.754603215
3.399047900,1.754742732
3.399251300,1.750882179
3.399454800,1.755021695
3.399658200,1.751161143
3.399861700,1.751300659
3.400065100,1.751440107
3.400268600,1.751579623
3.400472000,1.747719071
3.400675500,1.747858587
3.400878900,1.747998035
3.401082400,1.744137551
3.401285800,1.748276998
3.401489300,1.744416515
3.401692700,1.744555962
3.401896200,1.740695479
3.402099600,1.740834926
3.402303100,1.740974442
3.402506500,1.737113890
3.402710000,1.737253406
3.402913400,1.733392854
3.403116900,1.733532370
3.403320300,1.733671818
3.403523800,1.733811334
3.403727200,1.729950782
3.403930700,1.730090298
3.404134100,1.730229745
3.404337600,1.726369262
3.404541000,1.726508709
3.404744500,1.726648225
3.404947900,1.718787673
3.405151400,1.722927189
3.405354800,1.723066637
3.405558300,1.719206153
3.405761700,1.719345601
3.405965200,1.715485117
3.406168600,1.715624565
3.406372100,1.711764081
3.406575500,1.711903528
3.406779000,1.712043045
3.406982400,1.708182492
3.407185900,1.704322008
3.407389300,1.708461456
3.407592800,1.704600972
3.407796200,1.700740420
3.407999700,1.700879936
3.408203100,1.701019384
3.408406600,1.697158900
3.408610000,1.693298348
3.408813500,1.693437864
3.409016900,1.693577311
3.409220400,1.689716828
3.409423800,1.689856275
3.409627300,1.685995792
3.409830700,1.686135239
3.410034200,1.686274755
3.410237600,1.682414203
3.410441100,1.678553719
3.410644500,1.674693167
3.410848000,1.674832683
3.411051400,1.674972131
3.411254900,1.671111647
3.411458300,1.671251095
3.411661800,1.663390611
3.411865200,1.663530058
3.412068700,1.663669575
3.412272100,1.659809022
3.412475600,1.659948538
3.412679000,1.656087986
3.412882500,1.656227502
3.413085900,1.652366950
3.413289400,1.648506466
3.413492800,1.648645914
3.413696300,1.640785430
3.413899700,1.640924878
3.414103200,1.637064394
3.414306600,1.637203841
3.414510100,1.633343358
3.414713500,1.629482805
3.414917000,1.629622321
3.415120400,1.621761769
3.415323900,1.621901285
3.415527300,1.622040733
3.415730800,1.614180249
3.415934200,1.614319697
3.416137700,1.610459213
3.416341100,1.610598661
3.416544600,1.606738177
3.416748000,1.602877625
3.416951500,1.603017141
3.417154900,1.595156588
3.417358400,1.595296105
3.417561800,1.595435552
3.417765300,1.583575068
3.417968800,1.583714585
3.418172200,1.579854032
3.418375700,1.579993548
3.418579100,1.576132996
3.418782600,1.572272512
3.418986000,1.572411960
3.419189500,1.560551476
3.419392900,1.560690924
3.419596400,1.560830440
3.419799800,1.552969888
3.420003300,1.553109404
3.420206700,1.545248851
3.420410200,1.541388368
3.420613600,1.537527815
3.420817100,1.537667331
3.421020500,1.537806779
3.421224000,1.525946295
3.421427400,1.526085743
3.421630900,1.522225259
3.421834300,1.518364707
3.422037800,1.514504223
3.422241200,1.510643671
3.422444700,1.506783187
3.422648100,1.502922635
3.422851600,1.499062151
3.423055000,1.499201598
3.423258500,1.491341115
3.423461900,1.487480562
3.423665400,1.483620078
3.423868800,1.479759526
3.424072300,1.475899042
3.424275700,1.472038490
3.424479200,1.468178006
3.424682600,1.464317454
3.424886100,1.460456970
3.425089500,1.456596418
3.425293000,1.452735934
3.425496400,1.448875381
3.425699900,1.445014898
3.425903300,1.441154345
3.426106800,1.437293861
3.426310200,1.433433309
3.426513700,1.429572825
3.426717100,1.425712273
3.426920600,1.421851789
3.427124000,1.417991237
3.427327500,1.414130753
3.427530900,1.410270201
3.427734400,1.406409717
3.427937800,1.402549164
3.428141300,1.398688681
3.428344700,1.394828128
3.428548200,1.386967645
3.428751600,1.387107092
3.428955100,1.387246608
3.429158500,1.379386056
3.429362000,1.375525572
3.429565400,1.371665020
3.429768900,1.371804536
3.429972300,1.359943984
3.430175800,1.360083500
3.430379200,1.360222948
3.430582700,1.352362464
3.430786100,1.352501911
3.430989600,1.344641428
3.431193000,1.340780875
3.431396500,1.340920391
3.431599900,1.337059839
3.431803400,1.337199355
3.432006800,1.325338803
3.432210300,1.325478319
3.432413700,1.321617767
3.432617200,1.317757283
3.432820600,1.317896731
3.433024100,1.314036247
3.433227500,1.310175694
3.433431000,1.302315211
3.433634400,1.302454658
3.433837900,1.302594174
3.434041300,1.294733622
3.434244800,1.294873138
3.434448200,1.291012586
3.434651700,1.287152102
3.434855100,1.283291550
3.435058600,1.283431066
3.435262000,1.279570514
3.435465500,1.275710030
3.435668900,1.275849477
3.435872400,1.267988994
3.436075800,1.264128441
3.436279300,1.260267958
3.436482700,1.260407405
3.436686200,1.256546921
3.436889600,1.252686369
3.437093100,1.252825885
3.437296500,1.244965333
3.437500000,1.245104849
3.437703500,1.241244365
3.437906900,1.241383813
3.438110400,1.237523329
3.438313800,1.233662777
3.438517300,1.233802293
3.438720700,1.225941741
3.438924200,1.226081257
3.439127600,1.226220704
3.439331100,1.218360221
3.439534500,1.218499668
3.439738000,1.214639184
3.439941400,1.210778632
3.440144900,1.206918148
3.440348300,1.207057596
3.440551800,1.207197112
3.440755200,1.199336560
3.440958700,1.199476076
3.441162100,1.195615524
3.441365600,1.191755040
3.441569000,1.187894487
3.441772500,1.188034004
3.441975900,1.184173451
3.442179400,1.180312968
3.442382800,1.180452415
3.442586300,1.176591931
3.442789700,1.172731379
3.442993200,1.168870895
3.443196600,1.169010343
3.443400100,1.165149859
3.443603500,1.157289307
3.443807000,1.157428823
3.444010400,1.149568271
3.444213900,1.149707787
3.444417300,1.145847234
3.444620800,1.145986751
3.444824200,1.138126198
3.445027700,1.134265714
3.445231100,1.134405162
3.445434600,1.126544678
3.445638000,1.126684126
3.445841500,1.118823642
3.446044900,1.114963090
3.446248400,1.115102606
3.446451800,1.111242054
3.446655300,1.107381570
3.446858700,1.099521017
3.447062200,1.099660534
3.447265600,1.091799981
3.447469100,1.087939498
3.447672500,1.084078945
3.447876000,1.080218461
3.448079400,1.076357909
3.448282900,1.068497425
3.448486300,1.068636873
3.448689800,1.064776389
3.448893200,1.056915837
3.449096700,1.053055353
3.449300100,1.053194801
3.449503600,1.045334317
3.449707000,1.041473764
3.449910500,1.037613281
3.450113900,1.029752728
3.450317400,1.025892244
3.450520800,1.022031692
3.450724300,1.014171208
3.450927700,1.014310656
3.451131200,1.010450172
3.451334600,1.006589620
3.451538100,0.994729136
3.451741500,0.994868584
3.451945000,0.991008100
3.452148400,0.983147547
3.452351900,0.979287064
3.452555300,0.975426511
3.452758800,0.971566027
3.452962200,0.963705475
3.453165700,0.963844991
3.453369100,0.955984439
3.453572600,0.952123955
3.453776000,0.944263403
3.453979500,0.944402919
3.454182900,0.936542367
3.454386400,0.932681883
3.454589800,0.932821330
3.454793300,0.920960847
3.454996700,0.921100294
3.455200200,0.913239811
3.455403600,0.913379258
3.455607100,0.901518774
3.455810500,0.901658222
3.456014000,0.897797738
3.456217400,0.889937186
3.456420900,0.886076702
3.456624300,0.882216150
3.456827800,0.874355666
3.457031300,0.870495182
3.457234700,0.870634630
3.457438200,0.866774146
3.457641600,0.858913594
3.457845100,0.855053110
3.458048500,0.851192557
3.458252000,0.843332074
3.458455400,0.839471521
3.458658900,0.839611037
3.458862300,0.827750485
3.459065800,0.827890001
3.459269200,0.824029449
3.459472700,0.816168965
3.459676100,0.812308413
3.459879600,0.808447929
3.460083000,0.808587377
3.460286500,0.796726893
3.460489900,0.796866340
3.460693400,0.793005857
3.460896800,0.785145304
3.461100300,0.785284821
3.461303700,0.781424268
3.461507200,0.773563784
3.461710600,0.769703232
3.461914100,0.769842748
3.462117500,0.761982196
3.462321000,0.758121712
3.462524400,0.754261160
3.462727900,0.750400676
3.462931300,0.746540124
3.463134800,0.742679640
3.463338200,0.738819087
3.463541700,0.730958604
3.463745100,0.731098051
3.463948600,0.723237567
3.464152000,0.723377015
3.464355500,0.715516531
3.464558900,0.715655979
3.464762400,0.715795495
3.464965800,0.703934943
3.465169300,0.704074459
3.465372700,0.700213907
3.465576200,0.696353423
3.465779600,0.692492870
3.465983100,0.688632387
3.466186500,0.684771834
3.466390000,0.680911350
3.466593400,0.677050798
3.466796900,0.677190314
3.467000300,0.673329762
3.467203800,0.669469278
3.467407200,0.669608726
3.467610700,0.661748242
3.467814100,0.661887690
3.468017600,0.654027206
3.468221000,0.650166654
3.468424500,0.646306170
3.468627900,0.646445617
3.468831400,0.646585134
3.469034800,0.638724581
3.469238300,0.642864097
3.469441700,0.639003545
3.469645200,0.635143061
3.469848600,0.631282509
3.470052100,0.631422025
3.470255500,0.623561473
3.470459000,0.623700989
3.470662400,0.619840437
3.470865900,0.619979953
3.471069300,0.616119400
3.471272800,0.616258917
3.471476200,0.616398364
3.471679700,0.608537880
3.471883100,0.608677328
3.472086600,0.604816844
3.472290000,0.604956292
3.472493500,0.601095808
3.472696900,0.601235256
3.472900400,0.597374772
3.473103800,0.597514220
3.473307300,0.597653736
3.473510700,0.593793183
3.473714200,0.589932700
3.473917600,0.590072147
3.474121100,0.590211664
3.474324500,0.582351111
3.474528000,0.586490627
3.474731400,0.582630075
3.474934900,0.582769591
3.475138300,0.574909039
3.475341800,0.579048555
3.475545200,0.579188003
3.475748700,0.571327519
3.475952100,0.575466967
3.476155600,0.571606483
3.476359000,0.567745930
3.476562500,0.567885447
3.476766000,0.568024963
3.476969400,0.564164410
3.477172900,0.564303927
3.477376300,0.560443374
3.477579800,0.560582890
3.477783200,0.560722338
3.477986700,0.556861854
3.478190100,0.557001302
3.478393600,0.553140818
3.478597000,0.553280266
3.478800500,0.549419782
3.479003900,0.549559230
3.479207400,0.545698746
3.479410800,0.545838193
3.479614300,0.541977710
3.479817700,0.542117157
3.480021200,0.538256674
3.480224600,0.538396121
3.480428100,0.534535637
3.480631500,0.534675085
3.480835000,0.534814601
3.481038400,0.526954049
3.481241900,0.527093565
3.481445300,0.523233013
3.481648800,0.527372529
3.481852200,0.519511977
3.482055700,0.519651493
3.482259100,0.515790940
3.482462600,0.511930457
3.482666000,0.508069904
3.482869500,0.508209420
3.483072900,0.508348868
3.483276400,0.504488384
3.483479800,0.504627832
3.483683300,0.500767348
3.483886700,0.496906796
3.484090200,0.493046312
3.484293600,0.493185760
3.484497100,0.485325276
3.484700500,0.485464723
3.484904000,0.481604240
3.485107400,0.477743687
3.485310900,0.473883203
3.485514300,0.474022651
3.485717800,0.470162167
3.485921200,0.466301615
3.486124700,0.466441131
3.486328100,0.462580579
3.486531600,0.454720095
3.486735000,0.450859543
3.486938500,0.450999059
3.487141900,0.443138506
3.487345400,0.443278023
3.487548800,0.439417470
3.487752300,0.431556987
3.487955700,0.427696434
3.488159200,0.427835950
3.488362600,0.423975398
3.488566100,0.416114914
3.488769500,0.412254362
3.488973000,0.412393878
3.489176400,0.404533326
3.489379900,0.400672842
3.489583300,0.400812290
3.489786800,0.388951806
3.489990200,0.389091253
3.490193700,0.381230770
3.490397100,0.381370217
3.490600600,0.369509733
3.490804000,0.369649181
3.491007500,0.365788697
3.491210900,0.357928145
3.491414400,0.350067661
3.491617800,0.350207109
3.491821300,0.338346625
3.492024700,0.338486073
3.492228200,0.334625589
3.492431600,0.330765036
3.492635100,0.322904553
3.492838500,0.315044000
3.493042000,0.315183517
3.493245400,0.299322964
3.493448900,0.299462480
3.493652300,0.291601928
3.493855800,0.283741444
3.494059200,0.279880892
3.494262700,0.276020408
3.494466100,0.268159856
3.494669600,0.260299372
3.494873000,0.252438820
3.495076500,0.252578336
3.495279900,0.236717783
3.495483400,0.232857300
3.495686800,0.228996747
3.495890300,0.217136263
3.496093800,0.213275780
3.496297200,0.209415227
3.496500700,0.205554743
3.496704100,0.189694191
3.496907600,0.185833707
3.497111000,0.177973155
3.497314500,0.170112671
3.497517900,0.162252119
3.497721400,0.158391635
3.497924800,0.142531083
3.498128300,0.138670599
3.498331700,0.130810046
3.498535200,0.118949563
3.498738600,0.111089010
3.498942100,0.107228527
3.499145500,0.099367974
3.499349000,0.087507490
3.499552400,0.079646938
3.499755900,0.075786454
3.499959300,0.059925902
3.500162800,0.052065418
3.500366200,0.048204866
3.500569700,0.032344382
3.500773100,0.028483830
3.500976600,0.020623346
3.501180000,0.012762793
3.501383500,-0.003097690
3.501586900,-0.006958243
3.501790400,-0.018818727
3.501993800,-0.030679279
3.502197300,-0.042539763
3.502400700,-0.046400315
3.502604200,-0.066260799
3.502807600,-0.070121351
3.503011100,-0.081981835
3.503214500,-0.085842387
3.503418000,-0.105702871
3.503621400,-0.109563424
3.503824900,-0.121423907
3.504028300,-0.137284460
3.504231800,-0.145144944
3.504435200,-0.153005496
3.504638700,-0.172865980
3.504842100,-0.180726532
3.505045600,-0.188587016
3.505249000,-0.196447568
3.505452500,-0.212308052
3.505655900,-0.224168604
3.505859400,-0.228029088
3.506062800,-0.251889641
3.506266300,-0.259750124
3.506469700,-0.267610677
3.506673200,-0.287471160
3.506876600,-0.295331713
3.507080100,-0.303192197
3.507283500,-0.327052749
3.507487000,-0.334913233
3.507690400,-0.342773785
3.507893900,-0.350634269
3.508097300,-0.374494821
3.508300800,-0.382355305
3.508504200,-0.390215857
3.508707700,-0.410076341
3.508911100,-0.421936894
3.509114600,-0.429797377
3.509318000,-0.449657930
3.509521500,-0.457518414
3.509724900,-0.469378966
3.509928400,-0.477239450
3.510131800,-0.501100002
3.510335300,-0.504960486
3.510538700,-0.516821038
3.510742200,-0.536681522
3.510945600,-0.548542074
3.511149100,-0.552402558
3.511352500,-0.576263111
3.511556000,-0.584123594
3.511759400,-0.595984147
3.511962900,-0.599844631
3.512166300,-0.623705183
3.512369800,-0.627565667
3.512573200,-0.635426219
3.512776700,-0.655286703
3.512980100,-0.663147255
3.513183600,-0.675007739
3.513387000,-0.690868291
3.513590500,-0.698728775
3.513793900,-0.706589327
3.513997400,-0.714449811
3.514200800,-0.730310364
3.514404300,-0.742170847
3.514607700,-0.746031400
3.514811200,-0.765891884
3.515014600,-0.769752436
3.515218100,-0.777612920
3.515421500,-0.793473472
3.515625000,-0.801333956
3.515828500,-0.805194440
3.516031900,-0.825054992
3.516235400,-0.828915476
3.516438800,-0.836776028
3.516642300,-0.840636512
3.516845700,-0.856497064
3.517049200,-0.860357548
3.517252600,-0.868218101
3.517456100,-0.876078584
3.517659500,-0.883939137
3.517863000,-0.887799621
3.518066400,-0.899660173
3.518269900,-0.903520657
3.518473300,-0.911381209
3.518676800,-0.911241693
3.518880200,-0.927102245
3.519083700,-0.926962729
3.519287100,-0.934823281
3.519490600,-0.942683765
3.519694000,-0.946544317
3.519897500,-0.946404801
3.520100900,-0.958265354
3.520304400,-0.962125837
3.520507800,-0.965986390
3.520711300,-0.965846874
3.520914700,-0.977707426
3.521118200,-0.977567910
3.521321600,-0.981428462
3.521525100,-0.989288946
3.521728500,-0.993149498
3.521932000,-0.993009982
3.522135400,-1.000870534
3.522338900,-1.004731018
3.522542300,-1.008591571
3.522745800,-1.008452054
3.522949200,-1.016312607
3.523152700,-1.016173091
3.523356100,-1.020033643
3.523559600,-1.023894127
3.523763000,-1.027754679
3.523966500,-1.027615163
3.524169900,-1.035475715
3.524373400,-1.035336199
3.524576800,-1.039196751
3.524780300,-1.039057235
3.524983700,-1.046917788
3.525187200,-1.046778271
3.525390600,-1.050638824
3.525594100,-1.054499307
3.525797500,-1.058359860
3.526001000,-1.058220344
3.526204400,-1.066080896
3.526407900,-1.061941380
3.526611300,-1.065801932
3.526814800,-1.069662416
3.527018200,-1.073522968
3.527221700,-1.073383452
3.527425100,-1.077244004
3.527628600,-1.077104488
3.527832000,-1.080965041
3.528035500,-1.080825524
3.528238900,-1.088686077
3.528442400,-1.084546561
3.528645800,-1.088407113
3.528849300,-1.092267597
3.529052700,-1.092128149
3.529256200,-1.091988633
3.529459600,-1.095849185
3.529663100,-1.095709669
3.529866500,-1.099570221
3.530070000,-1.095430705
3.530273400,-1.099291258
3.530476900,-1.099151741
3.530680300,-1.099012294
3.530883800,-1.098872778
3.531087200,-1.102733330
3.531290700,-1.098593814
3.531494100,-1.102454366
3.531697600,-1.098314850
3.531901000,-1.102175402
3.532104500,-1.098035886
3.532307900,-1.097896438
3.532511400,-1.097756922
3.532714800,-1.097617475
3.532918300,-1.093477958
3.533121700,-1.093338511
3.533325200,-1.089198994
3.533528600,-1.089059547
3.533732100,-1.084920031
3.533935500,-1.084780583
3.534139000,-1.080641067
3.534342400,-1.076501619
3.534545900,-1.072362103
3.534749300,-1.068222655
3.534952800,-1.064083139
3.535156300,-1.059943623
3.535359700,-1.055804175
3.535563200,-1.051664659
3.535766600,-1.043525211
3.535970100,-1.039385695
3.536173500,-1.035246248
3.536377000,-1.027106731
3.536580400,-1.018967284
3.536783900,-1.018827768
3.536987300,-1.006688320
3.537190800,-1.002548804
3.537394200,-0.994409356
3.537597700,-0.986269840
3.537801100,-0.978130392
3.538004600,-0.973990876
3.538208000,-0.965851428
3.538411500,-0.953711912
3.538614900,-0.945572465
3.538818400,-0.941432948
3.539021800,-0.925293501
3.539225300,-0.921153984
3.539428700,-0.913014537
3.539632200,-0.900875021
3.539835600,-0.892735573
3.540039100,-0.884596057
3.540242500,-0.880456609
3.540446000,-0.864317093
3.540649400,-0.856177645
3.540852900,-0.848038129
3.541056300,-0.835898681
3.541259800,-0.823759165
3.541463200,-0.819619718
3.541666700,-0.799480201
3.541870100,-0.795340754
3.542073600,-0.783201238
3.542277000,-0.779061790
3.542480500,-0.762922274
3.542683900,-0.754782826
3.542887400,-0.746643310
3.543090800,-0.730503862
3.543294300,-0.722364346
3.543497700,-0.714224898
3.543701200,-0.698085382
3.543904600,-0.693945935
3.544108100,-0.681806418
3.544311500,-0.669666971
3.544515000,-0.661527454
3.544718400,-0.653388007
3.544921900,-0.645248491
3.545125300,-0.633109043
3.545328800,-0.620969527
3.545532200,-0.616830079
3.545735700,-0.600690563
3.545939100,-0.596551115
3.546142600,-0.584411599
3.546346000,-0.576272151
3.546549500,-0.564132635
3.546752900,-0.559993188
3.546956400,-0.555853671
3.547159800,-0.539714224
3.547363300,-0.535574708
3.547566700,-0.527435260
3.547770200,-0.515295744
3.547973600,-0.507156296
3.548177100,-0.503016780
3.548380500,-0.490877332
3.548584000,-0.486737816
3.548787400,-0.478598368
3.548990900,-0.474458852
3.549194300,-0.462319405
3.549397800,-0.458179888
3.549601200,-0.450040441
3.549804700,-0.441900925
3.550008100,-0.433761477
3.550211600,-0.429621961
3.550415000,-0.417482513
3.550618500,-0.413342997
3.550821900,-0.405203549
3.551025400,-0.401064033
3.551228800,-0.392924585
3.551432300,-0.388785069
3.551635700,-0.380645622
3.551839200,-0.376506105
3.552042600,-0.368366658
3.552246100,-0.368227141
3.552449500,-0.360087694
3.552653000,-0.355948178
3.552856400,-0.351808730
3.553059900,-0.343669214
3.553263300,-0.339529766
3.553466800,-0.335390250
3.553670200,-0.331250802
3.553873700,-0.323111286
3.554077100,-0.322971838
3.554280600,-0.314832322
3.554484000,-0.310692875
3.554687500,-0.306553358
3.554891000,-0.302413842
3.555094400,-0.294274395
3.555297900,-0.294134878
3.555501300,-0.289995431
3.555704800,-0.285855915
3.555908200,-0.281716467
3.556111700,-0.277576951
3.556315100,-0.273437503
3.556518600,-0.273297987
3.556722000,-0.269158539
3.556925500,-0.265019023
3.557128900,-0.264879575
3.557332400,-0.256740059
3.557535800,-0.256600612
3.557739300,-0.252461095
3.557942700,-0.252321648
3.558146200,-0.244182131
3.558349600,-0.244042684
3.558553100,-0.239903168
3.558756500,-0.239763720
3.558960000,-0.235624204
3.559163400,-0.235484756
3.559366900,-0.231345240
3.559570300,-0.231205792
3.559773800,-0.223066276
3.559977200,-0.222926828
3.560180700,-0.218787312
3.560384100,-0.218647865
3.560587600,-0.218508348
3.560791000,-0.214368901
3.560994500,-0.214229385
3.561197900,-0.210089937
3.561401400,-0.209950421
3.561604800,-0.205810973
3.561808300,-0.205671457
3.562011700,-0.201532009
3.562215200,-0.201392493
3.562418600,-0.197253045
3.562622100,-0.197113529
3.562825500,-0.196974082
3.563029000,-0.196834565
3.563232400,-0.192695118
3.563435900,-0.192555602
3.563639300,-0.188416154
3.563842800,-0.188276638
3.564046200,-0.188137190
3.564249700,-0.183997674
3.564453100,-0.183858226
3.564656600,-0.179718710
3.564860000,-0.179579262
3.565063500,-0.175439746
3.565266900,-0.179300298
3.565470400,-0.175160782
3.565673800,-0.175021335
3.565877300,-0.170881818
3.566080700,-0.170742371
3.566284200,-0.166602855
3.566487600,-0.166463407
3.566691100,-0.162323891
3.566894500,-0.162184443
3.567098000,-0.166044927
3.567301400,-0.161905479
3.567504900,-0.161765963
3.567708300,-0.157626515
3.567911800,-0.157486999
3.568115200,-0.153347552
3.568318700,-0.153208035
3.568522100,-0.149068588
3.568725600,-0.148929072
3.568929000,-0.148789624
3.569132500,-0.148650108
3.569335900,-0.144510660
3.569539400,-0.144371144
3.569742800,-0.144231696
3.569946300,-0.140092180
3.570149700,-0.139952732
3.570353200,-0.135813216
3.570556600,-0.135673769
3.570760100,-0.131534252
3.570963500,-0.131394805
3.571167000,-0.127255288
3.571370400,-0.131115841
3.571573900,-0.126976325
3.571777300,-0.126836877
3.571980800,-0.122697361
3.572184200,-0.122557913
3.572387700,-0.118418397
3.572591100,-0.118278949
3.572794600,-0.118139433
3.572998000,-0.113999985
3.573201500,-0.113860469
3.573404900,-0.109721022
3.573608400,-0.109581505
3.573811800,-0.105442058
3.574015300,-0.105302542
3.574218800,-0.101163025
3.574422200,-0.101023578
3.574625700,-0.096884062
3.574829100,-0.096744614
3.575032600,-0.092605098
3.575236000,-0.092465650
3.575439500,-0.092326134
3.575642900,-0.088186686
3.575846400,-0.088047170
3.576049800,-0.083907722
3.576253300,-0.083768206
3.576456700,-0.079628759
3.576660200,-0.079489242
3.576863600,-0.075349795
3.577067100,-0.071210278
3.577270500,-0.067070831
3.577474000,-0.066931315
3.577677400,-0.066791867
3.577880900,-0.062652351
3.578084300,-0.062512903
3.578287800,-0.058373387
3.578491200,-0.058233939
3.578694700,-0.050094423
3.578898100,-0.049954975
3.579101600,-0.045815459
3.579305000,-0.045676012
3.579508500,-0.041536495
3.579711900,-0.037397048
3.579915400,-0.037257532
3.580118800,-0.033118084
3.580322300,-0.032978568
3.580525700,-0.024839120
3.580729200,-0.024699604
3.580932600,-0.020560156
3.581136100,-0.020420640
3.581339500,-0.012281192
3.581543000,-0.012141676
3.581746400,-0.008002229
3.581949900,-0.007862712
3.582153300,-0.003723265
3.582356800,0.000416251
3.582560200,0.000555699
3.582763700,0.008695215
3.582967100,0.008834663
3.583170600,0.012974179
3.583374000,0.017113627
3.583577500,0.021253143
3.583780900,0.021392591
3.583984400,0.029532107
3.584187800,0.029671554
3.584391300,0.029811071
3.584594700,0.037950518
3.584798200,0.038090035
3.585001600,0.042229482
3.585205100,0.046368998
3.585408500,0.050508446
3.585612000,0.050647962
3.585815400,0.054787410
3.586018900,0.058926926
3.586222300,0.063066374
3.586425800,0.063205890
3.586629200,0.067345338
3.586832700,0.071484854
3.587036100,0.071624301
3.587239600,0.075763818
3.587443000,0.079903265
3.587646500,0.084042781
3.587849900,0.084182229
3.588053400,0.088321745
3.588256800,0.092461193
3.588460300,0.092600709
3.588663700,0.096740157
3.588867200,0.096879673
3.589070600,0.101019121
3.589274100,0.105158637
3.589477500,0.109298084
3.589681000,0.109437601
3.589884400,0.113577048
3.590087900,0.113716564
3.590291300,0.117856012
3.590494800,0.117995528
3.590698200,0.118134976
3.590901700,0.126274492
3.591105100,0.126413940
3.591308600,0.130553456
3.591512000,0.130692904
3.591715500,0.134832420
3.591918900,0.134971868
3.592122400,0.135111384
3.592325800,0.135250831
3.592529300,0.135390348
3.592732700,0.139529795
3.592936200,0.139669311
3.593139600,0.143808759
3.593343100,0.143948275
3.593546500,0.148087723
3.593750000,0.148227239
3.593953500,0.148366755
3.594156900,0.148506203
3.594360400,0.148645719
3.594563800,0.152785167
3.594767300,0.148924683
3.594970700,0.153064131
3.595174200,0.153203647
3.595377600,0.153343094
3.595581100,0.153482611
3.595784500,0.157622058
3.595988000,0.153761575
3.596191400,0.153901022
3.596394900,0.154040538
3.596598300,0.154179986
3.596801800,0.158319502
3.597005200,0.154458950
3.597208700,0.158598466
3.597412100,0.154737914
3.597615600,0.154877430
3.597819000,0.155016878
3.598022500,0.155156394
3.598225900,0.155295841
3.598429400,0.151435358
3.598632800,0.155574805
3.598836300,0.151714321
3.599039700,0.151853769
3.599243200,0.151993285
3.599446600,0.152132733
3.599650100,0.148272249
3.599853500,0.144411697
3.600057000,0.148551213
3.600260400,0.144690661
3.600463900,0.144830177
3.600667300,0.140969624
3.600870800,0.145109141
3.601074200,0.137248588
3.601277700,0.137388104
3.601481100,0.137527552
3.601684600,0.133667068
3.601888000,0.133806516
3.602091500,0.129946032
3.602294900,0.130085480
3.602498400,0.126224996
3.602701800,0.126364444
3.602905300,0.122503960
3.603108700,0.118643407
3.603312200,0.118782924
3.603515600,0.114922371
3.603719100,0.115061888
3.603922500,0.111201335
3.604126000,0.111340851
3.604329400,0.103480299
3.604532900,0.099619815
3.604736300,0.099759263
3.604939800,0.095898779
3.605143200,0.096038227
3.605346700,0.092177743
3.605550100,0.092317191
3.605753600,0.084456707
3.605957000,0.084596154
3.606160500,0.080735671
3.606363900,0.072875118
3.606567400,0.073014634
3.606770800,0.069154082
3.606974300,0.065293598
3.607177700,0.061433046
3.607381200,0.057572562
3.607584600,0.053712010
3.607788100,0.045851526
3.607991500,0.045990974
3.608195000,0.042130490
3.608398400,0.038269937
3.608601900,0.030409454
3.608805300,0.030548901
3.609008800,0.022688417
3.609212200,0.018827865
3.609415700,0.014967381
3.609619100,0.011106829
3.609822600,0.007246345
3.610026000,-0.000614207
3.610229500,-0.000474691
3.610432900,-0.008335243
3.610636400,-0.016195727
3.610839800,-0.016056279
3.611043300,-0.027916763
3.611246700,-0.027777316
3.611450200,-0.031637799
3.611653600,-0.039498352
3.611857100,-0.047358836
3.612060500,-0.047219388
3.612264000,-0.051079872
3.612467400,-0.062940424
3.612670900,-0.066800908
3.612874300,-0.070661460
3.613077800,-0.078521944
3.613281300,-0.086382428
3.613484700,-0.086242980
3.613688200,-0.098103464
3.613891600,-0.105964016
3.614095100,-0.105824500
3.614298500,-0.113685053
3.614502000,-0.121545536
3.614705400,-0.129406089
3.614908900,-0.129266573
3.615112300,-0.145127125
3.615315800,-0.148987609
3.615519200,-0.152848161
3.615722700,-0.164708645
3.615926100,-0.168569197
3.616129600,-0.176429681
3.616333000,-0.176290233
3.616536500,-0.192150717
3.616739900,-0.196011269
3.616943400,-0.199871753
3.617146800,-0.211732306
3.617350300,-0.215592789
3.617553700,-0.223453342
3.617757200,-0.231313826
3.617960600,-0.239174378
3.618164100,-0.247034862
3.618367500,-0.246895414
3.618571000,-0.262755898
3.618774400,-0.266616450
3.618977900,-0.270476934
3.619181300,-0.286337486
3.619384800,-0.286197970
3.619588200,-0.294058523
3.619791700,-0.301919006
3.619995100,-0.309779559
3.620198600,-0.313640043
3.620402000,-0.317500595
3.620605500,-0.333361079
3.620808900,-0.333221631
3.621012400,-0.341082115
3.621215800,-0.348942667
3.621419300,-0.356803151
3.621622700,-0.356663703
3.621826200,-0.368524187
3.622029600,-0.376384740
3.622233100,-0.376245223
3.622436500,-0.388105776
3.622640000,-0.391966259
3.622843400,-0.395826812
3.623046900,-0.399687296
3.623250300,-0.411547848
3.623453800,-0.415408332
3.623657200,-0.415268884
3.623860700,-0.427129368
3.624064100,-0.430989920
3.624267600,-0.434850404
3.624471000,-0.442710956
3.624674500,-0.446571440
3.624877900,-0.450431993
3.625081400,-0.450292476
3.625284800,-0.462153029
3.625488300,-0.462013513
3.625691700,-0.465874065
3.625895200,-0.477734549
3.626098600,-0.477595101
3.626302100,-0.481455585
3.626505500,-0.485316137
3.626709000,-0.489176621
3.626912400,-0.493037173
3.627115900,-0.496897657
3.627319300,-0.504758210
3.627522800,-0.504618693
3.627726200,-0.508479246
3.627929700,-0.512339730
3.628133100,-0.516200282
3.628336600,-0.520060766
3.628540000,-0.523921318
3.628743500,-0.527781802
3.628946900,-0.527642354
3.629150400,-0.531502838
3.629353800,-0.535363390
3.629557300,-0.539223874
3.629760700,-0.543084427
3.629964200,-0.546944910
3.630167600,-0.550805463
3.630371100,-0.550665946
3.630574500,-0.558526499
3.630778000,-0.562386983
3.630981400,-0.562247535
3.631184900,-0.570108019
3.631388300,-0.569968571
3.631591800,-0.573829055
3.631795200,-0.573689607
3.631998700,-0.581550091
3.632202100,-0.585410643
3.632405600,-0.589271127
3.632609000,-0.597131680
3.632812500,-0.596992163
3.633016000,-0.600852647
3.633219400,-0.608713200
3.633422900,-0.608573683
3.633626300,-0.612434236
3.633829800,-0.612294720
3.634033200,-0.624155272
3.634236700,-0.624015756
3.634440100,-0.627876308
3.634643600,-0.635736792
3.634847000,-0.635597344
3.635050500,-0.643457828
3.635253900,-0.647318380
3.635457400,-0.651178864
3.635660800,-0.655039417
3.635864300,-0.658899900
3.636067700,-0.666760453
3.636271200,-0.670620936
3.636474600,-0.674481489
3.636678100,-0.678341973
3.636881500,-0.686202525
3.637085000,-0.690063009
3.637288400,-0.697923561
3.637491900,-0.701784045
3.637695300,-0.701644597
3.637898800,-0.709505081
3.638102200,-0.721365633
3.638305700,-0.721226117
3.638509100,-0.725086670
3.638712600,-0.732947153
3.638916000,-0.740807706
3.639119500,-0.744668190
3.639322900,-0.752528742
3.639526400,-0.756389226
3.639729800,-0.760249778
3.639933300,-0.772110262
3.640136700,-0.771970814
3.640340200,-0.779831298
3.640543600,-0.783691850
3.640747100,-0.791552334
3.640950500,-0.799412887
3.641154000,-0.799273370
3.641357400,-0.811133923
3.641560900,-0.818994407
3.641764300,-0.818854959
3.641967800,-0.830715443
3.642171200,-0.834575995
3.642374700,-0.842436479
3.642578100,-0.846297031
3.642781600,-0.854157515
3.642985000,-0.862018067
3.643188500,-0.861878551
3.643391900,-0.877739103
3.643595400,-0.881599587
3.643798800,-0.885460140
3.644002300,-0.897320623
3.644205700,-0.901181176
3.644409200,-0.905041660
3.644612600,-0.912902212
3.644816100,-0.920762696
3.645019500,-0.928623248
3.645223000,-0.928483732
3.645426400,-0.944344284
3.645629900,-0.944204768
3.645833300,-0.952065320
3.646036800,-0.963925804
3.646240200,-0.967786357
3.646443700,-0.975646840
3.646647100,-0.975507393
3.646850600,-0.991367877
3.647054000,-0.995228429
3.647257500,-0.999088913
3.647460900,-1.014949465
3.647664400,-1.014809949
3.647867800,-1.022670501
3.648071300,-1.034530985
3.648274700,-1.038391537
3.648478200,-1.046252021
3.648681600,-1.050112574
3.648885100,-1.061973057
3.649088500,-1.069833610
3.649292000,-1.073694093
3.649495400,-1.085554646
3.649698900,-1.089415130
3.649902300,-1.097275682
3.650105800,-1.109136166
3.650309200,-1.112996718
3.650512700,-1.120857202
3.650716100,-1.132717754
3.650919600,-1.140578238
3.651123000,-1.144438790
3.651326500,-1.148299274
3.651529900,-1.164159827
3.651733400,-1.168020310
3.651936800,-1.175880863
3.652140300,-1.187741347
3.652343800,-1.191601830
3.652547200,-1.199462383
3.652750700,-1.211322867
3.652954100,-1.219183419
3.653157600,-1.227043903
3.653361000,-1.230904455
3.653564500,-1.242764939
3.653767900,-1.246625491
3.653971400,-1.254485975
3.654174800,-1.270346527
3.654378300,-1.274207011
3.654581700,-1.282067564
3.654785200,-1.293928047
3.654988600,-1.301788600
3.655192100,-1.309649083
3.655395500,-1.313509636
3.655599000,-1.325370120
3.655802400,-1.329230672
3.656005900,-1.337091156
3.656209300,-1.352951708
3.656412800,-1.356812192
3.656616200,-1.364672744
3.656819700,-1.376533228
3.657023100,-1.380393780
3.657226600,-1.388254264
3.657430000,-1.392114817
3.657633500,-1.407975300
3.657836900,-1.411835853
3.658040400,-1.415696337
3.658243800,-1.431556889
3.658447300,-1.435417373
3.658650700,-1.443277925
3.658854200,-1.451138409
3.659057600,-1.458998961
3.659261100,-1.462859445
3.659464500,-1.474719997
3.659668000,-1.478580481
3.659871400,-1.482441034
3.660074900,-1.490301517
3.660278300,-1.502162070
3.660481800,-1.502022554
3.660685200,-1.509883106
3.660888700,-1.517743590
3.661092100,-1.521604142
3.661295600,-1.529464626
3.661499000,-1.533325178
3.661702500,-1.541185662
3.661905900,-1.541046214
3.662109400,-1.544906698
3.662312800,-1.556767250
3.662516300,-1.556627734
3.662719700,-1.560488287
3.662923200,-1.568348770
3.663126600,-1.572209323
3.663330100,-1.576069807
3.663533500,-1.579930359
3.663737000,-1.583790843
3.663940400,-1.587651395
3.664143900,-1.587511879
3.664347300,-1.595372431
3.664550800,-1.595232915
3.664754200,-1.599093467
3.664957700,-1.606953951
3.665161100,-1.606814504
3.665364600,-1.606674987
3.665568000,-1.610535540
3.665771500,-1.614396024
3.665974900,-1.614256576
3.666178400,-1.614117060
3.666381800,-1.617977612
3.666585300,-1.617838096
3.666788700,-1.621698648
3.666992200,-1.625559132
3.667195600,-1.621419684
3.667399100,-1.625280168
3.667602500,-1.625140721
3.667806000,-1.625001204
3.668009400,-1.628861757
3.668212900,-1.628722240
3.668416300,-1.628582793
3.668619800,-1.628443277
3.668823200,-1.628303829
3.669026700,-1.628164313
3.669230100,-1.628024865
3.669433600,-1.627885349
3.669637000,-1.627745901
3.669840500,-1.623606385
3.670043900,-1.623466937
3.670247400,-1.623327421
3.670450800,-1.623187974
3.670654300,-1.623048457
3.670857700,-1.618909010
3.671061200,-1.614769494
3.671264600,-1.610630046
3.671468100,-1.610490530
3.671671500,-1.610351082
3.671875000,-1.602211566
3.672078500,-1.602072050
3.672281900,-1.601932602
3.672485400,-1.593793086
3.672688800,-1.593653638
3.672892300,-1.585514122
3.673095700,-1.581374674
3.673299200,-1.581235158
3.673502600,-1.573095711
3.673706100,-1.568956194
3.673909500,-1.560816747
3.674113000,-1.556677230
3.674316400,-1.552537783
3.674519900,-1.544398267
3.674723300,-1.540258819
3.674926800,-1.536119303
3.675130200,-1.523979855
3.675333700,-1.519840339
3.675537100,-1.511700891
3.675740600,-1.503561375
3.675944000,-1.495421927
3.676147500,-1.487282411
3.676350900,-1.479142964
3.676554400,-1.471003447
3.676757800,-1.462864000
3.676961300,-1.458724484
3.677164700,-1.446585036
3.677368200,-1.438445520
3.677571600,-1.434306072
3.677775100,-1.418166556
3.677978500,-1.414027108
3.678182000,-1.401887592
3.678385400,-1.393748144
3.678588900,-1.385608628
3.678792300,-1.377469181
3.678995800,-1.365329664
3.679199200,-1.357190217
3.679402700,-1.353050701
3.679606100,-1.348911253
3.679809600,-1.332771737
3.680013000,-1.328632289
3.680216500,-1.324492773
3.680419900,-1.312353325
3.680623400,-1.304213809
3.680826800,-1.296074361
3.681030300,-1.291934845
3.681233700,-1.287795398
3.681437200,-1.279655881
3.681640600,-1.275516434
3.681844100,-1.267376917
3.682047500,-1.263237470
3.682251000,-1.263097954
3.682454400,-1.254958506
3.682657900,-1.254818990
3.682861300,-1.254679542
3.683064800,-1.250540026
3.683268200,-1.250400578
3.683471700,-1.246261062
3.683675100,-1.246121614
3.683878600,-1.249982098
3.684082000,-1.249842651
3.684285500,-1.253703134
3.684488900,-1.261563687
3.684692400,-1.261424171
3.684895800,-1.265284723
3.685099300,-1.273145207
3.685302700,-1.281005759
3.685506200,-1.288866243
3.685709600,-1.292726795
3.685913100,-1.308587279
3.686116500,-1.316447831
3.686320000,-1.324308315
3.686523400,-1.344168868
3.686726900,-1.352029351
3.686930300,-1.363889904
3.687133800,-1.391750388
3.687337200,-1.399610940
3.687540700,-1.415471424
3.687744100,-1.443331976
3.687947600,-1.459192460
3.688151000,-1.475053012
3.688354500,-1.490913496
3.688557900,-1.526774048
3.688761400,-1.546634532
3.688964800,-1.562495084
3.689168300,-1.602355568
3.689371700,-1.622216121
3.689575200,-1.642076604
3.689778600,-1.689937157
3.689982100,-1.709797641
3.690185500,-1.733658193
3.690389000,-1.761518677
3.690592400,-1.809379229
3.690795900,-1.833239713
3.690999300,-1.857100265
3.691202800,-1.912960749
3.691406300,-1.940821233
3.691609700,-1.964681785
3.691813200,-2.024542269
3.692016600,-2.056402821
3.692220100,-2.080263305
3.692423500,-2.112123858
3.692627000,-2.167984341
3.692830400,-2.199844894
3.693033900,-2.231705377
3.693237300,-2.291565930
3.693440800,-2.323426414
3.693644200,-2.355286966
3.693847700,-2.415147450
3.694051100,-2.447008002
3.694254600,-2.474868486
3.694458000,-2.502729038
3.694661500,-2.566589522
3.694864900,-2.594450074
3.695068400,-2.626310558
3.695271800,-2.686171111
3.695475300,-2.714031594
3.695678700,-2.741892147
3.695882200,-2.801752631
3.696085600,-2.829613183
3.696289100,-2.857473667
3.696492500,-2.881334219
3.696696000,-2.937194703
3.696899400,-2.965055255
3.697102900,-2.988915739
3.697306300,-3.040776291
3.697509800,-3.064636775
3.697713200,-3.084497328
3.697916700,-3.132357811
3.698120100,-3.152218364
3.698323600,-3.176078848
3.698527000,-3.219939400
3.698730500,-3.235799884
3.698933900,-3.255660436
3.699137400,-3.275520920
3.699340800,-3.307381472
3.699544300,-3.323241956
3.699747700,-3.339102508
3.699951200,-3.366962992
3.700154600,-3.382823545
3.700358100,-3.394684028
3.700561500,-3.418544581
3.700765000,-3.430405064
3.700968400,-3.438265617
3.701171900,-3.446126101
3.701375300,-3.465986653
3.701578800,-3.469847137
3.701782200,-3.477707689
3.701985700,-3.489568173
3.702189100,-3.497428725
3.702392600,-3.501289209
3.702596000,-3.505149761
3.702799500,-3.513010245
3.703002900,-3.512870798
3.703206400,-3.512731281
3.703409800,-3.516591834
3.703613300,-3.520452318
3.703816700,-3.516312870
3.704020200,-3.520173354
3.704223600,-3.516033906
3.704427100,-3.515894390
3.704630500,-3.511754942
3.704834000,-3.507615426
3.705037400,-3.503475978
3.705240900,-3.503336462
3.705444300,-3.495197015
3.705647800,-3.491057498
3.705851200,-3.482918051
3.706054700,-3.478778535
3.706258100,-3.474639087
3.706461600,-3.466499571
3.706665000,-3.458360123
3.706868500,-3.454220607
3.707071900,-3.446081159
3.707275400,-3.433941643
3.707478800,-3.429802195
3.707682300,-3.421662679
3.707885700,-3.417523232
3.708089200,-3.401383715
3.708292600,-3.397244268
3.708496100,-3.389104751
3.708699500,-3.376965304
3.708903000,-3.372825788
3.709106400,-3.364686340
3.709309900,-3.352546824
3.709513300,-3.348407376
3.709716800,-3.340267860
3.709920200,-3.332128412
3.710123700,-3.323988896
3.710327100,-3.311849448
3.710530600,-3.307709932
3.710734000,-3.299570485
3.710937500,-3.291430968
3.711141000,-3.287291452
3.711344400,-3.279152005
3.711547900,-3.267012488
3.711751300,-3.262873041
3.711954800,-3.258733525
3.712158200,-3.246594077
3.712361700,-3.242454561
3.712565100,-3.242315113
3.712768600,-3.230175597
3.712972000,-3.226036149
3.713175500,-3.217896633
3.713378900,-3.209757185
3.713582400,-3.209617669
3.713785800,-3.201478221
3.713989300,-3.197338705
3.714192700,-3.193199258
3.714396200,-3.185059741
3.714599600,-3.180920294
3.714803100,-3.176780778
3.715006500,-3.172641330
3.715210000,-3.168501814
3.715413400,-3.160362366
3.715616900,-3.160222850
3.715820300,-3.160083402
3.716023800,-3.151943886
3.716227200,-3.151804438
3.716430700,-3.151664922
3.716634100,-3.143525475
3.716837600,-3.143385958
3.717041000,-3.143246511
3.717244500,-3.139106995
3.717447900,-3.138967547
3.717651400,-3.138828031
3.717854800,-3.138688583
3.718058300,-3.138549067
3.718261700,-3.134409619
3.718465200,-3.138270103
3.718668600,-3.138130655
3.718872100,-3.137991139
3.719075500,-3.137851692
3.719279000,-3.141712175
3.719482400,-3.141572728
3.719685900,-3.145433211
3.719889300,-3.149293764
3.720092800,-3.153154248
3.720296200,-3.157014800
3.720499700,-3.160875284
3.720703100,-3.160735836
3.720906600,-3.168596320
3.721110000,-3.168456872
3.721313500,-3.172317356
3.721516900,-3.184177908
3.721720400,-3.184038392
3.721923800,-3.191898945
3.722127300,-3.203759428
3.722330700,-3.207619981
3.722534200,-3.211480465
3.722737600,-3.219341017
3.722941100,-3.231201501
3.723144500,-3.239062053
3.723348000,-3.246922537
3.723551400,-3.258783089
3.723754900,-3.266643573
3.723958300,-3.274504125
3.724161800,-3.286364609
3.724365200,-3.298225162
3.724568700,-3.302085645
3.724772100,-3.309946198
3.724975600,-3.329806682
3.725179000,-3.333667234
3.725382500,-3.345527718
3.725585900,-3.365388270
3.725789400,-3.369248754
3.725992800,-3.381109306
3.726196300,-3.400969790
3.726399700,-3.408830342
3.726603200,-3.416690826
3.726806600,-3.440551379
3.727010100,-3.444411862
3.727213500,-3.456272415
3.727417000,-3.468132898
3.727620400,-3.483993451
3.727823900,-3.495853935
3.728027300,-3.503714487
3.728230800,-3.523574971
3.728434200,-3.535435523
3.728637700,-3.539296007
3.728841100,-3.559156559
3.729044600,-3.571017043
3.729248000,-3.578877595
3.729451500,-3.586738079
3.729654900,-3.606598632
3.729858400,-3.614459115
3.730061800,-3.622319668
3.730265300,-3.642180152
3.730468800,-3.646040635
3.730672200,-3.657901188
3.730875700,-3.673761672
3.731079100,-3.677622224
3.731282600,-3.689482708
3.731486000,-3.697343260
3.731689500,-3.709203744
3.731892900,-3.717064296
3.732096400,-3.724924780
3.732299800,-3.736785332
3.732503300,-3.740645816
3.732706700,-3.744506369
3.732910200,-3.760366852
3.733113600,-3.764227405
3.733317100,-3.768087888
3.733520500,-3.771948441
3.733724000,-3.783808925
3.733927400,-3.787669477
3.734130900,-3.791529961
3.734334300,-3.803390513
3.734537800,-3.803250997
3.734741200,-3.807111549
3.734944700,-3.814972033
3.735148100,-3.818832585
3.735351600,-3.822693069
3.735555000,-3.830553622
3.735758500,-3.826414105
3.735961900,-3.830274658
3.736165400,-3.834135142
3.736368800,-3.837995694
3.736572300,-3.841856178
3.736775700,-3.841716730
3.736979200,-3.845577214
3.737182600,-3.845437766
3.737386100,-3.849298250
3.737589500,-3.849158802
3.737793000,-3.853019286
3.737996400,-3.848879839
3.738199900,-3.852740322
3.738403300,-3.852600875
3.738606800,-3.852461359
3.738810200,-3.852321911
3.739013700,-3.856182395
3.739217100,-3.852042947
3.739420600,-3.855903431
3.739624000,-3.859763983
3.739827500,-3.855624467
3.740030900,-3.855485019
3.740234400,-3.855345503
3.740437800,-3.855206055
3.740641300,-3.855066539
3.740844700,-3.858927092
3.741048200,-3.854787575
3.741251600,-3.854648128
3.741455100,-3.858508612
3.741658500,-3.854369164
3.741862000,-3.858229648
3.742065400,-3.858090200
3.742268900,-3.853950684
3.742472300,-3.857811236
3.742675800,-3.857671720
3.742879200,-3.853532272
3.743082700,-3.857392756
3.743286100,-3.857253309
3.743489600,-3.853113792
3.743693000,-3.856974345
3.743896500,-3.856834829
3.744099900,-3.856695381
3.744303400,-3.856555865
3.744506800,-3.860416417
3.744710300,-3.856276901
3.744913700,-3.856137453
3.745117200,-3.855997937
3.745320600,-3.859858489
3.745524100,-3.859718973
3.745727500,-3.859579526
3.745931000,-3.859440009
3.746134400,-3.859300562
3.746337900,-3.859161045
3.746541300,-3.863021598
3.746744800,-3.862882082
3.746948200,-3.862742634
3.747151700,-3.866603118
3.747355100,-3.866463670
3.747558600,-3.862324154
3.747762000,-3.866184706
3.747965500,-3.870045190
3.748168900,-3.865905742
3.748372400,-3.869766226
3.748575800,-3.873626779
3.748779300,-3.873487262
3.748982700,-3.873347815
3.749186200,-3.877208299
3.749389600,-3.877068851
3.749593100,-3.876929335
3.749796500,-3.880789887
3.750000000,-3.880650371
3.750203500,-3.884510855
3.750406900,-3.888371407
3.750610400,-3.884231891
3.750813800,-3.888092443
3.751017300,-3.891952927
3.751220700,-3.891813479
3.751424200,-3.895673963
3.751627600,-3.895534516
3.751831100,-3.895394999
3.752034500,-3.899255552
3.752238000,-3.903116035
3.752441400,-3.902976588
3.752644900,-3.906837072
3.752848300,-3.906697624
3.753051800,-3.906558108
3.753255200,-3.910418660
3.753458700,-3.914279144
3.753662100,-3.914139696
3.753865600,-3.918000180
3.754069000,-3.921860732
3.754272500,-3.917721216
3.754475900,-3.925581769
3.754679400,-3.925442252
3.754882800,-3.925302805
3.755086300,-3.929163289
3.755289700,-3.933023841
3.755493200,-3.932884325
3.755696600,-3.936744877
3.755900100,-3.940605361
3.756103500,-3.940465913
3.756307000,-3.940326397
3.756510400,-3.948186949
3.756713900,-3.944047433
3.756917300,-3.947907986
3.757120800,-3.951768469
3.757324200,-3.951629022
3.757527700,-3.951489506
3.757731100,-3.955350058
3.757934600,-3.955210542
3.758138000,-3.959071094
3.758341500,-3.962931578
3.758544900,-3.962792130
3.758748400,-3.962652614
3.758951800,-3.966513166
3.759155300,-3.966373650
3.759358700,-3.970234203
3.759562200,-3.970094686
3.759765600,-3.969955239
3.759969100,-3.973815722
3.760172500,-3.977676275
3.760376000,-3.973536759
3.760579400,-3.977397311
3.760782900,-3.981257795
3.760986300,-3.977118347
3.761189800,-3.980978831
3.761393200,-3.984839383
3.761596700,-3.980699867
3.761800100,-3.984560419
3.762003600,-3.984420903
3.762207000,-3.984281456
3.762410500,-3.984141939
3.762613900,-3.988002492
3.762817400,-3.983862976
3.763020800,-3.987723528
3.763224300,-3.987584012
3.763427700,-3.987444564
3.763631200,-3.987305048
3.763834600,-3.987165600
3.764038100,-3.983026084
3.764241500,-3.986886636
3.764445000,-3.986747120
3.764648400,-3.982607673
3.764851900,-3.982468156
3.765055300,-3.982328709
3.765258800,-3.978189192
3.765462200,-3.978049745
3.765665700,-3.977910229
3.765869100,-3.969770781
3.766072600,-3.969631265
3.766276000,-3.969491817
3.766479500,-3.961352301
3.766682900,-3.961212853
3.766886400,-3.957073337
3.767089800,-3.956933889
3.767293300,-3.948794373
3.767496700,-3.944654926
3.767700200,-3.940515409
3.767903600,-3.932375962
3.768107100,-3.928236446
3.768310500,-3.924096998
3.768514000,-3.915957482
3.768717400,-3.907818034
3.768920900,-3.903678518
3.769124300,-3.895539070
3.769327800,-3.883399554
3.769531300,-3.879260038
3.769734700,-3.867120590
3.769938200,-3.854981074
3.770141600,-3.846841626
3.770345100,-3.838702110
3.770548500,-3.830562663
3.770752000,-3.814423146
3.770955400,-3.802283699
3.771158900,-3.794144182
3.771362300,-3.774004735
3.771565800,-3.761865219
3.771769200,-3.753725771
3.771972700,-3.733586255
3.772176100,-3.717446807
3.772379600,-3.709307291
3.772583000,-3.697167843
3.772786500,-3.669028327
3.772989900,-3.660888879
3.773193400,-3.648749363
3.773396800,-3.620609916
3.773600300,-3.608470399
3.773803700,-3.596330952
3.774007200,-3.564191436
3.774210600,-3.552051988
3.774414100,-3.539912472
3.774617500,-3.515773024
3.774821000,-3.495633508
3.775024400,-3.483494060
3.775227900,-3.471354544
3.775431300,-3.439215096
3.775634800,-3.427075580
3.775838200,-3.410936133
3.776041700,-3.378796616
3.776245100,-3.366657169
3.776448600,-3.354517653
3.776652000,-3.322378205
3.776855500,-3.310238689
3.777058900,-3.294099241
3.777262400,-3.277959725
3.777465800,-3.249820277
3.777669300,-3.237680761
3.777872700,-3.221541313
3.778076200,-3.197401797
3.778279600,-3.185262350
3.778483100,-3.169122833
3.778686500,-3.144983386
3.778890000,-3.132843869
3.779093400,-3.116704422
3.779296900,-3.104564906
3.779500300,-3.084425458
3.779703800,-3.072285942
3.779907200,-3.060146494
3.780110700,-3.040006978
3.780314100,-3.031867530
3.780517600,-3.019728014
3.780721000,-3.003588566
3.780924500,-2.995449050
3.781127900,-2.983309603
3.781331400,-2.975170086
3.781534800,-2.963030639
3.781738300,-2.950891123
3.781941700,-2.946751675
3.782145200,-2.934612159
3.782348600,-2.926472711
3.782552100,-2.922333195
3.782755500,-2.914193747
3.782959000,-2.906054231
3.783162400,-2.901914783
3.783365900,-2.897775267
3.783569300,-2.893635820
3.783772800,-2.889496303
3.783976200,-2.889356856
3.784179700,-2.885217340
3.784383100,-2.881077892
3.784586600,-2.880938376
3.784790000,-2.880798928
3.784993500,-2.876659412
3.785196900,-2.880519964
3.785400400,-2.880380448
3.785603800,-2.880241000
3.785807300,-2.880101484
3.786010700,-2.883962036
3.786214200,-2.883822520
3.786417600,-2.887683073
3.786621100,-2.891543556
3.786824500,-2.891404109
3.787028000,-2.895264593
3.787231400,-2.899125145
3.787434900,-2.902985629
3.787638300,-2.906846181
3.787841800,-2.910706665
3.788045200,-2.918567217
3.788248700,-2.922427701
3.788452100,-2.926288253
3.788655600,-2.934148737
3.788859000,-2.938009290
3.789062500,-2.945869773
3.789266000,-2.949730257
3.789469400,-2.957590810
3.789672900,-2.961451293
3.789876300,-2.969311846
3.790079800,-2.969172330
3.790283200,-2.981032882
3.790486700,-2.984893366
3.790690100,-2.988753918
3.790893600,-3.000614402
3.791097000,-3.004474954
3.791300500,-3.012335438
3.791503900,-3.016195990
3.791707400,-3.024056474
3.791910800,-3.027917026
3.792114300,-3.031777510
3.792317700,-3.039638063
3.792521200,-3.047498546
3.792724600,-3.047359099
3.792928100,-3.059219583
3.793131500,-3.063080135
3.793335000,-3.062940619
3.793538400,-3.070801171
3.793741900,-3.078661655
3.793945300,-3.082522207
3.794148800,-3.086382691
3.794352200,-3.090243243
3.794555700,-3.094103727
3.794759100,-3.093964280
3.794962600,-3.101824763
3.795166000,-3.105685316
3.795369500,-3.105545800
3.795572900,-3.109406352
3.795776400,-3.113266836
3.795979800,-3.113127388
3.796183300,-3.116987872
3.796386700,-3.120848424
3.796590200,-3.120708908
3.796793600,-3.120569460
3.796997100,-3.124429944
3.797200500,-3.128290497
3.797404000,-3.128150980
3.797607400,-3.132011533
3.797810900,-3.131872016
3.798014300,-3.127732569
3.798217800,-3.131593053
3.798421200,-3.135453605
3.798624700,-3.131314089
3.798828100,-3.131174641
3.799031600,-3.135035125
3.799235000,-3.130895677
3.799438500,-3.130756161
3.799641900,-3.134616713
3.799845400,-3.134477197
3.800048800,-3.130337750
3.800252300,-3.130198233
3.800455700,-3.134058786
3.800659200,-3.129919270
3.800862600,-3.129779822
3.801066100,-3.129640306
3.801269500,-3.125500858
3.801473000,-3.125361342
3.801676400,-3.129221894
3.801879900,-3.129082378
3.802083300,-3.124942930
3.802286800,-3.124803414
3.802490200,-3.124663967
3.802693700,-3.120524450
3.802897100,-3.120385003
3.803100600,-3.120245487
3.803304000,-3.116106039
3.803507500,-3.119966523
3.803710900,-3.119827075
3.803914400,-3.115687559
3.804117800,-3.115548111
3.804321300,-3.115408595
3.804524700,-3.115269147
3.804728200,-3.111129631
3.804931600,-3.114990184
3.805135100,-3.114850667
3.805338500,-3.110711220
3.805542000,-3.110571703
3.805745400,-3.114432256
3.805948900,-3.110292740
3.806152300,-3.110153292
3.806355800,-3.110013776
3.806559200,-3.113874328
3.806762700,-3.109734812
3.806966100,-3.109595364
3.807169600,-3.109455848
3.807373000,-3.109316400
3.807576500,-3.109176884
3.807779900,-3.113037437
3.807983400,-3.108897920
3.808186800,-3.108758473
3.808390300,-3.112618957
3.808593800,-3.108479440
3.808797200,-3.108339993
3.809000700,-3.112200477
3.809204100,-3.112061029
3.809407600,-3.111921513
3.809611000,-3.111782065
3.809814500,-3.115642549
3.810017900,-3.111503101
3.810221400,-3.111363585
3.810424800,-3.115224137
3.810628300,-3.115084621
3.810831700,-3.114945174
3.811035200,-3.118805657
3.811238600,-3.118666210
3.811442100,-3.118526693
3.811645500,-3.122387246
3.811849000,-3.122247730
3.812052400,-3.118108282
3.812255900,-3.121968766
3.812459300,-3.125829318
3.812662800,-3.121689802
3.812866200,-3.125550354
3.813069700,-3.129410838
3.813273100,-3.129271390
3.813476600,-3.129131874
3.813680000,-3.132992427
3.813883500,-3.132852910
3.814086900,-3.132713463
3.814290400,-3.132573947
3.814493800,-3.136434499
3.814697300,-3.136294983
3.814900700,-3.136155535
3.815104200,-3.140016019
3.815307600,-3.143876571
3.815511100,-3.139737055
3.815714500,-3.143597607
3.815918000,-3.147458091
3.816121400,-3.143318644
3.816324900,-3.147179127
3.816528300,-3.151039680
3.816731800,-3.150900163
3.816935200,-3.150760716
3.817138700,-3.154621200
3.817342100,-3.158481752
3.817545600,-3.154342236
3.817749000,-3.158202788
3.817952500,-3.162063272
3.818155900,-3.157923824
3.818359400,-3.161784308
3.818562800,-3.165644860
3.818766300,-3.165505344
3.818969700,-3.165365897
3.819173200,-3.169226380
3.819376600,-3.173086933
3.819580100,-3.168947417
3.819783500,-3.172807969
3.819987000,-3.176668453
3.820190400,-3.176529005
3.820393900,-3.176389489
3.820597300,-3.180250041
3.820800800,-3.184110525
3.821004200,-3.179971077
3.821207700,-3.187831561
3.821411100,-3.187692114
3.821614600,-3.187552597
3.821818000,-3.191413150
3.822021500,-3.191273634
3.822224900,-3.195134186
3.822428400,-3.194994670
3.822631800,-3.198855222
3.822835300,-3.198715706
3.823038700,-3.198576258
3.823242200,-3.202436742
3.823445600,-3.206297294
3.823649100,-3.202157778
3.823852500,-3.206018331
3.824056000,-3.209878814
3.824259400,-3.213739367
3.824462900,-3.213599850
3.824666300,-3.213460403
3.824869800,-3.217320887
3.825073200,-3.217181439
3.825276700,-3.221041923
3.825480100,-3.220902475
3.825683600,-3.224762959
3.825887000,-3.224623511
3.826090500,-3.228483995
3.826293900,-3.228344547
3.826497400,-3.228205031
3.826700800,-3.232065584
3.826904300,-3.235926067
3.827107700,-3.235786620
3.827311200,-3.235647104
3.827514600,-3.239507656
3.827718100,-3.239368140
3.827921500,-3.239228692
3.828125000,-3.243089176
3.828328500,-3.246949660
3.828531900,-3.250810212
3.828735400,-3.246670696
3.828938800,-3.250531248
3.829142300,-3.250391732
3.829345700,-3.250252284
3.829549200,-3.254112768
3.829752600,-3.253973321
3.829956100,-3.253833804
3.830159500,-3.253694357
3.830363000,-3.257554840
3.830566400,-3.261415393
3.830769900,-3.257275877
3.830973300,-3.261136429
3.831176800,-3.260996913
3.831380200,-3.260857465
3.831583700,-3.260717949
3.831787100,-3.260578501
3.831990600,-3.264438985
3.832194000,-3.260299537
3.832397500,-3.264160021
3.832600900,-3.264020574
3.832804400,-3.259881057
3.833007800,-3.263741610
3.833211300,-3.263602094
3.833414700,-3.263462646
3.833618200,-3.259323130
3.833821600,-3.259183682
3.834025100,-3.263044166
3.834228500,-3.258904718
3.834432000,-3.258765202
3.834635400,-3.258625754
3.834838900,-3.258486238
3.835042300,-3.254346791
3.835245800,-3.254207274
3.835449200,-3.254067827
3.835652700,-3.249928311
3.835856100,-3.249788863
3.836059600,-3.249649347
3.836263000,-3.249509899
3.836466500,-3.245370383
3.836669900,-3.241230935
3.836873400,-3.241091419
3.837076800,-3.236951971
3.837280300,-3.232812455
3.837483700,-3.232673007
3.837687200,-3.232533491
3.837890600,-3.228394044
3.838094100,-3.224254527
3.838297500,-3.224115080
3.838501000,-3.215975564
3.838704400,-3.215836116
3.838907900,-3.211696600
3.839111300,-3.211557152
3.839314800,-3.203417636
3.839518200,-3.203278188
3.839721700,-3.199138672
3.839925100,-3.190999224
3.840128600,-3.190859708
3.840332000,-3.186720261
3.840535500,-3.186580744
3.840738900,-3.178441297
3.840942400,-3.174301781
3.841145800,-3.170162333
3.841349300,-3.162022817
3.841552700,-3.161883369
3.841756200,-3.157743853
3.841959600,-3.153604405
3.842163100,-3.145464889
3.842366500,-3.145325441
3.842570000,-3.141185925
3.842773400,-3.133046478
3.842976900,-3.128906961
3.843180300,-3.124767514
3.843383800,-3.120627997
3.843587200,-3.112488550
3.843790700,-3.112349034
3.843994100,-3.104209586
3.844197600,-3.104070070
3.844401000,-3.095930622
3.844604500,-3.091791106
3.844807900,-3.087651658
3.845011400,-3.079512142
3.845214800,-3.079372694
3.845418300,-3.071233178
3.845621700,-3.067093731
3.845825200,-3.062954214
3.846028600,-3.054814767
3.846232100,-3.050675251
3.846435500,-3.046535803
3.846639000,-3.042396287
3.846842400,-3.038256839
3.847045900,-3.034117323
3.847249300,-3.025977875
3.847452800,-3.021838359
3.847656300,-3.017698843
3.847859700,-3.009559395
3.848063200,-3.005419879
3.848266600,-3.001280431
3.848470100,-2.997140915
3.848673500,-2.989001468
3.848877000,-2.984861951
3.849080400,-2.980722504
3.849283900,-2.980582987
3.849487300,-2.968443540
3.849690800,-2.964304024
3.849894200,-2.964164576
3.850097700,-2.952025060
3.850301100,-2.947885612
3.850504600,-2.947746096
3.850708000,-2.939606648
3.850911500,-2.931467132
3.851114900,-2.931327684
3.851318400,-2.927188168
3.851521800,-2.915048721
3.851725300,-2.914909204
3.851928700,-2.910769757
3.852132200,-2.902630241
3.852335600,-2.898490793
3.852539100,-2.894351277
3.852742500,-2.890211829
3.852946000,-2.886072313
3.853149400,-2.877932865
3.853352900,-2.873793349
3.853556300,-2.869653901
3.853759800,-2.861514385
3.853963200,-2.857374938
3.854166700,-2.853235421
3.854370100,-2.849095974
3.854573600,-2.844956458
3.854777000,-2.836817010
3.854980500,-2.832677494
3.855183900,-2.832538046
3.855387400,-2.824398530
3.855590800,-2.820259082
3.855794300,-2.816119566
3.855997700,-2.807980118
3.856201200,-2.803840602
3.856404600,-2.799701155
3.856608100,-2.795561638
3.856811500,-2.787422191
3.857015000,-2.783282674
3.857218400,-2.783143227
3.857421900,-2.779003711
3.857625300,-2.770864263
3.857828800,-2.766724747
3.858032200,-2.762585299
3.858235700,-2.754445783
3.858439100,-2.750306335
3.858642600,-2.750166819
3.858846000,-2.742027371
3.859049500,-2.737887855
3.859252900,-2.733748408
3.859456400,-2.729608891
3.859659800,-2.725469444
3.859863300,-2.717329928
3.860066700,-2.717190480
3.860270200,-2.713050964
3.860473600,-2.704911516
3.860677100,-2.700772000
3.860880500,-2.696632552
3.861084000,-2.696493036
3.861287400,-2.688353588
3.861490900,-2.684214072
3.861694300,-2.680074625
3.861897800,-2.679935108
3.862101200,-2.671795661
3.862304700,-2.667656144
3.862508100,-2.667516697
3.862711600,-2.659377181
3.862915000,-2.655237733
3.863118500,-2.651098217
3.863321900,-2.650958769
3.863525400,-2.642819253
3.863728800,-2.638679805
3.863932300,-2.638540289
3.864135700,-2.634400841
3.864339200,-2.626261325
3.864542600,-2.626121878
3.864746100,-2.621982361
3.864949500,-2.617842914
3.865153000,-2.613703398
3.865356400,-2.613563950
3.865559900,-2.609424434
3.865763300,-2.601284986
3.865966800,-2.601145470
3.866170200,-2.601006022
3.866373700,-2.596866506
3.866577100,-2.588727058
3.866780600,-2.588587542
3.866984000,-2.584448095
3.867187500,-2.584308578
3.867391000,-2.580169062
3.867594400,-2.576029615
3.867797900,-2.571890098
3.868001300,-2.567750651
3.868204800,-2.567611134
3.868408200,-2.563471687
3.868611700,-2.563332171
3.868815100,-2.559192723
3.869018600,-2.555053207
3.869222000,-2.554913759
3.869425500,-2.550774243
3.869628900,-2.546634795
3.869832400,-2.546495279
3.870035800,-2.542355831
3.870239300,-2.542216315
3.870442700,-2.538076868
3.870646200,-2.533937351
3.870849600,-2.533797904
3.871053100,-2.529658388
3.871256500,-2.525518940
3.871460000,-2.525379424
3.871663400,-2.525239976
3.871866900,-2.517100460
3.872070300,-2.516961012
3.872273800,-2.516821496
3.872477200,-2.516682048
3.872680700,-2.508542532
3.872884100,-2.508403085
3.873087600,-2.508263568
3.873291000,-2.508124121
3.873494500,-2.503984605
3.873697900,-2.499845157
3.873901400,-2.499705641
3.874104800,-2.495566193
3.874308300,-2.495426677
3.874511700,-2.491287229
3.874715200,-2.491147713
3.874918600,-2.487008265
3.875122100,-2.486868749
3.875325500,-2.486729302
3.875529000,-2.486589785
3.875732400,-2.478450338
3.875935900,-2.478310821
3.876139300,-2.478171374
3.876342800,-2.478031858
3.876546200,-2.473892410
3.876749700,-2.473752894
3.876953100,-2.473613446
3.877156600,-2.469473930
3.877360000,-2.465334482
3.877563500,-2.465194966
3.877766900,-2.465055518
3.877970400,-2.460916002
3.878173800,-2.460776555
3.878377300,-2.460637038
3.878580700,-2.460497591
3.878784200,-2.456358075
3.878987600,-2.452218627
3.879191100,-2.452079111
3.879394500,-2.451939663
3.879598000,-2.447800147
3.879801400,-2.447660699
3.880004900,-2.447521183
3.880208300,-2.447381735
3.880411800,-2.443242219
3.880615200,-2.443102772
3.880818700,-2.442963255
3.881022100,-2.442823808
3.881225600,-2.438684292
3.881429000,-2.438544844
3.881632500,-2.438405328
3.881835900,-2.438265880
3.882039400,-2.434126364
3.882242800,-2.433986916
3.882446300,-2.433847400
3.882649700,-2.429707952
3.882853200,-2.429568436
3.883056600,-2.429428988
3.883260100,-2.429289472
3.883463500,-2.425150025
3.883667000,-2.425010508
3.883870400,-2.424871061
3.884073900,-2.424731545
3.884277300,-2.420592097
3.884480800,-2.424452581
3.884684200,-2.424313133
3.884887700,-2.424173617
3.885091100,-2.420034169
3.885294600,-2.419894653
3.885498000,-2.419755205
3.885701500,-2.419615689
3.885904900,-2.419476242
3.886108400,-2.419336725
3.886311800,-2.419197278
3.886515300,-2.419057762
3.886718800,-2.418918245
3.886922200,-2.418778798
3.887125700,-2.418639282
3.887329100,-2.418499834
3.887532600,-2.418360318
3.887736000,-2.418220870
3.887939500,-2.418081354
3.888142900,-2.417941906
3.888346400,-2.417802390
3.888549800,-2.417662942
3.888753300,-2.421523426
3.888956700,-2.417383978
3.889160200,-2.417244462
3.889363600,-2.421105015
3.889567100,-2.420965498
3.889770500,-2.420826051
3.889974000,-2.420686535
3.890177400,-2.420547087
3.890380900,-2.424407571
3.890584300,-2.420268123
3.890787800,-2.424128607
3.890991200,-2.423989159
3.891194700,-2.427849643
3.891398100,-2.423710195
3.891601600,-2.427570679
3.891805000,-2.431431232
3.892008500,-2.431291715
3.892211900,-2.427152268
3.892415400,-2.431012752
3.892618800,-2.434873304
3.892822300,-2.434733788
3.893025700,-2.434594340
3.893229200,-2.438454824
3.893432600,-2.438315376
3.893636100,-2.442175860
3.893839500,-2.442036412
3.894043000,-2.441896896
3.894246400,-2.445757449
3.894449900,-2.445617932
3.894653300,-2.445478485
3.894856800,-2.449338968
3.895060200,-2.449199521
3.895263700,-2.453060005
3.895467100,-2.452920557
3.895670600,-2.452781041
3.895874000,-2.456641593
3.896077500,-2.460502077
3.896280900,-2.456362629
3.896484400,-2.460223113
3.896687800,-2.464083665
3.896891300,-2.467944149
3.897094700,-2.463804702
3.897298200,-2.467665185
3.897501600,-2.471525738
3.897705100,-2.475386222
3.897908500,-2.475246774
3.898112000,-2.475107258
3.898315400,-2.478967810
3.898518900,-2.482828294
3.898722300,-2.482688846
3.898925800,-2.482549330
3.899129200,-2.486409882
3.899332700,-2.490270366
3.899536100,-2.490130919
3.899739600,-2.489991402
3.899943000,-2.493851955
3.900146500,-2.497712439
3.900349900,-2.497572991
3.900553400,-2.501433475
3.900756800,-2.501294027
3.900960300,-2.505154511
3.901163700,-2.505015063
3.901367200,-2.508875547
3.901570600,-2.512736099
3.901774100,-2.512596583
3.901977500,-2.512457136
3.902181000,-2.516317619
3.902384400,-2.520178172
3.902587900,-2.524038655
3.902791300,-2.523899208
3.902994800,-2.523759692
3.903198200,-2.527620244
3.903401700,-2.531480728
3.903605100,-2.531341280
3.903808600,-2.535201764
3.904012000,-2.539062316
3.904215500,-2.538922800
3.904418900,-2.538783352
3.904622400,-2.542643836
3.904825800,-2.546504389
3.905029300,-2.550364872
3.905232700,-2.546225425
3.905436200,-2.554085909
3.905639600,-2.553946461
3.905843100,-2.557806945
3.906046500,-2.561667497
3.906250000,-2.561527981
3.906453500,-2.565388465
3.906656900,-2.569249017
3.906860400,-2.569109501
3.907063800,-2.572970053
3.907267300,-2.576830537
3.907470700,-2.580691089
3.907674200,-2.576551573
3.907877600,-2.580412126
3.908081100,-2.584272609
3.908284500,-2.588133162
3.908488000,-2.587993645
3.908691400,-2.591854198
3.908894900,-2.595714682
3.909098300,-2.599575234
3.909301800,-2.599435718
3.909505200,-2.603296270
3.909708700,-2.607156754
3.909912100,-2.607017306
3.910115600,-2.610877790
3.910319000,-2.610738342
3.910522500,-2.614598826
3.910725900,-2.618459379
3.910929400,-2.618319862
3.911132800,-2.622180415
3.911336300,-2.626040899
3.911539700,-2.629901451
3.911743200,-2.633761935
3.911946600,-2.629622487
3.912150100,-2.637482971
3.912353500,-2.637343523
3.912557000,-2.641204007
3.912760400,-2.641064559
3.912963900,-2.644925043
3.913167300,-2.644785596
3.913370800,-2.652646079
3.913574200,-2.648506632
3.913777700,-2.652367115
3.913981100,-2.652227668
3.914184600,-2.656088152
3.914388000,-2.655948704
3.914591500,-2.659809188
3.914794900,-2.663669740
3.914998400,-2.663530224
3.915201800,-2.663390776
3.915405300,-2.667251260
3.915608700,-2.667111812
3.915812200,-2.666972296
3.916015600,-2.666832849
3.916219100,-2.670693332
3.916422500,-2.670553885
3.916626000,-2.670414369
3.916829400,-2.670274921
3.917032900,-2.670135405
3.917236300,-2.669995957
3.917439800,-2.673856441
3.917643200,-2.669716993
3.917846700,-2.669577477
3.918050100,-2.669438029
3.918253600,-2.669298513
3.918457000,-2.673159066
3.918660500,-2.669019549
3.918863900,-2.668880102
3.919067400,-2.668740586
3.919270800,-2.668601138
3.919474300,-2.660461622
3.919677700,-2.660322174
3.919881200,-2.660182658
3.920084600,-2.660043210
3.920288100,-2.651903694
3.920491500,-2.651764246
3.920695000,-2.651624730
3.920898400,-2.647485283
3.921101900,-2.643345766
3.921305300,-2.643206319
3.921508800,-2.639066802
3.921712200,-2.634927355
3.921915700,-2.630787839
3.922119100,-2.626648391
3.922322600,-2.622508875
3.922526000,-2.622369427
3.922729500,-2.618229911
3.922932900,-2.610090463
3.923136400,-2.605950947
3.923339800,-2.601811499
3.923543300,-2.597671983
3.923746700,-2.589532536
3.923950200,-2.589393019
3.924153600,-2.581253572
3.924357100,-2.577114056
3.924560500,-2.568974608
3.924764000,-2.564835092
3.924967400,-2.556695644
3.925170900,-2.556556128
3.925374300,-2.548416680
3.925577800,-2.540277164
3.925781300,-2.536137648
3.925984700,-2.531998200
3.926188200,-2.523858684
3.926391600,-2.515719236
3.926595100,-2.507579720
3.926798500,-2.499440273
3.927002000,-2.495300756
3.927205400,-2.487161309
3.927408900,-2.483021792
3.927612300,-2.474882345
3.927815800,-2.470742829
3.928019200,-2.458603381
3.928222700,-2.450463865
3.928426100,-2.446324417
3.928629600,-2.442184901
3.928833000,-2.426045453
3.929036500,-2.421905937
3.929239900,-2.417766489
3.929443400,-2.413626973
3.929646800,-2.401487526
3.929850300,-2.393348009
3.930053700,-2.389208562
3.930257200,-2.377069046
3.930460600,-2.372929598
3.930664100,-2.364790082
3.930867500,-2.352650634
3.931071000,-2.348511118
3.931274400,-2.344371670
3.931477900,-2.332232154
3.931681300,-2.324092706
3.931884800,-2.319953190
3.932088200,-2.311813743
3.932291700,-2.299674226
3.932495100,-2.295534779
3.932698600,-2.287395263
3.932902000,-2.279255815
3.933105500,-2.275116299
3.933308900,-2.262976851
3.933512400,-2.258837335
3.933715800,-2.250697887
3.933919300,-2.242558371
3.934122700,-2.234418923
3.934326200,-2.226279407
3.934529600,-2.222139959
3.934733100,-2.214000443
3.934936500,-2.201860996
3.935140000,-2.197721479
3.935343400,-2.189582032
3.935546900,-2.181442516
3.935750300,-2.177303068
3.935953800,-2.169163552
3.936157200,-2.165024104
3.936360700,-2.152884588
3.936564100,-2.148745140
3.936767600,-2.140605624
3.936971000,-2.132466176
3.937174500,-2.128326660
3.937377900,-2.120187213
3.937581400,-2.108047696
3.937784800,-2.103908249
3.937988300,-2.099768733
3.938191700,-2.095629285
3.938395200,-2.087489769
3.938598600,-2.079350321
3.938802100,-2.075210805
3.939005500,-2.067071357
3.939209000,-2.062931841
3.939412400,-2.054792393
3.939615900,-2.046652877
3.939819300,-2.042513430
3.940022800,-2.038373913
3.940226200,-2.034234466
3.940429700,-2.022094949
3.940633100,-2.017955502
3.940836600,-2.013815986
3.941040000,-2.005676538
3.941243500,-1.997537022
3.941446900,-1.993397574
3.941650400,-1.985258058
3.941853800,-1.981118610
3.942057300,-1.976979094
3.942260700,-1.972839646
3.942464200,-1.964700130
3.942667600,-1.960560683
3.942871100,-1.956421166
3.943074500,-1.948281719
3.943278000,-1.944142203
3.943481400,-1.940002755
3.943684900,-1.931863239
3.943888300,-1.927723791
3.944091800,-1.923584275
3.944295200,-1.919444827
3.944498700,-1.911305311
3.944702100,-1.911165863
3.944905600,-1.903026347
3.945109000,-1.894886900
3.945312500,-1.894747383
3.945516000,-1.890607867
3.945719400,-1.882468420
3.945922900,-1.878328903
3.946126300,-1.874189456
3.946329800,-1.870049939
3.946533200,-1.861910492
3.946736700,-1.857770976
3.946940100,-1.857631528
3.947143600,-1.849492012
3.947347000,-1.849352564
3.947550500,-1.841213048
3.947753900,-1.837073600
3.947957400,-1.832934084
3.948160800,-1.832794636
3.948364300,-1.820655120
3.948567700,-1.820515673
3.948771200,-1.816376156
3.948974600,-1.816236709
3.949178100,-1.808097193
3.949381500,-1.803957745
3.949585000,-1.799818229
3.949788400,-1.795678781
3.949991900,-1.791539265
3.950195300,-1.787399817
3.950398800,-1.783260301
3.950602200,-1.779120853
3.950805700,-1.778981337
3.951009100,-1.774841890
3.951212600,-1.766702373
3.951416000,-1.762562926
3.951619500,-1.762423410
3.951822900,-1.758283962
3.952026400,-1.750144446
3.952229800,-1.746004998
3.952433300,-1.741865482
3.952636700,-1.741726034
3.952840200,-1.737586518
3.953043600,-1.733447070
3.953247100,-1.725307554
3.953450500,-1.725168107
3.953654000,-1.721028590
3.953857400,-1.712889143
3.954060900,-1.712749626
3.954264300,-1.708610179
3.954467800,-1.704470663
3.954671200,-1.700331215
3.954874700,-1.696191699
3.955078100,-1.692052251
3.955281600,-1.687912735
3.955485000,-1.683773287
3.955688500,-1.679633771
3.955891900,-1.675494323
3.956095400,-1.671354807
3.956298800,-1.671215360
3.956502300,-1.663075843
3.956705700,-1.658936396
3.956909200,-1.654796880
3.957112600,-1.650657432
3.957316100,-1.646517916
3.957519500,-1.646378468
3.957723000,-1.638238952
3.957926400,-1.634099504
3.958129900,-1.629959988
3.958333300,-1.629820540
3.958536800,-1.617681024
3.958740200,-1.617541577
3.958943700,-1.613402060
3.959147100,-1.609262613
3.959350600,-1.605123097
3.959554000,-1.596983649
3.959757500,-1.596844133
3.959960900,-1.588704685
3.960164400,-1.588565169
3.960367800,-1.580425721
3.960571300,-1.576286205
3.960774700,-1.572146757
3.960978200,-1.568007241
3.961181600,-1.563867793
3.961385100,-1.555728277
3.961588500,-1.555588830
3.961792000,-1.551449313
3.961995400,-1.547309866
3.962198900,-1.543170350
3.962402300,-1.535030902
3.962605800,-1.530891386
3.962809200,-1.526751938
3.963012700,-1.526612422
3.963216100,-1.514472974
3.963419600,-1.514333458
3.963623000,-1.510194010
3.963826500,-1.506054494
3.964029900,-1.501915047
3.964233400,-1.493775530
3.964436800,-1.489636083
3.964640300,-1.485496567
3.964843800,-1.481357050
3.965047200,-1.477217603
3.965250700,-1.469078086
3.965454100,-1.468938639
3.965657600,-1.464799123
3.965861000,-1.460659675
3.966064500,-1.452520159
3.966267900,-1.448380711
3.966471400,-1.448241195
3.966674800,-1.444101747
3.966878300,-1.439962231
3.967081700,-1.431822783
3.967285200,-1.427683267
3.967488600,-1.423543820
3.967692100,-1.423404303
3.967895500,-1.411264856
3.968099000,-1.411125340
3.968302400,-1.406985892
3.968505900,-1.406846376
3.968709300,-1.398706928
3.968912800,-1.394567412
3.969116200,-1.390427964
3.969319700,-1.386288448
3.969523100,-1.382149000
3.969726600,-1.382009484
3.969930000,-1.373870037
3.970133500,-1.369730520
3.970336900,-1.365591073
3.970540400,-1.365451557
3.970743800,-1.361312109
3.970947300,-1.353172593
3.971150700,-1.349033145
3.971354200,-1.344893629
3.971557600,-1.344754181
3.971761100,-1.336614665
3.971964500,-1.332475217
3.972168000,-1.328335701
3.972371400,-1.328196254
3.972574900,-1.324056737
3.972778300,-1.315917290
3.972981800,-1.315777773
3.973185200,-1.311638326
3.973388700,-1.307498810
3.973592100,-1.303359362
3.973795600,-1.299219846
3.973999000,-1.295080398
3.974202500,-1.290940882
3.974405900,-1.286801434
3.974609400,-1.282661918
3.974812800,-1.278522470
3.975016300,-1.274382954
3.975219700,-1.274243507
3.975423200,-1.266103990
3.975626600,-1.261964543
3.975830100,-1.257825027
3.976033500,-1.253685579
3.976237000,-1.249546063
3.976440400,-1.249406615
3.976643900,-1.241267099
3.976847300,-1.237127651
3.977050800,-1.232988135
3.977254200,-1.232848687
3.977457700,-1.224709171
3.977661100,-1.220569724
3.977864600,-1.216430207
3.978068000,-1.212290760
3.978271500,-1.208151244
3.978474900,-1.208011796
3.978678400,-1.195872280
3.978881800,-1.195732832
3.979085300,-1.191593316
3.979288700,-1.187453868
3.979492200,-1.183314352
3.979695600,-1.175174904
3.979899100,-1.175035388
3.980102500,-1.166895940
3.980306000,-1.162756424
3.980509400,-1.158616977
3.980712900,-1.150477460
3.980916300,-1.150338013
3.981119800,-1.146198497
3.981323200,-1.142059049
3.981526700,-1.133919533
3.981730100,-1.129780085
3.981933600,-1.125640569
3.982137000,-1.121501121
3.982340500,-1.117361605
3.982543900,-1.109222157
3.982747400,-1.105082641
3.982950800,-1.100943194
3.983154300,-1.096803677
3.983357700,-1.088664230
3.983561200,-1.084524714
3.983764600,-1.080385266
3.983968100,-1.076245750
3.984171500,-1.068106302
3.984375000,-1.067966786
3.984578500,-1.059827270
3.984781900,-1.051687822
3.984985400,-1.047548306
3.985188800,-1.043408858
3.985392300,-1.039269342
3.985595700,-1.031129894
3.985799200,-1.026990378
3.986002600,-1.022850930
3.986206100,-1.018711414
3.986409500,-1.014571967
3.986613000,-1.006432450
3.986816400,-0.998293003
3.987019900,-0.994153487
3.987223300,-0.990014039
3.987426800,-0.985874523
3.987630200,-0.977735075
3.987833700,-0.973595559
3.988037100,-0.969456111
3.988240600,-0.965316595
3.988444000,-0.957177147
3.988647500,-0.953037631
3.988850900,-0.944898184
3.989054400,-0.940758667
3.989257800,-0.936619220
3.989461300,-0.928479704
3.989664700,-0.924340256
3.989868200,-0.920200740
3.990071600,-0.916061292
3.990275100,-0.907921776
3.990478500,-0.903782328
3.990682000,-0.899642812
3.990885400,-0.891503364
3.991088900,-0.887363848
3.991292300,-0.883224401
3.991495800,-0.875084884
3.991699200,-0.870945437
3.991902700,-0.866805920
3.992106100,-0.862666473
3.992309600,-0.854526957
3.992513000,-0.846387509
3.992716500,-0.846247993
3.992919900,-0.838108545
3.993123400,-0.833969029
3.993326800,-0.829829581
3.993530300,-0.817690065
3.993733700,-0.813550617
3.993937200,-0.813411101
3.994140600,-0.805271654
3.994344100,-0.801132137
3.994547500,-0.792992690
3.994751000,-0.788853174
3.994954400,-0.780713726
3.995157900,-0.780574210
3.995361300,-0.776434762
3.995564800,-0.764295246
3.995768200,-0.760155798
3.995971700,-0.756016282
3.996175100,-0.747876834
3.996378600,-0.743737318
3.996582000,-0.735597871
3.996785500,-0.731458354
3.996988900,-0.723318907
3.997192400,-0.719179391
3.997395800,-0.719039943
3.997599300,-0.706900427
3.997802700,-0.702760979
3.998006200,-0.698621463
3.998209600,-0.690482015
3.998413100,-0.686342499
3.998616500,-0.682203051
3.998820000,-0.674063535
3.999023400,-0.665924088
3.999226900,-0.661784571
3.999430300,-0.657645124
3.999633800,-0.645505607
3.999837200,-0.637366160
4.000040700,-0.633226644
4.000244100,-0.625087196
4.000447600,-0.620947680
4.000651000,-0.616808232
4.000854500,-0.608668716
4.001057900,-0.600529268
4.001261400,-0.596389752
4.001464800,-0.592250304
4.001668300,-0.580110788
4.001871700,-0.571971341
4.002075200,-0.567831824
4.002278600,-0.559692377
4.002482100,-0.555552861
4.002685500,-0.547413413
4.002889000,-0.535273897
4.003092400,-0.531134449
4.003295900,-0.526994933
4.003499300,-0.518855485
4.003702800,-0.510715969
4.003906300,-0.502576453
4.004109700,-0.498437005
4.004313200,-0.486297489
4.004516600,-0.482158041
4.004720100,-0.478018525
4.004923500,-0.461879078
4.005127000,-0.457739561
4.005330400,-0.453600114
4.005533900,-0.445460597
4.005737300,-0.437321150
4.005940800,-0.429181634
4.006144200,-0.421042186
4.006347700,-0.412902670
4.006551100,-0.404763222
4.006754600,-0.400623706
4.006958000,-0.392484258
4.007161500,-0.380344742
4.007364900,-0.376205294
4.007568400,-0.372065778
4.007771800,-0.359926331
4.007975300,-0.355786814
4.008178700,-0.347647367
4.008382200,-0.335507851
4.008585600,-0.331368403
4.008789100,-0.323228887
4.008992500,-0.315089439
4.009196000,-0.302949923
4.009399400,-0.298810475
4.009602900,-0.294670959
4.009806300,-0.282531511
4.010009800,-0.278391995
4.010213200,-0.270252548
4.010416700,-0.258113031
4.010620100,-0.253973584
4.010823600,-0.245834068
4.011027000,-0.237694620
4.011230500,-0.229555104
4.011433900,-0.221415656
4.011637400,-0.213276140
4.011840800,-0.209136692
4.012044300,-0.200997176
4.012247700,-0.196857728
4.012451200,-0.184718212
4.012654600,-0.176578764
4.012858100,-0.172439248
4.013061500,-0.164299801
4.013265000,-0.156160284
4.013468400,-0.148020837
4.013671900,-0.139881321
4.013875300,-0.131741873
4.014078800,-0.127602357
4.014282200,-0.123462909
4.014485700,-0.107323393
4.014689100,-0.103183945
4.014892600,-0.099044429
4.015096000,-0.090904981
4.015299500,-0.082765465
4.015502900,-0.074626018
4.015706400,-0.066486501
4.015909800,-0.062347054
4.016113300,-0.058207538
4.016316700,-0.050068090
4.016520200,-0.041928574
4.016723600,-0.033789126
4.016927100,-0.029649610
4.017130500,-0.017510162
4.017334000,-0.013370646
4.017537400,-0.009231198
4.017740900,0.002908318
4.017944300,0.007047765
4.018147800,0.015187282
4.018351200,0.019326729
4.018554700,0.027466246
4.018758100,0.035605693
4.018961600,0.039745209
4.019165000,0.051884657
4.019368500,0.056024173
4.019571900,0.060163621
4.019775400,0.068303137
4.019978800,0.076442585
4.020182300,0.080582101
4.020385700,0.088721549
4.020589200,0.096861065
4.020792600,0.101000512
4.020996100,0.109140029
4.021199500,0.117279476
4.021403000,0.125418992
4.021606400,0.129558440
4.021809900,0.137697956
4.022013300,0.145837404
4.022216800,0.149976920
4.022420200,0.162116368
4.022623700,0.166255884
4.022827100,0.170395332
4.023030600,0.174534848
4.023234000,0.190674295
4.023437500,0.194813812
4.023641000,0.198953328
4.023844400,0.207092775
4.024047900,0.215232292
4.024251300,0.223371739
4.024454800,0.231511256
4.024658200,0.235650703
4.024861700,0.239790219
4.025065100,0.247929667
4.025268600,0.256069183
4.025472000,0.264208631
4.025675500,0.268348147
4.025878900,0.280487595
4.026082400,0.284627111
4.026285800,0.288766559
4.026489300,0.304906075
4.026692700,0.309045522
4.026896200,0.313185039
4.027099600,0.317324486
4.027303100,0.329464002
4.027506500,0.333603450
4.027710000,0.341742966
4.027913400,0.349882414
4.028116900,0.358021930
4.028320300,0.362161378
4.028523800,0.370300894
4.028727200,0.378440342
4.028930700,0.386579858
4.029134100,0.390719305
4.029337600,0.398858822
4.029541000,0.402998269
4.029744500,0.411137785
4.029947900,0.423277233
4.030151400,0.427416749
4.030354800,0.431556197
4.030558300,0.443695713
4.030761700,0.447835161
4.030965200,0.455974677
4.031168600,0.464114125
4.031372100,0.468253641
4.031575500,0.476393089
4.031779000,0.480532605
4.031982400,0.488672052
4.032185900,0.496811569
4.032389300,0.500951016
4.032592800,0.513090532
4.032796200,0.517229980
4.032999700,0.521369496
4.033203100,0.533508944
4.033406600,0.537648460
4.033610000,0.541787908
4.033813500,0.545927424
4.034016900,0.558066872
4.034220400,0.562206388
4.034423800,0.570345835
4.034627300,0.578485352
4.034830700,0.582624799
4.035034200,0.586764315
4.035237600,0.594903763
4.035441100,0.607043279
4.035644500,0.611182727
4.035848000,0.615322243
4.036051400,0.623461691
4.036254900,0.627601207
4.036458300,0.631740655
4.036661800,0.643880171
4.036865200,0.648019618
4.037068700,0.652159135
4.037272100,0.660298582
4.037475600,0.664438099
4.037679000,0.672577546
4.037882500,0.676717062
4.038085900,0.684856510
4.038289400,0.688996026
4.038492800,0.693135474
4.038696300,0.701274990
4.038899700,0.709414438
4.039103200,0.713553954
4.039306600,0.721693402
4.039510100,0.725832918
4.039713500,0.729972365
4.039917000,0.734111882
4.040120400,0.746251329
4.040323900,0.750390845
4.040527300,0.754530293
4.040730800,0.762669809
4.040934200,0.766809257
4.041137700,0.774948773
4.041341100,0.783088221
4.041544600,0.787227737
4.041748000,0.791367185
4.041951500,0.795506701
4.042154900,0.799646148
4.042358400,0.807785665
4.042561800,0.811925112
4.042765300,0.820064628
4.042968800,0.824204145
4.043172200,0.828343592
4.043375700,0.836483109
4.043579100,0.844622556
4.043782600,0.844762072
4.043986000,0.852901520
4.044189500,0.857041036
4.044392900,0.861180484
4.044596400,0.869320000
4.044799800,0.873459448
4.045003300,0.877598964
4.045206700,0.881738412
4.045410200,0.889877928
4.045613600,0.894017375
4.045817100,0.902156892
4.046020500,0.906296339
4.046224000,0.910435855
4.046427400,0.914575303
4.046630900,0.918714819
4.046834300,0.922854267
4.047037800,0.930993783
4.047241200,0.935133231
4.047444700,0.943272747
4.047648100,0.943412195
4.047851600,0.947551711
4.048055000,0.955691158
4.048258500,0.963830675
4.048461900,0.963970122
4.048665400,0.968109638
4.048868800,0.976249086
4.049072300,0.976388602
4.049275700,0.984528050
4.049479200,0.992667566
4.049682600,0.992807014
4.049886100,0.996946530
4.050089500,1.005085978
4.050293000,1.005225494
4.050496400,1.013364941
4.050699900,1.021504458
4.050903300,1.021643905
4.051106800,1.025783422
4.051310200,1.029922869
4.051513700,1.034062385
4.051717100,1.042201833
4.051920600,1.042341349
4.052124000,1.050480797
4.052327500,1.050620313
4.052530900,1.054759761
4.052734400,1.058899277
4.052937800,1.067038725
4.053141300,1.071178241
4.053344700,1.071317688
4.053548200,1.079457205
4.053751600,1.079596652
4.053955100,1.083736168
4.054158500,1.091875616
4.054362000,1.096015132
4.054565400,1.096154580
4.054768900,1.104294096
4.054972300,1.104433544
4.055175800,1.108573060
4.055379200,1.112712508
4.055582700,1.116852024
4.055786100,1.120991471
4.055989600,1.125130988
4.056193000,1.129270435
4.056396500,1.129409951
4.056599900,1.137549399
4.056803400,1.141688915
4.057006800,1.145828363
4.057210300,1.145967879
4.057413700,1.150107327
4.057617200,1.154246843
4.057820600,1.158386291
4.058024100,1.162525807
4.058227500,1.166665255
4.058431000,1.166804771
4.058634400,1.170944218
4.058837900,1.179083735
4.059041300,1.183223182
4.059244800,1.183362698
4.059448200,1.187502146
4.059651700,1.191641662
4.059855100,1.191781110
4.060058600,1.199920626
4.060262000,1.204060074
4.060465500,1.204199590
4.060668900,1.208339038
4.060872400,1.212478554
4.061075800,1.212618001
4.061279300,1.220757518
4.061482700,1.224896965
4.061686200,1.225036481
4.061889600,1.229175929
4.062093100,1.229315445
4.062296500,1.233454893
4.062500000,1.241594409
4.062703500,1.241733925
4.062906900,1.245873373
4.063110400,1.246012889
4.063313800,1.250152337
4.063517300,1.254291853
4.063720700,1.258431301
4.063924200,1.262570817
4.064127600,1.262710265
4.064331100,1.266849781
4.064534500,1.270989228
4.064738000,1.271128745
4.064941400,1.275268192
4.065144900,1.283407708
4.065348300,1.283547156
4.065551800,1.287686672
4.065755200,1.291826120
4.065958700,1.291965636
4.066162100,1.296105084
4.066365600,1.300244600
4.066569000,1.304384048
4.066772500,1.304523564
4.066975900,1.308663011
4.067179400,1.312802528
4.067382800,1.312941975
4.067586300,1.321081491
4.067789700,1.325220939
4.067993200,1.325360455
4.068196600,1.329499903
4.068400100,1.333639419
4.068603500,1.333778867
4.068807000,1.341918383
4.069010400,1.346057831
4.069213900,1.346197347
4.069417300,1.350336794
4.069620800,1.354476311
4.069824200,1.354615758
4.070027700,1.362755275
4.070231100,1.366894722
4.070434600,1.367034238
4.070638000,1.371173686
4.070841500,1.371313202
4.071044900,1.375452650
4.071248400,1.379592166
4.071451800,1.383731614
4.071655300,1.387871130
4.071858700,1.388010578
4.072062200,1.392150094
4.072265600,1.396289541
4.072469100,1.400429058
4.072672500,1.404568505
4.072876000,1.404708021
4.073079400,1.408847469
4.073282900,1.412986985
4.073486300,1.413126433
4.073689800,1.421265949
4.073893200,1.421405397
4.074096700,1.425544913
4.074300100,1.429684361
4.074503600,1.429823877
4.074707000,1.433963324
4.074910500,1.434102841
4.075113900,1.442242288
4.075317400,1.442381804
4.075520800,1.446521252
4.075724300,1.450660768
4.075927700,1.450800216
4.076131200,1.454939732
4.076334600,1.459079180
4.076538100,1.463218696
4.076741500,1.463358144
4.076945000,1.467497660
4.077148400,1.467637107
4.077351900,1.471776624
4.077555300,1.475916071
4.077758800,1.480055588
4.077962200,1.480195035
4.078165700,1.484334551
4.078369100,1.488473999
4.078572600,1.488613515
4.078776000,1.492752963
4.078979500,1.496892479
4.079182900,1.497031927
4.079386400,1.501171443
4.079589800,1.501310891
4.079793300,1.505450407
4.079996700,1.505589854
4.080200200,1.509729371
4.080403600,1.513868818
4.080607100,1.514008334
4.080810500,1.518147782
4.081014000,1.518287298
4.081217400,1.522426746
4.081420900,1.526566262
4.081624300,1.526705710
4.081827800,1.530845226
4.082031300,1.530984742
4.082234700,1.531124190
4.082438200,1.535263706
4.082641600,1.539403154
4.082845100,1.543542670
4.083048500,1.543682118
4.083252000,1.543821634
4.083455400,1.547961081
4.083658900,1.548100598
4.083862300,1.548240045
4.084065800,1.556379561
4.084269200,1.556519009
4.084472700,1.556658525
4.084676100,1.560797973
4.084879600,1.560937489
4.085083000,1.561076937
4.085286500,1.565216453
4.085489900,1.569355901
4.085693400,1.569495417
4.085896800,1.569634864
4.086100300,1.569774381
4.086303700,1.573913828
4.086507200,1.574053344
4.086710600,1.578192792
4.086914100,1.578332308
4.087117500,1.582471756
4.087321000,1.582611272
4.087524400,1.582750720
4.087727900,1.582890236
4.087931300,1.587029684
4.088134800,1.591169200
4.088338200,1.591308647
4.088541700,1.591448164
4.088745100,1.591587611
4.088948600,1.591727128
4.089152000,1.595866575
4.089355500,1.600006091
4.089558900,1.600145539
4.089762400,1.600285055
4.089965800,1.600424503
4.090169300,1.600564019
4.090372700,1.600703467
4.090576200,1.608842983
4.090779600,1.608982431
4.090983100,1.609121947
4.091186500,1.609261394
4.091390000,1.609400911
4.091593400,1.609540358
4.091796900,1.609679874
4.092000300,1.613819322
4.092203800,1.613958838
4.092407200,1.614098286
4.092610700,1.618237802
4.092814100,1.618377250
4.093017600,1.618516766
4.093221000,1.622656214
4.093424500,1.622795730
4.093627900,1.622935177
4.093831400,1.623074694
4.094034800,1.623214141
4.094238300,1.623353657
4.094441700,1.623493105
4.094645200,1.627632621
4.094848600,1.627772069
4.095052100,1.627911585
4.095255500,1.624051033
4.095459000,1.624190549
4.095662400,1.624329997
4.095865900,1.628469513
4.096069300,1.628608960
4.096272800,1.628748477
4.096476200,1.628887924
4.096679700,1.629027441
4.096883100,1.629166888
4.097086600,1.629306404
4.097290000,1.629445852
4.097493500,1.629585368
4.097696900,1.629724816
4.097900400,1.629864332
4.098103800,1.630003780
4.098307300,1.630143296
4.098510700,1.626282744
4.098714200,1.630422260
4.098917600,1.630561707
4.099121100,1.630701224
4.099324500,1.626840671
4.099528000,1.626980187
4.099731400,1.627119635
4.099934900,1.631259151
4.100138300,1.627398599
4.100341800,1.627538115
4.100545200,1.627677563
4.100748700,1.627817079
4.100952100,1.623956527
4.101155600,1.624096043
4.101359000,1.628235490
4.101562500,1.628375007
4.101766000,1.624514523
4.101969400,1.624653970
4.102172900,1.624793487
4.102376300,1.620932934
4.102579800,1.621072451
4.102783200,1.625211898
4.102986700,1.621351414
4.103190100,1.621490862
4.103393600,1.621630378
4.103597000,1.617769826
4.103800500,1.617909342
4.104003900,1.618048790
4.104207400,1.618188306
4.104410800,1.618327754
4.104614300,1.618467270
4.104817700,1.614606717
4.105021200,1.614746234
4.105224600,1.614885681
4.105428100,1.615025197
4.105631500,1.615164645
4.105835000,1.615304161
4.106038400,1.611443609
4.106241900,1.611583125
4.106445300,1.611722573
4.106648800,1.607862089
4.106852200,1.612001537
4.107055700,1.612141053
4.107259100,1.608280500
4.107462600,1.608420017
4.107666000,1.608559464
4.107869500,1.604698980
4.108072900,1.604838428
4.108276400,1.608977944
4.108479800,1.605117392
4.108683300,1.605256908
4.108886700,1.605396356
4.109090200,1.601535872
4.109293600,1.601675320
4.109497100,1.601814836
4.109700500,1.601954284
4.109904000,1.602093800
4.110107400,1.602233247
4.110310900,1.598372764
4.110514300,1.598512211
4.110717800,1.598651727
4.110921200,1.598791175
4.111124700,1.598930691
4.111328100,1.599070139
4.111531600,1.599209655
4.111735000,1.595349103
4.111938500,1.595488619
4.112141900,1.595628067
4.112345400,1.595767583
4.112548800,1.595907030
4.112752300,1.596046547
4.112955700,1.596185994
4.113159200,1.596325510
4.113362600,1.592464958
4.113566100,1.592604474
4.113769500,1.592743922
4.113973000,1.596883438
4.114176400,1.593022886
4.114379900,1.593162402
4.114583300,1.593301850
4.114786800,1.589441366
4.114990200,1.589580813
4.115193700,1.589720330
4.115397100,1.593859777
4.115600600,1.593999294
4.115804000,1.590138741
4.116007500,1.590278257
4.116210900,1.590417705
4.116414400,1.590557221
4.116617800,1.590696669
4.116821300,1.590836185
4.117024700,1.590975633
4.117228200,1.591115149
4.117431600,1.591254597
4.117635100,1.587394113
4.117838500,1.587533560
4.118042000,1.587673077
4.118245400,1.591812524
4.118448900,1.591952040
4.118652300,1.588091488
4.118855800,1.588231004
4.119059200,1.588370452
4.119262700,1.588509968
4.119466100,1.584649416
4.119669600,1.588788932
4.119873000,1.588928380
4.120076500,1.589067896
4.120279900,1.585207343
4.120483400,1.585346860
4.120686800,1.585486307
4.120890300,1.585625823
4.121093800,1.585765340
4.121297200,1.585904787
4.121500700,1.586044304
4.121704100,1.586183751
4.121907600,1.586323267
4.122111000,1.582462715
4.122314500,1.582602231
4.122517900,1.586741679
4.122721400,1.582881195
4.122924800,1.583020643
4.123128300,1.583160159
4.123331700,1.583299607
4.123535200,1.579439123
4.123738600,1.579578570
4.123942100,1.583718087
4.124145500,1.579857534
4.124349000,1.579997050
4.124552400,1.580136498
4.124755900,1.580276014
4.124959300,1.576415462
4.125162800,1.576554978
4.125366200,1.580694426
4.125569700,1.576833942
4.125773100,1.576973390
4.125976600,1.577112906
4.126180000,1.573252353
4.126383500,1.573391870
4.126586900,1.573531317
4.126790400,1.569670833
4.126993800,1.573810281
4.127197300,1.569949797
4.127400700,1.570089245
4.127604200,1.570228761
4.127807600,1.566368209
4.128011100,1.566507725
4.128214500,1.566647173
4.128418000,1.566786689
4.128621400,1.566926136
4.128824900,1.563065653
4.129028300,1.563205100
4.129231800,1.563344617
4.129435200,1.563484064
4.129638700,1.559623580
4.129842100,1.563763028
4.130045600,1.559902544
4.130249000,1.560041992
4.130452500,1.560181508
4.130655900,1.556320956
4.130859400,1.556460472
4.131062800,1.552599920
4.131266300,1.556739436
4.131469700,1.556878883
4.131673200,1.553018400
4.131876600,1.553157847
4.132080100,1.553297363
4.132283500,1.549436811
4.132487000,1.549576327
4.132690400,1.549715775
4.132893900,1.549855291
4.133097300,1.549994739
4.133300800,1.546134255
4.133504200,1.546273703
4.133707700,1.546413219
4.133911100,1.542552666
4.134114600,1.542692183
4.134318000,1.546831630
4.134521500,1.542971147
4.134724900,1.543110594
4.134928400,1.543250110
4.135131800,1.543389558
4.135335300,1.539529074
4.135538700,1.539668522
4.135742200,1.539808038
4.135945600,1.539947486
4.136149100,1.540087002
4.136352500,1.540226450
4.136556000,1.540365966
4.136759400,1.540505413
4.136962900,1.536644930
4.137166300,1.536784377
4.137369800,1.540923893
4.137573200,1.541063341
4.137776700,1.541202857
4.137980100,1.537342305
4.138183600,1.537481821
4.138387000,1.537621269
4.138590500,1.537760785
4.138793900,1.537900233
4.138997400,1.542039749
4.139200800,1.542179196
4.139404300,1.542318713
4.139607700,1.542458160
4.139811200,1.542597676
4.140014600,1.542737124
4.140218100,1.542876640
4.140421500,1.547016088
4.140625000,1.547155604
4.140828500,1.547295120
4.141031900,1.547434568
4.141235400,1.547574084
4.141438800,1.547713532
4.141642300,1.547853048
4.141845700,1.547992496
4.142049200,1.552132012
4.142252600,1.556271460
4.142456100,1.556410976
4.142659500,1.556550423
4.142863000,1.556689940
4.143066400,1.556829387
4.143269900,1.556968903
4.143473300,1.565108351
4.143676800,1.565247867
4.143880200,1.565387315
4.144083700,1.565526831
4.144287100,1.569666279
4.144490600,1.569805795
4.144694000,1.569945243
4.144897500,1.574084759
4.145100900,1.578224206
4.145304400,1.578363723
4.145507800,1.582503170
4.145711300,1.582642686
4.145914700,1.582782134
4.146118200,1.586921650
4.146321600,1.587061098
4.146525100,1.591200614
4.146728500,1.595340062
4.146932000,1.595479578
4.147135400,1.599619026
4.147338900,1.599758542
4.147542300,1.599897989
4.147745800,1.604037506
4.147949200,1.604176953
4.148152700,1.612316470
4.148356100,1.612455917
4.148559600,1.616595433
4.148763000,1.616734881
4.148966500,1.616874397
4.149169900,1.621013845
4.149373400,1.621153361
4.149576800,1.625292809
4.149780300,1.629432325
4.149983700,1.633571773
4.150187200,1.633711289
4.150390600,1.637850736
4.150594100,1.637990253
4.150797500,1.638129700
4.151001000,1.642269216
4.151204400,1.642408664
4.151407900,1.650548180
4.151611300,1.650687628
4.151814800,1.654827144
4.152018200,1.654966592
4.152221700,1.659106108
4.152425100,1.659245556
4.152628600,1.663385072
4.152832000,1.667524519
4.153035500,1.667664036
4.153238900,1.671803483
4.153442400,1.671942999
4.153645800,1.676082447
4.153849300,1.676221963
4.154052700,1.680361411
4.154256200,1.680500927
4.154459600,1.684640375
4.154663100,1.688779891
4.154866500,1.688919339
4.155070000,1.693058855
4.155273400,1.693198303
4.155476900,1.693337819
4.155680300,1.697477266
4.155883800,1.697616783
4.156087200,1.701756230
4.156290700,1.705895746
4.156494100,1.706035194
4.156697600,1.706174710
4.156901000,1.710314158
4.157104500,1.710453674
4.157307900,1.710593122
4.157511400,1.714732638
4.157714800,1.718872086
4.157918300,1.719011602
4.158121700,1.719151049
4.158325200,1.723290566
4.158528600,1.723430013
4.158732100,1.723569529
4.158935500,1.723708977
4.159139000,1.727848493
4.159342400,1.731987941
4.159545900,1.732127457
4.159749300,1.732266905
4.159952800,1.736406421
4.160156300,1.736545937
4.160359700,1.736685385
4.160563200,1.736824901
4.160766600,1.736964349
4.160970100,1.741103865
4.161173500,1.745243313
4.161377000,1.745382829
4.161580400,1.745522276
4.161783900,1.745661793
4.161987300,1.745801240
4.162190800,1.745940756
4.162394200,1.746080204
4.162597700,1.750219720
4.162801100,1.750359168
4.163004600,1.750498684
4.163208000,1.750638132
4.163411500,1.750777648
4.163614900,1.750917096
4.163818400,1.751056612
4.164021800,1.751196059
4.164225300,1.755335576
4.164428700,1.755475023
4.164632200,1.755614539
4.164835600,1.755753987
4.165039100,1.755893503
4.165242500,1.756032951
4.165446000,1.756172467
4.165649400,1.756311915
4.165852900,1.760451431
4.166056300,1.760590879
4.166259800,1.760730395
4.166463200,1.760869842
4.166666700,1.757009359
4.166870100,1.757148806
4.167073600,1.757288323
4.167277000,1.757427770
4.167480500,1.761567286
4.167683900,1.761706734
4.167887400,1.757846250
4.168090800,1.757985698
4.168294300,1.758125214
4.168497700,1.758264662
4.168701200,1.754404178
4.168904600,1.754543626
4.169108100,1.754683142
4.169311500,1.754822589
4.169515000,1.754962106
4.169718400,1.755101553
4.169921900,1.751241069
4.170125300,1.751380517
4.170328800,1.751520033
4.170532200,1.751659481
4.170735700,1.747798997
4.170939100,1.751938445
4.171142600,1.748077961
4.171346000,1.748217409
4.171549500,1.748356925
4.171752900,1.744496372
4.171956400,1.744635889
4.172159800,1.740775336
4.172363300,1.740914852
4.172566700,1.741054300
4.172770200,1.741193816
4.172973600,1.737333264
4.173177100,1.737472780
4.173380500,1.733612228
4.173584000,1.733751744
4.173787400,1.729891192
4.173990900,1.726030708
4.174194300,1.730170155
4.174397800,1.726309672
4.174601200,1.726449119
4.174804700,1.722588636
4.175008100,1.722728083
4.175211600,1.718867599
4.175415000,1.715007047
4.175618500,1.715146563
4.175821900,1.711286011
4.176025400,1.711425527
4.176228800,1.707564975
4.176432300,1.707704491
4.176635700,1.703843939
4.176839200,1.699983455
4.177042600,1.700122902
4.177246100,1.696262419
4.177449500,1.692401866
4.177653000,1.692541382
4.177856400,1.692680830
4.178059900,1.684820346
4.178263300,1.684959794
4.178466800,1.681099310
4.178670200,1.677238758
4.178873700,1.673378274
4.179077100,1.669517722
4.179280600,1.673657238
4.179484000,1.665796685
4.179687500,1.661936202
4.179891000,1.662075718
4.180094400,1.654215165
4.180297900,1.654354682
4.180501300,1.650494129
4.180704800,1.642633646
4.180908200,1.642773093
4.181111700,1.642912609
4.181315100,1.639052057
4.181518600,1.635191573
4.181722000,1.631331021
4.181925500,1.627470537
4.182128900,1.619609985
4.182332400,1.619749501
4.182535800,1.615888949
4.182739300,1.612028465
4.182942700,1.612167912
4.183146200,1.608307429
4.183349600,1.600446876
4.183553100,1.596586392
4.183756500,1.596725840
4.183960000,1.592865356
4.184163400,1.585004804
4.184366900,1.585144320
4.184570300,1.585283768
4.184773800,1.577423284
4.184977200,1.577562732
4.185180700,1.573702248
4.185384100,1.565841695
4.185587600,1.565981212
4.185791000,1.562120659
4.185994500,1.558260176
4.186197900,1.554399623
4.186401400,1.554539139
4.186604800,1.550678587
4.186808300,1.546818103
4.187011700,1.546957551
4.187215200,1.543097067
4.187418600,1.539236515
4.187622100,1.535376031
4.187825500,1.535515479
4.188029000,1.535654995
4.188232400,1.531794442
4.188435900,1.527933959
4.188639300,1.528073406
4.188842800,1.524212922
4.189046200,1.520352370
4.189249700,1.520491886
4.189453100,1.516631334
4.189656600,1.516770850
4.189860000,1.516910298
4.190063500,1.517049814
4.190266900,1.513189262
4.190470400,1.513328778
4.190673800,1.513468225
4.190877300,1.509607742
4.191080700,1.509747189
4.191284200,1.505886705
4.191487600,1.506026153
4.191691100,1.510165669
4.191894500,1.510305117
4.192098000,1.506444633
4.192301400,1.506584081
4.192504900,1.506723597
4.192708300,1.506863045
4.192911800,1.507002561
4.193115200,1.507142008
4.193318700,1.511281525
4.193522100,1.511420972
4.193725600,1.511560489
4.193929000,1.511699936
4.194132500,1.511839452
4.194335900,1.511978900
4.194539400,1.512118416
4.194742800,1.512257864
4.194946300,1.512397380
4.195149700,1.516536828
4.195353200,1.516676344
4.195556600,1.516815792
4.195760100,1.520955308
4.195963500,1.521094755
4.196167000,1.521234272
4.196370400,1.521373719
4.196573900,1.521513235
4.196777300,1.525652683
4.196980800,1.529792199
4.197184200,1.529931647
4.197387700,1.534071163
4.197591100,1.534210611
4.197794600,1.534350127
4.197998000,1.538489575
4.198201500,1.538629091
4.198404900,1.538768538
4.198608400,1.542908055
4.198811800,1.547047502
4.199015300,1.547187018
4.199218800,1.551326535
4.199422200,1.551465982
4.199625700,1.555605499
4.199829100,1.555744946
4.200032600,1.555884462
4.200236000,1.560023910
4.200439500,1.560163426
4.200642900,1.564302874
4.200846400,1.568442390
4.201049800,1.568581838
4.201253300,1.572721354
4.201456700,1.572860802
4.201660200,1.577000318
4.201863600,1.577139765
4.202067100,1.577279282
4.202270500,1.581418729
4.202474000,1.585558245
4.202677400,1.585697693
4.202880900,1.589837209
4.203084300,1.589976657
4.203287800,1.594116173
4.203491200,1.594255621
4.203694700,1.598395137
4.203898100,1.598534585
4.204101600,1.598674101
4.204305000,1.606813548
4.204508500,1.606953065
4.204711900,1.607092512
4.204915400,1.611232028
4.205118800,1.611371476
4.205322300,1.611510992
4.205525700,1.611650440
4.205729200,1.615789956
4.205932600,1.615929404
4.206136100,1.620068920
4.206339500,1.624208368
4.206543000,1.624347884
4.206746400,1.624487332
4.206949900,1.628626848
4.207153300,1.628766295
4.207356800,1.628905812
4.207560200,1.629045259
4.207763700,1.629184775
4.207967100,1.637324223
4.208170600,1.637463739
4.208374000,1.637603187
4.208577500,1.637742703
4.208780900,1.637882151
4.208984400,1.638021667
4.209187800,1.638161115
4.209391300,1.638300631
4.209594700,1.642440078
4.209798200,1.646579595
4.210001600,1.646719042
4.210205100,1.646858558
4.210408500,1.646998006
4.210612000,1.647137522
4.210815400,1.647276970
4.211018900,1.647416486
4.211222300,1.647555934
4.211425800,1.647695450
4.211629200,1.647834898
4.211832700,1.651974414
4.212036100,1.648113861
4.212239600,1.648253378
4.212443000,1.648392825
4.212646500,1.648532342
4.212849900,1.648671789
4.213053400,1.648811305
4.213256800,1.648950753
4.213460300,1.649090269
4.213663700,1.649229717
4.213867200,1.649369233
4.214070600,1.649508681
4.214274100,1.649648197
4.214477500,1.649787645
4.214681000,1.649927161
4.214884400,1.650066608
4.215087900,1.646206125
4.215291300,1.646345572
4.215494800,1.650485088
4.215698200,1.650624536
4.215901700,1.650764052
4.216105100,1.650903500
4.216308600,1.651043016
4.216512000,1.651182464
4.216715500,1.651321980
4.216918900,1.651461428
4.217122400,1.651600944
4.217325800,1.651740391
4.217529300,1.655879908
4.217732700,1.656019355
4.217936200,1.656158871
4.218139600,1.656298319
4.218343100,1.656437835
4.218546500,1.656577283
4.218750000,1.656716799
4.218953500,1.656856315
4.219156900,1.660995763
4.219360400,1.665135279
4.219563800,1.665274727
4.219767300,1.669414243
4.219970700,1.669553691
4.220174200,1.669693207
4.220377600,1.669832655
4.220581100,1.673972171
4.220784500,1.674111618
4.220988000,1.678251135
4.221191400,1.686390582
4.221394900,1.686530098
4.221598300,1.686669546
4.221801800,1.690809062
4.222005200,1.694948510
4.222208700,1.695088026
4.222412100,1.699227474
4.222615600,1.703366990
4.222819000,1.703506438
4.223022500,1.707645954
4.223225900,1.715785401
4.223429400,1.719924918
4.223632800,1.724064365
4.223836300,1.728203881
4.224039700,1.728343329
4.224243200,1.732482845
4.224446600,1.740622293
4.224650100,1.740761809
4.224853500,1.744901257
4.225057000,1.749040773
4.225260400,1.757180221
4.225463900,1.761319737
4.225667300,1.765459184
4.225870800,1.769598701
4.226074200,1.773738148
4.226277700,1.777877665
4.226481100,1.782017112
4.226684600,1.786156628
4.226888000,1.790296076
4.227091500,1.798435592
4.227294900,1.802575040
4.227498400,1.806714556
4.227701800,1.810854004
4.227905300,1.814993520
4.228108700,1.819132968
4.228312200,1.823272484
4.228515600,1.827411931
4.228719100,1.831551448
4.228922500,1.831690895
4.229126000,1.839830411
4.229329400,1.847969859
4.229532900,1.848109375
4.229736300,1.852248823
4.229939800,1.856388339
4.230143200,1.860527787
4.230346700,1.864667303
4.230550100,1.868806751
4.230753600,1.868946267
4.230957000,1.873085714
4.231160500,1.881225231
4.231363900,1.885364678
4.231567400,1.885504195
4.231770800,1.889643642
4.231974300,1.893783158
4.232177700,1.897922606
4.232381200,1.898062122
4.232584600,1.902201570
4.232788100,1.906341086
4.232991500,1.910480534
4.233195000,1.914620050
4.233398400,1.918759498
4.233601900,1.918899014
4.233805300,1.923038461
4.234008800,1.927177978
4.234212200,1.927317425
4.234415700,1.931456941
4.234619100,1.935596389
4.234822600,1.935735905
4.235026000,1.943875353
4.235229500,1.948014869
4.235432900,1.948154317
4.235636400,1.952293833
4.235839800,1.952433281
4.236043300,1.956572797
4.236246700,1.956712244
4.236450200,1.960851761
4.236653600,1.964991208
4.236857100,1.965130724
4.237060500,1.973270172
4.237264000,1.973409688
4.237467400,1.977549136
4.237670900,1.977688652
4.237874300,1.981828100
4.238077800,1.985967616
4.238281300,1.986107132
4.238484700,1.986246580
4.238688200,1.990386096
4.238891600,1.994525544
4.239095100,1.998665060
4.239298500,2.002804508
4.239502000,2.006944024
4.239705400,2.007083471
4.239908900,2.007222988
4.240112300,2.011362435
4.240315800,2.015501951
4.240519200,2.015641399
4.240722700,2.019780915
4.240926100,2.019920363
4.241129600,2.028059879
4.241333000,2.032199327
4.241536500,2.032338843
4.241739900,2.036478291
4.241943400,2.036617807
4.242146800,2.040757254
4.242350300,2.040896771
4.242553700,2.045036218
4.242757200,2.049175734
4.242960600,2.049315182
4.243164100,2.053454698
4.243367500,2.057594146
4.243571000,2.061733662
4.243774400,2.061873110
4.243977900,2.066012626
4.244181300,2.066152074
4.244384800,2.070291590
4.244588200,2.070431037
4.244791700,2.074570554
4.244995100,2.074710001
4.245198600,2.082849518
4.245402000,2.082988965
4.245605500,2.087128481
4.245808900,2.087267929
4.246012400,2.091407445
4.246215800,2.091546893
4.246419300,2.095686409
4.246622700,2.095825857
4.246826200,2.099965373
4.247029600,2.100104821
4.247233100,2.108244337
4.247436500,2.108383784
4.247640000,2.112523301
4.247843400,2.112662748
4.248046900,2.116802264
4.248250300,2.116941712
4.248453800,2.121081228
4.248657200,2.121220676
4.248860700,2.125360192
4.249064100,2.125499640
4.249267600,2.133639156
4.249471000,2.133778604
4.249674500,2.137918120
4.249877900,2.138057567
4.250081400,2.142197084
4.250284800,2.142336531
4.250488300,2.146476047
4.250691700,2.150615495
4.250895200,2.150755011
4.251098600,2.154894459
4.251302100,2.159033975
4.251505500,2.163173423
4.251709000,2.167312939
4.251912400,2.167452387
4.252115900,2.171591903
4.252319300,2.175731351
4.252522800,2.175870867
4.252726200,2.180010314
4.252929700,2.184149831
4.253133100,2.184289278
4.253336600,2.188428794
4.253540000,2.196568242
4.253743500,2.200707758
4.253946900,2.200847206
4.254150400,2.208986722
4.254353800,2.209126170
4.254557300,2.213265686
4.254760700,2.217405134
4.254964200,2.221544650
4.255167600,2.225684097
4.255371100,2.225823614
4.255574500,2.237963061
4.255778000,2.242102577
4.255981400,2.242242025
4.256184900,2.250381541
4.256388300,2.254520989
4.256591800,2.258660505
4.256795200,2.262799953
4.256998700,2.266939469
4.257202100,2.271078917
4.257405600,2.275218433
4.257609000,2.283357880
4.257812500,2.291497397
4.258016000,2.295636913
4.258219400,2.303776361
4.258422900,2.307915877
4.258626300,2.312055324
4.258829800,2.320194841
4.259033200,2.324334288
4.259236700,2.328473804
4.259440100,2.332613252
4.259643600,2.340752768
4.259847000,2.348892216
4.260050500,2.353031732
4.260253900,2.361171180
4.260457400,2.365310696
4.260660800,2.369450144
4.260864300,2.377589660
4.261067700,2.381729107
4.261271200,2.385868624
4.261474600,2.394008071
4.261678100,2.398147587
4.261881500,2.410287035
4.262085000,2.414426551
4.262288400,2.422565999
4.262491900,2.426705515
4.262695300,2.430844963
4.262898800,2.438984479
4.263102200,2.443123927
4.263305700,2.447263443
4.263509100,2.455402890
4.263712600,2.463542407
4.263916000,2.467681854
4.264119500,2.475821371
4.264322900,2.483960818
4.264526400,2.488100334
4.264729800,2.492239782
4.264933300,2.500379298
4.265136700,2.504518746
4.265340200,2.508658262
4.265543600,2.516797710
4.265747100,2.520937226
4.265950500,2.525076674
4.266154000,2.529216190
4.266357400,2.541355637
4.266560900,2.545495154
4.266764300,2.549634601
4.266967800,2.557774117
4.267171200,2.561913565
4.267374700,2.566053081
4.267578100,2.570192529
4.267781600,2.574332045
4.267985000,2.578471493
4.268188500,2.582611009
4.268391900,2.594750457
4.268595400,2.598889973
4.268798800,2.599029420
4.269002300,2.607168937
4.269205700,2.611308384
4.269409200,2.615447900
4.269612600,2.619587348
4.269816100,2.623726864
4.270019500,2.627866312
4.270223000,2.632005828
4.270426400,2.636145276
4.270629900,2.644284792
4.270833300,2.644424240
4.271036800,2.652563756
4.271240200,2.652703203
4.271443700,2.656842720
4.271647100,2.660982167
4.271850600,2.665121684
4.272054000,2.669261131
4.272257500,2.673400647
4.272460900,2.673540095
4.272664400,2.677679611
4.272867800,2.685819059
4.273071300,2.689958575
4.273274700,2.690098023
4.273478200,2.694237539
4.273681600,2.698376987
4.273885100,2.698516503
4.274088500,2.702655950
4.274292000,2.706795467
4.274495400,2.706934914
4.274698900,2.711074430
4.274902300,2.711213878
4.275105800,2.719353394
4.275309200,2.723492842
4.275512700,2.723632358
4.275716100,2.727771806
4.275919600,2.731911322
4.276123000,2.732050770
4.276326500,2.736190286
4.276529900,2.736329733
4.276733400,2.740469250
4.276936800,2.740608697
4.277140300,2.748748213
4.277343800,2.748887730
4.277547200,2.749027177
4.277750700,2.753166694
4.277954100,2.753306141
4.278157600,2.757445657
4.278361000,2.757585105
4.278564500,2.761724621
4.278767900,2.761864069
4.278971400,2.766003585
4.279174800,2.766143033
4.279378300,2.770282549
4.279581700,2.770421997
4.279785200,2.774561513
4.279988600,2.774700960
4.280192100,2.778840477
4.280395500,2.778979924
4.280599000,2.779119440
4.280802400,2.783258888
4.281005900,2.783398404
4.281209300,2.783537852
4.281412800,2.787677368
4.281616200,2.791816816
4.281819700,2.791956332
4.282023100,2.792095780
4.282226600,2.796235296
4.282430000,2.796374743
4.282633500,2.796514260
4.282836900,2.796653707
4.283040400,2.800793224
4.283243800,2.800932671
4.283447300,2.801072187
4.283650700,2.801211635
4.283854200,2.809351151
4.284057600,2.809490599
4.284261100,2.809630115
4.284464500,2.813769563
4.284668000,2.813909079
4.284871400,2.814048527
4.285074900,2.814188043
4.285278300,2.814327490
4.285481800,2.818467007
4.285685200,2.818606454
4.285888700,2.818745970
4.286092100,2.818885418
4.286295600,2.823024934
4.286499000,2.827164382
4.286702500,2.827303898
4.286905900,2.827443346
4.287109400,2.827582862
4.287312800,2.827722310
4.287516300,2.827861826
4.287719700,2.828001273
4.287923200,2.832140790
4.288126600,2.832280237
4.288330100,2.832419753
4.288533500,2.836559201
4.288737000,2.836698717
4.288940400,2.836838165
4.289143900,2.836977681
4.289347300,2.837117129
4.289550800,2.837256645
4.289754200,2.837396093
4.289957700,2.841535609
4.290161100,2.841675056
4.290364600,2.841814573
4.290568000,2.841954020
4.290771500,2.846093537
4.290974900,2.846232984
4.291178400,2.846372500
4.291381800,2.846511948
4.291585300,2.846651464
4.291788700,2.846790912
4.291992200,2.842930428
4.292195600,2.843069876
4.292399100,2.843209392
4.292602500,2.843348840
4.292806000,2.843488356
4.293009400,2.847627803
4.293212900,2.847767320
4.293416300,2.847906767
4.293619800,2.848046283
4.293823200,2.848185731
4.294026700,2.848325247
4.294230100,2.844464695
4.294433600,2.844604211
4.294637000,2.844743659
4.294840500,2.844883175
4.295043900,2.845022623
4.295247400,2.845162139
4.295450800,2.845301586
4.295654300,2.845441103
4.295857700,2.845580550
4.296061200,2.845720066
4.296264600,2.841859514
4.296468100,2.841999030
4.296671500,2.842138478
4.296875000,2.842277994
4.297078500,2.838417510
4.297281900,2.838556958
4.297485400,2.838696474
4.297688800,2.838835922
4.297892300,2.838975438
4.298095700,2.839114886
4.298299200,2.835254402
4.298502600,2.835393850
4.298706100,2.831533366
4.298909500,2.831672813
4.299113000,2.831812330
4.299316400,2.827951777
4.299519900,2.828091293
4.299723300,2.828230741
4.299926800,2.828370257
4.300130200,2.828509705
4.300333700,2.824649221
4.300537100,2.824788669
4.300740600,2.820928185
4.300944000,2.821067633
4.301147500,2.817207149
4.301350900,2.817346596
4.301554400,2.813486113
4.301757800,2.813625560
4.301961300,2.809765076
4.302164700,2.809904524
4.302368200,2.810044040
4.302571600,2.806183488
4.302775100,2.806323004
4.302978500,2.802462452
4.303182000,2.802601968
4.303385400,2.798741416
4.303588900,2.794880932
4.303792300,2.795020380
4.303995800,2.791159896
4.304199200,2.787299343
4.304402700,2.787438860
4.304606100,2.787578307
4.304809600,2.783717823
4.305013000,2.779857271
4.305216500,2.779996787
4.305419900,2.776136235
4.305623400,2.772275751
4.305826800,2.768415199
4.306030300,2.764554715
4.306233700,2.760694163
4.306437200,2.760833679
4.306640600,2.752973126
4.306844100,2.753112643
4.307047500,2.753252090
4.307251000,2.749391606
4.307454400,2.745531054
4.307657900,2.741670570
4.307861300,2.737810018
4.308064800,2.733949534
4.308268200,2.730088982
4.308471700,2.726228498
4.308675100,2.722367946
4.308878600,2.718507462
4.309082000,2.714646909
4.309285500,2.710786426
4.309488900,2.706925873
4.309692400,2.707065390
4.309895800,2.703204837
4.310099300,2.695344353
4.310302700,2.691483801
4.310506200,2.687623317
4.310709600,2.679762765
4.310913100,2.675902281
4.311116500,2.672041729
4.311320000,2.668181245
4.311523400,2.664320693
4.311726900,2.664460209
4.311930300,2.660599656
4.312133800,2.652739173
4.312337200,2.648878620
4.312540700,2.645018136
4.312744100,2.637157584
4.312947600,2.633297100
4.313151000,2.629436548
4.313354500,2.621576064
4.313557900,2.617715512
4.313761400,2.613855028
4.313964800,2.605994476
4.314168300,2.602133992
4.314371700,2.598273439
4.314575200,2.594412956
4.314778600,2.586552403
4.314982100,2.582691919
4.315185500,2.578831367
4.315389000,2.570970883
4.315592400,2.567110331
4.315795900,2.563249847
4.315999300,2.559389295
4.316202800,2.551528811
4.316406300,2.543668327
4.316609700,2.543807775
4.316813200,2.535947291
4.317016600,2.532086739
4.317220100,2.528226255
4.317423500,2.520365703
4.317627000,2.516505219
4.317830400,2.512644666
4.318033900,2.504784183
4.318237300,2.500923630
4.318440800,2.497063146
4.318644200,2.489202594
4.318847700,2.485342110
4.319051100,2.481481558
4.319254600,2.477621074
4.319458000,2.469760522
4.319661500,2.465900038
4.319864900,2.462039486
4.320068400,2.454179002
4.320271800,2.450318449
4.320475300,2.446457966
4.320678700,2.442597413
4.320882200,2.434736929
4.321085600,2.430876377
4.321289100,2.431015893
4.321492500,2.419155341
4.321696000,2.415294857
4.321899400,2.411434305
4.322102900,2.403573821
4.322306300,2.399713269
4.322509800,2.395852785
4.322713200,2.391992232
4.322916700,2.384131749
4.323120100,2.380271196
4.323323600,2.376410713
4.323527000,2.368550160
4.323730500,2.368689676
4.323933900,2.364829124
4.324137400,2.356968640
4.324340800,2.353108088
4.324544300,2.349247604
4.324747700,2.345387052
4.324951200,2.337526568
4.325154600,2.333666016
4.325358100,2.329805532
4.325561500,2.321944979
4.325765000,2.318084496
4.325968400,2.314223943
4.326171900,2.310363459
4.326375300,2.306502907
4.326578800,2.302642423
4.326782200,2.294781871
4.326985700,2.290921387
4.327189100,2.287060835
4.327392600,2.283200351
4.327596000,2.275339799
4.327799500,2.271479315
4.328002900,2.267618762
4.328206400,2.259758279
4.328409800,2.255897726
4.328613300,2.256037242
4.328816700,2.248176690
4.329020200,2.244316206
4.329223600,2.240455654
4.329427100,2.236595170
4.329630500,2.228734618
4.329834000,2.224874134
4.330037400,2.221013582
4.330240900,2.213153098
4.330444300,2.209292546
4.330647800,2.205432062
4.330851200,2.197571509
4.331054700,2.197711026
4.331258100,2.193850473
4.331461600,2.189989989
4.331665000,2.182129437
4.331868500,2.178268953
4.332071900,2.174408401
4.332275400,2.166547917
4.332478800,2.158687365
4.332682300,2.154826881
4.332885700,2.146966329
4.333089200,2.143105845
4.333292600,2.139245292
4.333496100,2.139384809
4.333699500,2.131524256
4.333903000,2.127663772
4.334106400,2.123803220
4.334309900,2.115942736
4.334513300,2.108082184
4.334716800,2.104221700
4.334920200,2.096361148
4.335123700,2.092500664
4.335327100,2.088640112
4.335530600,2.084779628
4.335734000,2.072919075
4.335937500,2.069058592
4.336141000,2.069198108
4.336344400,2.061337556
4.336547900,2.053477072
4.336751300,2.049616519
4.336954800,2.041756036
4.337158200,2.037895483
4.337361700,2.030034999
4.337565100,2.022174447
4.337768600,2.018313963
4.337972000,2.010453411
4.338175500,2.006592927
4.338378900,1.994732375
4.338582400,1.994871891
4.338785800,1.991011339
4.338989300,1.979150855
4.339192700,1.975290302
4.339396200,1.971429819
4.339599600,1.959569266
4.339803100,1.955708782
4.340006500,1.947848230
4.340210000,1.943987746
4.340413400,1.932127194
4.340616900,1.928266710
4.340820300,1.920406158
4.341023800,1.912545674
4.341227200,1.908685122
4.341430700,1.904824638
4.341634100,1.892964085
4.341837600,1.885103602
4.342041000,1.881243049
4.342244500,1.873382566
4.342447900,1.861522013
4.342651400,1.857661529
4.342854800,1.849800977
4.343058300,1.837940493
4.343261700,1.834079941
4.343465200,1.830219457
4.343668600,1.818358905
4.343872100,1.814498421
4.344075500,1.806637869
4.344279000,1.802777385
4.344482400,1.790916832
4.344685900,1.783056349
4.344889300,1.779195796
4.345092800,1.763335312
4.345296200,1.759474760
4.345499700,1.751614276
4.345703100,1.739753724
4.345906600,1.735893240
4.346110000,1.732032688
4.346313500,1.720172204
4.346516900,1.712311652
4.346720400,1.708451168
4.346923800,1.700590615
4.347127300,1.688730132
4.347330700,1.680869579
4.347534200,1.677009095
4.347737600,1.661148543
4.347941100,1.657288059
4.348144500,1.649427507
4.348348000,1.637567023
4.348551400,1.633706471
4.348754900,1.629845987
4.348958300,1.621985435
4.349161800,1.610124951
4.349365200,1.602264398
4.349568700,1.598403915
4.349772100,1.586543362
4.349975600,1.578682879
4.350179000,1.570822326
4.350382500,1.558961842
4.350585900,1.555101290
4.350789400,1.547240806
4.350992800,1.539380254
4.351196300,1.531519770
4.351399700,1.527659218
4.351603200,1.519798734
4.351806600,1.507938182
4.352010100,1.500077698
4.352213500,1.496217145
4.352417000,1.484356662
4.352620400,1.476496109
4.352823900,1.472635625
4.353027300,1.464775073
4.353230800,1.452914589
4.353434200,1.449054037
4.353637700,1.445193553
4.353841100,1.433333001
4.354044600,1.429472517
4.354248000,1.421611965
4.354451500,1.409751481
4.354654900,1.405890928
4.354858400,1.398030445
4.355061800,1.386169892
4.355265300,1.382309409
4.355468800,1.374448925
4.355672200,1.370588372
4.355875700,1.358727889
4.356079100,1.354867336
4.356282600,1.351006852
4.356486000,1.339146300
4.356689500,1.335285816
4.356892900,1.327425264
4.357096400,1.319564780
4.357299800,1.311704228
4.357503300,1.307843744
4.357706700,1.299983192
4.357910200,1.292122708
4.358113600,1.284262155
4.358317100,1.280401672
4.358520500,1.268541119
4.358724000,1.264680635
4.358927400,1.260820083
4.359130900,1.248959599
4.359334300,1.245099047
4.359537800,1.237238563
4.359741200,1.233378011
4.359944700,1.221517527
4.360148100,1.217656975
4.360351600,1.209796491
4.360555000,1.201935938
4.360758500,1.194075455
4.360961900,1.190214902
4.361165400,1.178354419
4.361368800,1.174493866
4.361572300,1.170633382
4.361775700,1.166772830
4.361979200,1.154912346
4.362182600,1.147051794
4.362386100,1.143191310
4.362589500,1.131330758
4.362793000,1.123470274
4.362996400,1.119609722
4.363199900,1.107749238
4.363403300,1.103888685
4.363606800,1.096028202
4.363810200,1.096167649
4.364013700,1.084307165
4.364217100,1.076446613
4.364420600,1.072586129
4.364624000,1.060725577
4.364827500,1.052865093
4.365030900,1.049004541
4.365234400,1.033144057
4.365437800,1.029283505
4.365641300,1.021423021
4.365844700,1.009562468
4.366048200,1.005701985
4.366251600,0.997841432
4.366455100,0.993980948
4.366658500,0.982120396
4.366862000,0.978259912
4.367065400,0.970399360
4.367268900,0.958538876
4.367472300,0.950678324
4.367675800,0.942817840
4.367879200,0.930957288
4.368082700,0.923096804
4.368286100,0.915236251
4.368489600,0.911375768
4.368693000,0.895515215
4.368896500,0.891654732
4.369099900,0.887794179
4.369303400,0.871933695
4.369506800,0.864073143
4.369710300,0.860212659
4.369913700,0.844352107
4.370117200,0.836491623
4.370320600,0.828631071
4.370524100,0.820770587
4.370727500,0.804910035
4.370931000,0.801049551
4.371134400,0.793188998
4.371337900,0.777328515
4.371541300,0.769467962
4.371744800,0.765607478
4.371948200,0.749746926
4.372151700,0.741886442
4.372355100,0.734025890
4.372558600,0.726165406
4.372762000,0.710304854
4.372965500,0.702444370
4.373168900,0.690583818
4.373372400,0.674723334
4.373575800,0.666862781
4.373779300,0.659002298
4.373982700,0.643141745
4.374186200,0.639281261
4.374389600,0.627420709
4.374593100,0.611560225
4.374796500,0.603699673
4.375000000,0.595839189
4.375203500,0.583978705
4.375406900,0.568118153
4.375610400,0.560257669
4.375813800,0.548397117
4.376017300,0.532536633
4.376220700,0.524676081
4.376424200,0.512815597
4.376627600,0.496955045
4.376831100,0.493094561
4.377034500,0.481234008
4.377238000,0.473373525
4.377441400,0.453512972
4.377644900,0.445652488
4.377848300,0.437791936
4.378051800,0.417931452
4.378255200,0.410070900
4.378458700,0.402210416
4.378662100,0.382349864
4.378865600,0.374489380
4.379069000,0.366628828
4.379272500,0.354768344
4.379475900,0.342907791
4.379679400,0.335047308
4.379882800,0.327186755
4.380086300,0.307326271
4.380289700,0.299465719
4.380493200,0.291605235
4.380696600,0.275744683
4.380900100,0.267884199
4.381103500,0.260023647
4.381307000,0.252163163
4.381510400,0.236302611
4.381713900,0.228442127
4.381917300,0.220581575
4.382120800,0.208721091
4.382324200,0.200860538
4.382527700,0.193000055
4.382731100,0.181139502
4.382934600,0.173279018
4.383138000,0.165418466
4.383341500,0.161557982
4.383544900,0.149697430
4.383748400,0.141836946
4.383951800,0.137976394
4.384155300,0.126115910
4.384358700,0.118255358
4.384562200,0.114394874
4.384765600,0.106534321
4.384969100,0.102673838
4.385172500,0.098813285
4.385376000,0.090952801
4.385579400,0.087092249
4.385782900,0.083231765
4.385986300,0.079371213
4.386189800,0.071510729
4.386393200,0.067650177
4.386596700,0.063789693
4.386800100,0.059929141
4.387003600,0.056068657
4.387207000,0.056208104
4.387410500,0.056347621
4.387613900,0.052487068
4.387817400,0.052626585
4.388020800,0.048766032
4.388224300,0.048905548
4.388427700,0.045044996
4.388631200,0.045184512
4.388834600,0.045323960
4.389038100,0.045463476
4.389241500,0.045602924
4.389445000,0.045742440
4.389648400,0.045881888
4.389851900,0.046021404
4.390055300,0.050160851
4.390258800,0.054300368
4.390462200,0.054439815
4.390665700,0.054579331
4.390869100,0.058718779
4.391072600,0.062858295
4.391276000,0.062997743
4.391479500,0.067137259
4.391682900,0.071276707
4.391886400,0.071416223
4.392089800,0.075555671
4.392293300,0.079695187
4.392496700,0.083834634
4.392700200,0.091974151
4.392903600,0.100113598
4.393107100,0.100253114
4.393310500,0.104392562
4.393514000,0.112532078
4.393717400,0.116671526
4.393920900,0.120811042
4.394124300,0.128950490
4.394327800,0.133090006
4.394531300,0.137229522
4.394734700,0.141368970
4.394938200,0.149508486
4.395141600,0.153647934
4.395345100,0.165787450
4.395548500,0.173926898
4.395752000,0.178066414
4.395955400,0.182205861
4.396158900,0.194345378
4.396362300,0.198484825
4.396565800,0.202624341
4.396769200,0.206763789
4.396972700,0.218903305
4.397176100,0.223042753
4.397379600,0.231182269
4.397583000,0.239321717
4.397786500,0.247461233
4.397989900,0.255600681
4.398193400,0.267740197
4.398396800,0.271879644
4.398600300,0.280019161
4.398803700,0.284158608
4.399007200,0.296298124
4.399210600,0.300437572
4.399414100,0.308577088
4.399617500,0.320716536
4.399821000,0.324856052
4.400024400,0.332995500
4.400227900,0.345135016
4.400431300,0.349274464
4.400634800,0.361413980
4.400838200,0.369553428
4.401041700,0.381692944
4.401245100,0.385832391
4.401448600,0.393971908
4.401652000,0.406111355
4.401855500,0.414250871
4.402058900,0.418390319
4.402262400,0.434529835
4.402465800,0.438669283
4.402669300,0.446808799
4.402872700,0.458948247
4.403076200,0.467087763
4.403279600,0.479227211
4.403483100,0.483366727
4.403686500,0.499506174
4.403890000,0.507645691
4.404093400,0.511785138
4.404296900,0.527924654
4.404500300,0.536064102
4.404703800,0.544203618
4.404907200,0.556343066
4.405110700,0.564482582
4.405314100,0.572622030
4.405517600,0.580761546
4.405721000,0.592900994
4.405924500,0.605040510
4.406127900,0.613179957
4.406331400,0.629319474
4.406534800,0.637458921
4.406738300,0.645598438
4.406941700,0.661737885
4.407145200,0.665877401
4.407348600,0.674016849
4.407552100,0.682156365
4.407755500,0.698295813
4.407959000,0.706435329
4.408162400,0.714574777
4.408365900,0.730714293
4.408569300,0.742853741
4.408772800,0.750993257
4.408976200,0.767132704
4.409179700,0.775272221
4.409383100,0.783411668
4.409586600,0.791551184
4.409790000,0.803690632
4.409993500,0.811830148
4.410196900,0.819969596
4.410400400,0.836109112
4.410603800,0.844248560
4.410807300,0.852388076
4.411010700,0.868527524
4.411214200,0.880667040
4.411417600,0.888806487
4.411621100,0.896946004
4.411824500,0.913085451
4.412028000,0.921224967
4.412231400,0.925364415
4.412434900,0.941503931
4.412638300,0.949643379
4.412841800,0.957782895
4.413045200,0.973922343
4.413248700,0.978061859
4.413452100,0.986201307
4.413655600,1.002340823
4.413859000,1.014480270
4.414062500,1.018619787
4.414266000,1.026759303
4.414469400,1.042898751
4.414672900,1.047038267
4.414876300,1.055177714
4.415079800,1.071317231
4.415283200,1.075456678
4.415486700,1.083596194
4.415690100,1.095735642
4.415893600,1.103875158
4.416097000,1.112014606
4.416300500,1.116154122
4.416503900,1.128293570
4.416707400,1.140433086
4.416910800,1.148572534
4.417114300,1.160712050
4.417317700,1.164851497
4.417521200,1.172991014
4.417724600,1.185130461
4.417928100,1.189269977
4.418131500,1.197409425
4.418335000,1.201548941
4.418538400,1.213688389
4.418741900,1.217827905
4.418945300,1.225967353
4.419148800,1.238106869
4.419352200,1.246246317
4.419555700,1.250385833
4.419759100,1.262525280
4.419962600,1.266664797
4.420166000,1.270804244
4.420369500,1.278943761
4.420572900,1.287083208
4.420776400,1.291222724
4.420979800,1.299362172
4.421183300,1.307501688
4.421386700,1.311641136
4.421590200,1.315780652
4.421793600,1.327920100
4.421997100,1.336059616
4.422200500,1.340199064
4.422404000,1.348338580
4.422607400,1.352478027
4.422810900,1.356617544
4.423014300,1.364756991
4.423217800,1.372896507
4.423421200,1.377035955
4.423624700,1.381175471
4.423828100,1.389314919
4.424031600,1.393454435
4.424235000,1.397593883
4.424438500,1.405733399
4.424641900,1.413872847
4.424845400,1.414012363
4.425048800,1.418151810
4.425252300,1.426291327
4.425455700,1.430430774
4.425659200,1.434570290
4.425862600,1.442709738
4.426066100,1.446849254
4.426269500,1.446988702
4.426473000,1.455128218
4.426676400,1.459267666
4.426879900,1.463407182
4.427083300,1.463546630
4.427286800,1.475686146
4.427490200,1.479825594
4.427693700,1.479965110
4.427897100,1.488104557
4.428100600,1.492244074
4.428304000,1.492383521
4.428507500,1.500523037
4.428710900,1.504662485
4.428914400,1.504802001
4.429117800,1.508941449
4.429321300,1.513080965
4.429524700,1.517220413
4.429728200,1.517359929
4.429931600,1.525499377
4.430135100,1.529638893
4.430338500,1.533778340
4.430542000,1.537917857
4.430745400,1.542057304
4.430948900,1.542196820
4.431152300,1.546336268
4.431355800,1.550475784
4.431559200,1.550615232
4.431762700,1.554754748
4.431966100,1.558894196
4.432169600,1.559033712
4.432373000,1.563173160
4.432576500,1.567312676
4.432779900,1.571452123
4.432983400,1.575591640
4.433186800,1.579731087
4.433390300,1.579870604
4.433593800,1.584010120
4.433797200,1.584149567
4.434000700,1.588289084
4.434204100,1.588428531
4.434407600,1.592568047
4.434611000,1.592707495
4.434814500,1.596847011
4.435017900,1.596986459
4.435221400,1.601125975
4.435424800,1.605265423
4.435628300,1.605404939
4.435831700,1.609544387
4.436035200,1.609683903
4.436238600,1.613823350
4.436442100,1.613962867
4.436645500,1.614102314
4.436849000,1.618241830
4.437052400,1.618381278
4.437255900,1.622520794
4.437459300,1.622660242
4.437662800,1.622799758
4.437866200,1.622939206
4.438069700,1.631078722
4.438273100,1.631218170
4.438476600,1.631357686
4.438680000,1.631497133
4.438883500,1.635636650
4.439086900,1.635776097
4.439290400,1.635915614
4.439493800,1.636055061
4.439697300,1.636194577
4.439900700,1.636334025
4.440104200,1.640473541
4.440307600,1.640612989
4.440511100,1.640752505
4.440714500,1.640891953
4.440918000,1.645031469
4.441121400,1.645170917
4.441324900,1.645310433
4.441528300,1.645449880
4.441731800,1.645589397
4.441935200,1.645728844
4.442138700,1.645868360
4.442342100,1.646007808
4.442545600,1.646147324
4.442749000,1.646286772
4.442952500,1.646426288
4.443155900,1.646565736
4.443359400,1.646705252
4.443562800,1.650844700
4.443766300,1.650984216
4.443969700,1.651123663
4.444173200,1.651263180
4.444376600,1.647402627
4.444580100,1.647542143
4.444783500,1.647681591
4.444987000,1.647821107
4.445190400,1.647960555
4.445393900,1.644100071
4.445597300,1.644239519
4.445800800,1.644379035
4.446004200,1.644518483
4.446207700,1.648657999
4.446411100,1.644797446
4.446614600,1.644936963
4.446818000,1.645076410
4.447021500,1.641215927
4.447224900,1.641355374
4.447428400,1.641494890
4.447631800,1.637634338
4.447835300,1.637773854
4.448038700,1.637913302
4.448242200,1.634052818
4.448445600,1.634192266
4.448649100,1.634331782
4.448852500,1.634471230
4.449056000,1.634610746
4.449259400,1.630750193
4.449462900,1.630889710
4.449666300,1.627029157
4.449869800,1.627168673
4.450073200,1.623308121
4.450276700,1.623447637
4.450480100,1.619587085
4.450683600,1.619726601
4.450887000,1.615866049
4.451090500,1.616005565
4.451293900,1.612145013
4.451497400,1.612284529
4.451700800,1.612423976
4.451904300,1.612563493
4.452107700,1.608702940
4.452311200,1.604842457
4.452514600,1.604981904
4.452718100,1.601121420
4.452921500,1.601260868
4.453125000,1.597400384
4.453328500,1.597539900
4.453531900,1.593679348
4.453735400,1.589818864
4.453938800,1.589958312
4.454142300,1.586097828
4.454345700,1.590237276
4.454549200,1.586376792
4.454752600,1.582516240
4.454956100,1.582655756
4.455159500,1.578795203
4.455363000,1.578934720
4.455566400,1.575074167
4.455769900,1.571213683
4.455973300,1.571353131
4.456176800,1.567492647
4.456380200,1.567632095
4.456583700,1.563771611
4.456787100,1.559911059
4.456990600,1.564050575
4.457194000,1.560190023
4.457397500,1.560329539
4.457600900,1.556468986
4.457804400,1.556608503
4.458007800,1.552747950
4.458211300,1.552887467
4.458414700,1.549026914
4.458618200,1.549166430
4.458821600,1.545305878
4.459025100,1.545445394
4.459228500,1.541584842
4.459432000,1.541724358
4.459635400,1.541863806
4.459838900,1.542003322
4.460042300,1.538142770
4.460245800,1.538282286
4.460449200,1.534421733
4.460652700,1.534561250
4.460856100,1.530700697
4.461059600,1.530840213
4.461263000,1.526979661
4.461466500,1.527119177
4.461669900,1.523258625
4.461873400,1.523398141
4.462076800,1.523537589
4.462280300,1.523677105
4.462483700,1.523816553
4.462687200,1.523956069
4.462890600,1.520095516
4.463094100,1.520235033
4.463297500,1.516374480
4.463501000,1.516513996
4.463704400,1.512653444
4.463907900,1.512792960
4.464111300,1.512932408
4.464314800,1.509071924
4.464518200,1.509211372
4.464721700,1.509350888
4.464925100,1.505490336
4.465128600,1.509629852
4.465332000,1.505769299
4.465535500,1.505908816
4.465738900,1.502048263
4.465942400,1.502187780
4.466145800,1.502327227
4.466349300,1.498466743
4.466552700,1.498606191
4.466756200,1.498745707
4.466959600,1.494885155
4.467163100,1.495024671
4.467366500,1.491164119
4.467570000,1.491303635
4.467773400,1.491443083
4.467976900,1.491582599
4.468180300,1.491722046
4.468383800,1.487861563
4.468587200,1.488001010
4.468790700,1.484140526
4.468994100,1.480279974
4.469197600,1.480419490
4.469401000,1.480558938
4.469604500,1.476698454
4.469807900,1.476837902
4.470011400,1.472977418
4.470214800,1.469116866
4.470418300,1.473256382
4.470621700,1.469395829
4.470825200,1.469535346
4.471028600,1.465674793
4.471232100,1.465814309
4.471435500,1.461953757
4.471639000,1.458093273
4.471842400,1.458232721
4.472045900,1.454372237
4.472249300,1.450511685
4.472452800,1.450651201
4.472656300,1.446790717
4.472859700,1.446930165
4.473063200,1.447069681
4.473266600,1.443209129
4.473470100,1.443348645
4.473673500,1.439488093
4.473877000,1.435627609
4.474080400,1.431767056
4.474283900,1.427906573
4.474487300,1.428046020
4.474690800,1.424185536
4.474894200,1.420324984
4.475097700,1.416464500
4.475301100,1.416603948
4.475504600,1.412743464
4.475708000,1.412882912
4.475911500,1.409022428
4.476114900,1.405161876
4.476318400,1.401301392
4.476521800,1.397440839
4.476725300,1.393580356
4.476928700,1.393719803
4.477132200,1.385859319
4.477335600,1.385998767
4.477539100,1.382138283
4.477742500,1.374277731
4.477946000,1.374417247
4.478149400,1.370556695
4.478352900,1.362696211
4.478556300,1.366835659
4.478759800,1.362975175
4.478963200,1.355114623
4.479166700,1.351254139
4.479370100,1.351393586
4.479573600,1.347533103
4.479777000,1.339672550
4.479980500,1.335812066
4.480183900,1.335951514
4.480387400,1.328091030
4.480590800,1.324230478
4.480794300,1.324369994
4.480997700,1.316509442
4.481201200,1.316648958
4.481404600,1.312788406
4.481608100,1.312927922
4.481811500,1.305067369
4.482015000,1.301206886
4.482218400,1.301346333
4.482421900,1.293485849
4.482625300,1.293625297
4.482828800,1.289764813
4.483032200,1.285904261
4.483235700,1.282043777
4.483439100,1.278183225
4.483642600,1.278322741
4.483846000,1.278462189
4.484049500,1.274601705
4.484252900,1.270741152
4.484456400,1.266880669
4.484659800,1.267020116
4.484863300,1.263159633
4.485066700,1.263299080
4.485270200,1.259438596
4.485473600,1.259578044
4.485677100,1.255717560
4.485880500,1.255857008
4.486084000,1.255996524
4.486287400,1.252135972
4.486490900,1.256275488
4.486694300,1.256414936
4.486897800,1.256554452
4.487101200,1.252693899
4.487304700,1.252833416
4.487508100,1.252972863
4.487711600,1.253112379
4.487915000,1.253251827
4.488118500,1.257391343
4.488321900,1.257530791
4.488525400,1.257670307
4.488728800,1.257809755
4.488932300,1.261949271
4.489135700,1.266088719
4.489339200,1.270228235
4.489542600,1.270367682
4.489746100,1.274507199
4.489949500,1.274646646
4.490153000,1.278786162
4.490356400,1.278925610
4.490559900,1.283065126
4.490763300,1.287204574
4.490966800,1.291344090
4.491170200,1.295483538
4.491373700,1.299623054
4.491577100,1.303762502
4.491780600,1.311902018
4.491984000,1.316041465
4.492187500,1.320180982
4.492391000,1.324320498
4.492594400,1.332459946
4.492797900,1.336599462
4.493001300,1.340738909
4.493204800,1.348878426
4.493408200,1.353017873
4.493611700,1.357157389
4.493815100,1.365296837
4.494018600,1.369436353
4.494222000,1.373575801
4.494425500,1.385715317
4.494628900,1.393854765
4.494832400,1.397994281
4.495035800,1.402133729
4.495239300,1.414273245
4.495442700,1.418412692
4.495646200,1.422552209
4.495849600,1.434691656
4.496053100,1.438831172
4.496256500,1.442970620
4.496460000,1.451110136
4.496663400,1.459249584
4.496866900,1.463389100
4.497070300,1.475528548
4.497273800,1.483668064
4.497477200,1.491807512
4.497680700,1.495947028
4.497884100,1.508086475
4.498087600,1.512225992
4.498291000,1.516365439
4.498494500,1.528504956
4.498697900,1.532644403
4.498901400,1.540783919
4.499104800,1.544923367
4.499308300,1.557062883
4.499511700,1.561202331
4.499715200,1.565341847
4.499918600,1.581481295
4.500122100,1.585620811
4.500325500,1.593760259
4.500529000,1.601899775
4.500732400,1.610039222
4.500935900,1.614178739
4.501139300,1.618318186
4.501342800,1.630457702
4.501546200,1.634597150
4.501749700,1.642736666
4.501953100,1.650876114
4.502156600,1.655015630
4.502360000,1.663155078
4.502563500,1.675294594
4.502766900,1.679434042
4.502970400,1.687573558
4.503173800,1.691713005
4.503377300,1.699852522
4.503580700,1.707991969
4.503784200,1.712131486
4.503987600,1.720270933
4.504191100,1.728410449
4.504394500,1.732549897
4.504598000,1.740689413
4.504801400,1.748828861
4.505004900,1.752968377
4.505208300,1.761107825
4.505411800,1.769247341
4.505615200,1.777386789
4.505818700,1.781526305
4.506022100,1.789665752
4.506225600,1.793805269
4.506429000,1.801944716
4.506632500,1.810084232
4.506835900,1.814223680
4.507039400,1.818363196
4.507242800,1.822502644
4.507446300,1.834642160
4.507649700,1.838781608
4.507853200,1.846921124
4.508056600,1.855060572
4.508260100,1.859200088
4.508463500,1.867339535
4.508667000,1.875479052
4.508870400,1.879618499
4.509073900,1.883758015
4.509277300,1.891897463
4.509480800,1.896036979
4.509684200,1.900176427
4.509887700,1.904315943
4.510091100,1.916455391
4.510294600,1.920594907
4.510498000,1.928734355
4.510701500,1.936873871
4.510904900,1.941013318
4.511108400,1.945152835
4.511311800,1.953292282
4.511515300,1.957431799
4.511718800,1.961571315
4.511922200,1.965710762
4.512125700,1.973850279
4.512329100,1.977989726
4.512532600,1.982129242
4.512736000,1.990268690
4.512939500,1.994408206
4.513142900,2.002547654
4.513346400,2.010687170
4.513549800,2.010826618
4.513753300,2.014966134
4.513956700,2.019105582
4.514160200,2.027245098
4.514363600,2.031384545
4.514567100,2.035524062
4.514770500,2.039663509
4.514974000,2.043803025
4.515177400,2.047942473
4.515380900,2.056081989
4.515584300,2.060221437
4.515787800,2.064360953
4.515991200,2.068500401
4.516194700,2.076639917
4.516398100,2.076779365
4.516601600,2.080918881
4.516805000,2.089058328
4.517008500,2.089197845
4.517211900,2.093337292
4.517415400,2.097476809
4.517618800,2.101616256
4.517822300,2.105755772
4.518025700,2.109895220
4.518229200,2.114034736
4.518432600,2.118174184
4.518636100,2.122313700
4.518839500,2.126453148
4.519043000,2.126592664
4.519246400,2.130732112
4.519449900,2.134871628
4.519653300,2.139011075
4.519856800,2.139150592
4.520060200,2.143290039
4.520263700,2.147429555
4.520467100,2.147569003
4.520670600,2.147708519
4.520874000,2.155847967
4.521077500,2.159987483
4.521280900,2.160126931
4.521484400,2.164266447
4.521687800,2.164405895
4.521891300,2.168545411
4.522094700,2.168684858
4.522298200,2.172824375
4.522501600,2.172963822
4.522705100,2.173103338
4.522908500,2.177242786
4.523112000,2.177382302
4.523315400,2.181521750
4.523518900,2.185661266
4.523722300,2.185800714
4.523925800,2.189940230
4.524129200,2.190079678
4.524332700,2.190219194
4.524536100,2.190358642
4.524739600,2.194498158
4.524943000,2.194637605
4.525146500,2.194777122
4.525349900,2.194916569
4.525553400,2.199056085
4.525756800,2.199195533
4.525960300,2.199335049
4.526163700,2.203474497
4.526367200,2.203614013
4.526570600,2.203753461
4.526774100,2.207892977
4.526977500,2.208032425
4.527181000,2.208171941
4.527384400,2.208311388
4.527587900,2.208450905
4.527791300,2.208590352
4.527994800,2.208729868
4.528198200,2.212869316
4.528401700,2.213008832
4.528605100,2.213148280
4.528808600,2.217287796
4.529012000,2.217427244
4.529215500,2.217566760
4.529418900,2.217706208
4.529622400,2.217845724
4.529825800,2.217985171
4.530029300,2.218124688
4.530232700,2.222264135
4.530436200,2.222403652
4.530639600,2.222543099
4.530843100,2.222682615
4.531046500,2.222822063
4.531250000,2.222961579
4.531453500,2.227101095
4.531656900,2.231240543
4.531860400,2.231380059
4.532063800,2.231519507
4.532267300,2.231659023
4.532470700,2.231798471
4.532674200,2.235937987
4.532877600,2.236077435
4.533081100,2.236216951
4.533284500,2.236356398
4.533488000,2.240495915
4.533691400,2.240635362
4.533894900,2.240774878
4.534098300,2.248914326
4.534301800,2.249053842
4.534505200,2.249193290
4.534708700,2.253332806
4.534912100,2.253472254
4.535115600,2.257611770
4.535319000,2.257751218
4.535522500,2.257890734
4.535725900,2.262030181
4.535929400,2.262169698
4.536132800,2.266309145
4.536336300,2.266448662
4.536539700,2.270588109
4.536743200,2.274727625
4.536946600,2.278867073
4.537150100,2.279006589
4.537353500,2.283146037
4.537557000,2.287285553
4.537760400,2.287425001
4.537963900,2.291564517
4.538167300,2.291703965
4.538370800,2.295843481
4.538574200,2.299982928
4.538777700,2.300122445
4.538981100,2.304261892
4.539184600,2.312401408
4.539388000,2.312540856
4.539591500,2.316680372
4.539794900,2.320819820
4.539998400,2.320959336
4.540201800,2.325098784
4.540405300,2.329238300
4.540608700,2.329377748
4.540812200,2.333517264
4.541015600,2.337656711
4.541219100,2.337796228
4.541422500,2.341935675
4.541626000,2.346075191
4.541829400,2.354214639
4.542032900,2.354354155
4.542236300,2.358493603
4.542439800,2.362633119
4.542643200,2.362772567
4.542846700,2.366912083
4.543050100,2.371051531
4.543253600,2.371191047
4.543457000,2.375330494
4.543660500,2.379470011
4.543863900,2.383609458
4.544067400,2.383748975
4.544270800,2.387888422
4.544474300,2.396027938
4.544677700,2.396167386
4.544881200,2.400306902
4.545084600,2.404446350
4.545288100,2.404585866
4.545491500,2.408725314
4.545695000,2.408864830
4.545898400,2.413004278
4.546101900,2.413143794
4.546305300,2.417283241
4.546508800,2.421422758
4.546712200,2.421562205
4.546915700,2.425701721
4.547119100,2.433841169
4.547322600,2.433980685
4.547526000,2.434120133
4.547729500,2.438259649
4.547932900,2.442399097
4.548136400,2.442538613
4.548339800,2.446678061
4.548543300,2.446817577
4.548746700,2.450957024
4.548950200,2.451096541
4.549153600,2.455235988
4.549357100,2.455375504
4.549560500,2.455514952
4.549764000,2.463654468
4.549967400,2.463793916
4.550170900,2.467933432
4.550374300,2.468072880
4.550577800,2.472212396
4.550781300,2.472351912
4.550984700,2.472491360
4.551188200,2.476630876
4.551391600,2.476770324
4.551595100,2.480909840
4.551798500,2.481049288
4.552002000,2.481188804
4.552205400,2.489328251
4.552408900,2.489467768
4.552612300,2.493607215
4.552815800,2.493746731
4.553019200,2.493886179
4.553222700,2.498025695
4.553426100,2.498165143
4.553629600,2.498304659
4.553833000,2.498444107
4.554036500,2.502583623
4.554239900,2.502723071
4.554443400,2.502862587
4.554646800,2.503002034
4.554850300,2.511141551
4.555053700,2.511280998
4.555257200,2.511420515
4.555460600,2.511559962
4.555664100,2.515699478
4.555867500,2.515838926
4.556071000,2.515978442
4.556274400,2.516117890
4.556477900,2.516257406
4.556681300,2.520396854
4.556884800,2.520536370
4.557088200,2.520675818
4.557291700,2.520815334
4.557495100,2.524954781
4.557698600,2.525094298
4.557902000,2.525233745
4.558105500,2.525373261
4.558308900,2.525512709
4.558512400,2.529652225
4.558715800,2.529791673
4.558919300,2.529931189
4.559122700,2.530070637
4.559326200,2.530210153
4.559529600,2.530349601
4.559733100,2.530489117
4.559936500,2.534628564
4.560140000,2.534768081
4.560343400,2.534907528
4.560546900,2.535047044
4.560750300,2.535186492
4.560953800,2.535326008
4.561157200,2.535465456
4.561360700,2.531604972
4.561564100,2.531744420
4.561767600,2.531883936
4.561971000,2.532023384
4.562174500,2.532162900
4.562377900,2.532302347
4.562581400,2.536441864
4.562784800,2.536581311
4.562988300,2.532720828
4.563191700,2.532860275
4.563395200,2.532999791
4.563598600,2.533139239
4.563802100,2.533278755
4.564005500,2.529418203
4.564209000,2.529557719
4.564412400,2.529697167
4.564615900,2.525836683
4.564819300,2.525976131
4.565022800,2.526115647
4.565226200,2.526255094
4.565429700,2.526394611
4.565633100,2.526534058
4.565836600,2.522673574
4.566040000,2.522813022
4.566243500,2.522952538
4.566446900,2.523091986
4.566650400,2.519231502
4.566853800,2.519370950
4.567057300,2.515510466
4.567260700,2.515649914
4.567464200,2.511789430
4.567667600,2.515928877
4.567871100,2.512068394
4.568074500,2.512207841
4.568278000,2.508347357
4.568481400,2.508486805
4.568684900,2.504626321
4.568888300,2.504765769
4.569091800,2.504905285
4.569295200,2.501044733
4.569498700,2.497184249
4.569702100,2.497323697
4.569905600,2.493463213
4.570109000,2.493602661
4.570312500,2.493742177
4.570516000,2.493881693
4.570719400,2.490021141
4.570922900,2.486160657
4.571126300,2.486300104
4.571329800,2.482439621
4.571533200,2.482579068
4.571736700,2.478718584
4.571940100,2.474858032
4.572143600,2.474997548
4.572347000,2.471136996
4.572550500,2.471276512
4.572753900,2.467415960
4.572957400,2.467555476
4.573160800,2.467694924
4.573364300,2.463834440
4.573567700,2.459973887
4.573771200,2.460113404
4.573974600,2.456252851
4.574178100,2.452392367
4.574381500,2.452531815
4.574585000,2.448671331
4.574788400,2.444810779
4.574991900,2.444950295
4.575195300,2.441089743
4.575398800,2.441229259
4.575602200,2.441368707
4.575805700,2.437508223
4.576009100,2.433647671
4.576212600,2.429787187
4.576416000,2.429926634
4.576619500,2.426066151
4.576822900,2.422205598
4.577026400,2.422345114
4.577229800,2.418484562
4.577433300,2.414624078
4.577636700,2.414763526
4.577840200,2.410903042
4.578043600,2.411042490
4.578247100,2.407182006
4.578450500,2.407321454
4.578654000,2.403460970
4.578857400,2.399600417
4.579060900,2.399739934
4.579264300,2.395879381
4.579467800,2.392018897
4.579671200,2.388158345
4.579874700,2.388297861
4.580078100,2.384437309
4.580281600,2.380576825
4.580485000,2.384716273
4.580688500,2.376855789
4.580891900,2.376995237
4.581095400,2.373134753
4.581298800,2.373274200
4.581502300,2.369413717
4.581705700,2.365553164
4.581909200,2.365692681
4.582112600,2.361832128
4.582316100,2.357971644
4.582519500,2.354111092
4.582723000,2.350250608
4.582926400,2.350390056
4.583129900,2.350529572
4.583333300,2.350669020
4.583536800,2.346808536
4.583740200,2.342947984
4.583943700,2.339087500
4.584147100,2.335226947
4.584350600,2.335366464
4.584554000,2.331505911
4.584757500,2.327645427
4.584960900,2.327784875
4.585164400,2.323924391
4.585367800,2.320063839
4.585571300,2.320203355
4.585774700,2.320342803
4.585978200,2.320482319
4.586181600,2.312621767
4.586385100,2.312761283
4.586588500,2.308900730
4.586792000,2.305040247
4.586995400,2.305179694
4.587198900,2.301319210
4.587402300,2.297458658
4.587605800,2.297598174
4.587809200,2.293737622
4.588012700,2.293877138
4.588216100,2.294016586
4.588419600,2.290156102
4.588623000,2.290295550
4.588826500,2.286435066
4.589029900,2.282574513
4.589233400,2.282714030
4.589436800,2.278853477
4.589640300,2.274992994
4.589843800,2.275132510
4.590047200,2.271271957
4.590250700,2.267411474
4.590454100,2.267550921
4.590657600,2.263690437
4.590861000,2.263829885
4.591064500,2.263969401
4.591267900,2.260108849
4.591471400,2.256248365
4.591674800,2.256387813
4.591878300,2.252527329
4.592081700,2.252666777
4.592285200,2.248806293
4.592488600,2.244945740
4.592692100,2.245085257
4.592895500,2.241224704
4.593099000,2.237364220
4.593302400,2.237503668
4.593505900,2.233643184
4.593709300,2.233782632
4.593912800,2.229922148
4.594116200,2.226061596
4.594319700,2.226201112
4.594523100,2.222340560
4.594726600,2.218480076
4.594930000,2.214619523
4.595133500,2.214759040
4.595336900,2.210898487
4.595540400,2.207038004
4.595743800,2.203177451
4.595947300,2.203316967
4.596150700,2.199456415
4.596354200,2.199595931
4.596557600,2.195735379
4.596761100,2.191874895
4.596964500,2.188014343
4.597168000,2.184153859
4.597371400,2.184293307
4.597574900,2.176432823
4.597778300,2.172572270
4.597981800,2.172711787
4.598185200,2.164851234
4.598388700,2.164990750
4.598592100,2.165130198
4.598795600,2.161269714
4.598999000,2.153409162
4.599202500,2.153548678
4.599405900,2.149688126
4.599609400,2.141827642
4.599812800,2.137967090
4.600016300,2.134106606
4.600219700,2.130246053
4.600423200,2.126385570
4.600626600,2.122525017
4.600830100,2.118664533
4.601033500,2.114803981
4.601237000,2.110943497
4.601440400,2.111082945
4.601643900,2.103222461
4.601847300,2.099361909
4.602050800,2.095501425
4.602254200,2.087640873
4.602457700,2.083780389
4.602661100,2.079919837
4.602864600,2.072059353
4.603068000,2.068198800
4.603271500,2.064338317
4.603474900,2.064477764
4.603678400,2.056617280
4.603881800,2.052756728
4.604085300,2.048896244
4.604288700,2.037035692
4.604492200,2.033175208
4.604695600,2.029314656
4.604899100,2.021454172
4.605102500,2.017593620
4.605306000,2.013733136
4.605509400,2.005872583
4.605712900,1.998012100
4.605916300,1.994151547
4.606119800,1.994291063
4.606323200,1.982430511
4.606526700,1.978570027
4.606730100,1.974709475
4.606933600,1.962848991
4.607137000,1.958988439
4.607340500,1.955127955
4.607543900,1.947267403
4.607747400,1.939406919
4.607950800,1.935546366
4.608154300,1.927685883
4.608357700,1.919825330
4.608561200,1.915964847
4.608764600,1.912104294
4.608968100,1.900243810
4.609171500,1.896383258
4.609375000,1.888522774
4.609578500,1.884662290
4.609781900,1.872801738
4.609985400,1.864941254
4.610188800,1.861080702
4.610392300,1.849220218
4.610595700,1.845359666
4.610799200,1.837499182
4.611002600,1.829638630
4.611206100,1.821778146
4.611409500,1.817917593
4.611613000,1.810057110
4.611816400,1.798196557
4.612019900,1.794336073
4.612223300,1.786475521
4.612426800,1.774615037
4.612630200,1.766754485
4.612833700,1.762894001
4.613037100,1.747033449
4.613240600,1.743172965
4.613444000,1.735312413
4.613647500,1.727451929
4.613850900,1.719591376
4.614054400,1.711730893
4.614257800,1.703870340
4.614461300,1.692009857
4.614664700,1.684149304
4.614868200,1.676288820
4.615071600,1.664428268
4.615275100,1.656567784
4.615478500,1.648707232
4.615682000,1.636846748
4.615885400,1.628986196
4.616088900,1.625125712
4.616292300,1.617265160
4.616495800,1.605404676
4.616699200,1.597544123
4.616902700,1.589683640
4.617106100,1.573823087
4.617309600,1.565962603
4.617513000,1.558102051
4.617716500,1.546241567
4.617919900,1.538381015
4.618123400,1.530520531
4.618326800,1.522659979
4.618530300,1.506799495
4.618733700,1.506938943
4.618937200,1.499078459
4.619140600,1.483217906
4.619344100,1.475357423
4.619547500,1.467496870
4.619751000,1.455636386
4.619954400,1.447775834
4.620157900,1.439915350
4.620361300,1.432054798
4.620564800,1.420194314
4.620768200,1.412333762
4.620971700,1.404473278
4.621175100,1.396612726
4.621378600,1.388752242
4.621582000,1.380891690
4.621785500,1.369031206
4.621988900,1.361170653
4.622192400,1.357310170
4.622395800,1.345449617
4.622599300,1.337589133
4.622802700,1.333728581
4.623006200,1.325868097
4.623209600,1.314007545
4.623413100,1.310147061
4.623616500,1.310286509
4.623820000,1.298426025
4.624023400,1.294565473
4.624226900,1.286704989
4.624430300,1.278844436
4.624633800,1.274983953
4.624837200,1.271123400
4.625040700,1.267262916
4.625244100,1.259402364
4.625447600,1.255541880
4.625651000,1.251681328
4.625854500,1.243820844
4.626057900,1.243960292
4.626261400,1.244099808
4.626464800,1.240239256
4.626668300,1.236378772
4.626871700,1.232518219
4.627075200,1.232657736
4.627278600,1.228797183
4.627482100,1.228936700
4.627685500,1.225076147
4.627889000,1.225215663
4.628092400,1.225355111
4.628295900,1.221494627
4.628499300,1.221634075
4.628702800,1.225773591
4.628906300,1.225913107
4.629109700,1.226052555
4.629313200,1.230192071
4.629516600,1.230331519
4.629720100,1.230471035
4.629923500,1.234610483
4.630127000,1.234749999
4.630330400,1.234889446
4.630533900,1.239028963
4.630737300,1.243168410
4.630940800,1.243307926
4.631144200,1.251447374
4.631347700,1.255586890
4.631551100,1.259726338
4.631754600,1.259865854
4.631958000,1.268005302
4.632161500,1.272144818
4.632364900,1.276284266
4.632568400,1.280423782
4.632771800,1.284563229
4.632975300,1.288702746
4.633178700,1.296842193
4.633382200,1.300981710
4.633585600,1.305121157
4.633789100,1.313260673
4.633992500,1.321400121
4.634196000,1.325539637
4.634399400,1.329679085
4.634602900,1.337818601
4.634806300,1.345958049
4.635009800,1.350097565
4.635213200,1.358237013
4.635416700,1.362376529
4.635620100,1.366515976
4.635823600,1.370655493
4.636027000,1.382794940
4.636230500,1.390934456
4.636433900,1.395073904
4.636637400,1.403213420
4.636840800,1.411352868
4.637044300,1.415492384
4.637247700,1.423631832
4.637451200,1.427771348
4.637654600,1.431910796
4.637858100,1.440050312
4.638061500,1.448189759
4.638265000,1.452329276
4.638468400,1.456468723
4.638671900,1.472608239
4.638875300,1.476747687
4.639078800,1.480887203
4.639282200,1.489026651
4.639485700,1.493166167
4.639689100,1.497305615
4.639892600,1.501445131
4.640096000,1.509584579
4.640299500,1.513724095
4.640502900,1.521863542
4.640706400,1.530003059
4.640909800,1.534142506
4.641113300,1.538282023
4.641316700,1.546421470
4.641520200,1.550560986
4.641723600,1.554700434
4.641927100,1.562839950
4.642130500,1.566979398
4.642334000,1.571118914
4.642537400,1.575258362
4.642740900,1.583397878
4.642944300,1.583537326
4.643147800,1.587676842
4.643351200,1.595816289
4.643554700,1.599955806
4.643758100,1.604095253
4.643961600,1.612234769
4.644165000,1.616374217
4.644368500,1.616513733
4.644571900,1.620653181
4.644775400,1.628792697
4.644978800,1.628932145
4.645182300,1.633071661
4.645385700,1.637211109
4.645589200,1.641350625
4.645792600,1.641490072
4.645996100,1.649629589
4.646199500,1.653769036
4.646403000,1.657908552
4.646606400,1.658048000
4.646809900,1.662187516
4.647013300,1.666326964
4.647216800,1.666466480
4.647420200,1.670605928
4.647623700,1.674745444
4.647827100,1.674884892
4.648030600,1.679024408
4.648234000,1.679163856
4.648437500,1.683303372
4.648641000,1.687442888
4.648844400,1.691582336
4.649047900,1.691721852
4.649251300,1.691861299
4.649454800,1.696000816
4.649658200,1.696140263
4.649861700,1.696279779
4.650065100,1.700419227
4.650268600,1.700558743
4.650472000,1.700698191
4.650675500,1.704837707
4.650878900,1.704977155
4.651082400,1.705116671
4.651285800,1.709256119
4.651489300,1.709395635
4.651692700,1.713535082
4.651896200,1.713674599
4.652099600,1.713814046
4.652303100,1.713953563
4.652506500,1.714093010
4.652710000,1.714232526
4.652913400,1.714371974
4.653116900,1.714511490
4.653320300,1.714650938
4.653523800,1.714790454
4.653727200,1.718929902
4.653930700,1.719069418
4.654134100,1.719208866
4.654337600,1.719348382
4.654541000,1.719487829
4.654744500,1.715627346
4.654947900,1.715766793
4.655151400,1.715906309
4.655354800,1.716045757
4.655558300,1.716185273
4.655761700,1.712324721
4.655965200,1.712464237
4.656168600,1.716603685
4.656372100,1.712743201
4.656575500,1.712882649
4.656779000,1.713022165
4.656982400,1.709161612
4.657185900,1.709301129
4.657389300,1.709440576
4.657592800,1.705580092
4.657796200,1.705719540
4.657999700,1.705859056
4.658203100,1.701998504
4.658406600,1.698138020
4.658610000,1.702277468
4.658813500,1.698416984
4.659016900,1.698556432
4.659220400,1.694695948
4.659423800,1.694835395
4.659627300,1.690974912
4.659830700,1.687114359
4.660034200,1.687253876
4.660237600,1.683393323
4.660441100,1.679532839
4.660644500,1.679672287
4.660848000,1.675811803
4.661051400,1.671951251
4.661254900,1.676090767
4.661458300,1.668230215
4.661661800,1.668369731
4.661865200,1.664509179
4.662068700,1.664648695
4.662272100,1.656788142
4.662475600,1.656927659
4.662679000,1.653067106
4.662882500,1.649206622
4.663085900,1.645346070
4.663289400,1.641485586
4.663492800,1.637625034
4.663696300,1.637764550
4.663899700,1.633903998
4.664103200,1.630043514
4.664306600,1.626182962
4.664510100,1.622322478
4.664713500,1.618461925
4.664917000,1.614601442
4.665120400,1.610740889
4.665323900,1.606880405
4.665527300,1.599019853
4.665730800,1.595159369
4.665934200,1.591298817
4.666137700,1.591438333
4.666341100,1.587577781
4.666544600,1.583717297
4.666748000,1.579856745
4.666951500,1.571996261
4.667154900,1.568135708
4.667358400,1.564275225
4.667561800,1.556414672
4.667765300,1.552554189
4.667968800,1.548693705
4.668172200,1.544833152
4.668375700,1.536972669
4.668579100,1.537112116
4.668782600,1.533251632
4.668986000,1.521391080
4.669189500,1.517530596
4.669392900,1.513670044
4.669596400,1.505809560
4.669799800,1.501949008
4.670003300,1.498088524
4.670206700,1.486227972
4.670410200,1.482367488
4.670613600,1.478506935
4.670817100,1.474646452
4.671020500,1.470785899
4.671224000,1.462925415
4.671427400,1.459064863
4.671630900,1.451204379
4.671834300,1.447343827
4.672037800,1.439483343
4.672241200,1.431622791
4.672444700,1.427762307
4.672648100,1.419901755
4.672851600,1.416041271
4.673055000,1.404180719
4.673258500,1.400320235
4.673461900,1.400459682
4.673665400,1.388599199
4.673868800,1.384738646
4.674072300,1.376878162
4.674275700,1.369017610
4.674479200,1.361157126
4.674682600,1.357296574
4.674886100,1.353436090
4.675089500,1.341575538
4.675293000,1.333715054
4.675496400,1.329854502
4.675699900,1.317994018
4.675903300,1.314133465
4.676106800,1.310272982
4.676310200,1.298412429
4.676513700,1.294551945
4.676717100,1.286691393
4.676920600,1.282830909
4.677124000,1.270970357
4.677327500,1.267109873
4.677530900,1.259249321
4.677734400,1.247388837
4.677937800,1.239528285
4.678141300,1.235667801
4.678344700,1.223807248
4.678548200,1.219946765
4.678751600,1.216086212
4.678955100,1.208225729
4.679158500,1.196365176
4.679362000,1.188504692
4.679565400,1.184644140
4.679768900,1.172783656
4.679972300,1.164923104
4.680175800,1.161062620
4.680379200,1.145202068
4.680582700,1.141341584
4.680786100,1.133481032
4.680989600,1.125620548
4.681193000,1.117759995
4.681396500,1.113899512
4.681599900,1.106038959
4.681803400,1.094178475
4.682006800,1.086317923
4.682210300,1.082457439
4.682413700,1.066596887
4.682617200,1.062736403
4.682820600,1.054875851
4.683024100,1.043015367
4.683227500,1.039154815
4.683431000,1.035294331
4.683634400,1.031433778
4.683837900,1.019573295
4.684041300,1.011712742
4.684244800,1.007852258
4.684448200,0.995991706
4.684651700,0.988131222
4.684855100,0.984270670
4.685058600,0.972410186
4.685262000,0.968549634
4.685465500,0.964689150
4.685668900,0.960828598
4.685872400,0.952968114
4.686075800,0.949107561
4.686279300,0.945247078
4.686482700,0.937386525
4.686686200,0.933526042
4.686889600,0.929665489
4.687093100,0.921805005
4.687296500,0.917944453
4.687500000,0.914083969
4.687703500,0.910223485
4.687906900,0.906362933
4.688110400,0.902502449
4.688313800,0.906641897
4.688517300,0.902781413
4.688720700,0.898920861
4.688924200,0.899060377
4.689127600,0.895199825
4.689331100,0.895339341
4.689534500,0.895478788
4.689738000,0.891618305
4.689941400,0.891757752
4.690144900,0.891897268
4.690348300,0.892036716
4.690551800,0.892176232
4.690755200,0.896315680
4.690958700,0.900455196
4.691162100,0.900594644
4.691365600,0.904734160
4.691569000,0.904873608
4.691772500,0.909013124
4.691975900,0.913152571
4.692179400,0.913292088
4.692382800,0.917431535
4.692586300,0.921571052
4.692789700,0.925710499
4.692993200,0.929850015
4.693196600,0.941989463
4.693400100,0.946128979
4.693603500,0.950268427
4.693807000,0.958407943
4.694010400,0.962547391
4.694213900,0.966686907
4.694417300,0.970826355
4.694620800,0.982965871
4.694824200,0.987105318
4.695027700,0.991244835
4.695231100,1.003384282
4.695434600,1.007523798
4.695638000,1.019663246
4.695841500,1.031802762
4.696044900,1.035942210
4.696248400,1.044081726
4.696451800,1.048221174
4.696655300,1.060360690
4.696858700,1.068500138
4.697062200,1.076639654
4.697265600,1.088779101
4.697469100,1.092918618
4.697672500,1.101058065
4.697876000,1.113197581
4.698079400,1.125337029
4.698282900,1.133476545
4.698486300,1.145615993
4.698689800,1.153755509
4.698893200,1.157894957
4.699096700,1.166034473
4.699300100,1.182173921
4.699503600,1.186313437
4.699707000,1.194452885
4.699910500,1.206592401
4.700113900,1.214731848
4.700317400,1.222871365
4.700520800,1.239010812
4.700724300,1.247150328
4.700927700,1.255289776
4.701131200,1.259429292
4.701334600,1.275568740
4.701538100,1.283708256
4.701741500,1.287847704
4.701945000,1.303987220
4.702148400,1.308126668
4.702351900,1.316266184
4.702555300,1.328405631
4.702758800,1.336545148
4.702962200,1.348684595
4.703165700,1.356824111
4.703369100,1.368963559
4.703572600,1.377103075
4.703776000,1.381242523
4.703979500,1.397382039
4.704182900,1.401521487
4.704386400,1.409661003
4.704589800,1.421800451
4.704793300,1.429939967
4.704996700,1.438079414
4.705200200,1.442218931
4.705403600,1.462358378
4.705607100,1.466497895
4.705810500,1.474637342
4.706014000,1.486776858
4.706217400,1.494916306
4.706420900,1.503055822
4.706624300,1.515195270
4.706827800,1.523334786
4.707031300,1.527474302
4.707234700,1.535613750
4.707438200,1.547753266
4.707641600,1.555892714
4.707845100,1.568032230
4.708048500,1.580171678
4.708252000,1.588311194
4.708455400,1.592450641
4.708658900,1.608590158
4.708862300,1.612729605
4.709065800,1.620869121
4.709269200,1.633008569
4.709472700,1.641148085
4.709676100,1.649287533
4.709879600,1.653427049
4.710083000,1.669566497
4.710286500,1.677706013
4.710489900,1.685845461
4.710693400,1.697984977
4.710896800,1.706124424
4.711100300,1.714263941
4.711303700,1.726403388
4.711507200,1.730542905
4.711710600,1.738682352
4.711914100,1.746821868
4.712117500,1.758961316
4.712321000,1.767100832
4.712524400,1.771240280
4.712727900,1.787379796
4.712931300,1.795519244
4.713134800,1.799658760
4.713338200,1.815798208
4.713541700,1.819937724
4.713745100,1.828077171
4.713948600,1.832216688
4.714152000,1.844356135
4.714355500,1.852495651
4.714558900,1.856635099
4.714762400,1.868774615
4.714965800,1.876914063
4.715169300,1.885053579
4.715372700,1.897193027
4.715576200,1.905332543
4.715779600,1.909471991
4.715983100,1.913611507
4.716186500,1.925750954
4.716390000,1.933890471
4.716593400,1.938029918
4.716796900,1.950169434
4.717000300,1.954308882
4.717203800,1.958448398
4.717407200,1.970587846
4.717610700,1.978727362
4.717814100,1.986866810
4.718017600,1.995006326
4.718221000,1.999145774
4.718424500,2.007285290
4.718627900,2.011424737
4.718831400,2.019564254
4.719034800,2.023703701
4.719238300,2.031843218
4.719441700,2.039982665
4.719645200,2.044122181
4.719848600,2.048261629
4.720052100,2.060401145
4.720255500,2.064540593
4.720459000,2.068680109
4.720662400,2.076819557
4.720865900,2.084959073
4.721069300,2.089098521
4.721272800,2.093238037
4.721476200,2.101377484
4.721679700,2.105517001
4.721883100,2.109656448
4.722086600,2.117795964
4.722290000,2.121935412
4.722493500,2.130074928
4.722696900,2.134214376
4.722900400,2.138353892
4.723103800,2.142493340
4.723307300,2.146632856
4.723510700,2.154772304
4.723714200,2.158911820
4.723917600,2.163051267
4.724121100,2.171190784
4.724324500,2.171330231
4.724528000,2.175469748
4.724731400,2.179609195
4.724934900,2.191748711
4.725138300,2.191888159
4.725341800,2.196027675
4.725545200,2.204167123
4.725748700,2.204306639
4.725952100,2.208446087
4.726155600,2.216585603
4.726359000,2.216725051
4.726562500,2.220864567
4.726766000,2.225004083
4.726969400,2.229143531
4.727172900,2.233283047
4.727376300,2.241422494
4.727579800,2.245562011
4.727783200,2.249701458
4.727986700,2.249840974
4.728190100,2.257980422
4.728393600,2.258119938
4.728597000,2.262259386
4.728800500,2.266398902
4.729003900,2.266538350
4.729207400,2.270677866
4.729410800,2.274817314
4.729614300,2.278956830
4.729817700,2.283096277
4.730021200,2.287235794
4.730224600,2.291375241
4.730428100,2.291514758
4.730631500,2.295654205
4.730835000,2.299793721
4.731038400,2.299933169
4.731241900,2.304072685
4.731445300,2.304212133
4.731648800,2.308351649
4.731852200,2.308491097
4.732055700,2.312630613
4.732259100,2.320770061
4.732462600,2.320909577
4.732666000,2.321049024
4.732869500,2.325188541
4.733072900,2.325327988
4.733276400,2.329467504
4.733479800,2.329606952
4.733683300,2.329746468
4.733886700,2.333885916
4.734090200,2.334025432
4.734293600,2.334164880
4.734497100,2.338304396
4.734700500,2.342443844
4.734904000,2.342583360
4.735107400,2.346722807
4.735310900,2.346862324
4.735514300,2.347001771
4.735717800,2.347141287
4.735921200,2.347280735
4.736124700,2.347420251
4.736328100,2.351559699
4.736531600,2.351699215
4.736735000,2.351838663
4.736938500,2.351978179
4.737141900,2.356117627
4.737345400,2.356257143
4.737548800,2.356396590
4.737752300,2.356536107
4.737955700,2.356675554
4.738159200,2.356815071
4.738362600,2.356954518
4.738566100,2.357094034
4.738769500,2.357233482
4.738973000,2.357372998
4.739176400,2.353512446
4.739379900,2.353651962
4.739583300,2.357791410
4.739786800,2.357930926
4.739990200,2.358070374
4.740193700,2.358209890
4.740397100,2.354349337
4.740600600,2.354488854
4.740804000,2.354628301
4.741007500,2.350767817
4.741210900,2.350907265
4.741414400,2.351046781
4.741617800,2.347186229
4.741821300,2.351325745
4.742024700,2.351465193
4.742228200,2.347604709
4.742431600,2.347744157
4.742635100,2.343883673
4.742838500,2.344023120
4.743042000,2.340162637
4.743245400,2.340302084
4.743448900,2.336441600
4.743652300,2.332581048
4.743855800,2.332720564
4.744059200,2.332860012
4.744262700,2.332999528
4.744466100,2.329138976
4.744669600,2.329278492
4.744873000,2.325417940
4.745076500,2.321557456
4.745279900,2.321696904
4.745483400,2.317836420
4.745686800,2.313975867
4.745890300,2.314115384
4.746093800,2.310254900
4.746297200,2.306394347
4.746500700,2.302533864
4.746704100,2.306673311
4.746907600,2.302812827
4.747111000,2.298952275
4.747314500,2.295091791
4.747517900,2.295231239
4.747721400,2.287370755
4.747924800,2.287510203
4.748128300,2.283649719
4.748331700,2.279789167
4.748535200,2.275928683
4.748738600,2.276068130
4.748942100,2.272207647
4.749145500,2.268347094
4.749349000,2.268486610
4.749552400,2.264626058
4.749755900,2.260765574
4.749959300,2.256905022
4.750162800,2.253044538
4.750366200,2.249183986
4.750569700,2.245323502
4.750773100,2.241462950
4.750976600,2.237602466
4.751180000,2.233741914
4.751383500,2.229881430
4.751586900,2.230020877
4.751790400,2.226160394
4.751993800,2.222299841
4.752197300,2.218439357
4.752400700,2.214578805
4.752604200,2.210718321
4.752807600,2.206857769
4.753011100,2.202997285
4.753214500,2.199136733
4.753418000,2.195276249
4.753621400,2.191415697
4.753824900,2.183555213
4.754028300,2.183694660
4.754231800,2.179834177
4.754435200,2.175973624
4.754638700,2.172113140
4.754842100,2.168252588
4.755045600,2.164392104
4.755249000,2.156531552
4.755452500,2.152671068
4.755655900,2.152810516
4.755859400,2.144950032
4.756062800,2.141089480
4.756266300,2.137228996
4.756469700,2.133368443
4.756673200,2.129507960
4.756876600,2.125647407
4.757080100,2.117786924
4.757283500,2.113926371
4.757487000,2.110065887
4.757690400,2.106205335
4.757893900,2.102344851
4.758097300,2.098484299
4.758300800,2.094623815
4.758504200,2.086763263
4.758707700,2.086902779
4.758911100,2.083042227
4.759114600,2.075181743
4.759318000,2.071321190
4.759521500,2.067460707
4.759724900,2.063600154
4.759928400,2.055739670
4.760131800,2.051879118
4.760335300,2.048018634
4.760538700,2.040158082
4.760742200,2.036297598
4.760945600,2.032437046
4.761149100,2.028576562
4.761352500,2.024716010
4.761556000,2.016855526
4.761759400,2.012994973
4.761962900,2.005134490
4.762166300,2.001273937
4.762369800,1.997413453
4.762573200,1.989552901
4.762776700,1.985692417
4.762980100,1.981831865
4.763183600,1.973971381
4.763387000,1.970110829
4.763590500,1.970250345
4.763793900,1.966389793
4.763997400,1.958529309
4.764200800,1.954668756
4.764404300,1.950808273
4.764607700,1.942947720
4.764811200,1.939087237
4.765014600,1.935226684
4.765218100,1.927366200
4.765421500,1.923505648
4.765625000,1.919645164
4.765828500,1.911784680
4.766031900,1.907924128
4.766235400,1.904063644
4.766438800,1.900203092
4.766642300,1.892342608
4.766845700,1.888482056
4.767049200,1.884621572
4.767252600,1.876761020
4.767456100,1.872900536
4.767659500,1.869039983
4.767863000,1.861179500
4.768066400,1.857318947
4.768269900,1.853458463
4.768473300,1.853597911
4.768676800,1.845737427
4.768880200,1.841876875
4.769083700,1.838016391
4.769287100,1.834155839
4.769490600,1.830295355
4.769694000,1.826434803
4.769897500,1.818574319
4.770100900,1.814713767
4.770304400,1.810853283
4.770507800,1.806992730
4.770711300,1.803132247
4.770914700,1.799271694
4.771118200,1.799411210
4.771321600,1.791550658
4.771525100,1.787690174
4.771728500,1.783829622
4.771932000,1.779969138
4.772135400,1.776108586
4.772338900,1.772248102
4.772542300,1.768387550
4.772745800,1.764527066
4.772949200,1.760666513
4.773152700,1.764806030
4.773356100,1.756945477
4.773559600,1.757084993
4.773763000,1.753224441
4.773966500,1.749363957
4.774169900,1.745503405
4.774373400,1.745642921
4.774576800,1.741782369
4.774780300,1.737921885
4.774983700,1.738061333
4.775187200,1.734200849
4.775390600,1.730340296
4.775594100,1.734479813
4.775797500,1.734619260
4.776001000,1.730758777
4.776204400,1.730898224
4.776407900,1.731037740
4.776611300,1.727177188
4.776814800,1.727316704
4.777018200,1.727456152
4.777221700,1.727595668
4.777425100,1.723735116
4.777628600,1.723874632
4.777832000,1.724014080
4.778035500,1.728153596
4.778238900,1.728293043
4.778442400,1.728432560
4.778645800,1.728572007
4.778849300,1.728711523
4.779052700,1.732850971
4.779256200,1.732990487
4.779459600,1.733129935
4.779663100,1.733269451
4.779866500,1.737408899
4.780070000,1.737548415
4.780273400,1.745687863
4.780476900,1.745827379
4.780680300,1.749966826
4.780883800,1.750106343
4.781087200,1.750245790
4.781290700,1.754385306
4.781494100,1.758524754
4.781697600,1.758664270
4.781901000,1.762803718
4.782104500,1.766943234
4.782307900,1.771082682
4.782511400,1.771222198
4.782714800,1.779361646
4.782918300,1.783501162
4.783121700,1.787640609
4.783325200,1.787780126
4.783528600,1.795919573
4.783732100,1.796059090
4.783935500,1.800198537
4.784139000,1.808338053
4.784342400,1.812477501
4.784545900,1.812617017
4.784749300,1.820756465
4.784952800,1.824895981
4.785156300,1.833035497
4.785359700,1.837174945
4.785563200,1.841314461
4.785766600,1.845453909
4.785970100,1.849593425
4.786173500,1.857732873
4.786377000,1.861872389
4.786580400,1.866011836
4.786783900,1.874151353
4.786987300,1.878290800
4.787190800,1.882430316
4.787394200,1.890569764
4.787597700,1.898709280
4.787801100,1.902848728
4.788004600,1.906988244
4.788208000,1.915127692
4.788411500,1.919267208
4.788614900,1.923406656
4.788818400,1.931546172
4.789021800,1.935685619
4.789225300,1.939825136
4.789428700,1.947964583
4.789632200,1.952104100
4.789835600,1.964243547
4.790039100,1.968383063
4.790242500,1.976522511
4.790446000,1.980662027
4.790649400,1.984801475
4.790852900,1.992940991
4.791056300,2.001080439
4.791259800,2.005219955
4.791463200,2.013359403
4.791666700,2.017498919
4.791870100,2.025638366
4.792073600,2.029777883
4.792277000,2.041917330
4.792480500,2.046056846
4.792683900,2.050196294
4.792887400,2.062335810
4.793090800,2.066475258
4.793294300,2.070614774
4.793497700,2.082754222
4.793701200,2.086893738
4.793904600,2.091033186
4.794108100,2.103172702
4.794311500,2.107312149
4.794515000,2.111451666
4.794718400,2.119591113
4.794921900,2.131730629
4.795125300,2.135870077
4.795328800,2.140009593
4.795532200,2.152149041
4.795735700,2.156288557
4.795939100,2.160428005
4.796142600,2.172567521
4.796346000,2.176706969
4.796549500,2.180846485
4.796752900,2.188985933
4.796956400,2.197125449
4.797159800,2.205264896
4.797363300,2.213404413
4.797566700,2.221543860
4.797770200,2.225683376
4.797973600,2.233822824
4.798177100,2.241962340
4.798380500,2.246101788
4.798584000,2.254241304
4.798787400,2.258380752
4.798990900,2.266520268
4.799194300,2.274659716
4.799397800,2.282799232
4.799601200,2.290938679
4.799804700,2.295078196
4.800008100,2.303217643
4.800211600,2.311357159
4.800415000,2.315496607
4.800618500,2.323636123
4.800821900,2.327775571
4.801025400,2.335915087
4.801228800,2.340054535
4.801432300,2.348194051
4.801635700,2.356333499
4.801839200,2.364473015
4.802042600,2.368612462
4.802246100,2.380751979
4.802449500,2.384891426
4.802653000,2.389030943
4.802856400,2.393170390
4.803059900,2.401309906
4.803263300,2.405449354
4.803466800,2.413588870
4.803670200,2.421728318
4.803873700,2.425867834
4.804077100,2.430007282
4.804280600,2.442146798
4.804484000,2.446286246
4.804687500,2.454425762
4.804891000,2.462565278
4.805094400,2.466704726
4.805297900,2.470844242
4.805501300,2.474983689
4.805704800,2.483123206
4.805908200,2.487262653
4.806111700,2.491402169
4.806315100,2.499541617
4.806518600,2.507681133
4.806722000,2.511820581
4.806925500,2.519960097
4.807128900,2.524099545
4.807332400,2.528239061
4.807535800,2.532378509
4.807739300,2.540518025
4.807942700,2.544657472
4.808146200,2.548796989
4.808349600,2.556936436
4.808553100,2.561075953
4.808756500,2.565215400
4.808960000,2.577354916
4.809163400,2.581494364
4.809366900,2.585633880
4.809570300,2.589773328
4.809773800,2.597912844
4.809977200,2.602052292
4.810180700,2.606191808
4.810384100,2.614331256
4.810587600,2.614470772
4.810791000,2.618610219
4.810994500,2.626749736
4.811197900,2.630889183
4.811401400,2.639028699
4.811604800,2.643168147
4.811808300,2.647307663
4.812011700,2.651447111
4.812215200,2.655586627
4.812418600,2.663726075
4.812622100,2.667865591
4.812825500,2.672005039
4.813029000,2.676144555
4.813232400,2.680284002
4.813435900,2.684423519
4.813639300,2.692562966
4.813842800,2.696702482
4.814046200,2.700841930
4.814249700,2.704981446
4.814453100,2.709120894
4.814656600,2.713260410
4.814860000,2.717399858
4.815063500,2.721539374
4.815266900,2.725678822
4.815470400,2.729818338
4.815673800,2.733957785
4.815877300,2.738097302
4.816080700,2.746236749
4.816284200,2.750376266
4.816487600,2.754515713
4.816691100,2.758655229
4.816894500,2.758794677
4.817098000,2.766934193
4.817301400,2.767073641
4.817504900,2.771213157
4.817708300,2.775352605
4.817911800,2.779492121
4.818115200,2.783631569
4.818318700,2.783771085
4.818522100,2.795910532
4.818725600,2.796050049
4.818929000,2.800189496
4.819132500,2.804329012
4.819335900,2.808468460
4.819539400,2.808607976
4.819742800,2.812747424
4.819946300,2.816886940
4.820149700,2.817026388
4.820353200,2.821165904
4.820556600,2.825305352
4.820760100,2.833444868
4.820963500,2.833584315
4.821167000,2.837723832
4.821370400,2.841863279
4.821573900,2.842002796
4.821777300,2.846142243
4.821980800,2.850281759
4.822184200,2.850421207
4.822387700,2.854560723
4.822591100,2.854700171
4.822794600,2.858839687
4.822998000,2.858979135
4.823201500,2.867118651
4.823404900,2.871258099
4.823608400,2.871397615
4.823811800,2.875537062
4.824015300,2.875676579
4.824218700,2.875816026
4.824422200,2.879955542
4.824625700,2.880095059
4.824829100,2.884234506
4.825032600,2.884374022
4.825236000,2.888513470
4.825439500,2.888652986
4.825642900,2.892792434
4.825846400,2.896931950
4.826049800,2.897071398
4.826253300,2.897210914
4.826456700,2.901350362
4.826660200,2.901489878
4.826863600,2.901629325
4.827067100,2.905768842
4.827270500,2.905908289
4.827474000,2.906047806
4.827677400,2.906187253
4.827880900,2.914326769
4.828084300,2.914466217
4.828287800,2.914605733
4.828491200,2.914745181
4.828694700,2.914884697
4.828898100,2.919024145
4.829101600,2.919163661
4.829305000,2.919303109
4.829508500,2.919442625
4.829711900,2.919582072
4.829915400,2.919721589
4.830118800,2.919861036
4.830322300,2.924000552
4.830525700,2.924140000
4.830729200,2.924279516
4.830932600,2.924418964
4.831136100,2.924558480
4.831339500,2.924697928
4.831543000,2.924837444
4.831746400,2.924976892
4.831949900,2.921116408
4.832153300,2.921255855
4.832356800,2.921395372
4.832560200,2.921534819
4.832763700,2.925674335
4.832967100,2.921813783
4.833170600,2.921953299
4.833374000,2.922092747
4.833577500,2.922232263
4.833780900,2.922371711
4.833984400,2.918511227
4.834187800,2.918650675
4.834391300,2.918790191
4.834594700,2.914929638
4.834798200,2.915069155
4.835001600,2.915208602
4.835205100,2.915348119
4.835408500,2.911487566
4.835612000,2.911627082
4.835815400,2.911766530
4.836018900,2.907906046
4.836222300,2.908045494
4.836425800,2.904185010
4.836629200,2.900324458
4.836832700,2.900463974
4.837036100,2.900603422
4.837239600,2.896742938
4.837443000,2.896882385
4.837646500,2.897021902
4.837849900,2.893161349
4.838053400,2.889300865
4.838256800,2.889440313
4.838460300,2.885579829
4.838663700,2.881719277
4.838867200,2.881858793
4.839070600,2.877998241
4.839274100,2.874137757
4.839477500,2.874277205
4.839681000,2.874416721
4.839884400,2.874556168
4.840087900,2.870695685
4.840291300,2.866835132
4.840494800,2.862974648
4.840698200,2.859114096
4.840901700,2.859253612
4.841105100,2.855393060
4.841308600,2.851532576
4.841512000,2.847672024
4.841715500,2.847811540
4.841918900,2.839950988
4.842122400,2.844090504
4.842325800,2.840229952
4.842529300,2.836369468
4.842732700,2.832508915
4.842936200,2.828648432
4.843139600,2.828787879
4.843343100,2.820927395
4.843546500,2.821066843
4.843750000,2.817206359
4.843953500,2.809345875
4.844156900,2.809485323
4.844360400,2.805624839
4.844563800,2.805764287
4.844767300,2.801903803
4.844970700,2.798043251
4.845174200,2.794182767
4.845377600,2.790322215
4.845581100,2.786461731
4.845784500,2.782601178
4.845988000,2.774740695
4.846191400,2.774880142
4.846394900,2.771019658
4.846598300,2.767159106
4.846801800,2.763298622
4.847005200,2.763438070
4.847208700,2.759577586
4.847412100,2.751717034
4.847615600,2.747856550
4.847819000,2.743995998
4.848022500,2.740135514
4.848225900,2.736274962
4.848429400,2.732414478
4.848632800,2.728553925
4.848836300,2.724693442
4.849039700,2.720832889
4.849243200,2.720972405
4.849446600,2.713111853
4.849650100,2.713251369
4.849853500,2.709390817
4.850057000,2.701530333
4.850260400,2.697669781
4.850463900,2.697809297
4.850667300,2.693948745
4.850870800,2.686088261
4.851074200,2.682227708
4.851277700,2.682367225
4.851481100,2.678506672
4.851684600,2.678646188
4.851888000,2.674785636
4.852091500,2.666925152
4.852294900,2.667064600
4.852498400,2.663204116
4.852701800,2.659343564
4.852905300,2.655483080
4.853108700,2.655622528
4.853312200,2.651762044
4.853515600,2.647901491
4.853719100,2.644041008
4.853922500,2.648180455
4.854126000,2.644319972
4.854329400,2.640459419
4.854532900,2.640598935
4.854736300,2.636738383
4.854939800,2.636877899
4.855143200,2.633017347
4.855346700,2.633156863
4.855550100,2.629296311
4.855753600,2.629435827
4.855957000,2.629575275
4.856160500,2.629714791
4.856363900,2.629854238
4.856567400,2.629993755
4.856770800,2.630133202
4.856974300,2.626272718
4.857177700,2.626412166
4.857381200,2.626551682
4.857584600,2.626691130
4.857788100,2.626830646
4.857991500,2.626970094
4.858195000,2.627109610
4.858398400,2.627249058
4.858601900,2.631388574
4.858805300,2.631528021
4.859008800,2.631667538
4.859212200,2.631806985
4.859415700,2.631946501
4.859619100,2.632085949
4.859822600,2.632225465
4.860026000,2.632364913
4.860229500,2.632504429
4.860432900,2.632643877
4.860636400,2.632783393
4.860839800,2.636922841
4.861043300,2.637062357
4.861246700,2.637201804
4.861450200,2.637341321
4.861653600,2.637480768
4.861857100,2.637620285
4.862060500,2.637759732
4.862264000,2.637899248
4.862467400,2.638038696
4.862670900,2.638178212
4.862874300,2.638317660
4.863077800,2.638457176
4.863281200,2.642596624
4.863484700,2.642736140
4.863688200,2.642875656
4.863891600,2.639015104
4.864095100,2.639154620
4.864298500,2.639294068
4.864502000,2.635433584
4.864705400,2.635573031
4.864908900,2.635712548
4.865112300,2.631851995
4.865315800,2.631991511
4.865519200,2.628130959
4.865722700,2.632270475
4.865926100,2.628409923
4.866129600,2.628549439
4.866333000,2.624688887
4.866536500,2.624828403
4.866739900,2.620967851
4.866943400,2.617107367
4.867146800,2.617246814
4.867350300,2.613386331
4.867553700,2.609525778
4.867757200,2.605665295
4.867960600,2.609804742
4.868164100,2.605944258
4.868367500,2.602083706
4.868571000,2.598223222
4.868774400,2.598362670
4.868977900,2.590502186
4.869181300,2.590641634
4.869384800,2.586781150
4.869588200,2.582920598
4.869791700,2.579060114
4.869995100,2.579199561
4.870198600,2.571339078
4.870402000,2.575478525
4.870605500,2.571618041
4.870808900,2.571757489
4.871012400,2.567897005
4.871215800,2.564036453
4.871419300,2.564175969
4.871622700,2.560315417
4.871826200,2.556454933
4.872029600,2.556594381
4.872233100,2.552733897
4.872436500,2.552873344
4.872640000,2.553012861
4.872843400,2.553152308
4.873046900,2.553291825
4.873250300,2.549431272
4.873453800,2.549570788
4.873657200,2.549710236
4.873860700,2.549849752
4.874064100,2.545989200
4.874267600,2.546128716
4.874471000,2.546268164
4.874674500,2.546407680
4.874877900,2.546547128
4.875081400,2.550686644
4.875284800,2.550826091
4.875488300,2.550965608
4.875691700,2.555105055
4.875895200,2.555244571
4.876098600,2.555384019
4.876302100,2.559523535
4.876505500,2.559662983
4.876709000,2.559802499
4.876912400,2.563941947
4.877115900,2.564081463
4.877319300,2.572220911
4.877522800,2.572360427
4.877726200,2.576499874
4.877929700,2.580639391
4.878133100,2.580778838
4.878336600,2.584918354
4.878540000,2.589057802
4.878743500,2.589197318
4.878946900,2.593336766
4.879150400,2.597476282
4.879353800,2.601615730
4.879557300,2.609755246
4.879760700,2.613894694
4.879964200,2.618034210
4.880167600,2.618173657
4.880371100,2.626313174
4.880574500,2.630452621
4.880778000,2.630592138
4.880981400,2.638731585
4.881184900,2.642871101
4.881388300,2.647010549
4.881591800,2.647150065
4.881795200,2.655289513
4.881998700,2.663429029
4.882202100,2.667568477
4.882405600,2.675707993
4.882609000,2.679847441
4.882812500,2.683986957
4.883016000,2.688126473
4.883219400,2.692265921
4.883422900,2.696405437
4.883626300,2.700544884
4.883829800,2.708684401
4.884033200,2.712823848
4.884236700,2.720963364
4.884440100,2.729102812
4.884643600,2.737242328
4.884847000,2.741381776
4.885050500,2.749521292
4.885253900,2.753660740
4.885457400,2.757800256
4.885660800,2.761939704
4.885864300,2.770079220
4.886067700,2.774218667
4.886271200,2.778358184
4.886474600,2.790497631
4.886678100,2.798637148
4.886881500,2.802776595
4.887085000,2.810916111
4.887288400,2.815055559
4.887491900,2.819195075
4.887695300,2.823334523
4.887898800,2.835474039
4.888102200,2.839613487
4.888305700,2.843753003
4.888509100,2.851892451
4.888712600,2.856031967
4.888916000,2.868171414
4.889119500,2.876310931
4.889322900,2.880450378
4.889526400,2.884589894
4.889729800,2.892729342
4.889933300,2.896868858
4.890136700,2.901008306
4.890340200,2.905147822
4.890543600,2.917287270
4.890747100,2.921426786
4.890950500,2.925566234
4.891154000,2.933705750
4.891357400,2.941845197
4.891560900,2.945984714
4.891764300,2.954124161
4.891967800,2.958263677
4.892171200,2.962403125
4.892374700,2.966542641
4.892578100,2.974682089
4.892781600,2.974821605
4.892985000,2.978961053
4.893188500,2.987100569
4.893391900,2.991240017
4.893595400,2.999379533
4.893798800,3.003518981
4.894002300,3.007658497
4.894205700,3.011797944
4.894409200,3.015937461
4.894612600,3.020076908
4.894816100,3.024216424
4.895019500,3.028355872
4.895223000,3.032495388
4.895426400,3.036634836
4.895629900,3.040774352
4.895833300,3.048913800
4.896036800,3.049053316
4.896240200,3.053192764
4.896443700,3.057332280
4.896647100,3.061471727
4.896850600,3.061611244
4.897054000,3.065750691
4.897257500,3.069890207
4.897460900,3.070029655
4.897664400,3.074169171
4.897867800,3.078308619
4.898071300,3.078448135
4.898274700,3.086587583
4.898478200,3.086727099
4.898681600,3.090866547
4.898885100,3.091006063
4.899088500,3.095145510
4.899292000,3.099285027
4.899495400,3.099424474
4.899698900,3.099563991
4.899902300,3.103703438
4.900105800,3.103842954
4.900309200,3.103982402
4.900512700,3.112121918
4.900716100,3.112261366
4.900919600,3.112400882
4.901123000,3.116540330
4.901326500,3.116679846
4.901529900,3.116819294
4.901733400,3.120958810
4.901936800,3.121098257
4.902140300,3.121237774
4.902343700,3.121377221
4.902547200,3.121516737
4.902750700,3.125656254
4.902954100,3.129795701
4.903157600,3.129935217
4.903361000,3.130074665
4.903564500,3.130214181
4.903767900,3.130353629
4.903971400,3.130493145
4.904174800,3.130632593
4.904378300,3.130772109
4.904581700,3.130911557
4.904785200,3.131051073
4.904988600,3.131190520
4.905192100,3.135330037
4.905395500,3.131469484
4.905599000,3.131609001
4.905802400,3.131748448
4.906005900,3.131887964
4.906209300,3.132027412
4.906412800,3.128166928
4.906616200,3.128306376
4.906819700,3.128445892
4.907023100,3.128585340
4.907226600,3.124724856
4.907430000,3.128864304
4.907633500,3.125003820
4.907836900,3.125143267
4.908040400,3.121282784
4.908243800,3.121422231
4.908447300,3.117561747
4.908650700,3.117701195
4.908854200,3.113840711
4.909057600,3.113980159
4.909261100,3.110119675
4.909464500,3.106259123
4.909668000,3.106398639
4.909871400,3.106538087
4.910074900,3.102677603
4.910278300,3.098817050
4.910481800,3.098956567
4.910685200,3.091096014
4.910888700,3.091235530
4.911092100,3.087374978
4.911295600,3.083514494
4.911499000,3.079653942
4.911702500,3.075793458
4.911905900,3.071932906
4.912109400,3.072072422
4.912312800,3.068211870
4.912516300,3.064351386
4.912719700,3.056490833
4.912923200,3.052630350
4.913126600,3.048769797
4.913330100,3.044909314
4.913533500,3.041048761
4.913737000,3.037188277
4.913940400,3.033327725
4.914143900,3.025467241
4.914347300,3.025606689
4.914550800,3.021746205
4.914754200,3.009885653
4.914957700,3.006025169
4.915161100,3.002164617
4.915364600,2.994304133
4.915568000,2.990443580
4.915771500,2.986583097
4.915974900,2.978722544
4.916178400,2.970862060
4.916381800,2.967001508
4.916585300,2.963141024
4.916788700,2.955280472
4.916992200,2.951419988
4.917195600,2.947559436
4.917399100,2.935698952
4.917602500,2.931838400
4.917806000,2.923977916
4.918009400,2.916117363
4.918212900,2.908256880
4.918416300,2.904396327
4.918619800,2.896535843
4.918823200,2.888675291
4.919026700,2.884814807
4.919230100,2.880954255
4.919433600,2.869093771
4.919637000,2.861233219
4.919840500,2.857372735
4.920043900,2.845512183
4.920247400,2.837651699
4.920450800,2.833791147
4.920654300,2.825930663
4.920857700,2.814070110
4.921061200,2.810209627
4.921264600,2.806349074
4.921468100,2.794488590
4.921671500,2.786628038
4.921875000,2.782767554
4.922078500,2.770907070
4.922281900,2.763046518
4.922485400,2.755186034
4.922688800,2.751325482
4.922892300,2.735464998
4.923095700,2.731604446
4.923299200,2.723743962
4.923502600,2.711883410
4.923706100,2.708022926
4.923909500,2.700162373
4.924113000,2.688301890
4.924316400,2.680441337
4.924519900,2.672580854
4.924723300,2.668720301
4.924926800,2.652859817
4.925130200,2.644999265
4.925333700,2.641138781
4.925537100,2.625278229
4.925740600,2.617417745
4.925944000,2.613557193
4.926147500,2.601696709
4.926350900,2.593836157
4.926554400,2.585975673
4.926757800,2.578115120
4.926961300,2.562254637
4.927164700,2.554394084
4.927368200,2.550533600
4.927571600,2.534673048
4.927775100,2.526812564
4.927978500,2.518952012
4.928182000,2.507091528
4.928385400,2.499230976
4.928588900,2.491370492
4.928792300,2.475509940
4.928995800,2.467649456
4.929199200,2.459788903
4.929402700,2.451928420
4.929606100,2.436067867
4.929809600,2.428207383
4.930013000,2.420346831
4.930216500,2.404486347
4.930419900,2.396625795
4.930623400,2.392765311
4.930826800,2.376904759
4.931030300,2.369044275
4.931233700,2.361183723
4.931437200,2.353323239
4.931640600,2.337462686
4.931844100,2.325602203
4.932047500,2.317741650
4.932251000,2.301881167
4.932454400,2.294020614
4.932657900,2.286160130
4.932861300,2.274299578
4.933064800,2.262439094
4.933268200,2.254578542
4.933471700,2.246718058
4.933675100,2.230857506
4.933878600,2.218997022
4.934082000,2.211136470
4.934285500,2.195275986
4.934488900,2.187415433
4.934692400,2.175554950
4.934895800,2.159694397
4.935099300,2.155833913
4.935302700,2.147973361
4.935506200,2.136112877
4.935709600,2.120252325
4.935913100,2.112391841
4.936116500,2.104531289
4.936320000,2.084670805
4.936523400,2.076810253
4.936726900,2.068949769
4.936930300,2.053089216
4.937133800,2.041228733
4.937337200,2.033368180
4.937540700,2.021507696
4.937744100,2.013647144
4.937947600,2.005786660
4.938151000,1.997926108
4.938354500,1.978065624
4.938557900,1.970205072
4.938761400,1.962344588
4.938964800,1.946484036
4.939168300,1.938623552
4.939371700,1.930763000
4.939575200,1.914902516
4.939778600,1.911041963
4.939982100,1.903181480
4.940185500,1.895320927
4.940389000,1.883460443
4.940592400,1.875599891
4.940795900,1.867739407
4.940999300,1.851878855
4.941202800,1.848018371
4.941406200,1.840157819
4.941609700,1.828297335
4.941813200,1.820436851
4.942016600,1.820576299
4.942220100,1.812715815
4.942423500,1.800855263
4.942627000,1.796994779
4.942830400,1.789134226
4.943033900,1.777273743
4.943237300,1.773413190
4.943440800,1.769552706
4.943644200,1.761692154
4.943847700,1.753831670
4.944051100,1.749971118
4.944254600,1.750110634
4.944458000,1.742250082
4.944661500,1.738389598
4.944864900,1.734529046
4.945068400,1.730668562
4.945271800,1.726808010
4.945475300,1.722947526
4.945678700,1.719086973
4.945882200,1.715226490
4.946085600,1.715365937
4.946289100,1.711505453
4.946492500,1.707644901
4.946696000,1.711784417
4.946899400,1.707923865
4.947102900,1.708063381
4.947306300,1.708202829
4.947509800,1.704342345
4.947713200,1.704481793
4.947916700,1.704621309
4.948120100,1.704760756
4.948323600,1.704900273
4.948527000,1.705039720
4.948730500,1.705179236
4.948933900,1.709318684
4.949137400,1.709458200
4.949340800,1.709597648
4.949544300,1.713737164
4.949747700,1.713876612
4.949951200,1.714016128
4.950154600,1.718155576
4.950358100,1.718295092
4.950561500,1.722434539
4.950765000,1.722574056
4.950968400,1.726713503
4.951171900,1.730853020
4.951375300,1.734992467
4.951578800,1.735131983
4.951782200,1.739271431
4.951985700,1.743410947
4.952189100,1.743550395
4.952392600,1.747689911
4.952596000,1.751829359
4.952799500,1.755968875
4.953002900,1.756108323
4.953206400,1.760247839
4.953409800,1.768387286
4.953613300,1.768526803
4.953816700,1.776666250
4.954020200,1.776805766
4.954223600,1.780945214
4.954427100,1.785084730
4.954630500,1.785224178
4.954834000,1.789363694
4.955037400,1.793503142
4.955240900,1.797642658
4.955444300,1.797782106
4.955647800,1.801921622
4.955851200,1.810061069
4.956054700,1.810200586
4.956258100,1.814340033
4.956461600,1.818479549
4.956665000,1.818618997
4.956868500,1.822758513
4.957071900,1.822897961
4.957275400,1.827037477
4.957478800,1.827176925
4.957682300,1.831316441
4.957885700,1.831455889
4.958089200,1.839595405
4.958292600,1.839734852
4.958496100,1.839874369
4.958699500,1.844013816
4.958903000,1.844153333
4.959106400,1.844292780
4.959309900,1.848432296
4.959513300,1.848571744
4.959716800,1.848711260
4.959920200,1.848850708
4.960123700,1.848990224
4.960327100,1.853129672
4.960530600,1.857269188
4.960734000,1.857408636
4.960937500,1.857548152
4.961141000,1.857687668
4.961344400,1.857827116
4.961547900,1.857966632
4.961751300,1.854106079
4.961954800,1.854245596
4.962158200,1.854385043
4.962361700,1.854524559
4.962565100,1.858664007
4.962768600,1.854803523
4.962972000,1.854942971
4.963175500,1.855082487
4.963378900,1.855221935
4.963582400,1.851361451
4.963785800,1.851500899
4.963989300,1.847640415
4.964192700,1.847779862
4.964396200,1.847919379
4.964599600,1.844058826
4.964803100,1.844198343
4.965006500,1.844337790
4.965210000,1.840477306
4.965413400,1.840616754
4.965616900,1.836756270
4.965820300,1.832895718
4.966023800,1.833035234
4.966227200,1.829174682
4.966430700,1.829314198
4.966634100,1.821453646
4.966837600,1.821593162
4.967041000,1.817732609
4.967244500,1.817872126
4.967447900,1.814011573
4.967651400,1.814151089
4.967854800,1.806290537
4.968058300,1.802430053
4.968261700,1.802569501
4.968465200,1.798709017
4.968668600,1.794848465
4.968872100,1.790987981
4.969075500,1.787127429
4.969279000,1.779266945
4.969482400,1.783406392
4.969685900,1.779545909
4.969889300,1.771685356
4.970092800,1.767824872
4.970296200,1.763964320
4.970499700,1.760103836
4.970703100,1.752243284
4.970906600,1.748382800
4.971110000,1.748522248
4.971313500,1.740661764
4.971516900,1.736801212
4.971720400,1.736940728
4.971923800,1.725080176
4.972127300,1.721219692
4.972330700,1.717359139
4.972534200,1.713498656
4.972737600,1.705638103
4.972941100,1.701777619
4.973144500,1.697917067
4.973348000,1.686056583
4.973551400,1.682196031
4.973754900,1.678335547
4.973958300,1.670474995
4.974161800,1.666614511
4.974365200,1.662753959
4.974568700,1.654893475
4.974772100,1.647032922
4.974975600,1.639172439
4.975179000,1.635311886
4.975382500,1.623451402
4.975585900,1.615590850
4.975789400,1.611730366
4.975992800,1.599869814
4.976196300,1.596009330
4.976399700,1.592148778
4.976603200,1.580288294
4.976806600,1.572427742
4.977010100,1.564567258
4.977213500,1.560706705
4.977417000,1.544846222
4.977620400,1.540985669
4.977823900,1.533125186
4.978027300,1.517264633
4.978230800,1.513404149
4.978434200,1.505543597
4.978637700,1.493683113
4.978841100,1.485822561
4.979044600,1.477962077
4.979248000,1.474101525
4.979451500,1.458241041
4.979654900,1.450380489
4.979858400,1.442520005
4.980061800,1.426659452
4.980265300,1.418798969
4.980468700,1.410938416
4.980672200,1.395077932
4.980875700,1.391217449
4.981079100,1.383356896
4.981282600,1.375496412
4.981486000,1.355635860
4.981689500,1.347775376
4.981892900,1.339914824
4.982096400,1.324054340
4.982299800,1.316193788
4.982503300,1.308333304
4.982706700,1.288472752
4.982910200,1.280612268
4.983113600,1.276751715
4.983317100,1.268891232
4.983520500,1.249030679
4.983724000,1.241170196
4.983927400,1.233309643
4.984130900,1.217449159
4.984334300,1.209588607
4.984537800,1.197728123
4.984741200,1.181867571
4.984944700,1.174007087
4.985148100,1.166146535
4.985351600,1.154286051
4.985555000,1.146425499
4.985758500,1.138565015
4.985961900,1.126704462
4.986165400,1.110843979
4.986368800,1.102983426
4.986572300,1.095122942
4.986775700,1.079262390
4.986979200,1.071401906
4.987182600,1.063541354
4.987386100,1.047680870
4.987589500,1.043820318
4.987793000,1.039959834
4.987996400,1.032099282
4.988199900,1.016238798
4.988403300,1.008378245
4.988606800,1.000517762
4.988810200,0.988657209
4.989013700,0.980796725
4.989217100,0.972936173
4.989420600,0.961075689
4.989624000,0.953215137
4.989827500,0.949354653
4.990030900,0.945494101
4.990234400,0.933633617
4.990437800,0.925773065
4.990641300,0.917912581
4.990844700,0.906052029
4.991048200,0.902191545
4.991251600,0.894330992
4.991455100,0.882470509
4.991658500,0.878609956
4.991862000,0.874749472
4.992065400,0.866888920
4.992268900,0.859028436
4.992472300,0.855167884
4.992675800,0.851307400
4.992879200,0.839446848
4.993082700,0.835586364
4.993286100,0.827725812
4.993489600,0.819865328
4.993693000,0.816004775
4.993896500,0.808144292
4.994099900,0.800283739
4.994303400,0.796423255
4.994506800,0.796562703
4.994710300,0.788702219
4.994913700,0.780841667
4.995117200,0.776981183
4.995320600,0.773120631
4.995524100,0.761260147
4.995727500,0.757399595
4.995931000,0.753539111
4.996134400,0.745678558
4.996337900,0.741818075
4.996541300,0.737957522
4.996744800,0.738097039
4.996948200,0.726236486
4.997151700,0.722376002
4.997355100,0.718515450
4.997558600,0.710654966
4.997762000,0.706794414
4.997965500,0.702933930
4.998168900,0.695073378
4.998372400,0.691212894
4.998575800,0.687352342
4.998779300,0.683491858
4.998982700,0.679631305
4.999186200,0.675770822
4.999389600,0.675910269
4.999593100,0.668049785
4.999796500,0.664189233
5.000000000,0.660328749
