x (mm),altura (µm)
0.000000000,-0.712790435
0.000585000,-0.711576599
0.001170000,-0.698362764
0.001755000,-0.697148928
0.002340000,-0.691935092
0.002925000,-0.678721257
0.003510000,-0.677507421
0.004095000,-0.672293585
0.004680000,-0.671079750
0.005265000,-0.657865914
0.005850000,-0.656652078
0.006435000,-0.651438243
0.007020000,-0.638224407
0.007605000,-0.637010571
0.008190000,-0.631796736
0.008775000,-0.622582900
0.009360000,-0.617369064
0.009945000,-0.616155229
0.010530000,-0.610941393
0.011115000,-0.597727557
0.011700000,-0.596513722
0.012285000,-0.591299886
0.012870000,-0.582086050
0.013455000,-0.576872215
0.014040000,-0.575658379
0.014625000,-0.562444543
0.015210000,-0.557230708
0.015795000,-0.556016872
0.016380000,-0.550803036
0.016965000,-0.541589201
0.017550000,-0.536375365
0.018135000,-0.535161530
0.018720000,-0.521947694
0.019305000,-0.520733858
0.019890000,-0.515520023
0.020475000,-0.502306187
0.021060000,-0.501092351
0.021645000,-0.499878516
0.022230000,-0.486664680
0.022815000,-0.481450844
0.023400000,-0.480237009
0.023985000,-0.479023173
0.024570000,-0.465809337
0.025155000,-0.464595502
0.025740000,-0.459381666
0.026325000,-0.450167830
0.026910000,-0.444953995
0.027495000,-0.443740159
0.028080000,-0.430526323
0.028665000,-0.429312488
0.029250000,-0.428098652
0.029835000,-0.422884816
0.030420000,-0.413670981
0.031005000,-0.412457145
0.031590000,-0.407243309
0.032175000,-0.398029474
0.032760000,-0.396815638
0.033345000,-0.391601802
0.033930000,-0.382387967
0.034515000,-0.381174131
0.035100000,-0.375960295
0.035685000,-0.374746460
0.036270000,-0.365532624
0.036855000,-0.364318788
0.037440000,-0.359104953
0.038025000,-0.349891117
0.038610000,-0.348677281
0.039195000,-0.347463446
0.039780000,-0.334249610
0.040365000,-0.333035774
0.040950000,-0.331821939
0.041535000,-0.330608103
0.042120000,-0.321394267
0.042705000,-0.320180432
0.043290000,-0.314966596
0.043875000,-0.305752761
0.044460000,-0.304538925
0.045045000,-0.303325089
0.045630000,-0.294111254
0.046215000,-0.292897418
0.046800000,-0.291683582
0.047385000,-0.282469747
0.047970000,-0.277255911
0.048555000,-0.276042075
0.049140000,-0.274828240
0.049725000,-0.265614404
0.050310100,-0.264401728
0.050895100,-0.263187893
0.051480100,-0.253974057
0.052065100,-0.252760221
0.052650100,-0.251546386
0.053235100,-0.242332550
0.053820100,-0.241118714
0.054405100,-0.239904879
0.054990100,-0.238691043
0.055575100,-0.229477207
0.056160100,-0.228263372
0.056745100,-0.227049536
0.057330100,-0.217835700
0.057915100,-0.216621865
0.058500100,-0.215408029
0.059085100,-0.206194193
0.059670100,-0.204980358
0.060255100,-0.203766522
0.060840100,-0.202552686
0.061425100,-0.193338851
0.062010100,-0.188125015
0.062595100,-0.186911179
0.063180100,-0.177697344
0.063765100,-0.176483508
0.064350100,-0.175269672
0.064935100,-0.166055837
0.065520100,-0.168842001
0.066105100,-0.167628165
0.066690100,-0.166414330
0.067275100,-0.157200494
0.067860100,-0.155986659
0.068445100,-0.154772823
0.069030100,-0.145558987
0.069615100,-0.144345152
0.070200100,-0.143131316
0.070785100,-0.133917480
0.071370100,-0.132703645
0.071955100,-0.131489809
0.072540100,-0.122275973
0.073125100,-0.121062138
0.073710100,-0.119848302
0.074295100,-0.118634466
0.074880100,-0.109420631
0.075465100,-0.108206795
0.076050100,-0.106992959
0.076635100,-0.097779124
0.077220100,-0.096565288
0.077805100,-0.095351452
0.078390100,-0.086137617
0.078975100,-0.084923781
0.079560100,-0.083709945
0.080145100,-0.082496110
0.080730100,-0.077282274
0.081315100,-0.076068438
0.081900100,-0.074854603
0.082485100,-0.065640767
0.083070100,-0.064426931
0.083655100,-0.063213096
0.084240100,-0.053999260
0.084825100,-0.052785424
0.085410100,-0.051571589
0.085995100,-0.050357753
0.086580100,-0.041143917
0.087165100,-0.043930082
0.087750100,-0.042716246
0.088335100,-0.033502410
0.088920100,-0.032288575
0.089505100,-0.031074739
0.090090100,-0.021860903
0.090675100,-0.020647068
0.091260100,-0.023433232
0.091845100,-0.022219396
0.092430100,-0.013005561
0.093015100,-0.011791725
0.093600100,-0.010577890
0.094185100,-0.001364054
0.094770100,-0.004150218
0.095355100,-0.002936383
0.095940100,0.006277453
0.096525100,0.007491289
0.097110100,0.008705124
0.097695100,0.005918960
0.098280100,0.015132796
0.098865100,0.016346631
0.099450100,0.017560467
0.100035100,0.022774303
0.100620100,0.023988138
0.101205100,0.025201974
0.101790100,0.034415810
0.102375100,0.031629645
0.102960100,0.032843481
0.103545100,0.042057317
0.104130100,0.039271152
0.104715100,0.040484988
0.105300100,0.041698824
0.105885100,0.050912659
0.106470100,0.048126495
0.107055100,0.049340331
0.107640100,0.054554166
0.108225100,0.055768002
0.108810100,0.056981838
0.109395100,0.062195673
0.109980100,0.063409509
0.110565100,0.064623345
0.111150100,0.061837180
0.111735100,0.071051016
0.112320100,0.068264852
0.112905100,0.069478687
0.113490100,0.074692523
0.114075100,0.075906359
0.114660100,0.077120194
0.115245100,0.082334030
0.115830100,0.083547866
0.116415100,0.080761701
0.117000100,0.081975537
0.117585100,0.087189373
0.118170100,0.088403208
0.118755100,0.085617044
0.119340100,0.094830879
0.119925100,0.092044715
0.120510100,0.093258551
0.121095100,0.098472386
0.121680100,0.099686222
0.122265100,0.096900058
0.122850100,0.098113893
0.123435100,0.103327729
0.124020100,0.104541565
0.124605100,0.101755400
0.125190100,0.106969236
0.125775100,0.108183072
0.126360100,0.105396907
0.126945100,0.110610743
0.127530100,0.111824579
0.128115100,0.109038414
0.128700100,0.118252250
0.129285100,0.115466086
0.129870100,0.116679921
0.130455100,0.113893757
0.131040100,0.119107593
0.131625100,0.120321428
0.132210100,0.117535264
0.132795100,0.122749100
0.133380100,0.123962935
0.133965100,0.121176771
0.134550100,0.126390607
0.135135100,0.127604442
0.135720100,0.124818278
0.136305100,0.126032114
0.136890100,0.131245949
0.137475100,0.128459785
0.138060100,0.129673621
0.138645100,0.134887456
0.139230100,0.132101292
0.139815100,0.133315128
0.140400100,0.138528963
0.140985100,0.135742799
0.141570100,0.136956635
0.142155100,0.134170470
0.142740100,0.139384306
0.143325100,0.136598141
0.143910100,0.137811977
0.144495100,0.143025813
0.145080100,0.140239648
0.145665100,0.141453484
0.146250100,0.146667320
0.146835100,0.143881155
0.147420100,0.141094991
0.148005100,0.142308827
0.148590100,0.147522662
0.149175100,0.144736498
0.149760100,0.145950334
0.150345200,0.147163009
0.150930200,0.148376845
0.151515200,0.145590681
0.152100200,0.150804516
0.152685200,0.148018352
0.153270200,0.149232188
0.153855200,0.146446023
0.154440200,0.151659859
0.155025200,0.148873695
0.155610200,0.150087530
0.156195200,0.155301366
0.156780200,0.152515202
0.157365200,0.149729037
0.157950200,0.154942873
0.158535200,0.152156709
0.159120200,0.153370544
0.159705200,0.154584380
0.160290200,0.155798216
0.160875200,0.153012051
0.161460200,0.150225887
0.162045200,0.155439723
0.162630200,0.152653558
0.163215200,0.153867394
0.163800200,0.155081230
0.164385200,0.156295065
0.164970200,0.153508901
0.165555200,0.158722737
0.166140200,0.155936572
0.166725200,0.153150408
0.167310200,0.150364243
0.167895200,0.155578079
0.168480200,0.152791915
0.169065200,0.154005750
0.169650200,0.155219586
0.170235200,0.152433422
0.170820200,0.153647257
0.171405200,0.154861093
0.171990200,0.156074929
0.172575200,0.153288764
0.173160200,0.150502600
0.173745200,0.155716436
0.174330200,0.152930271
0.174915200,0.150144107
0.175500200,0.155357943
0.176085200,0.152571778
0.176670200,0.149785614
0.177255200,0.154999450
0.177840200,0.152213285
0.178425200,0.149427121
0.179010200,0.150640957
0.179595200,0.151854792
0.180180200,0.153068628
0.180765200,0.150282464
0.181350200,0.151496299
0.181935200,0.152710135
0.182520200,0.149923971
0.183105200,0.151137806
0.183690200,0.152351642
0.184275200,0.149565478
0.184860200,0.150779313
0.185445200,0.151993149
0.186030200,0.149206985
0.186615200,0.146420820
0.187200200,0.151634656
0.187785200,0.148848492
0.188370200,0.146062327
0.188955200,0.151276163
0.189540200,0.148489999
0.190125200,0.145703834
0.190710200,0.150917670
0.191295200,0.148131506
0.191880200,0.145345341
0.192465200,0.142559177
0.193050200,0.147773012
0.193635200,0.144986848
0.194220200,0.142200684
0.194805200,0.147414519
0.195390200,0.144628355
0.195975200,0.141842191
0.196560200,0.147056026
0.197145200,0.144269862
0.197730200,0.141483698
0.198315200,0.138697533
0.198900200,0.139911369
0.199485200,0.141125205
0.200070200,0.138339040
0.200655200,0.139552876
0.201240200,0.136766712
0.201825200,0.133980547
0.202410200,0.139194383
0.202995200,0.136408219
0.203580200,0.133622054
0.204165200,0.130835890
0.204750200,0.132049726
0.205335200,0.129263561
0.205920200,0.126477397
0.206505200,0.131691233
0.207090200,0.128905068
0.207675200,0.126118904
0.208260200,0.127332740
0.208845200,0.124546575
0.209430200,0.121760411
0.210015200,0.122974247
0.210600200,0.120188082
0.211185200,0.117401918
0.211770200,0.114615754
0.212355200,0.119829589
0.212940200,0.117043425
0.213525200,0.114257261
0.214110200,0.115471096
0.214695200,0.112684932
0.215280200,0.109898768
0.215865200,0.111112603
0.216450200,0.108326439
0.217035200,0.105540275
0.217620200,0.102754110
0.218205200,0.099967946
0.218790200,0.097181781
0.219375200,0.094395617
0.219960200,0.095609453
0.220545200,0.092823288
0.221130200,0.090037124
0.221715200,0.091250960
0.222300200,0.088464795
0.222885200,0.085678631
0.223470200,0.082892467
0.224055200,0.084106302
0.224640200,0.077320138
0.225225200,0.074533974
0.225810200,0.075747809
0.226395200,0.072961645
0.226980200,0.070175481
0.227565200,0.071389316
0.228150200,0.064603152
0.228735200,0.061816988
0.229320200,0.059030823
0.229905200,0.060244659
0.230490200,0.057458495
0.231075200,0.050672330
0.231660200,0.051886166
0.232245200,0.049100002
0.232830200,0.046313837
0.233415200,0.043527673
0.234000200,0.040741509
0.234585200,0.037955344
0.235170200,0.035169180
0.235755200,0.032383016
0.236340200,0.029596851
0.236925200,0.026810687
0.237510200,0.024024523
0.238095200,0.021238358
0.238680200,0.014452194
0.239265200,0.015666030
0.239850200,0.012879865
0.240435200,0.006093701
0.241020200,0.007307537
0.241605200,0.000521372
0.242190200,-0.002264792
0.242775200,-0.005050956
0.243360200,-0.007837121
0.243945200,-0.014623285
0.244530200,-0.017409450
0.245115200,-0.020195614
0.245700200,-0.022981778
0.246285200,-0.029767943
0.246870200,-0.028554107
0.247455200,-0.035340271
0.248040200,-0.038126436
0.248625200,-0.044912600
0.249210200,-0.047698764
0.249795200,-0.050484929
0.250380300,-0.057272253
0.250965300,-0.060058417
0.251550300,-0.062844582
0.252135300,-0.069630746
0.252720300,-0.072416910
0.253305300,-0.075203075
0.253890300,-0.081989239
0.254475300,-0.084775403
0.255060300,-0.087561568
0.255645300,-0.094347732
0.256230300,-0.097133896
0.256815300,-0.103920061
0.257400300,-0.106706225
0.257985300,-0.113492389
0.258570300,-0.116278554
0.259155300,-0.123064718
0.259740300,-0.125850882
0.260325300,-0.132637047
0.260910300,-0.135423211
0.261495300,-0.142209375
0.262080300,-0.148995540
0.262665300,-0.151781704
0.263250300,-0.158567868
0.263835300,-0.161354033
0.264420300,-0.168140197
0.265005300,-0.170926361
0.265590300,-0.177712526
0.266175300,-0.180498690
0.266760300,-0.187284855
0.267345300,-0.194071019
0.267930300,-0.200857183
0.268515300,-0.203643348
0.269100300,-0.210429512
0.269685300,-0.217215676
0.270270300,-0.220001841
0.270855300,-0.226788005
0.271440300,-0.233574169
0.272025300,-0.240360334
0.272610300,-0.243146498
0.273195300,-0.249932662
0.273780300,-0.256718827
0.274365300,-0.263504991
0.274950300,-0.270291155
0.275535300,-0.273077320
0.276120300,-0.279863484
0.276705300,-0.286649648
0.277290300,-0.293435813
0.277875300,-0.300221977
0.278460300,-0.307008141
0.279045300,-0.313794306
0.279630300,-0.316580470
0.280215300,-0.323366634
0.280800300,-0.330152799
0.281385300,-0.336938963
0.281970300,-0.343725127
0.282555300,-0.350511292
0.283140300,-0.357297456
0.283725300,-0.364083620
0.284310300,-0.370869785
0.284895300,-0.377655949
0.285480300,-0.384442113
0.286065300,-0.391228278
0.286650300,-0.398014442
0.287235300,-0.404800606
0.287820300,-0.411586771
0.288405300,-0.418372935
0.288990300,-0.425159099
0.289575300,-0.435945264
0.290160300,-0.442731428
0.290745300,-0.449517592
0.291330300,-0.456303757
0.291915300,-0.463089921
0.292500300,-0.469876086
0.293085300,-0.480662250
0.293670300,-0.487448414
0.294255300,-0.494234579
0.294840300,-0.501020743
0.295425300,-0.511806907
0.296010300,-0.518593072
0.296595300,-0.525379236
0.297180300,-0.532165400
0.297765300,-0.542951565
0.298350300,-0.549737729
0.298935300,-0.556523893
0.299520300,-0.567310058
0.300105300,-0.574096222
0.300690300,-0.580882386
0.301275300,-0.591668551
0.301860300,-0.598454715
0.302445300,-0.609240879
0.303030300,-0.616027044
0.303615300,-0.626813208
0.304200300,-0.633599372
0.304785300,-0.640385537
0.305370300,-0.651171701
0.305955300,-0.661957865
0.306540300,-0.668744030
0.307125300,-0.679530194
0.307710300,-0.686316358
0.308295300,-0.697102523
0.308880300,-0.707888687
0.309465300,-0.714674851
0.310050300,-0.721461016
0.310635300,-0.732247180
0.311220300,-0.743033344
0.311805300,-0.749819509
0.312390300,-0.760605673
0.312975300,-0.771391837
0.313560300,-0.778178002
0.314145300,-0.788964166
0.314730300,-0.799750330
0.315315300,-0.806536495
0.315900300,-0.817322659
0.316485300,-0.828108823
0.317070300,-0.838894988
0.317655300,-0.845681152
0.318240300,-0.856467317
0.318825300,-0.867253481
0.319410300,-0.874039645
0.319995300,-0.884825810
0.320580300,-0.895611974
0.321165300,-0.906398138
0.321750300,-0.913184303
0.322335300,-0.923970467
0.322920300,-0.934756631
0.323505300,-0.941542796
0.324090300,-0.952328960
0.324675300,-0.963115124
0.325260300,-0.973901289
0.325845300,-0.980687453
0.326430300,-0.991473617
0.327015300,-1.002259782
0.327600300,-1.009045946
0.328185300,-1.019832110
0.328770300,-1.030618275
0.329355300,-1.037404439
0.329940300,-1.048190603
0.330525300,-1.058976768
0.331110300,-1.065762932
0.331695300,-1.076549096
0.332280300,-1.083335261
0.332865300,-1.094121425
0.333450300,-1.100907589
0.334035300,-1.111693754
0.334620300,-1.118479918
0.335205300,-1.125266082
0.335790300,-1.136052247
0.336375300,-1.142838411
0.336960300,-1.153624575
0.337545300,-1.160410740
0.338130300,-1.167196904
0.338715300,-1.173983068
0.339300300,-1.180769233
0.339885300,-1.191555397
0.340470300,-1.198341561
0.341055300,-1.205127726
0.341640300,-1.211913890
0.342225300,-1.218700054
0.342810300,-1.225486219
0.343395300,-1.232272383
0.343980300,-1.235058548
0.344565300,-1.241844712
0.345150300,-1.248630876
0.345735300,-1.255417041
0.346320300,-1.258203205
0.346905300,-1.264989369
0.347490300,-1.267775534
0.348075300,-1.274561698
0.348660300,-1.281347862
0.349245300,-1.284134027
0.349830300,-1.286920191
0.350415400,-1.293707515
0.351000400,-1.296493680
0.351585400,-1.299279844
0.352170400,-1.306066008
0.352755400,-1.308852173
0.353340400,-1.311638337
0.353925400,-1.314424501
0.354510400,-1.321210666
0.355095400,-1.323996830
0.355680400,-1.322782994
0.356265400,-1.329569159
0.356850400,-1.332355323
0.357435400,-1.331141487
0.358020400,-1.333927652
0.358605400,-1.336713816
0.359190400,-1.335499980
0.359775400,-1.342286145
0.360360400,-1.345072309
0.360945400,-1.347858473
0.361530400,-1.346644638
0.362115400,-1.349430802
0.362700400,-1.348216966
0.363285400,-1.347003131
0.363870400,-1.349789295
0.364455400,-1.352575459
0.365040400,-1.351361624
0.365625400,-1.354147788
0.366210400,-1.356933953
0.366795400,-1.355720117
0.367380400,-1.354506281
0.367965400,-1.357292446
0.368550400,-1.360078610
0.369135400,-1.354864774
0.369720400,-1.357650939
0.370305400,-1.360437103
0.370890400,-1.355223267
0.371475400,-1.358009432
0.372060400,-1.360795596
0.372645400,-1.363581760
0.373230400,-1.358367925
0.373815400,-1.361154089
0.374400400,-1.359940253
0.374985400,-1.358726418
0.375570400,-1.361512582
0.376155400,-1.360298746
0.376740400,-1.359084911
0.377325400,-1.357871075
0.377910400,-1.360657239
0.378495400,-1.355443404
0.379080400,-1.358229568
0.379665400,-1.361015732
0.380250400,-1.359801897
0.380835400,-1.358588061
0.381420400,-1.357374225
0.382005400,-1.360160390
0.382590400,-1.358946554
0.383175400,-1.357732718
0.383760400,-1.360518883
0.384345400,-1.355305047
0.384930400,-1.358091211
0.385515400,-1.360877376
0.386100400,-1.359663540
0.386685400,-1.358449704
0.387270400,-1.357235869
0.387855400,-1.360022033
0.388440400,-1.354808197
0.389025400,-1.357594362
0.389610400,-1.360380526
0.390195400,-1.355166690
0.390780400,-1.357952855
0.391365400,-1.360739019
0.391950400,-1.359525184
0.392535400,-1.358311348
0.393120400,-1.357097512
0.393705400,-1.359883677
0.394290400,-1.358669841
0.394875400,-1.357456005
0.395460400,-1.360242170
0.396045400,-1.355028334
0.396630400,-1.357814498
0.397215400,-1.360600663
0.397800400,-1.363386827
0.398385400,-1.358172991
0.398970400,-1.360959156
0.399555400,-1.363745320
0.400140400,-1.358531484
0.400725400,-1.361317649
0.401310400,-1.364103813
0.401895400,-1.358889977
0.402480400,-1.361676142
0.403065400,-1.364462306
0.403650400,-1.359248470
0.404235400,-1.362034635
0.404820400,-1.364820799
0.405405400,-1.363606963
0.405990400,-1.362393128
0.406575400,-1.365179292
0.407160400,-1.363965456
0.407745400,-1.362751621
0.408330400,-1.365537785
0.408915400,-1.368323949
0.409500400,-1.363110114
0.410085400,-1.365896278
0.410670400,-1.368682442
0.411255400,-1.371468607
0.411840400,-1.366254771
0.412425400,-1.369040935
0.413010400,-1.371827100
0.413595400,-1.370613264
0.414180400,-1.369399428
0.414765400,-1.372185593
0.415350400,-1.370971757
0.415935400,-1.373757921
0.416520400,-1.376544086
0.417105400,-1.375330250
0.417690400,-1.374116415
0.418275400,-1.376902579
0.418860400,-1.379688743
0.419445400,-1.378474908
0.420030400,-1.381261072
0.420615400,-1.380047236
0.421200400,-1.378833401
0.421785400,-1.381619565
0.422370400,-1.384405729
0.422955400,-1.387191894
0.423540400,-1.385978058
0.424125400,-1.388764222
0.424710400,-1.387550387
0.425295400,-1.386336551
0.425880400,-1.389122715
0.426465400,-1.391908880
0.427050400,-1.390695044
0.427635400,-1.393481208
0.428220400,-1.396267373
0.428805400,-1.395053537
0.429390400,-1.397839701
0.429975400,-1.400625866
0.430560400,-1.403412030
0.431145400,-1.398198194
0.431730400,-1.400984359
0.432315400,-1.403770523
0.432900400,-1.402556687
0.433485400,-1.405342852
0.434070400,-1.408129016
0.434655400,-1.406915180
0.435240400,-1.409701345
0.435825400,-1.412487509
0.436410400,-1.415273673
0.436995400,-1.414059838
0.437580400,-1.416846002
0.438165400,-1.419632166
0.438750400,-1.418418331
0.439335400,-1.421204495
0.439920400,-1.423990659
0.440505400,-1.422776824
0.441090400,-1.425562988
0.441675400,-1.428349152
0.442260400,-1.431135317
0.442845400,-1.429921481
0.443430400,-1.436707646
0.444015400,-1.439493810
0.444600400,-1.438279974
0.445185400,-1.441066139
0.445770400,-1.443852303
0.446355400,-1.442638467
0.446940400,-1.445424632
0.447525400,-1.448210796
0.448110400,-1.450996960
0.448695400,-1.449783125
0.449280400,-1.452569289
0.449865400,-1.455355453
0.450450500,-1.454142778
0.451035500,-1.456928942
0.451620500,-1.459715106
0.452205500,-1.458501271
0.452790500,-1.461287435
0.453375500,-1.464073599
0.453960500,-1.466859764
0.454545500,-1.465645928
0.455130500,-1.472432092
0.455715500,-1.475218257
0.456300500,-1.474004421
0.456885500,-1.476790585
0.457470500,-1.479576750
0.458055500,-1.478362914
0.458640500,-1.481149078
0.459225500,-1.483935243
0.459810500,-1.482721407
0.460395500,-1.485507571
0.460980500,-1.488293736
0.461565500,-1.491079900
0.462150500,-1.489866064
0.462735500,-1.492652229
0.463320500,-1.495438393
0.463905500,-1.498224557
0.464490500,-1.501010722
0.465075500,-1.503796886
0.465660500,-1.502583050
0.466245500,-1.505369215
0.466830500,-1.508155379
0.467415500,-1.510941544
0.468000500,-1.509727708
0.468585500,-1.512513872
0.469170500,-1.515300037
0.469755500,-1.518086201
0.470340500,-1.520872365
0.470925500,-1.523658530
0.471510500,-1.522444694
0.472095500,-1.525230858
0.472680500,-1.528017023
0.473265500,-1.530803187
0.473850500,-1.529589351
0.474435500,-1.536375516
0.475020500,-1.539161680
0.475605500,-1.537947844
0.476190500,-1.540734009
0.476775500,-1.543520173
0.477360500,-1.542306337
0.477945500,-1.549092502
0.478530500,-1.551878666
0.479115500,-1.554664830
0.479700500,-1.553450995
0.480285500,-1.556237159
0.480870500,-1.563023323
0.481455500,-1.561809488
0.482040500,-1.564595652
0.482625500,-1.567381816
0.483210500,-1.570167981
0.483795500,-1.572954145
0.484380500,-1.575740309
0.484965500,-1.574526474
0.485550500,-1.581312638
0.486135500,-1.584098802
0.486720500,-1.586884967
0.487305500,-1.585671131
0.487890500,-1.592457295
0.488475500,-1.595243460
0.489060500,-1.594029624
0.489645500,-1.596815788
0.490230500,-1.603601953
0.490815500,-1.602388117
0.491400500,-1.605174281
0.491985500,-1.611960446
0.492570500,-1.614746610
0.493155500,-1.613532775
0.493740500,-1.620318939
0.494325500,-1.623105103
0.494910500,-1.621891268
0.495495500,-1.628677432
0.496080500,-1.631463596
0.496665500,-1.634249761
0.497250500,-1.637035925
0.497835500,-1.639822089
0.498420500,-1.642608254
0.499005500,-1.645394418
0.499590500,-1.648180582
0.500175500,-1.654966747
0.500760500,-1.653752911
0.501345500,-1.656539075
0.501930500,-1.663325240
0.502515500,-1.662111404
0.503100500,-1.668897568
0.503685500,-1.671683733
0.504270500,-1.674469897
0.504855500,-1.677256061
0.505440500,-1.680042226
0.506025500,-1.682828390
0.506610500,-1.685614554
0.507195500,-1.688400719
0.507780500,-1.691186883
0.508365500,-1.693973047
0.508950500,-1.696759212
0.509535500,-1.703545376
0.510120500,-1.706331540
0.510705500,-1.705117705
0.511290500,-1.711903869
0.511875500,-1.714690033
0.512460500,-1.717476198
0.513045500,-1.720262362
0.513630500,-1.723048526
0.514215500,-1.725834691
0.514800500,-1.728620855
0.515385500,-1.731407019
0.515970500,-1.734193184
0.516555500,-1.736979348
0.517140500,-1.739765513
0.517725500,-1.742551677
0.518310500,-1.745337841
0.518895500,-1.748124006
0.519480500,-1.750910170
0.520065500,-1.753696334
0.520650500,-1.756482499
0.521235500,-1.759268663
0.521820500,-1.758054827
0.522405500,-1.764840992
0.522990500,-1.767627156
0.523575500,-1.770413320
0.524160500,-1.769199485
0.524745500,-1.771985649
0.525330500,-1.778771813
0.525915500,-1.777557978
0.526500500,-1.780344142
0.527085500,-1.783130306
0.527670500,-1.781916471
0.528255500,-1.784702635
0.528840500,-1.787488799
0.529425500,-1.790274964
0.530010500,-1.789061128
0.530595500,-1.791847292
0.531180500,-1.794633457
0.531765500,-1.793419621
0.532350500,-1.796205785
0.532935500,-1.798991950
0.533520500,-1.797778114
0.534105500,-1.800564278
0.534690500,-1.803350443
0.535275500,-1.806136607
0.535860500,-1.804922771
0.536445500,-1.807708936
0.537030500,-1.810495100
0.537615500,-1.809281264
0.538200500,-1.808067429
0.538785500,-1.810853593
0.539370500,-1.809639757
0.539955500,-1.812425922
0.540540500,-1.815212086
0.541125500,-1.809998250
0.541710500,-1.812784415
0.542295500,-1.815570579
0.542880500,-1.814356744
0.543465500,-1.813142908
0.544050500,-1.815929072
0.544635500,-1.814715237
0.545220500,-1.813501401
0.545805500,-1.812287565
0.546390500,-1.815073730
0.546975500,-1.809859894
0.547560500,-1.812646058
0.548145500,-1.815432223
0.548730500,-1.814218387
0.549315500,-1.813004551
0.549900500,-1.811790716
0.550485600,-1.814578040
0.551070600,-1.809364204
0.551655600,-1.812150369
0.552240600,-1.810936533
0.552825600,-1.805722697
0.553410600,-1.808508862
0.553995600,-1.807295026
0.554580600,-1.810081190
0.555165600,-1.804867355
0.555750600,-1.803653519
0.556335600,-1.806439683
0.556920600,-1.801225848
0.557505600,-1.800012012
0.558090600,-1.802798176
0.558675600,-1.797584341
0.559260600,-1.796370505
0.559845600,-1.799156669
0.560430600,-1.797942834
0.561015600,-1.792728998
0.561600600,-1.795515162
0.562185600,-1.794301327
0.562770600,-1.789087491
0.563355600,-1.787873655
0.563940600,-1.790659820
0.564525600,-1.781445984
0.565110600,-1.784232148
0.565695600,-1.783018313
0.566280600,-1.777804477
0.566865600,-1.776590642
0.567450600,-1.779376806
0.568035600,-1.778162970
0.568620600,-1.772949135
0.569205600,-1.771735299
0.569790600,-1.774521463
0.570375600,-1.769307628
0.570960600,-1.768093792
0.571545600,-1.766879956
0.572130600,-1.761666121
0.572715600,-1.760452285
0.573300600,-1.763238449
0.573885600,-1.762024614
0.574470600,-1.756810778
0.575055600,-1.755596942
0.575640600,-1.758383107
0.576225600,-1.749169271
0.576810600,-1.751955435
0.577395600,-1.750741600
0.577980600,-1.745527764
0.578565600,-1.744313928
0.579150600,-1.747100093
0.579735600,-1.745886257
0.580320600,-1.740672421
0.580905600,-1.739458586
0.581490600,-1.738244750
0.582075600,-1.733030914
0.582660600,-1.735817079
0.583245600,-1.734603243
0.583830600,-1.729389407
0.584415600,-1.728175572
0.585000600,-1.726961736
0.585585600,-1.729747900
0.586170600,-1.724534065
0.586755600,-1.723320229
0.587340600,-1.722106393
0.587925600,-1.716892558
0.588510600,-1.715678722
0.589095600,-1.718464886
0.589680600,-1.713251051
0.590265600,-1.712037215
0.590850600,-1.710823379
0.591435600,-1.713609544
0.592020600,-1.708395708
0.592605600,-1.707181873
0.593190600,-1.705968037
0.593775600,-1.700754201
0.594360600,-1.699540366
0.594945600,-1.702326530
0.595530600,-1.697112694
0.596115600,-1.695898859
0.596700600,-1.694685023
0.597285600,-1.689471187
0.597870600,-1.688257352
0.598455600,-1.691043516
0.599040600,-1.689829680
0.599625600,-1.684615845
0.600210600,-1.683402009
0.600795600,-1.686188173
0.601380600,-1.676974338
0.601965600,-1.679760502
0.602550600,-1.678546666
0.603135600,-1.673332831
0.603720600,-1.672118995
0.604305600,-1.674905159
0.604890600,-1.673691324
0.605475600,-1.668477488
0.606060600,-1.667263652
0.606645600,-1.666049817
0.607230600,-1.660835981
0.607815600,-1.663622145
0.608400600,-1.662408310
0.608985600,-1.657194474
0.609570600,-1.655980638
0.610155600,-1.654766803
0.610740600,-1.657552967
0.611325600,-1.648339131
0.611910600,-1.651125296
0.612495600,-1.649911460
0.613080600,-1.644697624
0.613665600,-1.643483789
0.614250600,-1.642269953
0.614835600,-1.637056117
0.615420600,-1.635842282
0.616005600,-1.638628446
0.616590600,-1.637414610
0.617175600,-1.632200775
0.617760600,-1.630986939
0.618345600,-1.633773104
0.618930600,-1.624559268
0.619515600,-1.627345432
0.620100600,-1.626131597
0.620685600,-1.620917761
0.621270600,-1.619703925
0.621855600,-1.618490090
0.622440600,-1.613276254
0.623025600,-1.616062418
0.623610600,-1.614848583
0.624195600,-1.613634747
0.624780600,-1.608420911
0.625365600,-1.607207076
0.625950600,-1.609993240
0.626535600,-1.604779404
0.627120600,-1.603565569
0.627705600,-1.602351733
0.628290600,-1.597137897
0.628875600,-1.599924062
0.629460600,-1.598710226
0.630045600,-1.601496390
0.630630600,-1.592282555
0.631215600,-1.595068719
0.631800600,-1.593854883
0.632385600,-1.588641048
0.632970600,-1.591427212
0.633555600,-1.590213376
0.634140600,-1.584999541
0.634725600,-1.587785705
0.635310600,-1.590571869
0.635895600,-1.589358034
0.636480600,-1.584144198
0.637065600,-1.586930362
0.637650600,-1.585716527
0.638235600,-1.584502691
0.638820600,-1.583288855
0.639405600,-1.586075020
0.639990600,-1.580861184
0.640575600,-1.583647348
0.641160600,-1.582433513
0.641745600,-1.585219677
0.642330600,-1.580005842
0.642915600,-1.582792006
0.643500600,-1.585578170
0.644085600,-1.580364335
0.644670600,-1.583150499
0.645255600,-1.585936663
0.645840600,-1.580722828
0.646425600,-1.583508992
0.647010600,-1.586295156
0.647595600,-1.585081321
0.648180600,-1.583867485
0.648765600,-1.586653649
0.649350600,-1.589439814
0.649935600,-1.584225978
0.650520700,-1.587013302
0.651105700,-1.589799467
0.651690700,-1.588585631
0.652275700,-1.591371795
0.652860700,-1.590157960
0.653445700,-1.588944124
0.654030700,-1.591730288
0.654615700,-1.594516453
0.655200700,-1.597302617
0.655785700,-1.596088781
0.656370700,-1.598874946
0.656955700,-1.601661110
0.657540700,-1.600447274
0.658125700,-1.603233439
0.658710700,-1.602019603
0.659295700,-1.600805767
0.659880700,-1.603591932
0.660465700,-1.606378096
0.661050700,-1.609164260
0.661635700,-1.607950425
0.662220700,-1.610736589
0.662805700,-1.613522753
0.663390700,-1.612308918
0.663975700,-1.615095082
0.664560700,-1.617881246
0.665145700,-1.616667411
0.665730700,-1.619453575
0.666315700,-1.622239740
0.666900700,-1.625025904
0.667485700,-1.623812068
0.668070700,-1.626598233
0.668655700,-1.629384397
0.669240700,-1.628170561
0.669825700,-1.630956726
0.670410700,-1.633742890
0.670995700,-1.632529054
0.671580700,-1.635315219
0.672165700,-1.638101383
0.672750700,-1.640887547
0.673335700,-1.639673712
0.673920700,-1.642459876
0.674505700,-1.645246040
0.675090700,-1.644032205
0.675675700,-1.646818369
0.676260700,-1.649604533
0.676845700,-1.648390698
0.677430700,-1.651176862
0.678015700,-1.653963026
0.678600700,-1.652749191
0.679185700,-1.655535355
0.679770700,-1.658321519
0.680355700,-1.661107684
0.680940700,-1.659893848
0.681525700,-1.662680012
0.682110700,-1.665466177
0.682695700,-1.664252341
0.683280700,-1.667038505
0.683865700,-1.669824670
0.684450700,-1.664610834
0.685035700,-1.667396998
0.685620700,-1.670183163
0.686205700,-1.672969327
0.686790700,-1.671755491
0.687375700,-1.674541656
0.687960700,-1.677327820
0.688545700,-1.672113984
0.689130700,-1.674900149
0.689715700,-1.677686313
0.690300700,-1.676472477
0.690885700,-1.679258642
0.691470700,-1.678044806
0.692055700,-1.680830971
0.692640700,-1.679617135
0.693225700,-1.682403299
0.693810700,-1.681189464
0.694395700,-1.679975628
0.694980700,-1.682761792
0.695565700,-1.685547957
0.696150700,-1.680334121
0.696735700,-1.683120285
0.697320700,-1.685906450
0.697905700,-1.688692614
0.698490700,-1.683478778
0.699075700,-1.686264943
0.699660700,-1.689051107
0.700245700,-1.683837271
0.700830700,-1.686623436
0.701415700,-1.689409600
0.702000700,-1.684195764
0.702585700,-1.686981929
0.703170700,-1.689768093
0.703755700,-1.684554257
0.704340700,-1.687340422
0.704925700,-1.690126586
0.705510700,-1.688912750
0.706095700,-1.687698915
0.706680700,-1.690485079
0.707265700,-1.689271243
0.707850700,-1.688057408
0.708435700,-1.690843572
0.709020700,-1.689629736
0.709605700,-1.688415901
0.710190700,-1.691202065
0.710775700,-1.689988229
0.711360700,-1.692774394
0.711945700,-1.691560558
0.712530700,-1.690346722
0.713115700,-1.693132887
0.713700700,-1.691919051
0.714285700,-1.690705215
0.714870700,-1.693491380
0.715455700,-1.692277544
0.716040700,-1.691063708
0.716625700,-1.693849873
0.717210700,-1.696636037
0.717795700,-1.691422202
0.718380700,-1.694208366
0.718965700,-1.696994530
0.719550700,-1.691780695
0.720135700,-1.694566859
0.720720700,-1.697353023
0.721305700,-1.692139188
0.721890700,-1.694925352
0.722475700,-1.697711516
0.723060700,-1.700497681
0.723645700,-1.695283845
0.724230700,-1.698070009
0.724815700,-1.696856174
0.725400700,-1.695642338
0.725985700,-1.698428502
0.726570700,-1.697214667
0.727155700,-1.696000831
0.727740700,-1.694786995
0.728325700,-1.697573160
0.728910700,-1.700359324
0.729495700,-1.695145488
0.730080700,-1.697931653
0.730665700,-1.696717817
0.731250700,-1.695503981
0.731835700,-1.694290146
0.732420700,-1.697076310
0.733005700,-1.691862474
0.733590700,-1.694648639
0.734175700,-1.697434803
0.734760700,-1.692220967
0.735345700,-1.691007132
0.735930700,-1.693793296
0.736515700,-1.696579460
0.737100700,-1.691365625
0.737685700,-1.690151789
0.738270700,-1.692937953
0.738855700,-1.687724118
0.739440700,-1.686510282
0.740025700,-1.689296446
0.740610700,-1.684082611
0.741195700,-1.682868775
0.741780700,-1.685654939
0.742365700,-1.684441104
0.742950700,-1.679227268
0.743535700,-1.682013433
0.744120700,-1.680799597
0.744705700,-1.675585761
0.745290700,-1.678371926
0.745875700,-1.677158090
0.746460700,-1.671944254
0.747045700,-1.670730419
0.747630700,-1.673516583
0.748215700,-1.672302747
0.748800700,-1.667088912
0.749385700,-1.665875076
0.749970700,-1.668661240
0.750555800,-1.663448565
0.751140800,-1.662234729
0.751725800,-1.661020893
0.752310800,-1.655807058
0.752895800,-1.654593222
0.753480800,-1.657379386
0.754065800,-1.656165551
0.754650800,-1.650951715
0.755235800,-1.649737879
0.755820800,-1.652524044
0.756405800,-1.643310208
0.756990800,-1.646096372
0.757575800,-1.644882537
0.758160800,-1.635668701
0.758745800,-1.638454865
0.759330800,-1.637241030
0.759915800,-1.632027194
0.760500800,-1.630813358
0.761085800,-1.629599523
0.761670800,-1.632385687
0.762255800,-1.623171851
0.762840800,-1.625958016
0.763425800,-1.624744180
0.764010800,-1.619530344
0.764595800,-1.618316509
0.765180800,-1.617102673
0.765765800,-1.611888838
0.766350800,-1.610675002
0.766935800,-1.613461166
0.767520800,-1.612247331
0.768105800,-1.603033495
0.768690800,-1.605819659
0.769275800,-1.604605824
0.769860800,-1.599391988
0.770445800,-1.598178152
0.771030800,-1.596964317
0.771615800,-1.591750481
0.772200800,-1.590536645
0.772785800,-1.593322810
0.773370800,-1.592108974
0.773955800,-1.586895138
0.774540800,-1.585681303
0.775125800,-1.584467467
0.775710800,-1.579253631
0.776295800,-1.578039796
0.776880800,-1.580825960
0.777465800,-1.571612124
0.778050800,-1.574398289
0.778635800,-1.573184453
0.779220800,-1.571970617
0.779805800,-1.566756782
0.780390800,-1.565542946
0.780975800,-1.568329110
0.781560800,-1.559115275
0.782145800,-1.561901439
0.782730800,-1.560687603
0.783315800,-1.555473768
0.783900800,-1.554259932
0.784485800,-1.553046096
0.785070800,-1.547832261
0.785655800,-1.546618425
0.786240800,-1.549404589
0.786825800,-1.548190754
0.787410800,-1.542976918
0.787995800,-1.541763082
0.788580800,-1.540549247
0.789165800,-1.535335411
0.789750800,-1.534121575
0.790335800,-1.532907740
0.790920800,-1.527693904
0.791505800,-1.526480069
0.792090800,-1.525266233
0.792675800,-1.528052397
0.793260800,-1.518838562
0.793845800,-1.521624726
0.794430800,-1.520410890
0.795015800,-1.511197055
0.795600800,-1.513983219
0.796185800,-1.512769383
0.796770800,-1.503555548
0.797355800,-1.506341712
0.797940800,-1.505127876
0.798525800,-1.503914041
0.799110800,-1.498700205
0.799695800,-1.497486369
0.800280800,-1.496272534
0.800865800,-1.491058698
0.801450800,-1.489844862
0.802035800,-1.492631027
0.802620800,-1.483417191
0.803205800,-1.482203355
0.803790800,-1.484989520
0.804375800,-1.483775684
0.804960800,-1.478561848
0.805545800,-1.477348013
0.806130800,-1.476134177
0.806715800,-1.470920341
0.807300800,-1.473706506
0.807885800,-1.472492670
0.808470800,-1.467278834
0.809055800,-1.466064999
0.809640800,-1.464851163
0.810225800,-1.467637327
0.810810800,-1.462423492
0.811395800,-1.461209656
0.811980800,-1.459995820
0.812565800,-1.454781985
0.813150800,-1.457568149
0.813735800,-1.456354313
0.814320800,-1.451140478
0.814905800,-1.453926642
0.815490800,-1.452712806
0.816075800,-1.447498971
0.816660800,-1.450285135
0.817245800,-1.449071300
0.817830800,-1.451857464
0.818415800,-1.446643628
0.819000800,-1.445429793
0.819585800,-1.448215957
0.820170800,-1.443002121
0.820755800,-1.441788286
0.821340800,-1.444574450
0.821925800,-1.439360614
0.822510800,-1.438146779
0.823095800,-1.440932943
0.823680800,-1.443719107
0.824265800,-1.438505272
0.824850800,-1.437291436
0.825435800,-1.440077600
0.826020800,-1.434863765
0.826605800,-1.433649929
0.827190800,-1.436436093
0.827775800,-1.431222258
0.828360800,-1.434008422
0.828945800,-1.432794586
0.829530800,-1.435580751
0.830115800,-1.430366915
0.830700800,-1.429153079
0.831285800,-1.431939244
0.831870800,-1.426725408
0.832455800,-1.429511572
0.833040800,-1.428297737
0.833625800,-1.423083901
0.834210800,-1.425870065
0.834795800,-1.424656230
0.835380800,-1.427442394
0.835965800,-1.422228558
0.836550800,-1.421014723
0.837135800,-1.423800887
0.837720800,-1.418587051
0.838305800,-1.417373216
0.838890800,-1.420159380
0.839475800,-1.414945544
0.840060800,-1.417731709
0.840645800,-1.416517873
0.841230800,-1.411304037
0.841815800,-1.414090202
0.842400800,-1.412876366
0.842985800,-1.415662531
0.843570800,-1.410448695
0.844155800,-1.409234859
0.844740800,-1.412021024
0.845325800,-1.406807188
0.845910800,-1.405593352
0.846495800,-1.408379517
0.847080800,-1.403165681
0.847665800,-1.405951845
0.848250800,-1.404738010
0.848835800,-1.407524174
0.849420800,-1.402310338
0.850005900,-1.401097663
0.850590900,-1.403883827
0.851175900,-1.398669991
0.851760900,-1.401456156
0.852345900,-1.400242320
0.852930900,-1.395028484
0.853515900,-1.397814649
0.854100900,-1.396600813
0.854685900,-1.399386977
0.855270900,-1.394173142
0.855855900,-1.396959306
0.856440900,-1.399745470
0.857025900,-1.394531635
0.857610900,-1.397317799
0.858195900,-1.396103963
0.858780900,-1.394890128
0.859365900,-1.393676292
0.859950900,-1.396462456
0.860535900,-1.399248621
0.861120900,-1.394034785
0.861705900,-1.396820949
0.862290900,-1.395607114
0.862875900,-1.394393278
0.863460900,-1.397179442
0.864045900,-1.399965607
0.864630900,-1.394751771
0.865215900,-1.397537936
0.865800900,-1.400324100
0.866385900,-1.403110264
0.866970900,-1.397896429
0.867555900,-1.400682593
0.868140900,-1.403468757
0.868725900,-1.402254922
0.869310900,-1.405041086
0.869895900,-1.403827250
0.870480900,-1.402613415
0.871065900,-1.405399579
0.871650900,-1.408185743
0.872235900,-1.406971908
0.872820900,-1.409758072
0.873405900,-1.412544236
0.873990900,-1.415330401
0.874575900,-1.414116565
0.875160900,-1.416902729
0.875745900,-1.419688894
0.876330900,-1.422475058
0.876915900,-1.425261222
0.877500900,-1.428047387
0.878085900,-1.426833551
0.878670900,-1.429619715
0.879255900,-1.432405880
0.879840900,-1.439192044
0.880425900,-1.437978208
0.881010900,-1.440764373
0.881595900,-1.443550537
0.882180900,-1.446336701
0.882765900,-1.449122866
0.883350900,-1.451909030
0.883935900,-1.454695194
0.884520900,-1.457481359
0.885105900,-1.464267523
0.885690900,-1.467053687
0.886275900,-1.469839852
0.886860900,-1.472626016
0.887445900,-1.479412180
0.888030900,-1.478198345
0.888615900,-1.484984509
0.889200900,-1.487770673
0.889785900,-1.490556838
0.890370900,-1.497343002
0.890955900,-1.500129167
0.891540900,-1.506915331
0.892125900,-1.509701495
0.892710900,-1.512487660
0.893295900,-1.519273824
0.893880900,-1.522059988
0.894465900,-1.524846153
0.895050900,-1.531632317
0.895635900,-1.534418481
0.896220900,-1.537204646
0.896805900,-1.543990810
0.897390900,-1.546776974
0.897975900,-1.549563139
0.898560900,-1.556349303
0.899145900,-1.559135467
0.899730900,-1.561921632
0.900315900,-1.568707796
0.900900900,-1.571493960
0.901485900,-1.574280125
0.902070900,-1.581066289
0.902655900,-1.583852453
0.903240900,-1.586638618
0.903825900,-1.593424782
0.904410900,-1.596210946
0.904995900,-1.602997111
0.905580900,-1.601783275
0.906165900,-1.608569439
0.906750900,-1.611355604
0.907335900,-1.614141768
0.907920900,-1.616927932
0.908505900,-1.623714097
0.909090900,-1.622500261
0.909675900,-1.629286425
0.910260900,-1.632072590
0.910845900,-1.634858754
0.911430900,-1.637644918
0.912015900,-1.640431083
0.912600900,-1.643217247
0.913185900,-1.646003411
0.913770900,-1.648789576
0.914355900,-1.651575740
0.914940900,-1.650361904
0.915525900,-1.653148069
0.916110900,-1.655934233
0.916695900,-1.658720398
0.917280900,-1.657506562
0.917865900,-1.660292726
0.918450900,-1.663078891
0.919035900,-1.661865055
0.919620900,-1.664651219
0.920205900,-1.667437384
0.920790900,-1.662223548
0.921375900,-1.665009712
0.921960900,-1.667795877
0.922545900,-1.666582041
0.923130900,-1.665368205
0.923715900,-1.668154370
0.924300900,-1.670940534
0.924885900,-1.665726698
0.925470900,-1.668512863
0.926055900,-1.667299027
0.926640900,-1.666085191
0.927225900,-1.664871356
0.927810900,-1.667657520
0.928395900,-1.662443684
0.928980900,-1.665229849
0.929565900,-1.664016013
0.930150900,-1.666802177
0.930735900,-1.661588342
0.931320900,-1.660374506
0.931905900,-1.663160670
0.932490900,-1.657946835
0.933075900,-1.656732999
0.933660900,-1.655519163
0.934245900,-1.650305328
0.934830900,-1.653091492
0.935415900,-1.651877656
0.936000900,-1.650663821
0.936585900,-1.645449985
0.937170900,-1.648236149
0.937755900,-1.647022314
0.938340900,-1.641808478
0.938925900,-1.640594642
0.939510900,-1.639380807
0.940095900,-1.634166971
0.940680900,-1.632953135
0.941265900,-1.635739300
0.941850900,-1.634525464
0.942435900,-1.629311629
0.943020900,-1.628097793
0.943605900,-1.626883957
0.944190900,-1.621670122
0.944775900,-1.620456286
0.945360900,-1.623242450
0.945945900,-1.614028615
0.946530900,-1.616814779
0.947115900,-1.615600943
0.947700900,-1.614387108
0.948285900,-1.609173272
0.948870900,-1.607959436
0.949455900,-1.606745601
0.950041000,-1.601532925
0.950626000,-1.600319089
0.951211000,-1.603105254
0.951796000,-1.593891418
0.952381000,-1.596677582
0.952966000,-1.595463747
0.953551000,-1.590249911
0.954136000,-1.589036075
0.954721000,-1.587822240
0.955306000,-1.590608404
0.955891000,-1.581394568
0.956476000,-1.584180733
0.957061000,-1.582966897
0.957646000,-1.577753061
0.958231000,-1.576539226
0.958816000,-1.575325390
0.959401000,-1.570111554
0.959986000,-1.568897719
0.960571000,-1.571683883
0.961156000,-1.570470047
0.961741000,-1.565256212
0.962326000,-1.564042376
0.962911000,-1.562828540
0.963496000,-1.557614705
0.964081000,-1.556400869
0.964666000,-1.559187033
0.965251000,-1.549973198
0.965836000,-1.552759362
0.966421000,-1.551545527
0.967006000,-1.550331691
0.967591000,-1.545117855
0.968176000,-1.543904020
0.968761000,-1.546690184
0.969346000,-1.537476348
0.969931000,-1.540262513
0.970516000,-1.539048677
0.971101000,-1.533834841
0.971686000,-1.532621006
0.972271000,-1.531407170
0.972856000,-1.534193334
0.973441000,-1.524979499
0.974026000,-1.527765663
0.974611000,-1.526551827
0.975196000,-1.521337992
0.975781000,-1.520124156
0.976366000,-1.518910320
0.976951000,-1.513696485
0.977536000,-1.512482649
0.978121000,-1.515268813
0.978706000,-1.506054978
0.979291000,-1.508841142
0.979876000,-1.507627306
0.980461000,-1.510413471
0.981046000,-1.501199635
0.981631000,-1.503985799
0.982216000,-1.502771964
0.982801000,-1.497558128
0.983386000,-1.496344292
0.983971000,-1.495130457
0.984556000,-1.489916621
0.985141000,-1.492702785
0.985726000,-1.491488950
0.986311000,-1.490275114
0.986896000,-1.485061278
0.987481000,-1.483847443
0.988066000,-1.486633607
0.988651000,-1.481419771
0.989236000,-1.480205936
0.989821000,-1.478992100
0.990406000,-1.473778265
0.990991000,-1.472564429
0.991576000,-1.475350593
0.992161000,-1.474136758
0.992746000,-1.468922922
0.993331000,-1.467709086
0.993916000,-1.470495251
0.994501000,-1.465281415
0.995086000,-1.464067579
0.995671000,-1.466853744
0.996256000,-1.457639908
0.996841000,-1.460426072
0.997426000,-1.459212237
0.998011000,-1.461998401
0.998596000,-1.452784565
0.999181000,-1.455570730
0.999766000,-1.454356894
1.000351000,-1.449143058
1.000936000,-1.451929223
1.001521000,-1.450715387
1.002106000,-1.445501551
1.002691000,-1.444287716
1.003276000,-1.447073880
1.003861000,-1.445860044
1.004446000,-1.440646209
1.005031000,-1.443432373
1.005616000,-1.442218537
1.006201000,-1.437004702
1.006786000,-1.439790866
1.007371000,-1.438577030
1.007956000,-1.433363195
1.008541000,-1.436149359
1.009126000,-1.434935523
1.009711000,-1.429721688
1.010296000,-1.432507852
1.010881000,-1.431294016
1.011466000,-1.434080181
1.012051000,-1.428866345
1.012636000,-1.431652509
1.013221000,-1.430438674
1.013806000,-1.425224838
1.014391000,-1.428011002
1.014976000,-1.430797167
1.015561000,-1.425583331
1.016146000,-1.424369496
1.016731000,-1.427155660
1.017316000,-1.429941824
1.017901000,-1.424727989
1.018486000,-1.427514153
1.019071000,-1.426300317
1.019656000,-1.425086482
1.020241000,-1.423872646
1.020826000,-1.426658810
1.021411000,-1.421444975
1.021996000,-1.424231139
1.022581000,-1.427017303
1.023166000,-1.425803468
1.023751000,-1.424589632
1.024336000,-1.427375796
1.024921000,-1.426161961
1.025506000,-1.424948125
1.026091000,-1.427734289
1.026676000,-1.430520454
1.027261000,-1.425306618
1.027846000,-1.428092782
1.028431000,-1.430878947
1.029016000,-1.433665111
1.029601000,-1.428451275
1.030186000,-1.431237440
1.030771000,-1.434023604
1.031356000,-1.432809768
1.031941000,-1.435595933
1.032526000,-1.438382097
1.033111000,-1.433168261
1.033696000,-1.435954426
1.034281000,-1.438740590
1.034866000,-1.437526754
1.035451000,-1.440312919
1.036036000,-1.443099083
1.036621000,-1.445885247
1.037206000,-1.444671412
1.037791000,-1.447457576
1.038376000,-1.450243740
1.038961000,-1.449029905
1.039546000,-1.451816069
1.040131000,-1.454602233
1.040716000,-1.453388398
1.041301000,-1.456174562
1.041886000,-1.458960727
1.042471000,-1.461746891
1.043056000,-1.460533055
1.043641000,-1.463319220
1.044226000,-1.466105384
1.044811000,-1.464891548
1.045396000,-1.467677713
1.045981000,-1.470463877
1.046566000,-1.469250041
1.047151000,-1.472036206
1.047736000,-1.474822370
1.048321000,-1.477608534
1.048906000,-1.476394699
1.049491000,-1.479180863
1.050076100,-1.481968187
1.050661100,-1.480754352
1.051246100,-1.483540516
1.051831100,-1.486326680
1.052416100,-1.485112845
1.053001100,-1.487899009
1.053586100,-1.490685173
1.054171100,-1.493471338
1.054756100,-1.492257502
1.055341100,-1.495043666
1.055926100,-1.497829831
1.056511100,-1.496615995
1.057096100,-1.495402159
1.057681100,-1.498188324
1.058266100,-1.496974488
1.058851100,-1.499760652
1.059436100,-1.502546817
1.060021100,-1.497332981
1.060606100,-1.500119145
1.061191100,-1.502905310
1.061776100,-1.505691474
1.062361100,-1.500477638
1.062946100,-1.503263803
1.063531100,-1.502049967
1.064116100,-1.496836131
1.064701100,-1.499622296
1.065286100,-1.502408460
1.065871100,-1.497194625
1.066456100,-1.495980789
1.067041100,-1.498766953
1.067626100,-1.497553118
1.068211100,-1.492339282
1.068796100,-1.491125446
1.069381100,-1.493911611
1.069966100,-1.484697775
1.070551100,-1.487483939
1.071136100,-1.486270104
1.071721100,-1.481056268
1.072306100,-1.479842432
1.072891100,-1.478628597
1.073476100,-1.477414761
1.074061100,-1.468200925
1.074646100,-1.466987090
1.075231100,-1.469773254
1.075816100,-1.460559418
1.076401100,-1.459345583
1.076986100,-1.458131747
1.077571100,-1.448917911
1.078156100,-1.443704076
1.078741100,-1.442490240
1.079326100,-1.441276404
1.079911100,-1.432062569
1.080496100,-1.430848733
1.081081100,-1.429634897
1.081666100,-1.416421062
1.082251100,-1.415207226
1.082836100,-1.413993390
1.083421100,-1.400779555
1.084006100,-1.399565719
1.084591100,-1.394351883
1.085176100,-1.393138048
1.085761100,-1.379924212
1.086346100,-1.378710376
1.086931100,-1.373496541
1.087516100,-1.360282705
1.088101100,-1.359068869
1.088686100,-1.357855034
1.089271100,-1.344641198
1.089856100,-1.339427362
1.090441100,-1.338213527
1.091026100,-1.324999691
1.091611100,-1.319785856
1.092196100,-1.318572020
1.092781100,-1.313358184
1.093366100,-1.300144349
1.093951100,-1.294930513
1.094536100,-1.293716677
1.095121100,-1.280502842
1.095706100,-1.275289006
1.096291100,-1.270075170
1.096876100,-1.256861335
1.097461100,-1.255647499
1.098046100,-1.250433663
1.098631100,-1.245219828
1.099216100,-1.232005992
1.099801100,-1.226792156
1.100386100,-1.225578321
1.100971100,-1.208364485
1.101556100,-1.203150649
1.102141100,-1.201936814
1.102726100,-1.184722978
1.103311100,-1.183509142
1.103896100,-1.178295307
1.104481100,-1.173081471
1.105066100,-1.159867635
1.105651100,-1.154653800
1.106236100,-1.149439964
1.106821100,-1.132226128
1.107406100,-1.131012293
1.107991100,-1.125798457
1.108576100,-1.108584621
1.109161100,-1.103370786
1.109746100,-1.098156950
1.110331100,-1.096943114
1.110916100,-1.079729279
1.111501100,-1.074515443
1.112086100,-1.069301607
1.112671100,-1.052087772
1.113256100,-1.046873936
1.113841100,-1.041660100
1.114426100,-1.024446265
1.115011100,-1.019232429
1.115596100,-1.014018594
1.116181100,-1.000804758
1.116766100,-0.995590922
1.117351100,-0.990377087
1.117936100,-0.981163251
1.118521100,-0.963949415
1.119106100,-0.958735580
1.119691100,-0.953521744
1.120276100,-0.936307908
1.120861100,-0.931094073
1.121446100,-0.925880237
1.122031100,-0.908666401
1.122616100,-0.903452566
1.123201100,-0.898238730
1.123786100,-0.889024894
1.124371100,-0.871811059
1.124956100,-0.866597223
1.125541100,-0.861383387
1.126126100,-0.844169552
1.126711100,-0.838955716
1.127296100,-0.829741880
1.127881100,-0.812528045
1.128466100,-0.807314209
1.129051100,-0.802100373
1.129636100,-0.796886538
1.130221100,-0.775672702
1.130806100,-0.770458866
1.131391100,-0.765245031
1.131976100,-0.744031195
1.132561100,-0.738817359
1.133146100,-0.733603524
1.133731100,-0.716389688
1.134316100,-0.711175852
1.134901100,-0.701962017
1.135486100,-0.696748181
1.136071100,-0.679534345
1.136656100,-0.674320510
1.137241100,-0.665106674
1.137826100,-0.647892838
1.138411100,-0.642679003
1.138996100,-0.637465167
1.139581100,-0.616251331
1.140166100,-0.611037496
1.140751100,-0.605823660
1.141336100,-0.600609825
1.141921100,-0.583395989
1.142506100,-0.578182153
1.143091100,-0.568968318
1.143676100,-0.551754482
1.144261100,-0.546540646
1.144846100,-0.541326811
1.145431100,-0.524112975
1.146016100,-0.518899139
1.146601100,-0.513685304
1.147186100,-0.492471468
1.147771100,-0.487257632
1.148356100,-0.482043797
1.148941100,-0.476829961
1.149526100,-0.459616125
1.150111200,-0.454403450
1.150696200,-0.449189614
1.151281200,-0.431975778
1.151866200,-0.426761943
1.152451200,-0.421548107
1.153036200,-0.404334271
1.153621200,-0.399120436
1.154206200,-0.393906600
1.154791200,-0.392692764
1.155376200,-0.375478929
1.155961200,-0.370265093
1.156546200,-0.365051257
1.157131200,-0.347837422
1.157716200,-0.342623586
1.158301200,-0.337409750
1.158886200,-0.324195915
1.159471200,-0.318982079
1.160056200,-0.313768243
1.160641200,-0.308554408
1.161226200,-0.295340572
1.161811200,-0.290126736
1.162396200,-0.284912901
1.162981200,-0.267699065
1.163566200,-0.266485229
1.164151200,-0.261271394
1.164736200,-0.248057558
1.165321200,-0.242843723
1.165906200,-0.237629887
1.166491200,-0.232416051
1.167076200,-0.219202216
1.167661200,-0.213988380
1.168246200,-0.212774544
1.168831200,-0.195560709
1.169416200,-0.194346873
1.170001200,-0.189133037
1.170586200,-0.175919202
1.171171200,-0.170705366
1.171756200,-0.169491530
1.172341200,-0.156277695
1.172926200,-0.151063859
1.173511200,-0.145850023
1.174096200,-0.144636188
1.174681200,-0.131422352
1.175266200,-0.126208516
1.175851200,-0.124994681
1.176436200,-0.111780845
1.177021200,-0.106567009
1.177606200,-0.105353174
1.178191200,-0.092139338
1.178776200,-0.090925502
1.179361200,-0.085711667
1.179946200,-0.084497831
1.180531200,-0.071283995
1.181116200,-0.070070160
1.181701200,-0.064856324
1.182286200,-0.055642488
1.182871200,-0.050428653
1.183456200,-0.049214817
1.184041200,-0.036000981
1.184626200,-0.034787146
1.185211200,-0.033573310
1.185796200,-0.032359474
1.186381200,-0.019145639
1.186966200,-0.017931803
1.187551200,-0.016717967
1.188136200,-0.003504132
1.188721200,-0.002290296
1.189306200,-0.001076460
1.189891200,0.008137375
1.190476200,0.009351211
1.191061200,0.014565046
1.191646200,0.015778882
1.192231200,0.024992718
1.192816200,0.026206553
1.193401200,0.027420389
1.193986200,0.036634225
1.194571200,0.037848060
1.195156200,0.039061896
1.195741200,0.048275732
1.196326200,0.049489567
1.196911200,0.050703403
1.197496200,0.059917239
1.198081200,0.061131074
1.198666200,0.062344910
1.199251200,0.063558746
1.199836200,0.068772581
1.200421200,0.069986417
1.201006200,0.071200253
1.201591200,0.080414088
1.202176200,0.081627924
1.202761200,0.082841760
1.203346200,0.088055595
1.203931200,0.089269431
1.204516200,0.090483267
1.205101200,0.091697102
1.205686200,0.096910938
1.206271200,0.098124774
1.206856200,0.099338609
1.207441200,0.104552445
1.208026200,0.105766281
1.208611200,0.106980116
1.209196200,0.112193952
1.209781200,0.113407788
1.210366200,0.114621623
1.210951200,0.115835459
1.211536200,0.121049295
1.212121200,0.122263130
1.212706200,0.119476966
1.213291200,0.128690802
1.213876200,0.129904637
1.214461200,0.127118473
1.215046200,0.136332309
1.215631200,0.133546144
1.216216200,0.134759980
1.216801200,0.135973815
1.217386200,0.141187651
1.217971200,0.142401487
1.218556200,0.143615322
1.219141200,0.148829158
1.219726200,0.150042994
1.220311200,0.151256829
1.220896200,0.156470665
1.221481200,0.157684501
1.222066200,0.158898336
1.222651200,0.156112172
1.223236200,0.165326008
1.223821200,0.166539843
1.224406200,0.163753679
1.224991200,0.172967515
1.225576200,0.174181350
1.226161200,0.175395186
1.226746200,0.180609022
1.227331200,0.181822857
1.227916200,0.183036693
1.228501200,0.188250529
1.229086200,0.189464364
1.229671200,0.190678200
1.230256200,0.191892036
1.230841200,0.197105871
1.231426200,0.198319707
1.232011200,0.199533543
1.232596200,0.208747378
1.233181200,0.205961214
1.233766200,0.207175050
1.234351200,0.216388885
1.234936200,0.217602721
1.235521200,0.214816557
1.236106200,0.216030392
1.236691200,0.225244228
1.237276200,0.226458064
1.237861200,0.227671899
1.238446200,0.232885735
1.239031200,0.234099571
1.239616200,0.235313406
1.240201200,0.244527242
1.240786200,0.241741077
1.241371200,0.242954913
1.241956200,0.244168749
1.242541200,0.253382584
1.243126200,0.254596420
1.243711200,0.251810256
1.244296200,0.261024091
1.244881200,0.262237927
1.245466200,0.263451763
1.246051200,0.268665598
1.246636200,0.269879434
1.247221200,0.271093270
1.247806200,0.272307105
1.248391200,0.277520941
1.248976200,0.278734777
1.249561200,0.279948612
1.250146300,0.285161288
1.250731300,0.286375124
1.251316300,0.287588959
1.251901300,0.292802795
1.252486300,0.294016631
1.253071300,0.291230466
1.253656300,0.300444302
1.254241300,0.301658138
1.254826300,0.298871973
1.255411300,0.300085809
1.255996300,0.305299645
1.256581300,0.306513480
1.257166300,0.303727316
1.257751300,0.312941152
1.258336300,0.310154987
1.258921300,0.311368823
1.259506300,0.316582659
1.260091300,0.317796494
1.260676300,0.315010330
1.261261300,0.316224166
1.261846300,0.321438001
1.262431300,0.318651837
1.263016300,0.319865673
1.263601300,0.325079508
1.264186300,0.326293344
1.264771300,0.323507179
1.265356300,0.328721015
1.265941300,0.329934851
1.266526300,0.327148686
1.267111300,0.328362522
1.267696300,0.329576358
1.268281300,0.330790193
1.268866300,0.328004029
1.269451300,0.333217865
1.270036300,0.334431700
1.270621300,0.331645536
1.271206300,0.336859372
1.271791300,0.338073207
1.272376300,0.335287043
1.272961300,0.332500879
1.273546300,0.337714714
1.274131300,0.338928550
1.274716300,0.336142386
1.275301300,0.341356221
1.275886300,0.342570057
1.276471300,0.339783893
1.277056300,0.344997728
1.277641300,0.342211564
1.278226300,0.343425400
1.278811300,0.348639235
1.279396300,0.345853071
1.279981300,0.343066907
1.280566300,0.344280742
1.281151300,0.349494578
1.281736300,0.346708414
1.282321300,0.347922249
1.282906300,0.353136085
1.283491300,0.350349921
1.284076300,0.347563756
1.284661300,0.352777592
1.285246300,0.353991428
1.285831300,0.351205263
1.286416300,0.352419099
1.287001300,0.357632935
1.287586300,0.354846770
1.288171300,0.356060606
1.288756300,0.361274442
1.289341300,0.358488277
1.289926300,0.359702113
1.290511300,0.364915948
1.291096300,0.362129784
1.291681300,0.363343620
1.292266300,0.360557455
1.292851300,0.365771291
1.293436300,0.366985127
1.294021300,0.364198962
1.294606300,0.373412798
1.295191300,0.370626634
1.295776300,0.371840469
1.296361300,0.377054305
1.296946300,0.374268141
1.297531300,0.375481976
1.298116300,0.372695812
1.298701300,0.381909648
1.299286300,0.379123483
1.299871300,0.380337319
1.300456300,0.385551155
1.301041300,0.382764990
1.301626300,0.383978826
1.302211300,0.389192662
1.302796300,0.390406497
1.303381300,0.387620333
1.303966300,0.388834169
1.304551300,0.394048004
1.305136300,0.395261840
1.305721300,0.392475676
1.306306300,0.401689511
1.306891300,0.398903347
1.307476300,0.400117183
1.308061300,0.405331018
1.308646300,0.402544854
1.309231300,0.403758690
1.309816300,0.408972525
1.310401300,0.410186361
1.310986300,0.407400197
1.311571300,0.408614032
1.312156300,0.413827868
1.312741300,0.415041704
1.313326300,0.412255539
1.313911300,0.421469375
1.314496300,0.418683211
1.315081300,0.419897046
1.315666300,0.425110882
1.316251300,0.422324717
1.316836300,0.423538553
1.317421300,0.420752389
1.318006300,0.429966224
1.318591300,0.427180060
1.319176300,0.428393896
1.319761300,0.433607731
1.320346300,0.430821567
1.320931300,0.432035403
1.321516300,0.437249238
1.322101300,0.434463074
1.322686300,0.435676910
1.323271300,0.436890745
1.323856300,0.442104581
1.324441300,0.439318417
1.325026300,0.440532252
1.325611300,0.445746088
1.326196300,0.442959924
1.326781300,0.444173759
1.327366300,0.445387595
1.327951300,0.446601431
1.328536300,0.443815266
1.329121300,0.445029102
1.329706300,0.450242938
1.330291300,0.447456773
1.330876300,0.448670609
1.331461300,0.453884445
1.332046300,0.451098280
1.332631300,0.448312116
1.333216300,0.453525952
1.333801300,0.454739787
1.334386300,0.451953623
1.334971300,0.457167459
1.335556300,0.454381294
1.336141300,0.455595130
1.336726300,0.452808966
1.337311300,0.458022801
1.337896300,0.455236637
1.338481300,0.456450473
1.339066300,0.457664308
1.339651300,0.458878144
1.340236300,0.456091980
1.340821300,0.461305815
1.341406300,0.458519651
1.341991300,0.455733486
1.342576300,0.452947322
1.343161300,0.458161158
1.343746300,0.455374993
1.344331300,0.456588829
1.344916300,0.457802665
1.345501300,0.455016500
1.346086300,0.456230336
1.346671300,0.457444172
1.347256300,0.454658007
1.347841300,0.451871843
1.348426300,0.453085679
1.349011300,0.454299514
1.349596300,0.451513350
1.350181400,0.448726026
1.350766400,0.453939861
1.351351400,0.451153697
1.351936400,0.448367533
1.352521400,0.449581368
1.353106400,0.446795204
1.353691400,0.448009040
1.354276400,0.445222875
1.354861400,0.446436711
1.355446400,0.443650547
1.356031400,0.440864382
1.356616400,0.442078218
1.357201400,0.439292054
1.357786400,0.436505889
1.358371400,0.437719725
1.358956400,0.434933561
1.359541400,0.432147396
1.360126400,0.429361232
1.360711400,0.430575068
1.361296400,0.427788903
1.361881400,0.425002739
1.362466400,0.426216575
1.363051400,0.423430410
1.363636400,0.420644246
1.364221400,0.421858081
1.364806400,0.419071917
1.365391400,0.416285753
1.365976400,0.417499588
1.366561400,0.414713424
1.367146400,0.411927260
1.367731400,0.405141095
1.368316400,0.406354931
1.368901400,0.403568767
1.369486400,0.400782602
1.370071400,0.397996438
1.370656400,0.395210274
1.371241400,0.392424109
1.371826400,0.393637945
1.372411400,0.390851781
1.372996400,0.384065616
1.373581400,0.381279452
1.374166400,0.382493288
1.374751400,0.375707123
1.375336400,0.372920959
1.375921400,0.370134795
1.376506400,0.367348630
1.377091400,0.364562466
1.377676400,0.361776302
1.378261400,0.358990137
1.378846400,0.356203973
1.379431400,0.349417809
1.380016400,0.346631644
1.380601400,0.343845480
1.381186400,0.341059316
1.381771400,0.338273151
1.382356400,0.331486987
1.382941400,0.328700823
1.383526400,0.325914658
1.384111400,0.323128494
1.384696400,0.316342330
1.385281400,0.313556165
1.385866400,0.310770001
1.386451400,0.303983837
1.387036400,0.301197672
1.387621400,0.298411508
1.388206400,0.291625344
1.388791400,0.288839179
1.389376400,0.286053015
1.389961400,0.279266850
1.390546400,0.272480686
1.391131400,0.269694522
1.391716400,0.266908357
1.392301400,0.260122193
1.392886400,0.257336029
1.393471400,0.250549864
1.394056400,0.247763700
1.394641400,0.240977536
1.395226400,0.238191371
1.395811400,0.231405207
1.396396400,0.228619043
1.396981400,0.221832878
1.397566400,0.219046714
1.398151400,0.212260550
1.398736400,0.205474385
1.399321400,0.202688221
1.399906400,0.195902057
1.400491400,0.189115892
1.401076400,0.186329728
1.401661400,0.179543564
1.402246400,0.176757399
1.402831400,0.169971235
1.403416400,0.163185071
1.404001400,0.160398906
1.404586400,0.153612742
1.405171400,0.146826578
1.405756400,0.144040413
1.406341400,0.137254249
1.406926400,0.134468085
1.407511400,0.127681920
1.408096400,0.120895756
1.408681400,0.118109592
1.409266400,0.111323427
1.409851400,0.104537263
1.410436400,0.101751099
1.411021400,0.094964934
1.411606400,0.088178770
1.412191400,0.085392606
1.412776400,0.078606441
1.413361400,0.075820277
1.413946400,0.069034113
1.414531400,0.066247948
1.415116400,0.059461784
1.415701400,0.052675619
1.416286400,0.049889455
1.416871400,0.043103291
1.417456400,0.040317126
1.418041400,0.033530962
1.418626400,0.030744798
1.419211400,0.023958633
1.419796400,0.021172469
1.420381400,0.018386305
1.420966400,0.011600140
1.421551400,0.004813976
1.422136400,0.002027812
1.422721400,-0.000758353
1.423306400,-0.003544517
1.423891400,-0.010330681
1.424476400,-0.013116846
1.425061400,-0.015903010
1.425646400,-0.022689174
1.426231400,-0.021475339
1.426816400,-0.028261503
1.427401400,-0.031047667
1.427986400,-0.033833832
1.428571400,-0.036619996
1.429156400,-0.039406160
1.429741400,-0.042192325
1.430326400,-0.044978489
1.430911400,-0.047764653
1.431496400,-0.050550818
1.432081400,-0.049336982
1.432666400,-0.052123146
1.433251400,-0.054909311
1.433836400,-0.053695475
1.434421400,-0.056481639
1.435006400,-0.059267804
1.435591400,-0.062053968
1.436176400,-0.060840132
1.436761400,-0.063626297
1.437346400,-0.066412461
1.437931400,-0.065198625
1.438516400,-0.067984790
1.439101400,-0.066770954
1.439686400,-0.065557118
1.440271400,-0.068343283
1.440856400,-0.067129447
1.441441400,-0.069915612
1.442026400,-0.064701776
1.442611400,-0.067487940
1.443196400,-0.070274105
1.443781400,-0.065060269
1.444366400,-0.063846433
1.444951400,-0.066632598
1.445536400,-0.061418762
1.446121400,-0.064204926
1.446706400,-0.062991091
1.447291400,-0.057777255
1.447876400,-0.056563419
1.448461400,-0.059349584
1.449046400,-0.058135748
1.449631400,-0.052921912
1.450216500,-0.055709237
1.450801500,-0.054495401
1.451386500,-0.049281565
1.451971500,-0.048067730
1.452556500,-0.046853894
1.453141500,-0.041640058
1.453726500,-0.040426223
1.454311500,-0.043212387
1.454896500,-0.041998551
1.455481500,-0.036784716
1.456066500,-0.035570880
1.456651500,-0.034357044
1.457236500,-0.029143209
1.457821500,-0.027929373
1.458406500,-0.026715537
1.458991500,-0.021501702
1.459576500,-0.020287866
1.460161500,-0.019074030
1.460746500,-0.021860195
1.461331500,-0.012646359
1.461916500,-0.011432523
1.462501500,-0.014218688
1.463086500,-0.005004852
1.463671500,-0.003791017
1.464256500,-0.002577181
1.464841500,0.002636655
1.465426500,0.003850490
1.466011500,0.005064326
1.466596500,0.006278162
1.467181500,0.011491997
1.467766500,0.012705833
1.468351500,0.013919669
1.468936500,0.019133504
1.469521500,0.020347340
1.470106500,0.021561176
1.470691500,0.030775011
1.471276500,0.027988847
1.471861500,0.029202683
1.472446500,0.038416518
1.473031500,0.039630354
1.473616500,0.040844190
1.474201500,0.038058025
1.474786500,0.047271861
1.475371500,0.048485697
1.475956500,0.049699532
1.476541500,0.058913368
1.477126500,0.060127204
1.477711500,0.057341039
1.478296500,0.066554875
1.478881500,0.067768711
1.479466500,0.068982546
1.480051500,0.070196382
1.480636500,0.079410218
1.481221500,0.080624053
1.481806500,0.081837889
1.482391500,0.091051725
1.482976500,0.092265560
1.483561500,0.093479396
1.484146500,0.098693232
1.484731500,0.099907067
1.485316500,0.101120903
1.485901500,0.102334739
1.486486500,0.111548574
1.487071500,0.112762410
1.487656500,0.113976246
1.488241500,0.127190081
1.488826500,0.128403917
1.489411500,0.129617752
1.489996500,0.138831588
1.490581500,0.140045424
1.491166500,0.141259259
1.491751500,0.142473095
1.492336500,0.151686931
1.492921500,0.152900766
1.493506500,0.154114602
1.494091500,0.167328438
1.494676500,0.168542273
1.495261500,0.169756109
1.495846500,0.178969945
1.496431500,0.180183780
1.497016500,0.185397616
1.497601500,0.186611452
1.498186500,0.195825287
1.498771500,0.197039123
1.499356500,0.202252959
1.499941500,0.211466794
1.500526500,0.212680630
1.501111500,0.217894466
1.501696500,0.227108301
1.502281500,0.228322137
1.502866500,0.233535973
1.503451500,0.242749808
1.504036500,0.243963644
1.504621500,0.249177480
1.505206500,0.250391315
1.505791500,0.263605151
1.506376500,0.264818987
1.506961500,0.266032822
1.507546500,0.279246658
1.508131500,0.280460494
1.508716500,0.285674329
1.509301500,0.298888165
1.509886500,0.300102001
1.510471500,0.301315836
1.511056500,0.306529672
1.511641500,0.319743508
1.512226500,0.320957343
1.512811500,0.322171179
1.513396500,0.335385015
1.513981500,0.340598850
1.514566500,0.341812686
1.515151500,0.355026521
1.515736500,0.356240357
1.516321500,0.361454193
1.516906500,0.362668028
1.517491500,0.375881864
1.518076500,0.381095700
1.518661500,0.382309535
1.519246500,0.395523371
1.519831500,0.400737207
1.520416500,0.401951042
1.521001500,0.415164878
1.521586500,0.416378714
1.522171500,0.421592549
1.522756500,0.422806385
1.523341500,0.436020221
1.523926500,0.441234056
1.524511500,0.442447892
1.525096500,0.455661728
1.525681500,0.460875563
1.526266500,0.462089399
1.526851500,0.475303235
1.527436500,0.476517070
1.528021500,0.481730906
1.528606500,0.494944742
1.529191500,0.496158577
1.529776500,0.501372413
1.530361500,0.502586249
1.530946500,0.515800084
1.531531500,0.521013920
1.532116500,0.522227756
1.532701500,0.535441591
1.533286500,0.536655427
1.533871500,0.541869263
1.534456500,0.555083098
1.535041500,0.556296934
1.535626500,0.557510770
1.536211500,0.562724605
1.536796500,0.575938441
1.537381500,0.577152277
1.537966500,0.582366112
1.538551500,0.591579948
1.539136500,0.596793784
1.539721500,0.598007619
1.540306500,0.611221455
1.540891500,0.612435290
1.541476500,0.617649126
1.542061500,0.618862962
1.542646500,0.632076797
1.543231500,0.633290633
1.543816500,0.638504469
1.544401500,0.647718304
1.544986500,0.652932140
1.545571500,0.654145976
1.546156500,0.667359811
1.546741500,0.668573647
1.547326500,0.669787483
1.547911500,0.675001318
1.548496500,0.684215154
1.549081500,0.689428990
1.549666500,0.690642825
1.550251600,0.703855501
1.550836600,0.705069337
1.551421600,0.706283172
1.552006600,0.719497008
1.552591600,0.720710844
1.553176600,0.721924679
1.553761600,0.735138515
1.554346600,0.736352351
1.554931600,0.741566186
1.555516600,0.742780022
1.556101600,0.751993858
1.556686600,0.757207693
1.557271600,0.758421529
1.557856600,0.767635365
1.558441600,0.768849200
1.559026600,0.774063036
1.559611600,0.783276872
1.560196600,0.784490707
1.560781600,0.785704543
1.561366600,0.790918379
1.561951600,0.800132214
1.562536600,0.801346050
1.563121600,0.802559886
1.563706600,0.811773721
1.564291600,0.816987557
1.564876600,0.818201392
1.565461600,0.827415228
1.566046600,0.828629064
1.566631600,0.829842899
1.567216600,0.831056735
1.567801600,0.840270571
1.568386600,0.841484406
1.568971600,0.842698242
1.569556600,0.855912078
1.570141600,0.857125913
1.570726600,0.858339749
1.571311600,0.867553585
1.571896600,0.868767420
1.572481600,0.869981256
1.573066600,0.871195092
1.573651600,0.880408927
1.574236600,0.881622763
1.574821600,0.878836599
1.575406600,0.888050434
1.575991600,0.889264270
1.576576600,0.890478106
1.577161600,0.899691941
1.577746600,0.900905777
1.578331600,0.902119613
1.578916600,0.903333448
1.579501600,0.908547284
1.580086600,0.909761120
1.580671600,0.910974955
1.581256600,0.920188791
1.581841600,0.921402627
1.582426600,0.918616462
1.583011600,0.927830298
1.583596600,0.929044134
1.584181600,0.930257969
1.584766600,0.935471805
1.585351600,0.936685641
1.585936600,0.937899476
1.586521600,0.939113312
1.587106600,0.944327148
1.587691600,0.945540983
1.588276600,0.946754819
1.588861600,0.951968654
1.589446600,0.953182490
1.590031600,0.950396326
1.590616600,0.959610161
1.591201600,0.956823997
1.591786600,0.958037833
1.592371600,0.959251668
1.592956600,0.964465504
1.593541600,0.965679340
1.594126600,0.962893175
1.594711600,0.972107011
1.595296600,0.969320847
1.595881600,0.970534682
1.596466600,0.975748518
1.597051600,0.976962354
1.597636600,0.978176189
1.598221600,0.975390025
1.598806600,0.980603861
1.599391600,0.981817696
1.599976600,0.983031532
1.600561600,0.988245368
1.601146600,0.985459203
1.601731600,0.986673039
1.602316600,0.991886875
1.602901600,0.993100710
1.603486600,0.990314546
1.604071600,0.991528382
1.604656600,0.996742217
1.605241600,0.993956053
1.605826600,0.995169889
1.606411600,1.000383724
1.606996600,1.001597560
1.607581600,0.998811396
1.608166600,1.004025231
1.608751600,1.005239067
1.609336600,1.006452903
1.609921600,1.011666738
1.610506600,1.008880574
1.611091600,1.010094410
1.611676600,1.007308245
1.612261600,1.012522081
1.612846600,1.013735917
1.613431600,1.014949752
1.614016600,1.020163588
1.614601600,1.017377423
1.615186600,1.018591259
1.615771600,1.023805095
1.616356600,1.025018930
1.616941600,1.022232766
1.617526600,1.023446602
1.618111600,1.028660437
1.618696600,1.025874273
1.619281600,1.027088109
1.619866600,1.032301944
1.620451600,1.033515780
1.621036600,1.030729616
1.621621600,1.035943451
1.622206600,1.037157287
1.622791600,1.038371123
1.623376600,1.035584958
1.623961600,1.040798794
1.624546600,1.042012630
1.625131600,1.039226465
1.625716600,1.048440301
1.626301600,1.045654137
1.626886600,1.046867972
1.627471600,1.052081808
1.628056600,1.053295644
1.628641600,1.050509479
1.629226600,1.051723315
1.629811600,1.056937151
1.630396600,1.054150986
1.630981600,1.055364822
1.631566600,1.060578658
1.632151600,1.061792493
1.632736600,1.059006329
1.633321600,1.064220165
1.633906600,1.065434000
1.634491600,1.066647836
1.635076600,1.071861672
1.635661600,1.069075507
1.636246600,1.070289343
1.636831600,1.067503179
1.637416600,1.076717014
1.638001600,1.073930850
1.638586600,1.075144686
1.639171600,1.080358521
1.639756600,1.077572357
1.640341600,1.078786192
1.640926600,1.084000028
1.641511600,1.081213864
1.642096600,1.082427699
1.642681600,1.079641535
1.643266600,1.088855371
1.643851600,1.086069206
1.644436600,1.087283042
1.645021600,1.092496878
1.645606600,1.089710713
1.646191600,1.090924549
1.646776600,1.096138385
1.647361600,1.093352220
1.647946600,1.094566056
1.648531600,1.091779892
1.649116600,1.096993727
1.649701600,1.098207563
1.650286700,1.095420239
1.650871700,1.100634074
1.651456700,1.101847910
1.652041700,1.099061746
1.652626700,1.104275581
1.653211700,1.105489417
1.653796700,1.102703253
1.654381700,1.103917088
1.654966700,1.109130924
1.655551700,1.110344760
1.656136700,1.107558595
1.656721700,1.112772431
1.657306700,1.113986267
1.657891700,1.111200102
1.658476700,1.116413938
1.659061700,1.117627774
1.659646700,1.114841609
1.660231700,1.116055445
1.660816700,1.121269281
1.661401700,1.118483116
1.661986700,1.119696952
1.662571700,1.124910788
1.663156700,1.122124623
1.663741700,1.123338459
1.664326700,1.128552294
1.664911700,1.125766130
1.665496700,1.126979966
1.666081700,1.132193801
1.666666700,1.129407637
1.667251700,1.130621473
1.667836700,1.127835308
1.668421700,1.133049144
1.669006700,1.134262980
1.669591700,1.135476815
1.670176700,1.140690651
1.670761700,1.137904487
1.671346700,1.139118322
1.671931700,1.144332158
1.672516700,1.141545994
1.673101700,1.142759829
1.673686700,1.139973665
1.674271700,1.145187501
1.674856700,1.146401336
1.675441700,1.143615172
1.676026700,1.148829008
1.676611700,1.150042843
1.677196700,1.151256679
1.677781700,1.156470515
1.678366700,1.153684350
1.678951700,1.154898186
1.679536700,1.152112022
1.680121700,1.157325857
1.680706700,1.158539693
1.681291700,1.155753529
1.681876700,1.164967364
1.682461700,1.162181200
1.683046700,1.163395036
1.683631700,1.168608871
1.684216700,1.165822707
1.684801700,1.167036543
1.685386700,1.164250378
1.685971700,1.173464214
1.686556700,1.170678050
1.687141700,1.171891885
1.687726700,1.177105721
1.688311700,1.174319557
1.688896700,1.175533392
1.689481700,1.180747228
1.690066700,1.181961063
1.690651700,1.179174899
1.691236700,1.184388735
1.691821700,1.185602570
1.692406700,1.186816406
1.692991700,1.184030242
1.693576700,1.189244077
1.694161700,1.190457913
1.694746700,1.191671749
1.695331700,1.196885584
1.695916700,1.194099420
1.696501700,1.195313256
1.697086700,1.200527091
1.697671700,1.201740927
1.698256700,1.202954763
1.698841700,1.200168598
1.699426700,1.205382434
1.700011700,1.206596270
1.700596700,1.207810105
1.701181700,1.213023941
1.701766700,1.214237777
1.702351700,1.211451612
1.702936700,1.220665448
1.703521700,1.217879284
1.704106700,1.219093119
1.704691700,1.220306955
1.705276700,1.225520791
1.705861700,1.226734626
1.706446700,1.223948462
1.707031700,1.233162298
1.707616700,1.230376133
1.708201700,1.231589969
1.708786700,1.236803805
1.709371700,1.238017640
1.709956700,1.239231476
1.710541700,1.236445312
1.711126700,1.245659147
1.711711700,1.242872983
1.712296700,1.244086819
1.712881700,1.249300654
1.713466700,1.250514490
1.714051700,1.251728325
1.714636700,1.256942161
1.715221700,1.258155997
1.715806700,1.259369832
1.716391700,1.256583668
1.716976700,1.265797504
1.717561700,1.267011339
1.718146700,1.264225175
1.718731700,1.273439011
1.719316700,1.274652846
1.719901700,1.271866682
1.720486700,1.281080518
1.721071700,1.282294353
1.721656700,1.279508189
1.722241700,1.288722025
1.722826700,1.289935860
1.723411700,1.291149696
1.723996700,1.288363532
1.724581700,1.297577367
1.725166700,1.298791203
1.725751700,1.300005039
1.726336700,1.305218874
1.726921700,1.306432710
1.727506700,1.307646546
1.728091700,1.316860381
1.728676700,1.318074217
1.729261700,1.319288053
1.729846700,1.316501888
1.730431700,1.325715724
1.731016700,1.326929560
1.731601700,1.328143395
1.732186700,1.337357231
1.732771700,1.338571067
1.733356700,1.339784902
1.733941700,1.348998738
1.734526700,1.350212574
1.735111700,1.351426409
1.735696700,1.352640245
1.736281700,1.361854081
1.736866700,1.363067916
1.737451700,1.364281752
1.738036700,1.373495588
1.738621700,1.374709423
1.739206700,1.375923259
1.739791700,1.389137094
1.740376700,1.390350930
1.740961700,1.391564766
1.741546700,1.392778601
1.742131700,1.401992437
1.742716700,1.403206273
1.743301700,1.408420108
1.743886700,1.417633944
1.744471700,1.418847780
1.745056700,1.420061615
1.745641700,1.433275451
1.746226700,1.434489287
1.746811700,1.435703122
1.747396700,1.448916958
1.747981700,1.450130794
1.748566700,1.455344629
1.749151700,1.456558465
1.749736700,1.469772301
1.750321800,1.470984976
1.750906800,1.472198812
1.751491800,1.485412648
1.752076800,1.486626483
1.752661800,1.491840319
1.753246800,1.505054155
1.753831800,1.506267990
1.754416800,1.507481826
1.755001800,1.512695662
1.755586800,1.525909497
1.756171800,1.527123333
1.756756800,1.532337169
1.757341800,1.545551004
1.757926800,1.546764840
1.758511800,1.551978676
1.759096800,1.561192511
1.759681800,1.566406347
1.760266800,1.571620183
1.760851800,1.572834018
1.761436800,1.586047854
1.762021800,1.591261690
1.762606800,1.592475525
1.763191800,1.605689361
1.763776800,1.610903196
1.764361800,1.612117032
1.764946800,1.625330868
1.765531800,1.630544703
1.766116800,1.635758539
1.766701800,1.636972375
1.767286800,1.650186210
1.767871800,1.655400046
1.768456800,1.656613882
1.769041800,1.673827717
1.769626800,1.675041553
1.770211800,1.680255389
1.770796800,1.693469224
1.771381800,1.698683060
1.771966800,1.699896896
1.772551800,1.713110731
1.773136800,1.718324567
1.773721800,1.719538403
1.774306800,1.724752238
1.774891800,1.737966074
1.775476800,1.743179910
1.776061800,1.744393745
1.776646800,1.757607581
1.777231800,1.762821417
1.777816800,1.768035252
1.778401800,1.781249088
1.778986800,1.782462924
1.779571800,1.787676759
1.780156800,1.788890595
1.780741800,1.806104431
1.781326800,1.807318266
1.781911800,1.812532102
1.782496800,1.825745938
1.783081800,1.826959773
1.783666800,1.832173609
1.784251800,1.845387445
1.784836800,1.846601280
1.785421800,1.851815116
1.786006800,1.853028952
1.786591800,1.866242787
1.787176800,1.871456623
1.787761800,1.872670459
1.788346800,1.885884294
1.788931800,1.891098130
1.789516800,1.892311965
1.790101800,1.905525801
1.790686800,1.910739637
1.791271800,1.911953472
1.791856800,1.917167308
1.792441800,1.926381144
1.793026800,1.931594979
1.793611800,1.932808815
1.794196800,1.946022651
1.794781800,1.947236486
1.795366800,1.952450322
1.795951800,1.965664158
1.796536800,1.966877993
1.797121800,1.968091829
1.797706800,1.973305665
1.798291800,1.982519500
1.798876800,1.987733336
1.799461800,1.988947172
1.800046800,1.998161007
1.800631800,2.003374843
1.801216800,2.004588679
1.801801800,2.017802514
1.802386800,2.019016350
1.802971800,2.020230186
1.803556800,2.033444021
1.804141800,2.034657857
1.804726800,2.035871693
1.805311800,2.037085528
1.805896800,2.050299364
1.806481800,2.051513200
1.807066800,2.052727035
1.807651800,2.065940871
1.808236800,2.067154707
1.808821800,2.068368542
1.809406800,2.077582378
1.809991800,2.078796214
1.810576800,2.080010049
1.811161800,2.085223885
1.811746800,2.094437721
1.812331800,2.095651556
1.812916800,2.096865392
1.813501800,2.106079228
1.814086800,2.107293063
1.814671800,2.108506899
1.815256800,2.117720734
1.815841800,2.118934570
1.816426800,2.120148406
1.817011800,2.121362241
1.817596800,2.130576077
1.818181800,2.131789913
1.818766800,2.133003748
1.819351800,2.142217584
1.819936800,2.143431420
1.820521800,2.144645255
1.821106800,2.153859091
1.821691800,2.155072927
1.822276800,2.156286762
1.822861800,2.157500598
1.823446800,2.166714434
1.824031800,2.167928269
1.824616800,2.169142105
1.825201800,2.174355941
1.825786800,2.175569776
1.826371800,2.176783612
1.826956800,2.185997448
1.827541800,2.187211283
1.828126800,2.184425119
1.828711800,2.193638955
1.829296800,2.194852790
1.829881800,2.196066626
1.830466800,2.197280462
1.831051800,2.202494297
1.831636800,2.203708133
1.832221800,2.204921969
1.832806800,2.210135804
1.833391800,2.211349640
1.833976800,2.212563476
1.834561800,2.217777311
1.835146800,2.218991147
1.835731800,2.220204983
1.836316800,2.221418818
1.836901800,2.226632654
1.837486800,2.227846490
1.838071800,2.225060325
1.838656800,2.234274161
1.839241800,2.235487997
1.839826800,2.232701832
1.840411800,2.241915668
1.840996800,2.239129503
1.841581800,2.240343339
1.842166800,2.241557175
1.842751800,2.246771010
1.843336800,2.247984846
1.843921800,2.245198682
1.844506800,2.254412517
1.845091800,2.251626353
1.845676800,2.252840189
1.846261800,2.258054024
1.846846800,2.259267860
1.847431800,2.260481696
1.848016800,2.257695531
1.848601800,2.266909367
1.849186800,2.264123203
1.849771800,2.265337038
1.850356900,2.270549714
1.850941900,2.271763550
1.851526900,2.272977385
1.852111900,2.278191221
1.852696900,2.279405057
1.853281900,2.276618892
1.853866900,2.277832728
1.854451900,2.283046564
1.855036900,2.284260399
1.855621900,2.285474235
1.856206900,2.290688071
1.856791900,2.291901906
1.857376900,2.289115742
1.857961900,2.298329578
1.858546900,2.295543413
1.859131900,2.296757249
1.859716900,2.301971085
1.860301900,2.303184920
1.860886900,2.304398756
1.861471900,2.301612592
1.862056900,2.306826427
1.862641900,2.308040263
1.863226900,2.309254098
1.863811900,2.314467934
1.864396900,2.315681770
1.864981900,2.312895605
1.865566900,2.322109441
1.866151900,2.319323277
1.866736900,2.320537112
1.867321900,2.317750948
1.867906900,2.326964784
1.868491900,2.324178619
1.869076900,2.325392455
1.869661900,2.330606291
1.870246900,2.331820126
1.870831900,2.329033962
1.871416900,2.338247798
1.872001900,2.335461633
1.872586900,2.336675469
1.873171900,2.333889305
1.873756900,2.339103140
1.874341900,2.340316976
1.874926900,2.337530812
1.875511900,2.342744647
1.876096900,2.343958483
1.876681900,2.341172319
1.877266900,2.346386154
1.877851900,2.347599990
1.878436900,2.344813826
1.879021900,2.346027661
1.879606900,2.351241497
1.880191900,2.348455333
1.880776900,2.349669168
1.881361900,2.354883004
1.881946900,2.352096840
1.882531900,2.349310675
1.883116900,2.354524511
1.883701900,2.351738347
1.884286900,2.352952182
1.884871900,2.358166018
1.885456900,2.355379854
1.886041900,2.352593689
1.886626900,2.353807525
1.887211900,2.355021361
1.887796900,2.356235196
1.888381900,2.353449032
1.888966900,2.358662867
1.889551900,2.355876703
1.890136900,2.353090539
1.890721900,2.358304374
1.891306900,2.355518210
1.891891900,2.352732046
1.892476900,2.353945881
1.893061900,2.355159717
1.893646900,2.356373553
1.894231900,2.353587388
1.894816900,2.354801224
1.895401900,2.356015060
1.895986900,2.353228895
1.896571900,2.358442731
1.897156900,2.355656567
1.897741900,2.352870402
1.898326900,2.350084238
1.898911900,2.355298074
1.899496900,2.352511909
1.900081900,2.353725745
1.900666900,2.354939581
1.901251900,2.352153416
1.901836900,2.353367252
1.902421900,2.354581088
1.903006900,2.355794923
1.903591900,2.353008759
1.904176900,2.350222595
1.904761900,2.355436430
1.905346900,2.356650266
1.905931900,2.353864102
1.906516900,2.359077937
1.907101900,2.356291773
1.907686900,2.357505609
1.908271900,2.358719444
1.908856900,2.359933280
1.909441900,2.357147116
1.910026900,2.362360951
1.910611900,2.363574787
1.911196900,2.360788623
1.911781900,2.362002458
1.912366900,2.367216294
1.912951900,2.364430130
1.913536900,2.365643965
1.914121900,2.370857801
1.914706900,2.372071636
1.915291900,2.369285472
1.915876900,2.374499308
1.916461900,2.375713143
1.917046900,2.376926979
1.917631900,2.374140815
1.918216900,2.379354650
1.918801900,2.380568486
1.919386900,2.381782322
1.919971900,2.386996157
1.920556900,2.388209993
1.921141900,2.389423829
1.921726900,2.394637664
1.922311900,2.395851500
1.922896900,2.393065336
1.923481900,2.394279171
1.924066900,2.403493007
1.924651900,2.400706843
1.925236900,2.401920678
1.925821900,2.411134514
1.926406900,2.412348350
1.926991900,2.409562185
1.927576900,2.418776021
1.928161900,2.419989857
1.928746900,2.421203692
1.929331900,2.418417528
1.929916900,2.427631364
1.930501900,2.428845199
1.931086900,2.430059035
1.931671900,2.435272871
1.932256900,2.436486706
1.932841900,2.437700542
1.933426900,2.446914378
1.934011900,2.448128213
1.934596900,2.449342049
1.935181900,2.446555885
1.935766900,2.455769720
1.936351900,2.456983556
1.936936900,2.458197392
1.937521900,2.467411227
1.938106900,2.464625063
1.938691900,2.465838899
1.939276900,2.475052734
1.939861900,2.476266570
1.940446900,2.477480405
1.941031900,2.482694241
1.941616900,2.483908077
1.942201900,2.485121912
1.942786900,2.486335748
1.943371900,2.495549584
1.943956900,2.496763419
1.944541900,2.493977255
1.945126900,2.503191091
1.945711900,2.504404926
1.946296900,2.505618762
1.946881900,2.514832598
1.947466900,2.512046433
1.948051900,2.513260269
1.948636900,2.514474105
1.949221900,2.523687940
1.949806900,2.524901776
1.950392000,2.526114452
1.950977000,2.531328287
1.951562000,2.532542123
1.952147000,2.533755959
1.952732000,2.542969794
1.953317000,2.540183630
1.953902000,2.541397466
1.954487000,2.542611301
1.955072000,2.551825137
1.955657000,2.553038973
1.956242000,2.554252808
1.956827000,2.559466644
1.957412000,2.560680480
1.957997000,2.561894315
1.958582000,2.571108151
1.959167000,2.572321987
1.959752000,2.573535822
1.960337000,2.570749658
1.960922000,2.579963494
1.961507000,2.581177329
1.962092000,2.582391165
1.962677000,2.591605000
1.963262000,2.592818836
1.963847000,2.594032672
1.964432000,2.599246507
1.965017000,2.600460343
1.965602000,2.601674179
1.966187000,2.610888014
1.966772000,2.612101850
1.967357000,2.613315686
1.967942000,2.614529521
1.968527000,2.619743357
1.969112000,2.620957193
1.969697000,2.622171028
1.970282000,2.631384864
1.970867000,2.632598700
1.971452000,2.633812535
1.972037000,2.643026371
1.972622000,2.644240207
1.973207000,2.645454042
1.973792000,2.642667878
1.974377000,2.651881714
1.974962000,2.653095549
1.975547000,2.654309385
1.976132000,2.663523221
1.976717000,2.664737056
1.977302000,2.665950892
1.977887000,2.675164728
1.978472000,2.676378563
1.979057000,2.673592399
1.979642000,2.674806235
1.980227000,2.684020070
1.980812000,2.685233906
1.981397000,2.686447742
1.981982000,2.695661577
1.982567000,2.696875413
1.983152000,2.698089249
1.983737000,2.703303084
1.984322000,2.704516920
1.984907000,2.705730756
1.985492000,2.706944591
1.986077000,2.716158427
1.986662000,2.717372263
1.987247000,2.718586098
1.987832000,2.727799934
1.988417000,2.729013769
1.989002000,2.726227605
1.989587000,2.735441441
1.990172000,2.736655276
1.990757000,2.737869112
1.991342000,2.739082948
1.991927000,2.748296783
1.992512000,2.749510619
1.993097000,2.746724455
1.993682000,2.755938290
1.994267000,2.757152126
1.994852000,2.758365962
1.995437000,2.767579797
1.996022000,2.768793633
1.996607000,2.766007469
1.997192000,2.775221304
1.997777000,2.776435140
1.998362000,2.777648976
1.998947000,2.778862811
1.999532000,2.788076647
2.000117000,2.785290483
2.000702000,2.786504318
2.001287000,2.795718154
2.001872000,2.796931990
2.002457000,2.798145825
2.003042000,2.803359661
2.003627000,2.804573497
2.004212000,2.805787332
2.004797000,2.807001168
2.005382000,2.816215004
2.005967000,2.813428839
2.006552000,2.814642675
2.007137000,2.823856511
2.007722000,2.821070346
2.008307000,2.822284182
2.008892000,2.831498018
2.009477000,2.832711853
2.010062000,2.829925689
2.010647000,2.831139525
2.011232000,2.836353360
2.011817000,2.837567196
2.012402000,2.838781032
2.012987000,2.843994867
2.013572000,2.845208703
2.014157000,2.846422538
2.014742000,2.851636374
2.015327000,2.848850210
2.015912000,2.850064045
2.016497000,2.851277881
2.017082000,2.856491717
2.017667000,2.853705552
2.018252000,2.854919388
2.018837000,2.860133224
2.019422000,2.861347059
2.020007000,2.858560895
2.020592000,2.863774731
2.021177000,2.860988566
2.021762000,2.862202402
2.022347000,2.867416238
2.022932000,2.864630073
2.023517000,2.865843909
2.024102000,2.863057745
2.024687000,2.868271580
2.025272000,2.865485416
2.025857000,2.862699252
2.026442000,2.867913087
2.027027000,2.865126923
2.027612000,2.866340759
2.028197000,2.867554594
2.028782000,2.864768430
2.029367000,2.865982266
2.029952000,2.863196101
2.030537000,2.864409937
2.031122000,2.865623773
2.031707000,2.862837608
2.032292000,2.864051444
2.032877000,2.865265280
2.033462000,2.862479115
2.034047000,2.863692951
2.034632000,2.864906787
2.035217000,2.862120622
2.035802000,2.859334458
2.036387000,2.864548294
2.036972000,2.861762129
2.037557000,2.858975965
2.038142000,2.860189801
2.038727000,2.861403636
2.039312000,2.858617472
2.039897000,2.859831307
2.040482000,2.861045143
2.041067000,2.858258979
2.041652000,2.855472814
2.042237000,2.860686650
2.042822000,2.857900486
2.043407000,2.859114321
2.043992000,2.860328157
2.044577000,2.861541993
2.045162000,2.858755828
2.045747000,2.863969664
2.046332000,2.861183500
2.046917000,2.858397335
2.047502000,2.863611171
2.048087000,2.864825007
2.048672000,2.862038842
2.049257000,2.863252678
2.049842000,2.868466514
2.050427100,2.865679189
2.051012100,2.866893025
2.051597100,2.872106861
2.052182100,2.869320696
2.052767100,2.870534532
2.053352100,2.875748368
2.053937100,2.872962203
2.054522100,2.874176039
2.055107100,2.875389875
2.055692100,2.880603710
2.056277100,2.877817546
2.056862100,2.879031382
2.057447100,2.884245217
2.058032100,2.885459053
2.058617100,2.886672889
2.059202100,2.891886724
2.059787100,2.893100560
2.060372100,2.894314396
2.060957100,2.891528231
2.061542100,2.900742067
2.062127100,2.901955902
2.062712100,2.899169738
2.063297100,2.908383574
2.063882100,2.909597409
2.064467100,2.906811245
2.065052100,2.916025081
2.065637100,2.917238916
2.066222100,2.918452752
2.066807100,2.915666588
2.067392100,2.924880423
2.067977100,2.926094259
2.068562100,2.927308095
2.069147100,2.932521930
2.069732100,2.933735766
2.070317100,2.934949602
2.070902100,2.944163437
2.071487100,2.941377273
2.072072100,2.942591109
2.072657100,2.943804944
2.073242100,2.953018780
2.073827100,2.954232616
2.074412100,2.951446451
2.074997100,2.960660287
2.075582100,2.961874123
2.076167100,2.963087958
2.076752100,2.972301794
2.077337100,2.969515630
2.077922100,2.970729465
2.078507100,2.979943301
2.079092100,2.981157137
2.079677100,2.982370972
2.080262100,2.979584808
2.080847100,2.988798644
2.081432100,2.990012479
2.082017100,2.991226315
2.082602100,2.996440151
2.083187100,2.997653986
2.083772100,2.998867822
2.084357100,3.008081658
2.084942100,3.009295493
2.085527100,3.006509329
2.086112100,3.007723165
2.086697100,3.016937000
2.087282100,3.018150836
2.087867100,3.015364671
2.088452100,3.024578507
2.089037100,3.025792343
2.089622100,3.027006178
2.090207100,3.032220014
2.090792100,3.033433850
2.091377100,3.034647685
2.091962100,3.031861521
2.092547100,3.041075357
2.093132100,3.042289192
2.093717100,3.039503028
2.094302100,3.048716864
2.094887100,3.049930699
2.095472100,3.047144535
2.096057100,3.056358371
2.096642100,3.053572206
2.097227100,3.054786042
2.097812100,3.055999878
2.098397100,3.061213713
2.098982100,3.062427549
2.099567100,3.063641385
2.100152100,3.068855220
2.100737100,3.070069056
2.101322100,3.067282892
2.101907100,3.076496727
2.102492100,3.073710563
2.103077100,3.074924399
2.103662100,3.080138234
2.104247100,3.081352070
2.104832100,3.078565906
2.105417100,3.079779741
2.106002100,3.084993577
2.106587100,3.086207413
2.107172100,3.083421248
2.107757100,3.088635084
2.108342100,3.089848920
2.108927100,3.091062755
2.109512100,3.096276591
2.110097100,3.093490427
2.110682100,3.094704262
2.111267100,3.095918098
2.111852100,3.101131934
2.112437100,3.098345769
2.113022100,3.099559605
2.113607100,3.104773440
2.114192100,3.101987276
2.114777100,3.103201112
2.115362100,3.108414947
2.115947100,3.109628783
2.116532100,3.106842619
2.117117100,3.108056454
2.117702100,3.113270290
2.118287100,3.110484126
2.118872100,3.111697961
2.119457100,3.116911797
2.120042100,3.118125633
2.120627100,3.115339468
2.121212100,3.120553304
2.121797100,3.121767140
2.122382100,3.118980975
2.122967100,3.120194811
2.123552100,3.125408647
2.124137100,3.122622482
2.124722100,3.123836318
2.125307100,3.129050154
2.125892100,3.126263989
2.126477100,3.127477825
2.127062100,3.132691661
2.127647100,3.133905496
2.128232100,3.131119332
2.128817100,3.136333168
2.129402100,3.137547003
2.129987100,3.134760839
2.130572100,3.135974675
2.131157100,3.141188510
2.131742100,3.138402346
2.132327100,3.139616182
2.132912100,3.144830017
2.133497100,3.142043853
2.134082100,3.143257689
2.134667100,3.148471524
2.135252100,3.145685360
2.135837100,3.146899196
2.136422100,3.144113031
2.137007100,3.149326867
2.137592100,3.150540703
2.138177100,3.147754538
2.138762100,3.152968374
2.139347100,3.154182209
2.139932100,3.151396045
2.140517100,3.156609881
2.141102100,3.153823716
2.141687100,3.155037552
2.142272100,3.152251388
2.142857100,3.157465223
2.143442100,3.158679059
2.144027100,3.155892895
2.144612100,3.161106730
2.145197100,3.162320566
2.145782100,3.159534402
2.146367100,3.164748237
2.146952100,3.161962073
2.147537100,3.163175909
2.148122100,3.160389744
2.148707100,3.165603580
2.149292100,3.162817416
2.149877100,3.164031251
2.150462200,3.169243927
2.151047200,3.166457763
2.151632200,3.167671598
2.152217200,3.168885434
2.152802200,3.170099270
2.153387200,3.167313105
2.153972200,3.168526941
2.154557200,3.169740777
2.155142200,3.170954612
2.155727200,3.168168448
2.156312200,3.173382284
2.156897200,3.174596119
2.157482200,3.171809955
2.158067200,3.177023791
2.158652200,3.174237626
2.159237200,3.171451462
2.159822200,3.176665298
2.160407200,3.177879133
2.160992200,3.175092969
2.161577200,3.172306805
2.162162200,3.177520640
2.162747200,3.178734476
2.163332200,3.175948311
2.163917200,3.181162147
2.164502200,3.178375983
2.165087200,3.175589818
2.165672200,3.180803654
2.166257200,3.178017490
2.166842200,3.179231325
2.167427200,3.176445161
2.168012200,3.181658997
2.168597200,3.178872832
2.169182200,3.176086668
2.169767200,3.181300504
2.170352200,3.178514339
2.170937200,3.179728175
2.171522200,3.180942011
2.172107200,3.182155846
2.172692200,3.179369682
2.173277200,3.176583518
2.173862200,3.181797353
2.174447200,3.179011189
2.175032200,3.176225025
2.175617200,3.181438860
2.176202200,3.178652696
2.176787200,3.175866532
2.177372200,3.177080367
2.177957200,3.178294203
2.178542200,3.175508039
2.179127200,3.172721874
2.179712200,3.173935710
2.180297200,3.171149546
2.180882200,3.172363381
2.181467200,3.173577217
2.182052200,3.170791053
2.182637200,3.168004888
2.183222200,3.169218724
2.183807200,3.166432560
2.184392200,3.167646395
2.184977200,3.168860231
2.185562200,3.166074067
2.186147200,3.163287902
2.186732200,3.160501738
2.187317200,3.161715574
2.187902200,3.158929409
2.188487200,3.156143245
2.189072200,3.157357080
2.189657200,3.154570916
2.190242200,3.151784752
2.190827200,3.152998587
2.191412200,3.150212423
2.191997200,3.147426259
2.192582200,3.144640094
2.193167200,3.141853930
2.193752200,3.139067766
2.194337200,3.136281601
2.194922200,3.137495437
2.195507200,3.134709273
2.196092200,3.131923108
2.196677200,3.129136944
2.197262200,3.126350780
2.197847200,3.123564615
2.198432200,3.120778451
2.199017200,3.117992287
2.199602200,3.115206122
2.200187200,3.112419958
2.200772200,3.109633794
2.201357200,3.106847629
2.201942200,3.100061465
2.202527200,3.101275301
2.203112200,3.094489136
2.203697200,3.091702972
2.204282200,3.088916808
2.204867200,3.086130643
2.205452200,3.083344479
2.206037200,3.076558315
2.206622200,3.073772150
2.207207200,3.070985986
2.207792200,3.064199822
2.208377200,3.061413657
2.208962200,3.058627493
2.209547200,3.051841329
2.210132200,3.049055164
2.210717200,3.046269000
2.211302200,3.039482836
2.211887200,3.036696671
2.212472200,3.029910507
2.213057200,3.027124342
2.213642200,3.020338178
2.214227200,3.017552014
2.214812200,3.010765849
2.215397200,3.003979685
2.215982200,3.001193521
2.216567200,2.994407356
2.217152200,2.991621192
2.217737200,2.984835028
2.218322200,2.978048863
2.218907200,2.975262699
2.219492200,2.968476535
2.220077200,2.961690370
2.220662200,2.954904206
2.221247200,2.948118042
2.221832200,2.945331877
2.222417200,2.938545713
2.223002200,2.931759549
2.223587200,2.924973384
2.224172200,2.918187220
2.224757200,2.915401056
2.225342200,2.908614891
2.225927200,2.901828727
2.226512200,2.895042563
2.227097200,2.888256398
2.227682200,2.881470234
2.228267200,2.874684070
2.228852200,2.867897905
2.229437200,2.861111741
2.230022200,2.854325577
2.230607200,2.847539412
2.231192200,2.840753248
2.231777200,2.833967084
2.232362200,2.827180919
2.232947200,2.820394755
2.233532200,2.813608591
2.234117200,2.806822426
2.234702200,2.800036262
2.235287200,2.793250098
2.235872200,2.786463933
2.236457200,2.779677769
2.237042200,2.772891605
2.237627200,2.766105440
2.238212200,2.759319276
2.238797200,2.752533111
2.239382200,2.745746947
2.239967200,2.738960783
2.240552200,2.732174618
2.241137200,2.725388454
2.241722200,2.718602290
2.242307200,2.711816125
2.242892200,2.705029961
2.243477200,2.698243797
2.244062200,2.691457632
2.244647200,2.680671468
2.245232200,2.673885304
2.245817200,2.667099139
2.246402200,2.660312975
2.246987200,2.653526811
2.247572200,2.646740646
2.248157200,2.639954482
2.248742200,2.633168318
2.249327200,2.626382153
2.249912200,2.619595989
2.250497300,2.612808665
2.251082300,2.602022500
2.251667300,2.595236336
2.252252300,2.588450172
2.252837300,2.581664007
2.253422300,2.574877843
2.254007300,2.568091679
2.254592300,2.561305514
2.255177300,2.550519350
2.255762300,2.543733186
2.256347300,2.536947021
2.256932300,2.530160857
2.257517300,2.523374693
2.258102300,2.512588528
2.258687300,2.505802364
2.259272300,2.499016200
2.259857300,2.492230035
2.260442300,2.485443871
2.261027300,2.474657707
2.261612300,2.467871542
2.262197300,2.461085378
2.262782300,2.450299213
2.263367300,2.443513049
2.263952300,2.436726885
2.264537300,2.425940720
2.265122300,2.419154556
2.265707300,2.412368392
2.266292300,2.405582227
2.266877300,2.394796063
2.267462300,2.388009899
2.268047300,2.381223734
2.268632300,2.374437570
2.269217300,2.363651406
2.269802300,2.356865241
2.270387300,2.350079077
2.270972300,2.343292913
2.271557300,2.332506748
2.272142300,2.325720584
2.272727300,2.318934420
2.273312300,2.312148255
2.273897300,2.305362091
2.274482300,2.294575927
2.275067300,2.287789762
2.275652300,2.281003598
2.276237300,2.274217434
2.276822300,2.267431269
2.277407300,2.260645105
2.277992300,2.253858941
2.278577300,2.247072776
2.279162300,2.240286612
2.279747300,2.237500448
2.280332300,2.230714283
2.280917300,2.223928119
2.281502300,2.217141955
2.282087300,2.214355790
2.282672300,2.207569626
2.283257300,2.200783462
2.283842300,2.197997297
2.284427300,2.191211133
2.285012300,2.188424969
2.285597300,2.181638804
2.286182300,2.178852640
2.286767300,2.172066476
2.287352300,2.169280311
2.287937300,2.166494147
2.288522300,2.163707982
2.289107300,2.156921818
2.289692300,2.158135654
2.290277300,2.151349489
2.290862300,2.148563325
2.291447300,2.145777161
2.292032300,2.142990996
2.292617300,2.140204832
2.293202300,2.137418668
2.293787300,2.138632503
2.294372300,2.135846339
2.294957300,2.133060175
2.295542300,2.134274010
2.296127300,2.131487846
2.296712300,2.128701682
2.297297300,2.129915517
2.297882300,2.127129353
2.298467300,2.124343189
2.299052300,2.121557024
2.299637300,2.126770860
2.300222300,2.123984696
2.300807300,2.121198531
2.301392300,2.122412367
2.301977300,2.123626203
2.302562300,2.120840038
2.303147300,2.122053874
2.303732300,2.119267710
2.304317300,2.120481545
2.304902300,2.117695381
2.305487300,2.118909217
2.306072300,2.120123052
2.306657300,2.117336888
2.307242300,2.118550724
2.307827300,2.119764559
2.308412300,2.116978395
2.308997300,2.118192231
2.309582300,2.119406066
2.310167300,2.116619902
2.310752300,2.113833738
2.311337300,2.115047573
2.311922300,2.116261409
2.312507300,2.113475245
2.313092300,2.114689080
2.313677300,2.111902916
2.314262300,2.109116751
2.314847300,2.114330587
2.315432300,2.111544423
2.316017300,2.108758258
2.316602300,2.105972094
2.317187300,2.107185930
2.317772300,2.104399765
2.318357300,2.101613601
2.318942300,2.102827437
2.319527300,2.100041272
2.320112300,2.097255108
2.320697300,2.098468944
2.321282300,2.095682779
2.321867300,2.092896615
2.322452300,2.094110451
2.323037300,2.091324286
2.323622300,2.088538122
2.324207300,2.081751958
2.324792300,2.082965793
2.325377300,2.080179629
2.325962300,2.077393465
2.326547300,2.074607300
2.327132300,2.071821136
2.327717300,2.069034972
2.328302300,2.066248807
2.328887300,2.063462643
2.329472300,2.056676479
2.330057300,2.053890314
2.330642300,2.051104150
2.331227300,2.048317986
2.331812300,2.041531821
2.332397300,2.042745657
2.332982300,2.035959493
2.333567300,2.033173328
2.334152300,2.030387164
2.334737300,2.023601000
2.335322300,2.020814835
2.335907300,2.014028671
2.336492300,2.011242507
2.337077300,2.004456342
2.337662300,2.001670178
2.338247300,1.994884013
2.338832300,1.992097849
2.339417300,1.985311685
2.340002300,1.982525520
2.340587300,1.975739356
2.341172300,1.968953192
2.341757300,1.962167027
2.342342300,1.959380863
2.342927300,1.952594699
2.343512300,1.945808534
2.344097300,1.939022370
2.344682300,1.936236206
2.345267300,1.929450041
2.345852300,1.922663877
2.346437300,1.915877713
2.347022300,1.909091548
2.347607300,1.902305384
2.348192300,1.895519220
2.348777300,1.888733055
2.349362300,1.881946891
2.349947300,1.875160727
2.350532400,1.868373402
2.351117400,1.861587238
2.351702400,1.854801074
2.352287400,1.844014909
2.352872400,1.837228745
2.353457400,1.830442581
2.354042400,1.823656416
2.354627400,1.816870252
2.355212400,1.806084088
2.355797400,1.799297923
2.356382400,1.788511759
2.356967400,1.781725595
2.357552400,1.774939430
2.358137400,1.764153266
2.358722400,1.757367102
2.359307400,1.746580937
2.359892400,1.739794773
2.360477400,1.729008609
2.361062400,1.722222444
2.361647400,1.711436280
2.362232400,1.700650115
2.362817400,1.693863951
2.363402400,1.683077787
2.363987400,1.672291622
2.364572400,1.665505458
2.365157400,1.654719294
2.365742400,1.643933129
2.366327400,1.637146965
2.366912400,1.626360801
2.367497400,1.615574636
2.368082400,1.604788472
2.368667400,1.594002308
2.369252400,1.583216143
2.369837400,1.572429979
2.370422400,1.561643815
2.371007400,1.550857650
2.371592400,1.540071486
2.372177400,1.529285322
2.372762400,1.518499157
2.373347400,1.507712993
2.373932400,1.496926829
2.374517400,1.486140664
2.375102400,1.471354500
2.375687400,1.460568336
2.376272400,1.449782171
2.376857400,1.434996007
2.377442400,1.424209843
2.378027400,1.413423678
2.378612400,1.398637514
2.379197400,1.387851350
2.379782400,1.377065185
2.380367400,1.366279021
2.380952400,1.347492857
2.381537400,1.336706692
2.382122400,1.325920528
2.382707400,1.311134364
2.383292400,1.296348199
2.383877400,1.285562035
2.384462400,1.266775871
2.385047400,1.255989706
2.385632400,1.245203542
2.386217400,1.230417378
2.386802400,1.211631213
2.387387400,1.200845049
2.387972400,1.186058884
2.388557400,1.167272720
2.389142400,1.152486556
2.389727400,1.141700391
2.390312400,1.118914227
2.390897400,1.108128063
2.391482400,1.093341898
2.392067400,1.078555734
2.392652400,1.059769570
2.393237400,1.044983405
2.393822400,1.030197241
2.394407400,1.007411077
2.394992400,0.992624912
2.395577400,0.977838748
2.396162400,0.955052584
2.396747400,0.940266419
2.397332400,0.925480255
2.397917400,0.910694091
2.398502400,0.883907926
2.399087400,0.869121762
2.399672400,0.854335598
2.400257400,0.827549433
2.400842400,0.812763269
2.401427400,0.793977105
2.402012400,0.771190940
2.402597400,0.752404776
2.403182400,0.737618612
2.403767400,0.710832447
2.404352400,0.692046283
2.404937400,0.677260119
2.405522400,0.658473954
2.406107400,0.631687790
2.406692400,0.616901626
2.407277400,0.598115461
2.407862400,0.571329297
2.408447400,0.552543133
2.409032400,0.533756968
2.409617400,0.506970804
2.410202400,0.488184640
2.410787400,0.473398475
2.411372400,0.454612311
2.411957400,0.427826147
2.412542400,0.409039982
2.413127400,0.390253818
2.413712400,0.363467653
2.414297400,0.344681489
2.414882400,0.329895325
2.415467400,0.303109160
2.416052400,0.284322996
2.416637400,0.265536832
2.417222400,0.250750667
2.417807400,0.219964503
2.418392400,0.205178339
2.418977400,0.186392174
2.419562400,0.159606010
2.420147400,0.144819846
2.420732400,0.126033681
2.421317400,0.099247517
2.421902400,0.084461353
2.422487400,0.069675188
2.423072400,0.050889024
2.423657400,0.028102860
2.424242400,0.009316695
2.424827400,-0.005469469
2.425412400,-0.028255633
2.425997400,-0.047041798
2.426582400,-0.061827962
2.427167400,-0.084614126
2.427752400,-0.099400291
2.428337400,-0.114186455
2.428922400,-0.128972619
2.429507400,-0.151758784
2.430092400,-0.166544948
2.430677400,-0.181331112
2.431262400,-0.204117277
2.431847400,-0.218903441
2.432432400,-0.233689605
2.433017400,-0.256475770
2.433602400,-0.271261934
2.434187400,-0.282048098
2.434772400,-0.304834263
2.435357400,-0.319620427
2.435942400,-0.330406591
2.436527400,-0.345192756
2.437112400,-0.363978920
2.437697400,-0.378765084
2.438282400,-0.393551249
2.438867400,-0.412337413
2.439452400,-0.423123578
2.440037400,-0.437909742
2.440622400,-0.456695906
2.441207400,-0.471482071
2.441792400,-0.482268235
2.442377400,-0.497054399
2.442962400,-0.515840564
2.443547400,-0.530626728
2.444132400,-0.541412892
2.444717400,-0.560199057
2.445302400,-0.574985221
2.445887400,-0.585771385
2.446472400,-0.604557550
2.447057400,-0.619343714
2.447642400,-0.630129878
2.448227400,-0.644916043
2.448812400,-0.663702207
2.449397400,-0.674488371
2.449982400,-0.689274536
2.450567500,-0.708061860
2.451152500,-0.718848024
2.451737500,-0.733634189
2.452322500,-0.752420353
2.452907500,-0.763206517
2.453492500,-0.777992682
2.454077500,-0.788778846
2.454662500,-0.807565010
2.455247500,-0.822351175
2.455832500,-0.833137339
2.456417500,-0.855923503
2.457002500,-0.866709668
2.457587500,-0.881495832
2.458172500,-0.900281996
2.458757500,-0.911068161
2.459342500,-0.925854325
2.459927500,-0.944640489
2.460512500,-0.959426654
2.461097500,-0.970212818
2.461682500,-0.984998983
2.462267500,-1.003785147
2.462852500,-1.018571311
2.463437500,-1.029357476
2.464022500,-1.052143640
2.464607500,-1.062929804
2.465192500,-1.077715969
2.465777500,-1.096502133
2.466362500,-1.111288297
2.466947500,-1.126074462
2.467532500,-1.136860626
2.468117500,-1.159646790
2.468702500,-1.170432955
2.469287500,-1.185219119
2.469872500,-1.208005283
2.470457500,-1.218791448
2.471042500,-1.233577612
2.471627500,-1.256363776
2.472212500,-1.271149941
2.472797500,-1.281936105
2.473382500,-1.296722269
2.473967500,-1.319508434
2.474552500,-1.334294598
2.475137500,-1.349080762
2.475722500,-1.367866927
2.476307500,-1.382653091
2.476892500,-1.397439255
2.477477500,-1.420225420
2.478062500,-1.435011584
2.478647500,-1.449797748
2.479232500,-1.464583913
2.479817500,-1.487370077
2.480402500,-1.502156241
2.480987500,-1.516942406
2.481572500,-1.543728570
2.482157500,-1.558514734
2.482742500,-1.573300899
2.483327500,-1.596087063
2.483912500,-1.610873227
2.484497500,-1.629659392
2.485082500,-1.644445556
2.485667500,-1.667231720
2.486252500,-1.686017885
2.486837500,-1.700804049
2.487422500,-1.723590214
2.488007500,-1.742376378
2.488592500,-1.757162542
2.489177500,-1.783948707
2.489762500,-1.798734871
2.490347500,-1.813521035
2.490932500,-1.840307200
2.491517500,-1.859093364
2.492102500,-1.873879528
2.492687500,-1.888665693
2.493272500,-1.915451857
2.493857500,-1.934238021
2.494442500,-1.949024186
2.495027500,-1.975810350
2.495612500,-1.990596514
2.496197500,-2.005382679
2.496782500,-2.032168843
2.497367500,-2.046955007
2.497952500,-2.065741172
2.498537500,-2.080527336
2.499122500,-2.107313500
2.499707500,-2.122099665
2.500292500,-2.136885829
2.500877500,-2.159671993
2.501462500,-2.178458158
2.502047500,-2.193244322
2.502632500,-2.216030486
2.503217500,-2.230816651
2.503802500,-2.245602815
2.504387500,-2.260388979
2.504972500,-2.283175144
2.505557500,-2.297961308
2.506142500,-2.308747472
2.506727500,-2.331533637
2.507312500,-2.346319801
2.507897500,-2.357105965
2.508482500,-2.379892130
2.509067500,-2.390678294
2.509652500,-2.405464458
2.510237500,-2.416250623
2.510822500,-2.435036787
2.511407500,-2.445822951
2.511992500,-2.460609116
2.512577500,-2.475395280
2.513162500,-2.486181445
2.513747500,-2.500967609
2.514332500,-2.515753773
2.514917500,-2.526539938
2.515502500,-2.537326102
2.516087500,-2.548112266
2.516672500,-2.558898431
2.517257500,-2.569684595
2.517842500,-2.580470759
2.518427500,-2.591256924
2.519012500,-2.602043088
2.519597500,-2.608829252
2.520182500,-2.619615417
2.520767500,-2.630401581
2.521352500,-2.637187745
2.521937500,-2.647973910
2.522522500,-2.654760074
2.523107500,-2.661546238
2.523692500,-2.672332403
2.524277500,-2.679118567
2.524862500,-2.685904731
2.525447500,-2.696690896
2.526032500,-2.703477060
2.526617500,-2.710263224
2.527202500,-2.717049389
2.527787500,-2.723835553
2.528372500,-2.730621717
2.528957500,-2.737407882
2.529542500,-2.744194046
2.530127500,-2.754980210
2.530712500,-2.761766375
2.531297500,-2.768552539
2.531882500,-2.775338703
2.532467500,-2.782124868
2.533052500,-2.788911032
2.533637500,-2.795697196
2.534222500,-2.802483361
2.534807500,-2.809269525
2.535392500,-2.816055689
2.535977500,-2.822841854
2.536562500,-2.829628018
2.537147500,-2.836414182
2.537732500,-2.847200347
2.538317500,-2.853986511
2.538902500,-2.860772676
2.539487500,-2.867558840
2.540072500,-2.878345004
2.540657500,-2.885131169
2.541242500,-2.891917333
2.541827500,-2.902703497
2.542412500,-2.909489662
2.542997500,-2.916275826
2.543582500,-2.927061990
2.544167500,-2.937848155
2.544752500,-2.944634319
2.545337500,-2.955420483
2.545922500,-2.966206648
2.546507500,-2.976992812
2.547092500,-2.987778976
2.547677500,-2.998565141
2.548262500,-3.005351305
2.548847500,-3.016137469
2.549432500,-3.030923634
2.550017600,-3.037710958
2.550602600,-3.048497122
2.551187600,-3.063283287
2.551772600,-3.074069451
2.552357600,-3.084855615
2.552942600,-3.099641780
2.553527600,-3.110427944
2.554112600,-3.121214108
2.554697600,-3.132000273
2.555282600,-3.150786437
2.555867600,-3.161572601
2.556452600,-3.172358766
2.557037600,-3.191144930
2.557622600,-3.201931094
2.558207600,-3.212717259
2.558792600,-3.231503423
2.559377600,-3.242289587
2.559962600,-3.257075752
2.560547600,-3.267861916
2.561132600,-3.286648081
2.561717600,-3.297434245
2.562302600,-3.312220409
2.562887600,-3.331006574
2.563472600,-3.341792738
2.564057600,-3.356578902
2.564642600,-3.375365067
2.565227600,-3.386151231
2.565812600,-3.400937395
2.566397600,-3.411723560
2.566982600,-3.430509724
2.567567600,-3.445295888
2.568152600,-3.456082053
2.568737600,-3.474868217
2.569322600,-3.489654381
2.569907600,-3.504440546
2.570492600,-3.523226710
2.571077600,-3.534012874
2.571662600,-3.548799039
2.572247600,-3.567585203
2.572832600,-3.578371367
2.573417600,-3.593157532
2.574002600,-3.603943696
2.574587600,-3.622729860
2.575172600,-3.633516025
2.575757600,-3.648302189
2.576342600,-3.667088353
2.576927600,-3.677874518
2.577512600,-3.688660682
2.578097600,-3.707446846
2.578682600,-3.718233011
2.579267600,-3.729019175
2.579852600,-3.743805339
2.580437600,-3.758591504
2.581022600,-3.769377668
2.581607600,-3.780163832
2.582192600,-3.794949997
2.582777600,-3.805736161
2.583362600,-3.816522325
2.583947600,-3.831308490
2.584532600,-3.842094654
2.585117600,-3.852880818
2.585702600,-3.863666983
2.586287600,-3.874453147
2.586872600,-3.885239312
2.587457600,-3.896025476
2.588042600,-3.906811640
2.588627600,-3.917597805
2.589212600,-3.924383969
2.589797600,-3.935170133
2.590382600,-3.945956298
2.590967600,-3.952742462
2.591552600,-3.963528626
2.592137600,-3.970314791
2.592722600,-3.977100955
2.593307600,-3.987887119
2.593892600,-3.994673284
2.594477600,-4.001459448
2.595062600,-4.008245612
2.595647600,-4.019031777
2.596232600,-4.025817941
2.596817600,-4.032604105
2.597402600,-4.039390270
2.597987600,-4.042176434
2.598572600,-4.048962598
2.599157600,-4.055748763
2.599742600,-4.062534927
2.600327600,-4.069321091
2.600912600,-4.072107256
2.601497600,-4.078893420
2.602082600,-4.085679584
2.602667600,-4.088465749
2.603252600,-4.095251913
2.603837600,-4.098038077
2.604422600,-4.104824242
2.605007600,-4.107610406
2.605592600,-4.110396570
2.606177600,-4.117182735
2.606762600,-4.119968899
2.607347600,-4.122755063
2.607932600,-4.129541228
2.608517600,-4.132327392
2.609102600,-4.135113556
2.609687600,-4.137899721
2.610272600,-4.144685885
2.610857600,-4.147472049
2.611442600,-4.150258214
2.612027600,-4.153044378
2.612612600,-4.159830543
2.613197600,-4.158616707
2.613782600,-4.161402871
2.614367600,-4.168189036
2.614952600,-4.166975200
2.615537600,-4.169761364
2.616122600,-4.176547529
2.616707600,-4.179333693
2.617292600,-4.178119857
2.617877600,-4.180906022
2.618462600,-4.187692186
2.619047600,-4.186478350
2.619632600,-4.189264515
2.620217600,-4.192050679
2.620802600,-4.190836843
2.621387600,-4.197623008
2.621972600,-4.200409172
2.622557600,-4.199195336
2.623142600,-4.201981501
2.623727600,-4.204767665
2.624312600,-4.207553829
2.624897600,-4.202339994
2.625482600,-4.205126158
2.626067600,-4.207912322
2.626652600,-4.206698487
2.627237600,-4.209484651
2.627822600,-4.212270815
2.628407600,-4.207056980
2.628992600,-4.209843144
2.629577600,-4.208629308
2.630162600,-4.211415473
2.630747600,-4.206201637
2.631332600,-4.208987801
2.631917600,-4.211773966
2.632502600,-4.206560130
2.633087600,-4.205346294
2.633672600,-4.208132459
2.634257600,-4.202918623
2.634842600,-4.201704787
2.635427600,-4.200490952
2.636012600,-4.203277116
2.636597600,-4.194063280
2.637182600,-4.196849445
2.637767600,-4.195635609
2.638352600,-4.186421774
2.638937600,-4.189207938
2.639522600,-4.187994102
2.640107600,-4.178780267
2.640692600,-4.177566431
2.641277600,-4.176352595
2.641862600,-4.175138760
2.642447600,-4.165924924
2.643032600,-4.164711088
2.643617600,-4.163497253
2.644202600,-4.154283417
2.644787600,-4.153069581
2.645372600,-4.151855746
2.645957600,-4.142641910
2.646542600,-4.137428074
2.647127600,-4.136214239
2.647712600,-4.135000403
2.648297600,-4.125786567
2.648882600,-4.120572732
2.649467600,-4.119358896
2.650052700,-4.110146220
2.650637700,-4.104932385
2.651222700,-4.103718549
2.651807700,-4.094504713
2.652392700,-4.089290878
2.652977700,-4.088077042
2.653562700,-4.078863206
2.654147700,-4.073649371
2.654732700,-4.072435535
2.655317700,-4.071221699
2.655902700,-4.058007864
2.656487700,-4.056794028
2.657072700,-4.055580192
2.657657700,-4.042366357
2.658242700,-4.041152521
2.658827700,-4.035938685
2.659412700,-4.026724850
2.659997700,-4.025511014
2.660582700,-4.020297178
2.661167700,-4.019083343
2.661752700,-4.005869507
2.662337700,-4.004655672
2.662922700,-4.003441836
2.663507700,-3.990228000
2.664092700,-3.989014165
2.664677700,-3.987800329
2.665262700,-3.974586493
2.665847700,-3.973372658
2.666432700,-3.972158822
2.667017700,-3.966944986
2.667602700,-3.957731151
2.668187700,-3.956517315
2.668772700,-3.951303479
2.669357700,-3.942089644
2.669942700,-3.936875808
2.670527700,-3.935661972
2.671112700,-3.922448137
2.671697700,-3.921234301
2.672282700,-3.920020465
2.672867700,-3.914806630
2.673452700,-3.905592794
2.674037700,-3.900378958
2.674622700,-3.899165123
2.675207700,-3.885951287
2.675792700,-3.884737451
2.676377700,-3.879523616
2.676962700,-3.866309780
2.677547700,-3.865095944
2.678132700,-3.863882109
2.678717700,-3.850668273
2.679302700,-3.845454437
2.679887700,-3.844240602
2.680472700,-3.839026766
2.681057700,-3.825812930
2.681642700,-3.820599095
2.682227700,-3.819385259
2.682812700,-3.802171423
2.683397700,-3.800957588
2.683982700,-3.795743752
2.684567700,-3.782529916
2.685152700,-3.777316081
2.685737700,-3.772102245
2.686322700,-3.770888410
2.686907700,-3.753674574
2.687492700,-3.748460738
2.688077700,-3.747246903
2.688662700,-3.730033067
2.689247700,-3.724819231
2.689832700,-3.719605396
2.690417700,-3.706391560
2.691002700,-3.701177724
2.691587700,-3.695963889
2.692172700,-3.690750053
2.692757700,-3.673536217
2.693342700,-3.668322382
2.693927700,-3.663108546
2.694512700,-3.649894710
2.695097700,-3.644680875
2.695682700,-3.639467039
2.696267700,-3.622253203
2.696852700,-3.617039368
2.697437700,-3.611825532
2.698022700,-3.606611696
2.698607700,-3.589397861
2.699192700,-3.584184025
2.699777700,-3.578970189
2.700362700,-3.561756354
2.700947700,-3.556542518
2.701532700,-3.551328682
2.702117700,-3.534114847
2.702702700,-3.532901011
2.703287700,-3.527687175
2.703872700,-3.522473340
2.704457700,-3.505259504
2.705042700,-3.500045668
2.705627700,-3.494831833
2.706212700,-3.477617997
2.706797700,-3.472404161
2.707382700,-3.467190326
2.707967700,-3.449976490
2.708552700,-3.444762654
2.709137700,-3.439548819
2.709722700,-3.426334983
2.710307700,-3.421121147
2.710892700,-3.415907312
2.711477700,-3.410693476
2.712062700,-3.393479641
2.712647700,-3.388265805
2.713232700,-3.387051969
2.713817700,-3.369838134
2.714402700,-3.364624298
2.714987700,-3.359410462
2.715572700,-3.346196627
2.716157700,-3.340982791
2.716742700,-3.335768955
2.717327700,-3.330555120
2.717912700,-3.317341284
2.718497700,-3.312127448
2.719082700,-3.306913613
2.719667700,-3.293699777
2.720252700,-3.288485941
2.720837700,-3.283272106
2.721422700,-3.270058270
2.722007700,-3.264844434
2.722592700,-3.259630599
2.723177700,-3.258416763
2.723762700,-3.241202927
2.724347700,-3.239989092
2.724932700,-3.234775256
2.725517700,-3.221561420
2.726102700,-3.216347585
2.726687700,-3.211133749
2.727272700,-3.197919913
2.727857700,-3.192706078
2.728442700,-3.191492242
2.729027700,-3.186278406
2.729612700,-3.173064571
2.730197700,-3.171850735
2.730782700,-3.166636899
2.731367700,-3.153423064
2.731952700,-3.148209228
2.732537700,-3.146995392
2.733122700,-3.133781557
2.733707700,-3.128567721
2.734292700,-3.123353885
2.734877700,-3.110140050
2.735462700,-3.108926214
2.736047700,-3.103712378
2.736632700,-3.102498543
2.737217700,-3.089284707
2.737802700,-3.084070872
2.738387700,-3.082857036
2.738972700,-3.065643200
2.739557700,-3.064429365
2.740142700,-3.059215529
2.740727700,-3.046001693
2.741312700,-3.044787858
2.741897700,-3.039574022
2.742482700,-3.034360186
2.743067700,-3.021146351
2.743652700,-3.019932515
2.744237700,-3.014718679
2.744822700,-3.001504844
2.745407700,-2.996291008
2.745992700,-2.991077172
2.746577700,-2.977863337
2.747162700,-2.972649501
2.747747700,-2.967435665
2.748332700,-2.966221830
2.748917700,-2.949007994
2.749502700,-2.943794158
2.750087800,-2.938581483
2.750672800,-2.925367647
2.751257800,-2.920153811
2.751842800,-2.914939976
2.752427800,-2.897726140
2.753012800,-2.892512304
2.753597800,-2.887298469
2.754182800,-2.882084633
2.754767800,-2.864870797
2.755352800,-2.859656962
2.755937800,-2.854443126
2.756522800,-2.837229290
2.757107800,-2.832015455
2.757692800,-2.826801619
2.758277800,-2.809587783
2.758862800,-2.804373948
2.759447800,-2.799160112
2.760032800,-2.781946276
2.760617800,-2.772732441
2.761202800,-2.767518605
2.761787800,-2.762304770
2.762372800,-2.745090934
2.762957800,-2.735877098
2.763542800,-2.730663263
2.764127800,-2.713449427
2.764712800,-2.704235591
2.765297800,-2.699021756
2.765882800,-2.681807920
2.766467800,-2.672594084
2.767052800,-2.667380249
2.767637800,-2.662166413
2.768222800,-2.640952577
2.768807800,-2.635738742
2.769392800,-2.630524906
2.769977800,-2.609311070
2.770562800,-2.600097235
2.771147800,-2.594883399
2.771732800,-2.573669563
2.772317800,-2.568455728
2.772902800,-2.563241892
2.773487800,-2.554028056
2.774072800,-2.536814221
2.774657800,-2.527600385
2.775242800,-2.522386549
2.775827800,-2.501172714
2.776412800,-2.495958878
2.776997800,-2.486745042
2.777582800,-2.465531207
2.778167800,-2.460317371
2.778752800,-2.451103535
2.779337800,-2.445889700
2.779922800,-2.424675864
2.780507800,-2.415462028
2.781092800,-2.410248193
2.781677800,-2.389034357
2.782262800,-2.379820521
2.782847800,-2.374606686
2.783432800,-2.353392850
2.784017800,-2.344179014
2.784602800,-2.334965179
2.785187800,-2.329751343
2.785772800,-2.308537507
2.786357800,-2.299323672
2.786942800,-2.290109836
2.787527800,-2.268896001
2.788112800,-2.259682165
2.788697800,-2.250468329
2.789282800,-2.229254494
2.789867800,-2.220040658
2.790452800,-2.214826822
2.791037800,-2.189612987
2.791622800,-2.180399151
2.792207800,-2.171185315
2.792792800,-2.161971480
2.793377800,-2.140757644
2.793962800,-2.131543808
2.794547800,-2.122329973
2.795132800,-2.097116137
2.795717800,-2.087902301
2.796302800,-2.078688466
2.796887800,-2.053474630
2.797472800,-2.044260794
2.798057800,-2.035046959
2.798642800,-2.025833123
2.799227800,-2.000619287
2.799812800,-1.991405452
2.800397800,-1.982191616
2.800982800,-1.956977780
2.801567800,-1.947763945
2.802152800,-1.938550109
2.802737800,-1.913336273
2.803322800,-1.900122438
2.803907800,-1.890908602
2.804492800,-1.881694766
2.805077800,-1.856480931
2.805662800,-1.847267095
2.806247800,-1.838053259
2.806832800,-1.808839424
2.807417800,-1.799625588
2.808002800,-1.790411752
2.808587800,-1.765197917
2.809172800,-1.755984081
2.809757800,-1.746770245
2.810342800,-1.733556410
2.810927800,-1.708342574
2.811512800,-1.699128739
2.812097800,-1.689914903
2.812682800,-1.664701067
2.813267800,-1.655487232
2.813852800,-1.642273396
2.814437800,-1.617059560
2.815022800,-1.607845725
2.815607800,-1.598631889
2.816192800,-1.573418053
2.816777800,-1.564204218
2.817362800,-1.554990382
2.817947800,-1.545776546
2.818532800,-1.520562711
2.819117800,-1.511348875
2.819702800,-1.502135039
2.820287800,-1.476921204
2.820872800,-1.467707368
2.821457800,-1.458493532
2.822042800,-1.433279697
2.822627800,-1.424065861
2.823212800,-1.418852025
2.823797800,-1.409638190
2.824382800,-1.384424354
2.824967800,-1.375210518
2.825552800,-1.365996683
2.826137800,-1.344782847
2.826722800,-1.335569011
2.827307800,-1.326355176
2.827892800,-1.305141340
2.828477800,-1.295927504
2.829062800,-1.286713669
2.829647800,-1.277499833
2.830232800,-1.256285997
2.830817800,-1.247072162
2.831402800,-1.241858326
2.831987800,-1.216644490
2.832572800,-1.211430655
2.833157800,-1.202216819
2.833742800,-1.181002983
2.834327800,-1.171789148
2.834912800,-1.166575312
2.835497800,-1.157361476
2.836082800,-1.136147641
2.836667800,-1.126933805
2.837252800,-1.121719970
2.837837800,-1.100506134
2.838422800,-1.091292298
2.839007800,-1.086078463
2.839592800,-1.064864627
2.840177800,-1.055650791
2.840762800,-1.050436956
2.841347800,-1.045223120
2.841932800,-1.024009284
2.842517800,-1.014795449
2.843102800,-1.009581613
2.843687800,-0.988367777
2.844272800,-0.983153942
2.844857800,-0.977940106
2.845442800,-0.956726270
2.846027800,-0.951512435
2.846612800,-0.942298599
2.847197800,-0.925084763
2.847782800,-0.919870928
2.848367800,-0.910657092
2.848952800,-0.905443256
2.849537800,-0.888229421
2.850122900,-0.879016745
2.850707900,-0.873802909
2.851292900,-0.856589074
2.851877900,-0.851375238
2.852462900,-0.842161402
2.853047900,-0.824947567
2.853632900,-0.819733731
2.854217900,-0.814519895
2.854802900,-0.809306060
2.855387900,-0.792092224
2.855972900,-0.782878388
2.856557900,-0.777664553
2.857142900,-0.760450717
2.857727900,-0.755236881
2.858312900,-0.750023046
2.858897900,-0.732809210
2.859482900,-0.727595374
2.860067900,-0.722381539
2.860652900,-0.717167703
2.861237900,-0.699953868
2.861822900,-0.694740032
2.862407900,-0.689526196
2.862992900,-0.672312361
2.863577900,-0.667098525
2.864162900,-0.661884689
2.864747900,-0.644670854
2.865332900,-0.639457018
2.865917900,-0.634243182
2.866502900,-0.629029347
2.867087900,-0.611815511
2.867672900,-0.606601675
2.868257900,-0.601387840
2.868842900,-0.584174004
2.869427900,-0.578960168
2.870012900,-0.573746333
2.870597900,-0.556532497
2.871182900,-0.551318661
2.871767900,-0.546104826
2.872352900,-0.528890990
2.872937900,-0.523677154
2.873522900,-0.518463319
2.874107900,-0.513249483
2.874692900,-0.496035647
2.875277900,-0.490821812
2.875862900,-0.485607976
2.876447900,-0.468394140
2.877032900,-0.463180305
2.877617900,-0.457966469
2.878202900,-0.440752633
2.878787900,-0.435538798
2.879372900,-0.430324962
2.879957900,-0.425111126
2.880542900,-0.407897291
2.881127900,-0.402683455
2.881712900,-0.393469619
2.882297900,-0.376255784
2.882882900,-0.371041948
2.883467900,-0.365828112
2.884052900,-0.348614277
2.884637900,-0.343400441
2.885222900,-0.338186605
2.885807900,-0.328972770
2.886392900,-0.311758934
2.886977900,-0.306545099
2.887562900,-0.301331263
2.888147900,-0.284117427
2.888732900,-0.278903592
2.889317900,-0.269689756
2.889902900,-0.252475920
2.890487900,-0.247262085
2.891072900,-0.242048249
2.891657900,-0.236834413
2.892242900,-0.219620578
2.892827900,-0.210406742
2.893412900,-0.205192906
2.893997900,-0.187979071
2.894582900,-0.182765235
2.895167900,-0.177551399
2.895752900,-0.160337564
2.896337900,-0.155123728
2.896922900,-0.149909892
2.897507900,-0.128696057
2.898092900,-0.123482221
2.898677900,-0.118268385
2.899262900,-0.113054550
2.899847900,-0.095840714
2.900432900,-0.090626878
2.901017900,-0.085413043
2.901602900,-0.068199207
2.902187900,-0.062985371
2.902772900,-0.057771536
2.903357900,-0.040557700
2.903942900,-0.035343864
2.904527900,-0.030130029
2.905112900,-0.024916193
2.905697900,-0.011702357
2.906282900,-0.006488522
2.906867900,-0.001274686
2.907452900,0.015939150
2.908037900,0.021152985
2.908622900,0.026366821
2.909207900,0.039580657
2.909792900,0.044794492
2.910377900,0.050008328
2.910962900,0.055222164
2.911547900,0.068435999
2.912132900,0.073649835
2.912717900,0.078863670
2.913302900,0.096077506
2.913887900,0.097291342
2.914472900,0.102505177
2.915057900,0.119719013
2.915642900,0.120932849
2.916227900,0.126146684
2.916812900,0.131360520
2.917397900,0.144574356
2.917982900,0.149788191
2.918567900,0.155002027
2.919152900,0.168215863
2.919737900,0.173429698
2.920322900,0.178643534
2.920907900,0.191857370
2.921492900,0.197071205
2.922077900,0.198285041
2.922662900,0.203498877
2.923247900,0.216712712
2.923832900,0.221926548
2.924417900,0.227140384
2.925002900,0.240354219
2.925587900,0.245568055
2.926172900,0.250781891
2.926757900,0.263995726
2.927342900,0.269209562
2.927927900,0.274423398
2.928512900,0.287637233
2.929097900,0.292851069
2.929682900,0.294064905
2.930267900,0.299278740
2.930852900,0.316492576
2.931437900,0.321706412
2.932022900,0.322920247
2.932607900,0.340134083
2.933192900,0.345347919
2.933777900,0.346561754
2.934362900,0.363775590
2.934947900,0.368989426
2.935532900,0.374203261
2.936117900,0.379417097
2.936702900,0.392630932
2.937287900,0.397844768
2.937872900,0.403058604
2.938457900,0.420272439
2.939042900,0.425486275
2.939627900,0.426700111
2.940212900,0.443913946
2.940797900,0.449127782
2.941382900,0.454341618
2.941967900,0.459555453
2.942552900,0.476769289
2.943137900,0.481983125
2.943722900,0.487196960
2.944307900,0.504410796
2.944892900,0.509624632
2.945477900,0.514838467
2.946062900,0.532052303
2.946647900,0.537266139
2.947232900,0.542479974
2.947817900,0.547693810
2.948402900,0.564907646
2.948987900,0.570121481
2.949572900,0.575335317
2.950158000,0.592547993
2.950743000,0.601761828
2.951328000,0.606975664
2.951913000,0.624189500
2.952498000,0.629403335
2.953083000,0.634617171
2.953668000,0.655831007
2.954253000,0.661044842
2.954838000,0.666258678
2.955423000,0.671472514
2.956008000,0.692686349
2.956593000,0.697900185
2.957178000,0.703114021
2.957763000,0.720327856
2.958348000,0.729541692
2.958933000,0.734755528
2.959518000,0.755969363
2.960103000,0.761183199
2.960688000,0.766397034
2.961273000,0.771610870
2.961858000,0.792824706
2.962443000,0.798038541
2.963028000,0.807252377
2.963613000,0.828466213
2.964198000,0.833680048
2.964783000,0.838893884
2.965368000,0.860107720
2.965953000,0.869321555
2.966538000,0.874535391
2.967123000,0.883749227
2.967708000,0.904963062
2.968293000,0.910176898
2.968878000,0.919390734
2.969463000,0.940604569
2.970048000,0.945818405
2.970633000,0.955032241
2.971218000,0.976246076
2.971803000,0.981459912
2.972388000,0.990673748
2.972973000,0.999887583
2.973558000,1.021101419
2.974143000,1.030315255
2.974728000,1.035529090
2.975313000,1.060742926
2.975898000,1.065956762
2.976483000,1.075170597
2.977068000,1.100384433
2.977653000,1.105598269
2.978238000,1.114812104
2.978823000,1.140025940
2.979408000,1.145239776
2.979993000,1.154453611
2.980578000,1.163667447
2.981163000,1.188881283
2.981748000,1.194095118
2.982333000,1.203308954
2.982918000,1.228522790
2.983503000,1.237736625
2.984088000,1.246950461
2.984673000,1.272164297
2.985258000,1.277378132
2.985843000,1.286591968
2.986428000,1.295805803
2.987013000,1.321019639
2.987598000,1.330233475
2.988183000,1.339447310
2.988768000,1.364661146
2.989353000,1.373874982
2.989938000,1.383088817
2.990523000,1.408302653
2.991108000,1.413516489
2.991693000,1.422730324
2.992278000,1.431944160
2.992863000,1.457157996
2.993448000,1.466371831
2.994033000,1.475585667
2.994618000,1.500799503
2.995203000,1.510013338
2.995788000,1.519227174
2.996373000,1.544441010
2.996958000,1.553654845
2.997543000,1.562868681
2.998128000,1.568082517
2.998713000,1.593296352
2.999298000,1.602510188
2.999883000,1.611724024
3.000468000,1.636937859
3.001053000,1.642151695
3.001638000,1.651365531
3.002223000,1.676579366
3.002808000,1.685793202
3.003393000,1.695007038
3.003978000,1.700220873
3.004563000,1.725434709
3.005148000,1.734648545
3.005733000,1.739862380
3.006318000,1.765076216
3.006903000,1.774290052
3.007488000,1.779503887
3.008073000,1.804717723
3.008658000,1.809931559
3.009243000,1.819145394
3.009828000,1.840359230
3.010413000,1.849573066
3.010998000,1.854786901
3.011583000,1.864000737
3.012168000,1.885214572
3.012753000,1.894428408
3.013338000,1.899642244
3.013923000,1.920856079
3.014508000,1.930069915
3.015093000,1.935283751
3.015678000,1.956497586
3.016263000,1.965711422
3.016848000,1.970925258
3.017433000,1.980139093
3.018018000,2.001352929
3.018603000,2.006566765
3.019188000,2.011780600
3.019773000,2.032994436
3.020358000,2.038208272
3.020943000,2.047422107
3.021528000,2.064635943
3.022113000,2.073849779
3.022698000,2.079063614
3.023283000,2.084277450
3.023868000,2.105491286
3.024453000,2.110705121
3.025038000,2.119918957
3.025623000,2.137132793
3.026208000,2.142346628
3.026793000,2.151560464
3.027378000,2.168774300
3.027963000,2.173988135
3.028548000,2.179201971
3.029133000,2.188415807
3.029718000,2.205629642
3.030303000,2.210843478
3.030888000,2.216057314
3.031473000,2.237271149
3.032058000,2.242484985
3.032643000,2.247698821
3.033228000,2.264912656
3.033813000,2.270126492
3.034398000,2.275340328
3.034983000,2.292554163
3.035568000,2.297767999
3.036153000,2.302981835
3.036738000,2.308195670
3.037323000,2.329409506
3.037908000,2.334623341
3.038493000,2.339837177
3.039078000,2.357051013
3.039663000,2.358264848
3.040248000,2.363478684
3.040833000,2.380692520
3.041418000,2.385906355
3.042003000,2.391120191
3.042588000,2.396334027
3.043173000,2.413547862
3.043758000,2.418761698
3.044343000,2.423975534
3.044928000,2.437189369
3.045513000,2.442403205
3.046098000,2.447617041
3.046683000,2.464830876
3.047268000,2.466044712
3.047853000,2.471258548
3.048438000,2.476472383
3.049023000,2.489686219
3.049608000,2.494900055
3.050193100,2.500112730
3.050778100,2.513326566
3.051363100,2.518540402
3.051948100,2.519754237
3.052533100,2.536968073
3.053118100,2.538181909
3.053703100,2.543395744
3.054288100,2.544609580
3.054873100,2.557823416
3.055458100,2.563037251
3.056043100,2.568251087
3.056628100,2.581464923
3.057213100,2.582678758
3.057798100,2.587892594
3.058383100,2.597106430
3.058968100,2.602320265
3.059553100,2.603534101
3.060138100,2.608747936
3.060723100,2.617961772
3.061308100,2.623175608
3.061893100,2.624389443
3.062478100,2.637603279
3.063063100,2.638817115
3.063648100,2.640030950
3.064233100,2.653244786
3.064818100,2.654458622
3.065403100,2.655672457
3.065988100,2.668886293
3.066573100,2.670100129
3.067158100,2.671313964
3.067743100,2.672527800
3.068328100,2.681741636
3.068913100,2.682955471
3.069498100,2.684169307
3.070083100,2.697383143
3.070668100,2.698596978
3.071253100,2.699810814
3.071838100,2.709024650
3.072423100,2.710238485
3.073008100,2.711452321
3.073593100,2.712666157
3.074178100,2.721879992
3.074763100,2.723093828
3.075348100,2.724307664
3.075933100,2.733521499
3.076518100,2.734735335
3.077103100,2.735949171
3.077688100,2.745163006
3.078273100,2.742376842
3.078858100,2.743590678
3.079443100,2.744804513
3.080028100,2.754018349
3.080613100,2.755232185
3.081198100,2.756446020
3.081783100,2.765659856
3.082368100,2.762873692
3.082953100,2.764087527
3.083538100,2.773301363
3.084123100,2.774515199
3.084708100,2.775729034
3.085293100,2.776942870
3.085878100,2.782156705
3.086463100,2.783370541
3.087048100,2.784584377
3.087633100,2.793798212
3.088218100,2.795012048
3.088803100,2.796225884
3.089388100,2.801439719
3.089973100,2.802653555
3.090558100,2.803867391
3.091143100,2.813081226
3.091728100,2.814295062
3.092313100,2.811508898
3.092898100,2.812722733
3.093483100,2.821936569
3.094068100,2.823150405
3.094653100,2.824364240
3.095238100,2.833578076
3.095823100,2.830791912
3.096408100,2.832005747
3.096993100,2.841219583
3.097578100,2.842433419
3.098163100,2.843647254
3.098748100,2.844861090
3.099333100,2.850074926
3.099918100,2.851288761
3.100503100,2.852502597
3.101088100,2.861716433
3.101673100,2.862930268
3.102258100,2.864144104
3.102843100,2.869357940
3.103428100,2.870571775
3.104013100,2.871785611
3.104598100,2.872999447
3.105183100,2.882213282
3.105768100,2.883427118
3.106353100,2.880640954
3.106938100,2.889854789
3.107523100,2.891068625
3.108108100,2.892282461
3.108693100,2.897496296
3.109278100,2.898710132
3.109863100,2.899923968
3.110448100,2.901137803
3.111033100,2.906351639
3.111618100,2.907565474
3.112203100,2.908779310
3.112788100,2.913993146
3.113373100,2.915206981
3.113958100,2.912420817
3.114543100,2.917634653
3.115128100,2.918848488
3.115713100,2.920062324
3.116298100,2.925276160
3.116883100,2.922489995
3.117468100,2.923703831
3.118053100,2.920917667
3.118638100,2.926131502
3.119223100,2.927345338
3.119808100,2.924559174
3.120393100,2.929773009
3.120978100,2.926986845
3.121563100,2.924200681
3.122148100,2.929414516
3.122733100,2.926628352
3.123318100,2.923842188
3.123903100,2.921056023
3.124488100,2.926269859
3.125073100,2.923483695
3.125658100,2.920697530
3.126243100,2.921911366
3.126828100,2.919125202
3.127413100,2.916339037
3.127998100,2.917552873
3.128583100,2.910766709
3.129168100,2.907980544
3.129753100,2.905194380
3.130338100,2.902408216
3.130923100,2.899622051
3.131508100,2.896835887
3.132093100,2.894049723
3.132678100,2.891263558
3.133263100,2.884477394
3.133848100,2.881691230
3.134433100,2.878905065
3.135018100,2.872118901
3.135603100,2.865332737
3.136188100,2.862546572
3.136773100,2.855760408
3.137358100,2.852974243
3.137943100,2.846188079
3.138528100,2.839401915
3.139113100,2.832615750
3.139698100,2.829829586
3.140283100,2.823043422
3.140868100,2.816257257
3.141453100,2.809471093
3.142038100,2.802684929
3.142623100,2.795898764
3.143208100,2.789112600
3.143793100,2.782326436
3.144378100,2.771540271
3.144963100,2.764754107
3.145548100,2.757967943
3.146133100,2.751181778
3.146718100,2.740395614
3.147303100,2.733609450
3.147888100,2.726823285
3.148473100,2.716037121
3.149058100,2.709250957
3.149643100,2.698464792
3.150228200,2.691677468
3.150813200,2.684891304
3.151398200,2.674105139
3.151983200,2.667318975
3.152568200,2.656532811
3.153153200,2.649746646
3.153738200,2.638960482
3.154323200,2.632174318
3.154908200,2.621388153
3.155493200,2.614601989
3.156078200,2.603815825
3.156663200,2.597029660
3.157248200,2.586243496
3.157833200,2.579457332
3.158418200,2.568671167
3.159003200,2.561885003
3.159588200,2.551098838
3.160173200,2.544312674
3.160758200,2.537526510
3.161343200,2.526740345
3.161928200,2.519954181
3.162513200,2.513168017
3.163098200,2.502381852
3.163683200,2.495595688
3.164268200,2.488809524
3.164853200,2.482023359
3.165438200,2.475237195
3.166023200,2.468451031
3.166608200,2.461664866
3.167193200,2.454878702
3.167778200,2.448092538
3.168363200,2.441306373
3.168948200,2.434520209
3.169533200,2.427734045
3.170118200,2.420947880
3.170703200,2.414161716
3.171288200,2.411375552
3.171873200,2.404589387
3.172458200,2.401803223
3.173043200,2.395017059
3.173628200,2.388230894
3.174213200,2.385444730
3.174798200,2.382658566
3.175383200,2.375872401
3.175968200,2.373086237
3.176553200,2.370300073
3.177138200,2.367513908
3.177723200,2.364727744
3.178308200,2.361941580
3.178893200,2.359155415
3.179478200,2.356369251
3.180063200,2.353583087
3.180648200,2.354796922
3.181233200,2.352010758
3.181818200,2.349224594
3.182403200,2.350438429
3.182988200,2.347652265
3.183573200,2.344866101
3.184158200,2.346079936
3.184743200,2.347293772
3.185328200,2.344507607
3.185913200,2.341721443
3.186498200,2.346935279
3.187083200,2.344149114
3.187668200,2.345362950
3.188253200,2.346576786
3.188838200,2.347790621
3.189423200,2.345004457
3.190008200,2.350218293
3.190593200,2.351432128
3.191178200,2.348645964
3.191763200,2.349859800
3.192348200,2.355073635
3.192933200,2.356287471
3.193518200,2.353501307
3.194103200,2.362715142
3.194688200,2.359928978
3.195273200,2.361142814
3.195858200,2.366356649
3.196443200,2.367570485
3.197028200,2.364784321
3.197613200,2.365998156
3.198198200,2.371211992
3.198783200,2.372425828
3.199368200,2.373639663
3.199953200,2.378853499
3.200538200,2.380067335
3.201123200,2.377281170
3.201708200,2.386495006
3.202293200,2.383708842
3.202878200,2.384922677
3.203463200,2.390136513
3.204048200,2.391350349
3.204633200,2.388564184
3.205218200,2.389778020
3.205803200,2.394991856
3.206388200,2.392205691
3.206973200,2.393419527
3.207558200,2.398633363
3.208143200,2.395847198
3.208728200,2.397061034
3.209313200,2.398274870
3.209898200,2.399488705
3.210483200,2.396702541
3.211068200,2.393916376
3.211653200,2.399130212
3.212238200,2.396344048
3.212823200,2.397557883
3.213408200,2.398771719
3.213993200,2.395985555
3.214578200,2.393199390
3.215163200,2.398413226
3.215748200,2.395627062
3.216333200,2.392840897
3.216918200,2.390054733
3.217503200,2.391268569
3.218088200,2.388482404
3.218673200,2.385696240
3.219258200,2.390910076
3.219843200,2.388123911
3.220428200,2.385337747
3.221013200,2.386551583
3.221598200,2.383765418
3.222183200,2.380979254
3.222768200,2.378193090
3.223353200,2.375406925
3.223938200,2.372620761
3.224523200,2.369834597
3.225108200,2.371048432
3.225693200,2.368262268
3.226278200,2.365476104
3.226863200,2.366689939
3.227448200,2.363903775
3.228033200,2.361117611
3.228618200,2.362331446
3.229203200,2.359545282
3.229788200,2.356759118
3.230373200,2.353972953
3.230958200,2.355186789
3.231543200,2.352400625
3.232128200,2.349614460
3.232713200,2.350828296
3.233298200,2.348042132
3.233883200,2.349255967
3.234468200,2.350469803
3.235053200,2.347683639
3.235638200,2.344897474
3.236223200,2.342111310
3.236808200,2.343325145
3.237393200,2.344538981
3.237978200,2.341752817
3.238563200,2.342966652
3.239148200,2.344180488
3.239733200,2.341394324
3.240318200,2.342608159
3.240903200,2.343821995
3.241488200,2.341035831
3.242073200,2.338249666
3.242658200,2.343463502
3.243243200,2.340677338
3.243828200,2.341891173
3.244413200,2.347105009
3.244998200,2.344318845
3.245583200,2.345532680
3.246168200,2.350746516
3.246753200,2.347960352
3.247338200,2.349174187
3.247923200,2.346388023
3.248508200,2.351601859
3.249093200,2.352815694
3.249678200,2.350029530
3.250263300,2.359242206
3.250848300,2.356456041
3.251433300,2.357669877
3.252018300,2.362883713
3.252603300,2.364097548
3.253188300,2.361311384
3.253773300,2.370525220
3.254358300,2.367739055
3.254943300,2.368952891
3.255528300,2.370166727
3.256113300,2.375380562
3.256698300,2.376594398
3.257283300,2.377808234
3.257868300,2.383022069
3.258453300,2.384235905
3.259038300,2.385449741
3.259623300,2.390663576
3.260208300,2.391877412
3.260793300,2.393091247
3.261378300,2.390305083
3.261963300,2.399518919
3.262548300,2.400732754
3.263133300,2.401946590
3.263718300,2.407160426
3.264303300,2.408374261
3.264888300,2.409588097
3.265473300,2.418801933
3.266058300,2.420015768
3.266643300,2.421229604
3.267228300,2.418443440
3.267813300,2.427657275
3.268398300,2.428871111
3.268983300,2.430084947
3.269568300,2.439298782
3.270153300,2.440512618
3.270738300,2.441726454
3.271323300,2.450940289
3.271908300,2.452154125
3.272493300,2.453367961
3.273078300,2.454581796
3.273663300,2.459795632
3.274248300,2.461009468
3.274833300,2.462223303
3.275418300,2.471437139
3.276003300,2.472650975
3.276588300,2.473864810
3.277173300,2.483078646
3.277758300,2.484292482
3.278343300,2.489506317
3.278928300,2.490720153
3.279513300,2.499933989
3.280098300,2.501147824
3.280683300,2.502361660
3.281268300,2.511575496
3.281853300,2.512789331
3.282438300,2.514003167
3.283023300,2.523217003
3.283608300,2.524430838
3.284193300,2.525644674
3.284778300,2.534858509
3.285363300,2.536072345
3.285948300,2.537286181
3.286533300,2.538500016
3.287118300,2.547713852
3.287703300,2.548927688
3.288288300,2.550141523
3.288873300,2.559355359
3.289458300,2.560569195
3.290043300,2.561783030
3.290628300,2.570996866
3.291213300,2.572210702
3.291798300,2.573424537
3.292383300,2.574638373
3.292968300,2.583852209
3.293553300,2.585066044
3.294138300,2.586279880
3.294723300,2.591493716
3.295308300,2.592707551
3.295893300,2.593921387
3.296478300,2.603135223
3.297063300,2.604349058
3.297648300,2.601562894
3.298233300,2.602776730
3.298818300,2.611990565
3.299403300,2.609204401
3.299988300,2.610418237
3.300573300,2.619632072
3.301158300,2.616845908
3.301743300,2.618059744
3.302328300,2.623273579
3.302913300,2.624487415
3.303498300,2.621701251
3.304083300,2.622915086
3.304668300,2.628128922
3.305253300,2.629342758
3.305838300,2.626556593
3.306423300,2.631770429
3.307008300,2.632984265
3.307593300,2.630198100
3.308178300,2.635411936
3.308763300,2.632625772
3.309348300,2.633839607
3.309933300,2.635053443
3.310518300,2.636267278
3.311103300,2.633481114
3.311688300,2.630694950
3.312273300,2.635908785
3.312858300,2.633122621
3.313443300,2.630336457
3.314028300,2.635550292
3.314613300,2.632764128
3.315198300,2.629977964
3.315783300,2.635191799
3.316368300,2.632405635
3.316953300,2.629619471
3.317538300,2.626833306
3.318123300,2.632047142
3.318708300,2.629260978
3.319293300,2.626474813
3.319878300,2.627688649
3.320463300,2.624902485
3.321048300,2.622116320
3.321633300,2.627330156
3.322218300,2.624543992
3.322803300,2.621757827
3.323388300,2.618971663
3.323973300,2.620185499
3.324558300,2.617399334
3.325143300,2.618613170
3.325728300,2.619827006
3.326313300,2.617040841
3.326898300,2.614254677
3.327483300,2.615468513
3.328068300,2.612682348
3.328653300,2.613896184
3.329238300,2.611110020
3.329823300,2.612323855
3.330408300,2.609537691
3.330993300,2.610751527
3.331578300,2.611965362
3.332163300,2.609179198
3.332748300,2.606393034
3.333333300,2.611606869
3.333918300,2.608820705
3.334503300,2.610034541
3.335088300,2.607248376
3.335673300,2.612462212
3.336258300,2.609676047
3.336843300,2.606889883
3.337428300,2.612103719
3.338013300,2.613317554
3.338598300,2.610531390
3.339183300,2.615745226
3.339768300,2.612959061
3.340353300,2.614172897
3.340938300,2.619386733
3.341523300,2.616600568
3.342108300,2.617814404
3.342693300,2.619028240
3.343278300,2.624242075
3.343863300,2.621455911
3.344448300,2.622669747
3.345033300,2.627883582
3.345618300,2.629097418
3.346203300,2.630311254
3.346788300,2.635525089
3.347373300,2.636738925
3.347958300,2.637952761
3.348543300,2.635166596
3.349128300,2.644380432
3.349713300,2.645594268
3.350298400,2.646806943
3.350883400,2.652020779
3.351468400,2.653234615
3.352053400,2.654448450
3.352638400,2.663662286
3.353223400,2.664876122
3.353808400,2.662089957
3.354393400,2.663303793
3.354978400,2.672517629
3.355563400,2.673731464
3.356148400,2.674945300
3.356733400,2.684159136
3.357318400,2.685372971
3.357903400,2.686586807
3.358488400,2.691800643
3.359073400,2.693014478
3.359658400,2.694228314
3.360243400,2.695442149
3.360828400,2.704655985
3.361413400,2.705869821
3.361998400,2.707083656
3.362583400,2.716297492
3.363168400,2.717511328
3.363753400,2.718725163
3.364338400,2.727938999
3.364923400,2.729152835
3.365508400,2.726366670
3.366093400,2.735580506
3.366678400,2.736794342
3.367263400,2.738008177
3.367848400,2.739222013
3.368433400,2.748435849
3.369018400,2.749649684
3.369603400,2.750863520
3.370188400,2.756077356
3.370773400,2.757291191
3.371358400,2.758505027
3.371943400,2.767718863
3.372528400,2.768932698
3.373113400,2.770146534
3.373698400,2.767360370
3.374283400,2.776574205
3.374868400,2.777788041
3.375453400,2.779001877
3.376038400,2.784215712
3.376623400,2.785429548
3.377208400,2.786643384
3.377793400,2.791857219
3.378378400,2.793071055
3.378963400,2.794284891
3.379548400,2.795498726
3.380133400,2.800712562
3.380718400,2.801926398
3.381303400,2.803140233
3.381888400,2.808354069
3.382473400,2.809567905
3.383058400,2.810781740
3.383643400,2.815995576
3.384228400,2.817209412
3.384813400,2.818423247
3.385398400,2.815637083
3.385983400,2.824850918
3.386568400,2.822064754
3.387153400,2.823278590
3.387738400,2.828492425
3.388323400,2.829706261
3.388908400,2.830920097
3.389493400,2.836133932
3.390078400,2.837347768
3.390663400,2.834561604
3.391248400,2.843775439
3.391833400,2.840989275
3.392418400,2.842203111
3.393003400,2.839416946
3.393588400,2.848630782
3.394173400,2.845844618
3.394758400,2.847058453
3.395343400,2.852272289
3.395928400,2.853486125
3.396513400,2.850699960
3.397098400,2.855913796
3.397683400,2.857127632
3.398268400,2.858341467
3.398853400,2.855555303
3.399438400,2.860769139
3.400023400,2.861982974
3.400608400,2.859196810
3.401193400,2.864410646
3.401778400,2.865624481
3.402363400,2.866838317
3.402948400,2.872052153
3.403533400,2.869265988
3.404118400,2.870479824
3.404703400,2.867693660
3.405288400,2.872907495
3.405873400,2.874121331
3.406458400,2.871335167
3.407043400,2.876549002
3.407628400,2.877762838
3.408213400,2.878976674
3.408798400,2.884190509
3.409383400,2.881404345
3.409968400,2.882618181
3.410553400,2.879832016
3.411138400,2.885045852
3.411723400,2.886259687
3.412308400,2.883473523
3.412893400,2.888687359
3.413478400,2.889901194
3.414063400,2.887115030
3.414648400,2.892328866
3.415233400,2.893542701
3.415818400,2.894756537
3.416403400,2.891970373
3.416988400,2.897184208
3.417573400,2.898398044
3.418158400,2.895611880
3.418743400,2.900825715
3.419328400,2.902039551
3.419913400,2.903253387
3.420498400,2.908467222
3.421083400,2.905681058
3.421668400,2.906894894
3.422253400,2.912108729
3.422838400,2.913322565
3.423423400,2.910536401
3.424008400,2.911750236
3.424593400,2.916964072
3.425178400,2.918177908
3.425763400,2.915391743
3.426348400,2.924605579
3.426933400,2.921819415
3.427518400,2.923033250
3.428103400,2.928247086
3.428688400,2.929460922
3.429273400,2.930674757
3.429858400,2.927888593
3.430443400,2.937102429
3.431028400,2.934316264
3.431613400,2.935530100
3.432198400,2.940743936
3.432783400,2.941957771
3.433368400,2.943171607
3.433953400,2.948385443
3.434538400,2.949599278
3.435123400,2.950813114
3.435708400,2.952026949
3.436293400,2.957240785
3.436878400,2.958454621
3.437463400,2.959668456
3.438048400,2.964882292
3.438633400,2.966096128
3.439218400,2.967309963
3.439803400,2.976523799
3.440388400,2.973737635
3.440973400,2.974951470
3.441558400,2.976165306
3.442143400,2.985379142
3.442728400,2.986592977
3.443313400,2.987806813
3.443898400,2.993020649
3.444483400,2.994234484
3.445068400,2.995448320
3.445653400,3.004662156
3.446238400,3.005875991
3.446823400,3.007089827
3.447408400,3.012303663
3.447993400,3.013517498
3.448578400,3.014731334
3.449163400,3.015945170
3.449748400,3.025159005
3.450333500,3.026371681
3.450918500,3.027585517
3.451503500,3.036799352
3.452088500,3.038013188
3.452673500,3.039227024
3.453258500,3.048440859
3.453843500,3.049654695
3.454428500,3.050868531
3.455013500,3.052082366
3.455598500,3.061296202
3.456183500,3.062510038
3.456768500,3.063723873
3.457353500,3.072937709
3.457938500,3.074151545
3.458523500,3.075365380
3.459108500,3.084579216
3.459693500,3.085793051
3.460278500,3.087006887
3.460863500,3.088220723
3.461448500,3.097434558
3.462033500,3.098648394
3.462618500,3.099862230
3.463203500,3.109076065
3.463788500,3.110289901
3.464373500,3.111503737
3.464958500,3.120717572
3.465543500,3.121931408
3.466128500,3.123145244
3.466713500,3.124359079
3.467298500,3.133572915
3.467883500,3.134786751
3.468468500,3.136000586
3.469053500,3.145214422
3.469638500,3.146428258
3.470223500,3.147642093
3.470808500,3.156855929
3.471393500,3.158069765
3.471978500,3.159283600
3.472563500,3.168497436
3.473148500,3.169711272
3.473733500,3.170925107
3.474318500,3.172138943
3.474903500,3.185352779
3.475488500,3.186566614
3.476073500,3.187780450
3.476658500,3.196994286
3.477243500,3.198208121
3.477828500,3.199421957
3.478413500,3.208635793
3.478998500,3.209849628
3.479583500,3.211063464
3.480168500,3.212277300
3.480753500,3.225491135
3.481338500,3.226704971
3.481923500,3.227918807
3.482508500,3.237132642
3.483093500,3.238346478
3.483678500,3.239560314
3.484263500,3.248774149
3.484848500,3.249987985
3.485433500,3.251201820
3.486018500,3.256415656
3.486603500,3.265629492
3.487188500,3.266843327
3.487773500,3.268057163
3.488358500,3.277270999
3.488943500,3.278484834
3.489528500,3.279698670
3.490113500,3.292912506
3.490698500,3.294126341
3.491283500,3.295340177
3.491868500,3.296554013
3.492453500,3.305767848
3.493038500,3.306981684
3.493623500,3.308195520
3.494208500,3.321409355
3.494793500,3.322623191
3.495378500,3.323837027
3.495963500,3.333050862
3.496548500,3.334264698
3.497133500,3.335478534
3.497718500,3.336692369
3.498303500,3.345906205
3.498888500,3.351120041
3.499473500,3.352333876
3.500058500,3.361547712
3.500643500,3.362761548
3.501228500,3.363975383
3.501813500,3.373189219
3.502398500,3.374403055
3.502983500,3.375616890
3.503568500,3.384830726
3.504153500,3.386044562
3.504738500,3.387258397
3.505323500,3.392472233
3.505908500,3.401686069
3.506493500,3.402899904
3.507078500,3.404113740
3.507663500,3.413327576
3.508248500,3.414541411
3.508833500,3.415755247
3.509418500,3.424969083
3.510003500,3.426182918
3.510588500,3.427396754
3.511173500,3.428610589
3.511758500,3.437824425
3.512343500,3.439038261
3.512928500,3.436252096
3.513513500,3.445465932
3.514098500,3.446679768
3.514683500,3.447893603
3.515268500,3.457107439
3.515853500,3.458321275
3.516438500,3.459535110
3.517023500,3.460748946
3.517608500,3.465962782
3.518193500,3.467176617
3.518778500,3.468390453
3.519363500,3.477604289
3.519948500,3.474818124
3.520533500,3.476031960
3.521118500,3.485245796
3.521703500,3.486459631
3.522288500,3.483673467
3.522873500,3.484887303
3.523458500,3.494101138
3.524043500,3.491314974
3.524628500,3.492528810
3.525213500,3.497742645
3.525798500,3.498956481
3.526383500,3.500170317
3.526968500,3.505384152
3.527553500,3.502597988
3.528138500,3.503811824
3.528723500,3.509025659
3.529308500,3.510239495
3.529893500,3.507453331
3.530478500,3.508667166
3.531063500,3.513881002
3.531648500,3.511094838
3.532233500,3.512308673
3.532818500,3.517522509
3.533403500,3.514736345
3.533988500,3.515950180
3.534573500,3.521164016
3.535158500,3.518377852
3.535743500,3.515591687
3.536328500,3.516805523
3.536913500,3.522019358
3.537498500,3.519233194
3.538083500,3.516447030
3.538668500,3.521660865
3.539253500,3.518874701
3.539838500,3.516088537
3.540423500,3.521302372
3.541008500,3.518516208
3.541593500,3.519730044
3.542178500,3.516943879
3.542763500,3.518157715
3.543348500,3.515371551
3.543933500,3.516585386
3.544518500,3.517799222
3.545103500,3.515013058
3.545688500,3.512226893
3.546273500,3.517440729
3.546858500,3.514654565
3.547443500,3.511868400
3.548028500,3.509082236
3.548613500,3.510296072
3.549198500,3.511509907
3.549783500,3.508723743
3.550368600,3.509936419
3.550953600,3.507150254
3.551538600,3.504364090
3.552123600,3.509577926
3.552708600,3.506791761
3.553293600,3.504005597
3.553878600,3.501219433
3.554463600,3.502433268
3.555048600,3.499647104
3.555633600,3.496860940
3.556218600,3.502074775
3.556803600,3.499288611
3.557388600,3.496502447
3.557973600,3.497716282
3.558558600,3.494930118
3.559143600,3.492143953
3.559728600,3.497357789
3.560313600,3.494571625
3.560898600,3.491785460
3.561483600,3.488999296
3.562068600,3.490213132
3.562653600,3.487426967
3.563238600,3.488640803
3.563823600,3.489854639
3.564408600,3.487068474
3.564993600,3.484282310
3.565578600,3.485496146
3.566163600,3.482709981
3.566748600,3.483923817
3.567333600,3.481137653
3.567918600,3.482351488
3.568503600,3.479565324
3.569088600,3.476779160
3.569673600,3.481992995
3.570258600,3.479206831
3.570843600,3.476420667
3.571428600,3.477634502
3.572013600,3.474848338
3.572598600,3.472062174
3.573183600,3.469276009
3.573768600,3.474489845
3.574353600,3.471703681
3.574938600,3.468917516
3.575523600,3.470131352
3.576108600,3.467345188
3.576693600,3.464559023
3.577278600,3.469772859
3.577863600,3.466986695
3.578448600,3.464200530
3.579033600,3.461414366
3.579618600,3.462628202
3.580203600,3.459842037
3.580788600,3.457055873
3.581373600,3.458269709
3.581958600,3.455483544
3.582543600,3.452697380
3.583128600,3.453911216
3.583713600,3.451125051
3.584298600,3.448338887
3.584883600,3.449552722
3.585468600,3.446766558
3.586053600,3.443980394
3.586638600,3.441194229
3.587223600,3.442408065
3.587808600,3.439621901
3.588393600,3.432835736
3.588978600,3.434049572
3.589563600,3.431263408
3.590148600,3.428477243
3.590733600,3.429691079
3.591318600,3.426904915
3.591903600,3.420118750
3.592488600,3.417332586
3.593073600,3.418546422
3.593658600,3.415760257
3.594243600,3.408974093
3.594828600,3.410187929
3.595413600,3.407401764
3.595998600,3.400615600
3.596583600,3.401829436
3.597168600,3.399043271
3.597753600,3.392257107
3.598338600,3.389470943
3.598923600,3.386684778
3.599508600,3.383898614
3.600093600,3.381112450
3.600678600,3.378326285
3.601263600,3.375540121
3.601848600,3.368753957
3.602433600,3.369967792
3.603018600,3.363181628
3.603603600,3.360395464
3.604188600,3.353609299
3.604773600,3.350823135
3.605358600,3.348036971
3.605943600,3.341250806
3.606528600,3.342464642
3.607113600,3.335678478
3.607698600,3.328892313
3.608283600,3.326106149
3.608868600,3.323319985
3.609453600,3.316533820
3.610038600,3.313747656
3.610623600,3.310961491
3.611208600,3.304175327
3.611793600,3.297389163
3.612378600,3.294602998
3.612963600,3.291816834
3.613548600,3.285030670
3.614133600,3.278244505
3.614718600,3.275458341
3.615303600,3.268672177
3.615888600,3.265886012
3.616473600,3.259099848
3.617058600,3.252313684
3.617643600,3.245527519
3.618228600,3.242741355
3.618813600,3.235955191
3.619398600,3.229169026
3.619983600,3.222382862
3.620568600,3.219596698
3.621153600,3.212810533
3.621738600,3.206024369
3.622323600,3.199238205
3.622908600,3.192452040
3.623493600,3.185665876
3.624078600,3.178879712
3.624663600,3.172093547
3.625248600,3.165307383
3.625833600,3.158521219
3.626418600,3.151735054
3.627003600,3.144948890
3.627588600,3.138162726
3.628173600,3.131376561
3.628758600,3.124590397
3.629343600,3.113804233
3.629928600,3.107018068
3.630513600,3.100231904
3.631098600,3.093445740
3.631683600,3.082659575
3.632268600,3.075873411
3.632853600,3.069087247
3.633438600,3.062301082
3.634023600,3.051514918
3.634608600,3.044728754
3.635193600,3.037942589
3.635778600,3.027156425
3.636363600,3.020370260
3.636948600,3.009584096
3.637533600,3.002797932
3.638118600,2.992011767
3.638703600,2.985225603
3.639288600,2.974439439
3.639873600,2.967653274
3.640458600,2.960867110
3.641043600,2.950080946
3.641628600,2.939294781
3.642213600,2.932508617
3.642798600,2.921722453
3.643383600,2.914936288
3.643968600,2.904150124
3.644553600,2.897363960
3.645138600,2.886577795
3.645723600,2.875791631
3.646308600,2.869005467
3.646893600,2.858219302
3.647478600,2.847433138
3.648063600,2.840646974
3.648648600,2.829860809
3.649233600,2.819074645
3.649818600,2.812288481
3.650403700,2.801501156
3.650988700,2.790714992
3.651573700,2.779928828
3.652158700,2.773142663
3.652743700,2.762356499
3.653328700,2.751570335
3.653913700,2.744784170
3.654498700,2.733998006
3.655083700,2.723211842
3.655668700,2.712425677
3.656253700,2.705639513
3.656838700,2.690853349
3.657423700,2.684067184
3.658008700,2.673281020
3.658593700,2.662494855
3.659178700,2.651708691
3.659763700,2.644922527
3.660348700,2.634136362
3.660933700,2.623350198
3.661518700,2.612564034
3.662103700,2.601777869
3.662688700,2.590991705
3.663273700,2.580205541
3.663858700,2.573419376
3.664443700,2.558633212
3.665028700,2.551847048
3.665613700,2.541060883
3.666198700,2.530274719
3.666783700,2.519488555
3.667368700,2.508702390
3.667953700,2.497916226
3.668538700,2.487130062
3.669123700,2.476343897
3.669708700,2.465557733
3.670293700,2.454771569
3.670878700,2.443985404
3.671463700,2.433199240
3.672048700,2.422413076
3.672633700,2.411626911
3.673218700,2.400840747
3.673803700,2.390054583
3.674388700,2.379268418
3.674973700,2.368482254
3.675558700,2.357696090
3.676143700,2.342909925
3.676728700,2.332123761
3.677313700,2.321337597
3.677898700,2.310551432
3.678483700,2.299765268
3.679068700,2.288979104
3.679653700,2.278192939
3.680238700,2.263406775
3.680823700,2.252620611
3.681408700,2.241834446
3.681993700,2.227048282
3.682578700,2.216262118
3.683163700,2.205475953
3.683748700,2.190689789
3.684333700,2.179903624
3.684918700,2.169117460
3.685503700,2.154331296
3.686088700,2.139545131
3.686673700,2.128758967
3.687258700,2.117972803
3.687843700,2.103186638
3.688428700,2.092400474
3.689013700,2.077614310
3.689598700,2.062828145
3.690183700,2.052041981
3.690768700,2.041255817
3.691353700,2.026469652
3.691938700,2.011683488
3.692523700,2.000897324
3.693108700,1.986111159
3.693693700,1.971324995
3.694278700,1.960538831
3.694863700,1.945752666
3.695448700,1.930966502
3.696033700,1.916180338
3.696618700,1.905394173
3.697203700,1.886608009
3.697788700,1.875821845
3.698373700,1.861035680
3.698958700,1.850249516
3.699543700,1.831463352
3.700128700,1.820677187
3.700713700,1.805891023
3.701298700,1.787104859
3.701883700,1.776318694
3.702468700,1.761532530
3.703053700,1.742746366
3.703638700,1.731960201
3.704223700,1.717174037
3.704808700,1.702387873
3.705393700,1.683601708
3.705978700,1.672815544
3.706563700,1.658029380
3.707148700,1.639243215
3.707733700,1.624457051
3.708318700,1.609670887
3.708903700,1.590884722
3.709488700,1.576098558
3.710073700,1.561312393
3.710658700,1.550526229
3.711243700,1.527740065
3.711828700,1.512953900
3.712413700,1.502167736
3.712998700,1.479381572
3.713583700,1.464595407
3.714168700,1.449809243
3.714753700,1.427023079
3.715338700,1.412236914
3.715923700,1.397450750
3.716508700,1.386664586
3.717093700,1.363878421
3.717678700,1.349092257
3.718263700,1.334306093
3.718848700,1.307519928
3.719433700,1.292733764
3.720018700,1.277947600
3.720603700,1.255161435
3.721188700,1.240375271
3.721773700,1.225589107
3.722358700,1.198802942
3.722943700,1.184016778
3.723528700,1.169230614
3.724113700,1.154444449
3.724698700,1.127658285
3.725283700,1.112872121
3.725868700,1.098085956
3.726453700,1.071299792
3.727038700,1.056513628
3.727623700,1.037727463
3.728208700,1.010941299
3.728793700,0.996155135
3.729378700,0.981368970
3.729963700,0.962582806
3.730548700,0.935796642
3.731133700,0.921010477
3.731718700,0.902224313
3.732303700,0.875438149
3.732888700,0.856651984
3.733473700,0.841865820
3.734058700,0.815079656
3.734643700,0.796293491
3.735228700,0.777507327
3.735813700,0.762721162
3.736398700,0.731934998
3.736983700,0.717148834
3.737568700,0.698362669
3.738153700,0.667576505
3.738738700,0.652790341
3.739323700,0.634004176
3.739908700,0.603218012
3.740493700,0.584431848
3.741078700,0.569645683
3.741663700,0.550859519
3.742248700,0.520073355
3.742833700,0.501287190
3.743418700,0.482501026
3.744003700,0.451714862
3.744588700,0.432928697
3.745173700,0.414142533
3.745758700,0.383356369
3.746343700,0.364570204
3.746928700,0.345784040
3.747513700,0.314997876
3.748098700,0.296211711
3.748683700,0.277425547
3.749268700,0.258639383
3.749853700,0.227853218
3.750438800,0.209065894
3.751023800,0.190279730
3.751608800,0.155493565
3.752193800,0.136707401
3.752778800,0.117921237
3.753363800,0.087135072
3.753948800,0.068348908
3.754533800,0.045562744
3.755118800,0.026776579
3.755703800,-0.004009585
3.756288800,-0.022795749
3.756873800,-0.041581914
3.757458800,-0.076368078
3.758043800,-0.095154242
3.758628800,-0.113940407
3.759213800,-0.148726571
3.759798800,-0.167512736
3.760383800,-0.186298900
3.760968800,-0.205085064
3.761553800,-0.235871229
3.762138800,-0.258657393
3.762723800,-0.277443557
3.763308800,-0.308229722
3.763893800,-0.327015886
3.764478800,-0.345802050
3.765063800,-0.376588215
3.765648800,-0.395374379
3.766233800,-0.414160543
3.766818800,-0.432946708
3.767403800,-0.463732872
3.767988800,-0.482519036
3.768573800,-0.501305201
3.769158800,-0.532091365
3.769743800,-0.550877529
3.770328800,-0.569663694
3.770913800,-0.596449858
3.771498800,-0.615236022
3.772083800,-0.634022187
3.772668800,-0.652808351
3.773253800,-0.679594515
3.773838800,-0.698380680
3.774423800,-0.713166844
3.775008800,-0.739953008
3.775593800,-0.758739173
3.776178800,-0.773525337
3.776763800,-0.800311501
3.777348800,-0.815097666
3.777933800,-0.833883830
3.778518800,-0.856669994
3.779103800,-0.871456159
3.779688800,-0.886242323
3.780273800,-0.901028487
3.780858800,-0.927814652
3.781443800,-0.942600816
3.782028800,-0.953386980
3.782613800,-0.976173145
3.783198800,-0.990959309
3.783783800,-1.005745474
3.784368800,-1.024531638
3.784953800,-1.039317802
3.785538800,-1.050103967
3.786123800,-1.064890131
3.786708800,-1.083676295
3.787293800,-1.094462460
3.787878800,-1.109248624
3.788463800,-1.124034788
3.789048800,-1.138820953
3.789633800,-1.149607117
3.790218800,-1.164393281
3.790803800,-1.175179446
3.791388800,-1.189965610
3.791973800,-1.200751774
3.792558800,-1.215537939
3.793143800,-1.226324103
3.793728800,-1.233110267
3.794313800,-1.247896432
3.794898800,-1.258682596
3.795483800,-1.269468760
3.796068800,-1.280254925
3.796653800,-1.291041089
3.797238800,-1.301827253
3.797823800,-1.308613418
3.798408800,-1.323399582
3.798993800,-1.330185746
3.799578800,-1.340971911
3.800163800,-1.351758075
3.800748800,-1.358544239
3.801333800,-1.369330404
3.801918800,-1.380116568
3.802503800,-1.386902732
3.803088800,-1.397688897
3.803673800,-1.404475061
3.804258800,-1.415261225
3.804843800,-1.422047390
3.805428800,-1.428833554
3.806013800,-1.439619718
3.806598800,-1.446405883
3.807183800,-1.457192047
3.807768800,-1.463978211
3.808353800,-1.474764376
3.808938800,-1.481550540
3.809523800,-1.488336705
3.810108800,-1.499122869
3.810693800,-1.505909033
3.811278800,-1.512695198
3.811863800,-1.523481362
3.812448800,-1.530267526
3.813033800,-1.537053691
3.813618800,-1.547839855
3.814203800,-1.554626019
3.814788800,-1.561412184
3.815373800,-1.572198348
3.815958800,-1.578984512
3.816543800,-1.589770677
3.817128800,-1.596556841
3.817713800,-1.607343005
3.818298800,-1.614129170
3.818883800,-1.620915334
3.819468800,-1.631701498
3.820053800,-1.638487663
3.820638800,-1.649273827
3.821223800,-1.656059991
3.821808800,-1.666846156
3.822393800,-1.673632320
3.822978800,-1.684418484
3.823563800,-1.691204649
3.824148800,-1.701990813
3.824733800,-1.708776977
3.825318800,-1.719563142
3.825903800,-1.730349306
3.826488800,-1.737135470
3.827073800,-1.747921635
3.827658800,-1.758707799
3.828243800,-1.765493963
3.828828800,-1.776280128
3.829413800,-1.787066292
3.829998800,-1.793852456
3.830583800,-1.804638621
3.831168800,-1.815424785
3.831753800,-1.822210949
3.832338800,-1.832997114
3.832923800,-1.843783278
3.833508800,-1.850569442
3.834093800,-1.861355607
3.834678800,-1.872141771
3.835263800,-1.878927936
3.835848800,-1.885714100
3.836433800,-1.896500264
3.837018800,-1.907286429
3.837603800,-1.914072593
3.838188800,-1.924858757
3.838773800,-1.931644922
3.839358800,-1.942431086
3.839943800,-1.949217250
3.840528800,-1.960003415
3.841113800,-1.966789579
3.841698800,-1.973575743
3.842283800,-1.980361908
3.842868800,-1.991148072
3.843453800,-1.997934236
3.844038800,-2.004720401
3.844623800,-2.011506565
3.845208800,-2.018292729
3.845793800,-2.025078894
3.846378800,-2.031865058
3.846963800,-2.038651222
3.847548800,-2.045437387
3.848133800,-2.052223551
3.848718800,-2.055009715
3.849303800,-2.061795880
3.849888800,-2.064582044
3.850473900,-2.067369368
3.851058900,-2.074155533
3.851643900,-2.076941697
3.852228900,-2.079727861
3.852813900,-2.086514026
3.853398900,-2.089300190
3.853983900,-2.092086354
3.854568900,-2.094872519
3.855153900,-2.097658683
3.855738900,-2.100444847
3.856323900,-2.099231012
3.856908900,-2.102017176
3.857493900,-2.104803340
3.858078900,-2.099589505
3.858663900,-2.102375669
3.859248900,-2.105161834
3.859833900,-2.099947998
3.860418900,-2.102734162
3.861003900,-2.105520327
3.861588900,-2.104306491
3.862173900,-2.099092655
3.862758900,-2.097878820
3.863343900,-2.100664984
3.863928900,-2.091451148
3.864513900,-2.094237313
3.865098900,-2.093023477
3.865683900,-2.083809641
3.866268900,-2.082595806
3.866853900,-2.085381970
3.867438900,-2.084168134
3.868023900,-2.074954299
3.868608900,-2.073740463
3.869193900,-2.072526627
3.869778900,-2.059312792
3.870363900,-2.058098956
3.870948900,-2.056885120
3.871533900,-2.047671285
3.872118900,-2.046457449
3.872703900,-2.041243613
3.873288900,-2.040029778
3.873873900,-2.030815942
3.874458900,-2.025602106
3.875043900,-2.024388271
3.875628900,-2.011174435
3.876213900,-2.009960599
3.876798900,-2.008746764
3.877383900,-1.995532928
3.877968900,-1.994319092
3.878553900,-1.989105257
3.879138900,-1.987891421
3.879723900,-1.974677585
3.880308900,-1.969463750
3.880893900,-1.968249914
3.881478900,-1.955036078
3.882063900,-1.953822243
3.882648900,-1.948608407
3.883233900,-1.935394571
3.883818900,-1.934180736
3.884403900,-1.928966900
3.884988900,-1.915753065
3.885573900,-1.914539229
3.886158900,-1.909325393
3.886743900,-1.908111558
3.887328900,-1.894897722
3.887913900,-1.889683886
3.888498900,-1.888470051
3.889083900,-1.875256215
3.889668900,-1.870042379
3.890253900,-1.868828544
3.890838900,-1.855614708
3.891423900,-1.850400872
3.892008900,-1.849187037
3.892593900,-1.843973201
3.893178900,-1.834759365
3.893763900,-1.829545530
3.894348900,-1.828331694
3.894933900,-1.815117858
3.895518900,-1.809904023
3.896103900,-1.808690187
3.896688900,-1.795476351
3.897273900,-1.794262516
3.897858900,-1.789048680
3.898443900,-1.787834844
3.899028900,-1.774621009
3.899613900,-1.773407173
3.900198900,-1.772193337
3.900783900,-1.758979502
3.901368900,-1.757765666
3.901953900,-1.752551830
3.902538900,-1.743337995
3.903123900,-1.738124159
3.903708900,-1.736910323
3.904293900,-1.735696488
3.904878900,-1.722482652
3.905463900,-1.721268816
3.906048900,-1.720054981
3.906633900,-1.710841145
3.907218900,-1.709627309
3.907803900,-1.704413474
3.908388900,-1.695199638
3.908973900,-1.693985803
3.909558900,-1.692771967
3.910143900,-1.691558131
3.910728900,-1.682344296
3.911313900,-1.681130460
3.911898900,-1.679916624
3.912483900,-1.670702789
3.913068900,-1.669488953
3.913653900,-1.668275117
3.914238900,-1.659061282
3.914823900,-1.657847446
3.915408900,-1.656633610
3.915993900,-1.647419775
3.916578900,-1.650205939
3.917163900,-1.648992103
3.917748900,-1.647778268
3.918333900,-1.638564432
3.918918900,-1.641350596
3.919503900,-1.640136761
3.920088900,-1.634922925
3.920673900,-1.633709089
3.921258900,-1.632495254
3.921843900,-1.627281418
3.922428900,-1.626067582
3.923013900,-1.628853747
3.923598900,-1.627639911
3.924183900,-1.622426075
3.924768900,-1.625212240
3.925353900,-1.623998404
3.925938900,-1.618784568
3.926523900,-1.621570733
3.927108900,-1.624356897
3.927693900,-1.619143061
3.928278900,-1.621929226
3.928863900,-1.620715390
3.929448900,-1.623501554
3.930033900,-1.618287719
3.930618900,-1.621073883
3.931203900,-1.623860047
3.931788900,-1.622646212
3.932373900,-1.621432376
3.932958900,-1.624218540
3.933543900,-1.623004705
3.934128900,-1.625790869
3.934713900,-1.628577034
3.935298900,-1.631363198
3.935883900,-1.630149362
3.936468900,-1.632935527
3.937053900,-1.635721691
3.937638900,-1.634507855
3.938223900,-1.637294020
3.938808900,-1.640080184
3.939393900,-1.638866348
3.939978900,-1.641652513
3.940563900,-1.648438677
3.941148900,-1.647224841
3.941733900,-1.650011006
3.942318900,-1.652797170
3.942903900,-1.655583334
3.943488900,-1.658369499
3.944073900,-1.661155663
3.944658900,-1.663941827
3.945243900,-1.666727992
3.945828900,-1.669514156
3.946413900,-1.672300320
3.946998900,-1.675086485
3.947583900,-1.677872649
3.948168900,-1.680658813
3.948753900,-1.687444978
3.949338900,-1.686231142
3.949923900,-1.689017306
3.950509000,-1.695804631
3.951094000,-1.694590795
3.951679000,-1.701376959
3.952264000,-1.704163124
3.952849000,-1.702949288
3.953434000,-1.709735452
3.954019000,-1.712521617
3.954604000,-1.715307781
3.955189000,-1.718093945
3.955774000,-1.720880110
3.956359000,-1.723666274
3.956944000,-1.726452438
3.957529000,-1.729238603
3.958114000,-1.732024767
3.958699000,-1.730810932
3.959284000,-1.737597096
3.959869000,-1.740383260
3.960454000,-1.743169425
3.961039000,-1.741955589
3.961624000,-1.748741753
3.962209000,-1.751527918
3.962794000,-1.750314082
3.963379000,-1.753100246
3.963964000,-1.755886411
3.964549000,-1.758672575
3.965134000,-1.761458739
3.965719000,-1.764244904
3.966304000,-1.763031068
3.966889000,-1.765817232
3.967474000,-1.768603397
3.968059000,-1.771389561
3.968644000,-1.774175725
3.969229000,-1.776961890
3.969814000,-1.779748054
3.970399000,-1.778534218
3.970984000,-1.781320383
3.971569000,-1.784106547
3.972154000,-1.782892711
3.972739000,-1.789678876
3.973324000,-1.792465040
3.973909000,-1.795251204
3.974494000,-1.794037369
3.975079000,-1.796823533
3.975664000,-1.799609697
3.976249000,-1.802395862
3.976834000,-1.805182026
3.977419000,-1.807968190
3.978004000,-1.806754355
3.978589000,-1.813540519
3.979174000,-1.816326683
3.979759000,-1.819112848
3.980344000,-1.821899012
3.980929000,-1.824685176
3.981514000,-1.827471341
3.982099000,-1.830257505
3.982684000,-1.833043669
3.983269000,-1.839829834
3.983854000,-1.842615998
3.984439000,-1.845402163
3.985024000,-1.848188327
3.985609000,-1.854974491
3.986194000,-1.857760656
3.986779000,-1.860546820
3.987364000,-1.867332984
3.987949000,-1.870119149
3.988534000,-1.876905313
3.989119000,-1.879691477
3.989704000,-1.886477642
3.990289000,-1.889263806
3.990874000,-1.896049970
3.991459000,-1.902836135
3.992044000,-1.905622299
3.992629000,-1.912408463
3.993214000,-1.919194628
3.993799000,-1.925980792
3.994384000,-1.932766956
3.994969000,-1.939553121
3.995554000,-1.946339285
3.996139000,-1.953125449
3.996724000,-1.959911614
3.997309000,-1.966697778
3.997894000,-1.973483942
3.998479000,-1.980270107
3.999064000,-1.987056271
3.999649000,-1.997842435
4.000234000,-2.004628600
4.000819000,-2.011414764
4.001404000,-2.022200928
4.001989000,-2.028987093
4.002574000,-2.039773257
4.003159000,-2.050559421
4.003744000,-2.057345586
4.004329000,-2.068131750
4.004914000,-2.074917914
4.005499000,-2.085704079
4.006084000,-2.096490243
4.006669000,-2.103276407
4.007254000,-2.114062572
4.007839000,-2.124848736
4.008424000,-2.135634900
4.009009000,-2.146421065
4.009594000,-2.157207229
4.010179000,-2.163993394
4.010764000,-2.174779558
4.011349000,-2.185565722
4.011934000,-2.196351887
4.012519000,-2.207138051
4.013104000,-2.217924215
4.013689000,-2.228710380
4.014274000,-2.239496544
4.014859000,-2.254282708
4.015444000,-2.261068873
4.016029000,-2.271855037
4.016614000,-2.282641201
4.017199000,-2.297427366
4.017784000,-2.304213530
4.018369000,-2.314999694
4.018954000,-2.329785859
4.019539000,-2.340572023
4.020124000,-2.347358187
4.020709000,-2.362144352
4.021294000,-2.372930516
4.021879000,-2.383716680
4.022464000,-2.394502845
4.023049000,-2.405289009
4.023634000,-2.416075173
4.024219000,-2.422861338
4.024804000,-2.437647502
4.025389000,-2.444433666
4.025974000,-2.455219831
4.026559000,-2.466005995
4.027144000,-2.476792159
4.027729000,-2.483578324
4.028314000,-2.494364488
4.028899000,-2.505150652
4.029484000,-2.511936817
4.030069000,-2.522722981
4.030654000,-2.533509145
4.031239000,-2.540295310
4.031824000,-2.551081474
4.032409000,-2.557867638
4.032994000,-2.568653803
4.033579000,-2.575439967
4.034164000,-2.582226132
4.034749000,-2.593012296
4.035334000,-2.599798460
4.035919000,-2.606584625
4.036504000,-2.613370789
4.037089000,-2.624156953
4.037674000,-2.630943118
4.038259000,-2.637729282
4.038844000,-2.644515446
4.039429000,-2.651301611
4.040014000,-2.658087775
4.040599000,-2.664873939
4.041184000,-2.671660104
4.041769000,-2.678446268
4.042354000,-2.685232432
4.042939000,-2.692018597
4.043524000,-2.694804761
4.044109000,-2.701590925
4.044694000,-2.708377090
4.045279000,-2.715163254
4.045864000,-2.717949418
4.046449000,-2.724735583
4.047034000,-2.727521747
4.047619000,-2.734307911
4.048204000,-2.737094076
4.048789000,-2.743880240
4.049374000,-2.750666404
4.049959000,-2.753452569
4.050544100,-2.756239893
4.051129100,-2.763026057
4.051714100,-2.765812222
4.052299100,-2.768598386
4.052884100,-2.775384550
4.053469100,-2.774170715
4.054054100,-2.780956879
4.054639100,-2.783743043
4.055224100,-2.786529208
4.055809100,-2.789315372
4.056394100,-2.792101536
4.056979100,-2.794887701
4.057564100,-2.793673865
4.058149100,-2.796460030
4.058734100,-2.799246194
4.059319100,-2.798032358
4.059904100,-2.800818523
4.060489100,-2.803604687
4.061074100,-2.806390851
4.061659100,-2.801177016
4.062244100,-2.803963180
4.062829100,-2.802749344
4.063414100,-2.797535509
4.063999100,-2.800321673
4.064584100,-2.799107837
4.065169100,-2.793894002
4.065754100,-2.792680166
4.066339100,-2.791466330
4.066924100,-2.790252495
4.067509100,-2.781038659
4.068094100,-2.779824823
4.068679100,-2.778610988
4.069264100,-2.765397152
4.069849100,-2.764183316
4.070434100,-2.758969481
4.071019100,-2.745755645
4.071604100,-2.744541809
4.072189100,-2.739327974
4.072774100,-2.734114138
4.073359100,-2.720900302
4.073944100,-2.715686467
4.074529100,-2.710472631
4.075114100,-2.689258795
4.075699100,-2.684044960
4.076284100,-2.678831124
4.076869100,-2.657617288
4.077454100,-2.652403453
4.078039100,-2.643189617
4.078624100,-2.621975781
4.079209100,-2.612761946
4.079794100,-2.607548110
4.080379100,-2.598334274
4.080964100,-2.573120439
4.081549100,-2.563906603
4.082134100,-2.554692767
4.082719100,-2.529478932
4.083304100,-2.520265096
4.083889100,-2.507051261
4.084474100,-2.481837425
4.085059100,-2.468623589
4.085644100,-2.459409754
4.086229100,-2.450195918
4.086814100,-2.420982082
4.087399100,-2.407768247
4.087984100,-2.394554411
4.088569100,-2.365340575
4.089154100,-2.356126740
4.089739100,-2.342912904
4.090324100,-2.309699068
4.090909100,-2.300485233
4.091494100,-2.287271397
4.092079100,-2.274057561
4.092664100,-2.240843726
4.093249100,-2.231629890
4.093834100,-2.218416054
4.094419100,-2.185202219
4.095004100,-2.171988383
4.095589100,-2.158774547
4.096174100,-2.125560712
4.096759100,-2.116346876
4.097344100,-2.103133040
4.097929100,-2.089919205
4.098514100,-2.056705369
4.099099100,-2.043491533
4.099684100,-2.030277698
4.100269100,-1.997063862
4.100854100,-1.983850026
4.101439100,-1.974636191
4.102024100,-1.941422355
4.102609100,-1.928208519
4.103194100,-1.914994684
4.103779100,-1.881780848
4.104364100,-1.872567012
4.104949100,-1.859353177
4.105534100,-1.846139341
4.106119100,-1.812925505
4.106704100,-1.803711670
4.107289100,-1.790497834
4.107874100,-1.757283998
4.108459100,-1.748070163
4.109044100,-1.734856327
4.109629100,-1.701642492
4.110214100,-1.692428656
4.110799100,-1.679214820
4.111384100,-1.670000985
4.111969100,-1.636787149
4.112554100,-1.627573313
4.113139100,-1.614359478
4.113724100,-1.585145642
4.114309100,-1.571931806
4.114894100,-1.562717971
4.115479100,-1.533504135
4.116064100,-1.520290299
4.116649100,-1.511076464
4.117234100,-1.497862628
4.117819100,-1.468648792
4.118404100,-1.459434957
4.118989100,-1.450221121
4.119574100,-1.421007285
4.120159100,-1.407793450
4.120744100,-1.398579614
4.121329100,-1.369365778
4.121914100,-1.360151943
4.122499100,-1.350938107
4.123084100,-1.337724271
4.123669100,-1.312510436
4.124254100,-1.299296600
4.124839100,-1.290082764
4.125424100,-1.260868929
4.126009100,-1.251655093
4.126594100,-1.242441257
4.127179100,-1.213227422
4.127764100,-1.204013586
4.128349100,-1.194799750
4.128934100,-1.185585915
4.129519100,-1.156372079
4.130104100,-1.147158243
4.130689100,-1.137944408
4.131274100,-1.112730572
4.131859100,-1.103516736
4.132444100,-1.094302901
4.133029100,-1.065089065
4.133614100,-1.055875229
4.134199100,-1.046661394
4.134784100,-1.021447558
4.135369100,-1.012233723
4.135954100,-1.003019887
4.136539100,-0.993806051
4.137124100,-0.968592216
4.137709100,-0.959378380
4.138294100,-0.950164544
4.138879100,-0.924950709
4.139464100,-0.915736873
4.140049100,-0.906523037
4.140634100,-0.881309202
4.141219100,-0.872095366
4.141804100,-0.862881530
4.142389100,-0.853667695
4.142974100,-0.832453859
4.143559100,-0.823240023
4.144144100,-0.814026188
4.144729100,-0.788812352
4.145314100,-0.779598516
4.145899100,-0.770384681
4.146484100,-0.749170845
4.147069100,-0.739957009
4.147654100,-0.730743174
4.148239100,-0.721529338
4.148824100,-0.700315502
4.149409100,-0.691101667
4.149994100,-0.681887831
4.150579200,-0.660675155
4.151164200,-0.651461320
4.151749200,-0.642247484
4.152334200,-0.621033648
4.152919200,-0.611819813
4.153504200,-0.606605977
4.154089200,-0.597392141
4.154674200,-0.576178306
4.155259200,-0.566964470
4.155844200,-0.557750634
4.156429200,-0.536536799
4.157014200,-0.527322963
4.157599200,-0.522109128
4.158184200,-0.500895292
4.158769200,-0.491681456
4.159354200,-0.486467621
4.159939200,-0.461253785
4.160524200,-0.456039949
4.161109200,-0.446826114
4.161694200,-0.441612278
4.162279200,-0.420398442
4.162864200,-0.411184607
4.163449200,-0.405970771
4.164034200,-0.384756935
4.164619200,-0.379543100
4.165204200,-0.370329264
4.165789200,-0.349115428
4.166374200,-0.343901593
4.166959200,-0.338687757
4.167544200,-0.329473921
4.168129200,-0.312260086
4.168714200,-0.303046250
4.169299200,-0.297832414
4.169884200,-0.276618579
4.170469200,-0.271404743
4.171054200,-0.266190907
4.171639200,-0.244977072
4.172224200,-0.239763236
4.172809200,-0.234549400
4.173394200,-0.225335565
4.173979200,-0.208121729
4.174564200,-0.202907893
4.175149200,-0.197694058
4.175734200,-0.176480222
4.176319200,-0.171266386
4.176904200,-0.166052551
4.177489200,-0.148838715
4.178074200,-0.143624879
4.178659200,-0.138411044
4.179244200,-0.129197208
4.179829200,-0.111983372
4.180414200,-0.106769537
4.180999200,-0.101555701
4.181584200,-0.084341865
4.182169200,-0.079128030
4.182754200,-0.073914194
4.183339200,-0.056700359
4.183924200,-0.051486523
4.184509200,-0.046272687
4.185094200,-0.045058852
4.185679200,-0.027845016
4.186264200,-0.022631180
4.186849200,-0.017417345
4.187434200,-0.000203509
4.188019200,0.001010327
4.188604200,0.006224162
4.189189200,0.023437998
4.189774200,0.028651834
4.190359200,0.029865669
4.190944200,0.047079505
4.191529200,0.052293341
4.192114200,0.053507176
4.192699200,0.058721012
4.193284200,0.071934848
4.193869200,0.077148683
4.194454200,0.082362519
4.195039200,0.095576355
4.195624200,0.096790190
4.196209200,0.102004026
4.196794200,0.115217862
4.197379200,0.116431697
4.197964200,0.121645533
4.198549200,0.126859369
4.199134200,0.136073204
4.199719200,0.141287040
4.200304200,0.142500876
4.200889200,0.155714711
4.201474200,0.160928547
4.202059200,0.162142383
4.202644200,0.175356218
4.203229200,0.176570054
4.203814200,0.177783890
4.204399200,0.182997725
4.204984200,0.192211561
4.205569200,0.197425397
4.206154200,0.198639232
4.206739200,0.207853068
4.207324200,0.213066904
4.207909200,0.214280739
4.208494200,0.223494575
4.209079200,0.228708410
4.209664200,0.229922246
4.210249200,0.231136082
4.210834200,0.240349917
4.211419200,0.241563753
4.212004200,0.242777589
4.212589200,0.255991424
4.213174200,0.257205260
4.213759200,0.258419096
4.214344200,0.267632931
4.214929200,0.268846767
4.215514200,0.270060603
4.216099200,0.279274438
4.216684200,0.280488274
4.217269200,0.281702110
4.217854200,0.282915945
4.218439200,0.292129781
4.219024200,0.293343617
4.219609200,0.294557452
4.220194200,0.299771288
4.220779200,0.300985124
4.221364200,0.302198959
4.221949200,0.311412795
4.222534200,0.312626631
4.223119200,0.313840466
4.223704200,0.311054302
4.224289200,0.320268138
4.224874200,0.321481973
4.225459200,0.322695809
4.226044200,0.327909645
4.226629200,0.329123480
4.227214200,0.330337316
4.227799200,0.335551152
4.228384200,0.336764987
4.228969200,0.333978823
4.229554200,0.335192659
4.230139200,0.344406494
4.230724200,0.341620330
4.231309200,0.342834166
4.231894200,0.348048001
4.232479200,0.349261837
4.233064200,0.346475673
4.233649200,0.355689508
4.234234200,0.352903344
4.234819200,0.354117179
4.235404200,0.351331015
4.235989200,0.356544851
4.236574200,0.357758686
4.237159200,0.354972522
4.237744200,0.360186358
4.238329200,0.361400193
4.238914200,0.358614029
4.239499200,0.363827865
4.240084200,0.365041700
4.240669200,0.362255536
4.241254200,0.367469372
4.241839200,0.364683207
4.242424200,0.365897043
4.243009200,0.363110879
4.243594200,0.368324714
4.244179200,0.365538550
4.244764200,0.366752386
4.245349200,0.367966221
4.245934200,0.369180057
4.246519200,0.366393893
4.247104200,0.371607728
4.247689200,0.368821564
4.248274200,0.366035400
4.248859200,0.363249235
4.249444200,0.368463071
4.250029300,0.365675747
4.250614300,0.366889582
4.251199300,0.368103418
4.251784300,0.365317254
4.252369300,0.366531089
4.252954300,0.367744925
4.253539300,0.364958761
4.254124300,0.366172596
4.254709300,0.363386432
4.255294300,0.364600268
4.255879300,0.361814103
4.256464300,0.363027939
4.257049300,0.364241774
4.257634300,0.361455610
4.258219300,0.362669446
4.258804300,0.363883281
4.259389300,0.361097117
4.259974300,0.358310953
4.260559300,0.359524788
4.261144300,0.360738624
4.261729300,0.357952460
4.262314300,0.355166295
4.262899300,0.360380131
4.263484300,0.357593967
4.264069300,0.354807802
4.264654300,0.360021638
4.265239300,0.357235474
4.265824300,0.354449309
4.266409300,0.351663145
4.266994300,0.356876981
4.267579300,0.354090816
4.268164300,0.351304652
4.268749300,0.356518488
4.269334300,0.353732323
4.269919300,0.350946159
4.270504300,0.356159995
4.271089300,0.353373830
4.271674300,0.350587666
4.272259300,0.351801502
4.272844300,0.353015337
4.273429300,0.350229173
4.274014300,0.347443009
4.274599300,0.352656844
4.275184300,0.349870680
4.275769300,0.347084516
4.276354300,0.348298351
4.276939300,0.349512187
4.277524300,0.346726023
4.278109300,0.347939858
4.278694300,0.345153694
4.279279300,0.342367530
4.279864300,0.343581365
4.280449300,0.344795201
4.281034300,0.342009037
4.281619300,0.339222872
4.282204300,0.344436708
4.282789300,0.341650543
4.283374300,0.338864379
4.283959300,0.340078215
4.284544300,0.337292050
4.285129300,0.334505886
4.285714300,0.331719722
4.286299300,0.332933557
4.286884300,0.334147393
4.287469300,0.331361229
4.288054300,0.332575064
4.288639300,0.329788900
4.289224300,0.327002736
4.289809300,0.328216571
4.290394300,0.325430407
4.290979300,0.322644243
4.291564300,0.319858078
4.292149300,0.317071914
4.292734300,0.314285750
4.293319300,0.311499585
4.293904300,0.312713421
4.294489300,0.309927257
4.295074300,0.307141092
4.295659300,0.308354928
4.296244300,0.301568764
4.296829300,0.298782599
4.297414300,0.299996435
4.297999300,0.293210271
4.298584300,0.290424106
4.299169300,0.287637942
4.299754300,0.284851778
4.300339300,0.282065613
4.300924300,0.279279449
4.301509300,0.276493285
4.302094300,0.273707120
4.302679300,0.266920956
4.303264300,0.268134792
4.303849300,0.261348627
4.304434300,0.258562463
4.305019300,0.251776299
4.305604300,0.248990134
4.306189300,0.246203970
4.306774300,0.239417806
4.307359300,0.236631641
4.307944300,0.233845477
4.308529300,0.227059312
4.309114300,0.224273148
4.309699300,0.217486984
4.310284300,0.214700819
4.310869300,0.207914655
4.311454300,0.205128491
4.312039300,0.198342326
4.312624300,0.191556162
4.313209300,0.188769998
4.313794300,0.181983833
4.314379300,0.175197669
4.314964300,0.172411505
4.315549300,0.165625340
4.316134300,0.158839176
4.316719300,0.152053012
4.317304300,0.149266847
4.317889300,0.142480683
4.318474300,0.135694519
4.319059300,0.128908354
4.319644300,0.122122190
4.320229300,0.115336026
4.320814300,0.108549861
4.321399300,0.101763697
4.321984300,0.094977533
4.322569300,0.088191368
4.323154300,0.081405204
4.323739300,0.074619040
4.324324300,0.067832875
4.324909300,0.061046711
4.325494300,0.054260547
4.326079300,0.047474382
4.326664300,0.036688218
4.327249300,0.029902054
4.327834300,0.023115889
4.328419300,0.016329725
4.329004300,0.009543561
4.329589300,-0.001242604
4.330174300,-0.008028768
4.330759300,-0.014814932
4.331344300,-0.025601097
4.331929300,-0.032387261
4.332514300,-0.043173425
4.333099300,-0.049959590
4.333684300,-0.056745754
4.334269300,-0.067531919
4.334854300,-0.074318083
4.335439300,-0.085104247
4.336024300,-0.091890412
4.336609300,-0.102676576
4.337194300,-0.109462740
4.337779300,-0.120248905
4.338364300,-0.127035069
4.338949300,-0.137821233
4.339534300,-0.144607398
4.340119300,-0.155393562
4.340704300,-0.166179726
4.341289300,-0.172965891
4.341874300,-0.183752055
4.342459300,-0.194538219
4.343044300,-0.201324384
4.343629300,-0.212110548
4.344214300,-0.222896712
4.344799300,-0.229682877
4.345384300,-0.240469041
4.345969300,-0.251255205
4.346554300,-0.262041370
4.347139300,-0.268827534
4.347724300,-0.279613698
4.348309300,-0.290399863
4.348894300,-0.301186027
4.349479300,-0.311972191
4.350064400,-0.322759516
4.350649400,-0.333545680
4.351234400,-0.340331844
4.351819400,-0.355118009
4.352404400,-0.361904173
4.352989400,-0.372690337
4.353574400,-0.383476502
4.354159400,-0.394262666
4.354744400,-0.405048830
4.355329400,-0.411834995
4.355914400,-0.426621159
4.356499400,-0.433407323
4.357084400,-0.444193488
4.357669400,-0.458979652
4.358254400,-0.465765817
4.358839400,-0.476551981
4.359424400,-0.491338145
4.360009400,-0.498124310
4.360594400,-0.508910474
4.361179400,-0.519696638
4.361764400,-0.530482803
4.362349400,-0.541268967
4.362934400,-0.552055131
4.363519400,-0.562841296
4.364104400,-0.573627460
4.364689400,-0.580413624
4.365274400,-0.595199789
4.365859400,-0.605985953
4.366444400,-0.612772117
4.367029400,-0.623558282
4.367614400,-0.634344446
4.368199400,-0.645130610
4.368784400,-0.655916775
4.369369400,-0.666702939
4.369954400,-0.677489103
4.370539400,-0.684275268
4.371124400,-0.699061432
4.371709400,-0.705847596
4.372294400,-0.716633761
4.372879400,-0.723419925
4.373464400,-0.738206089
4.374049400,-0.744992254
4.374634400,-0.755778418
4.375219400,-0.766564582
4.375804400,-0.777350747
4.376389400,-0.784136911
4.376974400,-0.794923075
4.377559400,-0.805709240
4.378144400,-0.812495404
4.378729400,-0.823281568
4.379314400,-0.834067733
4.379899400,-0.840853897
4.380484400,-0.851640061
4.381069400,-0.862426226
4.381654400,-0.869212390
4.382239400,-0.879998555
4.382824400,-0.890784719
4.383409400,-0.897570883
4.383994400,-0.908357048
4.384579400,-0.915143212
4.385164400,-0.925929376
4.385749400,-0.932715541
4.386334400,-0.943501705
4.386919400,-0.950287869
4.387504400,-0.961074034
4.388089400,-0.967860198
4.388674400,-0.978646362
4.389259400,-0.985432527
4.389844400,-0.996218691
4.390429400,-1.003004855
4.391014400,-1.013791020
4.391599400,-1.020577184
4.392184400,-1.027363348
4.392769400,-1.038149513
4.393354400,-1.044935677
4.393939400,-1.055721841
4.394524400,-1.062508006
4.395109400,-1.069294170
4.395694400,-1.080080334
4.396279400,-1.086866499
4.396864400,-1.093652663
4.397449400,-1.104438827
4.398034400,-1.111224992
4.398619400,-1.118011156
4.399204400,-1.124797320
4.399789400,-1.135583485
4.400374400,-1.142369649
4.400959400,-1.149155813
4.401544400,-1.155941978
4.402129400,-1.162728142
4.402714400,-1.169514306
4.403299400,-1.176300471
4.403884400,-1.183086635
4.404469400,-1.189872799
4.405054400,-1.196658964
4.405639400,-1.203445128
4.406224400,-1.210231292
4.406809400,-1.217017457
4.407394400,-1.219803621
4.407979400,-1.226589786
4.408564400,-1.233375950
4.409149400,-1.240162114
4.409734400,-1.242948279
4.410319400,-1.245734443
4.410904400,-1.252520607
4.411489400,-1.259306772
4.412074400,-1.262092936
4.412659400,-1.264879100
4.413244400,-1.271665265
4.413829400,-1.270451429
4.414414400,-1.277237593
4.414999400,-1.280023758
4.415584400,-1.278809922
4.416169400,-1.281596086
4.416754400,-1.288382251
4.417339400,-1.291168415
4.417924400,-1.289954579
4.418509400,-1.292740744
4.419094400,-1.291526908
4.419679400,-1.290313072
4.420264400,-1.293099237
4.420849400,-1.295885401
4.421434400,-1.290671565
4.422019400,-1.293457730
4.422604400,-1.292243894
4.423189400,-1.295030058
4.423774400,-1.289816223
4.424359400,-1.288602387
4.424944400,-1.291388551
4.425529400,-1.282174716
4.426114400,-1.284960880
4.426699400,-1.283747044
4.427284400,-1.274533209
4.427869400,-1.273319373
4.428454400,-1.272105537
4.429039400,-1.270891702
4.429624400,-1.261677866
4.430209400,-1.260464030
4.430794400,-1.259250195
4.431379400,-1.250036359
4.431964400,-1.248822523
4.432549400,-1.247608688
4.433134400,-1.234394852
4.433719400,-1.233181017
4.434304400,-1.231967181
4.434889400,-1.218753345
4.435474400,-1.217539510
4.436059400,-1.212325674
4.436644400,-1.211111838
4.437229400,-1.197898003
4.437814400,-1.196684167
4.438399400,-1.191470331
4.438984400,-1.178256496
4.439569400,-1.177042660
4.440154400,-1.171828824
4.440739400,-1.158614989
4.441324400,-1.157401153
4.441909400,-1.152187317
4.442494400,-1.150973482
4.443079400,-1.137759646
4.443664400,-1.132545810
4.444249400,-1.131331975
4.444834400,-1.118118139
4.445419400,-1.112904303
4.446004400,-1.111690468
4.446589400,-1.098476632
4.447174400,-1.093262796
4.447759400,-1.092048961
4.448344400,-1.086835125
4.448929400,-1.073621289
4.449514400,-1.072407454
4.450099500,-1.067194778
4.450684500,-1.057980942
4.451269500,-1.052767107
4.451854500,-1.051553271
4.452439500,-1.038339435
4.453024500,-1.033125600
4.453609500,-1.031911764
4.454194500,-1.030697928
4.454779500,-1.017484093
4.455364500,-1.016270257
4.455949500,-1.011056421
4.456534500,-1.001842586
4.457119500,-0.996628750
4.457704500,-0.995414915
4.458289500,-0.986201079
4.458874500,-0.980987243
4.459459500,-0.979773408
4.460044500,-0.970559572
4.460629500,-0.965345736
4.461214500,-0.964131901
4.461799500,-0.962918065
4.462384500,-0.953704229
4.462969500,-0.952490394
4.463554500,-0.951276558
4.464139500,-0.938062722
4.464724500,-0.936848887
4.465309500,-0.935635051
4.465894500,-0.926421215
4.466479500,-0.925207380
4.467064500,-0.923993544
4.467649500,-0.922779708
4.468234500,-0.913565873
4.468819500,-0.912352037
4.469404500,-0.911138201
4.469989500,-0.901924366
4.470574500,-0.900710530
4.471159500,-0.899496694
4.471744500,-0.890282859
4.472329500,-0.889069023
4.472914500,-0.887855187
4.473499500,-0.890641352
4.474084500,-0.881427516
4.474669500,-0.880213680
4.475254500,-0.878999845
4.475839500,-0.869786009
4.476424500,-0.868572173
4.477009500,-0.867358338
4.477594500,-0.862144502
4.478179500,-0.860930666
4.478764500,-0.859716831
4.479349500,-0.858502995
4.479934500,-0.853289159
4.480519500,-0.852075324
4.481104500,-0.850861488
4.481689500,-0.841647652
4.482274500,-0.840433817
4.482859500,-0.839219981
4.483444500,-0.834006146
4.484029500,-0.832792310
4.484614500,-0.831578474
4.485199500,-0.830364639
4.485784500,-0.825150803
4.486369500,-0.823936967
4.486954500,-0.822723132
4.487539500,-0.813509296
4.488124500,-0.812295460
4.488709500,-0.815081625
4.489294500,-0.805867789
4.489879500,-0.804653953
4.490464500,-0.803440118
4.491049500,-0.794226282
4.491634500,-0.793012446
4.492219500,-0.795798611
4.492804500,-0.794584775
4.493389500,-0.785370939
4.493974500,-0.784157104
4.494559500,-0.782943268
4.495144500,-0.773729432
4.495729500,-0.772515597
4.496314500,-0.771301761
4.496899500,-0.762087925
4.497484500,-0.760874090
4.498069500,-0.759660254
4.498654500,-0.762446418
4.499239500,-0.753232583
4.499824500,-0.752018747
4.500409500,-0.750804911
4.500994500,-0.741591076
4.501579500,-0.740377240
4.502164500,-0.739163404
4.502749500,-0.725949569
4.503334500,-0.724735733
4.503919500,-0.723521897
4.504504500,-0.722308062
4.505089500,-0.713094226
4.505674500,-0.711880390
4.506259500,-0.710666555
4.506844500,-0.701452719
4.507429500,-0.700238884
4.508014500,-0.699025048
4.508599500,-0.689811212
4.509184500,-0.684597377
4.509769500,-0.683383541
4.510354500,-0.682169705
4.510939500,-0.672955870
4.511524500,-0.671742034
4.512109500,-0.670528198
4.512694500,-0.657314363
4.513279500,-0.656100527
4.513864500,-0.654886691
4.514449500,-0.645672856
4.515034500,-0.640459020
4.515619500,-0.639245184
4.516204500,-0.630031349
4.516789500,-0.628817513
4.517374500,-0.627603677
4.517959500,-0.622389842
4.518544500,-0.613176006
4.519129500,-0.611962170
4.519714500,-0.606748335
4.520299500,-0.597534499
4.520884500,-0.596320663
4.521469500,-0.595106828
4.522054500,-0.581892992
4.522639500,-0.580679156
4.523224500,-0.579465321
4.523809500,-0.578251485
4.524394500,-0.565037649
4.524979500,-0.563823814
4.525564500,-0.562609978
4.526149500,-0.553396142
4.526734500,-0.548182307
4.527319500,-0.546968471
4.527904500,-0.537754635
4.528489500,-0.536540800
4.529074500,-0.531326964
4.529659500,-0.530113128
4.530244500,-0.520899293
4.530829500,-0.519685457
4.531414500,-0.518471621
4.531999500,-0.505257786
4.532584500,-0.504043950
4.533169500,-0.502830115
4.533754500,-0.493616279
4.534339500,-0.492402443
4.534924500,-0.491188608
4.535509500,-0.489974772
4.536094500,-0.476760936
4.536679500,-0.475547101
4.537264500,-0.474333265
4.537849500,-0.465119429
4.538434500,-0.463905594
4.539019500,-0.462691758
4.539604500,-0.453477922
4.540189500,-0.452264087
4.540774500,-0.451050251
4.541359500,-0.449836415
4.541944500,-0.440622580
4.542529500,-0.443408744
4.543114500,-0.442194908
4.543699500,-0.432981073
4.544284500,-0.431767237
4.544869500,-0.430553401
4.545454500,-0.421339566
4.546039500,-0.424125730
4.546624500,-0.422911894
4.547209500,-0.413698059
4.547794500,-0.412484223
4.548379500,-0.415270387
4.548964500,-0.414056552
4.549549500,-0.404842716
4.550134600,-0.407630040
4.550719600,-0.406416205
4.551304600,-0.401202369
4.551889600,-0.399988533
4.552474600,-0.398774698
4.553059600,-0.393560862
4.553644600,-0.396347026
4.554229600,-0.395133191
4.554814600,-0.393919355
4.555399600,-0.388705519
4.555984600,-0.391491684
4.556569600,-0.390277848
4.557154600,-0.385064013
4.557739600,-0.387850177
4.558324600,-0.386636341
4.558909600,-0.381422506
4.559494600,-0.384208670
4.560079600,-0.382994834
4.560664600,-0.385780999
4.561249600,-0.380567163
4.561834600,-0.383353327
4.562419600,-0.382139492
4.563004600,-0.376925656
4.563589600,-0.379711820
4.564174600,-0.382497985
4.564759600,-0.377284149
4.565344600,-0.380070313
4.565929600,-0.378856478
4.566514600,-0.381642642
4.567099600,-0.376428806
4.567684600,-0.379214971
4.568269600,-0.382001135
4.568854600,-0.376787299
4.569439600,-0.379573464
4.570024600,-0.378359628
4.570609600,-0.377145792
4.571194600,-0.375931957
4.571779600,-0.378718121
4.572364600,-0.377504285
4.572949600,-0.376290450
4.573534600,-0.379076614
4.574119600,-0.381862778
4.574704600,-0.376648943
4.575289600,-0.379435107
4.575874600,-0.382221271
4.576459600,-0.377007436
4.577044600,-0.379793600
4.577629600,-0.378579764
4.578214600,-0.377365929
4.578799600,-0.380152093
4.579384600,-0.378938257
4.579969600,-0.381724422
4.580554600,-0.376510586
4.581139600,-0.379296750
4.581724600,-0.382082915
4.582309600,-0.376869079
4.582894600,-0.379655244
4.583479600,-0.382441408
4.584064600,-0.377227572
4.584649600,-0.380013737
4.585234600,-0.378799901
4.585819600,-0.381586065
4.586404600,-0.376372230
4.586989600,-0.379158394
4.587574600,-0.381944558
4.588159600,-0.376730723
4.588744600,-0.379516887
4.589329600,-0.378303051
4.589914600,-0.377089216
4.590499600,-0.375875380
4.591084600,-0.378661544
4.591669600,-0.381447709
4.592254600,-0.376233873
4.592839600,-0.379020037
4.593424600,-0.377806202
4.594009600,-0.376592366
4.594594600,-0.375378530
4.595179600,-0.378164695
4.595764600,-0.372950859
4.596349600,-0.375737023
4.596934600,-0.378523188
4.597519600,-0.373309352
4.598104600,-0.376095516
4.598689600,-0.374881681
4.599274600,-0.377667845
4.599859600,-0.376454009
4.600444600,-0.375240174
4.601029600,-0.378026338
4.601614600,-0.372812502
4.602199600,-0.375598667
4.602784600,-0.378384831
4.603369600,-0.373170995
4.603954600,-0.375957160
4.604539600,-0.378743324
4.605124600,-0.381529488
4.605709600,-0.376315653
4.606294600,-0.379101817
4.606879600,-0.381887981
4.607464600,-0.376674146
4.608049600,-0.379460310
4.608634600,-0.382246475
4.609219600,-0.381032639
4.609804600,-0.379818803
4.610389600,-0.382604968
4.610974600,-0.385391132
4.611559600,-0.384177296
4.612144600,-0.386963461
4.612729600,-0.389749625
4.613314600,-0.388535789
4.613899600,-0.387321954
4.614484600,-0.390108118
4.615069600,-0.388894282
4.615654600,-0.391680447
4.616239600,-0.394466611
4.616824600,-0.397252775
4.617409600,-0.396038940
4.617994600,-0.398825104
4.618579600,-0.401611268
4.619164600,-0.404397433
4.619749600,-0.407183597
4.620334600,-0.409969761
4.620919600,-0.408755926
4.621504600,-0.411542090
4.622089600,-0.414328254
4.622674600,-0.417114419
4.623259600,-0.419900583
4.623844600,-0.422686747
4.624429600,-0.425472912
4.625014600,-0.424259076
4.625599600,-0.431045240
4.626184600,-0.433831405
4.626769600,-0.432617569
4.627354600,-0.439403733
4.627939600,-0.442189898
4.628524600,-0.440976062
4.629109600,-0.447762226
4.629694600,-0.450548391
4.630279600,-0.453334555
4.630864600,-0.456120719
4.631449600,-0.458906884
4.632034600,-0.461693048
4.632619600,-0.464479213
4.633204600,-0.467265377
4.633789600,-0.474051541
4.634374600,-0.472837706
4.634959600,-0.479623870
4.635544600,-0.482410034
4.636129600,-0.485196199
4.636714600,-0.487982363
4.637299600,-0.490768527
4.637884600,-0.497554692
4.638469600,-0.496340856
4.639054600,-0.499127020
4.639639600,-0.505913185
4.640224600,-0.504699349
4.640809600,-0.511485513
4.641394600,-0.514271678
4.641979600,-0.517057842
4.642564600,-0.519844006
4.643149600,-0.522630171
4.643734600,-0.525416335
4.644319600,-0.528202499
4.644904600,-0.530988664
4.645489600,-0.533774828
4.646074600,-0.532560992
4.646659600,-0.535347157
4.647244600,-0.538133321
4.647829600,-0.544919485
4.648414600,-0.543705650
4.648999600,-0.546491814
4.649584600,-0.549277978
4.650169700,-0.548065303
4.650754700,-0.550851467
4.651339700,-0.553637631
4.651924700,-0.552423796
4.652509700,-0.555209960
4.653094700,-0.553996124
4.653679700,-0.552782289
4.654264700,-0.555568453
4.654849700,-0.558354617
4.655434700,-0.561140782
4.656019700,-0.555926946
4.656604700,-0.558713111
4.657189700,-0.561499275
4.657774700,-0.556285439
4.658359700,-0.559071604
4.658944700,-0.557857768
4.659529700,-0.556643932
4.660114700,-0.555430097
4.660699700,-0.558216261
4.661284700,-0.557002425
4.661869700,-0.551788590
4.662454700,-0.554574754
4.663039700,-0.553360918
4.663624700,-0.548147083
4.664209700,-0.550933247
4.664794700,-0.549719411
4.665379700,-0.544505576
4.665964700,-0.543291740
4.666549700,-0.546077904
4.667134700,-0.544864069
4.667719700,-0.539650233
4.668304700,-0.538436397
4.668889700,-0.541222562
4.669474700,-0.532008726
4.670059700,-0.530794890
4.670644700,-0.533581055
4.671229700,-0.524367219
4.671814700,-0.527153383
4.672399700,-0.525939548
4.672984700,-0.524725712
4.673569700,-0.519511876
4.674154700,-0.518298041
4.674739700,-0.517084205
4.675324700,-0.507870369
4.675909700,-0.510656534
4.676494700,-0.509442698
4.677079700,-0.500228862
4.677664700,-0.499015027
4.678249700,-0.501801191
4.678834700,-0.500587355
4.679419700,-0.491373520
4.680004700,-0.490159684
4.680589700,-0.488945848
4.681174700,-0.483732013
4.681759700,-0.482518177
4.682344700,-0.481304342
4.682929700,-0.472090506
4.683514700,-0.474876670
4.684099700,-0.473662835
4.684684700,-0.464448999
4.685269700,-0.463235163
4.685854700,-0.462021328
4.686439700,-0.460807492
4.687024700,-0.455593656
4.687609700,-0.454379821
4.688194700,-0.453165985
4.688779700,-0.443952149
4.689364700,-0.442738314
4.689949700,-0.445524478
4.690534700,-0.436310642
4.691119700,-0.435096807
4.691704700,-0.433882971
4.692289700,-0.432669135
4.692874700,-0.423455300
4.693459700,-0.422241464
4.694044700,-0.425027628
4.694629700,-0.415813793
4.695214700,-0.414599957
4.695799700,-0.413386121
4.696384700,-0.404172286
4.696969700,-0.402958450
4.697554700,-0.401744614
4.698139700,-0.400530779
4.698724700,-0.391316943
4.699309700,-0.390103107
4.699894700,-0.388889272
4.700479700,-0.379675436
4.701064700,-0.378461600
4.701649700,-0.377247765
4.702234700,-0.368033929
4.702819700,-0.366820093
4.703404700,-0.365606258
4.703989700,-0.364392422
4.704574700,-0.355178586
4.705159700,-0.353964751
4.705744700,-0.352750915
4.706329700,-0.343537079
4.706914700,-0.342323244
4.707499700,-0.337109408
4.708084700,-0.327895573
4.708669700,-0.326681737
4.709254700,-0.325467901
4.709839700,-0.316254066
4.710424700,-0.311040230
4.711009700,-0.309826394
4.711594700,-0.308612559
4.712179700,-0.299398723
4.712764700,-0.294184887
4.713349700,-0.292971052
4.713934700,-0.283757216
4.714519700,-0.278543380
4.715104700,-0.277329545
4.715689700,-0.268115709
4.716274700,-0.262901873
4.716859700,-0.261688038
4.717444700,-0.260474202
4.718029700,-0.247260366
4.718614700,-0.246046531
4.719199700,-0.240832695
4.719784700,-0.231618859
4.720369700,-0.226405024
4.720954700,-0.225191188
4.721539700,-0.211977352
4.722124700,-0.210763517
4.722709700,-0.205549681
4.723294700,-0.204335845
4.723879700,-0.191122010
4.724464700,-0.189908174
4.725049700,-0.184694338
4.725634700,-0.175480503
4.726219700,-0.170266667
4.726804700,-0.169052831
4.727389700,-0.155838996
4.727974700,-0.150625160
4.728559700,-0.149411324
4.729144700,-0.148197489
4.729729700,-0.134983653
4.730314700,-0.129769817
4.730899700,-0.128555982
4.731484700,-0.115342146
4.732069700,-0.110128310
4.732654700,-0.108914475
4.733239700,-0.095700639
4.733824700,-0.090486804
4.734409700,-0.089272968
4.734994700,-0.076059132
4.735579700,-0.074845297
4.736164700,-0.069631461
4.736749700,-0.068417625
4.737334700,-0.055203790
4.737919700,-0.049989954
4.738504700,-0.048776118
4.739089700,-0.035562283
4.739674700,-0.034348447
4.740259700,-0.029134611
4.740844700,-0.015920776
4.741429700,-0.014706940
4.742014700,-0.009493104
4.742599700,-0.008279269
4.743184700,0.004934567
4.743769700,0.006148403
4.744354700,0.011362238
4.744939700,0.024576074
4.745524700,0.025789910
4.746109700,0.027003745
4.746694700,0.040217581
4.747279700,0.045431417
4.747864700,0.046645252
4.748449700,0.047859088
4.749034700,0.061072924
4.749619700,0.062286759
4.750204800,0.067499435
4.750789800,0.076713271
4.751374800,0.081927106
4.751959800,0.083140942
4.752544800,0.092354778
4.753129800,0.097568613
4.753714800,0.098782449
4.754299800,0.099996285
4.754884800,0.113210120
4.755469800,0.114423956
4.756054800,0.115637791
4.756639800,0.128851627
4.757224800,0.130065463
4.757809800,0.131279298
4.758394800,0.144493134
4.758979800,0.145706970
4.759564800,0.146920805
4.760149800,0.148134641
4.760734800,0.157348477
4.761319800,0.162562312
4.761904800,0.163776148
4.762489800,0.172989984
4.763074800,0.174203819
4.763659800,0.175417655
4.764244800,0.184631491
4.764829800,0.185845326
4.765414800,0.191059162
4.765999800,0.200272998
4.766584800,0.201486833
4.767169800,0.202700669
4.767754800,0.203914505
4.768339800,0.213128340
4.768924800,0.214342176
4.769509800,0.215556012
4.770094800,0.224769847
4.770679800,0.225983683
4.771264800,0.227197519
4.771849800,0.236411354
4.772434800,0.237625190
4.773019800,0.238839026
4.773604800,0.240052861
4.774189800,0.249266697
4.774774800,0.250480533
4.775359800,0.247694368
4.775944800,0.256908204
4.776529800,0.258122040
4.777114800,0.259335875
4.777699800,0.268549711
4.778284800,0.269763547
4.778869800,0.270977382
4.779454800,0.268191218
4.780039800,0.277405054
4.780624800,0.278618889
4.781209800,0.279832725
4.781794800,0.285046560
4.782379800,0.286260396
4.782964800,0.287474232
4.783549800,0.296688067
4.784134800,0.293901903
4.784719800,0.295115739
4.785304800,0.296329574
4.785889800,0.305543410
4.786474800,0.302757246
4.787059800,0.303971081
4.787644800,0.309184917
4.788229800,0.310398753
4.788814800,0.311612588
4.789399800,0.316826424
4.789984800,0.318040260
4.790569800,0.315254095
4.791154800,0.324467931
4.791739800,0.321681767
4.792324800,0.322895602
4.792909800,0.324109438
4.793494800,0.329323274
4.794079800,0.326537109
4.794664800,0.327750945
4.795249800,0.332964781
4.795834800,0.334178616
4.796419800,0.331392452
4.797004800,0.336606288
4.797589800,0.337820123
4.798174800,0.339033959
4.798759800,0.336247795
4.799344800,0.341461630
4.799929800,0.342675466
4.800514800,0.339889302
4.801099800,0.345103137
4.801684800,0.346316973
4.802269800,0.343530809
4.802854800,0.348744644
4.803439800,0.349958480
4.804024800,0.347172316
4.804609800,0.344386151
4.805194800,0.349599987
4.805779800,0.350813823
4.806364800,0.348027658
4.806949800,0.353241494
4.807534800,0.354455329
4.808119800,0.351669165
4.808704800,0.356883001
4.809289800,0.354096836
4.809874800,0.355310672
4.810459800,0.352524508
4.811044800,0.357738343
4.811629800,0.358952179
4.812214800,0.356166015
4.812799800,0.361379850
4.813384800,0.358593686
4.813969800,0.359807522
4.814554800,0.365021357
4.815139800,0.362235193
4.815724800,0.363449029
4.816309800,0.364662864
4.816894800,0.365876700
4.817479800,0.363090536
4.818064800,0.364304371
4.818649800,0.369518207
4.819234800,0.366732043
4.819819800,0.367945878
4.820404800,0.373159714
4.820989800,0.370373550
4.821574800,0.367587385
4.822159800,0.372801221
4.822744800,0.374015057
4.823329800,0.371228892
4.823914800,0.372442728
4.824499800,0.377656564
4.825084800,0.374870399
4.825669800,0.376084235
4.826254800,0.381298071
4.826839800,0.378511906
4.827424800,0.375725742
4.828009800,0.380939578
4.828594800,0.382153413
4.829179800,0.379367249
4.829764800,0.380581085
4.830349800,0.385794920
4.830934800,0.383008756
4.831519800,0.384222592
4.832104800,0.389436427
4.832689800,0.390650263
4.833274800,0.387864098
4.833859800,0.397077934
4.834444800,0.398291770
4.835029800,0.395505605
4.835614800,0.396719441
4.836199800,0.405933277
4.836784800,0.411147112
4.837369800,0.412360948
4.837954800,0.421574784
4.838539800,0.426788619
4.839124800,0.428002455
4.839709800,0.445216291
4.840294800,0.446430126
4.840879800,0.451643962
4.841464800,0.456857798
4.842049800,0.478071633
4.842634800,0.483285469
4.843219800,0.488499305
4.843804800,0.513713140
4.844389800,0.518926976
4.844974800,0.528140812
4.845559800,0.557354647
4.846144800,0.566568483
4.846729800,0.579782319
4.847314800,0.564996154
4.847899800,0.422209990
4.848484800,0.347423826
4.849069800,0.272637661
4.849654800,0.129851497
4.850239900,0.055064173
4.850824900,-0.019721992
4.851409900,-0.162508156
4.851994900,-0.237294320
4.852579900,-0.312080485
4.853164900,-0.382866649
4.853749900,-0.525652813
4.854334900,-0.596438978
4.854919900,-0.671225142
4.855504900,-0.806011307
4.856089900,-0.876797471
4.856674900,-0.947583635
4.857259900,-1.082369800
4.857844900,-1.153155964
4.858429900,-1.223942128
4.859014900,-1.294728293
4.859599900,-1.425514457
4.860184900,-1.492300621
4.860769900,-1.563086786
4.861354900,-1.689872950
4.861939900,-1.760659114
4.862524900,-1.827445279
4.863109900,-1.950231443
4.863694900,-2.017017607
4.864279900,-2.083803772
4.864864900,-2.146589936
4.865449900,-2.269376100
4.866034900,-2.336162265
4.866619900,-2.398948429
4.867204900,-2.517734593
4.867789900,-2.576520758
4.868374900,-2.639306922
4.868959900,-2.754093086
4.869544900,-2.812879251
4.870129900,-2.871665415
4.870714900,-2.982451579
4.871299900,-3.041237744
4.871884900,-3.096023908
4.872469900,-3.150810072
4.873054900,-3.253596237
4.873639900,-3.308382401
4.874224900,-3.363168565
4.874809900,-3.457954730
4.875394900,-3.508740894
4.875979900,-3.559527058
4.876564900,-3.650313223
4.877149900,-3.697099387
4.877734900,-3.743885551
4.878319900,-3.790671716
4.878904900,-3.873457880
4.879489900,-3.916244044
4.880074900,-3.959030209
4.880659900,-4.033816373
4.881244900,-4.072602538
4.881829900,-4.111388702
4.882414900,-4.178174866
4.882999900,-4.212961031
4.883584900,-4.247747195
4.884169900,-4.282533359
4.884754900,-4.337319524
4.885339900,-4.368105688
4.885924900,-4.398891852
4.886509900,-4.445678017
4.887094900,-4.472464181
4.887679900,-4.499250345
4.888264900,-4.538036510
4.888849900,-4.560822674
4.889434900,-4.579608838
4.890019900,-4.602395003
4.890604900,-4.629181167
4.891189900,-4.647967331
4.891774900,-4.662753496
4.892359900,-4.685539660
4.892944900,-4.700325824
4.893529900,-4.711111989
4.894114900,-4.725898153
4.894699900,-4.736684317
4.895284900,-4.747470482
4.895869900,-4.754256646
4.896454900,-4.765042810
4.897039900,-4.771828975
4.897624900,-4.774615139
4.898209900,-4.781401303
4.898794900,-4.784187468
4.899379900,-4.786973632
4.899964900,-4.789759796
4.900549900,-4.792545961
4.901134900,-4.795332125
4.901719900,-4.794118289
4.902304900,-4.796904454
4.902889900,-4.799690618
4.903474900,-4.798476782
4.904059900,-4.797262947
4.904644900,-4.800049111
4.905229900,-4.802835275
4.905814900,-4.801621440
4.906399900,-4.804407604
4.906984900,-4.807193769
4.907569900,-4.809979933
4.908154900,-4.812766097
4.908739900,-4.815552262
4.909324900,-4.822338426
4.909909900,-4.829124590
4.910494900,-4.835910755
4.911079900,-4.842696919
4.911664900,-4.849483083
4.912249900,-4.860269248
4.912834900,-4.871055412
4.913419900,-4.885841576
4.914004900,-4.896627741
4.914589900,-4.907413905
4.915174900,-4.922200069
4.915759900,-4.944986234
4.916344900,-4.959772398
4.916929900,-4.974558562
4.917514900,-5.005344727
4.918099900,-5.024130891
4.918684900,-5.042917055
4.919269900,-5.077703220
4.919854900,-5.100489384
4.920439900,-5.123275548
4.921024900,-5.146061713
4.921609900,-5.188847877
4.922194900,-5.215634041
4.922779900,-5.238420206
4.923364900,-5.289206370
4.923949900,-5.315992534
4.924534900,-5.342778699
4.925119900,-5.393564863
4.925704900,-5.424351027
4.926289900,-5.455137192
4.926874900,-5.509923356
4.927459900,-5.540709520
4.928044900,-5.571495685
4.928629900,-5.602281849
4.929214900,-5.657068013
4.929799900,-5.687854178
4.930384900,-5.718640342
4.930969900,-5.773426506
4.931554900,-5.804212671
4.932139900,-5.834998835
4.932724900,-5.889785000
4.933309900,-5.916571164
4.933894900,-5.947357328
4.934479900,-5.974143493
4.935064900,-6.024929657
4.935649900,-6.051715821
4.936234900,-6.074501986
4.936819900,-6.117288150
4.937404900,-6.140074314
4.937989900,-6.162860479
4.938574900,-6.197646643
4.939159900,-6.216432807
4.939744900,-6.235218972
4.940329900,-6.250005136
4.940914900,-6.276791300
4.941499900,-6.287577465
4.942084900,-6.302363629
4.942669900,-6.313149793
4.943254900,-6.319935958
4.943839900,-6.326722122
4.944424900,-6.329508286
4.945009900,-6.332294451
4.945594900,-6.335080615
4.946179900,-6.333866779
4.946764900,-6.320652944
4.947349900,-6.315439108
4.947934900,-6.306225272
4.948519900,-6.285011437
4.949104900,-6.271797601
4.949689900,-6.258583765
4.950275000,-6.225371090
4.950860000,-6.208157254
4.951445000,-6.190943418
4.952030000,-6.169729583
4.952615000,-6.120515747
4.953200000,-6.099301911
4.953785000,-6.074088076
4.954370000,-6.012874240
4.954955000,-5.987660404
4.955540000,-5.958446569
4.956125000,-5.889232733
4.956710000,-5.856018898
4.957295000,-5.822805062
4.957880000,-5.745591226
4.958465000,-5.708377391
4.959050000,-5.671163555
4.959635000,-5.633949719
4.960220000,-5.548735884
4.960805000,-5.507522048
4.961390000,-5.466308212
4.961975000,-5.377094377
4.962560000,-5.335880541
4.963145000,-5.290666705
4.963730000,-5.197452870
4.964315000,-5.152239034
4.964900000,-5.107025198
4.965485000,-5.061811363
4.966070000,-4.964597527
4.966655000,-4.919383691
4.967240000,-4.874169856
4.967825000,-4.772956020
4.968410000,-4.727742184
4.968995000,-4.682528349
4.969580000,-4.581314513
4.970165000,-4.536100677
4.970750000,-4.490886842
4.971335000,-4.441673006
4.971920000,-4.344459170
4.972505000,-4.299245335
4.973090000,-4.250031499
4.973675000,-4.152817663
4.974260000,-4.107603828
4.974845000,-4.062389992
4.975430000,-3.961176156
4.976015000,-3.915962321
4.976600000,-3.870748485
4.977185000,-3.825534649
4.977770000,-3.728320814
4.978355000,-3.683106978
4.978940000,-3.637893142
4.979525000,-3.540679307
4.980110000,-3.495465471
4.980695000,-3.450251635
4.981280000,-3.353037800
4.981865000,-3.307823964
4.982450000,-3.262610129
4.983035000,-3.165396293
4.983620000,-3.116182457
4.984205000,-3.070968622
4.984790000,-3.025754786
4.985375000,-2.928540950
4.985960000,-2.879327115
4.986545000,-2.834113279
4.987130000,-2.736899443
4.987715000,-2.687685608
4.988300000,-2.642471772
4.988885000,-2.541257936
4.989470000,-2.492044101
4.990055000,-2.442830265
4.990640000,-2.397616429
4.991225000,-2.292402594
4.991810000,-2.243188758
4.992395000,-2.193974922
4.992980000,-2.084761087
4.993565000,-2.035547251
4.994150000,-1.986333415
4.994735000,-1.877119580
4.995320000,-1.823905744
4.995905000,-1.770691908
4.996490000,-1.717478073
4.997075000,-1.604264237
4.997660000,-1.551050401
4.998245000,-1.497836566
4.998830000,-1.380622730
4.999415000,-1.327408894
5.000000000,-1.270195059
